{"type": "FeatureCollection", "features": [{"type": "Feature", "id": 6193, "geometry": {"type": "Point", "coordinates": [-79.8461000554368, 38.9167001644776]}, "properties": {"OBJECTID": 6193, "npdes_pfid": "WV0020028C002", "npdes_id": "WV0020028", "permitting_state": "WV", "agency_type_code": "ST6", "facility_uin": "110011745059", "facility_name": "ELKINS CITY OF", "location_address": "5 RIVERBEND RD", "supplemental_address_text": "", "facility_city": "ELKINS", "county_code": "WV083", "state_code": "WV", "epa_region_code": "03", "facility_type_code": "MWD", "facility_lat": 38.92, "facility_lon": -79.8644, "permit_name": "ELKINS, CITY OF", "version_nmbr": 0, "permit_type_code": "NPD", "effective_date": 1659312000000, "expiration_date": 1813622400000, "permit_status_code": "EFF", "facility_type_indicator": "POTW", "major_minor_status_flag": "M", "permit_tracking": "Y", "pt_start_date": 1659312000000, "dmr_tracking": "Y", "dmr_nr_start_date": 1659312000000, "permit_design_flow": 4.99, "permit_avg_flow": null, "perm_feature_nmbr": "C002", "perm_feature_text": "", "pf_lat": 38.9167, "pf_lon": -79.8461, "pf_character": "CSO", "perm_feature_type_code": "EXO", "pf_state_waterbody_name": "Tygart Valley River/Monongahela River", "pf_state_auto_name": "", "pf_reach_id": "", "in_icis": "YES", "echo_dfr_link": "https://echo.epa.gov/detailed-facility-report?fid=110011745059", "name": "ELKINS CITY OF", "feature_kind": "CSO outfall"}}, {"type": "Feature", "id": 6194, "geometry": {"type": "Point", "coordinates": [-79.8414000698703, 38.9344000925159]}, "properties": {"OBJECTID": 6194, "npdes_pfid": "WV0020028C003", "npdes_id": "WV0020028", "permitting_state": "WV", "agency_type_code": "ST6", "facility_uin": "110011745059", "facility_name": "ELKINS CITY OF", "location_address": "5 RIVERBEND RD", "supplemental_address_text": "", "facility_city": "ELKINS", "county_code": "WV083", "state_code": "WV", "epa_region_code": "03", "facility_type_code": "MWD", "facility_lat": 38.92, "facility_lon": -79.8644, "permit_name": "ELKINS, CITY OF", "version_nmbr": 0, "permit_type_code": "NPD", "effective_date": 1659312000000, "expiration_date": 1813622400000, "permit_status_code": "EFF", "facility_type_indicator": "POTW", "major_minor_status_flag": "M", "permit_tracking": "Y", "pt_start_date": 1659312000000, "dmr_tracking": "Y", "dmr_nr_start_date": 1659312000000, "permit_design_flow": 4.99, "permit_avg_flow": null, "perm_feature_nmbr": "C003", "perm_feature_text": "", "pf_lat": 38.9344, "pf_lon": -79.8414, "pf_character": "CSO", "perm_feature_type_code": "EXO", "pf_state_waterbody_name": "Tygart Valley River/Monongahela River", "pf_state_auto_name": "", "pf_reach_id": "", "in_icis": "YES", "echo_dfr_link": "https://echo.epa.gov/detailed-facility-report?fid=110011745059", "name": "ELKINS CITY OF", "feature_kind": "CSO outfall"}}, {"type": "Feature", "id": 6195, "geometry": {"type": "Point", "coordinates": [-79.8468995560397, 38.9231000993194]}, "properties": {"OBJECTID": 6195, "npdes_pfid": "WV0020028C004", "npdes_id": "WV0020028", "permitting_state": "WV", "agency_type_code": "ST6", "facility_uin": "110011745059", "facility_name": "ELKINS CITY OF", "location_address": "5 RIVERBEND RD", "supplemental_address_text": "", "facility_city": "ELKINS", "county_code": "WV083", "state_code": "WV", "epa_region_code": "03", "facility_type_code": "MWD", "facility_lat": 38.92, "facility_lon": -79.8644, "permit_name": "ELKINS, CITY OF", "version_nmbr": 0, "permit_type_code": "NPD", "effective_date": 1659312000000, "expiration_date": 1813622400000, "permit_status_code": "EFF", "facility_type_indicator": "POTW", "major_minor_status_flag": "M", "permit_tracking": "Y", "pt_start_date": 1659312000000, "dmr_tracking": "Y", "dmr_nr_start_date": 1659312000000, "permit_design_flow": 4.99, "permit_avg_flow": null, "perm_feature_nmbr": "C004", "perm_feature_text": "", "pf_lat": 38.9231, "pf_lon": -79.8469, "pf_character": "CSO", "perm_feature_type_code": "EXO", "pf_state_waterbody_name": "Tygart Valley River/Monongahela River", "pf_state_auto_name": "", "pf_reach_id": "", "in_icis": "YES", "echo_dfr_link": "https://echo.epa.gov/detailed-facility-report?fid=110011745059", "name": "ELKINS CITY OF", "feature_kind": "CSO outfall"}}, {"type": "Feature", "id": 6196, "geometry": {"type": "Point", "coordinates": [-79.8483000295676, 38.9235997969205]}, "properties": {"OBJECTID": 6196, "npdes_pfid": "WV0020028C005", "npdes_id": "WV0020028", "permitting_state": "WV", "agency_type_code": "ST6", "facility_uin": "110011745059", "facility_name": "ELKINS CITY OF", "location_address": "5 RIVERBEND RD", "supplemental_address_text": "", "facility_city": "ELKINS", "county_code": "WV083", "state_code": "WV", "epa_region_code": "03", "facility_type_code": "MWD", "facility_lat": 38.92, "facility_lon": -79.8644, "permit_name": "ELKINS, CITY OF", "version_nmbr": 0, "permit_type_code": "NPD", "effective_date": 1659312000000, "expiration_date": 1813622400000, "permit_status_code": "EFF", "facility_type_indicator": "POTW", "major_minor_status_flag": "M", "permit_tracking": "Y", "pt_start_date": 1659312000000, "dmr_tracking": "Y", "dmr_nr_start_date": 1659312000000, "permit_design_flow": 4.99, "permit_avg_flow": null, "perm_feature_nmbr": "C005", "perm_feature_text": "", "pf_lat": 38.9236, "pf_lon": -79.8483, "pf_character": "CSO", "perm_feature_type_code": "EXO", "pf_state_waterbody_name": "Tygart Valley River/Monongahela River", "pf_state_auto_name": "", "pf_reach_id": "", "in_icis": "YES", "echo_dfr_link": "https://echo.epa.gov/detailed-facility-report?fid=110011745059", "name": "ELKINS CITY OF", "feature_kind": "CSO outfall"}}, {"type": "Feature", "id": 6197, "geometry": {"type": "Point", "coordinates": [-79.8496996047803, 38.9244000046293]}, "properties": {"OBJECTID": 6197, "npdes_pfid": "WV0020028C006", "npdes_id": "WV0020028", "permitting_state": "WV", "agency_type_code": "ST6", "facility_uin": "110011745059", "facility_name": "ELKINS CITY OF", "location_address": "5 RIVERBEND RD", "supplemental_address_text": "", "facility_city": "ELKINS", "county_code": "WV083", "state_code": "WV", "epa_region_code": "03", "facility_type_code": "MWD", "facility_lat": 38.92, "facility_lon": -79.8644, "permit_name": "ELKINS, CITY OF", "version_nmbr": 0, "permit_type_code": "NPD", "effective_date": 1659312000000, "expiration_date": 1813622400000, "permit_status_code": "EFF", "facility_type_indicator": "POTW", "major_minor_status_flag": "M", "permit_tracking": "Y", "pt_start_date": 1659312000000, "dmr_tracking": "Y", "dmr_nr_start_date": 1659312000000, "permit_design_flow": 4.99, "permit_avg_flow": null, "perm_feature_nmbr": "C006", "perm_feature_text": "", "pf_lat": 38.9244, "pf_lon": -79.8497, "pf_character": "CSO", "perm_feature_type_code": "EXO", "pf_state_waterbody_name": "Tygart Valley River/Monongahela River", "pf_state_auto_name": "", "pf_reach_id": "", "in_icis": "YES", "echo_dfr_link": "https://echo.epa.gov/detailed-facility-report?fid=110011745059", "name": "ELKINS CITY OF", "feature_kind": "CSO outfall"}}, {"type": "Feature", "id": 6198, "geometry": {"type": "Point", "coordinates": [-79.851700152918, 38.9244000046293]}, "properties": {"OBJECTID": 6198, "npdes_pfid": "WV0020028C007", "npdes_id": "WV0020028", "permitting_state": "WV", "agency_type_code": "ST6", "facility_uin": "110011745059", "facility_name": "ELKINS CITY OF", "location_address": "5 RIVERBEND RD", "supplemental_address_text": "", "facility_city": "ELKINS", "county_code": "WV083", "state_code": "WV", "epa_region_code": "03", "facility_type_code": "MWD", "facility_lat": 38.92, "facility_lon": -79.8644, "permit_name": "ELKINS, CITY OF", "version_nmbr": 0, "permit_type_code": "NPD", "effective_date": 1659312000000, "expiration_date": 1813622400000, "permit_status_code": "EFF", "facility_type_indicator": "POTW", "major_minor_status_flag": "M", "permit_tracking": "Y", "pt_start_date": 1659312000000, "dmr_tracking": "Y", "dmr_nr_start_date": 1659312000000, "permit_design_flow": 4.99, "permit_avg_flow": null, "perm_feature_nmbr": "C007", "perm_feature_text": "", "pf_lat": 38.9244, "pf_lon": -79.8517, "pf_character": "CSO", "perm_feature_type_code": "EXO", "pf_state_waterbody_name": "Tygart Valley River/Monongahela River", "pf_state_auto_name": "", "pf_reach_id": "", "in_icis": "YES", "echo_dfr_link": "https://echo.epa.gov/detailed-facility-report?fid=110011745059", "name": "ELKINS CITY OF", "feature_kind": "CSO outfall"}}, {"type": "Feature", "id": 6199, "geometry": {"type": "Point", "coordinates": [-79.8577997136972, 38.9255999498417]}, "properties": {"OBJECTID": 6199, "npdes_pfid": "WV0020028C008", "npdes_id": "WV0020028", "permitting_state": "WV", "agency_type_code": "ST6", "facility_uin": "110011745059", "facility_name": "ELKINS CITY OF", "location_address": "5 RIVERBEND RD", "supplemental_address_text": "", "facility_city": "ELKINS", "county_code": "WV083", "state_code": "WV", "epa_region_code": "03", "facility_type_code": "MWD", "facility_lat": 38.92, "facility_lon": -79.8644, "permit_name": "ELKINS, CITY OF", "version_nmbr": 0, "permit_type_code": "NPD", "effective_date": 1659312000000, "expiration_date": 1813622400000, "permit_status_code": "EFF", "facility_type_indicator": "POTW", "major_minor_status_flag": "M", "permit_tracking": "Y", "pt_start_date": 1659312000000, "dmr_tracking": "Y", "dmr_nr_start_date": 1659312000000, "permit_design_flow": 4.99, "permit_avg_flow": null, "perm_feature_nmbr": "C008", "perm_feature_text": "", "pf_lat": 38.9256, "pf_lon": -79.8578, "pf_character": "CSO", "perm_feature_type_code": "EXO", "pf_state_waterbody_name": "Tygart Valley River/Monongahela River", "pf_state_auto_name": "", "pf_reach_id": "", "in_icis": "YES", "echo_dfr_link": "https://echo.epa.gov/detailed-facility-report?fid=110011745059", "name": "ELKINS CITY OF", "feature_kind": "CSO outfall"}}, {"type": "Feature", "id": 6200, "geometry": {"type": "Point", "coordinates": [-79.859999687828, 38.9438999181397]}, "properties": {"OBJECTID": 6200, "npdes_pfid": "WV0020028C009", "npdes_id": "WV0020028", "permitting_state": "WV", "agency_type_code": "ST6", "facility_uin": "110011745059", "facility_name": "ELKINS CITY OF", "location_address": "5 RIVERBEND RD", "supplemental_address_text": "", "facility_city": "ELKINS", "county_code": "WV083", "state_code": "WV", "epa_region_code": "03", "facility_type_code": "MWD", "facility_lat": 38.92, "facility_lon": -79.8644, "permit_name": "ELKINS, CITY OF", "version_nmbr": 0, "permit_type_code": "NPD", "effective_date": 1659312000000, "expiration_date": 1813622400000, "permit_status_code": "EFF", "facility_type_indicator": "POTW", "major_minor_status_flag": "M", "permit_tracking": "Y", "pt_start_date": 1659312000000, "dmr_tracking": "Y", "dmr_nr_start_date": 1659312000000, "permit_design_flow": 4.99, "permit_avg_flow": null, "perm_feature_nmbr": "C009", "perm_feature_text": "", "pf_lat": 38.9439, "pf_lon": -79.86, "pf_character": "CSO", "perm_feature_type_code": "EXO", "pf_state_waterbody_name": "Craven Run/Leading Creek/Tygart Valley River/Monog", "pf_state_auto_name": "", "pf_reach_id": "", "in_icis": "YES", "echo_dfr_link": "https://echo.epa.gov/detailed-facility-report?fid=110011745059", "name": "ELKINS CITY OF", "feature_kind": "CSO outfall"}}, {"type": "Feature", "id": 6201, "geometry": {"type": "Point", "coordinates": [-79.8721997077016, 38.9264001349904]}, "properties": {"OBJECTID": 6201, "npdes_pfid": "WV0020028C011", "npdes_id": "WV0020028", "permitting_state": "WV", "agency_type_code": "ST6", "facility_uin": "110011745059", "facility_name": "ELKINS CITY OF", "location_address": "5 RIVERBEND RD", "supplemental_address_text": "", "facility_city": "ELKINS", "county_code": "WV083", "state_code": "WV", "epa_region_code": "03", "facility_type_code": "MWD", "facility_lat": 38.92, "facility_lon": -79.8644, "permit_name": "ELKINS, CITY OF", "version_nmbr": 0, "permit_type_code": "NPD", "effective_date": 1659312000000, "expiration_date": 1813622400000, "permit_status_code": "EFF", "facility_type_indicator": "POTW", "major_minor_status_flag": "M", "permit_tracking": "Y", "pt_start_date": 1659312000000, "dmr_tracking": "Y", "dmr_nr_start_date": 1659312000000, "permit_design_flow": 4.99, "permit_avg_flow": null, "perm_feature_nmbr": "C011", "perm_feature_text": "", "pf_lat": 38.9264, "pf_lon": -79.8722, "pf_character": "CSO", "perm_feature_type_code": "EXO", "pf_state_waterbody_name": "Tygart Valley River/Monongahela River", "pf_state_auto_name": "", "pf_reach_id": "", "in_icis": "YES", "echo_dfr_link": "https://echo.epa.gov/detailed-facility-report?fid=110011745059", "name": "ELKINS CITY OF", "feature_kind": "CSO outfall"}}, {"type": "Feature", "id": 6202, "geometry": {"type": "Point", "coordinates": [-79.850599716695, 38.9231000993194]}, "properties": {"OBJECTID": 6202, "npdes_pfid": "WV0020028C016", "npdes_id": "WV0020028", "permitting_state": "WV", "agency_type_code": "ST6", "facility_uin": "110011745059", "facility_name": "ELKINS CITY OF", "location_address": "5 RIVERBEND RD", "supplemental_address_text": "", "facility_city": "ELKINS", "county_code": "WV083", "state_code": "WV", "epa_region_code": "03", "facility_type_code": "MWD", "facility_lat": 38.92, "facility_lon": -79.8644, "permit_name": "ELKINS, CITY OF", "version_nmbr": 0, "permit_type_code": "NPD", "effective_date": 1659312000000, "expiration_date": 1813622400000, "permit_status_code": "EFF", "facility_type_indicator": "POTW", "major_minor_status_flag": "M", "permit_tracking": "Y", "pt_start_date": 1659312000000, "dmr_tracking": "Y", "dmr_nr_start_date": 1659312000000, "permit_design_flow": 4.99, "permit_avg_flow": null, "perm_feature_nmbr": "C016", "perm_feature_text": "", "pf_lat": 38.9231, "pf_lon": -79.8506, "pf_character": "CSO", "perm_feature_type_code": "EXO", "pf_state_waterbody_name": "Tygart Valley River/Monongahela River", "pf_state_auto_name": "", "pf_reach_id": "", "in_icis": "YES", "echo_dfr_link": "https://echo.epa.gov/detailed-facility-report?fid=110011745059", "name": "ELKINS CITY OF", "feature_kind": "CSO outfall"}}, {"type": "Feature", "id": 6203, "geometry": {"type": "Point", "coordinates": [-79.8492001414823, 38.9228002790694]}, "properties": {"OBJECTID": 6203, "npdes_pfid": "WV0020028C017", "npdes_id": "WV0020028", "permitting_state": "WV", "agency_type_code": "ST6", "facility_uin": "110011745059", "facility_name": "ELKINS CITY OF", "location_address": "5 RIVERBEND RD", "supplemental_address_text": "", "facility_city": "ELKINS", "county_code": "WV083", "state_code": "WV", "epa_region_code": "03", "facility_type_code": "MWD", "facility_lat": 38.92, "facility_lon": -79.8644, "permit_name": "ELKINS, CITY OF", "version_nmbr": 0, "permit_type_code": "NPD", "effective_date": 1659312000000, "expiration_date": 1813622400000, "permit_status_code": "EFF", "facility_type_indicator": "POTW", "major_minor_status_flag": "M", "permit_tracking": "Y", "pt_start_date": 1659312000000, "dmr_tracking": "Y", "dmr_nr_start_date": 1659312000000, "permit_design_flow": 4.99, "permit_avg_flow": null, "perm_feature_nmbr": "C017", "perm_feature_text": "", "pf_lat": 38.9228, "pf_lon": -79.8492, "pf_character": "CSO", "perm_feature_type_code": "EXO", "pf_state_waterbody_name": "Tygart Valley River/Monongahela River", "pf_state_auto_name": "", "pf_reach_id": "", "in_icis": "YES", "echo_dfr_link": "https://echo.epa.gov/detailed-facility-report?fid=110011745059", "name": "ELKINS CITY OF", "feature_kind": "CSO outfall"}}, {"type": "Feature", "id": 6204, "geometry": {"type": "Point", "coordinates": [-79.8477996679544, 38.9228002790694]}, "properties": {"OBJECTID": 6204, "npdes_pfid": "WV0020028C018", "npdes_id": "WV0020028", "permitting_state": "WV", "agency_type_code": "ST6", "facility_uin": "110011745059", "facility_name": "ELKINS CITY OF", "location_address": "5 RIVERBEND RD", "supplemental_address_text": "", "facility_city": "ELKINS", "county_code": "WV083", "state_code": "WV", "epa_region_code": "03", "facility_type_code": "MWD", "facility_lat": 38.92, "facility_lon": -79.8644, "permit_name": "ELKINS, CITY OF", "version_nmbr": 0, "permit_type_code": "NPD", "effective_date": 1659312000000, "expiration_date": 1813622400000, "permit_status_code": "EFF", "facility_type_indicator": "POTW", "major_minor_status_flag": "M", "permit_tracking": "Y", "pt_start_date": 1659312000000, "dmr_tracking": "Y", "dmr_nr_start_date": 1659312000000, "permit_design_flow": 4.99, "permit_avg_flow": null, "perm_feature_nmbr": "C018", "perm_feature_text": "", "pf_lat": 38.9228, "pf_lon": -79.8478, "pf_character": "CSO", "perm_feature_type_code": "EXO", "pf_state_waterbody_name": "Tygart Valley River/Monongahela River", "pf_state_auto_name": "", "pf_reach_id": "", "in_icis": "YES", "echo_dfr_link": "https://echo.epa.gov/detailed-facility-report?fid=110011745059", "name": "ELKINS CITY OF", "feature_kind": "CSO outfall"}}, {"type": "Feature", "id": 6205, "geometry": {"type": "Point", "coordinates": [-79.8467001300466, 38.9221999358794]}, "properties": {"OBJECTID": 6205, "npdes_pfid": "WV0020028C019", "npdes_id": "WV0020028", "permitting_state": "WV", "agency_type_code": "ST6", "facility_uin": "110011745059", "facility_name": "ELKINS CITY OF", "location_address": "5 RIVERBEND RD", "supplemental_address_text": "", "facility_city": "ELKINS", "county_code": "WV083", "state_code": "WV", "epa_region_code": "03", "facility_type_code": "MWD", "facility_lat": 38.92, "facility_lon": -79.8644, "permit_name": "ELKINS, CITY OF", "version_nmbr": 0, "permit_type_code": "NPD", "effective_date": 1659312000000, "expiration_date": 1813622400000, "permit_status_code": "EFF", "facility_type_indicator": "POTW", "major_minor_status_flag": "M", "permit_tracking": "Y", "pt_start_date": 1659312000000, "dmr_tracking": "Y", "dmr_nr_start_date": 1659312000000, "permit_design_flow": 4.99, "permit_avg_flow": null, "perm_feature_nmbr": "C019", "perm_feature_text": "", "pf_lat": 38.9222, "pf_lon": -79.8467, "pf_character": "CSO", "perm_feature_type_code": "EXO", "pf_state_waterbody_name": "Tygart Valley River/Monongahela River", "pf_state_auto_name": "", "pf_reach_id": "", "in_icis": "YES", "echo_dfr_link": "https://echo.epa.gov/detailed-facility-report?fid=110011745059", "name": "ELKINS CITY OF", "feature_kind": "CSO outfall"}}, {"type": "Feature", "id": 6206, "geometry": {"type": "Point", "coordinates": [-79.8664001842273, 38.9242001282656]}, "properties": {"OBJECTID": 6206, "npdes_pfid": "WV0020028C020", "npdes_id": "WV0020028", "permitting_state": "WV", "agency_type_code": "ST6", "facility_uin": "110011745059", "facility_name": "ELKINS CITY OF", "location_address": "5 RIVERBEND RD", "supplemental_address_text": "", "facility_city": "ELKINS", "county_code": "WV083", "state_code": "WV", "epa_region_code": "03", "facility_type_code": "MWD", "facility_lat": 38.92, "facility_lon": -79.8644, "permit_name": "ELKINS, CITY OF", "version_nmbr": 0, "permit_type_code": "NPD", "effective_date": 1659312000000, "expiration_date": 1813622400000, "permit_status_code": "EFF", "facility_type_indicator": "POTW", "major_minor_status_flag": "M", "permit_tracking": "Y", "pt_start_date": 1659312000000, "dmr_tracking": "Y", "dmr_nr_start_date": 1659312000000, "permit_design_flow": 4.99, "permit_avg_flow": null, "perm_feature_nmbr": "C020", "perm_feature_text": "", "pf_lat": 38.9242, "pf_lon": -79.8664, "pf_character": "CSO", "perm_feature_type_code": "EXO", "pf_state_waterbody_name": "Tygart Valley River/Monongahela River", "pf_state_auto_name": "", "pf_reach_id": "", "in_icis": "YES", "echo_dfr_link": "https://echo.epa.gov/detailed-facility-report?fid=110011745059", "name": "ELKINS CITY OF", "feature_kind": "CSO outfall"}}, {"type": "Feature", "id": 6207, "geometry": {"type": "Point", "coordinates": [-80.7819002397321, 39.2967003380698]}, "properties": {"OBJECTID": 6207, "npdes_pfid": "WV0020109C003", "npdes_id": "WV0020109", "permitting_state": "WV", "agency_type_code": "ST6", "facility_uin": "110010866857", "facility_name": "TOWN OF WEST UNION", "location_address": "103 EDMOND STREET", "supplemental_address_text": "", "facility_city": "WEST UNION", "county_code": "WV017", "state_code": "WV", "epa_region_code": "03", "facility_type_code": "MWD", "facility_lat": 39.2969, "facility_lon": -80.7822, "permit_name": "WEST UNION, TOWN OF", "version_nmbr": 0, "permit_type_code": "NPD", "effective_date": 1667260800000, "expiration_date": 1821916800000, "permit_status_code": "EFF", "facility_type_indicator": "POTW", "major_minor_status_flag": "N", "permit_tracking": "Y", "pt_start_date": 1667260800000, "dmr_tracking": "Y", "dmr_nr_start_date": 1667260800000, "permit_design_flow": 0.75, "permit_avg_flow": null, "perm_feature_nmbr": "C003", "perm_feature_text": "", "pf_lat": 39.2967, "pf_lon": -80.7819, "pf_character": "CSO", "perm_feature_type_code": "EXO", "pf_state_waterbody_name": "Unnamed Tributary/Middle Island Creek", "pf_state_auto_name": "Middle Island Creek", "pf_reach_id": "5030201000141", "in_icis": "YES", "echo_dfr_link": "https://echo.epa.gov/detailed-facility-report?fid=110010866857", "name": "TOWN OF WEST UNION", "feature_kind": "CSO outfall"}}, {"type": "Feature", "id": 6208, "geometry": {"type": "Point", "coordinates": [-80.5860998471443, 39.8291997036043]}, "properties": {"OBJECTID": 6208, "npdes_pfid": "WV0020125C002", "npdes_id": "WV0020125", "permitting_state": "WV", "agency_type_code": "ST6", "facility_uin": "110010717493", "facility_name": "CITY OF CAMERON", "location_address": "150 A LOUDENVILLE RD.", "supplemental_address_text": "", "facility_city": "CAMERON", "county_code": "WV051", "state_code": "WV", "epa_region_code": "03", "facility_type_code": "MWD", "facility_lat": 39.8292, "facility_lon": -80.5861, "permit_name": "CAMERON, CITY OF", "version_nmbr": 0, "permit_type_code": "NPD", "effective_date": 1746057600000, "expiration_date": 1899590400000, "permit_status_code": "EFF", "facility_type_indicator": "POTW", "major_minor_status_flag": "N", "permit_tracking": "Y", "pt_start_date": 1746057600000, "dmr_tracking": "Y", "dmr_nr_start_date": 1746057600000, "permit_design_flow": 0.21, "permit_avg_flow": null, "perm_feature_nmbr": "C002", "perm_feature_text": "", "pf_lat": 39.8292, "pf_lon": -80.5861, "pf_character": "CSO", "perm_feature_type_code": "EXO", "pf_state_waterbody_name": "GRAVE CREEK", "pf_state_auto_name": "", "pf_reach_id": "", "in_icis": "YES", "echo_dfr_link": "https://echo.epa.gov/detailed-facility-report?fid=110010717493", "name": "CITY OF CAMERON", "feature_kind": "CSO outfall"}}, {"type": "Feature", "id": 6209, "geometry": {"type": "Point", "coordinates": [-80.7347000597586, 39.9852996871868]}, "properties": {"OBJECTID": 6209, "npdes_pfid": "WV0020141C002", "npdes_id": "WV0020141", "permitting_state": "WV", "agency_type_code": "ST6", "facility_uin": "110010866875", "facility_name": "CITY OF MCMECHEN", "location_address": "1501-WEST BALTIMORE AVE. (AKA-16TH AND ROUTE 2)", "supplemental_address_text": "", "facility_city": "MCMECHEN", "county_code": "WV051", "state_code": "WV", "epa_region_code": "03", "facility_type_code": "MWD", "facility_lat": 39.9825, "facility_lon": -80.7358, "permit_name": "MCMECHEN, CITY OF", "version_nmbr": 0, "permit_type_code": "NPD", "effective_date": 1754006400000, "expiration_date": 1907193600000, "permit_status_code": "EFF", "facility_type_indicator": "POTW", "major_minor_status_flag": "N", "permit_tracking": "Y", "pt_start_date": 1754006400000, "dmr_tracking": "Y", "dmr_nr_start_date": 1754006400000, "permit_design_flow": 0.3, "permit_avg_flow": null, "perm_feature_nmbr": "C002", "perm_feature_text": "", "pf_lat": 39.9853, "pf_lon": -80.7347, "pf_character": "CSO", "perm_feature_type_code": "EXO", "pf_state_waterbody_name": "OHIO RIVER", "pf_state_auto_name": "", "pf_reach_id": "", "in_icis": "YES", "echo_dfr_link": "https://echo.epa.gov/detailed-facility-report?fid=110010866875", "name": "CITY OF MCMECHEN", "feature_kind": "CSO outfall"}}, {"type": "Feature", "id": 6210, "geometry": {"type": "Point", "coordinates": [-80.7316996867096, 39.9786001585967]}, "properties": {"OBJECTID": 6210, "npdes_pfid": "WV0020141C003", "npdes_id": "WV0020141", "permitting_state": "WV", "agency_type_code": "ST6", "facility_uin": "110010866875", "facility_name": "CITY OF MCMECHEN", "location_address": "1501-WEST BALTIMORE AVE. (AKA-16TH AND ROUTE 2)", "supplemental_address_text": "", "facility_city": "MCMECHEN", "county_code": "WV051", "state_code": "WV", "epa_region_code": "03", "facility_type_code": "MWD", "facility_lat": 39.9825, "facility_lon": -80.7358, "permit_name": "MCMECHEN, CITY OF", "version_nmbr": 0, "permit_type_code": "NPD", "effective_date": 1754006400000, "expiration_date": 1907193600000, "permit_status_code": "EFF", "facility_type_indicator": "POTW", "major_minor_status_flag": "N", "permit_tracking": "Y", "pt_start_date": 1754006400000, "dmr_tracking": "Y", "dmr_nr_start_date": 1754006400000, "permit_design_flow": 0.3, "permit_avg_flow": null, "perm_feature_nmbr": "C003", "perm_feature_text": "", "pf_lat": 39.9786, "pf_lon": -80.7317, "pf_character": "CSO", "perm_feature_type_code": "EXO", "pf_state_waterbody_name": "OHIO RIVER", "pf_state_auto_name": "", "pf_reach_id": "", "in_icis": "YES", "echo_dfr_link": "https://echo.epa.gov/detailed-facility-report?fid=110010866875", "name": "CITY OF MCMECHEN", "feature_kind": "CSO outfall"}}, {"type": "Feature", "id": 6211, "geometry": {"type": "Point", "coordinates": [-80.7357995976664, 39.9825003236668]}, "properties": {"OBJECTID": 6211, "npdes_pfid": "WV0020141C004", "npdes_id": "WV0020141", "permitting_state": "WV", "agency_type_code": "ST6", "facility_uin": "110010866875", "facility_name": "CITY OF MCMECHEN", "location_address": "1501-WEST BALTIMORE AVE. (AKA-16TH AND ROUTE 2)", "supplemental_address_text": "", "facility_city": "MCMECHEN", "county_code": "WV051", "state_code": "WV", "epa_region_code": "03", "facility_type_code": "MWD", "facility_lat": 39.9825, "facility_lon": -80.7358, "permit_name": "MCMECHEN, CITY OF", "version_nmbr": 0, "permit_type_code": "NPD", "effective_date": 1754006400000, "expiration_date": 1907193600000, "permit_status_code": "EFF", "facility_type_indicator": "POTW", "major_minor_status_flag": "N", "permit_tracking": "Y", "pt_start_date": 1754006400000, "dmr_tracking": "Y", "dmr_nr_start_date": 1754006400000, "permit_design_flow": 0.3, "permit_avg_flow": null, "perm_feature_nmbr": "C004", "perm_feature_text": "", "pf_lat": 39.9825, "pf_lon": -80.7358, "pf_character": "CSO", "perm_feature_type_code": "EXO", "pf_state_waterbody_name": "OHIO RIVER", "pf_state_auto_name": "", "pf_reach_id": "", "in_icis": "YES", "echo_dfr_link": "https://echo.epa.gov/detailed-facility-report?fid=110010866875", "name": "CITY OF MCMECHEN", "feature_kind": "CSO outfall"}}, {"type": "Feature", "id": 6212, "geometry": {"type": "Point", "coordinates": [-78.9741997322468, 39.0657996830807]}, "properties": {"OBJECTID": 6212, "npdes_pfid": "WV0020150C002", "npdes_id": "WV0020150", "permitting_state": "WV", "agency_type_code": "ST6", "facility_uin": "110039949884", "facility_name": "MOOREFIELD WASTEWATER COLLECTION SYSTEM", "location_address": "206 WINCHESTER AVE.", "supplemental_address_text": "", "facility_city": "MOOREFIELD", "county_code": "WV031", "state_code": "WV", "epa_region_code": "03", "facility_type_code": "MWD", "facility_lat": 39.0733, "facility_lon": -78.9731, "permit_name": "MOOREFIELD, TOWN OF", "version_nmbr": 0, "permit_type_code": "NPD", "effective_date": 1619827200000, "expiration_date": 1773446400000, "permit_status_code": "ADC", "facility_type_indicator": "POTW", "major_minor_status_flag": "N", "permit_tracking": "Y", "pt_start_date": 1619827200000, "dmr_tracking": "Y", "dmr_nr_start_date": 1619827200000, "permit_design_flow": null, "permit_avg_flow": null, "perm_feature_nmbr": "C002", "perm_feature_text": "", "pf_lat": 39.0658, "pf_lon": -78.9742, "pf_character": "CSO", "perm_feature_type_code": "EXO", "pf_state_waterbody_name": "S Fk/South Branch Potomac", "pf_state_auto_name": "Hutton Run-South Branch Potomac River", "pf_reach_id": "2070001000754", "in_icis": "YES", "echo_dfr_link": "https://echo.epa.gov/detailed-facility-report?fid=110039949884", "name": "MOOREFIELD WASTEWATER COLLECTION SYSTEM", "feature_kind": "CSO outfall"}}, {"type": "Feature", "id": 6213, "geometry": {"type": "Point", "coordinates": [-78.9741997322468, 39.0646997605361]}, "properties": {"OBJECTID": 6213, "npdes_pfid": "WV0020150C003", "npdes_id": "WV0020150", "permitting_state": "WV", "agency_type_code": "ST6", "facility_uin": "110039949884", "facility_name": "MOOREFIELD WASTEWATER COLLECTION SYSTEM", "location_address": "206 WINCHESTER AVE.", "supplemental_address_text": "", "facility_city": "MOOREFIELD", "county_code": "WV031", "state_code": "WV", "epa_region_code": "03", "facility_type_code": "MWD", "facility_lat": 39.0733, "facility_lon": -78.9731, "permit_name": "MOOREFIELD, TOWN OF", "version_nmbr": 0, "permit_type_code": "NPD", "effective_date": 1619827200000, "expiration_date": 1773446400000, "permit_status_code": "ADC", "facility_type_indicator": "POTW", "major_minor_status_flag": "N", "permit_tracking": "Y", "pt_start_date": 1619827200000, "dmr_tracking": "Y", "dmr_nr_start_date": 1619827200000, "permit_design_flow": null, "permit_avg_flow": null, "perm_feature_nmbr": "C003", "perm_feature_text": "", "pf_lat": 39.0647, "pf_lon": -78.9742, "pf_character": "CSO", "perm_feature_type_code": "EXO", "pf_state_waterbody_name": "S Fk/South Branch Potomac", "pf_state_auto_name": "South Fork South Branch Potomac River", "pf_reach_id": "2070001000206", "in_icis": "YES", "echo_dfr_link": "https://echo.epa.gov/detailed-facility-report?fid=110039949884", "name": "MOOREFIELD WASTEWATER COLLECTION SYSTEM", "feature_kind": "CSO outfall"}}, {"type": "Feature", "id": 6214, "geometry": {"type": "Point", "coordinates": [-80.5972003291101, 40.3302999405281]}, "properties": {"OBJECTID": 6214, "npdes_pfid": "WV0020273C002", "npdes_id": "WV0020273", "permitting_state": "WV", "agency_type_code": "ST6", "facility_uin": "110039979618", "facility_name": "FOLLANSBEE CITY OF", "location_address": "RIVER ROAD", "supplemental_address_text": "", "facility_city": "FOLLANSBEE", "county_code": "WV009", "state_code": "WV", "epa_region_code": "03", "facility_type_code": "MWD", "facility_lat": 40.3264, "facility_lon": -80.5972, "permit_name": "FOLLANSBEE, CITY OF", "version_nmbr": 0, "permit_type_code": "NPD", "effective_date": 1633046400000, "expiration_date": 1782777600000, "permit_status_code": "ADC", "facility_type_indicator": "POTW", "major_minor_status_flag": "M", "permit_tracking": "Y", "pt_start_date": 1633046400000, "dmr_tracking": "Y", "dmr_nr_start_date": 1633046400000, "permit_design_flow": 1.6, "permit_avg_flow": null, "perm_feature_nmbr": "C002", "perm_feature_text": "", "pf_lat": 40.3303, "pf_lon": -80.5972, "pf_character": "CSO", "perm_feature_type_code": "EXO", "pf_state_waterbody_name": "OHIO RIVER", "pf_state_auto_name": "", "pf_reach_id": "", "in_icis": "YES", "echo_dfr_link": "https://echo.epa.gov/detailed-facility-report?fid=110039979618", "name": "FOLLANSBEE CITY OF", "feature_kind": "CSO outfall"}}, {"type": "Feature", "id": 6215, "geometry": {"type": "Point", "coordinates": [-80.5972003291101, 40.328300267871]}, "properties": {"OBJECTID": 6215, "npdes_pfid": "WV0020273C003", "npdes_id": "WV0020273", "permitting_state": "WV", "agency_type_code": "ST6", "facility_uin": "110039979618", "facility_name": "FOLLANSBEE CITY OF", "location_address": "RIVER ROAD", "supplemental_address_text": "", "facility_city": "FOLLANSBEE", "county_code": "WV009", "state_code": "WV", "epa_region_code": "03", "facility_type_code": "MWD", "facility_lat": 40.3264, "facility_lon": -80.5972, "permit_name": "FOLLANSBEE, CITY OF", "version_nmbr": 0, "permit_type_code": "NPD", "effective_date": 1633046400000, "expiration_date": 1782777600000, "permit_status_code": "ADC", "facility_type_indicator": "POTW", "major_minor_status_flag": "M", "permit_tracking": "Y", "pt_start_date": 1633046400000, "dmr_tracking": "Y", "dmr_nr_start_date": 1633046400000, "permit_design_flow": 1.6, "permit_avg_flow": null, "perm_feature_nmbr": "C003", "perm_feature_text": "", "pf_lat": 40.3283, "pf_lon": -80.5972, "pf_character": "CSO", "perm_feature_type_code": "EXO", "pf_state_waterbody_name": "OHIO RIVER", "pf_state_auto_name": "", "pf_reach_id": "", "in_icis": "YES", "echo_dfr_link": "https://echo.epa.gov/detailed-facility-report?fid=110039979618", "name": "FOLLANSBEE CITY OF", "feature_kind": "CSO outfall"}}, {"type": "Feature", "id": 6216, "geometry": {"type": "Point", "coordinates": [-80.5982998670179, 40.3228001776856]}, "properties": {"OBJECTID": 6216, "npdes_pfid": "WV0020273C004", "npdes_id": "WV0020273", "permitting_state": "WV", "agency_type_code": "ST6", "facility_uin": "110039979618", "facility_name": "FOLLANSBEE CITY OF", "location_address": "RIVER ROAD", "supplemental_address_text": "", "facility_city": "FOLLANSBEE", "county_code": "WV009", "state_code": "WV", "epa_region_code": "03", "facility_type_code": "MWD", "facility_lat": 40.3264, "facility_lon": -80.5972, "permit_name": "FOLLANSBEE, CITY OF", "version_nmbr": 0, "permit_type_code": "NPD", "effective_date": 1633046400000, "expiration_date": 1782777600000, "permit_status_code": "ADC", "facility_type_indicator": "POTW", "major_minor_status_flag": "M", "permit_tracking": "Y", "pt_start_date": 1633046400000, "dmr_tracking": "Y", "dmr_nr_start_date": 1633046400000, "permit_design_flow": 1.6, "permit_avg_flow": null, "perm_feature_nmbr": "C004", "perm_feature_text": "", "pf_lat": 40.3228, "pf_lon": -80.5983, "pf_character": "CSO", "perm_feature_type_code": "EXO", "pf_state_waterbody_name": "OHIO RIVER", "pf_state_auto_name": "", "pf_reach_id": "", "in_icis": "YES", "echo_dfr_link": "https://echo.epa.gov/detailed-facility-report?fid=110039979618", "name": "FOLLANSBEE CITY OF", "feature_kind": "CSO outfall"}}, {"type": "Feature", "id": 6217, "geometry": {"type": "Point", "coordinates": [-80.597500366415, 40.3181003308058]}, "properties": {"OBJECTID": 6217, "npdes_pfid": "WV0020273C005", "npdes_id": "WV0020273", "permitting_state": "WV", "agency_type_code": "ST6", "facility_uin": "110039979618", "facility_name": "FOLLANSBEE CITY OF", "location_address": "RIVER ROAD", "supplemental_address_text": "", "facility_city": "FOLLANSBEE", "county_code": "WV009", "state_code": "WV", "epa_region_code": "03", "facility_type_code": "MWD", "facility_lat": 40.3264, "facility_lon": -80.5972, "permit_name": "FOLLANSBEE, CITY OF", "version_nmbr": 0, "permit_type_code": "NPD", "effective_date": 1633046400000, "expiration_date": 1782777600000, "permit_status_code": "ADC", "facility_type_indicator": "POTW", "major_minor_status_flag": "M", "permit_tracking": "Y", "pt_start_date": 1633046400000, "dmr_tracking": "Y", "dmr_nr_start_date": 1633046400000, "permit_design_flow": 1.6, "permit_avg_flow": null, "perm_feature_nmbr": "C005", "perm_feature_text": "", "pf_lat": 40.3181, "pf_lon": -80.5975, "pf_character": "CSO", "perm_feature_type_code": "EXO", "pf_state_waterbody_name": "OHIO RIVER", "pf_state_auto_name": "", "pf_reach_id": "", "in_icis": "YES", "echo_dfr_link": "https://echo.epa.gov/detailed-facility-report?fid=110039979618", "name": "FOLLANSBEE CITY OF", "feature_kind": "CSO outfall"}}, {"type": "Feature", "id": 6218, "geometry": {"type": "Point", "coordinates": [-80.5972003291101, 40.3239000946008]}, "properties": {"OBJECTID": 6218, "npdes_pfid": "WV0020273C006", "npdes_id": "WV0020273", "permitting_state": "WV", "agency_type_code": "ST6", "facility_uin": "110039979618", "facility_name": "FOLLANSBEE CITY OF", "location_address": "RIVER ROAD", "supplemental_address_text": "", "facility_city": "FOLLANSBEE", "county_code": "WV009", "state_code": "WV", "epa_region_code": "03", "facility_type_code": "MWD", "facility_lat": 40.3264, "facility_lon": -80.5972, "permit_name": "FOLLANSBEE, CITY OF", "version_nmbr": 0, "permit_type_code": "NPD", "effective_date": 1633046400000, "expiration_date": 1782777600000, "permit_status_code": "ADC", "facility_type_indicator": "POTW", "major_minor_status_flag": "M", "permit_tracking": "Y", "pt_start_date": 1633046400000, "dmr_tracking": "Y", "dmr_nr_start_date": 1633046400000, "permit_design_flow": 1.6, "permit_avg_flow": null, "perm_feature_nmbr": "C006", "perm_feature_text": "", "pf_lat": 40.3239, "pf_lon": -80.5972, "pf_character": "CSO", "perm_feature_type_code": "EXO", "pf_state_waterbody_name": "OHIO RIVER", "pf_state_auto_name": "", "pf_reach_id": "", "in_icis": "YES", "echo_dfr_link": "https://echo.epa.gov/detailed-facility-report?fid=110039979618", "name": "FOLLANSBEE CITY OF", "feature_kind": "CSO outfall"}}, {"type": "Feature", "id": 6219, "geometry": {"type": "Point", "coordinates": [-81.3300001238153, 38.1813997328054]}, "properties": {"OBJECTID": 6219, "npdes_pfid": "WV0020621C004", "npdes_id": "WV0020621", "permitting_state": "WV", "agency_type_code": "ST6", "facility_uin": "110015656761", "facility_name": "CITY OF MONTGOMERY", "location_address": "1422 3RD AVE, WEST", "supplemental_address_text": "", "facility_city": "MONTGOMERY", "county_code": "WV039", "state_code": "WV", "epa_region_code": "03", "facility_type_code": "MWD", "facility_lat": 38.1806, "facility_lon": -81.3419, "permit_name": "MONTGOMERY, CITY OF", "version_nmbr": 0, "permit_type_code": "NPD", "effective_date": 1775001600000, "expiration_date": 1929139200000, "permit_status_code": "EFF", "facility_type_indicator": "POTW", "major_minor_status_flag": "N", "permit_tracking": "Y", "pt_start_date": 1775001600000, "dmr_tracking": "Y", "dmr_nr_start_date": 1775001600000, "permit_design_flow": 0.5, "permit_avg_flow": null, "perm_feature_nmbr": "C004", "perm_feature_text": "", "pf_lat": 38.1814, "pf_lon": -81.33, "pf_character": "CSO", "perm_feature_type_code": "EXO", "pf_state_waterbody_name": "Kanawha River", "pf_state_auto_name": "", "pf_reach_id": "", "in_icis": "YES", "echo_dfr_link": "https://echo.epa.gov/detailed-facility-report?fid=110015656761", "name": "CITY OF MONTGOMERY", "feature_kind": "CSO outfall"}}, {"type": "Feature", "id": 6220, "geometry": {"type": "Point", "coordinates": [-81.3282996129825, 38.1827999703106]}, "properties": {"OBJECTID": 6220, "npdes_pfid": "WV0020621C005", "npdes_id": "WV0020621", "permitting_state": "WV", "agency_type_code": "ST6", "facility_uin": "110015656761", "facility_name": "CITY OF MONTGOMERY", "location_address": "1422 3RD AVE, WEST", "supplemental_address_text": "", "facility_city": "MONTGOMERY", "county_code": "WV039", "state_code": "WV", "epa_region_code": "03", "facility_type_code": "MWD", "facility_lat": 38.1806, "facility_lon": -81.3419, "permit_name": "MONTGOMERY, CITY OF", "version_nmbr": 0, "permit_type_code": "NPD", "effective_date": 1775001600000, "expiration_date": 1929139200000, "permit_status_code": "EFF", "facility_type_indicator": "POTW", "major_minor_status_flag": "N", "permit_tracking": "Y", "pt_start_date": 1775001600000, "dmr_tracking": "Y", "dmr_nr_start_date": 1775001600000, "permit_design_flow": 0.5, "permit_avg_flow": null, "perm_feature_nmbr": "C005", "perm_feature_text": "", "pf_lat": 38.1828, "pf_lon": -81.3283, "pf_character": "CSO", "perm_feature_type_code": "EXO", "pf_state_waterbody_name": "Kanawha River", "pf_state_auto_name": "", "pf_reach_id": "", "in_icis": "YES", "echo_dfr_link": "https://echo.epa.gov/detailed-facility-report?fid=110015656761", "name": "CITY OF MONTGOMERY", "feature_kind": "CSO outfall"}}, {"type": "Feature", "id": 6221, "geometry": {"type": "Point", "coordinates": [-81.3266997134615, 38.181899669406]}, "properties": {"OBJECTID": 6221, "npdes_pfid": "WV0020621C006", "npdes_id": "WV0020621", "permitting_state": "WV", "agency_type_code": "ST6", "facility_uin": "110015656761", "facility_name": "CITY OF MONTGOMERY", "location_address": "1422 3RD AVE, WEST", "supplemental_address_text": "", "facility_city": "MONTGOMERY", "county_code": "WV039", "state_code": "WV", "epa_region_code": "03", "facility_type_code": "MWD", "facility_lat": 38.1806, "facility_lon": -81.3419, "permit_name": "MONTGOMERY, CITY OF", "version_nmbr": 0, "permit_type_code": "NPD", "effective_date": 1775001600000, "expiration_date": 1929139200000, "permit_status_code": "EFF", "facility_type_indicator": "POTW", "major_minor_status_flag": "N", "permit_tracking": "Y", "pt_start_date": 1775001600000, "dmr_tracking": "Y", "dmr_nr_start_date": 1775001600000, "permit_design_flow": 0.5, "permit_avg_flow": null, "perm_feature_nmbr": "C006", "perm_feature_text": "", "pf_lat": 38.1819, "pf_lon": -81.3267, "pf_character": "CSO", "perm_feature_type_code": "EXO", "pf_state_waterbody_name": "Kanawha River", "pf_state_auto_name": "", "pf_reach_id": "", "in_icis": "YES", "echo_dfr_link": "https://echo.epa.gov/detailed-facility-report?fid=110015656761", "name": "CITY OF MONTGOMERY", "feature_kind": "CSO outfall"}}, {"type": "Feature", "id": 6222, "geometry": {"type": "Point", "coordinates": [-81.3344000720769, 38.1805996858822]}, "properties": {"OBJECTID": 6222, "npdes_pfid": "WV0020621C007", "npdes_id": "WV0020621", "permitting_state": "WV", "agency_type_code": "ST6", "facility_uin": "110015656761", "facility_name": "CITY OF MONTGOMERY", "location_address": "1422 3RD AVE, WEST", "supplemental_address_text": "", "facility_city": "MONTGOMERY", "county_code": "WV039", "state_code": "WV", "epa_region_code": "03", "facility_type_code": "MWD", "facility_lat": 38.1806, "facility_lon": -81.3419, "permit_name": "MONTGOMERY, CITY OF", "version_nmbr": 0, "permit_type_code": "NPD", "effective_date": 1775001600000, "expiration_date": 1929139200000, "permit_status_code": "EFF", "facility_type_indicator": "POTW", "major_minor_status_flag": "N", "permit_tracking": "Y", "pt_start_date": 1775001600000, "dmr_tracking": "Y", "dmr_nr_start_date": 1775001600000, "permit_design_flow": 0.5, "permit_avg_flow": null, "perm_feature_nmbr": "C007", "perm_feature_text": "", "pf_lat": 38.1806, "pf_lon": -81.3344, "pf_character": "CSO", "perm_feature_type_code": "EXO", "pf_state_waterbody_name": "Morris Creek", "pf_state_auto_name": "", "pf_reach_id": "", "in_icis": "YES", "echo_dfr_link": "https://echo.epa.gov/detailed-facility-report?fid=110015656761", "name": "CITY OF MONTGOMERY", "feature_kind": "CSO outfall"}}, {"type": "Feature", "id": 6223, "geometry": {"type": "Point", "coordinates": [-80.7268999881466, 40.0253000828596]}, "properties": {"OBJECTID": 6223, "npdes_pfid": "WV0020648C004", "npdes_id": "WV0020648", "permitting_state": "WV", "agency_type_code": "ST6", "facility_uin": "110010866982", "facility_name": "CITY OF BENWOOD", "location_address": "430 MAIN STREET", "supplemental_address_text": "", "facility_city": "BENWOOD", "county_code": "WV051", "state_code": "WV", "epa_region_code": "03", "facility_type_code": "MWD", "facility_lat": 40.0311, "facility_lon": -80.7297, "permit_name": "BENWOOD, CITY OF", "version_nmbr": 0, "permit_type_code": "NPD", "effective_date": 1748736000000, "expiration_date": 1902441600000, "permit_status_code": "EFF", "facility_type_indicator": "POTW", "major_minor_status_flag": "N", "permit_tracking": "Y", "pt_start_date": 1748736000000, "dmr_tracking": "Y", "dmr_nr_start_date": 1748736000000, "permit_design_flow": 0.3, "permit_avg_flow": null, "perm_feature_nmbr": "C004", "perm_feature_text": "", "pf_lat": 40.0253, "pf_lon": -80.7269, "pf_character": "CSO", "perm_feature_type_code": "EXO", "pf_state_waterbody_name": "Boggs Run/Ohio River", "pf_state_auto_name": "", "pf_reach_id": "", "in_icis": "YES", "echo_dfr_link": "https://echo.epa.gov/detailed-facility-report?fid=110010866982", "name": "CITY OF BENWOOD", "feature_kind": "CSO outfall"}}, {"type": "Feature", "id": 6224, "geometry": {"type": "Point", "coordinates": [-80.7360996349713, 40.0182997104183]}, "properties": {"OBJECTID": 6224, "npdes_pfid": "WV0020648C005", "npdes_id": "WV0020648", "permitting_state": "WV", "agency_type_code": "ST6", "facility_uin": "110010866982", "facility_name": "CITY OF BENWOOD", "location_address": "430 MAIN STREET", "supplemental_address_text": "", "facility_city": "BENWOOD", "county_code": "WV051", "state_code": "WV", "epa_region_code": "03", "facility_type_code": "MWD", "facility_lat": 40.0311, "facility_lon": -80.7297, "permit_name": "BENWOOD, CITY OF", "version_nmbr": 0, "permit_type_code": "NPD", "effective_date": 1748736000000, "expiration_date": 1902441600000, "permit_status_code": "EFF", "facility_type_indicator": "POTW", "major_minor_status_flag": "N", "permit_tracking": "Y", "pt_start_date": 1748736000000, "dmr_tracking": "Y", "dmr_nr_start_date": 1748736000000, "permit_design_flow": 0.3, "permit_avg_flow": null, "perm_feature_nmbr": "C005", "perm_feature_text": "", "pf_lat": 40.0183, "pf_lon": -80.7361, "pf_character": "CSO", "perm_feature_type_code": "EXO", "pf_state_waterbody_name": "Ohio", "pf_state_auto_name": "", "pf_reach_id": "", "in_icis": "YES", "echo_dfr_link": "https://echo.epa.gov/detailed-facility-report?fid=110010866982", "name": "CITY OF BENWOOD", "feature_kind": "CSO outfall"}}, {"type": "Feature", "id": 6225, "geometry": {"type": "Point", "coordinates": [-80.7363996722761, 40.0172003335368]}, "properties": {"OBJECTID": 6225, "npdes_pfid": "WV0020648C006", "npdes_id": "WV0020648", "permitting_state": "WV", "agency_type_code": "ST6", "facility_uin": "110010866982", "facility_name": "CITY OF BENWOOD", "location_address": "430 MAIN STREET", "supplemental_address_text": "", "facility_city": "BENWOOD", "county_code": "WV051", "state_code": "WV", "epa_region_code": "03", "facility_type_code": "MWD", "facility_lat": 40.0311, "facility_lon": -80.7297, "permit_name": "BENWOOD, CITY OF", "version_nmbr": 0, "permit_type_code": "NPD", "effective_date": 1748736000000, "expiration_date": 1902441600000, "permit_status_code": "EFF", "facility_type_indicator": "POTW", "major_minor_status_flag": "N", "permit_tracking": "Y", "pt_start_date": 1748736000000, "dmr_tracking": "Y", "dmr_nr_start_date": 1748736000000, "permit_design_flow": 0.3, "permit_avg_flow": null, "perm_feature_nmbr": "C006", "perm_feature_text": "", "pf_lat": 40.0172, "pf_lon": -80.7364, "pf_character": "CSO", "perm_feature_type_code": "EXO", "pf_state_waterbody_name": "Ohio", "pf_state_auto_name": "", "pf_reach_id": "", "in_icis": "YES", "echo_dfr_link": "https://echo.epa.gov/detailed-facility-report?fid=110010866982", "name": "CITY OF BENWOOD", "feature_kind": "CSO outfall"}}, {"type": "Feature", "id": 6226, "geometry": {"type": "Point", "coordinates": [-80.7375001084992, 40.0147001827525]}, "properties": {"OBJECTID": 6226, "npdes_pfid": "WV0020648C007", "npdes_id": "WV0020648", "permitting_state": "WV", "agency_type_code": "ST6", "facility_uin": "110010866982", "facility_name": "CITY OF BENWOOD", "location_address": "430 MAIN STREET", "supplemental_address_text": "", "facility_city": "BENWOOD", "county_code": "WV051", "state_code": "WV", "epa_region_code": "03", "facility_type_code": "MWD", "facility_lat": 40.0311, "facility_lon": -80.7297, "permit_name": "BENWOOD, CITY OF", "version_nmbr": 0, "permit_type_code": "NPD", "effective_date": 1748736000000, "expiration_date": 1902441600000, "permit_status_code": "EFF", "facility_type_indicator": "POTW", "major_minor_status_flag": "N", "permit_tracking": "Y", "pt_start_date": 1748736000000, "dmr_tracking": "Y", "dmr_nr_start_date": 1748736000000, "permit_design_flow": 0.3, "permit_avg_flow": null, "perm_feature_nmbr": "C007", "perm_feature_text": "", "pf_lat": 40.0147, "pf_lon": -80.7375, "pf_character": "CSO", "perm_feature_type_code": "EXO", "pf_state_waterbody_name": "Ohio", "pf_state_auto_name": "", "pf_reach_id": "", "in_icis": "YES", "echo_dfr_link": "https://echo.epa.gov/detailed-facility-report?fid=110010866982", "name": "CITY OF BENWOOD", "feature_kind": "CSO outfall"}}, {"type": "Feature", "id": 6227, "geometry": {"type": "Point", "coordinates": [-80.7306001488019, 40.0306001032456]}, "properties": {"OBJECTID": 6227, "npdes_pfid": "WV0020648C012", "npdes_id": "WV0020648", "permitting_state": "WV", "agency_type_code": "ST6", "facility_uin": "110010866982", "facility_name": "CITY OF BENWOOD", "location_address": "430 MAIN STREET", "supplemental_address_text": "", "facility_city": "BENWOOD", "county_code": "WV051", "state_code": "WV", "epa_region_code": "03", "facility_type_code": "MWD", "facility_lat": 40.0311, "facility_lon": -80.7297, "permit_name": "BENWOOD, CITY OF", "version_nmbr": 0, "permit_type_code": "NPD", "effective_date": 1748736000000, "expiration_date": 1902441600000, "permit_status_code": "EFF", "facility_type_indicator": "POTW", "major_minor_status_flag": "N", "permit_tracking": "Y", "pt_start_date": 1748736000000, "dmr_tracking": "Y", "dmr_nr_start_date": 1748736000000, "permit_design_flow": 0.3, "permit_avg_flow": null, "perm_feature_nmbr": "C012", "perm_feature_text": "", "pf_lat": 40.0306, "pf_lon": -80.7306, "pf_character": "CSO", "perm_feature_type_code": "EXO", "pf_state_waterbody_name": "Ohio", "pf_state_auto_name": "", "pf_reach_id": "", "in_icis": "YES", "echo_dfr_link": "https://echo.epa.gov/detailed-facility-report?fid=110010866982", "name": "CITY OF BENWOOD", "feature_kind": "CSO outfall"}}, {"type": "Feature", "id": 6228, "geometry": {"type": "Point", "coordinates": [-80.7260995892284, 40.0225002952409]}, "properties": {"OBJECTID": 6228, "npdes_pfid": "WV0020648C017", "npdes_id": "WV0020648", "permitting_state": "WV", "agency_type_code": "ST6", "facility_uin": "110010866982", "facility_name": "CITY OF BENWOOD", "location_address": "430 MAIN STREET", "supplemental_address_text": "", "facility_city": "BENWOOD", "county_code": "WV051", "state_code": "WV", "epa_region_code": "03", "facility_type_code": "MWD", "facility_lat": 40.0311, "facility_lon": -80.7297, "permit_name": "BENWOOD, CITY OF", "version_nmbr": 0, "permit_type_code": "NPD", "effective_date": 1748736000000, "expiration_date": 1902441600000, "permit_status_code": "EFF", "facility_type_indicator": "POTW", "major_minor_status_flag": "N", "permit_tracking": "Y", "pt_start_date": 1748736000000, "dmr_tracking": "Y", "dmr_nr_start_date": 1748736000000, "permit_design_flow": 0.3, "permit_avg_flow": null, "perm_feature_nmbr": "C017", "perm_feature_text": "", "pf_lat": 40.0225, "pf_lon": -80.7261, "pf_character": "CSO", "perm_feature_type_code": "EXO", "pf_state_waterbody_name": "Boggs Run/Ohio River", "pf_state_auto_name": "", "pf_reach_id": "", "in_icis": "YES", "echo_dfr_link": "https://echo.epa.gov/detailed-facility-report?fid=110010866982", "name": "CITY OF BENWOOD", "feature_kind": "CSO outfall"}}, {"type": "Feature", "id": 6229, "geometry": {"type": "Point", "coordinates": [-80.7266996638382, 40.0256000041547]}, "properties": {"OBJECTID": 6229, "npdes_pfid": "WV0020648C018", "npdes_id": "WV0020648", "permitting_state": "WV", "agency_type_code": "ST6", "facility_uin": "110010866982", "facility_name": "CITY OF BENWOOD", "location_address": "430 MAIN STREET", "supplemental_address_text": "", "facility_city": "BENWOOD", "county_code": "WV051", "state_code": "WV", "epa_region_code": "03", "facility_type_code": "MWD", "facility_lat": 40.0311, "facility_lon": -80.7297, "permit_name": "BENWOOD, CITY OF", "version_nmbr": 0, "permit_type_code": "NPD", "effective_date": 1748736000000, "expiration_date": 1902441600000, "permit_status_code": "EFF", "facility_type_indicator": "POTW", "major_minor_status_flag": "N", "permit_tracking": "Y", "pt_start_date": 1748736000000, "dmr_tracking": "Y", "dmr_nr_start_date": 1748736000000, "permit_design_flow": 0.3, "permit_avg_flow": null, "perm_feature_nmbr": "C018", "perm_feature_text": "", "pf_lat": 40.0256, "pf_lon": -80.7267, "pf_character": "CSO", "perm_feature_type_code": "EXO", "pf_state_waterbody_name": "Boggs Run of Ohio River", "pf_state_auto_name": "", "pf_reach_id": "", "in_icis": "YES", "echo_dfr_link": "https://echo.epa.gov/detailed-facility-report?fid=110010866982", "name": "CITY OF BENWOOD", "feature_kind": "CSO outfall"}}, {"type": "Feature", "id": 6230, "geometry": {"type": "Point", "coordinates": [-81.3888999620492, 37.5777999575856]}, "properties": {"OBJECTID": 6230, "npdes_pfid": "WV0020681C002", "npdes_id": "WV0020681", "permitting_state": "WV", "agency_type_code": "ST6", "facility_uin": "110010867008", "facility_name": "CITY OF MULLENS SANITERY BOARD", "location_address": "601 GUYANDOTTE AVE", "supplemental_address_text": "", "facility_city": "MULLENS", "county_code": "WV109", "state_code": "WV", "epa_region_code": "03", "facility_type_code": "MWD", "facility_lat": 37.5778, "facility_lon": -81.3886, "permit_name": "MULLENS, CITY OF", "version_nmbr": 0, "permit_type_code": "NPD", "effective_date": 1735689600000, "expiration_date": 1888531200000, "permit_status_code": "EFF", "facility_type_indicator": "POTW", "major_minor_status_flag": "N", "permit_tracking": "Y", "pt_start_date": 1735689600000, "dmr_tracking": "Y", "dmr_nr_start_date": 1735689600000, "permit_design_flow": 0.33, "permit_avg_flow": null, "perm_feature_nmbr": "C002", "perm_feature_text": "", "pf_lat": 37.5778, "pf_lon": -81.3889, "pf_character": "CSO", "perm_feature_type_code": "EXO", "pf_state_waterbody_name": "Guyandotte River", "pf_state_auto_name": "Guyandotte River", "pf_reach_id": "5070101000142", "in_icis": "YES", "echo_dfr_link": "https://echo.epa.gov/detailed-facility-report?fid=110010867008", "name": "CITY OF MULLENS SANITERY BOARD", "feature_kind": "CSO outfall"}}, {"type": "Feature", "id": 6231, "geometry": {"type": "Point", "coordinates": [-81.3950004211437, 37.5718998918846]}, "properties": {"OBJECTID": 6231, "npdes_pfid": "WV0020681C003", "npdes_id": "WV0020681", "permitting_state": "WV", "agency_type_code": "ST6", "facility_uin": "110010867008", "facility_name": "CITY OF MULLENS SANITERY BOARD", "location_address": "601 GUYANDOTTE AVE", "supplemental_address_text": "", "facility_city": "MULLENS", "county_code": "WV109", "state_code": "WV", "epa_region_code": "03", "facility_type_code": "MWD", "facility_lat": 37.5778, "facility_lon": -81.3886, "permit_name": "MULLENS, CITY OF", "version_nmbr": 0, "permit_type_code": "NPD", "effective_date": 1735689600000, "expiration_date": 1888531200000, "permit_status_code": "EFF", "facility_type_indicator": "POTW", "major_minor_status_flag": "N", "permit_tracking": "Y", "pt_start_date": 1735689600000, "dmr_tracking": "Y", "dmr_nr_start_date": 1735689600000, "permit_design_flow": 0.33, "permit_avg_flow": null, "perm_feature_nmbr": "C003", "perm_feature_text": "", "pf_lat": 37.5719, "pf_lon": -81.395, "pf_character": "CSO", "perm_feature_type_code": "EXO", "pf_state_waterbody_name": "Guyandotte River", "pf_state_auto_name": "Guyandotte River", "pf_reach_id": "5070101000142", "in_icis": "YES", "echo_dfr_link": "https://echo.epa.gov/detailed-facility-report?fid=110010867008", "name": "CITY OF MULLENS SANITERY BOARD", "feature_kind": "CSO outfall"}}, {"type": "Feature", "id": 6232, "geometry": {"type": "Point", "coordinates": [-81.3997004067102, 37.5725001009321]}, "properties": {"OBJECTID": 6232, "npdes_pfid": "WV0020681C004", "npdes_id": "WV0020681", "permitting_state": "WV", "agency_type_code": "ST6", "facility_uin": "110010867008", "facility_name": "CITY OF MULLENS SANITERY BOARD", "location_address": "601 GUYANDOTTE AVE", "supplemental_address_text": "", "facility_city": "MULLENS", "county_code": "WV109", "state_code": "WV", "epa_region_code": "03", "facility_type_code": "MWD", "facility_lat": 37.5778, "facility_lon": -81.3886, "permit_name": "MULLENS, CITY OF", "version_nmbr": 0, "permit_type_code": "NPD", "effective_date": 1735689600000, "expiration_date": 1888531200000, "permit_status_code": "EFF", "facility_type_indicator": "POTW", "major_minor_status_flag": "N", "permit_tracking": "Y", "pt_start_date": 1735689600000, "dmr_tracking": "Y", "dmr_nr_start_date": 1735689600000, "permit_design_flow": 0.33, "permit_avg_flow": null, "perm_feature_nmbr": "C004", "perm_feature_text": "", "pf_lat": 37.5725, "pf_lon": -81.3997, "pf_character": "CSO", "perm_feature_type_code": "EXO", "pf_state_waterbody_name": "Guyandotte River", "pf_state_auto_name": "Guyandotte River", "pf_reach_id": "5070101000142", "in_icis": "YES", "echo_dfr_link": "https://echo.epa.gov/detailed-facility-report?fid=110010867008", "name": "CITY OF MULLENS SANITERY BOARD", "feature_kind": "CSO outfall"}}, {"type": "Feature", "id": 6233, "geometry": {"type": "Point", "coordinates": [-81.3061004456813, 38.1696996720639]}, "properties": {"OBJECTID": 6233, "npdes_pfid": "WV0021741C002", "npdes_id": "WV0021741", "permitting_state": "WV", "agency_type_code": "ST6", "facility_uin": "110010867035", "facility_name": "CITY OF SMITHERS", "location_address": "518 MICHIGAN AVE", "supplemental_address_text": "", "facility_city": "SMITHERS", "county_code": "WV019", "state_code": "WV", "epa_region_code": "03", "facility_type_code": "MWD", "facility_lat": 38.1806, "facility_lon": -81.3108, "permit_name": "SMITHERS, CITY OF", "version_nmbr": 0, "permit_type_code": "NPD", "effective_date": 1775001600000, "expiration_date": 1929139200000, "permit_status_code": "EFF", "facility_type_indicator": "POTW", "major_minor_status_flag": "N", "permit_tracking": "Y", "pt_start_date": 1775001600000, "dmr_tracking": "Y", "dmr_nr_start_date": 1775001600000, "permit_design_flow": 0.3, "permit_avg_flow": null, "perm_feature_nmbr": "C002", "perm_feature_text": "", "pf_lat": 38.1697, "pf_lon": -81.3061, "pf_character": "CSO", "perm_feature_type_code": "EXO", "pf_state_waterbody_name": "Kanawha River", "pf_state_auto_name": "", "pf_reach_id": "", "in_icis": "YES", "echo_dfr_link": "https://echo.epa.gov/detailed-facility-report?fid=110010867035", "name": "CITY OF SMITHERS", "feature_kind": "CSO outfall"}}, {"type": "Feature", "id": 6234, "geometry": {"type": "Point", "coordinates": [-81.306399584671, 38.1749998176318]}, "properties": {"OBJECTID": 6234, "npdes_pfid": "WV0021741C003", "npdes_id": "WV0021741", "permitting_state": "WV", "agency_type_code": "ST6", "facility_uin": "110010867035", "facility_name": "CITY OF SMITHERS", "location_address": "518 MICHIGAN AVE", "supplemental_address_text": "", "facility_city": "SMITHERS", "county_code": "WV019", "state_code": "WV", "epa_region_code": "03", "facility_type_code": "MWD", "facility_lat": 38.1806, "facility_lon": -81.3108, "permit_name": "SMITHERS, CITY OF", "version_nmbr": 0, "permit_type_code": "NPD", "effective_date": 1775001600000, "expiration_date": 1929139200000, "permit_status_code": "EFF", "facility_type_indicator": "POTW", "major_minor_status_flag": "N", "permit_tracking": "Y", "pt_start_date": 1775001600000, "dmr_tracking": "Y", "dmr_nr_start_date": 1775001600000, "permit_design_flow": 0.3, "permit_avg_flow": null, "perm_feature_nmbr": "C003", "perm_feature_text": "", "pf_lat": 38.175, "pf_lon": -81.3064, "pf_character": "CSO", "perm_feature_type_code": "EXO", "pf_state_waterbody_name": "Kanawha River", "pf_state_auto_name": "", "pf_reach_id": "", "in_icis": "YES", "echo_dfr_link": "https://echo.epa.gov/detailed-facility-report?fid=110010867035", "name": "CITY OF SMITHERS", "feature_kind": "CSO outfall"}}, {"type": "Feature", "id": 6235, "geometry": {"type": "Point", "coordinates": [-81.3108004312479, 38.1805996858822]}, "properties": {"OBJECTID": 6235, "npdes_pfid": "WV0021741C004", "npdes_id": "WV0021741", "permitting_state": "WV", "agency_type_code": "ST6", "facility_uin": "110010867035", "facility_name": "CITY OF SMITHERS", "location_address": "518 MICHIGAN AVE", "supplemental_address_text": "", "facility_city": "SMITHERS", "county_code": "WV019", "state_code": "WV", "epa_region_code": "03", "facility_type_code": "MWD", "facility_lat": 38.1806, "facility_lon": -81.3108, "permit_name": "SMITHERS, CITY OF", "version_nmbr": 0, "permit_type_code": "NPD", "effective_date": 1775001600000, "expiration_date": 1929139200000, "permit_status_code": "EFF", "facility_type_indicator": "POTW", "major_minor_status_flag": "N", "permit_tracking": "Y", "pt_start_date": 1775001600000, "dmr_tracking": "Y", "dmr_nr_start_date": 1775001600000, "permit_design_flow": 0.3, "permit_avg_flow": null, "perm_feature_nmbr": "C004", "perm_feature_text": "", "pf_lat": 38.1806, "pf_lon": -81.3108, "pf_character": "CSO", "perm_feature_type_code": "EXO", "pf_state_waterbody_name": "Kanawha River", "pf_state_auto_name": "", "pf_reach_id": "", "in_icis": "YES", "echo_dfr_link": "https://echo.epa.gov/detailed-facility-report?fid=110010867035", "name": "CITY OF SMITHERS", "feature_kind": "CSO outfall"}}, {"type": "Feature", "id": 6236, "geometry": {"type": "Point", "coordinates": [-81.5716999358453, 38.2533002525588]}, "properties": {"OBJECTID": 6236, "npdes_pfid": "WV0021750C002", "npdes_id": "WV0021750", "permitting_state": "WV", "agency_type_code": "ST6", "facility_uin": "110013694047", "facility_name": "TOWN OF MARMET", "location_address": "WV RT. 61 ON EASTERN BANK OF LENS CREEK", "supplemental_address_text": "", "facility_city": "MARMET", "county_code": "WV039", "state_code": "WV", "epa_region_code": "03", "facility_type_code": "MWD", "facility_lat": 38.2389, "facility_lon": -81.5597, "permit_name": "MARMET, TOWN OF", "version_nmbr": 0, "permit_type_code": "NPD", "effective_date": 1643673600000, "expiration_date": 1782777600000, "permit_status_code": "ADC", "facility_type_indicator": "POTW", "major_minor_status_flag": "N", "permit_tracking": "Y", "pt_start_date": 1643673600000, "dmr_tracking": "Y", "dmr_nr_start_date": 1643673600000, "permit_design_flow": 0.5, "permit_avg_flow": null, "perm_feature_nmbr": "C002", "perm_feature_text": "", "pf_lat": 38.2533, "pf_lon": -81.5717, "pf_character": "CSO", "perm_feature_type_code": "EXO", "pf_state_waterbody_name": "KANAWHA RIVER", "pf_state_auto_name": "Rush Creek-Kanawha River", "pf_reach_id": "5050006000418", "in_icis": "YES", "echo_dfr_link": "https://echo.epa.gov/detailed-facility-report?fid=110013694047", "name": "TOWN OF MARMET", "feature_kind": "CSO outfall"}}, {"type": "Feature", "id": 6237, "geometry": {"type": "Point", "coordinates": [-81.5688998871047, 38.2505998157085]}, "properties": {"OBJECTID": 6237, "npdes_pfid": "WV0021750C003", "npdes_id": "WV0021750", "permitting_state": "WV", "agency_type_code": "ST6", "facility_uin": "110013694047", "facility_name": "TOWN OF MARMET", "location_address": "WV RT. 61 ON EASTERN BANK OF LENS CREEK", "supplemental_address_text": "", "facility_city": "MARMET", "county_code": "WV039", "state_code": "WV", "epa_region_code": "03", "facility_type_code": "MWD", "facility_lat": 38.2389, "facility_lon": -81.5597, "permit_name": "MARMET, TOWN OF", "version_nmbr": 0, "permit_type_code": "NPD", "effective_date": 1643673600000, "expiration_date": 1782777600000, "permit_status_code": "ADC", "facility_type_indicator": "POTW", "major_minor_status_flag": "N", "permit_tracking": "Y", "pt_start_date": 1643673600000, "dmr_tracking": "Y", "dmr_nr_start_date": 1643673600000, "permit_design_flow": 0.5, "permit_avg_flow": null, "perm_feature_nmbr": "C003", "perm_feature_text": "", "pf_lat": 38.2506, "pf_lon": -81.5689, "pf_character": "CSO", "perm_feature_type_code": "EXO", "pf_state_waterbody_name": "KANAWHA RIVER", "pf_state_auto_name": "Kanawha River", "pf_reach_id": "5050006000006", "in_icis": "YES", "echo_dfr_link": "https://echo.epa.gov/detailed-facility-report?fid=110013694047", "name": "TOWN OF MARMET", "feature_kind": "CSO outfall"}}, {"type": "Feature", "id": 6238, "geometry": {"type": "Point", "coordinates": [-81.5625002890206, 38.2461002756438]}, "properties": {"OBJECTID": 6238, "npdes_pfid": "WV0021750C004", "npdes_id": "WV0021750", "permitting_state": "WV", "agency_type_code": "ST6", "facility_uin": "110013694047", "facility_name": "TOWN OF MARMET", "location_address": "WV RT. 61 ON EASTERN BANK OF LENS CREEK", "supplemental_address_text": "", "facility_city": "MARMET", "county_code": "WV039", "state_code": "WV", "epa_region_code": "03", "facility_type_code": "MWD", "facility_lat": 38.2389, "facility_lon": -81.5597, "permit_name": "MARMET, TOWN OF", "version_nmbr": 0, "permit_type_code": "NPD", "effective_date": 1643673600000, "expiration_date": 1782777600000, "permit_status_code": "ADC", "facility_type_indicator": "POTW", "major_minor_status_flag": "N", "permit_tracking": "Y", "pt_start_date": 1643673600000, "dmr_tracking": "Y", "dmr_nr_start_date": 1643673600000, "permit_design_flow": 0.5, "permit_avg_flow": null, "perm_feature_nmbr": "C004", "perm_feature_text": "", "pf_lat": 38.2461, "pf_lon": -81.5625, "pf_character": "CSO", "perm_feature_type_code": "EXO", "pf_state_waterbody_name": "KANAWHA RIVER", "pf_state_auto_name": "Kanawha River", "pf_reach_id": "5050006000006", "in_icis": "YES", "echo_dfr_link": "https://echo.epa.gov/detailed-facility-report?fid=110013694047", "name": "TOWN OF MARMET", "feature_kind": "CSO outfall"}}, {"type": "Feature", "id": 6239, "geometry": {"type": "Point", "coordinates": [-81.0052995727939, 39.5603000027854]}, "properties": {"OBJECTID": 6239, "npdes_pfid": "WV0021814C002", "npdes_id": "WV0021814", "permitting_state": "WV", "agency_type_code": "ST6", "facility_uin": "110010867080", "facility_name": "CITY OF SISTERSVILLE", "location_address": "300 CLAY STREET", "supplemental_address_text": "", "facility_city": "SISTERSVILLE", "county_code": "WV095", "state_code": "WV", "epa_region_code": "03", "facility_type_code": "MWD", "facility_lat": 39.5581, "facility_lon": -81.0064, "permit_name": "SISTERSVILLE, CITY OF", "version_nmbr": 0, "permit_type_code": "NPD", "effective_date": 1685577600000, "expiration_date": 1838505600000, "permit_status_code": "EFF", "facility_type_indicator": "POTW", "major_minor_status_flag": "N", "permit_tracking": "Y", "pt_start_date": 1685577600000, "dmr_tracking": "Y", "dmr_nr_start_date": 1685577600000, "permit_design_flow": 0.3, "permit_avg_flow": null, "perm_feature_nmbr": "C002", "perm_feature_text": "", "pf_lat": 39.5603, "pf_lon": -81.0053, "pf_character": "CSO", "perm_feature_type_code": "EXO", "pf_state_waterbody_name": "Ohio River", "pf_state_auto_name": "Ohio River", "pf_reach_id": "5030201002177", "in_icis": "YES", "echo_dfr_link": "https://echo.epa.gov/detailed-facility-report?fid=110010867080", "name": "CITY OF SISTERSVILLE", "feature_kind": "CSO outfall"}}, {"type": "Feature", "id": 6240, "geometry": {"type": "Point", "coordinates": [-81.0050004338043, 39.5585997461294]}, "properties": {"OBJECTID": 6240, "npdes_pfid": "WV0021814C003", "npdes_id": "WV0021814", "permitting_state": "WV", "agency_type_code": "ST6", "facility_uin": "110010867080", "facility_name": "CITY OF SISTERSVILLE", "location_address": "300 CLAY STREET", "supplemental_address_text": "", "facility_city": "SISTERSVILLE", "county_code": "WV095", "state_code": "WV", "epa_region_code": "03", "facility_type_code": "MWD", "facility_lat": 39.5581, "facility_lon": -81.0064, "permit_name": "SISTERSVILLE, CITY OF", "version_nmbr": 0, "permit_type_code": "NPD", "effective_date": 1685577600000, "expiration_date": 1838505600000, "permit_status_code": "EFF", "facility_type_indicator": "POTW", "major_minor_status_flag": "N", "permit_tracking": "Y", "pt_start_date": 1685577600000, "dmr_tracking": "Y", "dmr_nr_start_date": 1685577600000, "permit_design_flow": 0.3, "permit_avg_flow": null, "perm_feature_nmbr": "C003", "perm_feature_text": "", "pf_lat": 39.5586, "pf_lon": -81.005, "pf_character": "CSO", "perm_feature_type_code": "EXO", "pf_state_waterbody_name": "Ohio River", "pf_state_auto_name": "Cow Hollow Run", "pf_reach_id": "5030201002180", "in_icis": "YES", "echo_dfr_link": "https://echo.epa.gov/detailed-facility-report?fid=110010867080", "name": "CITY OF SISTERSVILLE", "feature_kind": "CSO outfall"}}, {"type": "Feature", "id": 6241, "geometry": {"type": "Point", "coordinates": [-81.0144004049373, 39.5635999746469]}, "properties": {"OBJECTID": 6241, "npdes_pfid": "WV0021814C004", "npdes_id": "WV0021814", "permitting_state": "WV", "agency_type_code": "ST6", "facility_uin": "110010867080", "facility_name": "CITY OF SISTERSVILLE", "location_address": "300 CLAY STREET", "supplemental_address_text": "", "facility_city": "SISTERSVILLE", "county_code": "WV095", "state_code": "WV", "epa_region_code": "03", "facility_type_code": "MWD", "facility_lat": 39.5581, "facility_lon": -81.0064, "permit_name": "SISTERSVILLE, CITY OF", "version_nmbr": 0, "permit_type_code": "NPD", "effective_date": 1685577600000, "expiration_date": 1838505600000, "permit_status_code": "EFF", "facility_type_indicator": "POTW", "major_minor_status_flag": "N", "permit_tracking": "Y", "pt_start_date": 1685577600000, "dmr_tracking": "Y", "dmr_nr_start_date": 1685577600000, "permit_design_flow": 0.3, "permit_avg_flow": null, "perm_feature_nmbr": "C004", "perm_feature_text": "", "pf_lat": 39.5636, "pf_lon": -81.0144, "pf_character": "CSO", "perm_feature_type_code": "EXO", "pf_state_waterbody_name": "Ohio River", "pf_state_auto_name": "Mill Creek-Ohio River", "pf_reach_id": "5030201002178", "in_icis": "YES", "echo_dfr_link": "https://echo.epa.gov/detailed-facility-report?fid=110010867080", "name": "CITY OF SISTERSVILLE", "feature_kind": "CSO outfall"}}, {"type": "Feature", "id": 6242, "geometry": {"type": "Point", "coordinates": [-80.0319004022818, 39.3411002441007]}, "properties": {"OBJECTID": 6242, "npdes_pfid": "WV0021822C007", "npdes_id": "WV0021822", "permitting_state": "WV", "agency_type_code": "ST6", "facility_uin": "110010687159", "facility_name": "CITY OF GRAFTON", "location_address": "466 GEORGE WASHINGTON HIGHWAY", "supplemental_address_text": "", "facility_city": "GRAFTON", "county_code": "WV091", "state_code": "WV", "epa_region_code": "03", "facility_type_code": "MWD", "facility_lat": 39.3531, "facility_lon": -80.0525, "permit_name": "GRAFTON, CITY OF", "version_nmbr": 0, "permit_type_code": "NPD", "effective_date": 1667260800000, "expiration_date": 1820966400000, "permit_status_code": "EFF", "facility_type_indicator": "POTW", "major_minor_status_flag": "M", "permit_tracking": "Y", "pt_start_date": 1667260800000, "dmr_tracking": "Y", "dmr_nr_start_date": 1667260800000, "permit_design_flow": 2.3, "permit_avg_flow": null, "perm_feature_nmbr": "C007", "perm_feature_text": "", "pf_lat": 39.3411, "pf_lon": -80.0319, "pf_character": "CSO", "perm_feature_type_code": "EXO", "pf_state_waterbody_name": "Tygart Valley River/Monongahela River", "pf_state_auto_name": "", "pf_reach_id": "", "in_icis": "YES", "echo_dfr_link": "https://echo.epa.gov/detailed-facility-report?fid=110010687159", "name": "CITY OF GRAFTON", "feature_kind": "CSO outfall"}}, {"type": "Feature", "id": 6243, "geometry": {"type": "Point", "coordinates": [-80.0305996417504, 39.3399997606836]}, "properties": {"OBJECTID": 6243, "npdes_pfid": "WV0021822C008", "npdes_id": "WV0021822", "permitting_state": "WV", "agency_type_code": "ST6", "facility_uin": "110010687159", "facility_name": "CITY OF GRAFTON", "location_address": "466 GEORGE WASHINGTON HIGHWAY", "supplemental_address_text": "", "facility_city": "GRAFTON", "county_code": "WV091", "state_code": "WV", "epa_region_code": "03", "facility_type_code": "MWD", "facility_lat": 39.3531, "facility_lon": -80.0525, "permit_name": "GRAFTON, CITY OF", "version_nmbr": 0, "permit_type_code": "NPD", "effective_date": 1667260800000, "expiration_date": 1820966400000, "permit_status_code": "EFF", "facility_type_indicator": "POTW", "major_minor_status_flag": "M", "permit_tracking": "Y", "pt_start_date": 1667260800000, "dmr_tracking": "Y", "dmr_nr_start_date": 1667260800000, "permit_design_flow": 2.3, "permit_avg_flow": null, "perm_feature_nmbr": "C008", "perm_feature_text": "", "pf_lat": 39.34, "pf_lon": -80.0306, "pf_character": "CSO", "perm_feature_type_code": "EXO", "pf_state_waterbody_name": "Tygart Valley River/Monongahela River", "pf_state_auto_name": "", "pf_reach_id": "", "in_icis": "YES", "echo_dfr_link": "https://echo.epa.gov/detailed-facility-report?fid=110010687159", "name": "CITY OF GRAFTON", "feature_kind": "CSO outfall"}}, {"type": "Feature", "id": 6244, "geometry": {"type": "Point", "coordinates": [-80.0302996044455, 39.3399997606836]}, "properties": {"OBJECTID": 6244, "npdes_pfid": "WV0021822C009", "npdes_id": "WV0021822", "permitting_state": "WV", "agency_type_code": "ST6", "facility_uin": "110010687159", "facility_name": "CITY OF GRAFTON", "location_address": "466 GEORGE WASHINGTON HIGHWAY", "supplemental_address_text": "", "facility_city": "GRAFTON", "county_code": "WV091", "state_code": "WV", "epa_region_code": "03", "facility_type_code": "MWD", "facility_lat": 39.3531, "facility_lon": -80.0525, "permit_name": "GRAFTON, CITY OF", "version_nmbr": 0, "permit_type_code": "NPD", "effective_date": 1667260800000, "expiration_date": 1820966400000, "permit_status_code": "EFF", "facility_type_indicator": "POTW", "major_minor_status_flag": "M", "permit_tracking": "Y", "pt_start_date": 1667260800000, "dmr_tracking": "Y", "dmr_nr_start_date": 1667260800000, "permit_design_flow": 2.3, "permit_avg_flow": null, "perm_feature_nmbr": "C009", "perm_feature_text": "", "pf_lat": 39.34, "pf_lon": -80.0303, "pf_character": "CSO", "perm_feature_type_code": "EXO", "pf_state_waterbody_name": "Tygart Valley River/Monongahela River", "pf_state_auto_name": "", "pf_reach_id": "", "in_icis": "YES", "echo_dfr_link": "https://echo.epa.gov/detailed-facility-report?fid=110010687159", "name": "CITY OF GRAFTON", "feature_kind": "CSO outfall"}}, {"type": "Feature", "id": 6245, "geometry": {"type": "Point", "coordinates": [-80.0250004425845, 39.3402998942428]}, "properties": {"OBJECTID": 6245, "npdes_pfid": "WV0021822C011", "npdes_id": "WV0021822", "permitting_state": "WV", "agency_type_code": "ST6", "facility_uin": "110010687159", "facility_name": "CITY OF GRAFTON", "location_address": "466 GEORGE WASHINGTON HIGHWAY", "supplemental_address_text": "", "facility_city": "GRAFTON", "county_code": "WV091", "state_code": "WV", "epa_region_code": "03", "facility_type_code": "MWD", "facility_lat": 39.3531, "facility_lon": -80.0525, "permit_name": "GRAFTON, CITY OF", "version_nmbr": 0, "permit_type_code": "NPD", "effective_date": 1667260800000, "expiration_date": 1820966400000, "permit_status_code": "EFF", "facility_type_indicator": "POTW", "major_minor_status_flag": "M", "permit_tracking": "Y", "pt_start_date": 1667260800000, "dmr_tracking": "Y", "dmr_nr_start_date": 1667260800000, "permit_design_flow": 2.3, "permit_avg_flow": null, "perm_feature_nmbr": "C011", "perm_feature_text": "", "pf_lat": 39.3403, "pf_lon": -80.025, "pf_character": "CSO", "perm_feature_type_code": "EXO", "pf_state_waterbody_name": "Tygart Valley River/Monongahela River", "pf_state_auto_name": "", "pf_reach_id": "", "in_icis": "YES", "echo_dfr_link": "https://echo.epa.gov/detailed-facility-report?fid=110010687159", "name": "CITY OF GRAFTON", "feature_kind": "CSO outfall"}}, {"type": "Feature", "id": 6246, "geometry": {"type": "Point", "coordinates": [-80.0242000436664, 39.3399997606836]}, "properties": {"OBJECTID": 6246, "npdes_pfid": "WV0021822C012", "npdes_id": "WV0021822", "permitting_state": "WV", "agency_type_code": "ST6", "facility_uin": "110010687159", "facility_name": "CITY OF GRAFTON", "location_address": "466 GEORGE WASHINGTON HIGHWAY", "supplemental_address_text": "", "facility_city": "GRAFTON", "county_code": "WV091", "state_code": "WV", "epa_region_code": "03", "facility_type_code": "MWD", "facility_lat": 39.3531, "facility_lon": -80.0525, "permit_name": "GRAFTON, CITY OF", "version_nmbr": 0, "permit_type_code": "NPD", "effective_date": 1667260800000, "expiration_date": 1820966400000, "permit_status_code": "EFF", "facility_type_indicator": "POTW", "major_minor_status_flag": "M", "permit_tracking": "Y", "pt_start_date": 1667260800000, "dmr_tracking": "Y", "dmr_nr_start_date": 1667260800000, "permit_design_flow": 2.3, "permit_avg_flow": null, "perm_feature_nmbr": "C012", "perm_feature_text": "", "pf_lat": 39.34, "pf_lon": -80.0242, "pf_character": "CSO", "perm_feature_type_code": "EXO", "pf_state_waterbody_name": "Tygart Valley River/Monongahela River", "pf_state_auto_name": "", "pf_reach_id": "", "in_icis": "YES", "echo_dfr_link": "https://echo.epa.gov/detailed-facility-report?fid=110010687159", "name": "CITY OF GRAFTON", "feature_kind": "CSO outfall"}}, {"type": "Feature", "id": 6247, "geometry": {"type": "Point", "coordinates": [-80.0239000063615, 39.3378001314273]}, "properties": {"OBJECTID": 6247, "npdes_pfid": "WV0021822C013", "npdes_id": "WV0021822", "permitting_state": "WV", "agency_type_code": "ST6", "facility_uin": "110010687159", "facility_name": "CITY OF GRAFTON", "location_address": "466 GEORGE WASHINGTON HIGHWAY", "supplemental_address_text": "", "facility_city": "GRAFTON", "county_code": "WV091", "state_code": "WV", "epa_region_code": "03", "facility_type_code": "MWD", "facility_lat": 39.3531, "facility_lon": -80.0525, "permit_name": "GRAFTON, CITY OF", "version_nmbr": 0, "permit_type_code": "NPD", "effective_date": 1667260800000, "expiration_date": 1820966400000, "permit_status_code": "EFF", "facility_type_indicator": "POTW", "major_minor_status_flag": "M", "permit_tracking": "Y", "pt_start_date": 1667260800000, "dmr_tracking": "Y", "dmr_nr_start_date": 1667260800000, "permit_design_flow": 2.3, "permit_avg_flow": null, "perm_feature_nmbr": "C013", "perm_feature_text": "", "pf_lat": 39.3378, "pf_lon": -80.0239, "pf_character": "CSO", "perm_feature_type_code": "EXO", "pf_state_waterbody_name": "Tygart Valley River/Monongahela River", "pf_state_auto_name": "", "pf_reach_id": "", "in_icis": "YES", "echo_dfr_link": "https://echo.epa.gov/detailed-facility-report?fid=110010687159", "name": "CITY OF GRAFTON", "feature_kind": "CSO outfall"}}, {"type": "Feature", "id": 6248, "geometry": {"type": "Point", "coordinates": [-80.0194003451033, 39.3316997235518]}, "properties": {"OBJECTID": 6248, "npdes_pfid": "WV0021822C020", "npdes_id": "WV0021822", "permitting_state": "WV", "agency_type_code": "ST6", "facility_uin": "110010687159", "facility_name": "CITY OF GRAFTON", "location_address": "466 GEORGE WASHINGTON HIGHWAY", "supplemental_address_text": "", "facility_city": "GRAFTON", "county_code": "WV091", "state_code": "WV", "epa_region_code": "03", "facility_type_code": "MWD", "facility_lat": 39.3531, "facility_lon": -80.0525, "permit_name": "GRAFTON, CITY OF", "version_nmbr": 0, "permit_type_code": "NPD", "effective_date": 1667260800000, "expiration_date": 1820966400000, "permit_status_code": "EFF", "facility_type_indicator": "POTW", "major_minor_status_flag": "M", "permit_tracking": "Y", "pt_start_date": 1667260800000, "dmr_tracking": "Y", "dmr_nr_start_date": 1667260800000, "permit_design_flow": 2.3, "permit_avg_flow": null, "perm_feature_nmbr": "C020", "perm_feature_text": "", "pf_lat": 39.3317, "pf_lon": -80.0194, "pf_character": "CSO", "perm_feature_type_code": "EXO", "pf_state_waterbody_name": "Tygart Valley River/Monongahela River", "pf_state_auto_name": "", "pf_reach_id": "", "in_icis": "YES", "echo_dfr_link": "https://echo.epa.gov/detailed-facility-report?fid=110010687159", "name": "CITY OF GRAFTON", "feature_kind": "CSO outfall"}}, {"type": "Feature", "id": 6249, "geometry": {"type": "Point", "coordinates": [-80.0200004197131, 39.3388999547071]}, "properties": {"OBJECTID": 6249, "npdes_pfid": "WV0021822C024", "npdes_id": "WV0021822", "permitting_state": "WV", "agency_type_code": "ST6", "facility_uin": "110010687159", "facility_name": "CITY OF GRAFTON", "location_address": "466 GEORGE WASHINGTON HIGHWAY", "supplemental_address_text": "", "facility_city": "GRAFTON", "county_code": "WV091", "state_code": "WV", "epa_region_code": "03", "facility_type_code": "MWD", "facility_lat": 39.3531, "facility_lon": -80.0525, "permit_name": "GRAFTON, CITY OF", "version_nmbr": 0, "permit_type_code": "NPD", "effective_date": 1667260800000, "expiration_date": 1820966400000, "permit_status_code": "EFF", "facility_type_indicator": "POTW", "major_minor_status_flag": "M", "permit_tracking": "Y", "pt_start_date": 1667260800000, "dmr_tracking": "Y", "dmr_nr_start_date": 1667260800000, "permit_design_flow": 2.3, "permit_avg_flow": null, "perm_feature_nmbr": "C024", "perm_feature_text": "", "pf_lat": 39.3389, "pf_lon": -80.02, "pf_character": "CSO", "perm_feature_type_code": "EXO", "pf_state_waterbody_name": "Three Fork Creek/Tygart Valley River/Monongahela R", "pf_state_auto_name": "", "pf_reach_id": "", "in_icis": "YES", "echo_dfr_link": "https://echo.epa.gov/detailed-facility-report?fid=110010687159", "name": "CITY OF GRAFTON", "feature_kind": "CSO outfall"}}, {"type": "Feature", "id": 6250, "geometry": {"type": "Point", "coordinates": [-80.0200004197131, 39.3394001844602]}, "properties": {"OBJECTID": 6250, "npdes_pfid": "WV0021822C025", "npdes_id": "WV0021822", "permitting_state": "WV", "agency_type_code": "ST6", "facility_uin": "110010687159", "facility_name": "CITY OF GRAFTON", "location_address": "466 GEORGE WASHINGTON HIGHWAY", "supplemental_address_text": "", "facility_city": "GRAFTON", "county_code": "WV091", "state_code": "WV", "epa_region_code": "03", "facility_type_code": "MWD", "facility_lat": 39.3531, "facility_lon": -80.0525, "permit_name": "GRAFTON, CITY OF", "version_nmbr": 0, "permit_type_code": "NPD", "effective_date": 1667260800000, "expiration_date": 1820966400000, "permit_status_code": "EFF", "facility_type_indicator": "POTW", "major_minor_status_flag": "M", "permit_tracking": "Y", "pt_start_date": 1667260800000, "dmr_tracking": "Y", "dmr_nr_start_date": 1667260800000, "permit_design_flow": 2.3, "permit_avg_flow": null, "perm_feature_nmbr": "C025", "perm_feature_text": "", "pf_lat": 39.3394, "pf_lon": -80.02, "pf_character": "CSO", "perm_feature_type_code": "EXO", "pf_state_waterbody_name": "Three Fork Creek/Tygart Valley River/Monongahela R", "pf_state_auto_name": "", "pf_reach_id": "", "in_icis": "YES", "echo_dfr_link": "https://echo.epa.gov/detailed-facility-report?fid=110010687159", "name": "CITY OF GRAFTON", "feature_kind": "CSO outfall"}}, {"type": "Feature", "id": 6251, "geometry": {"type": "Point", "coordinates": [-80.0172003709725, 39.3425001395709]}, "properties": {"OBJECTID": 6251, "npdes_pfid": "WV0021822C028", "npdes_id": "WV0021822", "permitting_state": "WV", "agency_type_code": "ST6", "facility_uin": "110010687159", "facility_name": "CITY OF GRAFTON", "location_address": "466 GEORGE WASHINGTON HIGHWAY", "supplemental_address_text": "", "facility_city": "GRAFTON", "county_code": "WV091", "state_code": "WV", "epa_region_code": "03", "facility_type_code": "MWD", "facility_lat": 39.3531, "facility_lon": -80.0525, "permit_name": "GRAFTON, CITY OF", "version_nmbr": 0, "permit_type_code": "NPD", "effective_date": 1667260800000, "expiration_date": 1820966400000, "permit_status_code": "EFF", "facility_type_indicator": "POTW", "major_minor_status_flag": "M", "permit_tracking": "Y", "pt_start_date": 1667260800000, "dmr_tracking": "Y", "dmr_nr_start_date": 1667260800000, "permit_design_flow": 2.3, "permit_avg_flow": null, "perm_feature_nmbr": "C028", "perm_feature_text": "", "pf_lat": 39.3425, "pf_lon": -80.0172, "pf_character": "CSO", "perm_feature_type_code": "EXO", "pf_state_waterbody_name": "Three Fork Creek/Tygart Valley River/ Monongahela", "pf_state_auto_name": "", "pf_reach_id": "", "in_icis": "YES", "echo_dfr_link": "https://echo.epa.gov/detailed-facility-report?fid=110010687159", "name": "CITY OF GRAFTON", "feature_kind": "CSO outfall"}}, {"type": "Feature", "id": 6252, "geometry": {"type": "Point", "coordinates": [-80.0160999347494, 39.3388999547071]}, "properties": {"OBJECTID": 6252, "npdes_pfid": "WV0021822C030", "npdes_id": "WV0021822", "permitting_state": "WV", "agency_type_code": "ST6", "facility_uin": "110010687159", "facility_name": "CITY OF GRAFTON", "location_address": "466 GEORGE WASHINGTON HIGHWAY", "supplemental_address_text": "", "facility_city": "GRAFTON", "county_code": "WV091", "state_code": "WV", "epa_region_code": "03", "facility_type_code": "MWD", "facility_lat": 39.3531, "facility_lon": -80.0525, "permit_name": "GRAFTON, CITY OF", "version_nmbr": 0, "permit_type_code": "NPD", "effective_date": 1667260800000, "expiration_date": 1820966400000, "permit_status_code": "EFF", "facility_type_indicator": "POTW", "major_minor_status_flag": "M", "permit_tracking": "Y", "pt_start_date": 1667260800000, "dmr_tracking": "Y", "dmr_nr_start_date": 1667260800000, "permit_design_flow": 2.3, "permit_avg_flow": null, "perm_feature_nmbr": "C030", "perm_feature_text": "", "pf_lat": 39.3389, "pf_lon": -80.0161, "pf_character": "CSO", "perm_feature_type_code": "EXO", "pf_state_waterbody_name": "Three Fork Creek/Tygart Valley River/Monongahela R", "pf_state_auto_name": "", "pf_reach_id": "", "in_icis": "YES", "echo_dfr_link": "https://echo.epa.gov/detailed-facility-report?fid=110010687159", "name": "CITY OF GRAFTON", "feature_kind": "CSO outfall"}}, {"type": "Feature", "id": 6253, "geometry": {"type": "Point", "coordinates": [-80.0242000436664, 39.3399997606836]}, "properties": {"OBJECTID": 6253, "npdes_pfid": "WV0021822C031", "npdes_id": "WV0021822", "permitting_state": "WV", "agency_type_code": "ST6", "facility_uin": "110010687159", "facility_name": "CITY OF GRAFTON", "location_address": "466 GEORGE WASHINGTON HIGHWAY", "supplemental_address_text": "", "facility_city": "GRAFTON", "county_code": "WV091", "state_code": "WV", "epa_region_code": "03", "facility_type_code": "MWD", "facility_lat": 39.3531, "facility_lon": -80.0525, "permit_name": "GRAFTON, CITY OF", "version_nmbr": 0, "permit_type_code": "NPD", "effective_date": 1667260800000, "expiration_date": 1820966400000, "permit_status_code": "EFF", "facility_type_indicator": "POTW", "major_minor_status_flag": "M", "permit_tracking": "Y", "pt_start_date": 1667260800000, "dmr_tracking": "Y", "dmr_nr_start_date": 1667260800000, "permit_design_flow": 2.3, "permit_avg_flow": null, "perm_feature_nmbr": "C031", "perm_feature_text": "", "pf_lat": 39.34, "pf_lon": -80.0242, "pf_character": "CSO", "perm_feature_type_code": "EXO", "pf_state_waterbody_name": "Tygart River Valley/Monongahela River", "pf_state_auto_name": "", "pf_reach_id": "", "in_icis": "YES", "echo_dfr_link": "https://echo.epa.gov/detailed-facility-report?fid=110010687159", "name": "CITY OF GRAFTON", "feature_kind": "CSO outfall"}}, {"type": "Feature", "id": 6254, "geometry": {"type": "Point", "coordinates": [-79.9994002536177, 39.3464002463714]}, "properties": {"OBJECTID": 6254, "npdes_pfid": "WV0021822C034", "npdes_id": "WV0021822", "permitting_state": "WV", "agency_type_code": "ST6", "facility_uin": "110010687159", "facility_name": "CITY OF GRAFTON", "location_address": "466 GEORGE WASHINGTON HIGHWAY", "supplemental_address_text": "", "facility_city": "GRAFTON", "county_code": "WV091", "state_code": "WV", "epa_region_code": "03", "facility_type_code": "MWD", "facility_lat": 39.3531, "facility_lon": -80.0525, "permit_name": "GRAFTON, CITY OF", "version_nmbr": 0, "permit_type_code": "NPD", "effective_date": 1667260800000, "expiration_date": 1820966400000, "permit_status_code": "EFF", "facility_type_indicator": "POTW", "major_minor_status_flag": "M", "permit_tracking": "Y", "pt_start_date": 1667260800000, "dmr_tracking": "Y", "dmr_nr_start_date": 1667260800000, "permit_design_flow": 2.3, "permit_avg_flow": null, "perm_feature_nmbr": "C034", "perm_feature_text": "", "pf_lat": 39.3464, "pf_lon": -79.9994, "pf_character": "CSO", "perm_feature_type_code": "EXO", "pf_state_waterbody_name": "Three Fork Creek/Tygart Valley River/Monongahela R", "pf_state_auto_name": "", "pf_reach_id": "", "in_icis": "YES", "echo_dfr_link": "https://echo.epa.gov/detailed-facility-report?fid=110010687159", "name": "CITY OF GRAFTON", "feature_kind": "CSO outfall"}}, {"type": "Feature", "id": 6255, "geometry": {"type": "Point", "coordinates": [-80.0225004311488, 39.341699805742]}, "properties": {"OBJECTID": 6255, "npdes_pfid": "WV0021822C035", "npdes_id": "WV0021822", "permitting_state": "WV", "agency_type_code": "ST6", "facility_uin": "110010687159", "facility_name": "CITY OF GRAFTON", "location_address": "466 GEORGE WASHINGTON HIGHWAY", "supplemental_address_text": "", "facility_city": "GRAFTON", "county_code": "WV091", "state_code": "WV", "epa_region_code": "03", "facility_type_code": "MWD", "facility_lat": 39.3531, "facility_lon": -80.0525, "permit_name": "GRAFTON, CITY OF", "version_nmbr": 0, "permit_type_code": "NPD", "effective_date": 1667260800000, "expiration_date": 1820966400000, "permit_status_code": "EFF", "facility_type_indicator": "POTW", "major_minor_status_flag": "M", "permit_tracking": "Y", "pt_start_date": 1667260800000, "dmr_tracking": "Y", "dmr_nr_start_date": 1667260800000, "permit_design_flow": 2.3, "permit_avg_flow": null, "perm_feature_nmbr": "C035", "perm_feature_text": "", "pf_lat": 39.3417, "pf_lon": -80.0225, "pf_character": "CSO", "perm_feature_type_code": "EXO", "pf_state_waterbody_name": "Three Fork Creek/Tygart Valley River/Monongahela R", "pf_state_auto_name": "", "pf_reach_id": "", "in_icis": "YES", "echo_dfr_link": "https://echo.epa.gov/detailed-facility-report?fid=110010687159", "name": "CITY OF GRAFTON", "feature_kind": "CSO outfall"}}, {"type": "Feature", "id": 6256, "geometry": {"type": "Point", "coordinates": [-80.0408000118016, 39.3531002245198]}, "properties": {"OBJECTID": 6256, "npdes_pfid": "WV0021822C040", "npdes_id": "WV0021822", "permitting_state": "WV", "agency_type_code": "ST6", "facility_uin": "110010687159", "facility_name": "CITY OF GRAFTON", "location_address": "466 GEORGE WASHINGTON HIGHWAY", "supplemental_address_text": "", "facility_city": "GRAFTON", "county_code": "WV091", "state_code": "WV", "epa_region_code": "03", "facility_type_code": "MWD", "facility_lat": 39.3531, "facility_lon": -80.0525, "permit_name": "GRAFTON, CITY OF", "version_nmbr": 0, "permit_type_code": "NPD", "effective_date": 1667260800000, "expiration_date": 1820966400000, "permit_status_code": "EFF", "facility_type_indicator": "POTW", "major_minor_status_flag": "M", "permit_tracking": "Y", "pt_start_date": 1667260800000, "dmr_tracking": "Y", "dmr_nr_start_date": 1667260800000, "permit_design_flow": 2.3, "permit_avg_flow": null, "perm_feature_nmbr": "C040", "perm_feature_text": "", "pf_lat": 39.3531, "pf_lon": -80.0408, "pf_character": "CSO", "perm_feature_type_code": "EXO", "pf_state_waterbody_name": "Tygart Valley River/Monongahela River", "pf_state_auto_name": "", "pf_reach_id": "", "in_icis": "YES", "echo_dfr_link": "https://echo.epa.gov/detailed-facility-report?fid=110010687159", "name": "CITY OF GRAFTON", "feature_kind": "CSO outfall"}}, {"type": "Feature", "id": 6257, "geometry": {"type": "Point", "coordinates": [-80.2492001745645, 39.5113997864292]}, "properties": {"OBJECTID": 6257, "npdes_pfid": "WV0021865C003", "npdes_id": "WV0021865", "permitting_state": "WV", "agency_type_code": "ST6", "facility_uin": "110010867115", "facility_name": "TWON OF FARMINGTON", "location_address": "P.O. BOX 520", "supplemental_address_text": "", "facility_city": "FARMINGTON", "county_code": "WV049", "state_code": "WV", "epa_region_code": "03", "facility_type_code": "MWD", "facility_lat": 39.5111, "facility_lon": -80.25, "permit_name": "FARMINGTON, TOWN OF", "version_nmbr": 0, "permit_type_code": "NPD", "effective_date": 1701388800000, "expiration_date": 1855958400000, "permit_status_code": "EFF", "facility_type_indicator": "POTW", "major_minor_status_flag": "N", "permit_tracking": "Y", "pt_start_date": 1701388800000, "dmr_tracking": "Y", "dmr_nr_start_date": 1701388800000, "permit_design_flow": 0.125, "permit_avg_flow": null, "perm_feature_nmbr": "C003", "perm_feature_text": "", "pf_lat": 39.5114, "pf_lon": -80.2492, "pf_character": "CSO", "perm_feature_type_code": "EXO", "pf_state_waterbody_name": "Buffalo Creek/Monongahela River", "pf_state_auto_name": "Buffalo Creek", "pf_reach_id": "5020003000068", "in_icis": "YES", "echo_dfr_link": "https://echo.epa.gov/detailed-facility-report?fid=110010867115", "name": "TWON OF FARMINGTON", "feature_kind": "CSO outfall"}}, {"type": "Feature", "id": 6258, "geometry": {"type": "Point", "coordinates": [-79.6805998373824, 39.4792002281445]}, "properties": {"OBJECTID": 6258, "npdes_pfid": "WV0021881C002", "npdes_id": "WV0021881", "permitting_state": "WV", "agency_type_code": "ST6", "facility_uin": "110010851630", "facility_name": "KINGWOOD CITY OF", "location_address": "102 SHOWER BATH RD", "supplemental_address_text": "", "facility_city": "KINGWOOD", "county_code": "WV077", "state_code": "WV", "epa_region_code": "03", "facility_type_code": "MWD", "facility_lat": 39.4467, "facility_lon": -79.6783, "permit_name": "KINGWOOD, CITY OF", "version_nmbr": 0, "permit_type_code": "NPD", "effective_date": 1638316800000, "expiration_date": 1782777600000, "permit_status_code": "ADC", "facility_type_indicator": "POTW", "major_minor_status_flag": "N", "permit_tracking": "Y", "pt_start_date": 1638316800000, "dmr_tracking": "Y", "dmr_nr_start_date": 1638316800000, "permit_design_flow": 0.633, "permit_avg_flow": null, "perm_feature_nmbr": "C002", "perm_feature_text": "", "pf_lat": 39.4792, "pf_lon": -79.6806, "pf_character": "CSO", "perm_feature_type_code": "EXO", "pf_state_waterbody_name": "Green Run/Cheat River", "pf_state_auto_name": "South Fork Greens Run", "pf_reach_id": "5020004001242", "in_icis": "YES", "echo_dfr_link": "https://echo.epa.gov/detailed-facility-report?fid=110010851630", "name": "KINGWOOD CITY OF", "feature_kind": "CSO outfall"}}, {"type": "Feature", "id": 6259, "geometry": {"type": "Point", "coordinates": [-79.6617001821198, 39.4591998826652]}, "properties": {"OBJECTID": 6259, "npdes_pfid": "WV0021881C003", "npdes_id": "WV0021881", "permitting_state": "WV", "agency_type_code": "ST6", "facility_uin": "110010851630", "facility_name": "KINGWOOD CITY OF", "location_address": "102 SHOWER BATH RD", "supplemental_address_text": "", "facility_city": "KINGWOOD", "county_code": "WV077", "state_code": "WV", "epa_region_code": "03", "facility_type_code": "MWD", "facility_lat": 39.4467, "facility_lon": -79.6783, "permit_name": "KINGWOOD, CITY OF", "version_nmbr": 0, "permit_type_code": "NPD", "effective_date": 1638316800000, "expiration_date": 1782777600000, "permit_status_code": "ADC", "facility_type_indicator": "POTW", "major_minor_status_flag": "N", "permit_tracking": "Y", "pt_start_date": 1638316800000, "dmr_tracking": "Y", "dmr_nr_start_date": 1638316800000, "permit_design_flow": 0.633, "permit_avg_flow": null, "perm_feature_nmbr": "C003", "perm_feature_text": "", "pf_lat": 39.4592, "pf_lon": -79.6617, "pf_character": "CSO", "perm_feature_type_code": "EXO", "pf_state_waterbody_name": "CHEAT RIVER", "pf_state_auto_name": "Cheat River", "pf_reach_id": "5020004000015", "in_icis": "YES", "echo_dfr_link": "https://echo.epa.gov/detailed-facility-report?fid=110010851630", "name": "KINGWOOD CITY OF", "feature_kind": "CSO outfall"}}, {"type": "Feature", "id": 6260, "geometry": {"type": "Point", "coordinates": [-79.6793996881628, 39.4474997797883]}, "properties": {"OBJECTID": 6260, "npdes_pfid": "WV0021881C005", "npdes_id": "WV0021881", "permitting_state": "WV", "agency_type_code": "ST6", "facility_uin": "110010851630", "facility_name": "KINGWOOD CITY OF", "location_address": "102 SHOWER BATH RD", "supplemental_address_text": "", "facility_city": "KINGWOOD", "county_code": "WV077", "state_code": "WV", "epa_region_code": "03", "facility_type_code": "MWD", "facility_lat": 39.4467, "facility_lon": -79.6783, "permit_name": "KINGWOOD, CITY OF", "version_nmbr": 0, "permit_type_code": "NPD", "effective_date": 1638316800000, "expiration_date": 1782777600000, "permit_status_code": "ADC", "facility_type_indicator": "POTW", "major_minor_status_flag": "N", "permit_tracking": "Y", "pt_start_date": 1638316800000, "dmr_tracking": "Y", "dmr_nr_start_date": 1638316800000, "permit_design_flow": 0.633, "permit_avg_flow": null, "perm_feature_nmbr": "C005", "perm_feature_text": "", "pf_lat": 39.4475, "pf_lon": -79.6794, "pf_character": "CSO", "perm_feature_type_code": "EXO", "pf_state_waterbody_name": "MORGAN RUN/CHEAT RIVER", "pf_state_auto_name": "Morgan Run", "pf_reach_id": "5020004000467", "in_icis": "YES", "echo_dfr_link": "https://echo.epa.gov/detailed-facility-report?fid=110010851630", "name": "KINGWOOD CITY OF", "feature_kind": "CSO outfall"}}, {"type": "Feature", "id": 6261, "geometry": {"type": "Point", "coordinates": [-80.5375000919581, 38.2218997133886]}, "properties": {"OBJECTID": 6261, "npdes_pfid": "WV0022004C002", "npdes_id": "WV0022004", "permitting_state": "WV", "agency_type_code": "ST6", "facility_uin": "110010851649", "facility_name": "RICHWOOD CITY OF", "location_address": "STAFF DRIVE", "supplemental_address_text": "", "facility_city": "RICHWOOD", "county_code": "WV067", "state_code": "WV", "epa_region_code": "03", "facility_type_code": "MWD", "facility_lat": 38.2214, "facility_lon": -80.5633, "permit_name": "RICHWOOD, CITY OF", "version_nmbr": 0, "permit_type_code": "NPD", "effective_date": 1672531200000, "expiration_date": 1826064000000, "permit_status_code": "EFF", "facility_type_indicator": "POTW", "major_minor_status_flag": "N", "permit_tracking": "Y", "pt_start_date": 1672531200000, "dmr_tracking": "Y", "dmr_nr_start_date": 1672531200000, "permit_design_flow": 0.5, "permit_avg_flow": null, "perm_feature_nmbr": "C002", "perm_feature_text": "", "pf_lat": 38.2219, "pf_lon": -80.5375, "pf_character": "CSO", "perm_feature_type_code": "EXO", "pf_state_waterbody_name": "Cherry River/Gauley River/Kanawha River", "pf_state_auto_name": "Cherry River", "pf_reach_id": "5050005000218", "in_icis": "YES", "echo_dfr_link": "https://echo.epa.gov/detailed-facility-report?fid=110010851649", "name": "RICHWOOD CITY OF", "feature_kind": "CSO outfall"}}, {"type": "Feature", "id": 6262, "geometry": {"type": "Point", "coordinates": [-80.561699807397, 38.2208001701484]}, "properties": {"OBJECTID": 6262, "npdes_pfid": "WV0022004C003", "npdes_id": "WV0022004", "permitting_state": "WV", "agency_type_code": "ST6", "facility_uin": "110010851649", "facility_name": "RICHWOOD CITY OF", "location_address": "STAFF DRIVE", "supplemental_address_text": "", "facility_city": "RICHWOOD", "county_code": "WV067", "state_code": "WV", "epa_region_code": "03", "facility_type_code": "MWD", "facility_lat": 38.2214, "facility_lon": -80.5633, "permit_name": "RICHWOOD, CITY OF", "version_nmbr": 0, "permit_type_code": "NPD", "effective_date": 1672531200000, "expiration_date": 1826064000000, "permit_status_code": "EFF", "facility_type_indicator": "POTW", "major_minor_status_flag": "N", "permit_tracking": "Y", "pt_start_date": 1672531200000, "dmr_tracking": "Y", "dmr_nr_start_date": 1672531200000, "permit_design_flow": 0.5, "permit_avg_flow": null, "perm_feature_nmbr": "C003", "perm_feature_text": "", "pf_lat": 38.2208, "pf_lon": -80.5617, "pf_character": "CSO", "perm_feature_type_code": "EXO", "pf_state_waterbody_name": "Cherry River/Gauley River/Kanawha River", "pf_state_auto_name": "Cherry River", "pf_reach_id": "5050005000216", "in_icis": "YES", "echo_dfr_link": "https://echo.epa.gov/detailed-facility-report?fid=110010851649", "name": "RICHWOOD CITY OF", "feature_kind": "CSO outfall"}}, {"type": "Feature", "id": 6263, "geometry": {"type": "Point", "coordinates": [-82.1366998253686, 38.8563998007629]}, "properties": {"OBJECTID": 6263, "npdes_pfid": "WV0022039C002", "npdes_id": "WV0022039", "permitting_state": "WV", "agency_type_code": "ST6", "facility_uin": "110064241832", "facility_name": "POINT PLEASANT WASTEWATER TREATMENT PLANT", "location_address": "SECOND AND WALNUT STREET", "supplemental_address_text": "", "facility_city": "POINT PLEASANT", "county_code": "WV053", "state_code": "WV", "epa_region_code": "03", "facility_type_code": "MWD", "facility_lat": 38.8375, "facility_lon": -82.1364, "permit_name": "POINT PLEASANT, CITY OF", "version_nmbr": 0, "permit_type_code": "NPD", "effective_date": 1654041600000, "expiration_date": 1807401600000, "permit_status_code": "EFF", "facility_type_indicator": "POTW", "major_minor_status_flag": "N", "permit_tracking": "Y", "pt_start_date": 1654041600000, "dmr_tracking": "Y", "dmr_nr_start_date": 1654041600000, "permit_design_flow": 0.7, "permit_avg_flow": null, "perm_feature_nmbr": "C002", "perm_feature_text": "", "pf_lat": 38.8564, "pf_lon": -82.1367, "pf_character": "CSO", "perm_feature_type_code": "EXO", "pf_state_waterbody_name": "Ohio River", "pf_state_auto_name": "Crooked Creek", "pf_reach_id": "5030202000545", "in_icis": "YES", "echo_dfr_link": "https://echo.epa.gov/detailed-facility-report?fid=110064241832", "name": "POINT PLEASANT WASTEWATER TREATMENT PLANT", "feature_kind": "CSO outfall"}}, {"type": "Feature", "id": 6264, "geometry": {"type": "Point", "coordinates": [-82.1363997880637, 38.8375000036212]}, "properties": {"OBJECTID": 6264, "npdes_pfid": "WV0022039XXX3", "npdes_id": "WV0022039", "permitting_state": "WV", "agency_type_code": "ST6", "facility_uin": "110064241832", "facility_name": "POINT PLEASANT WASTEWATER TREATMENT PLANT", "location_address": "SECOND AND WALNUT STREET", "supplemental_address_text": "", "facility_city": "POINT PLEASANT", "county_code": "WV053", "state_code": "WV", "epa_region_code": "03", "facility_type_code": "MWD", "facility_lat": 38.8375, "facility_lon": -82.1364, "permit_name": "POINT PLEASANT, CITY OF", "version_nmbr": 0, "permit_type_code": "NPD", "effective_date": 1654041600000, "expiration_date": 1807401600000, "permit_status_code": "EFF", "facility_type_indicator": "POTW", "major_minor_status_flag": "N", "permit_tracking": "Y", "pt_start_date": 1654041600000, "dmr_tracking": "Y", "dmr_nr_start_date": 1654041600000, "permit_design_flow": 0.7, "permit_avg_flow": null, "perm_feature_nmbr": "XXX3", "perm_feature_text": "", "pf_lat": 38.8375, "pf_lon": -82.1364, "pf_character": "CSO", "perm_feature_type_code": "EXO", "pf_state_waterbody_name": "KANAWHA", "pf_state_auto_name": "Kanawha River", "pf_reach_id": "5050008000992", "in_icis": "YES", "echo_dfr_link": "https://echo.epa.gov/detailed-facility-report?fid=110064241832", "name": "POINT PLEASANT WASTEWATER TREATMENT PLANT", "feature_kind": "CSO outfall"}}, {"type": "Feature", "id": 6265, "geometry": {"type": "Point", "coordinates": [-79.6777997886417, 39.0974996567098]}, "properties": {"OBJECTID": 6265, "npdes_pfid": "WV0022063C002", "npdes_id": "WV0022063", "permitting_state": "WV", "agency_type_code": "ST6", "facility_uin": "110010866615", "facility_name": "CITY OF PARSONS", "location_address": "450 D AND W LANE", "supplemental_address_text": "", "facility_city": "PARSONS", "county_code": "WV093", "state_code": "WV", "epa_region_code": "03", "facility_type_code": "MWD", "facility_lat": 39.1108, "facility_lon": -79.6808, "permit_name": "PARSONS, CITY OF", "version_nmbr": 0, "permit_type_code": "NPD", "effective_date": 1780272000000, "expiration_date": 1933891200000, "permit_status_code": "EFF", "facility_type_indicator": "POTW", "major_minor_status_flag": "N", "permit_tracking": "Y", "pt_start_date": 1780272000000, "dmr_tracking": "Y", "dmr_nr_start_date": 1780272000000, "permit_design_flow": 0.4, "permit_avg_flow": null, "perm_feature_nmbr": "C002", "perm_feature_text": "", "pf_lat": 39.0975, "pf_lon": -79.6778, "pf_character": "CSO", "perm_feature_type_code": "EXO", "pf_state_waterbody_name": "SHAVERS FORK", "pf_state_auto_name": "", "pf_reach_id": "", "in_icis": "YES", "echo_dfr_link": "https://echo.epa.gov/detailed-facility-report?fid=110010866615", "name": "CITY OF PARSONS", "feature_kind": "CSO outfall"}}, {"type": "Feature", "id": 6266, "geometry": {"type": "Point", "coordinates": [-79.6802998000774, 39.1014001538219]}, "properties": {"OBJECTID": 6266, "npdes_pfid": "WV0022063C003", "npdes_id": "WV0022063", "permitting_state": "WV", "agency_type_code": "ST6", "facility_uin": "110010866615", "facility_name": "CITY OF PARSONS", "location_address": "450 D AND W LANE", "supplemental_address_text": "", "facility_city": "PARSONS", "county_code": "WV093", "state_code": "WV", "epa_region_code": "03", "facility_type_code": "MWD", "facility_lat": 39.1108, "facility_lon": -79.6808, "permit_name": "PARSONS, CITY OF", "version_nmbr": 0, "permit_type_code": "NPD", "effective_date": 1780272000000, "expiration_date": 1933891200000, "permit_status_code": "EFF", "facility_type_indicator": "POTW", "major_minor_status_flag": "N", "permit_tracking": "Y", "pt_start_date": 1780272000000, "dmr_tracking": "Y", "dmr_nr_start_date": 1780272000000, "permit_design_flow": 0.4, "permit_avg_flow": null, "perm_feature_nmbr": "C003", "perm_feature_text": "", "pf_lat": 39.1014, "pf_lon": -79.6803, "pf_character": "CSO", "perm_feature_type_code": "EXO", "pf_state_waterbody_name": "SHAVERS FORK", "pf_state_auto_name": "", "pf_reach_id": "", "in_icis": "YES", "echo_dfr_link": "https://echo.epa.gov/detailed-facility-report?fid=110010866615", "name": "CITY OF PARSONS", "feature_kind": "CSO outfall"}}, {"type": "Feature", "id": 6267, "geometry": {"type": "Point", "coordinates": [-79.6796997254677, 39.093600338208]}, "properties": {"OBJECTID": 6267, "npdes_pfid": "WV0022063C004", "npdes_id": "WV0022063", "permitting_state": "WV", "agency_type_code": "ST6", "facility_uin": "110010866615", "facility_name": "CITY OF PARSONS", "location_address": "450 D AND W LANE", "supplemental_address_text": "", "facility_city": "PARSONS", "county_code": "WV093", "state_code": "WV", "epa_region_code": "03", "facility_type_code": "MWD", "facility_lat": 39.1108, "facility_lon": -79.6808, "permit_name": "PARSONS, CITY OF", "version_nmbr": 0, "permit_type_code": "NPD", "effective_date": 1780272000000, "expiration_date": 1933891200000, "permit_status_code": "EFF", "facility_type_indicator": "POTW", "major_minor_status_flag": "N", "permit_tracking": "Y", "pt_start_date": 1780272000000, "dmr_tracking": "Y", "dmr_nr_start_date": 1780272000000, "permit_design_flow": 0.4, "permit_avg_flow": null, "perm_feature_nmbr": "C004", "perm_feature_text": "", "pf_lat": 39.0936, "pf_lon": -79.6797, "pf_character": "CSO", "perm_feature_type_code": "EXO", "pf_state_waterbody_name": "SHAVERS FORK", "pf_state_auto_name": "", "pf_reach_id": "", "in_icis": "YES", "echo_dfr_link": "https://echo.epa.gov/detailed-facility-report?fid=110010866615", "name": "CITY OF PARSONS", "feature_kind": "CSO outfall"}}, {"type": "Feature", "id": 6268, "geometry": {"type": "Point", "coordinates": [-79.6824997742083, 39.1038999836251]}, "properties": {"OBJECTID": 6268, "npdes_pfid": "WV0022063C005", "npdes_id": "WV0022063", "permitting_state": "WV", "agency_type_code": "ST6", "facility_uin": "110010866615", "facility_name": "CITY OF PARSONS", "location_address": "450 D AND W LANE", "supplemental_address_text": "", "facility_city": "PARSONS", "county_code": "WV093", "state_code": "WV", "epa_region_code": "03", "facility_type_code": "MWD", "facility_lat": 39.1108, "facility_lon": -79.6808, "permit_name": "PARSONS, CITY OF", "version_nmbr": 0, "permit_type_code": "NPD", "effective_date": 1780272000000, "expiration_date": 1933891200000, "permit_status_code": "EFF", "facility_type_indicator": "POTW", "major_minor_status_flag": "N", "permit_tracking": "Y", "pt_start_date": 1780272000000, "dmr_tracking": "Y", "dmr_nr_start_date": 1780272000000, "permit_design_flow": 0.4, "permit_avg_flow": null, "perm_feature_nmbr": "C005", "perm_feature_text": "", "pf_lat": 39.1039, "pf_lon": -79.6825, "pf_character": "CSO", "perm_feature_type_code": "EXO", "pf_state_waterbody_name": "SHAVERS FORK", "pf_state_auto_name": "", "pf_reach_id": "", "in_icis": "YES", "echo_dfr_link": "https://echo.epa.gov/detailed-facility-report?fid=110010866615", "name": "CITY OF PARSONS", "feature_kind": "CSO outfall"}}, {"type": "Feature", "id": 6269, "geometry": {"type": "Point", "coordinates": [-79.6805998373824, 39.1005998549414]}, "properties": {"OBJECTID": 6269, "npdes_pfid": "WV0022063C006", "npdes_id": "WV0022063", "permitting_state": "WV", "agency_type_code": "ST6", "facility_uin": "110010866615", "facility_name": "CITY OF PARSONS", "location_address": "450 D AND W LANE", "supplemental_address_text": "", "facility_city": "PARSONS", "county_code": "WV093", "state_code": "WV", "epa_region_code": "03", "facility_type_code": "MWD", "facility_lat": 39.1108, "facility_lon": -79.6808, "permit_name": "PARSONS, CITY OF", "version_nmbr": 0, "permit_type_code": "NPD", "effective_date": 1780272000000, "expiration_date": 1933891200000, "permit_status_code": "EFF", "facility_type_indicator": "POTW", "major_minor_status_flag": "N", "permit_tracking": "Y", "pt_start_date": 1780272000000, "dmr_tracking": "Y", "dmr_nr_start_date": 1780272000000, "permit_design_flow": 0.4, "permit_avg_flow": null, "perm_feature_nmbr": "C006", "perm_feature_text": "", "pf_lat": 39.1006, "pf_lon": -79.6806, "pf_character": "CSO", "perm_feature_type_code": "EXO", "pf_state_waterbody_name": "SHAVERS FORK", "pf_state_auto_name": "", "pf_reach_id": "", "in_icis": "YES", "echo_dfr_link": "https://echo.epa.gov/detailed-facility-report?fid=110010866615", "name": "CITY OF PARSONS", "feature_kind": "CSO outfall"}}, {"type": "Feature", "id": 6270, "geometry": {"type": "Point", "coordinates": [-80.5597001575746, 40.2035997483823]}, "properties": {"OBJECTID": 6270, "npdes_pfid": "WV0022080C004", "npdes_id": "WV0022080", "permitting_state": "WV", "agency_type_code": "ST6", "facility_uin": "110010866633", "facility_name": "BETHANY SANITATION BOARD", "location_address": "CASTLEMAN ROAD", "supplemental_address_text": "", "facility_city": "BETHANY", "county_code": "WV009", "state_code": "WV", "epa_region_code": "03", "facility_type_code": "MWD", "facility_lat": 40.2017, "facility_lon": -80.5517, "permit_name": "BETHANY SANITATION BOARD", "version_nmbr": 0, "permit_type_code": "NPD", "effective_date": 1727740800000, "expiration_date": 1882396800000, "permit_status_code": "EFF", "facility_type_indicator": "POTW", "major_minor_status_flag": "N", "permit_tracking": "Y", "pt_start_date": 1727740800000, "dmr_tracking": "Y", "dmr_nr_start_date": 1727740800000, "permit_design_flow": 0.2, "permit_avg_flow": null, "perm_feature_nmbr": "C004", "perm_feature_text": "", "pf_lat": 40.2036, "pf_lon": -80.5597, "pf_character": "CSO", "perm_feature_type_code": "EXO", "pf_state_waterbody_name": "BUFFALO CREEK", "pf_state_auto_name": "Buffalo Creek", "pf_reach_id": "5030106000264", "in_icis": "YES", "echo_dfr_link": "https://echo.epa.gov/detailed-facility-report?fid=110010866633", "name": "BETHANY SANITATION BOARD", "feature_kind": "CSO outfall"}}, {"type": "Feature", "id": 6271, "geometry": {"type": "Point", "coordinates": [-81.1021999441766, 38.0649999534849]}, "properties": {"OBJECTID": 6271, "npdes_pfid": "WV0022314C002", "npdes_id": "WV0022314", "permitting_state": "WV", "agency_type_code": "ST6", "facility_uin": "110010866642", "facility_name": "FAYETTEVILLE WTTP", "location_address": "275 WOOLLARD ROAD", "supplemental_address_text": "", "facility_city": "FAYETTEVILLE", "county_code": "WV019", "state_code": "WV", "epa_region_code": "03", "facility_type_code": "COR", "facility_lat": 38.065, "facility_lon": -81.1022, "permit_name": "WEST VIRGINIA AMERICAN WATER", "version_nmbr": 0, "permit_type_code": "NPD", "effective_date": 1698796800000, "expiration_date": 1852934400000, "permit_status_code": "EFF", "facility_type_indicator": "NON-POTW", "major_minor_status_flag": "N", "permit_tracking": "Y", "pt_start_date": 1698796800000, "dmr_tracking": "Y", "dmr_nr_start_date": 1698796800000, "permit_design_flow": 0.5, "permit_avg_flow": 0, "perm_feature_nmbr": "C002", "perm_feature_text": "", "pf_lat": 38.065, "pf_lon": -81.1022, "pf_character": "CSO", "perm_feature_type_code": "EXO", "pf_state_waterbody_name": "MARR BRANCH", "pf_state_auto_name": "Mill Creek-New River", "pf_reach_id": "5050004000613", "in_icis": "YES", "echo_dfr_link": "https://echo.epa.gov/detailed-facility-report?fid=110010866642", "name": "FAYETTEVILLE WTTP", "feature_kind": "CSO outfall"}}, {"type": "Feature", "id": 6272, "geometry": {"type": "Point", "coordinates": [-81.0966995596919, 38.0528002157021]}, "properties": {"OBJECTID": 6272, "npdes_pfid": "WV0022314C003", "npdes_id": "WV0022314", "permitting_state": "WV", "agency_type_code": "ST6", "facility_uin": "110010866642", "facility_name": "FAYETTEVILLE WTTP", "location_address": "275 WOOLLARD ROAD", "supplemental_address_text": "", "facility_city": "FAYETTEVILLE", "county_code": "WV019", "state_code": "WV", "epa_region_code": "03", "facility_type_code": "COR", "facility_lat": 38.065, "facility_lon": -81.1022, "permit_name": "WEST VIRGINIA AMERICAN WATER", "version_nmbr": 0, "permit_type_code": "NPD", "effective_date": 1698796800000, "expiration_date": 1852934400000, "permit_status_code": "EFF", "facility_type_indicator": "NON-POTW", "major_minor_status_flag": "N", "permit_tracking": "Y", "pt_start_date": 1698796800000, "dmr_tracking": "Y", "dmr_nr_start_date": 1698796800000, "permit_design_flow": 0.5, "permit_avg_flow": 0, "perm_feature_nmbr": "C003", "perm_feature_text": "", "pf_lat": 38.0528, "pf_lon": -81.0967, "pf_character": "CSO", "perm_feature_type_code": "EXO", "pf_state_waterbody_name": "MARR BRANCH", "pf_state_auto_name": "House Branch", "pf_reach_id": "5050004000600", "in_icis": "YES", "echo_dfr_link": "https://echo.epa.gov/detailed-facility-report?fid=110010866642", "name": "FAYETTEVILLE WTTP", "feature_kind": "CSO outfall"}}, {"type": "Feature", "id": 6273, "geometry": {"type": "Point", "coordinates": [-81.0852999387365, 37.3842001830215]}, "properties": {"OBJECTID": 6273, "npdes_pfid": "WV0023094C002", "npdes_id": "WV0023094", "permitting_state": "WV", "agency_type_code": "ST6", "facility_uin": "110002055150", "facility_name": "PRINCETON SANITARY BOARD", "location_address": "719 ROUNDHOUSE RD", "supplemental_address_text": "", "facility_city": "PRINCETON", "county_code": "WV055", "state_code": "WV", "epa_region_code": "03", "facility_type_code": "MWD", "facility_lat": 37.3853, "facility_lon": -81.0844, "permit_name": "PRINCETON, CITY OF", "version_nmbr": 0, "permit_type_code": "NPD", "effective_date": 1625097600000, "expiration_date": 1779494400000, "permit_status_code": "ADC", "facility_type_indicator": "POTW", "major_minor_status_flag": "M", "permit_tracking": "Y", "pt_start_date": 1625097600000, "dmr_tracking": "Y", "dmr_nr_start_date": 1625097600000, "permit_design_flow": 4.9, "permit_avg_flow": 0, "perm_feature_nmbr": "C002", "perm_feature_text": "", "pf_lat": 37.3842, "pf_lon": -81.0853, "pf_character": "TCS", "perm_feature_type_code": "EXO", "pf_state_waterbody_name": "Brush Creek/Bluestone River", "pf_state_auto_name": "Brush Creek", "pf_reach_id": "5050002000115", "in_icis": "YES", "echo_dfr_link": "https://echo.epa.gov/detailed-facility-report?fid=110002055150", "name": "PRINCETON SANITARY BOARD", "feature_kind": "CSO outfall"}}, {"type": "Feature", "id": 6274, "geometry": {"type": "Point", "coordinates": [-81.6946999594928, 38.3627998338906]}, "properties": {"OBJECTID": 6274, "npdes_pfid": "WV0023116C008", "npdes_id": "WV0023116", "permitting_state": "WV", "agency_type_code": "ST6", "facility_uin": "110039980232", "facility_name": "SOUTH CHARLESTON WASTE TREATMENT WORKS (SCWTW)", "location_address": "1701 BROWNE AVENUE", "supplemental_address_text": "", "facility_city": "SOUTH CHARLESTON", "county_code": "WV039", "state_code": "WV", "epa_region_code": "03", "facility_type_code": "MWD", "facility_lat": 38.3667, "facility_lon": -81.6731, "permit_name": "SOUTH CHARLESTON SANITARY BOARD", "version_nmbr": 0, "permit_type_code": "NPD", "effective_date": 1785542400000, "expiration_date": 1939766400000, "permit_status_code": "EFF", "facility_type_indicator": "POTW", "major_minor_status_flag": "M", "permit_tracking": "Y", "pt_start_date": 1785542400000, "dmr_tracking": "Y", "dmr_nr_start_date": 1785542400000, "permit_design_flow": 13.9, "permit_avg_flow": null, "perm_feature_nmbr": "C008", "perm_feature_text": "", "pf_lat": 38.3628, "pf_lon": -81.6947, "pf_character": "CSO", "perm_feature_type_code": "EXO", "pf_state_waterbody_name": "KANAWHA RIVER", "pf_state_auto_name": "", "pf_reach_id": "", "in_icis": "YES", "echo_dfr_link": "https://echo.epa.gov/detailed-facility-report?fid=110039980232", "name": "SOUTH CHARLESTON WASTE TREATMENT WORKS (SCWTW)", "feature_kind": "CSO outfall"}}, {"type": "Feature", "id": 6275, "geometry": {"type": "Point", "coordinates": [-81.7038996063174, 38.370300238192]}, "properties": {"OBJECTID": 6275, "npdes_pfid": "WV0023116C018", "npdes_id": "WV0023116", "permitting_state": "WV", "agency_type_code": "ST6", "facility_uin": "110039980232", "facility_name": "SOUTH CHARLESTON WASTE TREATMENT WORKS (SCWTW)", "location_address": "1701 BROWNE AVENUE", "supplemental_address_text": "", "facility_city": "SOUTH CHARLESTON", "county_code": "WV039", "state_code": "WV", "epa_region_code": "03", "facility_type_code": "MWD", "facility_lat": 38.3667, "facility_lon": -81.6731, "permit_name": "SOUTH CHARLESTON SANITARY BOARD", "version_nmbr": 0, "permit_type_code": "NPD", "effective_date": 1785542400000, "expiration_date": 1939766400000, "permit_status_code": "EFF", "facility_type_indicator": "POTW", "major_minor_status_flag": "M", "permit_tracking": "Y", "pt_start_date": 1785542400000, "dmr_tracking": "Y", "dmr_nr_start_date": 1785542400000, "permit_design_flow": 13.9, "permit_avg_flow": null, "perm_feature_nmbr": "C018", "perm_feature_text": "", "pf_lat": 38.3703, "pf_lon": -81.7039, "pf_character": "CSO", "perm_feature_type_code": "EXO", "pf_state_waterbody_name": "KANAWHA RIVER", "pf_state_auto_name": "", "pf_reach_id": "", "in_icis": "YES", "echo_dfr_link": "https://echo.epa.gov/detailed-facility-report?fid=110039980232", "name": "SOUTH CHARLESTON WASTE TREATMENT WORKS (SCWTW)", "feature_kind": "CSO outfall"}}, {"type": "Feature", "id": 6276, "geometry": {"type": "Point", "coordinates": [-81.7131001514574, 38.3583002044001]}, "properties": {"OBJECTID": 6276, "npdes_pfid": "WV0023116C023", "npdes_id": "WV0023116", "permitting_state": "WV", "agency_type_code": "ST6", "facility_uin": "110039980232", "facility_name": "SOUTH CHARLESTON WASTE TREATMENT WORKS (SCWTW)", "location_address": "1701 BROWNE AVENUE", "supplemental_address_text": "", "facility_city": "SOUTH CHARLESTON", "county_code": "WV039", "state_code": "WV", "epa_region_code": "03", "facility_type_code": "MWD", "facility_lat": 38.3667, "facility_lon": -81.6731, "permit_name": "SOUTH CHARLESTON SANITARY BOARD", "version_nmbr": 0, "permit_type_code": "NPD", "effective_date": 1785542400000, "expiration_date": 1939766400000, "permit_status_code": "EFF", "facility_type_indicator": "POTW", "major_minor_status_flag": "M", "permit_tracking": "Y", "pt_start_date": 1785542400000, "dmr_tracking": "Y", "dmr_nr_start_date": 1785542400000, "permit_design_flow": 13.9, "permit_avg_flow": null, "perm_feature_nmbr": "C023", "perm_feature_text": "", "pf_lat": 38.3583, "pf_lon": -81.7131, "pf_character": "CSO", "perm_feature_type_code": "EXO", "pf_state_waterbody_name": "KANAWHA RIVER", "pf_state_auto_name": "", "pf_reach_id": "", "in_icis": "YES", "echo_dfr_link": "https://echo.epa.gov/detailed-facility-report?fid=110039980232", "name": "SOUTH CHARLESTON WASTE TREATMENT WORKS (SCWTW)", "feature_kind": "CSO outfall"}}, {"type": "Feature", "id": 6277, "geometry": {"type": "Point", "coordinates": [-81.7232996231933, 38.3561002994027]}, "properties": {"OBJECTID": 6277, "npdes_pfid": "WV0023116C027", "npdes_id": "WV0023116", "permitting_state": "WV", "agency_type_code": "ST6", "facility_uin": "110039980232", "facility_name": "SOUTH CHARLESTON WASTE TREATMENT WORKS (SCWTW)", "location_address": "1701 BROWNE AVENUE", "supplemental_address_text": "", "facility_city": "SOUTH CHARLESTON", "county_code": "WV039", "state_code": "WV", "epa_region_code": "03", "facility_type_code": "MWD", "facility_lat": 38.3667, "facility_lon": -81.6731, "permit_name": "SOUTH CHARLESTON SANITARY BOARD", "version_nmbr": 0, "permit_type_code": "NPD", "effective_date": 1785542400000, "expiration_date": 1939766400000, "permit_status_code": "EFF", "facility_type_indicator": "POTW", "major_minor_status_flag": "M", "permit_tracking": "Y", "pt_start_date": 1785542400000, "dmr_tracking": "Y", "dmr_nr_start_date": 1785542400000, "permit_design_flow": 13.9, "permit_avg_flow": null, "perm_feature_nmbr": "C027", "perm_feature_text": "", "pf_lat": 38.3561, "pf_lon": -81.7233, "pf_character": "CSO", "perm_feature_type_code": "EXO", "pf_state_waterbody_name": "KANAWHA RIVER", "pf_state_auto_name": "", "pf_reach_id": "", "in_icis": "YES", "echo_dfr_link": "https://echo.epa.gov/detailed-facility-report?fid=110039980232", "name": "SOUTH CHARLESTON WASTE TREATMENT WORKS (SCWTW)", "feature_kind": "CSO outfall"}}, {"type": "Feature", "id": 6278, "geometry": {"type": "Point", "coordinates": [-81.749199849465, 38.3539003275612]}, "properties": {"OBJECTID": 6278, "npdes_pfid": "WV0023116C029", "npdes_id": "WV0023116", "permitting_state": "WV", "agency_type_code": "ST6", "facility_uin": "110039980232", "facility_name": "SOUTH CHARLESTON WASTE TREATMENT WORKS (SCWTW)", "location_address": "1701 BROWNE AVENUE", "supplemental_address_text": "", "facility_city": "SOUTH CHARLESTON", "county_code": "WV039", "state_code": "WV", "epa_region_code": "03", "facility_type_code": "MWD", "facility_lat": 38.3667, "facility_lon": -81.6731, "permit_name": "SOUTH CHARLESTON SANITARY BOARD", "version_nmbr": 0, "permit_type_code": "NPD", "effective_date": 1785542400000, "expiration_date": 1939766400000, "permit_status_code": "EFF", "facility_type_indicator": "POTW", "major_minor_status_flag": "M", "permit_tracking": "Y", "pt_start_date": 1785542400000, "dmr_tracking": "Y", "dmr_nr_start_date": 1785542400000, "permit_design_flow": 13.9, "permit_avg_flow": null, "perm_feature_nmbr": "C029", "perm_feature_text": "", "pf_lat": 38.3539, "pf_lon": -81.7492, "pf_character": "CSO", "perm_feature_type_code": "EXO", "pf_state_waterbody_name": "KANAWHA RIVER", "pf_state_auto_name": "", "pf_reach_id": "", "in_icis": "YES", "echo_dfr_link": "https://echo.epa.gov/detailed-facility-report?fid=110039980232", "name": "SOUTH CHARLESTON WASTE TREATMENT WORKS (SCWTW)", "feature_kind": "CSO outfall"}}, {"type": "Feature", "id": 6279, "geometry": {"type": "Point", "coordinates": [-81.6721998565714, 38.3642000998427]}, "properties": {"OBJECTID": 6279, "npdes_pfid": "WV0023116C030", "npdes_id": "WV0023116", "permitting_state": "WV", "agency_type_code": "ST6", "facility_uin": "110039980232", "facility_name": "SOUTH CHARLESTON WASTE TREATMENT WORKS (SCWTW)", "location_address": "1701 BROWNE AVENUE", "supplemental_address_text": "", "facility_city": "SOUTH CHARLESTON", "county_code": "WV039", "state_code": "WV", "epa_region_code": "03", "facility_type_code": "MWD", "facility_lat": 38.3667, "facility_lon": -81.6731, "permit_name": "SOUTH CHARLESTON SANITARY BOARD", "version_nmbr": 0, "permit_type_code": "NPD", "effective_date": 1785542400000, "expiration_date": 1939766400000, "permit_status_code": "EFF", "facility_type_indicator": "POTW", "major_minor_status_flag": "M", "permit_tracking": "Y", "pt_start_date": 1785542400000, "dmr_tracking": "Y", "dmr_nr_start_date": 1785542400000, "permit_design_flow": 13.9, "permit_avg_flow": null, "perm_feature_nmbr": "C030", "perm_feature_text": "", "pf_lat": 38.3642, "pf_lon": -81.6722, "pf_character": "CSO", "perm_feature_type_code": "EXO", "pf_state_waterbody_name": "KANAWHA RIVER", "pf_state_auto_name": "", "pf_reach_id": "", "in_icis": "YES", "echo_dfr_link": "https://echo.epa.gov/detailed-facility-report?fid=110039980232", "name": "SOUTH CHARLESTON WASTE TREATMENT WORKS (SCWTW)", "feature_kind": "CSO outfall"}}, {"type": "Feature", "id": 6280, "geometry": {"type": "Point", "coordinates": [-81.7316997694151, 38.3549999696165]}, "properties": {"OBJECTID": 6280, "npdes_pfid": "WV0023116C035", "npdes_id": "WV0023116", "permitting_state": "WV", "agency_type_code": "ST6", "facility_uin": "110039980232", "facility_name": "SOUTH CHARLESTON WASTE TREATMENT WORKS (SCWTW)", "location_address": "1701 BROWNE AVENUE", "supplemental_address_text": "", "facility_city": "SOUTH CHARLESTON", "county_code": "WV039", "state_code": "WV", "epa_region_code": "03", "facility_type_code": "MWD", "facility_lat": 38.3667, "facility_lon": -81.6731, "permit_name": "SOUTH CHARLESTON SANITARY BOARD", "version_nmbr": 0, "permit_type_code": "NPD", "effective_date": 1785542400000, "expiration_date": 1939766400000, "permit_status_code": "EFF", "facility_type_indicator": "POTW", "major_minor_status_flag": "M", "permit_tracking": "Y", "pt_start_date": 1785542400000, "dmr_tracking": "Y", "dmr_nr_start_date": 1785542400000, "permit_design_flow": 13.9, "permit_avg_flow": null, "perm_feature_nmbr": "C035", "perm_feature_text": "", "pf_lat": 38.355, "pf_lon": -81.7317, "pf_character": "CSO", "perm_feature_type_code": "EXO", "pf_state_waterbody_name": "KANAWHA RIVER", "pf_state_auto_name": "", "pf_reach_id": "", "in_icis": "YES", "echo_dfr_link": "https://echo.epa.gov/detailed-facility-report?fid=110039980232", "name": "SOUTH CHARLESTON WASTE TREATMENT WORKS (SCWTW)", "feature_kind": "CSO outfall"}}, {"type": "Feature", "id": 6281, "geometry": {"type": "Point", "coordinates": [-81.7332996689361, 38.3546998767727]}, "properties": {"OBJECTID": 6281, "npdes_pfid": "WV0023116C036", "npdes_id": "WV0023116", "permitting_state": "WV", "agency_type_code": "ST6", "facility_uin": "110039980232", "facility_name": "SOUTH CHARLESTON WASTE TREATMENT WORKS (SCWTW)", "location_address": "1701 BROWNE AVENUE", "supplemental_address_text": "", "facility_city": "SOUTH CHARLESTON", "county_code": "WV039", "state_code": "WV", "epa_region_code": "03", "facility_type_code": "MWD", "facility_lat": 38.3667, "facility_lon": -81.6731, "permit_name": "SOUTH CHARLESTON SANITARY BOARD", "version_nmbr": 0, "permit_type_code": "NPD", "effective_date": 1785542400000, "expiration_date": 1939766400000, "permit_status_code": "EFF", "facility_type_indicator": "POTW", "major_minor_status_flag": "M", "permit_tracking": "Y", "pt_start_date": 1785542400000, "dmr_tracking": "Y", "dmr_nr_start_date": 1785542400000, "permit_design_flow": 13.9, "permit_avg_flow": null, "perm_feature_nmbr": "C036", "perm_feature_text": "", "pf_lat": 38.3547, "pf_lon": -81.7333, "pf_character": "CSO", "perm_feature_type_code": "EXO", "pf_state_waterbody_name": "KANAWHA RIVER", "pf_state_auto_name": "", "pf_reach_id": "", "in_icis": "YES", "echo_dfr_link": "https://echo.epa.gov/detailed-facility-report?fid=110039980232", "name": "SOUTH CHARLESTON WASTE TREATMENT WORKS (SCWTW)", "feature_kind": "CSO outfall"}}, {"type": "Feature", "id": 6282, "geometry": {"type": "Point", "coordinates": [-81.7385997291124, 38.3518996547265]}, "properties": {"OBJECTID": 6282, "npdes_pfid": "WV0023116C039", "npdes_id": "WV0023116", "permitting_state": "WV", "agency_type_code": "ST6", "facility_uin": "110039980232", "facility_name": "SOUTH CHARLESTON WASTE TREATMENT WORKS (SCWTW)", "location_address": "1701 BROWNE AVENUE", "supplemental_address_text": "", "facility_city": "SOUTH CHARLESTON", "county_code": "WV039", "state_code": "WV", "epa_region_code": "03", "facility_type_code": "MWD", "facility_lat": 38.3667, "facility_lon": -81.6731, "permit_name": "SOUTH CHARLESTON SANITARY BOARD", "version_nmbr": 0, "permit_type_code": "NPD", "effective_date": 1785542400000, "expiration_date": 1939766400000, "permit_status_code": "EFF", "facility_type_indicator": "POTW", "major_minor_status_flag": "M", "permit_tracking": "Y", "pt_start_date": 1785542400000, "dmr_tracking": "Y", "dmr_nr_start_date": 1785542400000, "permit_design_flow": 13.9, "permit_avg_flow": null, "perm_feature_nmbr": "C039", "perm_feature_text": "", "pf_lat": 38.3519, "pf_lon": -81.7386, "pf_character": "CSO", "perm_feature_type_code": "EXO", "pf_state_waterbody_name": "KANAWHA RIVER", "pf_state_auto_name": "", "pf_reach_id": "", "in_icis": "YES", "echo_dfr_link": "https://echo.epa.gov/detailed-facility-report?fid=110039980232", "name": "SOUTH CHARLESTON WASTE TREATMENT WORKS (SCWTW)", "feature_kind": "CSO outfall"}}, {"type": "Feature", "id": 6283, "geometry": {"type": "Point", "coordinates": [-81.7406002772501, 38.3527999643426]}, "properties": {"OBJECTID": 6283, "npdes_pfid": "WV0023116C040", "npdes_id": "WV0023116", "permitting_state": "WV", "agency_type_code": "ST6", "facility_uin": "110039980232", "facility_name": "SOUTH CHARLESTON WASTE TREATMENT WORKS (SCWTW)", "location_address": "1701 BROWNE AVENUE", "supplemental_address_text": "", "facility_city": "SOUTH CHARLESTON", "county_code": "WV039", "state_code": "WV", "epa_region_code": "03", "facility_type_code": "MWD", "facility_lat": 38.3667, "facility_lon": -81.6731, "permit_name": "SOUTH CHARLESTON SANITARY BOARD", "version_nmbr": 0, "permit_type_code": "NPD", "effective_date": 1785542400000, "expiration_date": 1939766400000, "permit_status_code": "EFF", "facility_type_indicator": "POTW", "major_minor_status_flag": "M", "permit_tracking": "Y", "pt_start_date": 1785542400000, "dmr_tracking": "Y", "dmr_nr_start_date": 1785542400000, "permit_design_flow": 13.9, "permit_avg_flow": null, "perm_feature_nmbr": "C040", "perm_feature_text": "", "pf_lat": 38.3528, "pf_lon": -81.7406, "pf_character": "CSO", "perm_feature_type_code": "EXO", "pf_state_waterbody_name": "KANAWHA RIVER", "pf_state_auto_name": "", "pf_reach_id": "", "in_icis": "YES", "echo_dfr_link": "https://echo.epa.gov/detailed-facility-report?fid=110039980232", "name": "SOUTH CHARLESTON WASTE TREATMENT WORKS (SCWTW)", "feature_kind": "CSO outfall"}}, {"type": "Feature", "id": 6284, "geometry": {"type": "Point", "coordinates": [-81.7422001767711, 38.3533001315149]}, "properties": {"OBJECTID": 6284, "npdes_pfid": "WV0023116C041", "npdes_id": "WV0023116", "permitting_state": "WV", "agency_type_code": "ST6", "facility_uin": "110039980232", "facility_name": "SOUTH CHARLESTON WASTE TREATMENT WORKS (SCWTW)", "location_address": "1701 BROWNE AVENUE", "supplemental_address_text": "", "facility_city": "SOUTH CHARLESTON", "county_code": "WV039", "state_code": "WV", "epa_region_code": "03", "facility_type_code": "MWD", "facility_lat": 38.3667, "facility_lon": -81.6731, "permit_name": "SOUTH CHARLESTON SANITARY BOARD", "version_nmbr": 0, "permit_type_code": "NPD", "effective_date": 1785542400000, "expiration_date": 1939766400000, "permit_status_code": "EFF", "facility_type_indicator": "POTW", "major_minor_status_flag": "M", "permit_tracking": "Y", "pt_start_date": 1785542400000, "dmr_tracking": "Y", "dmr_nr_start_date": 1785542400000, "permit_design_flow": 13.9, "permit_avg_flow": null, "perm_feature_nmbr": "C041", "perm_feature_text": "", "pf_lat": 38.3533, "pf_lon": -81.7422, "pf_character": "CSO", "perm_feature_type_code": "EXO", "pf_state_waterbody_name": "KANAWHA RIVER", "pf_state_auto_name": "", "pf_reach_id": "", "in_icis": "YES", "echo_dfr_link": "https://echo.epa.gov/detailed-facility-report?fid=110039980232", "name": "SOUTH CHARLESTON WASTE TREATMENT WORKS (SCWTW)", "feature_kind": "CSO outfall"}}, {"type": "Feature", "id": 6285, "geometry": {"type": "Point", "coordinates": [-81.7282996460647, 38.3517002888767]}, "properties": {"OBJECTID": 6285, "npdes_pfid": "WV0023116C042", "npdes_id": "WV0023116", "permitting_state": "WV", "agency_type_code": "ST6", "facility_uin": "110039980232", "facility_name": "SOUTH CHARLESTON WASTE TREATMENT WORKS (SCWTW)", "location_address": "1701 BROWNE AVENUE", "supplemental_address_text": "", "facility_city": "SOUTH CHARLESTON", "county_code": "WV039", "state_code": "WV", "epa_region_code": "03", "facility_type_code": "MWD", "facility_lat": 38.3667, "facility_lon": -81.6731, "permit_name": "SOUTH CHARLESTON SANITARY BOARD", "version_nmbr": 0, "permit_type_code": "NPD", "effective_date": 1785542400000, "expiration_date": 1939766400000, "permit_status_code": "EFF", "facility_type_indicator": "POTW", "major_minor_status_flag": "M", "permit_tracking": "Y", "pt_start_date": 1785542400000, "dmr_tracking": "Y", "dmr_nr_start_date": 1785542400000, "permit_design_flow": 13.9, "permit_avg_flow": null, "perm_feature_nmbr": "C042", "perm_feature_text": "", "pf_lat": 38.3517, "pf_lon": -81.7283, "pf_character": "CSO", "perm_feature_type_code": "EXO", "pf_state_waterbody_name": "KANAWHA RIVER", "pf_state_auto_name": "", "pf_reach_id": "", "in_icis": "YES", "echo_dfr_link": "https://echo.epa.gov/detailed-facility-report?fid=110039980232", "name": "SOUTH CHARLESTON WASTE TREATMENT WORKS (SCWTW)", "feature_kind": "CSO outfall"}}, {"type": "Feature", "id": 6286, "geometry": {"type": "Point", "coordinates": [-81.7278001827667, 38.3517002888767]}, "properties": {"OBJECTID": 6286, "npdes_pfid": "WV0023116C043", "npdes_id": "WV0023116", "permitting_state": "WV", "agency_type_code": "ST6", "facility_uin": "110039980232", "facility_name": "SOUTH CHARLESTON WASTE TREATMENT WORKS (SCWTW)", "location_address": "1701 BROWNE AVENUE", "supplemental_address_text": "", "facility_city": "SOUTH CHARLESTON", "county_code": "WV039", "state_code": "WV", "epa_region_code": "03", "facility_type_code": "MWD", "facility_lat": 38.3667, "facility_lon": -81.6731, "permit_name": "SOUTH CHARLESTON SANITARY BOARD", "version_nmbr": 0, "permit_type_code": "NPD", "effective_date": 1785542400000, "expiration_date": 1939766400000, "permit_status_code": "EFF", "facility_type_indicator": "POTW", "major_minor_status_flag": "M", "permit_tracking": "Y", "pt_start_date": 1785542400000, "dmr_tracking": "Y", "dmr_nr_start_date": 1785542400000, "permit_design_flow": 13.9, "permit_avg_flow": null, "perm_feature_nmbr": "C043", "perm_feature_text": "", "pf_lat": 38.3517, "pf_lon": -81.7278, "pf_character": "CSO", "perm_feature_type_code": "EXO", "pf_state_waterbody_name": "KANAWHA RIVER", "pf_state_auto_name": "", "pf_reach_id": "", "in_icis": "YES", "echo_dfr_link": "https://echo.epa.gov/detailed-facility-report?fid=110039980232", "name": "SOUTH CHARLESTON WASTE TREATMENT WORKS (SCWTW)", "feature_kind": "CSO outfall"}}, {"type": "Feature", "id": 6287, "geometry": {"type": "Point", "coordinates": [-81.7260996719339, 38.3518996547265]}, "properties": {"OBJECTID": 6287, "npdes_pfid": "WV0023116C044", "npdes_id": "WV0023116", "permitting_state": "WV", "agency_type_code": "ST6", "facility_uin": "110039980232", "facility_name": "SOUTH CHARLESTON WASTE TREATMENT WORKS (SCWTW)", "location_address": "1701 BROWNE AVENUE", "supplemental_address_text": "", "facility_city": "SOUTH CHARLESTON", "county_code": "WV039", "state_code": "WV", "epa_region_code": "03", "facility_type_code": "MWD", "facility_lat": 38.3667, "facility_lon": -81.6731, "permit_name": "SOUTH CHARLESTON SANITARY BOARD", "version_nmbr": 0, "permit_type_code": "NPD", "effective_date": 1785542400000, "expiration_date": 1939766400000, "permit_status_code": "EFF", "facility_type_indicator": "POTW", "major_minor_status_flag": "M", "permit_tracking": "Y", "pt_start_date": 1785542400000, "dmr_tracking": "Y", "dmr_nr_start_date": 1785542400000, "permit_design_flow": 13.9, "permit_avg_flow": null, "perm_feature_nmbr": "C044", "perm_feature_text": "", "pf_lat": 38.3519, "pf_lon": -81.7261, "pf_character": "CSO", "perm_feature_type_code": "EXO", "pf_state_waterbody_name": "KANAWHA RIVER", "pf_state_auto_name": "", "pf_reach_id": "", "in_icis": "YES", "echo_dfr_link": "https://echo.epa.gov/detailed-facility-report?fid=110039980232", "name": "SOUTH CHARLESTON WASTE TREATMENT WORKS (SCWTW)", "feature_kind": "CSO outfall"}}, {"type": "Feature", "id": 6288, "geometry": {"type": "Point", "coordinates": [-81.7260996719339, 38.3499996688241]}, "properties": {"OBJECTID": 6288, "npdes_pfid": "WV0023116C045", "npdes_id": "WV0023116", "permitting_state": "WV", "agency_type_code": "ST6", "facility_uin": "110039980232", "facility_name": "SOUTH CHARLESTON WASTE TREATMENT WORKS (SCWTW)", "location_address": "1701 BROWNE AVENUE", "supplemental_address_text": "", "facility_city": "SOUTH CHARLESTON", "county_code": "WV039", "state_code": "WV", "epa_region_code": "03", "facility_type_code": "MWD", "facility_lat": 38.3667, "facility_lon": -81.6731, "permit_name": "SOUTH CHARLESTON SANITARY BOARD", "version_nmbr": 0, "permit_type_code": "NPD", "effective_date": 1785542400000, "expiration_date": 1939766400000, "permit_status_code": "EFF", "facility_type_indicator": "POTW", "major_minor_status_flag": "M", "permit_tracking": "Y", "pt_start_date": 1785542400000, "dmr_tracking": "Y", "dmr_nr_start_date": 1785542400000, "permit_design_flow": 13.9, "permit_avg_flow": null, "perm_feature_nmbr": "C045", "perm_feature_text": "", "pf_lat": 38.35, "pf_lon": -81.7261, "pf_character": "CSO", "perm_feature_type_code": "EXO", "pf_state_waterbody_name": "KANAWHA RIVER", "pf_state_auto_name": "", "pf_reach_id": "", "in_icis": "YES", "echo_dfr_link": "https://echo.epa.gov/detailed-facility-report?fid=110039980232", "name": "SOUTH CHARLESTON WASTE TREATMENT WORKS (SCWTW)", "feature_kind": "CSO outfall"}}, {"type": "Feature", "id": 6289, "geometry": {"type": "Point", "coordinates": [-81.7291997579794, 38.3499996688241]}, "properties": {"OBJECTID": 6289, "npdes_pfid": "WV0023116C046", "npdes_id": "WV0023116", "permitting_state": "WV", "agency_type_code": "ST6", "facility_uin": "110039980232", "facility_name": "SOUTH CHARLESTON WASTE TREATMENT WORKS (SCWTW)", "location_address": "1701 BROWNE AVENUE", "supplemental_address_text": "", "facility_city": "SOUTH CHARLESTON", "county_code": "WV039", "state_code": "WV", "epa_region_code": "03", "facility_type_code": "MWD", "facility_lat": 38.3667, "facility_lon": -81.6731, "permit_name": "SOUTH CHARLESTON SANITARY BOARD", "version_nmbr": 0, "permit_type_code": "NPD", "effective_date": 1785542400000, "expiration_date": 1939766400000, "permit_status_code": "EFF", "facility_type_indicator": "POTW", "major_minor_status_flag": "M", "permit_tracking": "Y", "pt_start_date": 1785542400000, "dmr_tracking": "Y", "dmr_nr_start_date": 1785542400000, "permit_design_flow": 13.9, "permit_avg_flow": null, "perm_feature_nmbr": "C046", "perm_feature_text": "", "pf_lat": 38.35, "pf_lon": -81.7292, "pf_character": "CSO", "perm_feature_type_code": "EXO", "pf_state_waterbody_name": "KANAWHA RIVER", "pf_state_auto_name": "", "pf_reach_id": "", "in_icis": "YES", "echo_dfr_link": "https://echo.epa.gov/detailed-facility-report?fid=110039980232", "name": "SOUTH CHARLESTON WASTE TREATMENT WORKS (SCWTW)", "feature_kind": "CSO outfall"}}, {"type": "Feature", "id": 6290, "geometry": {"type": "Point", "coordinates": [-81.7291997579794, 38.3464003375159]}, "properties": {"OBJECTID": 6290, "npdes_pfid": "WV0023116C047", "npdes_id": "WV0023116", "permitting_state": "WV", "agency_type_code": "ST6", "facility_uin": "110039980232", "facility_name": "SOUTH CHARLESTON WASTE TREATMENT WORKS (SCWTW)", "location_address": "1701 BROWNE AVENUE", "supplemental_address_text": "", "facility_city": "SOUTH CHARLESTON", "county_code": "WV039", "state_code": "WV", "epa_region_code": "03", "facility_type_code": "MWD", "facility_lat": 38.3667, "facility_lon": -81.6731, "permit_name": "SOUTH CHARLESTON SANITARY BOARD", "version_nmbr": 0, "permit_type_code": "NPD", "effective_date": 1785542400000, "expiration_date": 1939766400000, "permit_status_code": "EFF", "facility_type_indicator": "POTW", "major_minor_status_flag": "M", "permit_tracking": "Y", "pt_start_date": 1785542400000, "dmr_tracking": "Y", "dmr_nr_start_date": 1785542400000, "permit_design_flow": 13.9, "permit_avg_flow": null, "perm_feature_nmbr": "C047", "perm_feature_text": "", "pf_lat": 38.3464, "pf_lon": -81.7292, "pf_character": "CSO", "perm_feature_type_code": "EXO", "pf_state_waterbody_name": "KANAWHA RIVER", "pf_state_auto_name": "", "pf_reach_id": "", "in_icis": "YES", "echo_dfr_link": "https://echo.epa.gov/detailed-facility-report?fid=110039980232", "name": "SOUTH CHARLESTON WASTE TREATMENT WORKS (SCWTW)", "feature_kind": "CSO outfall"}}, {"type": "Feature", "id": 6291, "geometry": {"type": "Point", "coordinates": [-81.7278001827667, 38.3464003375159]}, "properties": {"OBJECTID": 6291, "npdes_pfid": "WV0023116C048", "npdes_id": "WV0023116", "permitting_state": "WV", "agency_type_code": "ST6", "facility_uin": "110039980232", "facility_name": "SOUTH CHARLESTON WASTE TREATMENT WORKS (SCWTW)", "location_address": "1701 BROWNE AVENUE", "supplemental_address_text": "", "facility_city": "SOUTH CHARLESTON", "county_code": "WV039", "state_code": "WV", "epa_region_code": "03", "facility_type_code": "MWD", "facility_lat": 38.3667, "facility_lon": -81.6731, "permit_name": "SOUTH CHARLESTON SANITARY BOARD", "version_nmbr": 0, "permit_type_code": "NPD", "effective_date": 1785542400000, "expiration_date": 1939766400000, "permit_status_code": "EFF", "facility_type_indicator": "POTW", "major_minor_status_flag": "M", "permit_tracking": "Y", "pt_start_date": 1785542400000, "dmr_tracking": "Y", "dmr_nr_start_date": 1785542400000, "permit_design_flow": 13.9, "permit_avg_flow": null, "perm_feature_nmbr": "C048", "perm_feature_text": "", "pf_lat": 38.3464, "pf_lon": -81.7278, "pf_character": "CSO", "perm_feature_type_code": "EXO", "pf_state_waterbody_name": "KANAWHA RIVER", "pf_state_auto_name": "", "pf_reach_id": "", "in_icis": "YES", "echo_dfr_link": "https://echo.epa.gov/detailed-facility-report?fid=110039980232", "name": "SOUTH CHARLESTON WASTE TREATMENT WORKS (SCWTW)", "feature_kind": "CSO outfall"}}, {"type": "Feature", "id": 6292, "geometry": {"type": "Point", "coordinates": [-81.7263997092388, 38.3556001515728]}, "properties": {"OBJECTID": 6292, "npdes_pfid": "WV0023116C049", "npdes_id": "WV0023116", "permitting_state": "WV", "agency_type_code": "ST6", "facility_uin": "110039980232", "facility_name": "SOUTH CHARLESTON WASTE TREATMENT WORKS (SCWTW)", "location_address": "1701 BROWNE AVENUE", "supplemental_address_text": "", "facility_city": "SOUTH CHARLESTON", "county_code": "WV039", "state_code": "WV", "epa_region_code": "03", "facility_type_code": "MWD", "facility_lat": 38.3667, "facility_lon": -81.6731, "permit_name": "SOUTH CHARLESTON SANITARY BOARD", "version_nmbr": 0, "permit_type_code": "NPD", "effective_date": 1785542400000, "expiration_date": 1939766400000, "permit_status_code": "EFF", "facility_type_indicator": "POTW", "major_minor_status_flag": "M", "permit_tracking": "Y", "pt_start_date": 1785542400000, "dmr_tracking": "Y", "dmr_nr_start_date": 1785542400000, "permit_design_flow": 13.9, "permit_avg_flow": null, "perm_feature_nmbr": "C049", "perm_feature_text": "", "pf_lat": 38.3556, "pf_lon": -81.7264, "pf_character": "CSO", "perm_feature_type_code": "EXO", "pf_state_waterbody_name": "KANAWHA RIVER", "pf_state_auto_name": "", "pf_reach_id": "", "in_icis": "YES", "echo_dfr_link": "https://echo.epa.gov/detailed-facility-report?fid=110039980232", "name": "SOUTH CHARLESTON WASTE TREATMENT WORKS (SCWTW)", "feature_kind": "CSO outfall"}}, {"type": "Feature", "id": 6293, "geometry": {"type": "Point", "coordinates": [-81.6881000371003, 38.3602999959923]}, "properties": {"OBJECTID": 6293, "npdes_pfid": "WV0023116C050", "npdes_id": "WV0023116", "permitting_state": "WV", "agency_type_code": "ST6", "facility_uin": "110039980232", "facility_name": "SOUTH CHARLESTON WASTE TREATMENT WORKS (SCWTW)", "location_address": "1701 BROWNE AVENUE", "supplemental_address_text": "", "facility_city": "SOUTH CHARLESTON", "county_code": "WV039", "state_code": "WV", "epa_region_code": "03", "facility_type_code": "MWD", "facility_lat": 38.3667, "facility_lon": -81.6731, "permit_name": "SOUTH CHARLESTON SANITARY BOARD", "version_nmbr": 0, "permit_type_code": "NPD", "effective_date": 1785542400000, "expiration_date": 1939766400000, "permit_status_code": "EFF", "facility_type_indicator": "POTW", "major_minor_status_flag": "M", "permit_tracking": "Y", "pt_start_date": 1785542400000, "dmr_tracking": "Y", "dmr_nr_start_date": 1785542400000, "permit_design_flow": 13.9, "permit_avg_flow": null, "perm_feature_nmbr": "C050", "perm_feature_text": "", "pf_lat": 38.3603, "pf_lon": -81.6881, "pf_character": "CSO", "perm_feature_type_code": "EXO", "pf_state_waterbody_name": "KANAWHA RIVER", "pf_state_auto_name": "", "pf_reach_id": "", "in_icis": "YES", "echo_dfr_link": "https://echo.epa.gov/detailed-facility-report?fid=110039980232", "name": "SOUTH CHARLESTON WASTE TREATMENT WORKS (SCWTW)", "feature_kind": "CSO outfall"}}, {"type": "Feature", "id": 6294, "geometry": {"type": "Point", "coordinates": [-81.7135996147553, 38.3639000451334]}, "properties": {"OBJECTID": 6294, "npdes_pfid": "WV0023116C051", "npdes_id": "WV0023116", "permitting_state": "WV", "agency_type_code": "ST6", "facility_uin": "110039980232", "facility_name": "SOUTH CHARLESTON WASTE TREATMENT WORKS (SCWTW)", "location_address": "1701 BROWNE AVENUE", "supplemental_address_text": "", "facility_city": "SOUTH CHARLESTON", "county_code": "WV039", "state_code": "WV", "epa_region_code": "03", "facility_type_code": "MWD", "facility_lat": 38.3667, "facility_lon": -81.6731, "permit_name": "SOUTH CHARLESTON SANITARY BOARD", "version_nmbr": 0, "permit_type_code": "NPD", "effective_date": 1785542400000, "expiration_date": 1939766400000, "permit_status_code": "EFF", "facility_type_indicator": "POTW", "major_minor_status_flag": "M", "permit_tracking": "Y", "pt_start_date": 1785542400000, "dmr_tracking": "Y", "dmr_nr_start_date": 1785542400000, "permit_design_flow": 13.9, "permit_avg_flow": null, "perm_feature_nmbr": "C051", "perm_feature_text": "", "pf_lat": 38.3639, "pf_lon": -81.7136, "pf_character": "CSO", "perm_feature_type_code": "EXO", "pf_state_waterbody_name": "KANAWHA RIVER", "pf_state_auto_name": "", "pf_reach_id": "", "in_icis": "YES", "echo_dfr_link": "https://echo.epa.gov/detailed-facility-report?fid=110039980232", "name": "SOUTH CHARLESTON WASTE TREATMENT WORKS (SCWTW)", "feature_kind": "CSO outfall"}}, {"type": "Feature", "id": 6295, "geometry": {"type": "Point", "coordinates": [-81.7113996406245, 38.3653002898018]}, "properties": {"OBJECTID": 6295, "npdes_pfid": "WV0023116C052", "npdes_id": "WV0023116", "permitting_state": "WV", "agency_type_code": "ST6", "facility_uin": "110039980232", "facility_name": "SOUTH CHARLESTON WASTE TREATMENT WORKS (SCWTW)", "location_address": "1701 BROWNE AVENUE", "supplemental_address_text": "", "facility_city": "SOUTH CHARLESTON", "county_code": "WV039", "state_code": "WV", "epa_region_code": "03", "facility_type_code": "MWD", "facility_lat": 38.3667, "facility_lon": -81.6731, "permit_name": "SOUTH CHARLESTON SANITARY BOARD", "version_nmbr": 0, "permit_type_code": "NPD", "effective_date": 1785542400000, "expiration_date": 1939766400000, "permit_status_code": "EFF", "facility_type_indicator": "POTW", "major_minor_status_flag": "M", "permit_tracking": "Y", "pt_start_date": 1785542400000, "dmr_tracking": "Y", "dmr_nr_start_date": 1785542400000, "permit_design_flow": 13.9, "permit_avg_flow": null, "perm_feature_nmbr": "C052", "perm_feature_text": "", "pf_lat": 38.3653, "pf_lon": -81.7114, "pf_character": "CSO", "perm_feature_type_code": "EXO", "pf_state_waterbody_name": "KANAWHA RIVER", "pf_state_auto_name": "", "pf_reach_id": "", "in_icis": "YES", "echo_dfr_link": "https://echo.epa.gov/detailed-facility-report?fid=110039980232", "name": "SOUTH CHARLESTON WASTE TREATMENT WORKS (SCWTW)", "feature_kind": "CSO outfall"}}, {"type": "Feature", "id": 6296, "geometry": {"type": "Point", "coordinates": [-81.6877999997954, 38.3621997116189]}, "properties": {"OBJECTID": 6296, "npdes_pfid": "WV0023116C053", "npdes_id": "WV0023116", "permitting_state": "WV", "agency_type_code": "ST6", "facility_uin": "110039980232", "facility_name": "SOUTH CHARLESTON WASTE TREATMENT WORKS (SCWTW)", "location_address": "1701 BROWNE AVENUE", "supplemental_address_text": "", "facility_city": "SOUTH CHARLESTON", "county_code": "WV039", "state_code": "WV", "epa_region_code": "03", "facility_type_code": "MWD", "facility_lat": 38.3667, "facility_lon": -81.6731, "permit_name": "SOUTH CHARLESTON SANITARY BOARD", "version_nmbr": 0, "permit_type_code": "NPD", "effective_date": 1785542400000, "expiration_date": 1939766400000, "permit_status_code": "EFF", "facility_type_indicator": "POTW", "major_minor_status_flag": "M", "permit_tracking": "Y", "pt_start_date": 1785542400000, "dmr_tracking": "Y", "dmr_nr_start_date": 1785542400000, "permit_design_flow": 13.9, "permit_avg_flow": null, "perm_feature_nmbr": "C053", "perm_feature_text": "", "pf_lat": 38.3622, "pf_lon": -81.6878, "pf_character": "CSO", "perm_feature_type_code": "EXO", "pf_state_waterbody_name": "KANAWHA RIVER", "pf_state_auto_name": "", "pf_reach_id": "", "in_icis": "YES", "echo_dfr_link": "https://echo.epa.gov/detailed-facility-report?fid=110039980232", "name": "SOUTH CHARLESTON WASTE TREATMENT WORKS (SCWTW)", "feature_kind": "CSO outfall"}}, {"type": "Feature", "id": 6297, "geometry": {"type": "Point", "coordinates": [-81.6893998993165, 38.3566997678128]}, "properties": {"OBJECTID": 6297, "npdes_pfid": "WV0023116C054", "npdes_id": "WV0023116", "permitting_state": "WV", "agency_type_code": "ST6", "facility_uin": "110039980232", "facility_name": "SOUTH CHARLESTON WASTE TREATMENT WORKS (SCWTW)", "location_address": "1701 BROWNE AVENUE", "supplemental_address_text": "", "facility_city": "SOUTH CHARLESTON", "county_code": "WV039", "state_code": "WV", "epa_region_code": "03", "facility_type_code": "MWD", "facility_lat": 38.3667, "facility_lon": -81.6731, "permit_name": "SOUTH CHARLESTON SANITARY BOARD", "version_nmbr": 0, "permit_type_code": "NPD", "effective_date": 1785542400000, "expiration_date": 1939766400000, "permit_status_code": "EFF", "facility_type_indicator": "POTW", "major_minor_status_flag": "M", "permit_tracking": "Y", "pt_start_date": 1785542400000, "dmr_tracking": "Y", "dmr_nr_start_date": 1785542400000, "permit_design_flow": 13.9, "permit_avg_flow": null, "perm_feature_nmbr": "C054", "perm_feature_text": "", "pf_lat": 38.3567, "pf_lon": -81.6894, "pf_character": "CSO", "perm_feature_type_code": "EXO", "pf_state_waterbody_name": "KANAWHA RIVER", "pf_state_auto_name": "", "pf_reach_id": "", "in_icis": "YES", "echo_dfr_link": "https://echo.epa.gov/detailed-facility-report?fid=110039980232", "name": "SOUTH CHARLESTON WASTE TREATMENT WORKS (SCWTW)", "feature_kind": "CSO outfall"}}, {"type": "Feature", "id": 6298, "geometry": {"type": "Point", "coordinates": [-81.725300171331, 38.3571999080468]}, "properties": {"OBJECTID": 6298, "npdes_pfid": "WV0023116C055", "npdes_id": "WV0023116", "permitting_state": "WV", "agency_type_code": "ST6", "facility_uin": "110039980232", "facility_name": "SOUTH CHARLESTON WASTE TREATMENT WORKS (SCWTW)", "location_address": "1701 BROWNE AVENUE", "supplemental_address_text": "", "facility_city": "SOUTH CHARLESTON", "county_code": "WV039", "state_code": "WV", "epa_region_code": "03", "facility_type_code": "MWD", "facility_lat": 38.3667, "facility_lon": -81.6731, "permit_name": "SOUTH CHARLESTON SANITARY BOARD", "version_nmbr": 0, "permit_type_code": "NPD", "effective_date": 1785542400000, "expiration_date": 1939766400000, "permit_status_code": "EFF", "facility_type_indicator": "POTW", "major_minor_status_flag": "M", "permit_tracking": "Y", "pt_start_date": 1785542400000, "dmr_tracking": "Y", "dmr_nr_start_date": 1785542400000, "permit_design_flow": 13.9, "permit_avg_flow": null, "perm_feature_nmbr": "C055", "perm_feature_text": "", "pf_lat": 38.3572, "pf_lon": -81.7253, "pf_character": "CSO", "perm_feature_type_code": "EXO", "pf_state_waterbody_name": "KANAWHA RIVER", "pf_state_auto_name": "", "pf_reach_id": "", "in_icis": "YES", "echo_dfr_link": "https://echo.epa.gov/detailed-facility-report?fid=110039980232", "name": "SOUTH CHARLESTON WASTE TREATMENT WORKS (SCWTW)", "feature_kind": "CSO outfall"}}, {"type": "Feature", "id": 6299, "geometry": {"type": "Point", "coordinates": [-79.960600219866, 39.6280996561808]}, "properties": {"OBJECTID": 6299, "npdes_pfid": "WV0023124C002", "npdes_id": "WV0023124", "permitting_state": "WV", "agency_type_code": "ST6", "facility_uin": "110007871981", "facility_name": "MORGANTOWN WWTP", "location_address": "300 FRONTIER STREET", "supplemental_address_text": "", "facility_city": "STAR CITY", "county_code": "WV061", "state_code": "WV", "epa_region_code": "03", "facility_type_code": "MWD", "facility_lat": 39.6556, "facility_lon": -79.9922, "permit_name": "MORGANTOWN, CITY OF", "version_nmbr": 0, "permit_type_code": "NPD", "effective_date": 1738368000000, "expiration_date": 1892246400000, "permit_status_code": "EFF", "facility_type_indicator": "POTW", "major_minor_status_flag": "M", "permit_tracking": "Y", "pt_start_date": 1738368000000, "dmr_tracking": "Y", "dmr_nr_start_date": 1738368000000, "permit_design_flow": 20.8, "permit_avg_flow": null, "perm_feature_nmbr": "C002", "perm_feature_text": "", "pf_lat": 39.6281, "pf_lon": -79.9606, "pf_character": "CSO", "perm_feature_type_code": "EXO", "pf_state_waterbody_name": "MONONGAHELA RIVER", "pf_state_auto_name": "Deckers Creek", "pf_reach_id": "5020003000154", "in_icis": "YES", "echo_dfr_link": "https://echo.epa.gov/detailed-facility-report?fid=110007871981", "name": "MORGANTOWN WWTP", "feature_kind": "CSO outfall"}}, {"type": "Feature", "id": 6300, "geometry": {"type": "Point", "coordinates": [-79.9572000965156, 39.6263996789763]}, "properties": {"OBJECTID": 6300, "npdes_pfid": "WV0023124C003", "npdes_id": "WV0023124", "permitting_state": "WV", "agency_type_code": "ST6", "facility_uin": "110007871981", "facility_name": "MORGANTOWN WWTP", "location_address": "300 FRONTIER STREET", "supplemental_address_text": "", "facility_city": "STAR CITY", "county_code": "WV061", "state_code": "WV", "epa_region_code": "03", "facility_type_code": "MWD", "facility_lat": 39.6556, "facility_lon": -79.9922, "permit_name": "MORGANTOWN, CITY OF", "version_nmbr": 0, "permit_type_code": "NPD", "effective_date": 1738368000000, "expiration_date": 1892246400000, "permit_status_code": "EFF", "facility_type_indicator": "POTW", "major_minor_status_flag": "M", "permit_tracking": "Y", "pt_start_date": 1738368000000, "dmr_tracking": "Y", "dmr_nr_start_date": 1738368000000, "permit_design_flow": 20.8, "permit_avg_flow": null, "perm_feature_nmbr": "C003", "perm_feature_text": "", "pf_lat": 39.6264, "pf_lon": -79.9572, "pf_character": "CSO", "perm_feature_type_code": "EXO", "pf_state_waterbody_name": "MONONGAHELA RIVER", "pf_state_auto_name": "Deckers Creek", "pf_reach_id": "5020003000154", "in_icis": "YES", "echo_dfr_link": "https://echo.epa.gov/detailed-facility-report?fid=110007871981", "name": "MORGANTOWN WWTP", "feature_kind": "CSO outfall"}}, {"type": "Feature", "id": 6301, "geometry": {"type": "Point", "coordinates": [-79.9550001223848, 39.6272002025456]}, "properties": {"OBJECTID": 6301, "npdes_pfid": "WV0023124C004", "npdes_id": "WV0023124", "permitting_state": "WV", "agency_type_code": "ST6", "facility_uin": "110007871981", "facility_name": "MORGANTOWN WWTP", "location_address": "300 FRONTIER STREET", "supplemental_address_text": "", "facility_city": "STAR CITY", "county_code": "WV061", "state_code": "WV", "epa_region_code": "03", "facility_type_code": "MWD", "facility_lat": 39.6556, "facility_lon": -79.9922, "permit_name": "MORGANTOWN, CITY OF", "version_nmbr": 0, "permit_type_code": "NPD", "effective_date": 1738368000000, "expiration_date": 1892246400000, "permit_status_code": "EFF", "facility_type_indicator": "POTW", "major_minor_status_flag": "M", "permit_tracking": "Y", "pt_start_date": 1738368000000, "dmr_tracking": "Y", "dmr_nr_start_date": 1738368000000, "permit_design_flow": 20.8, "permit_avg_flow": null, "perm_feature_nmbr": "C004", "perm_feature_text": "", "pf_lat": 39.6272, "pf_lon": -79.955, "pf_character": "CSO", "perm_feature_type_code": "EXO", "pf_state_waterbody_name": "MONONGAHELA RIVER", "pf_state_auto_name": "Deckers Creek", "pf_reach_id": "5020003000154", "in_icis": "YES", "echo_dfr_link": "https://echo.epa.gov/detailed-facility-report?fid=110007871981", "name": "MORGANTOWN WWTP", "feature_kind": "CSO outfall"}}, {"type": "Feature", "id": 6302, "geometry": {"type": "Point", "coordinates": [-79.954400047775, 39.6274997910935]}, "properties": {"OBJECTID": 6302, "npdes_pfid": "WV0023124C005", "npdes_id": "WV0023124", "permitting_state": "WV", "agency_type_code": "ST6", "facility_uin": "110007871981", "facility_name": "MORGANTOWN WWTP", "location_address": "300 FRONTIER STREET", "supplemental_address_text": "", "facility_city": "STAR CITY", "county_code": "WV061", "state_code": "WV", "epa_region_code": "03", "facility_type_code": "MWD", "facility_lat": 39.6556, "facility_lon": -79.9922, "permit_name": "MORGANTOWN, CITY OF", "version_nmbr": 0, "permit_type_code": "NPD", "effective_date": 1738368000000, "expiration_date": 1892246400000, "permit_status_code": "EFF", "facility_type_indicator": "POTW", "major_minor_status_flag": "M", "permit_tracking": "Y", "pt_start_date": 1738368000000, "dmr_tracking": "Y", "dmr_nr_start_date": 1738368000000, "permit_design_flow": 20.8, "permit_avg_flow": null, "perm_feature_nmbr": "C005", "perm_feature_text": "", "pf_lat": 39.6275, "pf_lon": -79.9544, "pf_character": "CSO", "perm_feature_type_code": "EXO", "pf_state_waterbody_name": "MONONGAHELA RIVER", "pf_state_auto_name": "Deckers Creek", "pf_reach_id": "5020003000154", "in_icis": "YES", "echo_dfr_link": "https://echo.epa.gov/detailed-facility-report?fid=110007871981", "name": "MORGANTOWN WWTP", "feature_kind": "CSO outfall"}}, {"type": "Feature", "id": 6303, "geometry": {"type": "Point", "coordinates": [-79.9516997120309, 39.6291997412692]}, "properties": {"OBJECTID": 6303, "npdes_pfid": "WV0023124C006", "npdes_id": "WV0023124", "permitting_state": "WV", "agency_type_code": "ST6", "facility_uin": "110007871981", "facility_name": "MORGANTOWN WWTP", "location_address": "300 FRONTIER STREET", "supplemental_address_text": "", "facility_city": "STAR CITY", "county_code": "WV061", "state_code": "WV", "epa_region_code": "03", "facility_type_code": "MWD", "facility_lat": 39.6556, "facility_lon": -79.9922, "permit_name": "MORGANTOWN, CITY OF", "version_nmbr": 0, "permit_type_code": "NPD", "effective_date": 1738368000000, "expiration_date": 1892246400000, "permit_status_code": "EFF", "facility_type_indicator": "POTW", "major_minor_status_flag": "M", "permit_tracking": "Y", "pt_start_date": 1738368000000, "dmr_tracking": "Y", "dmr_nr_start_date": 1738368000000, "permit_design_flow": 20.8, "permit_avg_flow": null, "perm_feature_nmbr": "C006", "perm_feature_text": "", "pf_lat": 39.6292, "pf_lon": -79.9517, "pf_character": "CSO", "perm_feature_type_code": "EXO", "pf_state_waterbody_name": "MONONGAHELA RIVER", "pf_state_auto_name": "Deckers Creek", "pf_reach_id": "5020003000154", "in_icis": "YES", "echo_dfr_link": "https://echo.epa.gov/detailed-facility-report?fid=110007871981", "name": "MORGANTOWN WWTP", "feature_kind": "CSO outfall"}}, {"type": "Feature", "id": 6304, "geometry": {"type": "Point", "coordinates": [-79.9472000507728, 39.6274997910935]}, "properties": {"OBJECTID": 6304, "npdes_pfid": "WV0023124C007", "npdes_id": "WV0023124", "permitting_state": "WV", "agency_type_code": "ST6", "facility_uin": "110007871981", "facility_name": "MORGANTOWN WWTP", "location_address": "300 FRONTIER STREET", "supplemental_address_text": "", "facility_city": "STAR CITY", "county_code": "WV061", "state_code": "WV", "epa_region_code": "03", "facility_type_code": "MWD", "facility_lat": 39.6556, "facility_lon": -79.9922, "permit_name": "MORGANTOWN, CITY OF", "version_nmbr": 0, "permit_type_code": "NPD", "effective_date": 1738368000000, "expiration_date": 1892246400000, "permit_status_code": "EFF", "facility_type_indicator": "POTW", "major_minor_status_flag": "M", "permit_tracking": "Y", "pt_start_date": 1738368000000, "dmr_tracking": "Y", "dmr_nr_start_date": 1738368000000, "permit_design_flow": 20.8, "permit_avg_flow": null, "perm_feature_nmbr": "C007", "perm_feature_text": "", "pf_lat": 39.6275, "pf_lon": -79.9472, "pf_character": "CSO", "perm_feature_type_code": "EXO", "pf_state_waterbody_name": "MONONGAHELA RIVER", "pf_state_auto_name": "Deckers Creek", "pf_reach_id": "5020003000154", "in_icis": "YES", "echo_dfr_link": "https://echo.epa.gov/detailed-facility-report?fid=110007871981", "name": "MORGANTOWN WWTP", "feature_kind": "CSO outfall"}}, {"type": "Feature", "id": 6305, "geometry": {"type": "Point", "coordinates": [-79.935300068204, 39.6293996919633]}, "properties": {"OBJECTID": 6305, "npdes_pfid": "WV0023124C009", "npdes_id": "WV0023124", "permitting_state": "WV", "agency_type_code": "ST6", "facility_uin": "110007871981", "facility_name": "MORGANTOWN WWTP", "location_address": "300 FRONTIER STREET", "supplemental_address_text": "", "facility_city": "STAR CITY", "county_code": "WV061", "state_code": "WV", "epa_region_code": "03", "facility_type_code": "MWD", "facility_lat": 39.6556, "facility_lon": -79.9922, "permit_name": "MORGANTOWN, CITY OF", "version_nmbr": 0, "permit_type_code": "NPD", "effective_date": 1738368000000, "expiration_date": 1892246400000, "permit_status_code": "EFF", "facility_type_indicator": "POTW", "major_minor_status_flag": "M", "permit_tracking": "Y", "pt_start_date": 1738368000000, "dmr_tracking": "Y", "dmr_nr_start_date": 1738368000000, "permit_design_flow": 20.8, "permit_avg_flow": null, "perm_feature_nmbr": "C009", "perm_feature_text": "", "pf_lat": 39.6294, "pf_lon": -79.9353, "pf_character": "CSO", "perm_feature_type_code": "EXO", "pf_state_waterbody_name": "MONONGAHELA RIVER", "pf_state_auto_name": "Hartman Run", "pf_reach_id": "5020003000265", "in_icis": "YES", "echo_dfr_link": "https://echo.epa.gov/detailed-facility-report?fid=110007871981", "name": "MORGANTOWN WWTP", "feature_kind": "CSO outfall"}}, {"type": "Feature", "id": 6306, "geometry": {"type": "Point", "coordinates": [-79.9343999562894, 39.628900160082]}, "properties": {"OBJECTID": 6306, "npdes_pfid": "WV0023124C010", "npdes_id": "WV0023124", "permitting_state": "WV", "agency_type_code": "ST6", "facility_uin": "110007871981", "facility_name": "MORGANTOWN WWTP", "location_address": "300 FRONTIER STREET", "supplemental_address_text": "", "facility_city": "STAR CITY", "county_code": "WV061", "state_code": "WV", "epa_region_code": "03", "facility_type_code": "MWD", "facility_lat": 39.6556, "facility_lon": -79.9922, "permit_name": "MORGANTOWN, CITY OF", "version_nmbr": 0, "permit_type_code": "NPD", "effective_date": 1738368000000, "expiration_date": 1892246400000, "permit_status_code": "EFF", "facility_type_indicator": "POTW", "major_minor_status_flag": "M", "permit_tracking": "Y", "pt_start_date": 1738368000000, "dmr_tracking": "Y", "dmr_nr_start_date": 1738368000000, "permit_design_flow": 20.8, "permit_avg_flow": null, "perm_feature_nmbr": "C010", "perm_feature_text": "", "pf_lat": 39.6289, "pf_lon": -79.9344, "pf_character": "CSO", "perm_feature_type_code": "EXO", "pf_state_waterbody_name": "MONONGAHELA RIVER", "pf_state_auto_name": "Deckers Creek", "pf_reach_id": "5020003000155", "in_icis": "YES", "echo_dfr_link": "https://echo.epa.gov/detailed-facility-report?fid=110007871981", "name": "MORGANTOWN WWTP", "feature_kind": "CSO outfall"}}, {"type": "Feature", "id": 6307, "geometry": {"type": "Point", "coordinates": [-79.9271999592871, 39.6249999512937]}, "properties": {"OBJECTID": 6307, "npdes_pfid": "WV0023124C011", "npdes_id": "WV0023124", "permitting_state": "WV", "agency_type_code": "ST6", "facility_uin": "110007871981", "facility_name": "MORGANTOWN WWTP", "location_address": "300 FRONTIER STREET", "supplemental_address_text": "", "facility_city": "STAR CITY", "county_code": "WV061", "state_code": "WV", "epa_region_code": "03", "facility_type_code": "MWD", "facility_lat": 39.6556, "facility_lon": -79.9922, "permit_name": "MORGANTOWN, CITY OF", "version_nmbr": 0, "permit_type_code": "NPD", "effective_date": 1738368000000, "expiration_date": 1892246400000, "permit_status_code": "EFF", "facility_type_indicator": "POTW", "major_minor_status_flag": "M", "permit_tracking": "Y", "pt_start_date": 1738368000000, "dmr_tracking": "Y", "dmr_nr_start_date": 1738368000000, "permit_design_flow": 20.8, "permit_avg_flow": null, "perm_feature_nmbr": "C011", "perm_feature_text": "", "pf_lat": 39.625, "pf_lon": -79.9272, "pf_character": "CSO", "perm_feature_type_code": "EXO", "pf_state_waterbody_name": "MONONGAHELA RIVER", "pf_state_auto_name": "Deckers Creek", "pf_reach_id": "5020003000160", "in_icis": "YES", "echo_dfr_link": "https://echo.epa.gov/detailed-facility-report?fid=110007871981", "name": "MORGANTOWN WWTP", "feature_kind": "CSO outfall"}}, {"type": "Feature", "id": 6308, "geometry": {"type": "Point", "coordinates": [-79.9258003840745, 39.6232998979339]}, "properties": {"OBJECTID": 6308, "npdes_pfid": "WV0023124C012", "npdes_id": "WV0023124", "permitting_state": "WV", "agency_type_code": "ST6", "facility_uin": "110007871981", "facility_name": "MORGANTOWN WWTP", "location_address": "300 FRONTIER STREET", "supplemental_address_text": "", "facility_city": "STAR CITY", "county_code": "WV061", "state_code": "WV", "epa_region_code": "03", "facility_type_code": "MWD", "facility_lat": 39.6556, "facility_lon": -79.9922, "permit_name": "MORGANTOWN, CITY OF", "version_nmbr": 0, "permit_type_code": "NPD", "effective_date": 1738368000000, "expiration_date": 1892246400000, "permit_status_code": "EFF", "facility_type_indicator": "POTW", "major_minor_status_flag": "M", "permit_tracking": "Y", "pt_start_date": 1738368000000, "dmr_tracking": "Y", "dmr_nr_start_date": 1738368000000, "permit_design_flow": 20.8, "permit_avg_flow": null, "perm_feature_nmbr": "C012", "perm_feature_text": "", "pf_lat": 39.6233, "pf_lon": -79.9258, "pf_character": "CSO", "perm_feature_type_code": "EXO", "pf_state_waterbody_name": "MONONGAHELA RIVER", "pf_state_auto_name": "Knocking Run", "pf_reach_id": "5020003000262", "in_icis": "YES", "echo_dfr_link": "https://echo.epa.gov/detailed-facility-report?fid=110007871981", "name": "MORGANTOWN WWTP", "feature_kind": "CSO outfall"}}, {"type": "Feature", "id": 6309, "geometry": {"type": "Point", "coordinates": [-79.9258003840745, 39.6196996877705]}, "properties": {"OBJECTID": 6309, "npdes_pfid": "WV0023124C013", "npdes_id": "WV0023124", "permitting_state": "WV", "agency_type_code": "ST6", "facility_uin": "110007871981", "facility_name": "MORGANTOWN WWTP", "location_address": "300 FRONTIER STREET", "supplemental_address_text": "", "facility_city": "STAR CITY", "county_code": "WV061", "state_code": "WV", "epa_region_code": "03", "facility_type_code": "MWD", "facility_lat": 39.6556, "facility_lon": -79.9922, "permit_name": "MORGANTOWN, CITY OF", "version_nmbr": 0, "permit_type_code": "NPD", "effective_date": 1738368000000, "expiration_date": 1892246400000, "permit_status_code": "EFF", "facility_type_indicator": "POTW", "major_minor_status_flag": "M", "permit_tracking": "Y", "pt_start_date": 1738368000000, "dmr_tracking": "Y", "dmr_nr_start_date": 1738368000000, "permit_design_flow": 20.8, "permit_avg_flow": null, "perm_feature_nmbr": "C013", "perm_feature_text": "", "pf_lat": 39.6197, "pf_lon": -79.9258, "pf_character": "CSO", "perm_feature_type_code": "EXO", "pf_state_waterbody_name": "MONONGAHELA RIVER", "pf_state_auto_name": "Deckers Creek", "pf_reach_id": "5020003000161", "in_icis": "YES", "echo_dfr_link": "https://echo.epa.gov/detailed-facility-report?fid=110007871981", "name": "MORGANTOWN WWTP", "feature_kind": "CSO outfall"}}, {"type": "Feature", "id": 6310, "geometry": {"type": "Point", "coordinates": [-79.9246999478514, 39.6182998245647]}, "properties": {"OBJECTID": 6310, "npdes_pfid": "WV0023124C014", "npdes_id": "WV0023124", "permitting_state": "WV", "agency_type_code": "ST6", "facility_uin": "110007871981", "facility_name": "MORGANTOWN WWTP", "location_address": "300 FRONTIER STREET", "supplemental_address_text": "", "facility_city": "STAR CITY", "county_code": "WV061", "state_code": "WV", "epa_region_code": "03", "facility_type_code": "MWD", "facility_lat": 39.6556, "facility_lon": -79.9922, "permit_name": "MORGANTOWN, CITY OF", "version_nmbr": 0, "permit_type_code": "NPD", "effective_date": 1738368000000, "expiration_date": 1892246400000, "permit_status_code": "EFF", "facility_type_indicator": "POTW", "major_minor_status_flag": "M", "permit_tracking": "Y", "pt_start_date": 1738368000000, "dmr_tracking": "Y", "dmr_nr_start_date": 1738368000000, "permit_design_flow": 20.8, "permit_avg_flow": null, "perm_feature_nmbr": "C014", "perm_feature_text": "", "pf_lat": 39.6183, "pf_lon": -79.9247, "pf_character": "CSO", "perm_feature_type_code": "EXO", "pf_state_waterbody_name": "MONONGAHELA RIVER", "pf_state_auto_name": "Deckers Creek", "pf_reach_id": "5020003000161", "in_icis": "YES", "echo_dfr_link": "https://echo.epa.gov/detailed-facility-report?fid=110007871981", "name": "MORGANTOWN WWTP", "feature_kind": "CSO outfall"}}, {"type": "Feature", "id": 6311, "geometry": {"type": "Point", "coordinates": [-79.9224999737206, 39.6153000223552]}, "properties": {"OBJECTID": 6311, "npdes_pfid": "WV0023124C015", "npdes_id": "WV0023124", "permitting_state": "WV", "agency_type_code": "ST6", "facility_uin": "110007871981", "facility_name": "MORGANTOWN WWTP", "location_address": "300 FRONTIER STREET", "supplemental_address_text": "", "facility_city": "STAR CITY", "county_code": "WV061", "state_code": "WV", "epa_region_code": "03", "facility_type_code": "MWD", "facility_lat": 39.6556, "facility_lon": -79.9922, "permit_name": "MORGANTOWN, CITY OF", "version_nmbr": 0, "permit_type_code": "NPD", "effective_date": 1738368000000, "expiration_date": 1892246400000, "permit_status_code": "EFF", "facility_type_indicator": "POTW", "major_minor_status_flag": "M", "permit_tracking": "Y", "pt_start_date": 1738368000000, "dmr_tracking": "Y", "dmr_nr_start_date": 1738368000000, "permit_design_flow": 20.8, "permit_avg_flow": null, "perm_feature_nmbr": "C015", "perm_feature_text": "", "pf_lat": 39.6153, "pf_lon": -79.9225, "pf_character": "CSO", "perm_feature_type_code": "EXO", "pf_state_waterbody_name": "MONONGAHELA RIVER", "pf_state_auto_name": "Deckers Creek", "pf_reach_id": "5020003000161", "in_icis": "YES", "echo_dfr_link": "https://echo.epa.gov/detailed-facility-report?fid=110007871981", "name": "MORGANTOWN WWTP", "feature_kind": "CSO outfall"}}, {"type": "Feature", "id": 6312, "geometry": {"type": "Point", "coordinates": [-79.970000190999, 39.6166999462317]}, "properties": {"OBJECTID": 6312, "npdes_pfid": "WV0023124C016", "npdes_id": "WV0023124", "permitting_state": "WV", "agency_type_code": "ST6", "facility_uin": "110007871981", "facility_name": "MORGANTOWN WWTP", "location_address": "300 FRONTIER STREET", "supplemental_address_text": "", "facility_city": "STAR CITY", "county_code": "WV061", "state_code": "WV", "epa_region_code": "03", "facility_type_code": "MWD", "facility_lat": 39.6556, "facility_lon": -79.9922, "permit_name": "MORGANTOWN, CITY OF", "version_nmbr": 0, "permit_type_code": "NPD", "effective_date": 1738368000000, "expiration_date": 1892246400000, "permit_status_code": "EFF", "facility_type_indicator": "POTW", "major_minor_status_flag": "M", "permit_tracking": "Y", "pt_start_date": 1738368000000, "dmr_tracking": "Y", "dmr_nr_start_date": 1738368000000, "permit_design_flow": 20.8, "permit_avg_flow": null, "perm_feature_nmbr": "C016", "perm_feature_text": "", "pf_lat": 39.6167, "pf_lon": -79.97, "pf_character": "CSO", "perm_feature_type_code": "EXO", "pf_state_waterbody_name": "MONONGAHELA RIVER", "pf_state_auto_name": "Monongahela River", "pf_reach_id": "5020003000025", "in_icis": "YES", "echo_dfr_link": "https://echo.epa.gov/detailed-facility-report?fid=110007871981", "name": "MORGANTOWN WWTP", "feature_kind": "CSO outfall"}}, {"type": "Feature", "id": 6313, "geometry": {"type": "Point", "coordinates": [-79.9688997547759, 39.6186001436241]}, "properties": {"OBJECTID": 6313, "npdes_pfid": "WV0023124C017", "npdes_id": "WV0023124", "permitting_state": "WV", "agency_type_code": "ST6", "facility_uin": "110007871981", "facility_name": "MORGANTOWN WWTP", "location_address": "300 FRONTIER STREET", "supplemental_address_text": "", "facility_city": "STAR CITY", "county_code": "WV061", "state_code": "WV", "epa_region_code": "03", "facility_type_code": "MWD", "facility_lat": 39.6556, "facility_lon": -79.9922, "permit_name": "MORGANTOWN, CITY OF", "version_nmbr": 0, "permit_type_code": "NPD", "effective_date": 1738368000000, "expiration_date": 1892246400000, "permit_status_code": "EFF", "facility_type_indicator": "POTW", "major_minor_status_flag": "M", "permit_tracking": "Y", "pt_start_date": 1738368000000, "dmr_tracking": "Y", "dmr_nr_start_date": 1738368000000, "permit_design_flow": 20.8, "permit_avg_flow": null, "perm_feature_nmbr": "C017", "perm_feature_text": "", "pf_lat": 39.6186, "pf_lon": -79.9689, "pf_character": "CSO", "perm_feature_type_code": "EXO", "pf_state_waterbody_name": "MONONGAHELA RIVER", "pf_state_auto_name": "Monongahela River", "pf_reach_id": "5020003000025", "in_icis": "YES", "echo_dfr_link": "https://echo.epa.gov/detailed-facility-report?fid=110007871981", "name": "MORGANTOWN WWTP", "feature_kind": "CSO outfall"}}, {"type": "Feature", "id": 6314, "geometry": {"type": "Point", "coordinates": [-79.9657996687305, 39.6228003220145]}, "properties": {"OBJECTID": 6314, "npdes_pfid": "WV0023124C018", "npdes_id": "WV0023124", "permitting_state": "WV", "agency_type_code": "ST6", "facility_uin": "110007871981", "facility_name": "MORGANTOWN WWTP", "location_address": "300 FRONTIER STREET", "supplemental_address_text": "", "facility_city": "STAR CITY", "county_code": "WV061", "state_code": "WV", "epa_region_code": "03", "facility_type_code": "MWD", "facility_lat": 39.6556, "facility_lon": -79.9922, "permit_name": "MORGANTOWN, CITY OF", "version_nmbr": 0, "permit_type_code": "NPD", "effective_date": 1738368000000, "expiration_date": 1892246400000, "permit_status_code": "EFF", "facility_type_indicator": "POTW", "major_minor_status_flag": "M", "permit_tracking": "Y", "pt_start_date": 1738368000000, "dmr_tracking": "Y", "dmr_nr_start_date": 1738368000000, "permit_design_flow": 20.8, "permit_avg_flow": null, "perm_feature_nmbr": "C018", "perm_feature_text": "", "pf_lat": 39.6228, "pf_lon": -79.9658, "pf_character": "CSO", "perm_feature_type_code": "EXO", "pf_state_waterbody_name": "MONONGAHELA RIVER", "pf_state_auto_name": "Monongahela River", "pf_reach_id": "5020003000025", "in_icis": "YES", "echo_dfr_link": "https://echo.epa.gov/detailed-facility-report?fid=110007871981", "name": "MORGANTOWN WWTP", "feature_kind": "CSO outfall"}}, {"type": "Feature", "id": 6315, "geometry": {"type": "Point", "coordinates": [-79.962200119387, 39.6272002025456]}, "properties": {"OBJECTID": 6315, "npdes_pfid": "WV0023124C019", "npdes_id": "WV0023124", "permitting_state": "WV", "agency_type_code": "ST6", "facility_uin": "110007871981", "facility_name": "MORGANTOWN WWTP", "location_address": "300 FRONTIER STREET", "supplemental_address_text": "", "facility_city": "STAR CITY", "county_code": "WV061", "state_code": "WV", "epa_region_code": "03", "facility_type_code": "MWD", "facility_lat": 39.6556, "facility_lon": -79.9922, "permit_name": "MORGANTOWN, CITY OF", "version_nmbr": 0, "permit_type_code": "NPD", "effective_date": 1738368000000, "expiration_date": 1892246400000, "permit_status_code": "EFF", "facility_type_indicator": "POTW", "major_minor_status_flag": "M", "permit_tracking": "Y", "pt_start_date": 1738368000000, "dmr_tracking": "Y", "dmr_nr_start_date": 1738368000000, "permit_design_flow": 20.8, "permit_avg_flow": null, "perm_feature_nmbr": "C019", "perm_feature_text": "", "pf_lat": 39.6272, "pf_lon": -79.9622, "pf_character": "CSO", "perm_feature_type_code": "EXO", "pf_state_waterbody_name": "MONONGAHELA RIVER", "pf_state_auto_name": "Monongahela River", "pf_reach_id": "5020003000025", "in_icis": "YES", "echo_dfr_link": "https://echo.epa.gov/detailed-facility-report?fid=110007871981", "name": "MORGANTOWN WWTP", "feature_kind": "CSO outfall"}}, {"type": "Feature", "id": 6316, "geometry": {"type": "Point", "coordinates": [-79.9613997204689, 39.6280996561808]}, "properties": {"OBJECTID": 6316, "npdes_pfid": "WV0023124C020", "npdes_id": "WV0023124", "permitting_state": "WV", "agency_type_code": "ST6", "facility_uin": "110007871981", "facility_name": "MORGANTOWN WWTP", "location_address": "300 FRONTIER STREET", "supplemental_address_text": "", "facility_city": "STAR CITY", "county_code": "WV061", "state_code": "WV", "epa_region_code": "03", "facility_type_code": "MWD", "facility_lat": 39.6556, "facility_lon": -79.9922, "permit_name": "MORGANTOWN, CITY OF", "version_nmbr": 0, "permit_type_code": "NPD", "effective_date": 1738368000000, "expiration_date": 1892246400000, "permit_status_code": "EFF", "facility_type_indicator": "POTW", "major_minor_status_flag": "M", "permit_tracking": "Y", "pt_start_date": 1738368000000, "dmr_tracking": "Y", "dmr_nr_start_date": 1738368000000, "permit_design_flow": 20.8, "permit_avg_flow": null, "perm_feature_nmbr": "C020", "perm_feature_text": "", "pf_lat": 39.6281, "pf_lon": -79.9614, "pf_character": "CSO", "perm_feature_type_code": "EXO", "pf_state_waterbody_name": "MONONGAHELA RIVER", "pf_state_auto_name": "Deckers Creek", "pf_reach_id": "5020003000154", "in_icis": "YES", "echo_dfr_link": "https://echo.epa.gov/detailed-facility-report?fid=110007871981", "name": "MORGANTOWN WWTP", "feature_kind": "CSO outfall"}}, {"type": "Feature", "id": 6317, "geometry": {"type": "Point", "coordinates": [-79.9585996717283, 39.6313998589721]}, "properties": {"OBJECTID": 6317, "npdes_pfid": "WV0023124C021", "npdes_id": "WV0023124", "permitting_state": "WV", "agency_type_code": "ST6", "facility_uin": "110007871981", "facility_name": "MORGANTOWN WWTP", "location_address": "300 FRONTIER STREET", "supplemental_address_text": "", "facility_city": "STAR CITY", "county_code": "WV061", "state_code": "WV", "epa_region_code": "03", "facility_type_code": "MWD", "facility_lat": 39.6556, "facility_lon": -79.9922, "permit_name": "MORGANTOWN, CITY OF", "version_nmbr": 0, "permit_type_code": "NPD", "effective_date": 1738368000000, "expiration_date": 1892246400000, "permit_status_code": "EFF", "facility_type_indicator": "POTW", "major_minor_status_flag": "M", "permit_tracking": "Y", "pt_start_date": 1738368000000, "dmr_tracking": "Y", "dmr_nr_start_date": 1738368000000, "permit_design_flow": 20.8, "permit_avg_flow": null, "perm_feature_nmbr": "C021", "perm_feature_text": "", "pf_lat": 39.6314, "pf_lon": -79.9586, "pf_character": "CSO", "perm_feature_type_code": "EXO", "pf_state_waterbody_name": "MONONGAHELA RIVER", "pf_state_auto_name": "Monongahela River", "pf_reach_id": "5020003000024", "in_icis": "YES", "echo_dfr_link": "https://echo.epa.gov/detailed-facility-report?fid=110007871981", "name": "MORGANTOWN WWTP", "feature_kind": "CSO outfall"}}, {"type": "Feature", "id": 6318, "geometry": {"type": "Point", "coordinates": [-79.9578001711254, 39.6324998915863]}, "properties": {"OBJECTID": 6318, "npdes_pfid": "WV0023124C022", "npdes_id": "WV0023124", "permitting_state": "WV", "agency_type_code": "ST6", "facility_uin": "110007871981", "facility_name": "MORGANTOWN WWTP", "location_address": "300 FRONTIER STREET", "supplemental_address_text": "", "facility_city": "STAR CITY", "county_code": "WV061", "state_code": "WV", "epa_region_code": "03", "facility_type_code": "MWD", "facility_lat": 39.6556, "facility_lon": -79.9922, "permit_name": "MORGANTOWN, CITY OF", "version_nmbr": 0, "permit_type_code": "NPD", "effective_date": 1738368000000, "expiration_date": 1892246400000, "permit_status_code": "EFF", "facility_type_indicator": "POTW", "major_minor_status_flag": "M", "permit_tracking": "Y", "pt_start_date": 1738368000000, "dmr_tracking": "Y", "dmr_nr_start_date": 1738368000000, "permit_design_flow": 20.8, "permit_avg_flow": null, "perm_feature_nmbr": "C022", "perm_feature_text": "", "pf_lat": 39.6325, "pf_lon": -79.9578, "pf_character": "CSO", "perm_feature_type_code": "EXO", "pf_state_waterbody_name": "MONONGAHELA RIVER", "pf_state_auto_name": "Monongahela River", "pf_reach_id": "5020003000024", "in_icis": "YES", "echo_dfr_link": "https://echo.epa.gov/detailed-facility-report?fid=110007871981", "name": "MORGANTOWN WWTP", "feature_kind": "CSO outfall"}}, {"type": "Feature", "id": 6319, "geometry": {"type": "Point", "coordinates": [-79.9572000965156, 39.6341997189062]}, "properties": {"OBJECTID": 6319, "npdes_pfid": "WV0023124C023", "npdes_id": "WV0023124", "permitting_state": "WV", "agency_type_code": "ST6", "facility_uin": "110007871981", "facility_name": "MORGANTOWN WWTP", "location_address": "300 FRONTIER STREET", "supplemental_address_text": "", "facility_city": "STAR CITY", "county_code": "WV061", "state_code": "WV", "epa_region_code": "03", "facility_type_code": "MWD", "facility_lat": 39.6556, "facility_lon": -79.9922, "permit_name": "MORGANTOWN, CITY OF", "version_nmbr": 0, "permit_type_code": "NPD", "effective_date": 1738368000000, "expiration_date": 1892246400000, "permit_status_code": "EFF", "facility_type_indicator": "POTW", "major_minor_status_flag": "M", "permit_tracking": "Y", "pt_start_date": 1738368000000, "dmr_tracking": "Y", "dmr_nr_start_date": 1738368000000, "permit_design_flow": 20.8, "permit_avg_flow": null, "perm_feature_nmbr": "C023", "perm_feature_text": "", "pf_lat": 39.6342, "pf_lon": -79.9572, "pf_character": "CSO", "perm_feature_type_code": "EXO", "pf_state_waterbody_name": "MONONGAHELA RIVER", "pf_state_auto_name": "Monongahela River", "pf_reach_id": "5020003000024", "in_icis": "YES", "echo_dfr_link": "https://echo.epa.gov/detailed-facility-report?fid=110007871981", "name": "MORGANTOWN WWTP", "feature_kind": "CSO outfall"}}, {"type": "Feature", "id": 6320, "geometry": {"type": "Point", "coordinates": [-79.9572000965156, 39.6350001522263]}, "properties": {"OBJECTID": 6320, "npdes_pfid": "WV0023124C024", "npdes_id": "WV0023124", "permitting_state": "WV", "agency_type_code": "ST6", "facility_uin": "110007871981", "facility_name": "MORGANTOWN WWTP", "location_address": "300 FRONTIER STREET", "supplemental_address_text": "", "facility_city": "STAR CITY", "county_code": "WV061", "state_code": "WV", "epa_region_code": "03", "facility_type_code": "MWD", "facility_lat": 39.6556, "facility_lon": -79.9922, "permit_name": "MORGANTOWN, CITY OF", "version_nmbr": 0, "permit_type_code": "NPD", "effective_date": 1738368000000, "expiration_date": 1892246400000, "permit_status_code": "EFF", "facility_type_indicator": "POTW", "major_minor_status_flag": "M", "permit_tracking": "Y", "pt_start_date": 1738368000000, "dmr_tracking": "Y", "dmr_nr_start_date": 1738368000000, "permit_design_flow": 20.8, "permit_avg_flow": null, "perm_feature_nmbr": "C024", "perm_feature_text": "", "pf_lat": 39.635, "pf_lon": -79.9572, "pf_character": "CSO", "perm_feature_type_code": "EXO", "pf_state_waterbody_name": "MONONGAHELA RIVER", "pf_state_auto_name": "Monongahela River", "pf_reach_id": "5020003000024", "in_icis": "YES", "echo_dfr_link": "https://echo.epa.gov/detailed-facility-report?fid=110007871981", "name": "MORGANTOWN WWTP", "feature_kind": "CSO outfall"}}, {"type": "Feature", "id": 6321, "geometry": {"type": "Point", "coordinates": [-79.9578001711254, 39.6363996775996]}, "properties": {"OBJECTID": 6321, "npdes_pfid": "WV0023124C025", "npdes_id": "WV0023124", "permitting_state": "WV", "agency_type_code": "ST6", "facility_uin": "110007871981", "facility_name": "MORGANTOWN WWTP", "location_address": "300 FRONTIER STREET", "supplemental_address_text": "", "facility_city": "STAR CITY", "county_code": "WV061", "state_code": "WV", "epa_region_code": "03", "facility_type_code": "MWD", "facility_lat": 39.6556, "facility_lon": -79.9922, "permit_name": "MORGANTOWN, CITY OF", "version_nmbr": 0, "permit_type_code": "NPD", "effective_date": 1738368000000, "expiration_date": 1892246400000, "permit_status_code": "EFF", "facility_type_indicator": "POTW", "major_minor_status_flag": "M", "permit_tracking": "Y", "pt_start_date": 1738368000000, "dmr_tracking": "Y", "dmr_nr_start_date": 1738368000000, "permit_design_flow": 20.8, "permit_avg_flow": null, "perm_feature_nmbr": "C025", "perm_feature_text": "", "pf_lat": 39.6364, "pf_lon": -79.9578, "pf_character": "CSO", "perm_feature_type_code": "EXO", "pf_state_waterbody_name": "MONONGAHELA RIVER", "pf_state_auto_name": "Monongahela River", "pf_reach_id": "5020003000024", "in_icis": "YES", "echo_dfr_link": "https://echo.epa.gov/detailed-facility-report?fid=110007871981", "name": "MORGANTOWN WWTP", "feature_kind": "CSO outfall"}}, {"type": "Feature", "id": 6322, "geometry": {"type": "Point", "coordinates": [-79.9594000706464, 39.6377998664422]}, "properties": {"OBJECTID": 6322, "npdes_pfid": "WV0023124C026", "npdes_id": "WV0023124", "permitting_state": "WV", "agency_type_code": "ST6", "facility_uin": "110007871981", "facility_name": "MORGANTOWN WWTP", "location_address": "300 FRONTIER STREET", "supplemental_address_text": "", "facility_city": "STAR CITY", "county_code": "WV061", "state_code": "WV", "epa_region_code": "03", "facility_type_code": "MWD", "facility_lat": 39.6556, "facility_lon": -79.9922, "permit_name": "MORGANTOWN, CITY OF", "version_nmbr": 0, "permit_type_code": "NPD", "effective_date": 1738368000000, "expiration_date": 1892246400000, "permit_status_code": "EFF", "facility_type_indicator": "POTW", "major_minor_status_flag": "M", "permit_tracking": "Y", "pt_start_date": 1738368000000, "dmr_tracking": "Y", "dmr_nr_start_date": 1738368000000, "permit_design_flow": 20.8, "permit_avg_flow": null, "perm_feature_nmbr": "C026", "perm_feature_text": "", "pf_lat": 39.6378, "pf_lon": -79.9594, "pf_character": "CSO", "perm_feature_type_code": "EXO", "pf_state_waterbody_name": "MONONGAHELA RIVER", "pf_state_auto_name": "", "pf_reach_id": "", "in_icis": "YES", "echo_dfr_link": "https://echo.epa.gov/detailed-facility-report?fid=110007871981", "name": "MORGANTOWN WWTP", "feature_kind": "CSO outfall"}}, {"type": "Feature", "id": 6323, "geometry": {"type": "Point", "coordinates": [-79.9632996572948, 39.6406001590928]}, "properties": {"OBJECTID": 6323, "npdes_pfid": "WV0023124C028", "npdes_id": "WV0023124", "permitting_state": "WV", "agency_type_code": "ST6", "facility_uin": "110007871981", "facility_name": "MORGANTOWN WWTP", "location_address": "300 FRONTIER STREET", "supplemental_address_text": "", "facility_city": "STAR CITY", "county_code": "WV061", "state_code": "WV", "epa_region_code": "03", "facility_type_code": "MWD", "facility_lat": 39.6556, "facility_lon": -79.9922, "permit_name": "MORGANTOWN, CITY OF", "version_nmbr": 0, "permit_type_code": "NPD", "effective_date": 1738368000000, "expiration_date": 1892246400000, "permit_status_code": "EFF", "facility_type_indicator": "POTW", "major_minor_status_flag": "M", "permit_tracking": "Y", "pt_start_date": 1738368000000, "dmr_tracking": "Y", "dmr_nr_start_date": 1738368000000, "permit_design_flow": 20.8, "permit_avg_flow": null, "perm_feature_nmbr": "C028", "perm_feature_text": "", "pf_lat": 39.6406, "pf_lon": -79.9633, "pf_character": "CSO", "perm_feature_type_code": "EXO", "pf_state_waterbody_name": "MONONGAHELA RIVER", "pf_state_auto_name": "Monongahela River", "pf_reach_id": "5020003000024", "in_icis": "YES", "echo_dfr_link": "https://echo.epa.gov/detailed-facility-report?fid=110007871981", "name": "MORGANTOWN WWTP", "feature_kind": "CSO outfall"}}, {"type": "Feature", "id": 6324, "geometry": {"type": "Point", "coordinates": [-79.9853002969181, 39.6569002042546]}, "properties": {"OBJECTID": 6324, "npdes_pfid": "WV0023124C029", "npdes_id": "WV0023124", "permitting_state": "WV", "agency_type_code": "ST6", "facility_uin": "110007871981", "facility_name": "MORGANTOWN WWTP", "location_address": "300 FRONTIER STREET", "supplemental_address_text": "", "facility_city": "STAR CITY", "county_code": "WV061", "state_code": "WV", "epa_region_code": "03", "facility_type_code": "MWD", "facility_lat": 39.6556, "facility_lon": -79.9922, "permit_name": "MORGANTOWN, CITY OF", "version_nmbr": 0, "permit_type_code": "NPD", "effective_date": 1738368000000, "expiration_date": 1892246400000, "permit_status_code": "EFF", "facility_type_indicator": "POTW", "major_minor_status_flag": "M", "permit_tracking": "Y", "pt_start_date": 1738368000000, "dmr_tracking": "Y", "dmr_nr_start_date": 1738368000000, "permit_design_flow": 20.8, "permit_avg_flow": null, "perm_feature_nmbr": "C029", "perm_feature_text": "", "pf_lat": 39.6569, "pf_lon": -79.9853, "pf_character": "CSO", "perm_feature_type_code": "EXO", "pf_state_waterbody_name": "MONONGAHELA RIVER", "pf_state_auto_name": "Popenoe Run", "pf_reach_id": "5020003000222", "in_icis": "YES", "echo_dfr_link": "https://echo.epa.gov/detailed-facility-report?fid=110007871981", "name": "MORGANTOWN WWTP", "feature_kind": "CSO outfall"}}, {"type": "Feature", "id": 6325, "geometry": {"type": "Point", "coordinates": [-79.9916998950022, 39.6564001793861]}, "properties": {"OBJECTID": 6325, "npdes_pfid": "WV0023124C030", "npdes_id": "WV0023124", "permitting_state": "WV", "agency_type_code": "ST6", "facility_uin": "110007871981", "facility_name": "MORGANTOWN WWTP", "location_address": "300 FRONTIER STREET", "supplemental_address_text": "", "facility_city": "STAR CITY", "county_code": "WV061", "state_code": "WV", "epa_region_code": "03", "facility_type_code": "MWD", "facility_lat": 39.6556, "facility_lon": -79.9922, "permit_name": "MORGANTOWN, CITY OF", "version_nmbr": 0, "permit_type_code": "NPD", "effective_date": 1738368000000, "expiration_date": 1892246400000, "permit_status_code": "EFF", "facility_type_indicator": "POTW", "major_minor_status_flag": "M", "permit_tracking": "Y", "pt_start_date": 1738368000000, "dmr_tracking": "Y", "dmr_nr_start_date": 1738368000000, "permit_design_flow": 20.8, "permit_avg_flow": null, "perm_feature_nmbr": "C030", "perm_feature_text": "", "pf_lat": 39.6564, "pf_lon": -79.9917, "pf_character": "CSO", "perm_feature_type_code": "EXO", "pf_state_waterbody_name": "MONONGAHELA RIVER", "pf_state_auto_name": "Popenoe Run", "pf_reach_id": "5020003000222", "in_icis": "YES", "echo_dfr_link": "https://echo.epa.gov/detailed-facility-report?fid=110007871981", "name": "MORGANTOWN WWTP", "feature_kind": "CSO outfall"}}, {"type": "Feature", "id": 6326, "geometry": {"type": "Point", "coordinates": [-79.987500271049, 39.6632999264764]}, "properties": {"OBJECTID": 6326, "npdes_pfid": "WV0023124C031", "npdes_id": "WV0023124", "permitting_state": "WV", "agency_type_code": "ST6", "facility_uin": "110007871981", "facility_name": "MORGANTOWN WWTP", "location_address": "300 FRONTIER STREET", "supplemental_address_text": "", "facility_city": "STAR CITY", "county_code": "WV061", "state_code": "WV", "epa_region_code": "03", "facility_type_code": "MWD", "facility_lat": 39.6556, "facility_lon": -79.9922, "permit_name": "MORGANTOWN, CITY OF", "version_nmbr": 0, "permit_type_code": "NPD", "effective_date": 1738368000000, "expiration_date": 1892246400000, "permit_status_code": "EFF", "facility_type_indicator": "POTW", "major_minor_status_flag": "M", "permit_tracking": "Y", "pt_start_date": 1738368000000, "dmr_tracking": "Y", "dmr_nr_start_date": 1738368000000, "permit_design_flow": 20.8, "permit_avg_flow": null, "perm_feature_nmbr": "C031", "perm_feature_text": "", "pf_lat": 39.6633, "pf_lon": -79.9875, "pf_character": "CSO", "perm_feature_type_code": "EXO", "pf_state_waterbody_name": "MONONGAHELA RIVER", "pf_state_auto_name": "Monongahela River", "pf_reach_id": "5020003000006", "in_icis": "YES", "echo_dfr_link": "https://echo.epa.gov/detailed-facility-report?fid=110007871981", "name": "MORGANTOWN WWTP", "feature_kind": "CSO outfall"}}, {"type": "Feature", "id": 6327, "geometry": {"type": "Point", "coordinates": [-79.960600219866, 39.628300301935]}, "properties": {"OBJECTID": 6327, "npdes_pfid": "WV0023124C033", "npdes_id": "WV0023124", "permitting_state": "WV", "agency_type_code": "ST6", "facility_uin": "110007871981", "facility_name": "MORGANTOWN WWTP", "location_address": "300 FRONTIER STREET", "supplemental_address_text": "", "facility_city": "STAR CITY", "county_code": "WV061", "state_code": "WV", "epa_region_code": "03", "facility_type_code": "MWD", "facility_lat": 39.6556, "facility_lon": -79.9922, "permit_name": "MORGANTOWN, CITY OF", "version_nmbr": 0, "permit_type_code": "NPD", "effective_date": 1738368000000, "expiration_date": 1892246400000, "permit_status_code": "EFF", "facility_type_indicator": "POTW", "major_minor_status_flag": "M", "permit_tracking": "Y", "pt_start_date": 1738368000000, "dmr_tracking": "Y", "dmr_nr_start_date": 1738368000000, "permit_design_flow": 20.8, "permit_avg_flow": null, "perm_feature_nmbr": "C033", "perm_feature_text": "", "pf_lat": 39.6283, "pf_lon": -79.9606, "pf_character": "CSO", "perm_feature_type_code": "EXO", "pf_state_waterbody_name": "MONONGAHELA RIVER", "pf_state_auto_name": "Deckers Creek", "pf_reach_id": "5020003000154", "in_icis": "YES", "echo_dfr_link": "https://echo.epa.gov/detailed-facility-report?fid=110007871981", "name": "MORGANTOWN WWTP", "feature_kind": "CSO outfall"}}, {"type": "Feature", "id": 6328, "geometry": {"type": "Point", "coordinates": [-79.9757997144733, 39.6668999419785]}, "properties": {"OBJECTID": 6328, "npdes_pfid": "WV0023124C034", "npdes_id": "WV0023124", "permitting_state": "WV", "agency_type_code": "ST6", "facility_uin": "110007871981", "facility_name": "MORGANTOWN WWTP", "location_address": "300 FRONTIER STREET", "supplemental_address_text": "", "facility_city": "STAR CITY", "county_code": "WV061", "state_code": "WV", "epa_region_code": "03", "facility_type_code": "MWD", "facility_lat": 39.6556, "facility_lon": -79.9922, "permit_name": "MORGANTOWN, CITY OF", "version_nmbr": 0, "permit_type_code": "NPD", "effective_date": 1738368000000, "expiration_date": 1892246400000, "permit_status_code": "EFF", "facility_type_indicator": "POTW", "major_minor_status_flag": "M", "permit_tracking": "Y", "pt_start_date": 1738368000000, "dmr_tracking": "Y", "dmr_nr_start_date": 1738368000000, "permit_design_flow": 20.8, "permit_avg_flow": null, "perm_feature_nmbr": "C034", "perm_feature_text": "", "pf_lat": 39.6669, "pf_lon": -79.9758, "pf_character": "CSO", "perm_feature_type_code": "EXO", "pf_state_waterbody_name": "MONONGAHELA RIVER", "pf_state_auto_name": "West Run-Monongahela River", "pf_reach_id": "5020003000218", "in_icis": "YES", "echo_dfr_link": "https://echo.epa.gov/detailed-facility-report?fid=110007871981", "name": "MORGANTOWN WWTP", "feature_kind": "CSO outfall"}}, {"type": "Feature", "id": 6329, "geometry": {"type": "Point", "coordinates": [-79.9466996891595, 39.6268999208056]}, "properties": {"OBJECTID": 6329, "npdes_pfid": "WV0023124C035", "npdes_id": "WV0023124", "permitting_state": "WV", "agency_type_code": "ST6", "facility_uin": "110007871981", "facility_name": "MORGANTOWN WWTP", "location_address": "300 FRONTIER STREET", "supplemental_address_text": "", "facility_city": "STAR CITY", "county_code": "WV061", "state_code": "WV", "epa_region_code": "03", "facility_type_code": "MWD", "facility_lat": 39.6556, "facility_lon": -79.9922, "permit_name": "MORGANTOWN, CITY OF", "version_nmbr": 0, "permit_type_code": "NPD", "effective_date": 1738368000000, "expiration_date": 1892246400000, "permit_status_code": "EFF", "facility_type_indicator": "POTW", "major_minor_status_flag": "M", "permit_tracking": "Y", "pt_start_date": 1738368000000, "dmr_tracking": "Y", "dmr_nr_start_date": 1738368000000, "permit_design_flow": 20.8, "permit_avg_flow": null, "perm_feature_nmbr": "C035", "perm_feature_text": "", "pf_lat": 39.6269, "pf_lon": -79.9467, "pf_character": "CSO", "perm_feature_type_code": "EXO", "pf_state_waterbody_name": "MONONGAHELA RIVER", "pf_state_auto_name": "Deckers Creek", "pf_reach_id": "5020003000154", "in_icis": "YES", "echo_dfr_link": "https://echo.epa.gov/detailed-facility-report?fid=110007871981", "name": "MORGANTOWN WWTP", "feature_kind": "CSO outfall"}}, {"type": "Feature", "id": 6330, "geometry": {"type": "Point", "coordinates": [-79.9585996717283, 39.6368998471251]}, "properties": {"OBJECTID": 6330, "npdes_pfid": "WV0023124C036", "npdes_id": "WV0023124", "permitting_state": "WV", "agency_type_code": "ST6", "facility_uin": "110007871981", "facility_name": "MORGANTOWN WWTP", "location_address": "300 FRONTIER STREET", "supplemental_address_text": "", "facility_city": "STAR CITY", "county_code": "WV061", "state_code": "WV", "epa_region_code": "03", "facility_type_code": "MWD", "facility_lat": 39.6556, "facility_lon": -79.9922, "permit_name": "MORGANTOWN, CITY OF", "version_nmbr": 0, "permit_type_code": "NPD", "effective_date": 1738368000000, "expiration_date": 1892246400000, "permit_status_code": "EFF", "facility_type_indicator": "POTW", "major_minor_status_flag": "M", "permit_tracking": "Y", "pt_start_date": 1738368000000, "dmr_tracking": "Y", "dmr_nr_start_date": 1738368000000, "permit_design_flow": 20.8, "permit_avg_flow": null, "perm_feature_nmbr": "C036", "perm_feature_text": "", "pf_lat": 39.6369, "pf_lon": -79.9586, "pf_character": "CSO", "perm_feature_type_code": "EXO", "pf_state_waterbody_name": "MONONGAHELA RIVER", "pf_state_auto_name": "Monongahela River", "pf_reach_id": "5020003000024", "in_icis": "YES", "echo_dfr_link": "https://echo.epa.gov/detailed-facility-report?fid=110007871981", "name": "MORGANTOWN WWTP", "feature_kind": "CSO outfall"}}, {"type": "Feature", "id": 6331, "geometry": {"type": "Point", "coordinates": [-79.959199746338, 39.6261000856651]}, "properties": {"OBJECTID": 6331, "npdes_pfid": "WV0023124C037", "npdes_id": "WV0023124", "permitting_state": "WV", "agency_type_code": "ST6", "facility_uin": "110007871981", "facility_name": "MORGANTOWN WWTP", "location_address": "300 FRONTIER STREET", "supplemental_address_text": "", "facility_city": "STAR CITY", "county_code": "WV061", "state_code": "WV", "epa_region_code": "03", "facility_type_code": "MWD", "facility_lat": 39.6556, "facility_lon": -79.9922, "permit_name": "MORGANTOWN, CITY OF", "version_nmbr": 0, "permit_type_code": "NPD", "effective_date": 1738368000000, "expiration_date": 1892246400000, "permit_status_code": "EFF", "facility_type_indicator": "POTW", "major_minor_status_flag": "M", "permit_tracking": "Y", "pt_start_date": 1738368000000, "dmr_tracking": "Y", "dmr_nr_start_date": 1738368000000, "permit_design_flow": 20.8, "permit_avg_flow": null, "perm_feature_nmbr": "C037", "perm_feature_text": "", "pf_lat": 39.6261, "pf_lon": -79.9592, "pf_character": "CSO", "perm_feature_type_code": "EXO", "pf_state_waterbody_name": "MONONGAHELA RIVER", "pf_state_auto_name": "Deckers Creek", "pf_reach_id": "5020003000154", "in_icis": "YES", "echo_dfr_link": "https://echo.epa.gov/detailed-facility-report?fid=110007871981", "name": "MORGANTOWN WWTP", "feature_kind": "CSO outfall"}}, {"type": "Feature", "id": 6332, "geometry": {"type": "Point", "coordinates": [-79.9538996861617, 39.6285998857196]}, "properties": {"OBJECTID": 6332, "npdes_pfid": "WV0023124C038", "npdes_id": "WV0023124", "permitting_state": "WV", "agency_type_code": "ST6", "facility_uin": "110007871981", "facility_name": "MORGANTOWN WWTP", "location_address": "300 FRONTIER STREET", "supplemental_address_text": "", "facility_city": "STAR CITY", "county_code": "WV061", "state_code": "WV", "epa_region_code": "03", "facility_type_code": "MWD", "facility_lat": 39.6556, "facility_lon": -79.9922, "permit_name": "MORGANTOWN, CITY OF", "version_nmbr": 0, "permit_type_code": "NPD", "effective_date": 1738368000000, "expiration_date": 1892246400000, "permit_status_code": "EFF", "facility_type_indicator": "POTW", "major_minor_status_flag": "M", "permit_tracking": "Y", "pt_start_date": 1738368000000, "dmr_tracking": "Y", "dmr_nr_start_date": 1738368000000, "permit_design_flow": 20.8, "permit_avg_flow": null, "perm_feature_nmbr": "C038", "perm_feature_text": "", "pf_lat": 39.6286, "pf_lon": -79.9539, "pf_character": "CSO", "perm_feature_type_code": "EXO", "pf_state_waterbody_name": "MONONGAHELA RIVER", "pf_state_auto_name": "Deckers Creek", "pf_reach_id": "5020003000154", "in_icis": "YES", "echo_dfr_link": "https://echo.epa.gov/detailed-facility-report?fid=110007871981", "name": "MORGANTOWN WWTP", "feature_kind": "CSO outfall"}}, {"type": "Feature", "id": 6333, "geometry": {"type": "Point", "coordinates": [-79.9928003312253, 39.656100024408]}, "properties": {"OBJECTID": 6333, "npdes_pfid": "WV0023124C039", "npdes_id": "WV0023124", "permitting_state": "WV", "agency_type_code": "ST6", "facility_uin": "110007871981", "facility_name": "MORGANTOWN WWTP", "location_address": "300 FRONTIER STREET", "supplemental_address_text": "", "facility_city": "STAR CITY", "county_code": "WV061", "state_code": "WV", "epa_region_code": "03", "facility_type_code": "MWD", "facility_lat": 39.6556, "facility_lon": -79.9922, "permit_name": "MORGANTOWN, CITY OF", "version_nmbr": 0, "permit_type_code": "NPD", "effective_date": 1738368000000, "expiration_date": 1892246400000, "permit_status_code": "EFF", "facility_type_indicator": "POTW", "major_minor_status_flag": "M", "permit_tracking": "Y", "pt_start_date": 1738368000000, "dmr_tracking": "Y", "dmr_nr_start_date": 1738368000000, "permit_design_flow": 20.8, "permit_avg_flow": null, "perm_feature_nmbr": "C039", "perm_feature_text": "", "pf_lat": 39.6561, "pf_lon": -79.9928, "pf_character": "CSO", "perm_feature_type_code": "EXO", "pf_state_waterbody_name": "MONONGAHELA RIVER", "pf_state_auto_name": "Monongahela River", "pf_reach_id": "5020003000015", "in_icis": "YES", "echo_dfr_link": "https://echo.epa.gov/detailed-facility-report?fid=110007871981", "name": "MORGANTOWN WWTP", "feature_kind": "CSO outfall"}}, {"type": "Feature", "id": 6334, "geometry": {"type": "Point", "coordinates": [-79.9563996975974, 39.6272002025456]}, "properties": {"OBJECTID": 6334, "npdes_pfid": "WV0023124XXX2", "npdes_id": "WV0023124", "permitting_state": "WV", "agency_type_code": "ST6", "facility_uin": "110007871981", "facility_name": "MORGANTOWN WWTP", "location_address": "300 FRONTIER STREET", "supplemental_address_text": "", "facility_city": "STAR CITY", "county_code": "WV061", "state_code": "WV", "epa_region_code": "03", "facility_type_code": "MWD", "facility_lat": 39.6556, "facility_lon": -79.9922, "permit_name": "MORGANTOWN, CITY OF", "version_nmbr": 0, "permit_type_code": "NPD", "effective_date": 1738368000000, "expiration_date": 1892246400000, "permit_status_code": "EFF", "facility_type_indicator": "POTW", "major_minor_status_flag": "M", "permit_tracking": "Y", "pt_start_date": 1738368000000, "dmr_tracking": "Y", "dmr_nr_start_date": 1738368000000, "permit_design_flow": 20.8, "permit_avg_flow": null, "perm_feature_nmbr": "XXX2", "perm_feature_text": "", "pf_lat": 39.6272, "pf_lon": -79.9564, "pf_character": "CSO", "perm_feature_type_code": "EXO", "pf_state_waterbody_name": "MONONGAHELA RIVER", "pf_state_auto_name": "Deckers Creek", "pf_reach_id": "5020003000154", "in_icis": "YES", "echo_dfr_link": "https://echo.epa.gov/detailed-facility-report?fid=110007871981", "name": "MORGANTOWN WWTP", "feature_kind": "CSO outfall"}}, {"type": "Feature", "id": 6335, "geometry": {"type": "Point", "coordinates": [-79.9600001452562, 39.628300301935]}, "properties": {"OBJECTID": 6335, "npdes_pfid": "WV0023124XXX4", "npdes_id": "WV0023124", "permitting_state": "WV", "agency_type_code": "ST6", "facility_uin": "110007871981", "facility_name": "MORGANTOWN WWTP", "location_address": "300 FRONTIER STREET", "supplemental_address_text": "", "facility_city": "STAR CITY", "county_code": "WV061", "state_code": "WV", "epa_region_code": "03", "facility_type_code": "MWD", "facility_lat": 39.6556, "facility_lon": -79.9922, "permit_name": "MORGANTOWN, CITY OF", "version_nmbr": 0, "permit_type_code": "NPD", "effective_date": 1738368000000, "expiration_date": 1892246400000, "permit_status_code": "EFF", "facility_type_indicator": "POTW", "major_minor_status_flag": "M", "permit_tracking": "Y", "pt_start_date": 1738368000000, "dmr_tracking": "Y", "dmr_nr_start_date": 1738368000000, "permit_design_flow": 20.8, "permit_avg_flow": null, "perm_feature_nmbr": "XXX4", "perm_feature_text": "", "pf_lat": 39.6283, "pf_lon": -79.96, "pf_character": "CSO", "perm_feature_type_code": "EXO", "pf_state_waterbody_name": "MONONGAHELA RIVER", "pf_state_auto_name": "Deckers Creek", "pf_reach_id": "5020003000154", "in_icis": "YES", "echo_dfr_link": "https://echo.epa.gov/detailed-facility-report?fid=110007871981", "name": "MORGANTOWN WWTP", "feature_kind": "CSO outfall"}}, {"type": "Feature", "id": 6336, "geometry": {"type": "Point", "coordinates": [-79.9572000965156, 39.6257997991509]}, "properties": {"OBJECTID": 6336, "npdes_pfid": "WV0023124XXX6", "npdes_id": "WV0023124", "permitting_state": "WV", "agency_type_code": "ST6", "facility_uin": "110007871981", "facility_name": "MORGANTOWN WWTP", "location_address": "300 FRONTIER STREET", "supplemental_address_text": "", "facility_city": "STAR CITY", "county_code": "WV061", "state_code": "WV", "epa_region_code": "03", "facility_type_code": "MWD", "facility_lat": 39.6556, "facility_lon": -79.9922, "permit_name": "MORGANTOWN, CITY OF", "version_nmbr": 0, "permit_type_code": "NPD", "effective_date": 1738368000000, "expiration_date": 1892246400000, "permit_status_code": "EFF", "facility_type_indicator": "POTW", "major_minor_status_flag": "M", "permit_tracking": "Y", "pt_start_date": 1738368000000, "dmr_tracking": "Y", "dmr_nr_start_date": 1738368000000, "permit_design_flow": 20.8, "permit_avg_flow": null, "perm_feature_nmbr": "XXX6", "perm_feature_text": "", "pf_lat": 39.6258, "pf_lon": -79.9572, "pf_character": "CSO", "perm_feature_type_code": "EXO", "pf_state_waterbody_name": "MONONGAHELA RIVER", "pf_state_auto_name": "Deckers Creek", "pf_reach_id": "5020003000154", "in_icis": "YES", "echo_dfr_link": "https://echo.epa.gov/detailed-facility-report?fid=110007871981", "name": "MORGANTOWN WWTP", "feature_kind": "CSO outfall"}}, {"type": "Feature", "id": 6337, "geometry": {"type": "Point", "coordinates": [-79.954400047775, 39.6274997910935]}, "properties": {"OBJECTID": 6337, "npdes_pfid": "WV0023124XXX9", "npdes_id": "WV0023124", "permitting_state": "WV", "agency_type_code": "ST6", "facility_uin": "110007871981", "facility_name": "MORGANTOWN WWTP", "location_address": "300 FRONTIER STREET", "supplemental_address_text": "", "facility_city": "STAR CITY", "county_code": "WV061", "state_code": "WV", "epa_region_code": "03", "facility_type_code": "MWD", "facility_lat": 39.6556, "facility_lon": -79.9922, "permit_name": "MORGANTOWN, CITY OF", "version_nmbr": 0, "permit_type_code": "NPD", "effective_date": 1738368000000, "expiration_date": 1892246400000, "permit_status_code": "EFF", "facility_type_indicator": "POTW", "major_minor_status_flag": "M", "permit_tracking": "Y", "pt_start_date": 1738368000000, "dmr_tracking": "Y", "dmr_nr_start_date": 1738368000000, "permit_design_flow": 20.8, "permit_avg_flow": null, "perm_feature_nmbr": "XXX9", "perm_feature_text": "", "pf_lat": 39.6275, "pf_lon": -79.9544, "pf_character": "CSO", "perm_feature_type_code": "EXO", "pf_state_waterbody_name": "MONONGAHELA RIVER", "pf_state_auto_name": "Deckers Creek", "pf_reach_id": "5020003000154", "in_icis": "YES", "echo_dfr_link": "https://echo.epa.gov/detailed-facility-report?fid=110007871981", "name": "MORGANTOWN WWTP", "feature_kind": "CSO outfall"}}, {"type": "Feature", "id": 6338, "geometry": {"type": "Point", "coordinates": [-79.9350000308991, 39.6296999628545]}, "properties": {"OBJECTID": 6338, "npdes_pfid": "WV0023124XXXD", "npdes_id": "WV0023124", "permitting_state": "WV", "agency_type_code": "ST6", "facility_uin": "110007871981", "facility_name": "MORGANTOWN WWTP", "location_address": "300 FRONTIER STREET", "supplemental_address_text": "", "facility_city": "STAR CITY", "county_code": "WV061", "state_code": "WV", "epa_region_code": "03", "facility_type_code": "MWD", "facility_lat": 39.6556, "facility_lon": -79.9922, "permit_name": "MORGANTOWN, CITY OF", "version_nmbr": 0, "permit_type_code": "NPD", "effective_date": 1738368000000, "expiration_date": 1892246400000, "permit_status_code": "EFF", "facility_type_indicator": "POTW", "major_minor_status_flag": "M", "permit_tracking": "Y", "pt_start_date": 1738368000000, "dmr_tracking": "Y", "dmr_nr_start_date": 1738368000000, "permit_design_flow": 20.8, "permit_avg_flow": null, "perm_feature_nmbr": "XXXD", "perm_feature_text": "", "pf_lat": 39.6297, "pf_lon": -79.935, "pf_character": "CSO", "perm_feature_type_code": "EXO", "pf_state_waterbody_name": "MONONGAHELA RIVER", "pf_state_auto_name": "Hartman Run", "pf_reach_id": "5020003000265", "in_icis": "YES", "echo_dfr_link": "https://echo.epa.gov/detailed-facility-report?fid=110007871981", "name": "MORGANTOWN WWTP", "feature_kind": "CSO outfall"}}, {"type": "Feature", "id": 6339, "geometry": {"type": "Point", "coordinates": [-82.5269001370164, 38.4021997873745]}, "properties": {"OBJECTID": 6339, "npdes_pfid": "WV0023159C002", "npdes_id": "WV0023159", "permitting_state": "WV", "agency_type_code": "ST6", "facility_uin": "110000873680", "facility_name": "CITY OF HUNTINGTON/ HUNTINGTON SANITARY BOARD", "location_address": "VINSON ROAD AND FLOODWALL", "supplemental_address_text": "", "facility_city": "HUNTINGTON", "county_code": "WV099", "state_code": "WV", "epa_region_code": "03", "facility_type_code": "MWD", "facility_lat": 38.4011, "facility_lon": -82.5289, "permit_name": "HUNTINGTON, CITY OF", "version_nmbr": 0, "permit_type_code": "NPD", "effective_date": 1612137600000, "expiration_date": 1751241600000, "permit_status_code": "ADC", "facility_type_indicator": "POTW", "major_minor_status_flag": "M", "permit_tracking": "Y", "pt_start_date": 1612137600000, "dmr_tracking": "Y", "dmr_nr_start_date": 1612137600000, "permit_design_flow": 17, "permit_avg_flow": 0, "perm_feature_nmbr": "C002", "perm_feature_text": "", "pf_lat": 38.4022, "pf_lon": -82.5269, "pf_character": "CSO", "perm_feature_type_code": "EXO", "pf_state_waterbody_name": "Krout Creek of Twelvepole Creek", "pf_state_auto_name": "Ohio River", "pf_reach_id": "5090101000002", "in_icis": "YES", "echo_dfr_link": "https://echo.epa.gov/detailed-facility-report?fid=110000873680", "name": "CITY OF HUNTINGTON/ HUNTINGTON SANITARY BOARD", "feature_kind": "CSO outfall"}}, {"type": "Feature", "id": 6340, "geometry": {"type": "Point", "coordinates": [-82.5166997669652, 38.4041997736671]}, "properties": {"OBJECTID": 6340, "npdes_pfid": "WV0023159C003", "npdes_id": "WV0023159", "permitting_state": "WV", "agency_type_code": "ST6", "facility_uin": "110000873680", "facility_name": "CITY OF HUNTINGTON/ HUNTINGTON SANITARY BOARD", "location_address": "VINSON ROAD AND FLOODWALL", "supplemental_address_text": "", "facility_city": "HUNTINGTON", "county_code": "WV099", "state_code": "WV", "epa_region_code": "03", "facility_type_code": "MWD", "facility_lat": 38.4011, "facility_lon": -82.5289, "permit_name": "HUNTINGTON, CITY OF", "version_nmbr": 0, "permit_type_code": "NPD", "effective_date": 1612137600000, "expiration_date": 1751241600000, "permit_status_code": "ADC", "facility_type_indicator": "POTW", "major_minor_status_flag": "M", "permit_tracking": "Y", "pt_start_date": 1612137600000, "dmr_tracking": "Y", "dmr_nr_start_date": 1612137600000, "permit_design_flow": 17, "permit_avg_flow": 0, "perm_feature_nmbr": "C003", "perm_feature_text": "", "pf_lat": 38.4042, "pf_lon": -82.5167, "pf_character": "CSO", "perm_feature_type_code": "EXO", "pf_state_waterbody_name": "Ohio River", "pf_state_auto_name": "Ohio River", "pf_reach_id": "5090101000002", "in_icis": "YES", "echo_dfr_link": "https://echo.epa.gov/detailed-facility-report?fid=110000873680", "name": "CITY OF HUNTINGTON/ HUNTINGTON SANITARY BOARD", "feature_kind": "CSO outfall"}}, {"type": "Feature", "id": 6341, "geometry": {"type": "Point", "coordinates": [-82.5022000599642, 38.4083002412885]}, "properties": {"OBJECTID": 6341, "npdes_pfid": "WV0023159C004", "npdes_id": "WV0023159", "permitting_state": "WV", "agency_type_code": "ST6", "facility_uin": "110000873680", "facility_name": "CITY OF HUNTINGTON/ HUNTINGTON SANITARY BOARD", "location_address": "VINSON ROAD AND FLOODWALL", "supplemental_address_text": "", "facility_city": "HUNTINGTON", "county_code": "WV099", "state_code": "WV", "epa_region_code": "03", "facility_type_code": "MWD", "facility_lat": 38.4011, "facility_lon": -82.5289, "permit_name": "HUNTINGTON, CITY OF", "version_nmbr": 0, "permit_type_code": "NPD", "effective_date": 1612137600000, "expiration_date": 1751241600000, "permit_status_code": "ADC", "facility_type_indicator": "POTW", "major_minor_status_flag": "M", "permit_tracking": "Y", "pt_start_date": 1612137600000, "dmr_tracking": "Y", "dmr_nr_start_date": 1612137600000, "permit_design_flow": 17, "permit_avg_flow": 0, "perm_feature_nmbr": "C004", "perm_feature_text": "", "pf_lat": 38.4083, "pf_lon": -82.5022, "pf_character": "CSO", "perm_feature_type_code": "EXO", "pf_state_waterbody_name": "Fourpole Creek", "pf_state_auto_name": "Fourpole Creek", "pf_reach_id": "5090101001608", "in_icis": "YES", "echo_dfr_link": "https://echo.epa.gov/detailed-facility-report?fid=110000873680", "name": "CITY OF HUNTINGTON/ HUNTINGTON SANITARY BOARD", "feature_kind": "CSO outfall"}}, {"type": "Feature", "id": 6342, "geometry": {"type": "Point", "coordinates": [-82.4931001261361, 38.4119000136956]}, "properties": {"OBJECTID": 6342, "npdes_pfid": "WV0023159C005", "npdes_id": "WV0023159", "permitting_state": "WV", "agency_type_code": "ST6", "facility_uin": "110000873680", "facility_name": "CITY OF HUNTINGTON/ HUNTINGTON SANITARY BOARD", "location_address": "VINSON ROAD AND FLOODWALL", "supplemental_address_text": "", "facility_city": "HUNTINGTON", "county_code": "WV099", "state_code": "WV", "epa_region_code": "03", "facility_type_code": "MWD", "facility_lat": 38.4011, "facility_lon": -82.5289, "permit_name": "HUNTINGTON, CITY OF", "version_nmbr": 0, "permit_type_code": "NPD", "effective_date": 1612137600000, "expiration_date": 1751241600000, "permit_status_code": "ADC", "facility_type_indicator": "POTW", "major_minor_status_flag": "M", "permit_tracking": "Y", "pt_start_date": 1612137600000, "dmr_tracking": "Y", "dmr_nr_start_date": 1612137600000, "permit_design_flow": 17, "permit_avg_flow": 0, "perm_feature_nmbr": "C005", "perm_feature_text": "", "pf_lat": 38.4119, "pf_lon": -82.4931, "pf_character": "CSO", "perm_feature_type_code": "EXO", "pf_state_waterbody_name": "Ohio River", "pf_state_auto_name": "Ohio River", "pf_reach_id": "5090101000004", "in_icis": "YES", "echo_dfr_link": "https://echo.epa.gov/detailed-facility-report?fid=110000873680", "name": "CITY OF HUNTINGTON/ HUNTINGTON SANITARY BOARD", "feature_kind": "CSO outfall"}}, {"type": "Feature", "id": 6343, "geometry": {"type": "Point", "coordinates": [-82.4799999943478, 38.4133000331753]}, "properties": {"OBJECTID": 6343, "npdes_pfid": "WV0023159C006", "npdes_id": "WV0023159", "permitting_state": "WV", "agency_type_code": "ST6", "facility_uin": "110000873680", "facility_name": "CITY OF HUNTINGTON/ HUNTINGTON SANITARY BOARD", "location_address": "VINSON ROAD AND FLOODWALL", "supplemental_address_text": "", "facility_city": "HUNTINGTON", "county_code": "WV099", "state_code": "WV", "epa_region_code": "03", "facility_type_code": "MWD", "facility_lat": 38.4011, "facility_lon": -82.5289, "permit_name": "HUNTINGTON, CITY OF", "version_nmbr": 0, "permit_type_code": "NPD", "effective_date": 1612137600000, "expiration_date": 1751241600000, "permit_status_code": "ADC", "facility_type_indicator": "POTW", "major_minor_status_flag": "M", "permit_tracking": "Y", "pt_start_date": 1612137600000, "dmr_tracking": "Y", "dmr_nr_start_date": 1612137600000, "permit_design_flow": 17, "permit_avg_flow": 0, "perm_feature_nmbr": "C006", "perm_feature_text": "", "pf_lat": 38.4133, "pf_lon": -82.48, "pf_character": "CSO", "perm_feature_type_code": "EXO", "pf_state_waterbody_name": "Ohio River", "pf_state_auto_name": "Ohio River", "pf_reach_id": "5090101000005", "in_icis": "YES", "echo_dfr_link": "https://echo.epa.gov/detailed-facility-report?fid=110000873680", "name": "CITY OF HUNTINGTON/ HUNTINGTON SANITARY BOARD", "feature_kind": "CSO outfall"}}, {"type": "Feature", "id": 6344, "geometry": {"type": "Point", "coordinates": [-82.4683003360874, 38.4188998398267]}, "properties": {"OBJECTID": 6344, "npdes_pfid": "WV0023159C007", "npdes_id": "WV0023159", "permitting_state": "WV", "agency_type_code": "ST6", "facility_uin": "110000873680", "facility_name": "CITY OF HUNTINGTON/ HUNTINGTON SANITARY BOARD", "location_address": "VINSON ROAD AND FLOODWALL", "supplemental_address_text": "", "facility_city": "HUNTINGTON", "county_code": "WV099", "state_code": "WV", "epa_region_code": "03", "facility_type_code": "MWD", "facility_lat": 38.4011, "facility_lon": -82.5289, "permit_name": "HUNTINGTON, CITY OF", "version_nmbr": 0, "permit_type_code": "NPD", "effective_date": 1612137600000, "expiration_date": 1751241600000, "permit_status_code": "ADC", "facility_type_indicator": "POTW", "major_minor_status_flag": "M", "permit_tracking": "Y", "pt_start_date": 1612137600000, "dmr_tracking": "Y", "dmr_nr_start_date": 1612137600000, "permit_design_flow": 17, "permit_avg_flow": 0, "perm_feature_nmbr": "C007", "perm_feature_text": "", "pf_lat": 38.4189, "pf_lon": -82.4683, "pf_character": "CSO", "perm_feature_type_code": "EXO", "pf_state_waterbody_name": "Ohio River", "pf_state_auto_name": "Ohio River", "pf_reach_id": "5090101000005", "in_icis": "YES", "echo_dfr_link": "https://echo.epa.gov/detailed-facility-report?fid=110000873680", "name": "CITY OF HUNTINGTON/ HUNTINGTON SANITARY BOARD", "feature_kind": "CSO outfall"}}, {"type": "Feature", "id": 6345, "geometry": {"type": "Point", "coordinates": [-82.4583002903446, 38.4210999467444]}, "properties": {"OBJECTID": 6345, "npdes_pfid": "WV0023159C008", "npdes_id": "WV0023159", "permitting_state": "WV", "agency_type_code": "ST6", "facility_uin": "110000873680", "facility_name": "CITY OF HUNTINGTON/ HUNTINGTON SANITARY BOARD", "location_address": "VINSON ROAD AND FLOODWALL", "supplemental_address_text": "", "facility_city": "HUNTINGTON", "county_code": "WV099", "state_code": "WV", "epa_region_code": "03", "facility_type_code": "MWD", "facility_lat": 38.4011, "facility_lon": -82.5289, "permit_name": "HUNTINGTON, CITY OF", "version_nmbr": 0, "permit_type_code": "NPD", "effective_date": 1612137600000, "expiration_date": 1751241600000, "permit_status_code": "ADC", "facility_type_indicator": "POTW", "major_minor_status_flag": "M", "permit_tracking": "Y", "pt_start_date": 1612137600000, "dmr_tracking": "Y", "dmr_nr_start_date": 1612137600000, "permit_design_flow": 17, "permit_avg_flow": 0, "perm_feature_nmbr": "C008", "perm_feature_text": "", "pf_lat": 38.4211, "pf_lon": -82.4583, "pf_character": "CSO", "perm_feature_type_code": "EXO", "pf_state_waterbody_name": "Ohio River", "pf_state_auto_name": "Ohio River", "pf_reach_id": "5090101000005", "in_icis": "YES", "echo_dfr_link": "https://echo.epa.gov/detailed-facility-report?fid=110000873680", "name": "CITY OF HUNTINGTON/ HUNTINGTON SANITARY BOARD", "feature_kind": "CSO outfall"}}, {"type": "Feature", "id": 6346, "geometry": {"type": "Point", "coordinates": [-82.4536003047781, 38.4221999750752]}, "properties": {"OBJECTID": 6346, "npdes_pfid": "WV0023159C009", "npdes_id": "WV0023159", "permitting_state": "WV", "agency_type_code": "ST6", "facility_uin": "110000873680", "facility_name": "CITY OF HUNTINGTON/ HUNTINGTON SANITARY BOARD", "location_address": "VINSON ROAD AND FLOODWALL", "supplemental_address_text": "", "facility_city": "HUNTINGTON", "county_code": "WV099", "state_code": "WV", "epa_region_code": "03", "facility_type_code": "MWD", "facility_lat": 38.4011, "facility_lon": -82.5289, "permit_name": "HUNTINGTON, CITY OF", "version_nmbr": 0, "permit_type_code": "NPD", "effective_date": 1612137600000, "expiration_date": 1751241600000, "permit_status_code": "ADC", "facility_type_indicator": "POTW", "major_minor_status_flag": "M", "permit_tracking": "Y", "pt_start_date": 1612137600000, "dmr_tracking": "Y", "dmr_nr_start_date": 1612137600000, "permit_design_flow": 17, "permit_avg_flow": 0, "perm_feature_nmbr": "C009", "perm_feature_text": "", "pf_lat": 38.4222, "pf_lon": -82.4536, "pf_character": "CSO", "perm_feature_type_code": "EXO", "pf_state_waterbody_name": "Ohio River", "pf_state_auto_name": "Ohio River", "pf_reach_id": "5090101000005", "in_icis": "YES", "echo_dfr_link": "https://echo.epa.gov/detailed-facility-report?fid=110000873680", "name": "CITY OF HUNTINGTON/ HUNTINGTON SANITARY BOARD", "feature_kind": "CSO outfall"}}, {"type": "Feature", "id": 6347, "geometry": {"type": "Point", "coordinates": [-82.4443997596381, 38.4242001116245]}, "properties": {"OBJECTID": 6347, "npdes_pfid": "WV0023159C010", "npdes_id": "WV0023159", "permitting_state": "WV", "agency_type_code": "ST6", "facility_uin": "110000873680", "facility_name": "CITY OF HUNTINGTON/ HUNTINGTON SANITARY BOARD", "location_address": "VINSON ROAD AND FLOODWALL", "supplemental_address_text": "", "facility_city": "HUNTINGTON", "county_code": "WV099", "state_code": "WV", "epa_region_code": "03", "facility_type_code": "MWD", "facility_lat": 38.4011, "facility_lon": -82.5289, "permit_name": "HUNTINGTON, CITY OF", "version_nmbr": 0, "permit_type_code": "NPD", "effective_date": 1612137600000, "expiration_date": 1751241600000, "permit_status_code": "ADC", "facility_type_indicator": "POTW", "major_minor_status_flag": "M", "permit_tracking": "Y", "pt_start_date": 1612137600000, "dmr_tracking": "Y", "dmr_nr_start_date": 1612137600000, "permit_design_flow": 17, "permit_avg_flow": 0, "perm_feature_nmbr": "C010", "perm_feature_text": "", "pf_lat": 38.4242, "pf_lon": -82.4444, "pf_character": "CSO", "perm_feature_type_code": "EXO", "pf_state_waterbody_name": "Ohio River", "pf_state_auto_name": "Ohio River", "pf_reach_id": "5090101000006", "in_icis": "YES", "echo_dfr_link": "https://echo.epa.gov/detailed-facility-report?fid=110000873680", "name": "CITY OF HUNTINGTON/ HUNTINGTON SANITARY BOARD", "feature_kind": "CSO outfall"}}, {"type": "Feature", "id": 6348, "geometry": {"type": "Point", "coordinates": [-82.4414002849044, 38.4250002914879]}, "properties": {"OBJECTID": 6348, "npdes_pfid": "WV0023159C011", "npdes_id": "WV0023159", "permitting_state": "WV", "agency_type_code": "ST6", "facility_uin": "110000873680", "facility_name": "CITY OF HUNTINGTON/ HUNTINGTON SANITARY BOARD", "location_address": "VINSON ROAD AND FLOODWALL", "supplemental_address_text": "", "facility_city": "HUNTINGTON", "county_code": "WV099", "state_code": "WV", "epa_region_code": "03", "facility_type_code": "MWD", "facility_lat": 38.4011, "facility_lon": -82.5289, "permit_name": "HUNTINGTON, CITY OF", "version_nmbr": 0, "permit_type_code": "NPD", "effective_date": 1612137600000, "expiration_date": 1751241600000, "permit_status_code": "ADC", "facility_type_indicator": "POTW", "major_minor_status_flag": "M", "permit_tracking": "Y", "pt_start_date": 1612137600000, "dmr_tracking": "Y", "dmr_nr_start_date": 1612137600000, "permit_design_flow": 17, "permit_avg_flow": 0, "perm_feature_nmbr": "C011", "perm_feature_text": "", "pf_lat": 38.425, "pf_lon": -82.4414, "pf_character": "CSO", "perm_feature_type_code": "EXO", "pf_state_waterbody_name": "Ohio River", "pf_state_auto_name": "Ohio River", "pf_reach_id": "5090101000006", "in_icis": "YES", "echo_dfr_link": "https://echo.epa.gov/detailed-facility-report?fid=110000873680", "name": "CITY OF HUNTINGTON/ HUNTINGTON SANITARY BOARD", "feature_kind": "CSO outfall"}}, {"type": "Feature", "id": 6349, "geometry": {"type": "Point", "coordinates": [-82.4327998143743, 38.4268997154886]}, "properties": {"OBJECTID": 6349, "npdes_pfid": "WV0023159C012", "npdes_id": "WV0023159", "permitting_state": "WV", "agency_type_code": "ST6", "facility_uin": "110000873680", "facility_name": "CITY OF HUNTINGTON/ HUNTINGTON SANITARY BOARD", "location_address": "VINSON ROAD AND FLOODWALL", "supplemental_address_text": "", "facility_city": "HUNTINGTON", "county_code": "WV099", "state_code": "WV", "epa_region_code": "03", "facility_type_code": "MWD", "facility_lat": 38.4011, "facility_lon": -82.5289, "permit_name": "HUNTINGTON, CITY OF", "version_nmbr": 0, "permit_type_code": "NPD", "effective_date": 1612137600000, "expiration_date": 1751241600000, "permit_status_code": "ADC", "facility_type_indicator": "POTW", "major_minor_status_flag": "M", "permit_tracking": "Y", "pt_start_date": 1612137600000, "dmr_tracking": "Y", "dmr_nr_start_date": 1612137600000, "permit_design_flow": 17, "permit_avg_flow": 0, "perm_feature_nmbr": "C012", "perm_feature_text": "", "pf_lat": 38.4269, "pf_lon": -82.4328, "pf_character": "CSO", "perm_feature_type_code": "EXO", "pf_state_waterbody_name": "Ohio River", "pf_state_auto_name": "Ohio River", "pf_reach_id": "5090101000006", "in_icis": "YES", "echo_dfr_link": "https://echo.epa.gov/detailed-facility-report?fid=110000873680", "name": "CITY OF HUNTINGTON/ HUNTINGTON SANITARY BOARD", "feature_kind": "CSO outfall"}}, {"type": "Feature", "id": 6350, "geometry": {"type": "Point", "coordinates": [-82.4243996681525, 38.4296998496844]}, "properties": {"OBJECTID": 6350, "npdes_pfid": "WV0023159C013", "npdes_id": "WV0023159", "permitting_state": "WV", "agency_type_code": "ST6", "facility_uin": "110000873680", "facility_name": "CITY OF HUNTINGTON/ HUNTINGTON SANITARY BOARD", "location_address": "VINSON ROAD AND FLOODWALL", "supplemental_address_text": "", "facility_city": "HUNTINGTON", "county_code": "WV099", "state_code": "WV", "epa_region_code": "03", "facility_type_code": "MWD", "facility_lat": 38.4011, "facility_lon": -82.5289, "permit_name": "HUNTINGTON, CITY OF", "version_nmbr": 0, "permit_type_code": "NPD", "effective_date": 1612137600000, "expiration_date": 1751241600000, "permit_status_code": "ADC", "facility_type_indicator": "POTW", "major_minor_status_flag": "M", "permit_tracking": "Y", "pt_start_date": 1612137600000, "dmr_tracking": "Y", "dmr_nr_start_date": 1612137600000, "permit_design_flow": 17, "permit_avg_flow": 0, "perm_feature_nmbr": "C013", "perm_feature_text": "", "pf_lat": 38.4297, "pf_lon": -82.4244, "pf_character": "CSO", "perm_feature_type_code": "EXO", "pf_state_waterbody_name": "Ohio River", "pf_state_auto_name": "Ohio River", "pf_reach_id": "5090101000006", "in_icis": "YES", "echo_dfr_link": "https://echo.epa.gov/detailed-facility-report?fid=110000873680", "name": "CITY OF HUNTINGTON/ HUNTINGTON SANITARY BOARD", "feature_kind": "CSO outfall"}}, {"type": "Feature", "id": 6351, "geometry": {"type": "Point", "coordinates": [-82.4146996597145, 38.4332999632086]}, "properties": {"OBJECTID": 6351, "npdes_pfid": "WV0023159C014", "npdes_id": "WV0023159", "permitting_state": "WV", "agency_type_code": "ST6", "facility_uin": "110000873680", "facility_name": "CITY OF HUNTINGTON/ HUNTINGTON SANITARY BOARD", "location_address": "VINSON ROAD AND FLOODWALL", "supplemental_address_text": "", "facility_city": "HUNTINGTON", "county_code": "WV099", "state_code": "WV", "epa_region_code": "03", "facility_type_code": "MWD", "facility_lat": 38.4011, "facility_lon": -82.5289, "permit_name": "HUNTINGTON, CITY OF", "version_nmbr": 0, "permit_type_code": "NPD", "effective_date": 1612137600000, "expiration_date": 1751241600000, "permit_status_code": "ADC", "facility_type_indicator": "POTW", "major_minor_status_flag": "M", "permit_tracking": "Y", "pt_start_date": 1612137600000, "dmr_tracking": "Y", "dmr_nr_start_date": 1612137600000, "permit_design_flow": 17, "permit_avg_flow": 0, "perm_feature_nmbr": "C014", "perm_feature_text": "", "pf_lat": 38.4333, "pf_lon": -82.4147, "pf_character": "CSO", "perm_feature_type_code": "EXO", "pf_state_waterbody_name": "Ohio River", "pf_state_auto_name": "Ohio River", "pf_reach_id": "5090101000006", "in_icis": "YES", "echo_dfr_link": "https://echo.epa.gov/detailed-facility-report?fid=110000873680", "name": "CITY OF HUNTINGTON/ HUNTINGTON SANITARY BOARD", "feature_kind": "CSO outfall"}}, {"type": "Feature", "id": 6352, "geometry": {"type": "Point", "coordinates": [-82.4064001248046, 38.4360998492258]}, "properties": {"OBJECTID": 6352, "npdes_pfid": "WV0023159C015", "npdes_id": "WV0023159", "permitting_state": "WV", "agency_type_code": "ST6", "facility_uin": "110000873680", "facility_name": "CITY OF HUNTINGTON/ HUNTINGTON SANITARY BOARD", "location_address": "VINSON ROAD AND FLOODWALL", "supplemental_address_text": "", "facility_city": "HUNTINGTON", "county_code": "WV099", "state_code": "WV", "epa_region_code": "03", "facility_type_code": "MWD", "facility_lat": 38.4011, "facility_lon": -82.5289, "permit_name": "HUNTINGTON, CITY OF", "version_nmbr": 0, "permit_type_code": "NPD", "effective_date": 1612137600000, "expiration_date": 1751241600000, "permit_status_code": "ADC", "facility_type_indicator": "POTW", "major_minor_status_flag": "M", "permit_tracking": "Y", "pt_start_date": 1612137600000, "dmr_tracking": "Y", "dmr_nr_start_date": 1612137600000, "permit_design_flow": 17, "permit_avg_flow": 0, "perm_feature_nmbr": "C015", "perm_feature_text": "", "pf_lat": 38.4361, "pf_lon": -82.4064, "pf_character": "CSO", "perm_feature_type_code": "EXO", "pf_state_waterbody_name": "Ohio River", "pf_state_auto_name": "Ohio River", "pf_reach_id": "5090101000006", "in_icis": "YES", "echo_dfr_link": "https://echo.epa.gov/detailed-facility-report?fid=110000873680", "name": "CITY OF HUNTINGTON/ HUNTINGTON SANITARY BOARD", "feature_kind": "CSO outfall"}}, {"type": "Feature", "id": 6353, "geometry": {"type": "Point", "coordinates": [-82.3921995567932, 38.4285999355783]}, "properties": {"OBJECTID": 6353, "npdes_pfid": "WV0023159C016", "npdes_id": "WV0023159", "permitting_state": "WV", "agency_type_code": "ST6", "facility_uin": "110000873680", "facility_name": "CITY OF HUNTINGTON/ HUNTINGTON SANITARY BOARD", "location_address": "VINSON ROAD AND FLOODWALL", "supplemental_address_text": "", "facility_city": "HUNTINGTON", "county_code": "WV099", "state_code": "WV", "epa_region_code": "03", "facility_type_code": "MWD", "facility_lat": 38.4011, "facility_lon": -82.5289, "permit_name": "HUNTINGTON, CITY OF", "version_nmbr": 0, "permit_type_code": "NPD", "effective_date": 1612137600000, "expiration_date": 1751241600000, "permit_status_code": "ADC", "facility_type_indicator": "POTW", "major_minor_status_flag": "M", "permit_tracking": "Y", "pt_start_date": 1612137600000, "dmr_tracking": "Y", "dmr_nr_start_date": 1612137600000, "permit_design_flow": 17, "permit_avg_flow": 0, "perm_feature_nmbr": "C016", "perm_feature_text": "", "pf_lat": 38.4286, "pf_lon": -82.3922, "pf_character": "CSO", "perm_feature_type_code": "EXO", "pf_state_waterbody_name": "Guyandotte River", "pf_state_auto_name": "Guyandotte River", "pf_reach_id": "5070102000001", "in_icis": "YES", "echo_dfr_link": "https://echo.epa.gov/detailed-facility-report?fid=110000873680", "name": "CITY OF HUNTINGTON/ HUNTINGTON SANITARY BOARD", "feature_kind": "CSO outfall"}}, {"type": "Feature", "id": 6354, "geometry": {"type": "Point", "coordinates": [-82.3889000447546, 38.4138997315619]}, "properties": {"OBJECTID": 6354, "npdes_pfid": "WV0023159C017", "npdes_id": "WV0023159", "permitting_state": "WV", "agency_type_code": "ST6", "facility_uin": "110000873680", "facility_name": "CITY OF HUNTINGTON/ HUNTINGTON SANITARY BOARD", "location_address": "VINSON ROAD AND FLOODWALL", "supplemental_address_text": "", "facility_city": "HUNTINGTON", "county_code": "WV099", "state_code": "WV", "epa_region_code": "03", "facility_type_code": "MWD", "facility_lat": 38.4011, "facility_lon": -82.5289, "permit_name": "HUNTINGTON, CITY OF", "version_nmbr": 0, "permit_type_code": "NPD", "effective_date": 1612137600000, "expiration_date": 1751241600000, "permit_status_code": "ADC", "facility_type_indicator": "POTW", "major_minor_status_flag": "M", "permit_tracking": "Y", "pt_start_date": 1612137600000, "dmr_tracking": "Y", "dmr_nr_start_date": 1612137600000, "permit_design_flow": 17, "permit_avg_flow": 0, "perm_feature_nmbr": "C017", "perm_feature_text": "", "pf_lat": 38.4139, "pf_lon": -82.3889, "pf_character": "CSO", "perm_feature_type_code": "EXO", "pf_state_waterbody_name": "Guyandotte River", "pf_state_auto_name": "Guyandotte River", "pf_reach_id": "5070102000001", "in_icis": "YES", "echo_dfr_link": "https://echo.epa.gov/detailed-facility-report?fid=110000873680", "name": "CITY OF HUNTINGTON/ HUNTINGTON SANITARY BOARD", "feature_kind": "CSO outfall"}}, {"type": "Feature", "id": 6355, "geometry": {"type": "Point", "coordinates": [-82.3897004436728, 38.4169002603505]}, "properties": {"OBJECTID": 6355, "npdes_pfid": "WV0023159C018", "npdes_id": "WV0023159", "permitting_state": "WV", "agency_type_code": "ST6", "facility_uin": "110000873680", "facility_name": "CITY OF HUNTINGTON/ HUNTINGTON SANITARY BOARD", "location_address": "VINSON ROAD AND FLOODWALL", "supplemental_address_text": "", "facility_city": "HUNTINGTON", "county_code": "WV099", "state_code": "WV", "epa_region_code": "03", "facility_type_code": "MWD", "facility_lat": 38.4011, "facility_lon": -82.5289, "permit_name": "HUNTINGTON, CITY OF", "version_nmbr": 0, "permit_type_code": "NPD", "effective_date": 1612137600000, "expiration_date": 1751241600000, "permit_status_code": "ADC", "facility_type_indicator": "POTW", "major_minor_status_flag": "M", "permit_tracking": "Y", "pt_start_date": 1612137600000, "dmr_tracking": "Y", "dmr_nr_start_date": 1612137600000, "permit_design_flow": 17, "permit_avg_flow": 0, "perm_feature_nmbr": "C018", "perm_feature_text": "", "pf_lat": 38.4169, "pf_lon": -82.3897, "pf_character": "CSO", "perm_feature_type_code": "EXO", "pf_state_waterbody_name": "Pat's Branch", "pf_state_auto_name": "Guyandotte River", "pf_reach_id": "5070102000001", "in_icis": "YES", "echo_dfr_link": "https://echo.epa.gov/detailed-facility-report?fid=110000873680", "name": "CITY OF HUNTINGTON/ HUNTINGTON SANITARY BOARD", "feature_kind": "CSO outfall"}}, {"type": "Feature", "id": 6356, "geometry": {"type": "Point", "coordinates": [-82.3902996199673, 38.4228003033683]}, "properties": {"OBJECTID": 6356, "npdes_pfid": "WV0023159C019", "npdes_id": "WV0023159", "permitting_state": "WV", "agency_type_code": "ST6", "facility_uin": "110000873680", "facility_name": "CITY OF HUNTINGTON/ HUNTINGTON SANITARY BOARD", "location_address": "VINSON ROAD AND FLOODWALL", "supplemental_address_text": "", "facility_city": "HUNTINGTON", "county_code": "WV099", "state_code": "WV", "epa_region_code": "03", "facility_type_code": "MWD", "facility_lat": 38.4011, "facility_lon": -82.5289, "permit_name": "HUNTINGTON, CITY OF", "version_nmbr": 0, "permit_type_code": "NPD", "effective_date": 1612137600000, "expiration_date": 1751241600000, "permit_status_code": "ADC", "facility_type_indicator": "POTW", "major_minor_status_flag": "M", "permit_tracking": "Y", "pt_start_date": 1612137600000, "dmr_tracking": "Y", "dmr_nr_start_date": 1612137600000, "permit_design_flow": 17, "permit_avg_flow": 0, "perm_feature_nmbr": "C019", "perm_feature_text": "", "pf_lat": 38.4228, "pf_lon": -82.3903, "pf_character": "CSO", "perm_feature_type_code": "EXO", "pf_state_waterbody_name": "Guyandotte River", "pf_state_auto_name": "Guyandotte River", "pf_reach_id": "5070102000001", "in_icis": "YES", "echo_dfr_link": "https://echo.epa.gov/detailed-facility-report?fid=110000873680", "name": "CITY OF HUNTINGTON/ HUNTINGTON SANITARY BOARD", "feature_kind": "CSO outfall"}}, {"type": "Feature", "id": 6357, "geometry": {"type": "Point", "coordinates": [-82.3869003949322, 38.4311002279173]}, "properties": {"OBJECTID": 6357, "npdes_pfid": "WV0023159C020", "npdes_id": "WV0023159", "permitting_state": "WV", "agency_type_code": "ST6", "facility_uin": "110000873680", "facility_name": "CITY OF HUNTINGTON/ HUNTINGTON SANITARY BOARD", "location_address": "VINSON ROAD AND FLOODWALL", "supplemental_address_text": "", "facility_city": "HUNTINGTON", "county_code": "WV099", "state_code": "WV", "epa_region_code": "03", "facility_type_code": "MWD", "facility_lat": 38.4011, "facility_lon": -82.5289, "permit_name": "HUNTINGTON, CITY OF", "version_nmbr": 0, "permit_type_code": "NPD", "effective_date": 1612137600000, "expiration_date": 1751241600000, "permit_status_code": "ADC", "facility_type_indicator": "POTW", "major_minor_status_flag": "M", "permit_tracking": "Y", "pt_start_date": 1612137600000, "dmr_tracking": "Y", "dmr_nr_start_date": 1612137600000, "permit_design_flow": 17, "permit_avg_flow": 0, "perm_feature_nmbr": "C020", "perm_feature_text": "", "pf_lat": 38.4311, "pf_lon": -82.3869, "pf_character": "CSO", "perm_feature_type_code": "EXO", "pf_state_waterbody_name": "Ohio River", "pf_state_auto_name": "Ohio River", "pf_reach_id": "5090101000007", "in_icis": "YES", "echo_dfr_link": "https://echo.epa.gov/detailed-facility-report?fid=110000873680", "name": "CITY OF HUNTINGTON/ HUNTINGTON SANITARY BOARD", "feature_kind": "CSO outfall"}}, {"type": "Feature", "id": 6358, "geometry": {"type": "Point", "coordinates": [-82.370000389492, 38.4316997785364]}, "properties": {"OBJECTID": 6358, "npdes_pfid": "WV0023159C021", "npdes_id": "WV0023159", "permitting_state": "WV", "agency_type_code": "ST6", "facility_uin": "110000873680", "facility_name": "CITY OF HUNTINGTON/ HUNTINGTON SANITARY BOARD", "location_address": "VINSON ROAD AND FLOODWALL", "supplemental_address_text": "", "facility_city": "HUNTINGTON", "county_code": "WV099", "state_code": "WV", "epa_region_code": "03", "facility_type_code": "MWD", "facility_lat": 38.4011, "facility_lon": -82.5289, "permit_name": "HUNTINGTON, CITY OF", "version_nmbr": 0, "permit_type_code": "NPD", "effective_date": 1612137600000, "expiration_date": 1751241600000, "permit_status_code": "ADC", "facility_type_indicator": "POTW", "major_minor_status_flag": "M", "permit_tracking": "Y", "pt_start_date": 1612137600000, "dmr_tracking": "Y", "dmr_nr_start_date": 1612137600000, "permit_design_flow": 17, "permit_avg_flow": 0, "perm_feature_nmbr": "C021", "perm_feature_text": "", "pf_lat": 38.4317, "pf_lon": -82.37, "pf_character": "CSO", "perm_feature_type_code": "EXO", "pf_state_waterbody_name": "OHIO RIVER", "pf_state_auto_name": "Ohio River", "pf_reach_id": "5090101000007", "in_icis": "YES", "echo_dfr_link": "https://echo.epa.gov/detailed-facility-report?fid=110000873680", "name": "CITY OF HUNTINGTON/ HUNTINGTON SANITARY BOARD", "feature_kind": "CSO outfall"}}, {"type": "Feature", "id": 6359, "geometry": {"type": "Point", "coordinates": [-82.4982995750006, 38.4064003282195]}, "properties": {"OBJECTID": 6359, "npdes_pfid": "WV0023159C022", "npdes_id": "WV0023159", "permitting_state": "WV", "agency_type_code": "ST6", "facility_uin": "110000873680", "facility_name": "CITY OF HUNTINGTON/ HUNTINGTON SANITARY BOARD", "location_address": "VINSON ROAD AND FLOODWALL", "supplemental_address_text": "", "facility_city": "HUNTINGTON", "county_code": "WV099", "state_code": "WV", "epa_region_code": "03", "facility_type_code": "MWD", "facility_lat": 38.4011, "facility_lon": -82.5289, "permit_name": "HUNTINGTON, CITY OF", "version_nmbr": 0, "permit_type_code": "NPD", "effective_date": 1612137600000, "expiration_date": 1751241600000, "permit_status_code": "ADC", "facility_type_indicator": "POTW", "major_minor_status_flag": "M", "permit_tracking": "Y", "pt_start_date": 1612137600000, "dmr_tracking": "Y", "dmr_nr_start_date": 1612137600000, "permit_design_flow": 17, "permit_avg_flow": 0, "perm_feature_nmbr": "C022", "perm_feature_text": "", "pf_lat": 38.4064, "pf_lon": -82.4983, "pf_character": "CSO", "perm_feature_type_code": "EXO", "pf_state_waterbody_name": "Fourpole Creek", "pf_state_auto_name": "Fourpole Creek", "pf_reach_id": "5090101001608", "in_icis": "YES", "echo_dfr_link": "https://echo.epa.gov/detailed-facility-report?fid=110000873680", "name": "CITY OF HUNTINGTON/ HUNTINGTON SANITARY BOARD", "feature_kind": "CSO outfall"}}, {"type": "Feature", "id": 6360, "geometry": {"type": "Point", "coordinates": [-82.3897004436728, 38.4183001829428]}, "properties": {"OBJECTID": 6360, "npdes_pfid": "WV0023159XXXJ", "npdes_id": "WV0023159", "permitting_state": "WV", "agency_type_code": "ST6", "facility_uin": "110000873680", "facility_name": "CITY OF HUNTINGTON/ HUNTINGTON SANITARY BOARD", "location_address": "VINSON ROAD AND FLOODWALL", "supplemental_address_text": "", "facility_city": "HUNTINGTON", "county_code": "WV099", "state_code": "WV", "epa_region_code": "03", "facility_type_code": "MWD", "facility_lat": 38.4011, "facility_lon": -82.5289, "permit_name": "HUNTINGTON, CITY OF", "version_nmbr": 0, "permit_type_code": "NPD", "effective_date": 1612137600000, "expiration_date": 1751241600000, "permit_status_code": "ADC", "facility_type_indicator": "POTW", "major_minor_status_flag": "M", "permit_tracking": "Y", "pt_start_date": 1612137600000, "dmr_tracking": "Y", "dmr_nr_start_date": 1612137600000, "permit_design_flow": 17, "permit_avg_flow": 0, "perm_feature_nmbr": "XXXJ", "perm_feature_text": "", "pf_lat": 38.4183, "pf_lon": -82.3897, "pf_character": "CSO", "perm_feature_type_code": "EXO", "pf_state_waterbody_name": "Pat's Branch", "pf_state_auto_name": "Guyandotte River", "pf_reach_id": "5070102000001", "in_icis": "YES", "echo_dfr_link": "https://echo.epa.gov/detailed-facility-report?fid=110000873680", "name": "CITY OF HUNTINGTON/ HUNTINGTON SANITARY BOARD", "feature_kind": "CSO outfall"}}, {"type": "Feature", "id": 6361, "geometry": {"type": "Point", "coordinates": [-77.9539004190662, 39.4514002637684]}, "properties": {"OBJECTID": 6361, "npdes_pfid": "WV0023167C003", "npdes_id": "WV0023167", "permitting_state": "WV", "agency_type_code": "ST6", "facility_uin": "110007872533", "facility_name": "CITY OF MARTINSBURG WWTP", "location_address": "500 E JOHN ST", "supplemental_address_text": "", "facility_city": "MARTINSBURG", "county_code": "WV003", "state_code": "WV", "epa_region_code": "03", "facility_type_code": "MWD", "facility_lat": 39.4514, "facility_lon": -77.9539, "permit_name": "MARTINSBURG, CITY OF", "version_nmbr": 0, "permit_type_code": "NPD", "effective_date": 1690848000000, "expiration_date": 1843689600000, "permit_status_code": "EFF", "facility_type_indicator": "POTW", "major_minor_status_flag": "M", "permit_tracking": "Y", "pt_start_date": 1690848000000, "dmr_tracking": "Y", "dmr_nr_start_date": 1690848000000, "permit_design_flow": 3, "permit_avg_flow": null, "perm_feature_nmbr": "C003", "perm_feature_text": "", "pf_lat": 39.4514, "pf_lon": -77.9539, "pf_character": "CSO", "perm_feature_type_code": "EXO", "pf_state_waterbody_name": "Tuscarora Creek/Opequon Creek/Potomac River", "pf_state_auto_name": "Tuscarora Creek", "pf_reach_id": "2070004000753", "in_icis": "YES", "echo_dfr_link": "https://echo.epa.gov/detailed-facility-report?fid=110007872533", "name": "CITY OF MARTINSBURG WWTP", "feature_kind": "CSO outfall"}}, {"type": "Feature", "id": 6362, "geometry": {"type": "Point", "coordinates": [-81.8044004253588, 38.3850001559239]}, "properties": {"OBJECTID": 6362, "npdes_pfid": "WV0023175C005", "npdes_id": "WV0023175", "permitting_state": "WV", "agency_type_code": "ST6", "facility_uin": "110009117776", "facility_name": "CITY OF ST. ALBANS MUNICIPAL UTILITY COMMISSION", "location_address": "1499 MACCORKLE AVE.", "supplemental_address_text": "", "facility_city": "ST. ALBANS", "county_code": "WV039", "state_code": "WV", "epa_region_code": "03", "facility_type_code": "MWD", "facility_lat": 38.3881, "facility_lon": -81.8211, "permit_name": "SAINT ALBANS, CITY OF", "version_nmbr": 0, "permit_type_code": "NPD", "effective_date": 1656633600000, "expiration_date": 1811635200000, "permit_status_code": "EFF", "facility_type_indicator": "POTW", "major_minor_status_flag": "M", "permit_tracking": "Y", "pt_start_date": 1656633600000, "dmr_tracking": "Y", "dmr_nr_start_date": 1656633600000, "permit_design_flow": 4, "permit_avg_flow": 0, "perm_feature_nmbr": "C005", "perm_feature_text": "", "pf_lat": 38.385, "pf_lon": -81.8044, "pf_character": "CSO", "perm_feature_type_code": "EXO", "pf_state_waterbody_name": "Kanawha River/Ohio River", "pf_state_auto_name": "Kanawha River", "pf_reach_id": "5050008000998", "in_icis": "YES", "echo_dfr_link": "https://echo.epa.gov/detailed-facility-report?fid=110009117776", "name": "CITY OF ST. ALBANS MUNICIPAL UTILITY COMMISSION", "feature_kind": "CSO outfall"}}, {"type": "Feature", "id": 6363, "geometry": {"type": "Point", "coordinates": [-81.8289001781027, 38.3928003074821]}, "properties": {"OBJECTID": 6363, "npdes_pfid": "WV0023175C011", "npdes_id": "WV0023175", "permitting_state": "WV", "agency_type_code": "ST6", "facility_uin": "110009117776", "facility_name": "CITY OF ST. ALBANS MUNICIPAL UTILITY COMMISSION", "location_address": "1499 MACCORKLE AVE.", "supplemental_address_text": "", "facility_city": "ST. ALBANS", "county_code": "WV039", "state_code": "WV", "epa_region_code": "03", "facility_type_code": "MWD", "facility_lat": 38.3881, "facility_lon": -81.8211, "permit_name": "SAINT ALBANS, CITY OF", "version_nmbr": 0, "permit_type_code": "NPD", "effective_date": 1656633600000, "expiration_date": 1811635200000, "permit_status_code": "EFF", "facility_type_indicator": "POTW", "major_minor_status_flag": "M", "permit_tracking": "Y", "pt_start_date": 1656633600000, "dmr_tracking": "Y", "dmr_nr_start_date": 1656633600000, "permit_design_flow": 4, "permit_avg_flow": 0, "perm_feature_nmbr": "C011", "perm_feature_text": "", "pf_lat": 38.3928, "pf_lon": -81.8289, "pf_character": "CSO", "perm_feature_type_code": "EXO", "pf_state_waterbody_name": "Kanawha River/Ohio River", "pf_state_auto_name": "Kanawha River", "pf_reach_id": "5050008000998", "in_icis": "YES", "echo_dfr_link": "https://echo.epa.gov/detailed-facility-report?fid=110009117776", "name": "CITY OF ST. ALBANS MUNICIPAL UTILITY COMMISSION", "feature_kind": "CSO outfall"}}, {"type": "Feature", "id": 6364, "geometry": {"type": "Point", "coordinates": [-81.8211001064906, 38.3880997572129]}, "properties": {"OBJECTID": 6364, "npdes_pfid": "WV0023175XXX2", "npdes_id": "WV0023175", "permitting_state": "WV", "agency_type_code": "ST6", "facility_uin": "110009117776", "facility_name": "CITY OF ST. ALBANS MUNICIPAL UTILITY COMMISSION", "location_address": "1499 MACCORKLE AVE.", "supplemental_address_text": "", "facility_city": "ST. ALBANS", "county_code": "WV039", "state_code": "WV", "epa_region_code": "03", "facility_type_code": "MWD", "facility_lat": 38.3881, "facility_lon": -81.8211, "permit_name": "SAINT ALBANS, CITY OF", "version_nmbr": 0, "permit_type_code": "NPD", "effective_date": 1656633600000, "expiration_date": 1811635200000, "permit_status_code": "EFF", "facility_type_indicator": "POTW", "major_minor_status_flag": "M", "permit_tracking": "Y", "pt_start_date": 1656633600000, "dmr_tracking": "Y", "dmr_nr_start_date": 1656633600000, "permit_design_flow": 4, "permit_avg_flow": 0, "perm_feature_nmbr": "XXX2", "perm_feature_text": "", "pf_lat": 38.3881, "pf_lon": -81.8211, "pf_character": "CSO", "perm_feature_type_code": "EXO", "pf_state_waterbody_name": "Kanawha River/Ohio River", "pf_state_auto_name": "Kanawha River", "pf_reach_id": "5050008000998", "in_icis": "YES", "echo_dfr_link": "https://echo.epa.gov/detailed-facility-report?fid=110009117776", "name": "CITY OF ST. ALBANS MUNICIPAL UTILITY COMMISSION", "feature_kind": "CSO outfall"}}, {"type": "Feature", "id": 6365, "geometry": {"type": "Point", "coordinates": [-81.1706003648553, 37.7901002100317]}, "properties": {"OBJECTID": 6365, "npdes_pfid": "WV0023183C002", "npdes_id": "WV0023183", "permitting_state": "WV", "agency_type_code": "ST6", "facility_uin": "110000877819", "facility_name": "CITY OF BECKLEY", "location_address": "700 PINEY CREEK RD.", "supplemental_address_text": "", "facility_city": "BECKLEY", "county_code": "WV081", "state_code": "WV", "epa_region_code": "03", "facility_type_code": "MWD", "facility_lat": 37.7708, "facility_lon": -81.1531, "permit_name": "BECKLEY, CITY OF", "version_nmbr": 0, "permit_type_code": "NPD", "effective_date": 1722470400000, "expiration_date": 1875052800000, "permit_status_code": "EFF", "facility_type_indicator": "POTW", "major_minor_status_flag": "M", "permit_tracking": "Y", "pt_start_date": 1722470400000, "dmr_tracking": "Y", "dmr_nr_start_date": 1722470400000, "permit_design_flow": 8, "permit_avg_flow": 0, "perm_feature_nmbr": "C002", "perm_feature_text": "", "pf_lat": 37.7901, "pf_lon": -81.1706, "pf_character": "TCS", "perm_feature_type_code": "EXO", "pf_state_waterbody_name": "PINEY CREEK", "pf_state_auto_name": "Little Whitestick Creek", "pf_reach_id": "5050004000507", "in_icis": "YES", "echo_dfr_link": "https://echo.epa.gov/detailed-facility-report?fid=110000877819", "name": "CITY OF BECKLEY", "feature_kind": "CSO outfall"}}, {"type": "Feature", "id": 6366, "geometry": {"type": "Point", "coordinates": [-81.6680999456147, 38.3666998030538]}, "properties": {"OBJECTID": 6366, "npdes_pfid": "WV0023205C004", "npdes_id": "WV0023205", "permitting_state": "WV", "agency_type_code": "ST6", "facility_uin": "110000572773", "facility_name": "THE SANITARY BOARD OF THE CITY OF CHARLESTON", "location_address": "208 26TH STREET W", "supplemental_address_text": "", "facility_city": "CHARLESTON", "county_code": "WV039", "state_code": "WV", "epa_region_code": "03", "facility_type_code": "MWD", "facility_lat": 38.375, "facility_lon": -81.6792, "permit_name": "SANITARY BOARD OF THE CITY OF CHARLESTON", "version_nmbr": 0, "permit_type_code": "NPD", "effective_date": 1651363200000, "expiration_date": 1804464000000, "permit_status_code": "EFF", "facility_type_indicator": "POTW", "major_minor_status_flag": "M", "permit_tracking": "Y", "pt_start_date": 1651363200000, "dmr_tracking": "Y", "dmr_nr_start_date": 1651363200000, "permit_design_flow": 14, "permit_avg_flow": null, "perm_feature_nmbr": "C004", "perm_feature_text": "", "pf_lat": 38.3667, "pf_lon": -81.6681, "pf_character": "CSO", "perm_feature_type_code": "EXO", "pf_state_waterbody_name": "Kanawha River", "pf_state_auto_name": "Kanawha River", "pf_reach_id": "5050008000062", "in_icis": "YES", "echo_dfr_link": "https://echo.epa.gov/detailed-facility-report?fid=110000572773", "name": "THE SANITARY BOARD OF THE CITY OF CHARLESTON", "feature_kind": "CSO outfall"}}, {"type": "Feature", "id": 6367, "geometry": {"type": "Point", "coordinates": [-81.643300155566, 38.3553000612165]}, "properties": {"OBJECTID": 6367, "npdes_pfid": "WV0023205C005", "npdes_id": "WV0023205", "permitting_state": "WV", "agency_type_code": "ST6", "facility_uin": "110000572773", "facility_name": "THE SANITARY BOARD OF THE CITY OF CHARLESTON", "location_address": "208 26TH STREET W", "supplemental_address_text": "", "facility_city": "CHARLESTON", "county_code": "WV039", "state_code": "WV", "epa_region_code": "03", "facility_type_code": "MWD", "facility_lat": 38.375, "facility_lon": -81.6792, "permit_name": "SANITARY BOARD OF THE CITY OF CHARLESTON", "version_nmbr": 0, "permit_type_code": "NPD", "effective_date": 1651363200000, "expiration_date": 1804464000000, "permit_status_code": "EFF", "facility_type_indicator": "POTW", "major_minor_status_flag": "M", "permit_tracking": "Y", "pt_start_date": 1651363200000, "dmr_tracking": "Y", "dmr_nr_start_date": 1651363200000, "permit_design_flow": 14, "permit_avg_flow": null, "perm_feature_nmbr": "C005", "perm_feature_text": "", "pf_lat": 38.3553, "pf_lon": -81.6433, "pf_character": "CSO", "perm_feature_type_code": "EXO", "pf_state_waterbody_name": "Elk River/Kanawha/Ohio", "pf_state_auto_name": "Elk River", "pf_reach_id": "5050007001533", "in_icis": "YES", "echo_dfr_link": "https://echo.epa.gov/detailed-facility-report?fid=110000572773", "name": "THE SANITARY BOARD OF THE CITY OF CHARLESTON", "feature_kind": "CSO outfall"}}, {"type": "Feature", "id": 6368, "geometry": {"type": "Point", "coordinates": [-81.6642003589663, 38.3644001356246]}, "properties": {"OBJECTID": 6368, "npdes_pfid": "WV0023205C006", "npdes_id": "WV0023205", "permitting_state": "WV", "agency_type_code": "ST6", "facility_uin": "110000572773", "facility_name": "THE SANITARY BOARD OF THE CITY OF CHARLESTON", "location_address": "208 26TH STREET W", "supplemental_address_text": "", "facility_city": "CHARLESTON", "county_code": "WV039", "state_code": "WV", "epa_region_code": "03", "facility_type_code": "MWD", "facility_lat": 38.375, "facility_lon": -81.6792, "permit_name": "SANITARY BOARD OF THE CITY OF CHARLESTON", "version_nmbr": 0, "permit_type_code": "NPD", "effective_date": 1651363200000, "expiration_date": 1804464000000, "permit_status_code": "EFF", "facility_type_indicator": "POTW", "major_minor_status_flag": "M", "permit_tracking": "Y", "pt_start_date": 1651363200000, "dmr_tracking": "Y", "dmr_nr_start_date": 1651363200000, "permit_design_flow": 14, "permit_avg_flow": null, "perm_feature_nmbr": "C006", "perm_feature_text": "", "pf_lat": 38.3644, "pf_lon": -81.6642, "pf_character": "CSO", "perm_feature_type_code": "EXO", "pf_state_waterbody_name": "Kanawha River", "pf_state_auto_name": "Kanawha River", "pf_reach_id": "5050008000062", "in_icis": "YES", "echo_dfr_link": "https://echo.epa.gov/detailed-facility-report?fid=110000572773", "name": "THE SANITARY BOARD OF THE CITY OF CHARLESTON", "feature_kind": "CSO outfall"}}, {"type": "Feature", "id": 6369, "geometry": {"type": "Point", "coordinates": [-81.6627998854384, 38.3639000451334]}, "properties": {"OBJECTID": 6369, "npdes_pfid": "WV0023205C007", "npdes_id": "WV0023205", "permitting_state": "WV", "agency_type_code": "ST6", "facility_uin": "110000572773", "facility_name": "THE SANITARY BOARD OF THE CITY OF CHARLESTON", "location_address": "208 26TH STREET W", "supplemental_address_text": "", "facility_city": "CHARLESTON", "county_code": "WV039", "state_code": "WV", "epa_region_code": "03", "facility_type_code": "MWD", "facility_lat": 38.375, "facility_lon": -81.6792, "permit_name": "SANITARY BOARD OF THE CITY OF CHARLESTON", "version_nmbr": 0, "permit_type_code": "NPD", "effective_date": 1651363200000, "expiration_date": 1804464000000, "permit_status_code": "EFF", "facility_type_indicator": "POTW", "major_minor_status_flag": "M", "permit_tracking": "Y", "pt_start_date": 1651363200000, "dmr_tracking": "Y", "dmr_nr_start_date": 1651363200000, "permit_design_flow": 14, "permit_avg_flow": null, "perm_feature_nmbr": "C007", "perm_feature_text": "", "pf_lat": 38.3639, "pf_lon": -81.6628, "pf_character": "CSO", "perm_feature_type_code": "EXO", "pf_state_waterbody_name": "Kanawha River", "pf_state_auto_name": "Kanawha River", "pf_reach_id": "5050008000062", "in_icis": "YES", "echo_dfr_link": "https://echo.epa.gov/detailed-facility-report?fid=110000572773", "name": "THE SANITARY BOARD OF THE CITY OF CHARLESTON", "feature_kind": "CSO outfall"}}, {"type": "Feature", "id": 6370, "geometry": {"type": "Point", "coordinates": [-81.6605999113076, 38.3627998338906]}, "properties": {"OBJECTID": 6370, "npdes_pfid": "WV0023205C008", "npdes_id": "WV0023205", "permitting_state": "WV", "agency_type_code": "ST6", "facility_uin": "110000572773", "facility_name": "THE SANITARY BOARD OF THE CITY OF CHARLESTON", "location_address": "208 26TH STREET W", "supplemental_address_text": "", "facility_city": "CHARLESTON", "county_code": "WV039", "state_code": "WV", "epa_region_code": "03", "facility_type_code": "MWD", "facility_lat": 38.375, "facility_lon": -81.6792, "permit_name": "SANITARY BOARD OF THE CITY OF CHARLESTON", "version_nmbr": 0, "permit_type_code": "NPD", "effective_date": 1651363200000, "expiration_date": 1804464000000, "permit_status_code": "EFF", "facility_type_indicator": "POTW", "major_minor_status_flag": "M", "permit_tracking": "Y", "pt_start_date": 1651363200000, "dmr_tracking": "Y", "dmr_nr_start_date": 1651363200000, "permit_design_flow": 14, "permit_avg_flow": null, "perm_feature_nmbr": "C008", "perm_feature_text": "", "pf_lat": 38.3628, "pf_lon": -81.6606, "pf_character": "CSO", "perm_feature_type_code": "EXO", "pf_state_waterbody_name": "Kanawha River", "pf_state_auto_name": "Kanawha River", "pf_reach_id": "5050008000062", "in_icis": "YES", "echo_dfr_link": "https://echo.epa.gov/detailed-facility-report?fid=110000572773", "name": "THE SANITARY BOARD OF THE CITY OF CHARLESTON", "feature_kind": "CSO outfall"}}, {"type": "Feature", "id": 6371, "geometry": {"type": "Point", "coordinates": [-81.659399762088, 38.3621997116189]}, "properties": {"OBJECTID": 6371, "npdes_pfid": "WV0023205C009", "npdes_id": "WV0023205", "permitting_state": "WV", "agency_type_code": "ST6", "facility_uin": "110000572773", "facility_name": "THE SANITARY BOARD OF THE CITY OF CHARLESTON", "location_address": "208 26TH STREET W", "supplemental_address_text": "", "facility_city": "CHARLESTON", "county_code": "WV039", "state_code": "WV", "epa_region_code": "03", "facility_type_code": "MWD", "facility_lat": 38.375, "facility_lon": -81.6792, "permit_name": "SANITARY BOARD OF THE CITY OF CHARLESTON", "version_nmbr": 0, "permit_type_code": "NPD", "effective_date": 1651363200000, "expiration_date": 1804464000000, "permit_status_code": "EFF", "facility_type_indicator": "POTW", "major_minor_status_flag": "M", "permit_tracking": "Y", "pt_start_date": 1651363200000, "dmr_tracking": "Y", "dmr_nr_start_date": 1651363200000, "permit_design_flow": 14, "permit_avg_flow": null, "perm_feature_nmbr": "C009", "perm_feature_text": "", "pf_lat": 38.3622, "pf_lon": -81.6594, "pf_character": "CSO", "perm_feature_type_code": "EXO", "pf_state_waterbody_name": "Kanawha River", "pf_state_auto_name": "Kanawha River", "pf_reach_id": "5050008000062", "in_icis": "YES", "echo_dfr_link": "https://echo.epa.gov/detailed-facility-report?fid=110000572773", "name": "THE SANITARY BOARD OF THE CITY OF CHARLESTON", "feature_kind": "CSO outfall"}}, {"type": "Feature", "id": 6372, "geometry": {"type": "Point", "coordinates": [-81.657799862567, 38.3611001789146]}, "properties": {"OBJECTID": 6372, "npdes_pfid": "WV0023205C010", "npdes_id": "WV0023205", "permitting_state": "WV", "agency_type_code": "ST6", "facility_uin": "110000572773", "facility_name": "THE SANITARY BOARD OF THE CITY OF CHARLESTON", "location_address": "208 26TH STREET W", "supplemental_address_text": "", "facility_city": "CHARLESTON", "county_code": "WV039", "state_code": "WV", "epa_region_code": "03", "facility_type_code": "MWD", "facility_lat": 38.375, "facility_lon": -81.6792, "permit_name": "SANITARY BOARD OF THE CITY OF CHARLESTON", "version_nmbr": 0, "permit_type_code": "NPD", "effective_date": 1651363200000, "expiration_date": 1804464000000, "permit_status_code": "EFF", "facility_type_indicator": "POTW", "major_minor_status_flag": "M", "permit_tracking": "Y", "pt_start_date": 1651363200000, "dmr_tracking": "Y", "dmr_nr_start_date": 1651363200000, "permit_design_flow": 14, "permit_avg_flow": null, "perm_feature_nmbr": "C010", "perm_feature_text": "", "pf_lat": 38.3611, "pf_lon": -81.6578, "pf_character": "CSO", "perm_feature_type_code": "EXO", "pf_state_waterbody_name": "Kanawha River", "pf_state_auto_name": "Kanawha River", "pf_reach_id": "5050008000062", "in_icis": "YES", "echo_dfr_link": "https://echo.epa.gov/detailed-facility-report?fid=110000572773", "name": "THE SANITARY BOARD OF THE CITY OF CHARLESTON", "feature_kind": "CSO outfall"}}, {"type": "Feature", "id": 6373, "geometry": {"type": "Point", "coordinates": [-81.6558002127445, 38.3602999959923]}, "properties": {"OBJECTID": 6373, "npdes_pfid": "WV0023205C011", "npdes_id": "WV0023205", "permitting_state": "WV", "agency_type_code": "ST6", "facility_uin": "110000572773", "facility_name": "THE SANITARY BOARD OF THE CITY OF CHARLESTON", "location_address": "208 26TH STREET W", "supplemental_address_text": "", "facility_city": "CHARLESTON", "county_code": "WV039", "state_code": "WV", "epa_region_code": "03", "facility_type_code": "MWD", "facility_lat": 38.375, "facility_lon": -81.6792, "permit_name": "SANITARY BOARD OF THE CITY OF CHARLESTON", "version_nmbr": 0, "permit_type_code": "NPD", "effective_date": 1651363200000, "expiration_date": 1804464000000, "permit_status_code": "EFF", "facility_type_indicator": "POTW", "major_minor_status_flag": "M", "permit_tracking": "Y", "pt_start_date": 1651363200000, "dmr_tracking": "Y", "dmr_nr_start_date": 1651363200000, "permit_design_flow": 14, "permit_avg_flow": null, "perm_feature_nmbr": "C011", "perm_feature_text": "", "pf_lat": 38.3603, "pf_lon": -81.6558, "pf_character": "CSO", "perm_feature_type_code": "EXO", "pf_state_waterbody_name": "Kanawha River", "pf_state_auto_name": "Kanawha River", "pf_reach_id": "5050008000062", "in_icis": "YES", "echo_dfr_link": "https://echo.epa.gov/detailed-facility-report?fid=110000572773", "name": "THE SANITARY BOARD OF THE CITY OF CHARLESTON", "feature_kind": "CSO outfall"}}, {"type": "Feature", "id": 6374, "geometry": {"type": "Point", "coordinates": [-81.668300269923, 38.3668998319273]}, "properties": {"OBJECTID": 6374, "npdes_pfid": "WV0023205C012", "npdes_id": "WV0023205", "permitting_state": "WV", "agency_type_code": "ST6", "facility_uin": "110000572773", "facility_name": "THE SANITARY BOARD OF THE CITY OF CHARLESTON", "location_address": "208 26TH STREET W", "supplemental_address_text": "", "facility_city": "CHARLESTON", "county_code": "WV039", "state_code": "WV", "epa_region_code": "03", "facility_type_code": "MWD", "facility_lat": 38.375, "facility_lon": -81.6792, "permit_name": "SANITARY BOARD OF THE CITY OF CHARLESTON", "version_nmbr": 0, "permit_type_code": "NPD", "effective_date": 1651363200000, "expiration_date": 1804464000000, "permit_status_code": "EFF", "facility_type_indicator": "POTW", "major_minor_status_flag": "M", "permit_tracking": "Y", "pt_start_date": 1651363200000, "dmr_tracking": "Y", "dmr_nr_start_date": 1651363200000, "permit_design_flow": 14, "permit_avg_flow": null, "perm_feature_nmbr": "C012", "perm_feature_text": "", "pf_lat": 38.3669, "pf_lon": -81.6683, "pf_character": "CSO", "perm_feature_type_code": "EXO", "pf_state_waterbody_name": "KANAWHA RIVER", "pf_state_auto_name": "Kanawha River", "pf_reach_id": "5050008000062", "in_icis": "YES", "echo_dfr_link": "https://echo.epa.gov/detailed-facility-report?fid=110000572773", "name": "THE SANITARY BOARD OF THE CITY OF CHARLESTON", "feature_kind": "CSO outfall"}}, {"type": "Feature", "id": 6375, "geometry": {"type": "Point", "coordinates": [-81.6317002103022, 38.357800071767]}, "properties": {"OBJECTID": 6375, "npdes_pfid": "WV0023205C013", "npdes_id": "WV0023205", "permitting_state": "WV", "agency_type_code": "ST6", "facility_uin": "110000572773", "facility_name": "THE SANITARY BOARD OF THE CITY OF CHARLESTON", "location_address": "208 26TH STREET W", "supplemental_address_text": "", "facility_city": "CHARLESTON", "county_code": "WV039", "state_code": "WV", "epa_region_code": "03", "facility_type_code": "MWD", "facility_lat": 38.375, "facility_lon": -81.6792, "permit_name": "SANITARY BOARD OF THE CITY OF CHARLESTON", "version_nmbr": 0, "permit_type_code": "NPD", "effective_date": 1651363200000, "expiration_date": 1804464000000, "permit_status_code": "EFF", "facility_type_indicator": "POTW", "major_minor_status_flag": "M", "permit_tracking": "Y", "pt_start_date": 1651363200000, "dmr_tracking": "Y", "dmr_nr_start_date": 1651363200000, "permit_design_flow": 14, "permit_avg_flow": null, "perm_feature_nmbr": "C013", "perm_feature_text": "", "pf_lat": 38.3578, "pf_lon": -81.6317, "pf_character": "CSO", "perm_feature_type_code": "EXO", "pf_state_waterbody_name": "Elk River/Kanawha/Ohio", "pf_state_auto_name": "Elk River", "pf_reach_id": "5050007001533", "in_icis": "YES", "echo_dfr_link": "https://echo.epa.gov/detailed-facility-report?fid=110000572773", "name": "THE SANITARY BOARD OF THE CITY OF CHARLESTON", "feature_kind": "CSO outfall"}}, {"type": "Feature", "id": 6376, "geometry": {"type": "Point", "coordinates": [-81.6549998138264, 38.3596998529962]}, "properties": {"OBJECTID": 6376, "npdes_pfid": "WV0023205C014", "npdes_id": "WV0023205", "permitting_state": "WV", "agency_type_code": "ST6", "facility_uin": "110000572773", "facility_name": "THE SANITARY BOARD OF THE CITY OF CHARLESTON", "location_address": "208 26TH STREET W", "supplemental_address_text": "", "facility_city": "CHARLESTON", "county_code": "WV039", "state_code": "WV", "epa_region_code": "03", "facility_type_code": "MWD", "facility_lat": 38.375, "facility_lon": -81.6792, "permit_name": "SANITARY BOARD OF THE CITY OF CHARLESTON", "version_nmbr": 0, "permit_type_code": "NPD", "effective_date": 1651363200000, "expiration_date": 1804464000000, "permit_status_code": "EFF", "facility_type_indicator": "POTW", "major_minor_status_flag": "M", "permit_tracking": "Y", "pt_start_date": 1651363200000, "dmr_tracking": "Y", "dmr_nr_start_date": 1651363200000, "permit_design_flow": 14, "permit_avg_flow": null, "perm_feature_nmbr": "C014", "perm_feature_text": "", "pf_lat": 38.3597, "pf_lon": -81.655, "pf_character": "CSO", "perm_feature_type_code": "EXO", "pf_state_waterbody_name": "Kanawha River", "pf_state_auto_name": "Kanawha River", "pf_reach_id": "5050008000062", "in_icis": "YES", "echo_dfr_link": "https://echo.epa.gov/detailed-facility-report?fid=110000572773", "name": "THE SANITARY BOARD OF THE CITY OF CHARLESTON", "feature_kind": "CSO outfall"}}, {"type": "Feature", "id": 6377, "geometry": {"type": "Point", "coordinates": [-81.6218995905524, 38.3596998529962]}, "properties": {"OBJECTID": 6377, "npdes_pfid": "WV0023205C015", "npdes_id": "WV0023205", "permitting_state": "WV", "agency_type_code": "ST6", "facility_uin": "110000572773", "facility_name": "THE SANITARY BOARD OF THE CITY OF CHARLESTON", "location_address": "208 26TH STREET W", "supplemental_address_text": "", "facility_city": "CHARLESTON", "county_code": "WV039", "state_code": "WV", "epa_region_code": "03", "facility_type_code": "MWD", "facility_lat": 38.375, "facility_lon": -81.6792, "permit_name": "SANITARY BOARD OF THE CITY OF CHARLESTON", "version_nmbr": 0, "permit_type_code": "NPD", "effective_date": 1651363200000, "expiration_date": 1804464000000, "permit_status_code": "EFF", "facility_type_indicator": "POTW", "major_minor_status_flag": "M", "permit_tracking": "Y", "pt_start_date": 1651363200000, "dmr_tracking": "Y", "dmr_nr_start_date": 1651363200000, "permit_design_flow": 14, "permit_avg_flow": null, "perm_feature_nmbr": "C015", "perm_feature_text": "", "pf_lat": 38.3597, "pf_lon": -81.6219, "pf_character": "CSO", "perm_feature_type_code": "EXO", "pf_state_waterbody_name": "Elk River/Kanawha River", "pf_state_auto_name": "Elk River", "pf_reach_id": "5050007001533", "in_icis": "YES", "echo_dfr_link": "https://echo.epa.gov/detailed-facility-report?fid=110000572773", "name": "THE SANITARY BOARD OF THE CITY OF CHARLESTON", "feature_kind": "CSO outfall"}}, {"type": "Feature", "id": 6378, "geometry": {"type": "Point", "coordinates": [-81.6430998312576, 38.3558002111194]}, "properties": {"OBJECTID": 6378, "npdes_pfid": "WV0023205C017", "npdes_id": "WV0023205", "permitting_state": "WV", "agency_type_code": "ST6", "facility_uin": "110000572773", "facility_name": "THE SANITARY BOARD OF THE CITY OF CHARLESTON", "location_address": "208 26TH STREET W", "supplemental_address_text": "", "facility_city": "CHARLESTON", "county_code": "WV039", "state_code": "WV", "epa_region_code": "03", "facility_type_code": "MWD", "facility_lat": 38.375, "facility_lon": -81.6792, "permit_name": "SANITARY BOARD OF THE CITY OF CHARLESTON", "version_nmbr": 0, "permit_type_code": "NPD", "effective_date": 1651363200000, "expiration_date": 1804464000000, "permit_status_code": "EFF", "facility_type_indicator": "POTW", "major_minor_status_flag": "M", "permit_tracking": "Y", "pt_start_date": 1651363200000, "dmr_tracking": "Y", "dmr_nr_start_date": 1651363200000, "permit_design_flow": 14, "permit_avg_flow": null, "perm_feature_nmbr": "C017", "perm_feature_text": "", "pf_lat": 38.3558, "pf_lon": -81.6431, "pf_character": "CSO", "perm_feature_type_code": "EXO", "pf_state_waterbody_name": "Elk River/Kanawha/Ohio", "pf_state_auto_name": "Elk River", "pf_reach_id": "5050007001533", "in_icis": "YES", "echo_dfr_link": "https://echo.epa.gov/detailed-facility-report?fid=110000572773", "name": "THE SANITARY BOARD OF THE CITY OF CHARLESTON", "feature_kind": "CSO outfall"}}, {"type": "Feature", "id": 6379, "geometry": {"type": "Point", "coordinates": [-81.6468997049095, 38.3518996547265]}, "properties": {"OBJECTID": 6379, "npdes_pfid": "WV0023205C018", "npdes_id": "WV0023205", "permitting_state": "WV", "agency_type_code": "ST6", "facility_uin": "110000572773", "facility_name": "THE SANITARY BOARD OF THE CITY OF CHARLESTON", "location_address": "208 26TH STREET W", "supplemental_address_text": "", "facility_city": "CHARLESTON", "county_code": "WV039", "state_code": "WV", "epa_region_code": "03", "facility_type_code": "MWD", "facility_lat": 38.375, "facility_lon": -81.6792, "permit_name": "SANITARY BOARD OF THE CITY OF CHARLESTON", "version_nmbr": 0, "permit_type_code": "NPD", "effective_date": 1651363200000, "expiration_date": 1804464000000, "permit_status_code": "EFF", "facility_type_indicator": "POTW", "major_minor_status_flag": "M", "permit_tracking": "Y", "pt_start_date": 1651363200000, "dmr_tracking": "Y", "dmr_nr_start_date": 1651363200000, "permit_design_flow": 14, "permit_avg_flow": null, "perm_feature_nmbr": "C018", "perm_feature_text": "", "pf_lat": 38.3519, "pf_lon": -81.6469, "pf_character": "CSO", "perm_feature_type_code": "EXO", "pf_state_waterbody_name": "Kanawha River", "pf_state_auto_name": "Kanawha River", "pf_reach_id": "5050008000062", "in_icis": "YES", "echo_dfr_link": "https://echo.epa.gov/detailed-facility-report?fid=110000572773", "name": "THE SANITARY BOARD OF THE CITY OF CHARLESTON", "feature_kind": "CSO outfall"}}, {"type": "Feature", "id": 6380, "geometry": {"type": "Point", "coordinates": [-81.6371996964715, 38.3482997133417]}, "properties": {"OBJECTID": 6380, "npdes_pfid": "WV0023205C019", "npdes_id": "WV0023205", "permitting_state": "WV", "agency_type_code": "ST6", "facility_uin": "110000572773", "facility_name": "THE SANITARY BOARD OF THE CITY OF CHARLESTON", "location_address": "208 26TH STREET W", "supplemental_address_text": "", "facility_city": "CHARLESTON", "county_code": "WV039", "state_code": "WV", "epa_region_code": "03", "facility_type_code": "MWD", "facility_lat": 38.375, "facility_lon": -81.6792, "permit_name": "SANITARY BOARD OF THE CITY OF CHARLESTON", "version_nmbr": 0, "permit_type_code": "NPD", "effective_date": 1651363200000, "expiration_date": 1804464000000, "permit_status_code": "EFF", "facility_type_indicator": "POTW", "major_minor_status_flag": "M", "permit_tracking": "Y", "pt_start_date": 1651363200000, "dmr_tracking": "Y", "dmr_nr_start_date": 1651363200000, "permit_design_flow": 14, "permit_avg_flow": null, "perm_feature_nmbr": "C019", "perm_feature_text": "", "pf_lat": 38.3483, "pf_lon": -81.6372, "pf_character": "CSO", "perm_feature_type_code": "EXO", "pf_state_waterbody_name": "Kanawha River", "pf_state_auto_name": "Kanawha River", "pf_reach_id": "5050006000430", "in_icis": "YES", "echo_dfr_link": "https://echo.epa.gov/detailed-facility-report?fid=110000572773", "name": "THE SANITARY BOARD OF THE CITY OF CHARLESTON", "feature_kind": "CSO outfall"}}, {"type": "Feature", "id": 6381, "geometry": {"type": "Point", "coordinates": [-81.634399647731, 38.3458000793079]}, "properties": {"OBJECTID": 6381, "npdes_pfid": "WV0023205C020", "npdes_id": "WV0023205", "permitting_state": "WV", "agency_type_code": "ST6", "facility_uin": "110000572773", "facility_name": "THE SANITARY BOARD OF THE CITY OF CHARLESTON", "location_address": "208 26TH STREET W", "supplemental_address_text": "", "facility_city": "CHARLESTON", "county_code": "WV039", "state_code": "WV", "epa_region_code": "03", "facility_type_code": "MWD", "facility_lat": 38.375, "facility_lon": -81.6792, "permit_name": "SANITARY BOARD OF THE CITY OF CHARLESTON", "version_nmbr": 0, "permit_type_code": "NPD", "effective_date": 1651363200000, "expiration_date": 1804464000000, "permit_status_code": "EFF", "facility_type_indicator": "POTW", "major_minor_status_flag": "M", "permit_tracking": "Y", "pt_start_date": 1651363200000, "dmr_tracking": "Y", "dmr_nr_start_date": 1651363200000, "permit_design_flow": 14, "permit_avg_flow": null, "perm_feature_nmbr": "C020", "perm_feature_text": "", "pf_lat": 38.3458, "pf_lon": -81.6344, "pf_character": "CSO", "perm_feature_type_code": "EXO", "pf_state_waterbody_name": "Kanawha River", "pf_state_auto_name": "Kanawha River", "pf_reach_id": "5050006000430", "in_icis": "YES", "echo_dfr_link": "https://echo.epa.gov/detailed-facility-report?fid=110000572773", "name": "THE SANITARY BOARD OF THE CITY OF CHARLESTON", "feature_kind": "CSO outfall"}}, {"type": "Feature", "id": 6382, "geometry": {"type": "Point", "coordinates": [-81.6330997855148, 38.3442000709796]}, "properties": {"OBJECTID": 6382, "npdes_pfid": "WV0023205C021", "npdes_id": "WV0023205", "permitting_state": "WV", "agency_type_code": "ST6", "facility_uin": "110000572773", "facility_name": "THE SANITARY BOARD OF THE CITY OF CHARLESTON", "location_address": "208 26TH STREET W", "supplemental_address_text": "", "facility_city": "CHARLESTON", "county_code": "WV039", "state_code": "WV", "epa_region_code": "03", "facility_type_code": "MWD", "facility_lat": 38.375, "facility_lon": -81.6792, "permit_name": "SANITARY BOARD OF THE CITY OF CHARLESTON", "version_nmbr": 0, "permit_type_code": "NPD", "effective_date": 1651363200000, "expiration_date": 1804464000000, "permit_status_code": "EFF", "facility_type_indicator": "POTW", "major_minor_status_flag": "M", "permit_tracking": "Y", "pt_start_date": 1651363200000, "dmr_tracking": "Y", "dmr_nr_start_date": 1651363200000, "permit_design_flow": 14, "permit_avg_flow": null, "perm_feature_nmbr": "C021", "perm_feature_text": "", "pf_lat": 38.3442, "pf_lon": -81.6331, "pf_character": "CSO", "perm_feature_type_code": "EXO", "pf_state_waterbody_name": "Kanawha River", "pf_state_auto_name": "Kanawha River", "pf_reach_id": "5050006000430", "in_icis": "YES", "echo_dfr_link": "https://echo.epa.gov/detailed-facility-report?fid=110000572773", "name": "THE SANITARY BOARD OF THE CITY OF CHARLESTON", "feature_kind": "CSO outfall"}}, {"type": "Feature", "id": 6383, "geometry": {"type": "Point", "coordinates": [-81.6289001615616, 38.3417002954604]}, "properties": {"OBJECTID": 6383, "npdes_pfid": "WV0023205C022", "npdes_id": "WV0023205", "permitting_state": "WV", "agency_type_code": "ST6", "facility_uin": "110000572773", "facility_name": "THE SANITARY BOARD OF THE CITY OF CHARLESTON", "location_address": "208 26TH STREET W", "supplemental_address_text": "", "facility_city": "CHARLESTON", "county_code": "WV039", "state_code": "WV", "epa_region_code": "03", "facility_type_code": "MWD", "facility_lat": 38.375, "facility_lon": -81.6792, "permit_name": "SANITARY BOARD OF THE CITY OF CHARLESTON", "version_nmbr": 0, "permit_type_code": "NPD", "effective_date": 1651363200000, "expiration_date": 1804464000000, "permit_status_code": "EFF", "facility_type_indicator": "POTW", "major_minor_status_flag": "M", "permit_tracking": "Y", "pt_start_date": 1651363200000, "dmr_tracking": "Y", "dmr_nr_start_date": 1651363200000, "permit_design_flow": 14, "permit_avg_flow": null, "perm_feature_nmbr": "C022", "perm_feature_text": "", "pf_lat": 38.3417, "pf_lon": -81.6289, "pf_character": "CSO", "perm_feature_type_code": "EXO", "pf_state_waterbody_name": "Kanawha River", "pf_state_auto_name": "Kanawha River", "pf_reach_id": "5050006000430", "in_icis": "YES", "echo_dfr_link": "https://echo.epa.gov/detailed-facility-report?fid=110000572773", "name": "THE SANITARY BOARD OF THE CITY OF CHARLESTON", "feature_kind": "CSO outfall"}}, {"type": "Feature", "id": 6384, "geometry": {"type": "Point", "coordinates": [-81.6267001874308, 38.3403002989387]}, "properties": {"OBJECTID": 6384, "npdes_pfid": "WV0023205C023", "npdes_id": "WV0023205", "permitting_state": "WV", "agency_type_code": "ST6", "facility_uin": "110000572773", "facility_name": "THE SANITARY BOARD OF THE CITY OF CHARLESTON", "location_address": "208 26TH STREET W", "supplemental_address_text": "", "facility_city": "CHARLESTON", "county_code": "WV039", "state_code": "WV", "epa_region_code": "03", "facility_type_code": "MWD", "facility_lat": 38.375, "facility_lon": -81.6792, "permit_name": "SANITARY BOARD OF THE CITY OF CHARLESTON", "version_nmbr": 0, "permit_type_code": "NPD", "effective_date": 1651363200000, "expiration_date": 1804464000000, "permit_status_code": "EFF", "facility_type_indicator": "POTW", "major_minor_status_flag": "M", "permit_tracking": "Y", "pt_start_date": 1651363200000, "dmr_tracking": "Y", "dmr_nr_start_date": 1651363200000, "permit_design_flow": 14, "permit_avg_flow": null, "perm_feature_nmbr": "C023", "perm_feature_text": "", "pf_lat": 38.3403, "pf_lon": -81.6267, "pf_character": "CSO", "perm_feature_type_code": "EXO", "pf_state_waterbody_name": "Kanawha River", "pf_state_auto_name": "Kanawha River", "pf_reach_id": "5050006000430", "in_icis": "YES", "echo_dfr_link": "https://echo.epa.gov/detailed-facility-report?fid=110000572773", "name": "THE SANITARY BOARD OF THE CITY OF CHARLESTON", "feature_kind": "CSO outfall"}}, {"type": "Feature", "id": 6385, "geometry": {"type": "Point", "coordinates": [-81.6218995905524, 38.3382999550013]}, "properties": {"OBJECTID": 6385, "npdes_pfid": "WV0023205C024", "npdes_id": "WV0023205", "permitting_state": "WV", "agency_type_code": "ST6", "facility_uin": "110000572773", "facility_name": "THE SANITARY BOARD OF THE CITY OF CHARLESTON", "location_address": "208 26TH STREET W", "supplemental_address_text": "", "facility_city": "CHARLESTON", "county_code": "WV039", "state_code": "WV", "epa_region_code": "03", "facility_type_code": "MWD", "facility_lat": 38.375, "facility_lon": -81.6792, "permit_name": "SANITARY BOARD OF THE CITY OF CHARLESTON", "version_nmbr": 0, "permit_type_code": "NPD", "effective_date": 1651363200000, "expiration_date": 1804464000000, "permit_status_code": "EFF", "facility_type_indicator": "POTW", "major_minor_status_flag": "M", "permit_tracking": "Y", "pt_start_date": 1651363200000, "dmr_tracking": "Y", "dmr_nr_start_date": 1651363200000, "permit_design_flow": 14, "permit_avg_flow": null, "perm_feature_nmbr": "C024", "perm_feature_text": "", "pf_lat": 38.3383, "pf_lon": -81.6219, "pf_character": "CSO", "perm_feature_type_code": "EXO", "pf_state_waterbody_name": "KANAWHA RIVER", "pf_state_auto_name": "Kanawha River", "pf_reach_id": "5050006000430", "in_icis": "YES", "echo_dfr_link": "https://echo.epa.gov/detailed-facility-report?fid=110000572773", "name": "THE SANITARY BOARD OF THE CITY OF CHARLESTON", "feature_kind": "CSO outfall"}}, {"type": "Feature", "id": 6386, "geometry": {"type": "Point", "coordinates": [-81.6027996109815, 38.334399865339]}, "properties": {"OBJECTID": 6386, "npdes_pfid": "WV0023205C027", "npdes_id": "WV0023205", "permitting_state": "WV", "agency_type_code": "ST6", "facility_uin": "110000572773", "facility_name": "THE SANITARY BOARD OF THE CITY OF CHARLESTON", "location_address": "208 26TH STREET W", "supplemental_address_text": "", "facility_city": "CHARLESTON", "county_code": "WV039", "state_code": "WV", "epa_region_code": "03", "facility_type_code": "MWD", "facility_lat": 38.375, "facility_lon": -81.6792, "permit_name": "SANITARY BOARD OF THE CITY OF CHARLESTON", "version_nmbr": 0, "permit_type_code": "NPD", "effective_date": 1651363200000, "expiration_date": 1804464000000, "permit_status_code": "EFF", "facility_type_indicator": "POTW", "major_minor_status_flag": "M", "permit_tracking": "Y", "pt_start_date": 1651363200000, "dmr_tracking": "Y", "dmr_nr_start_date": 1651363200000, "permit_design_flow": 14, "permit_avg_flow": null, "perm_feature_nmbr": "C027", "perm_feature_text": "", "pf_lat": 38.3344, "pf_lon": -81.6028, "pf_character": "CSO", "perm_feature_type_code": "EXO", "pf_state_waterbody_name": "KANAWHA RIVER", "pf_state_auto_name": "Kanawha River", "pf_reach_id": "5050006000002", "in_icis": "YES", "echo_dfr_link": "https://echo.epa.gov/detailed-facility-report?fid=110000572773", "name": "THE SANITARY BOARD OF THE CITY OF CHARLESTON", "feature_kind": "CSO outfall"}}, {"type": "Feature", "id": 6387, "geometry": {"type": "Point", "coordinates": [-81.6099996079837, 38.3330997887999]}, "properties": {"OBJECTID": 6387, "npdes_pfid": "WV0023205C029", "npdes_id": "WV0023205", "permitting_state": "WV", "agency_type_code": "ST6", "facility_uin": "110000572773", "facility_name": "THE SANITARY BOARD OF THE CITY OF CHARLESTON", "location_address": "208 26TH STREET W", "supplemental_address_text": "", "facility_city": "CHARLESTON", "county_code": "WV039", "state_code": "WV", "epa_region_code": "03", "facility_type_code": "MWD", "facility_lat": 38.375, "facility_lon": -81.6792, "permit_name": "SANITARY BOARD OF THE CITY OF CHARLESTON", "version_nmbr": 0, "permit_type_code": "NPD", "effective_date": 1651363200000, "expiration_date": 1804464000000, "permit_status_code": "EFF", "facility_type_indicator": "POTW", "major_minor_status_flag": "M", "permit_tracking": "Y", "pt_start_date": 1651363200000, "dmr_tracking": "Y", "dmr_nr_start_date": 1651363200000, "permit_design_flow": 14, "permit_avg_flow": null, "perm_feature_nmbr": "C029", "perm_feature_text": "", "pf_lat": 38.3331, "pf_lon": -81.61, "pf_character": "CSO", "perm_feature_type_code": "EXO", "pf_state_waterbody_name": "Kanawha River", "pf_state_auto_name": "Venable Branch", "pf_reach_id": "5050006000425", "in_icis": "YES", "echo_dfr_link": "https://echo.epa.gov/detailed-facility-report?fid=110000572773", "name": "THE SANITARY BOARD OF THE CITY OF CHARLESTON", "feature_kind": "CSO outfall"}}, {"type": "Feature", "id": 6388, "geometry": {"type": "Point", "coordinates": [-81.6821999023142, 38.372799730716]}, "properties": {"OBJECTID": 6388, "npdes_pfid": "WV0023205C030", "npdes_id": "WV0023205", "permitting_state": "WV", "agency_type_code": "ST6", "facility_uin": "110000572773", "facility_name": "THE SANITARY BOARD OF THE CITY OF CHARLESTON", "location_address": "208 26TH STREET W", "supplemental_address_text": "", "facility_city": "CHARLESTON", "county_code": "WV039", "state_code": "WV", "epa_region_code": "03", "facility_type_code": "MWD", "facility_lat": 38.375, "facility_lon": -81.6792, "permit_name": "SANITARY BOARD OF THE CITY OF CHARLESTON", "version_nmbr": 0, "permit_type_code": "NPD", "effective_date": 1651363200000, "expiration_date": 1804464000000, "permit_status_code": "EFF", "facility_type_indicator": "POTW", "major_minor_status_flag": "M", "permit_tracking": "Y", "pt_start_date": 1651363200000, "dmr_tracking": "Y", "dmr_nr_start_date": 1651363200000, "permit_design_flow": 14, "permit_avg_flow": null, "perm_feature_nmbr": "C030", "perm_feature_text": "", "pf_lat": 38.3728, "pf_lon": -81.6822, "pf_character": "CSO", "perm_feature_type_code": "EXO", "pf_state_waterbody_name": "Kanawha River", "pf_state_auto_name": "Kanawha River", "pf_reach_id": "5050008000060", "in_icis": "YES", "echo_dfr_link": "https://echo.epa.gov/detailed-facility-report?fid=110000572773", "name": "THE SANITARY BOARD OF THE CITY OF CHARLESTON", "feature_kind": "CSO outfall"}}, {"type": "Feature", "id": 6389, "geometry": {"type": "Point", "coordinates": [-81.5947004003798, 38.3318997516504]}, "properties": {"OBJECTID": 6389, "npdes_pfid": "WV0023205C033", "npdes_id": "WV0023205", "permitting_state": "WV", "agency_type_code": "ST6", "facility_uin": "110000572773", "facility_name": "THE SANITARY BOARD OF THE CITY OF CHARLESTON", "location_address": "208 26TH STREET W", "supplemental_address_text": "", "facility_city": "CHARLESTON", "county_code": "WV039", "state_code": "WV", "epa_region_code": "03", "facility_type_code": "MWD", "facility_lat": 38.375, "facility_lon": -81.6792, "permit_name": "SANITARY BOARD OF THE CITY OF CHARLESTON", "version_nmbr": 0, "permit_type_code": "NPD", "effective_date": 1651363200000, "expiration_date": 1804464000000, "permit_status_code": "EFF", "facility_type_indicator": "POTW", "major_minor_status_flag": "M", "permit_tracking": "Y", "pt_start_date": 1651363200000, "dmr_tracking": "Y", "dmr_nr_start_date": 1651363200000, "permit_design_flow": 14, "permit_avg_flow": null, "perm_feature_nmbr": "C033", "perm_feature_text": "", "pf_lat": 38.3319, "pf_lon": -81.5947, "pf_character": "CSO", "perm_feature_type_code": "EXO", "pf_state_waterbody_name": "Kanawha River", "pf_state_auto_name": "Kanawha River", "pf_reach_id": "5050006000002", "in_icis": "YES", "echo_dfr_link": "https://echo.epa.gov/detailed-facility-report?fid=110000572773", "name": "THE SANITARY BOARD OF THE CITY OF CHARLESTON", "feature_kind": "CSO outfall"}}, {"type": "Feature", "id": 6390, "geometry": {"type": "Point", "coordinates": [-81.5850003919419, 38.3285997231949]}, "properties": {"OBJECTID": 6390, "npdes_pfid": "WV0023205C034", "npdes_id": "WV0023205", "permitting_state": "WV", "agency_type_code": "ST6", "facility_uin": "110000572773", "facility_name": "THE SANITARY BOARD OF THE CITY OF CHARLESTON", "location_address": "208 26TH STREET W", "supplemental_address_text": "", "facility_city": "CHARLESTON", "county_code": "WV039", "state_code": "WV", "epa_region_code": "03", "facility_type_code": "MWD", "facility_lat": 38.375, "facility_lon": -81.6792, "permit_name": "SANITARY BOARD OF THE CITY OF CHARLESTON", "version_nmbr": 0, "permit_type_code": "NPD", "effective_date": 1651363200000, "expiration_date": 1804464000000, "permit_status_code": "EFF", "facility_type_indicator": "POTW", "major_minor_status_flag": "M", "permit_tracking": "Y", "pt_start_date": 1651363200000, "dmr_tracking": "Y", "dmr_nr_start_date": 1651363200000, "permit_design_flow": 14, "permit_avg_flow": null, "perm_feature_nmbr": "C034", "perm_feature_text": "", "pf_lat": 38.3286, "pf_lon": -81.585, "pf_character": "CSO", "perm_feature_type_code": "EXO", "pf_state_waterbody_name": "Kanawha River", "pf_state_auto_name": "Kanawha River", "pf_reach_id": "5050006000002", "in_icis": "YES", "echo_dfr_link": "https://echo.epa.gov/detailed-facility-report?fid=110000572773", "name": "THE SANITARY BOARD OF THE CITY OF CHARLESTON", "feature_kind": "CSO outfall"}}, {"type": "Feature", "id": 6391, "geometry": {"type": "Point", "coordinates": [-81.573899909976, 38.3227998215835]}, "properties": {"OBJECTID": 6391, "npdes_pfid": "WV0023205C035", "npdes_id": "WV0023205", "permitting_state": "WV", "agency_type_code": "ST6", "facility_uin": "110000572773", "facility_name": "THE SANITARY BOARD OF THE CITY OF CHARLESTON", "location_address": "208 26TH STREET W", "supplemental_address_text": "", "facility_city": "CHARLESTON", "county_code": "WV039", "state_code": "WV", "epa_region_code": "03", "facility_type_code": "MWD", "facility_lat": 38.375, "facility_lon": -81.6792, "permit_name": "SANITARY BOARD OF THE CITY OF CHARLESTON", "version_nmbr": 0, "permit_type_code": "NPD", "effective_date": 1651363200000, "expiration_date": 1804464000000, "permit_status_code": "EFF", "facility_type_indicator": "POTW", "major_minor_status_flag": "M", "permit_tracking": "Y", "pt_start_date": 1651363200000, "dmr_tracking": "Y", "dmr_nr_start_date": 1651363200000, "permit_design_flow": 14, "permit_avg_flow": null, "perm_feature_nmbr": "C035", "perm_feature_text": "", "pf_lat": 38.3228, "pf_lon": -81.5739, "pf_character": "CSO", "perm_feature_type_code": "EXO", "pf_state_waterbody_name": "Kanawha River", "pf_state_auto_name": "Kanawha River", "pf_reach_id": "5050006000002", "in_icis": "YES", "echo_dfr_link": "https://echo.epa.gov/detailed-facility-report?fid=110000572773", "name": "THE SANITARY BOARD OF THE CITY OF CHARLESTON", "feature_kind": "CSO outfall"}}, {"type": "Feature", "id": 6392, "geometry": {"type": "Point", "coordinates": [-81.5681003865018, 38.3186000648823]}, "properties": {"OBJECTID": 6392, "npdes_pfid": "WV0023205C036", "npdes_id": "WV0023205", "permitting_state": "WV", "agency_type_code": "ST6", "facility_uin": "110000572773", "facility_name": "THE SANITARY BOARD OF THE CITY OF CHARLESTON", "location_address": "208 26TH STREET W", "supplemental_address_text": "", "facility_city": "CHARLESTON", "county_code": "WV039", "state_code": "WV", "epa_region_code": "03", "facility_type_code": "MWD", "facility_lat": 38.375, "facility_lon": -81.6792, "permit_name": "SANITARY BOARD OF THE CITY OF CHARLESTON", "version_nmbr": 0, "permit_type_code": "NPD", "effective_date": 1651363200000, "expiration_date": 1804464000000, "permit_status_code": "EFF", "facility_type_indicator": "POTW", "major_minor_status_flag": "M", "permit_tracking": "Y", "pt_start_date": 1651363200000, "dmr_tracking": "Y", "dmr_nr_start_date": 1651363200000, "permit_design_flow": 14, "permit_avg_flow": null, "perm_feature_nmbr": "C036", "perm_feature_text": "", "pf_lat": 38.3186, "pf_lon": -81.5681, "pf_character": "CSO", "perm_feature_type_code": "EXO", "pf_state_waterbody_name": "Kanawha River", "pf_state_auto_name": "Kanawha River", "pf_reach_id": "5050006000002", "in_icis": "YES", "echo_dfr_link": "https://echo.epa.gov/detailed-facility-report?fid=110000572773", "name": "THE SANITARY BOARD OF THE CITY OF CHARLESTON", "feature_kind": "CSO outfall"}}, {"type": "Feature", "id": 6393, "geometry": {"type": "Point", "coordinates": [-81.6292001988665, 38.3396999901796]}, "properties": {"OBJECTID": 6393, "npdes_pfid": "WV0023205C037", "npdes_id": "WV0023205", "permitting_state": "WV", "agency_type_code": "ST6", "facility_uin": "110000572773", "facility_name": "THE SANITARY BOARD OF THE CITY OF CHARLESTON", "location_address": "208 26TH STREET W", "supplemental_address_text": "", "facility_city": "CHARLESTON", "county_code": "WV039", "state_code": "WV", "epa_region_code": "03", "facility_type_code": "MWD", "facility_lat": 38.375, "facility_lon": -81.6792, "permit_name": "SANITARY BOARD OF THE CITY OF CHARLESTON", "version_nmbr": 0, "permit_type_code": "NPD", "effective_date": 1651363200000, "expiration_date": 1804464000000, "permit_status_code": "EFF", "facility_type_indicator": "POTW", "major_minor_status_flag": "M", "permit_tracking": "Y", "pt_start_date": 1651363200000, "dmr_tracking": "Y", "dmr_nr_start_date": 1651363200000, "permit_design_flow": 14, "permit_avg_flow": null, "perm_feature_nmbr": "C037", "perm_feature_text": "", "pf_lat": 38.3397, "pf_lon": -81.6292, "pf_character": "CSO", "perm_feature_type_code": "EXO", "pf_state_waterbody_name": "Kanawha River", "pf_state_auto_name": "Kanawha River", "pf_reach_id": "5050006000430", "in_icis": "YES", "echo_dfr_link": "https://echo.epa.gov/detailed-facility-report?fid=110000572773", "name": "THE SANITARY BOARD OF THE CITY OF CHARLESTON", "feature_kind": "CSO outfall"}}, {"type": "Feature", "id": 6394, "geometry": {"type": "Point", "coordinates": [-81.665599934179, 38.3403002989387]}, "properties": {"OBJECTID": 6394, "npdes_pfid": "WV0023205C038", "npdes_id": "WV0023205", "permitting_state": "WV", "agency_type_code": "ST6", "facility_uin": "110000572773", "facility_name": "THE SANITARY BOARD OF THE CITY OF CHARLESTON", "location_address": "208 26TH STREET W", "supplemental_address_text": "", "facility_city": "CHARLESTON", "county_code": "WV039", "state_code": "WV", "epa_region_code": "03", "facility_type_code": "MWD", "facility_lat": 38.375, "facility_lon": -81.6792, "permit_name": "SANITARY BOARD OF THE CITY OF CHARLESTON", "version_nmbr": 0, "permit_type_code": "NPD", "effective_date": 1651363200000, "expiration_date": 1804464000000, "permit_status_code": "EFF", "facility_type_indicator": "POTW", "major_minor_status_flag": "M", "permit_tracking": "Y", "pt_start_date": 1651363200000, "dmr_tracking": "Y", "dmr_nr_start_date": 1651363200000, "permit_design_flow": 14, "permit_avg_flow": null, "perm_feature_nmbr": "C038", "perm_feature_text": "", "pf_lat": 38.3403, "pf_lon": -81.6656, "pf_character": "CSO", "perm_feature_type_code": "EXO", "pf_state_waterbody_name": "Joplin Branch/Kanawha River", "pf_state_auto_name": "Joplin Branch", "pf_reach_id": "5050008000758", "in_icis": "YES", "echo_dfr_link": "https://echo.epa.gov/detailed-facility-report?fid=110000572773", "name": "THE SANITARY BOARD OF THE CITY OF CHARLESTON", "feature_kind": "CSO outfall"}}, {"type": "Feature", "id": 6395, "geometry": {"type": "Point", "coordinates": [-81.67640037884, 38.3435997945371]}, "properties": {"OBJECTID": 6395, "npdes_pfid": "WV0023205C039", "npdes_id": "WV0023205", "permitting_state": "WV", "agency_type_code": "ST6", "facility_uin": "110000572773", "facility_name": "THE SANITARY BOARD OF THE CITY OF CHARLESTON", "location_address": "208 26TH STREET W", "supplemental_address_text": "", "facility_city": "CHARLESTON", "county_code": "WV039", "state_code": "WV", "epa_region_code": "03", "facility_type_code": "MWD", "facility_lat": 38.375, "facility_lon": -81.6792, "permit_name": "SANITARY BOARD OF THE CITY OF CHARLESTON", "version_nmbr": 0, "permit_type_code": "NPD", "effective_date": 1651363200000, "expiration_date": 1804464000000, "permit_status_code": "EFF", "facility_type_indicator": "POTW", "major_minor_status_flag": "M", "permit_tracking": "Y", "pt_start_date": 1651363200000, "dmr_tracking": "Y", "dmr_nr_start_date": 1651363200000, "permit_design_flow": 14, "permit_avg_flow": null, "perm_feature_nmbr": "C039", "perm_feature_text": "", "pf_lat": 38.3436, "pf_lon": -81.6764, "pf_character": "CSO", "perm_feature_type_code": "EXO", "pf_state_waterbody_name": "Joplin Branch/Kanawha River", "pf_state_auto_name": "Joplin Branch", "pf_reach_id": "5050008000758", "in_icis": "YES", "echo_dfr_link": "https://echo.epa.gov/detailed-facility-report?fid=110000572773", "name": "THE SANITARY BOARD OF THE CITY OF CHARLESTON", "feature_kind": "CSO outfall"}}, {"type": "Feature", "id": 6396, "geometry": {"type": "Point", "coordinates": [-81.6852999883597, 38.3405997468709]}, "properties": {"OBJECTID": 6396, "npdes_pfid": "WV0023205C040", "npdes_id": "WV0023205", "permitting_state": "WV", "agency_type_code": "ST6", "facility_uin": "110000572773", "facility_name": "THE SANITARY BOARD OF THE CITY OF CHARLESTON", "location_address": "208 26TH STREET W", "supplemental_address_text": "", "facility_city": "CHARLESTON", "county_code": "WV039", "state_code": "WV", "epa_region_code": "03", "facility_type_code": "MWD", "facility_lat": 38.375, "facility_lon": -81.6792, "permit_name": "SANITARY BOARD OF THE CITY OF CHARLESTON", "version_nmbr": 0, "permit_type_code": "NPD", "effective_date": 1651363200000, "expiration_date": 1804464000000, "permit_status_code": "EFF", "facility_type_indicator": "POTW", "major_minor_status_flag": "M", "permit_tracking": "Y", "pt_start_date": 1651363200000, "dmr_tracking": "Y", "dmr_nr_start_date": 1651363200000, "permit_design_flow": 14, "permit_avg_flow": null, "perm_feature_nmbr": "C040", "perm_feature_text": "", "pf_lat": 38.3406, "pf_lon": -81.6853, "pf_character": "CSO", "perm_feature_type_code": "EXO", "pf_state_waterbody_name": "Sugarcamp Ck/Davis Ck/Kanawha", "pf_state_auto_name": "Davis Creek", "pf_reach_id": "5050008000049", "in_icis": "YES", "echo_dfr_link": "https://echo.epa.gov/detailed-facility-report?fid=110000572773", "name": "THE SANITARY BOARD OF THE CITY OF CHARLESTON", "feature_kind": "CSO outfall"}}, {"type": "Feature", "id": 6397, "geometry": {"type": "Point", "coordinates": [-81.5613998527975, 38.3061001382958]}, "properties": {"OBJECTID": 6397, "npdes_pfid": "WV0023205C041", "npdes_id": "WV0023205", "permitting_state": "WV", "agency_type_code": "ST6", "facility_uin": "110000572773", "facility_name": "THE SANITARY BOARD OF THE CITY OF CHARLESTON", "location_address": "208 26TH STREET W", "supplemental_address_text": "", "facility_city": "CHARLESTON", "county_code": "WV039", "state_code": "WV", "epa_region_code": "03", "facility_type_code": "MWD", "facility_lat": 38.375, "facility_lon": -81.6792, "permit_name": "SANITARY BOARD OF THE CITY OF CHARLESTON", "version_nmbr": 0, "permit_type_code": "NPD", "effective_date": 1651363200000, "expiration_date": 1804464000000, "permit_status_code": "EFF", "facility_type_indicator": "POTW", "major_minor_status_flag": "M", "permit_tracking": "Y", "pt_start_date": 1651363200000, "dmr_tracking": "Y", "dmr_nr_start_date": 1651363200000, "permit_design_flow": 14, "permit_avg_flow": null, "perm_feature_nmbr": "C041", "perm_feature_text": "", "pf_lat": 38.3061, "pf_lon": -81.5614, "pf_character": "CSO", "perm_feature_type_code": "EXO", "pf_state_waterbody_name": "Kanawha River", "pf_state_auto_name": "Kanawha River", "pf_reach_id": "5050006000003", "in_icis": "YES", "echo_dfr_link": "https://echo.epa.gov/detailed-facility-report?fid=110000572773", "name": "THE SANITARY BOARD OF THE CITY OF CHARLESTON", "feature_kind": "CSO outfall"}}, {"type": "Feature", "id": 6398, "geometry": {"type": "Point", "coordinates": [-81.6583002241802, 38.3591997300322]}, "properties": {"OBJECTID": 6398, "npdes_pfid": "WV0023205C043", "npdes_id": "WV0023205", "permitting_state": "WV", "agency_type_code": "ST6", "facility_uin": "110000572773", "facility_name": "THE SANITARY BOARD OF THE CITY OF CHARLESTON", "location_address": "208 26TH STREET W", "supplemental_address_text": "", "facility_city": "CHARLESTON", "county_code": "WV039", "state_code": "WV", "epa_region_code": "03", "facility_type_code": "MWD", "facility_lat": 38.375, "facility_lon": -81.6792, "permit_name": "SANITARY BOARD OF THE CITY OF CHARLESTON", "version_nmbr": 0, "permit_type_code": "NPD", "effective_date": 1651363200000, "expiration_date": 1804464000000, "permit_status_code": "EFF", "facility_type_indicator": "POTW", "major_minor_status_flag": "M", "permit_tracking": "Y", "pt_start_date": 1651363200000, "dmr_tracking": "Y", "dmr_nr_start_date": 1651363200000, "permit_design_flow": 14, "permit_avg_flow": null, "perm_feature_nmbr": "C043", "perm_feature_text": "", "pf_lat": 38.3592, "pf_lon": -81.6583, "pf_character": "CSO", "perm_feature_type_code": "EXO", "pf_state_waterbody_name": "Kanawha River", "pf_state_auto_name": "Kanawha River", "pf_reach_id": "5050008000062", "in_icis": "YES", "echo_dfr_link": "https://echo.epa.gov/detailed-facility-report?fid=110000572773", "name": "THE SANITARY BOARD OF THE CITY OF CHARLESTON", "feature_kind": "CSO outfall"}}, {"type": "Feature", "id": 6399, "geometry": {"type": "Point", "coordinates": [-81.6946999594928, 38.3382999550013]}, "properties": {"OBJECTID": 6399, "npdes_pfid": "WV0023205C045", "npdes_id": "WV0023205", "permitting_state": "WV", "agency_type_code": "ST6", "facility_uin": "110000572773", "facility_name": "THE SANITARY BOARD OF THE CITY OF CHARLESTON", "location_address": "208 26TH STREET W", "supplemental_address_text": "", "facility_city": "CHARLESTON", "county_code": "WV039", "state_code": "WV", "epa_region_code": "03", "facility_type_code": "MWD", "facility_lat": 38.375, "facility_lon": -81.6792, "permit_name": "SANITARY BOARD OF THE CITY OF CHARLESTON", "version_nmbr": 0, "permit_type_code": "NPD", "effective_date": 1651363200000, "expiration_date": 1804464000000, "permit_status_code": "EFF", "facility_type_indicator": "POTW", "major_minor_status_flag": "M", "permit_tracking": "Y", "pt_start_date": 1651363200000, "dmr_tracking": "Y", "dmr_nr_start_date": 1651363200000, "permit_design_flow": 14, "permit_avg_flow": null, "perm_feature_nmbr": "C045", "perm_feature_text": "", "pf_lat": 38.3383, "pf_lon": -81.6947, "pf_character": "CSO", "perm_feature_type_code": "EXO", "pf_state_waterbody_name": "Sugarcamp Ck/Davis Ck/Kanawha", "pf_state_auto_name": "Davis Creek", "pf_reach_id": "5050008000049", "in_icis": "YES", "echo_dfr_link": "https://echo.epa.gov/detailed-facility-report?fid=110000572773", "name": "THE SANITARY BOARD OF THE CITY OF CHARLESTON", "feature_kind": "CSO outfall"}}, {"type": "Feature", "id": 6400, "geometry": {"type": "Point", "coordinates": [-81.6571997879572, 38.3244003025221]}, "properties": {"OBJECTID": 6400, "npdes_pfid": "WV0023205C048", "npdes_id": "WV0023205", "permitting_state": "WV", "agency_type_code": "ST6", "facility_uin": "110000572773", "facility_name": "THE SANITARY BOARD OF THE CITY OF CHARLESTON", "location_address": "208 26TH STREET W", "supplemental_address_text": "", "facility_city": "CHARLESTON", "county_code": "WV039", "state_code": "WV", "epa_region_code": "03", "facility_type_code": "MWD", "facility_lat": 38.375, "facility_lon": -81.6792, "permit_name": "SANITARY BOARD OF THE CITY OF CHARLESTON", "version_nmbr": 0, "permit_type_code": "NPD", "effective_date": 1651363200000, "expiration_date": 1804464000000, "permit_status_code": "EFF", "facility_type_indicator": "POTW", "major_minor_status_flag": "M", "permit_tracking": "Y", "pt_start_date": 1651363200000, "dmr_tracking": "Y", "dmr_nr_start_date": 1651363200000, "permit_design_flow": 14, "permit_avg_flow": null, "perm_feature_nmbr": "C048", "perm_feature_text": "", "pf_lat": 38.3244, "pf_lon": -81.6572, "pf_character": "CSO", "perm_feature_type_code": "EXO", "pf_state_waterbody_name": "Rays Br/Davis Ck/Kanawha", "pf_state_auto_name": "Rays Branch", "pf_reach_id": "5050008000783", "in_icis": "YES", "echo_dfr_link": "https://echo.epa.gov/detailed-facility-report?fid=110000572773", "name": "THE SANITARY BOARD OF THE CITY OF CHARLESTON", "feature_kind": "CSO outfall"}}, {"type": "Feature", "id": 6401, "geometry": {"type": "Point", "coordinates": [-81.6527998396956, 38.327799885859]}, "properties": {"OBJECTID": 6401, "npdes_pfid": "WV0023205C049", "npdes_id": "WV0023205", "permitting_state": "WV", "agency_type_code": "ST6", "facility_uin": "110000572773", "facility_name": "THE SANITARY BOARD OF THE CITY OF CHARLESTON", "location_address": "208 26TH STREET W", "supplemental_address_text": "", "facility_city": "CHARLESTON", "county_code": "WV039", "state_code": "WV", "epa_region_code": "03", "facility_type_code": "MWD", "facility_lat": 38.375, "facility_lon": -81.6792, "permit_name": "SANITARY BOARD OF THE CITY OF CHARLESTON", "version_nmbr": 0, "permit_type_code": "NPD", "effective_date": 1651363200000, "expiration_date": 1804464000000, "permit_status_code": "EFF", "facility_type_indicator": "POTW", "major_minor_status_flag": "M", "permit_tracking": "Y", "pt_start_date": 1651363200000, "dmr_tracking": "Y", "dmr_nr_start_date": 1651363200000, "permit_design_flow": 14, "permit_avg_flow": null, "perm_feature_nmbr": "C049", "perm_feature_text": "", "pf_lat": 38.3278, "pf_lon": -81.6528, "pf_character": "CSO", "perm_feature_type_code": "EXO", "pf_state_waterbody_name": "Rays Br/Davis Ck/Kanawha", "pf_state_auto_name": "Rays Branch", "pf_reach_id": "5050008000783", "in_icis": "YES", "echo_dfr_link": "https://echo.epa.gov/detailed-facility-report?fid=110000572773", "name": "THE SANITARY BOARD OF THE CITY OF CHARLESTON", "feature_kind": "CSO outfall"}}, {"type": "Feature", "id": 6402, "geometry": {"type": "Point", "coordinates": [-81.6555998884362, 38.3092002984474]}, "properties": {"OBJECTID": 6402, "npdes_pfid": "WV0023205C050", "npdes_id": "WV0023205", "permitting_state": "WV", "agency_type_code": "ST6", "facility_uin": "110000572773", "facility_name": "THE SANITARY BOARD OF THE CITY OF CHARLESTON", "location_address": "208 26TH STREET W", "supplemental_address_text": "", "facility_city": "CHARLESTON", "county_code": "WV039", "state_code": "WV", "epa_region_code": "03", "facility_type_code": "MWD", "facility_lat": 38.375, "facility_lon": -81.6792, "permit_name": "SANITARY BOARD OF THE CITY OF CHARLESTON", "version_nmbr": 0, "permit_type_code": "NPD", "effective_date": 1651363200000, "expiration_date": 1804464000000, "permit_status_code": "EFF", "facility_type_indicator": "POTW", "major_minor_status_flag": "M", "permit_tracking": "Y", "pt_start_date": 1651363200000, "dmr_tracking": "Y", "dmr_nr_start_date": 1651363200000, "permit_design_flow": 14, "permit_avg_flow": null, "perm_feature_nmbr": "C050", "perm_feature_text": "", "pf_lat": 38.3092, "pf_lon": -81.6556, "pf_character": "CSO", "perm_feature_type_code": "EXO", "pf_state_waterbody_name": "Coal Hollow/Davis Ck/Kanawha", "pf_state_auto_name": "Davis Creek", "pf_reach_id": "5050008000782", "in_icis": "YES", "echo_dfr_link": "https://echo.epa.gov/detailed-facility-report?fid=110000572773", "name": "THE SANITARY BOARD OF THE CITY OF CHARLESTON", "feature_kind": "CSO outfall"}}, {"type": "Feature", "id": 6403, "geometry": {"type": "Point", "coordinates": [-81.6916995864438, 38.3763998623716]}, "properties": {"OBJECTID": 6403, "npdes_pfid": "WV0023205C051", "npdes_id": "WV0023205", "permitting_state": "WV", "agency_type_code": "ST6", "facility_uin": "110000572773", "facility_name": "THE SANITARY BOARD OF THE CITY OF CHARLESTON", "location_address": "208 26TH STREET W", "supplemental_address_text": "", "facility_city": "CHARLESTON", "county_code": "WV039", "state_code": "WV", "epa_region_code": "03", "facility_type_code": "MWD", "facility_lat": 38.375, "facility_lon": -81.6792, "permit_name": "SANITARY BOARD OF THE CITY OF CHARLESTON", "version_nmbr": 0, "permit_type_code": "NPD", "effective_date": 1651363200000, "expiration_date": 1804464000000, "permit_status_code": "EFF", "facility_type_indicator": "POTW", "major_minor_status_flag": "M", "permit_tracking": "Y", "pt_start_date": 1651363200000, "dmr_tracking": "Y", "dmr_nr_start_date": 1651363200000, "permit_design_flow": 14, "permit_avg_flow": null, "perm_feature_nmbr": "C051", "perm_feature_text": "", "pf_lat": 38.3764, "pf_lon": -81.6917, "pf_character": "CSO", "perm_feature_type_code": "EXO", "pf_state_waterbody_name": "UT/Kanawha", "pf_state_auto_name": "Kanawha River", "pf_reach_id": "5050008000060", "in_icis": "YES", "echo_dfr_link": "https://echo.epa.gov/detailed-facility-report?fid=110000572773", "name": "THE SANITARY BOARD OF THE CITY OF CHARLESTON", "feature_kind": "CSO outfall"}}, {"type": "Feature", "id": 6404, "geometry": {"type": "Point", "coordinates": [-81.6692003818377, 38.373099748529]}, "properties": {"OBJECTID": 6404, "npdes_pfid": "WV0023205C053", "npdes_id": "WV0023205", "permitting_state": "WV", "agency_type_code": "ST6", "facility_uin": "110000572773", "facility_name": "THE SANITARY BOARD OF THE CITY OF CHARLESTON", "location_address": "208 26TH STREET W", "supplemental_address_text": "", "facility_city": "CHARLESTON", "county_code": "WV039", "state_code": "WV", "epa_region_code": "03", "facility_type_code": "MWD", "facility_lat": 38.375, "facility_lon": -81.6792, "permit_name": "SANITARY BOARD OF THE CITY OF CHARLESTON", "version_nmbr": 0, "permit_type_code": "NPD", "effective_date": 1651363200000, "expiration_date": 1804464000000, "permit_status_code": "EFF", "facility_type_indicator": "POTW", "major_minor_status_flag": "M", "permit_tracking": "Y", "pt_start_date": 1651363200000, "dmr_tracking": "Y", "dmr_nr_start_date": 1651363200000, "permit_design_flow": 14, "permit_avg_flow": null, "perm_feature_nmbr": "C053", "perm_feature_text": "", "pf_lat": 38.3731, "pf_lon": -81.6692, "pf_character": "CSO", "perm_feature_type_code": "EXO", "pf_state_waterbody_name": "Two mile Creek/Kanawha", "pf_state_auto_name": "Twomile Creek", "pf_reach_id": "5050008000321", "in_icis": "YES", "echo_dfr_link": "https://echo.epa.gov/detailed-facility-report?fid=110000572773", "name": "THE SANITARY BOARD OF THE CITY OF CHARLESTON", "feature_kind": "CSO outfall"}}, {"type": "Feature", "id": 6405, "geometry": {"type": "Point", "coordinates": [-81.6777999540526, 38.3732997597133]}, "properties": {"OBJECTID": 6405, "npdes_pfid": "WV0023205C055", "npdes_id": "WV0023205", "permitting_state": "WV", "agency_type_code": "ST6", "facility_uin": "110000572773", "facility_name": "THE SANITARY BOARD OF THE CITY OF CHARLESTON", "location_address": "208 26TH STREET W", "supplemental_address_text": "", "facility_city": "CHARLESTON", "county_code": "WV039", "state_code": "WV", "epa_region_code": "03", "facility_type_code": "MWD", "facility_lat": 38.375, "facility_lon": -81.6792, "permit_name": "SANITARY BOARD OF THE CITY OF CHARLESTON", "version_nmbr": 0, "permit_type_code": "NPD", "effective_date": 1651363200000, "expiration_date": 1804464000000, "permit_status_code": "EFF", "facility_type_indicator": "POTW", "major_minor_status_flag": "M", "permit_tracking": "Y", "pt_start_date": 1651363200000, "dmr_tracking": "Y", "dmr_nr_start_date": 1651363200000, "permit_design_flow": 14, "permit_avg_flow": null, "perm_feature_nmbr": "C055", "perm_feature_text": "", "pf_lat": 38.3733, "pf_lon": -81.6778, "pf_character": "CSO", "perm_feature_type_code": "EXO", "pf_state_waterbody_name": "Woodward Br/Two mile Ck/Kanawha", "pf_state_auto_name": "Kanawha River", "pf_reach_id": "5050008000060", "in_icis": "YES", "echo_dfr_link": "https://echo.epa.gov/detailed-facility-report?fid=110000572773", "name": "THE SANITARY BOARD OF THE CITY OF CHARLESTON", "feature_kind": "CSO outfall"}}, {"type": "Feature", "id": 6406, "geometry": {"type": "Point", "coordinates": [-81.6799999281834, 38.3721996913581]}, "properties": {"OBJECTID": 6406, "npdes_pfid": "WV0023205C056", "npdes_id": "WV0023205", "permitting_state": "WV", "agency_type_code": "ST6", "facility_uin": "110000572773", "facility_name": "THE SANITARY BOARD OF THE CITY OF CHARLESTON", "location_address": "208 26TH STREET W", "supplemental_address_text": "", "facility_city": "CHARLESTON", "county_code": "WV039", "state_code": "WV", "epa_region_code": "03", "facility_type_code": "MWD", "facility_lat": 38.375, "facility_lon": -81.6792, "permit_name": "SANITARY BOARD OF THE CITY OF CHARLESTON", "version_nmbr": 0, "permit_type_code": "NPD", "effective_date": 1651363200000, "expiration_date": 1804464000000, "permit_status_code": "EFF", "facility_type_indicator": "POTW", "major_minor_status_flag": "M", "permit_tracking": "Y", "pt_start_date": 1651363200000, "dmr_tracking": "Y", "dmr_nr_start_date": 1651363200000, "permit_design_flow": 14, "permit_avg_flow": null, "perm_feature_nmbr": "C056", "perm_feature_text": "", "pf_lat": 38.3722, "pf_lon": -81.68, "pf_character": "CSO", "perm_feature_type_code": "EXO", "pf_state_waterbody_name": "Kanawha River", "pf_state_auto_name": "Kanawha River", "pf_reach_id": "5050008000060", "in_icis": "YES", "echo_dfr_link": "https://echo.epa.gov/detailed-facility-report?fid=110000572773", "name": "THE SANITARY BOARD OF THE CITY OF CHARLESTON", "feature_kind": "CSO outfall"}}, {"type": "Feature", "id": 6407, "geometry": {"type": "Point", "coordinates": [-81.5622002517157, 38.3110999445656]}, "properties": {"OBJECTID": 6407, "npdes_pfid": "WV0023205C060", "npdes_id": "WV0023205", "permitting_state": "WV", "agency_type_code": "ST6", "facility_uin": "110000572773", "facility_name": "THE SANITARY BOARD OF THE CITY OF CHARLESTON", "location_address": "208 26TH STREET W", "supplemental_address_text": "", "facility_city": "CHARLESTON", "county_code": "WV039", "state_code": "WV", "epa_region_code": "03", "facility_type_code": "MWD", "facility_lat": 38.375, "facility_lon": -81.6792, "permit_name": "SANITARY BOARD OF THE CITY OF CHARLESTON", "version_nmbr": 0, "permit_type_code": "NPD", "effective_date": 1651363200000, "expiration_date": 1804464000000, "permit_status_code": "EFF", "facility_type_indicator": "POTW", "major_minor_status_flag": "M", "permit_tracking": "Y", "pt_start_date": 1651363200000, "dmr_tracking": "Y", "dmr_nr_start_date": 1651363200000, "permit_design_flow": 14, "permit_avg_flow": null, "perm_feature_nmbr": "C060", "perm_feature_text": "", "pf_lat": 38.3111, "pf_lon": -81.5622, "pf_character": "CSO", "perm_feature_type_code": "EXO", "pf_state_waterbody_name": "Kanawha River", "pf_state_auto_name": "Kanawha River", "pf_reach_id": "5050006000003", "in_icis": "YES", "echo_dfr_link": "https://echo.epa.gov/detailed-facility-report?fid=110000572773", "name": "THE SANITARY BOARD OF THE CITY OF CHARLESTON", "feature_kind": "CSO outfall"}}, {"type": "Feature", "id": 6408, "geometry": {"type": "Point", "coordinates": [-81.6702999197455, 38.3617003103019]}, "properties": {"OBJECTID": 6408, "npdes_pfid": "WV0023205C061", "npdes_id": "WV0023205", "permitting_state": "WV", "agency_type_code": "ST6", "facility_uin": "110000572773", "facility_name": "THE SANITARY BOARD OF THE CITY OF CHARLESTON", "location_address": "208 26TH STREET W", "supplemental_address_text": "", "facility_city": "CHARLESTON", "county_code": "WV039", "state_code": "WV", "epa_region_code": "03", "facility_type_code": "MWD", "facility_lat": 38.375, "facility_lon": -81.6792, "permit_name": "SANITARY BOARD OF THE CITY OF CHARLESTON", "version_nmbr": 0, "permit_type_code": "NPD", "effective_date": 1651363200000, "expiration_date": 1804464000000, "permit_status_code": "EFF", "facility_type_indicator": "POTW", "major_minor_status_flag": "M", "permit_tracking": "Y", "pt_start_date": 1651363200000, "dmr_tracking": "Y", "dmr_nr_start_date": 1651363200000, "permit_design_flow": 14, "permit_avg_flow": null, "perm_feature_nmbr": "C061", "perm_feature_text": "", "pf_lat": 38.3617, "pf_lon": -81.6703, "pf_character": "CSO", "perm_feature_type_code": "EXO", "pf_state_waterbody_name": "Kanawha River", "pf_state_auto_name": "Joplin Branch", "pf_reach_id": "5050008000758", "in_icis": "YES", "echo_dfr_link": "https://echo.epa.gov/detailed-facility-report?fid=110000572773", "name": "THE SANITARY BOARD OF THE CITY OF CHARLESTON", "feature_kind": "CSO outfall"}}, {"type": "Feature", "id": 6409, "geometry": {"type": "Point", "coordinates": [-81.6192001531236, 38.3350002180143]}, "properties": {"OBJECTID": 6409, "npdes_pfid": "WV0023205C066", "npdes_id": "WV0023205", "permitting_state": "WV", "agency_type_code": "ST6", "facility_uin": "110000572773", "facility_name": "THE SANITARY BOARD OF THE CITY OF CHARLESTON", "location_address": "208 26TH STREET W", "supplemental_address_text": "", "facility_city": "CHARLESTON", "county_code": "WV039", "state_code": "WV", "epa_region_code": "03", "facility_type_code": "MWD", "facility_lat": 38.375, "facility_lon": -81.6792, "permit_name": "SANITARY BOARD OF THE CITY OF CHARLESTON", "version_nmbr": 0, "permit_type_code": "NPD", "effective_date": 1651363200000, "expiration_date": 1804464000000, "permit_status_code": "EFF", "facility_type_indicator": "POTW", "major_minor_status_flag": "M", "permit_tracking": "Y", "pt_start_date": 1651363200000, "dmr_tracking": "Y", "dmr_nr_start_date": 1651363200000, "permit_design_flow": 14, "permit_avg_flow": null, "perm_feature_nmbr": "C066", "perm_feature_text": "", "pf_lat": 38.335, "pf_lon": -81.6192, "pf_character": "CSO", "perm_feature_type_code": "EXO", "pf_state_waterbody_name": "Kanawha River", "pf_state_auto_name": "Kanawha River", "pf_reach_id": "5050006000430", "in_icis": "YES", "echo_dfr_link": "https://echo.epa.gov/detailed-facility-report?fid=110000572773", "name": "THE SANITARY BOARD OF THE CITY OF CHARLESTON", "feature_kind": "CSO outfall"}}, {"type": "Feature", "id": 6410, "geometry": {"type": "Point", "coordinates": [-81.6143995562453, 38.3332999105015]}, "properties": {"OBJECTID": 6410, "npdes_pfid": "WV0023205C067", "npdes_id": "WV0023205", "permitting_state": "WV", "agency_type_code": "ST6", "facility_uin": "110000572773", "facility_name": "THE SANITARY BOARD OF THE CITY OF CHARLESTON", "location_address": "208 26TH STREET W", "supplemental_address_text": "", "facility_city": "CHARLESTON", "county_code": "WV039", "state_code": "WV", "epa_region_code": "03", "facility_type_code": "MWD", "facility_lat": 38.375, "facility_lon": -81.6792, "permit_name": "SANITARY BOARD OF THE CITY OF CHARLESTON", "version_nmbr": 0, "permit_type_code": "NPD", "effective_date": 1651363200000, "expiration_date": 1804464000000, "permit_status_code": "EFF", "facility_type_indicator": "POTW", "major_minor_status_flag": "M", "permit_tracking": "Y", "pt_start_date": 1651363200000, "dmr_tracking": "Y", "dmr_nr_start_date": 1651363200000, "permit_design_flow": 14, "permit_avg_flow": null, "perm_feature_nmbr": "C067", "perm_feature_text": "", "pf_lat": 38.3333, "pf_lon": -81.6144, "pf_character": "CSO", "perm_feature_type_code": "EXO", "pf_state_waterbody_name": "Kanawha River", "pf_state_auto_name": "Kanawha River", "pf_reach_id": "5050006000430", "in_icis": "YES", "echo_dfr_link": "https://echo.epa.gov/detailed-facility-report?fid=110000572773", "name": "THE SANITARY BOARD OF THE CITY OF CHARLESTON", "feature_kind": "CSO outfall"}}, {"type": "Feature", "id": 6411, "geometry": {"type": "Point", "coordinates": [-81.6111000442067, 38.3330997887999]}, "properties": {"OBJECTID": 6411, "npdes_pfid": "WV0023205C068", "npdes_id": "WV0023205", "permitting_state": "WV", "agency_type_code": "ST6", "facility_uin": "110000572773", "facility_name": "THE SANITARY BOARD OF THE CITY OF CHARLESTON", "location_address": "208 26TH STREET W", "supplemental_address_text": "", "facility_city": "CHARLESTON", "county_code": "WV039", "state_code": "WV", "epa_region_code": "03", "facility_type_code": "MWD", "facility_lat": 38.375, "facility_lon": -81.6792, "permit_name": "SANITARY BOARD OF THE CITY OF CHARLESTON", "version_nmbr": 0, "permit_type_code": "NPD", "effective_date": 1651363200000, "expiration_date": 1804464000000, "permit_status_code": "EFF", "facility_type_indicator": "POTW", "major_minor_status_flag": "M", "permit_tracking": "Y", "pt_start_date": 1651363200000, "dmr_tracking": "Y", "dmr_nr_start_date": 1651363200000, "permit_design_flow": 14, "permit_avg_flow": null, "perm_feature_nmbr": "C068", "perm_feature_text": "", "pf_lat": 38.3331, "pf_lon": -81.6111, "pf_character": "CSO", "perm_feature_type_code": "EXO", "pf_state_waterbody_name": "Kanawha River", "pf_state_auto_name": "Kanawha River", "pf_reach_id": "5050006000430", "in_icis": "YES", "echo_dfr_link": "https://echo.epa.gov/detailed-facility-report?fid=110000572773", "name": "THE SANITARY BOARD OF THE CITY OF CHARLESTON", "feature_kind": "CSO outfall"}}, {"type": "Feature", "id": 6412, "geometry": {"type": "Point", "coordinates": [-81.6527998396956, 38.3588996545953]}, "properties": {"OBJECTID": 6412, "npdes_pfid": "WV0023205C072", "npdes_id": "WV0023205", "permitting_state": "WV", "agency_type_code": "ST6", "facility_uin": "110000572773", "facility_name": "THE SANITARY BOARD OF THE CITY OF CHARLESTON", "location_address": "208 26TH STREET W", "supplemental_address_text": "", "facility_city": "CHARLESTON", "county_code": "WV039", "state_code": "WV", "epa_region_code": "03", "facility_type_code": "MWD", "facility_lat": 38.375, "facility_lon": -81.6792, "permit_name": "SANITARY BOARD OF THE CITY OF CHARLESTON", "version_nmbr": 0, "permit_type_code": "NPD", "effective_date": 1651363200000, "expiration_date": 1804464000000, "permit_status_code": "EFF", "facility_type_indicator": "POTW", "major_minor_status_flag": "M", "permit_tracking": "Y", "pt_start_date": 1651363200000, "dmr_tracking": "Y", "dmr_nr_start_date": 1651363200000, "permit_design_flow": 14, "permit_avg_flow": null, "perm_feature_nmbr": "C072", "perm_feature_text": "", "pf_lat": 38.3589, "pf_lon": -81.6528, "pf_character": "CSO", "perm_feature_type_code": "EXO", "pf_state_waterbody_name": "Kanawha River", "pf_state_auto_name": "Kanawha River", "pf_reach_id": "5050008000062", "in_icis": "YES", "echo_dfr_link": "https://echo.epa.gov/detailed-facility-report?fid=110000572773", "name": "THE SANITARY BOARD OF THE CITY OF CHARLESTON", "feature_kind": "CSO outfall"}}, {"type": "Feature", "id": 6413, "geometry": {"type": "Point", "coordinates": [-81.6193995791167, 38.33720005937]}, "properties": {"OBJECTID": 6413, "npdes_pfid": "WV0023205C073", "npdes_id": "WV0023205", "permitting_state": "WV", "agency_type_code": "ST6", "facility_uin": "110000572773", "facility_name": "THE SANITARY BOARD OF THE CITY OF CHARLESTON", "location_address": "208 26TH STREET W", "supplemental_address_text": "", "facility_city": "CHARLESTON", "county_code": "WV039", "state_code": "WV", "epa_region_code": "03", "facility_type_code": "MWD", "facility_lat": 38.375, "facility_lon": -81.6792, "permit_name": "SANITARY BOARD OF THE CITY OF CHARLESTON", "version_nmbr": 0, "permit_type_code": "NPD", "effective_date": 1651363200000, "expiration_date": 1804464000000, "permit_status_code": "EFF", "facility_type_indicator": "POTW", "major_minor_status_flag": "M", "permit_tracking": "Y", "pt_start_date": 1651363200000, "dmr_tracking": "Y", "dmr_nr_start_date": 1651363200000, "permit_design_flow": 14, "permit_avg_flow": null, "perm_feature_nmbr": "C073", "perm_feature_text": "", "pf_lat": 38.3372, "pf_lon": -81.6194, "pf_character": "CSO", "perm_feature_type_code": "EXO", "pf_state_waterbody_name": "Kanawha River", "pf_state_auto_name": "Kanawha River", "pf_reach_id": "5050006000430", "in_icis": "YES", "echo_dfr_link": "https://echo.epa.gov/detailed-facility-report?fid=110000572773", "name": "THE SANITARY BOARD OF THE CITY OF CHARLESTON", "feature_kind": "CSO outfall"}}, {"type": "Feature", "id": 6414, "geometry": {"type": "Point", "coordinates": [-81.640299782517, 38.3507999655884]}, "properties": {"OBJECTID": 6414, "npdes_pfid": "WV0023205C076", "npdes_id": "WV0023205", "permitting_state": "WV", "agency_type_code": "ST6", "facility_uin": "110000572773", "facility_name": "THE SANITARY BOARD OF THE CITY OF CHARLESTON", "location_address": "208 26TH STREET W", "supplemental_address_text": "", "facility_city": "CHARLESTON", "county_code": "WV039", "state_code": "WV", "epa_region_code": "03", "facility_type_code": "MWD", "facility_lat": 38.375, "facility_lon": -81.6792, "permit_name": "SANITARY BOARD OF THE CITY OF CHARLESTON", "version_nmbr": 0, "permit_type_code": "NPD", "effective_date": 1651363200000, "expiration_date": 1804464000000, "permit_status_code": "EFF", "facility_type_indicator": "POTW", "major_minor_status_flag": "M", "permit_tracking": "Y", "pt_start_date": 1651363200000, "dmr_tracking": "Y", "dmr_nr_start_date": 1651363200000, "permit_design_flow": 14, "permit_avg_flow": null, "perm_feature_nmbr": "C076", "perm_feature_text": "", "pf_lat": 38.3508, "pf_lon": -81.6403, "pf_character": "CSO", "perm_feature_type_code": "EXO", "pf_state_waterbody_name": "Kanawha River", "pf_state_auto_name": "Kanawha River", "pf_reach_id": "5050006000430", "in_icis": "YES", "echo_dfr_link": "https://echo.epa.gov/detailed-facility-report?fid=110000572773", "name": "THE SANITARY BOARD OF THE CITY OF CHARLESTON", "feature_kind": "CSO outfall"}}, {"type": "Feature", "id": 6415, "geometry": {"type": "Point", "coordinates": [-81.6336001471281, 38.3583002044001]}, "properties": {"OBJECTID": 6415, "npdes_pfid": "WV0023205C077", "npdes_id": "WV0023205", "permitting_state": "WV", "agency_type_code": "ST6", "facility_uin": "110000572773", "facility_name": "THE SANITARY BOARD OF THE CITY OF CHARLESTON", "location_address": "208 26TH STREET W", "supplemental_address_text": "", "facility_city": "CHARLESTON", "county_code": "WV039", "state_code": "WV", "epa_region_code": "03", "facility_type_code": "MWD", "facility_lat": 38.375, "facility_lon": -81.6792, "permit_name": "SANITARY BOARD OF THE CITY OF CHARLESTON", "version_nmbr": 0, "permit_type_code": "NPD", "effective_date": 1651363200000, "expiration_date": 1804464000000, "permit_status_code": "EFF", "facility_type_indicator": "POTW", "major_minor_status_flag": "M", "permit_tracking": "Y", "pt_start_date": 1651363200000, "dmr_tracking": "Y", "dmr_nr_start_date": 1651363200000, "permit_design_flow": 14, "permit_avg_flow": null, "perm_feature_nmbr": "C077", "perm_feature_text": "", "pf_lat": 38.3583, "pf_lon": -81.6336, "pf_character": "CSO", "perm_feature_type_code": "EXO", "pf_state_waterbody_name": "Elk River/Kanawha/Ohio", "pf_state_auto_name": "Elk River", "pf_reach_id": "5050007001533", "in_icis": "YES", "echo_dfr_link": "https://echo.epa.gov/detailed-facility-report?fid=110000572773", "name": "THE SANITARY BOARD OF THE CITY OF CHARLESTON", "feature_kind": "CSO outfall"}}, {"type": "Feature", "id": 6416, "geometry": {"type": "Point", "coordinates": [-81.6167001416879, 38.3361001470409]}, "properties": {"OBJECTID": 6416, "npdes_pfid": "WV0023205C078", "npdes_id": "WV0023205", "permitting_state": "WV", "agency_type_code": "ST6", "facility_uin": "110000572773", "facility_name": "THE SANITARY BOARD OF THE CITY OF CHARLESTON", "location_address": "208 26TH STREET W", "supplemental_address_text": "", "facility_city": "CHARLESTON", "county_code": "WV039", "state_code": "WV", "epa_region_code": "03", "facility_type_code": "MWD", "facility_lat": 38.375, "facility_lon": -81.6792, "permit_name": "SANITARY BOARD OF THE CITY OF CHARLESTON", "version_nmbr": 0, "permit_type_code": "NPD", "effective_date": 1651363200000, "expiration_date": 1804464000000, "permit_status_code": "EFF", "facility_type_indicator": "POTW", "major_minor_status_flag": "M", "permit_tracking": "Y", "pt_start_date": 1651363200000, "dmr_tracking": "Y", "dmr_nr_start_date": 1651363200000, "permit_design_flow": 14, "permit_avg_flow": null, "perm_feature_nmbr": "C078", "perm_feature_text": "", "pf_lat": 38.3361, "pf_lon": -81.6167, "pf_character": "CSO", "perm_feature_type_code": "EXO", "pf_state_waterbody_name": "KANAWHA RIVER", "pf_state_auto_name": "Kanawha River", "pf_reach_id": "5050006000430", "in_icis": "YES", "echo_dfr_link": "https://echo.epa.gov/detailed-facility-report?fid=110000572773", "name": "THE SANITARY BOARD OF THE CITY OF CHARLESTON", "feature_kind": "CSO outfall"}}, {"type": "Feature", "id": 6417, "geometry": {"type": "Point", "coordinates": [-81.6486002157423, 38.3380998471092]}, "properties": {"OBJECTID": 6417, "npdes_pfid": "WV0023205C079", "npdes_id": "WV0023205", "permitting_state": "WV", "agency_type_code": "ST6", "facility_uin": "110000572773", "facility_name": "THE SANITARY BOARD OF THE CITY OF CHARLESTON", "location_address": "208 26TH STREET W", "supplemental_address_text": "", "facility_city": "CHARLESTON", "county_code": "WV039", "state_code": "WV", "epa_region_code": "03", "facility_type_code": "MWD", "facility_lat": 38.375, "facility_lon": -81.6792, "permit_name": "SANITARY BOARD OF THE CITY OF CHARLESTON", "version_nmbr": 0, "permit_type_code": "NPD", "effective_date": 1651363200000, "expiration_date": 1804464000000, "permit_status_code": "EFF", "facility_type_indicator": "POTW", "major_minor_status_flag": "M", "permit_tracking": "Y", "pt_start_date": 1651363200000, "dmr_tracking": "Y", "dmr_nr_start_date": 1651363200000, "permit_design_flow": 14, "permit_avg_flow": null, "perm_feature_nmbr": "C079", "perm_feature_text": "", "pf_lat": 38.3381, "pf_lon": -81.6486, "pf_character": "CSO", "perm_feature_type_code": "EXO", "pf_state_waterbody_name": "KANAWHA RIVER", "pf_state_auto_name": "Kanawha River", "pf_reach_id": "5050008000062", "in_icis": "YES", "echo_dfr_link": "https://echo.epa.gov/detailed-facility-report?fid=110000572773", "name": "THE SANITARY BOARD OF THE CITY OF CHARLESTON", "feature_kind": "CSO outfall"}}, {"type": "Feature", "id": 6418, "geometry": {"type": "Point", "coordinates": [-81.6124996194194, 38.3639000451334]}, "properties": {"OBJECTID": 6418, "npdes_pfid": "WV0023205C080", "npdes_id": "WV0023205", "permitting_state": "WV", "agency_type_code": "ST6", "facility_uin": "110000572773", "facility_name": "THE SANITARY BOARD OF THE CITY OF CHARLESTON", "location_address": "208 26TH STREET W", "supplemental_address_text": "", "facility_city": "CHARLESTON", "county_code": "WV039", "state_code": "WV", "epa_region_code": "03", "facility_type_code": "MWD", "facility_lat": 38.375, "facility_lon": -81.6792, "permit_name": "SANITARY BOARD OF THE CITY OF CHARLESTON", "version_nmbr": 0, "permit_type_code": "NPD", "effective_date": 1651363200000, "expiration_date": 1804464000000, "permit_status_code": "EFF", "facility_type_indicator": "POTW", "major_minor_status_flag": "M", "permit_tracking": "Y", "pt_start_date": 1651363200000, "dmr_tracking": "Y", "dmr_nr_start_date": 1651363200000, "permit_design_flow": 14, "permit_avg_flow": null, "perm_feature_nmbr": "C080", "perm_feature_text": "", "pf_lat": 38.3639, "pf_lon": -81.6125, "pf_character": "CSO", "perm_feature_type_code": "EXO", "pf_state_waterbody_name": "KANAWHA RIVER", "pf_state_auto_name": "Elk River", "pf_reach_id": "5050007001533", "in_icis": "YES", "echo_dfr_link": "https://echo.epa.gov/detailed-facility-report?fid=110000572773", "name": "THE SANITARY BOARD OF THE CITY OF CHARLESTON", "feature_kind": "CSO outfall"}}, {"type": "Feature", "id": 6419, "geometry": {"type": "Point", "coordinates": [-81.6017000730737, 38.3285997231949]}, "properties": {"OBJECTID": 6419, "npdes_pfid": "WV0023205C081", "npdes_id": "WV0023205", "permitting_state": "WV", "agency_type_code": "ST6", "facility_uin": "110000572773", "facility_name": "THE SANITARY BOARD OF THE CITY OF CHARLESTON", "location_address": "208 26TH STREET W", "supplemental_address_text": "", "facility_city": "CHARLESTON", "county_code": "WV039", "state_code": "WV", "epa_region_code": "03", "facility_type_code": "MWD", "facility_lat": 38.375, "facility_lon": -81.6792, "permit_name": "SANITARY BOARD OF THE CITY OF CHARLESTON", "version_nmbr": 0, "permit_type_code": "NPD", "effective_date": 1651363200000, "expiration_date": 1804464000000, "permit_status_code": "EFF", "facility_type_indicator": "POTW", "major_minor_status_flag": "M", "permit_tracking": "Y", "pt_start_date": 1651363200000, "dmr_tracking": "Y", "dmr_nr_start_date": 1651363200000, "permit_design_flow": 14, "permit_avg_flow": null, "perm_feature_nmbr": "C081", "perm_feature_text": "", "pf_lat": 38.3286, "pf_lon": -81.6017, "pf_character": "CSO", "perm_feature_type_code": "EXO", "pf_state_waterbody_name": "KANAWHA RIVER", "pf_state_auto_name": "Venable Branch", "pf_reach_id": "5050006000425", "in_icis": "YES", "echo_dfr_link": "https://echo.epa.gov/detailed-facility-report?fid=110000572773", "name": "THE SANITARY BOARD OF THE CITY OF CHARLESTON", "feature_kind": "CSO outfall"}}, {"type": "Feature", "id": 6420, "geometry": {"type": "Point", "coordinates": [-81.5728003720683, 38.3218998438604]}, "properties": {"OBJECTID": 6420, "npdes_pfid": "WV0023205XX1N", "npdes_id": "WV0023205", "permitting_state": "WV", "agency_type_code": "ST6", "facility_uin": "110000572773", "facility_name": "THE SANITARY BOARD OF THE CITY OF CHARLESTON", "location_address": "208 26TH STREET W", "supplemental_address_text": "", "facility_city": "CHARLESTON", "county_code": "WV039", "state_code": "WV", "epa_region_code": "03", "facility_type_code": "MWD", "facility_lat": 38.375, "facility_lon": -81.6792, "permit_name": "SANITARY BOARD OF THE CITY OF CHARLESTON", "version_nmbr": 0, "permit_type_code": "NPD", "effective_date": 1651363200000, "expiration_date": 1804464000000, "permit_status_code": "EFF", "facility_type_indicator": "POTW", "major_minor_status_flag": "M", "permit_tracking": "Y", "pt_start_date": 1651363200000, "dmr_tracking": "Y", "dmr_nr_start_date": 1651363200000, "permit_design_flow": 14, "permit_avg_flow": null, "perm_feature_nmbr": "XX1N", "perm_feature_text": "", "pf_lat": 38.3219, "pf_lon": -81.5728, "pf_character": "CSO", "perm_feature_type_code": "EXO", "pf_state_waterbody_name": "Kanawha River", "pf_state_auto_name": "Kanawha River", "pf_reach_id": "5050006000002", "in_icis": "YES", "echo_dfr_link": "https://echo.epa.gov/detailed-facility-report?fid=110000572773", "name": "THE SANITARY BOARD OF THE CITY OF CHARLESTON", "feature_kind": "CSO outfall"}}, {"type": "Feature", "id": 6421, "geometry": {"type": "Point", "coordinates": [-81.5641999015381, 39.2688999241329]}, "properties": {"OBJECTID": 6421, "npdes_pfid": "WV0023213C002", "npdes_id": "WV0023213", "permitting_state": "WV", "agency_type_code": "ST6", "facility_uin": "110010868016", "facility_name": "PARKERSBURG UTILITY BOARD", "location_address": "125 19TH STREET", "supplemental_address_text": "", "facility_city": "PARKERSBURG", "county_code": "WV107", "state_code": "WV", "epa_region_code": "03", "facility_type_code": "MWD", "facility_lat": 39.2842, "facility_lon": -81.5611, "permit_name": "PARKERSBURG UTILITY BOARD", "version_nmbr": 0, "permit_type_code": "NPD", "effective_date": 1706745600000, "expiration_date": 1859500800000, "permit_status_code": "EFF", "facility_type_indicator": "POTW", "major_minor_status_flag": "M", "permit_tracking": "Y", "pt_start_date": 1706745600000, "dmr_tracking": "Y", "dmr_nr_start_date": 1706745600000, "permit_design_flow": 15.5, "permit_avg_flow": null, "perm_feature_nmbr": "C002", "perm_feature_text": "", "pf_lat": 39.2689, "pf_lon": -81.5642, "pf_character": "CSO", "perm_feature_type_code": "EXO", "pf_state_waterbody_name": "OHIO RIVER", "pf_state_auto_name": "", "pf_reach_id": "", "in_icis": "YES", "echo_dfr_link": "https://echo.epa.gov/detailed-facility-report?fid=110010868016", "name": "PARKERSBURG UTILITY BOARD", "feature_kind": "CSO outfall"}}, {"type": "Feature", "id": 6422, "geometry": {"type": "Point", "coordinates": [-81.5347001259229, 39.2586000820808]}, "properties": {"OBJECTID": 6422, "npdes_pfid": "WV0023213C003", "npdes_id": "WV0023213", "permitting_state": "WV", "agency_type_code": "ST6", "facility_uin": "110010868016", "facility_name": "PARKERSBURG UTILITY BOARD", "location_address": "125 19TH STREET", "supplemental_address_text": "", "facility_city": "PARKERSBURG", "county_code": "WV107", "state_code": "WV", "epa_region_code": "03", "facility_type_code": "MWD", "facility_lat": 39.2842, "facility_lon": -81.5611, "permit_name": "PARKERSBURG UTILITY BOARD", "version_nmbr": 0, "permit_type_code": "NPD", "effective_date": 1706745600000, "expiration_date": 1859500800000, "permit_status_code": "EFF", "facility_type_indicator": "POTW", "major_minor_status_flag": "M", "permit_tracking": "Y", "pt_start_date": 1706745600000, "dmr_tracking": "Y", "dmr_nr_start_date": 1706745600000, "permit_design_flow": 15.5, "permit_avg_flow": null, "perm_feature_nmbr": "C003", "perm_feature_text": "", "pf_lat": 39.2586, "pf_lon": -81.5347, "pf_character": "CSO", "perm_feature_type_code": "EXO", "pf_state_waterbody_name": "OHIO RIVER", "pf_state_auto_name": "", "pf_reach_id": "", "in_icis": "YES", "echo_dfr_link": "https://echo.epa.gov/detailed-facility-report?fid=110010868016", "name": "PARKERSBURG UTILITY BOARD", "feature_kind": "CSO outfall"}}, {"type": "Feature", "id": 6423, "geometry": {"type": "Point", "coordinates": [-81.547299896098, 39.2941002969415]}, "properties": {"OBJECTID": 6423, "npdes_pfid": "WV0023213C004", "npdes_id": "WV0023213", "permitting_state": "WV", "agency_type_code": "ST6", "facility_uin": "110010868016", "facility_name": "PARKERSBURG UTILITY BOARD", "location_address": "125 19TH STREET", "supplemental_address_text": "", "facility_city": "PARKERSBURG", "county_code": "WV107", "state_code": "WV", "epa_region_code": "03", "facility_type_code": "MWD", "facility_lat": 39.2842, "facility_lon": -81.5611, "permit_name": "PARKERSBURG UTILITY BOARD", "version_nmbr": 0, "permit_type_code": "NPD", "effective_date": 1706745600000, "expiration_date": 1859500800000, "permit_status_code": "EFF", "facility_type_indicator": "POTW", "major_minor_status_flag": "M", "permit_tracking": "Y", "pt_start_date": 1706745600000, "dmr_tracking": "Y", "dmr_nr_start_date": 1706745600000, "permit_design_flow": 15.5, "permit_avg_flow": null, "perm_feature_nmbr": "C004", "perm_feature_text": "", "pf_lat": 39.2941, "pf_lon": -81.5473, "pf_character": "CSO", "perm_feature_type_code": "EXO", "pf_state_waterbody_name": "OHIO RIVER", "pf_state_auto_name": "", "pf_reach_id": "", "in_icis": "YES", "echo_dfr_link": "https://echo.epa.gov/detailed-facility-report?fid=110010868016", "name": "PARKERSBURG UTILITY BOARD", "feature_kind": "CSO outfall"}}, {"type": "Feature", "id": 6424, "geometry": {"type": "Point", "coordinates": [-81.5181001577877, 39.2660999413088]}, "properties": {"OBJECTID": 6424, "npdes_pfid": "WV0023213C005", "npdes_id": "WV0023213", "permitting_state": "WV", "agency_type_code": "ST6", "facility_uin": "110010868016", "facility_name": "PARKERSBURG UTILITY BOARD", "location_address": "125 19TH STREET", "supplemental_address_text": "", "facility_city": "PARKERSBURG", "county_code": "WV107", "state_code": "WV", "epa_region_code": "03", "facility_type_code": "MWD", "facility_lat": 39.2842, "facility_lon": -81.5611, "permit_name": "PARKERSBURG UTILITY BOARD", "version_nmbr": 0, "permit_type_code": "NPD", "effective_date": 1706745600000, "expiration_date": 1859500800000, "permit_status_code": "EFF", "facility_type_indicator": "POTW", "major_minor_status_flag": "M", "permit_tracking": "Y", "pt_start_date": 1706745600000, "dmr_tracking": "Y", "dmr_nr_start_date": 1706745600000, "permit_design_flow": 15.5, "permit_avg_flow": null, "perm_feature_nmbr": "C005", "perm_feature_text": "", "pf_lat": 39.2661, "pf_lon": -81.5181, "pf_character": "CSO", "perm_feature_type_code": "EXO", "pf_state_waterbody_name": "OHIO RIVER", "pf_state_auto_name": "", "pf_reach_id": "", "in_icis": "YES", "echo_dfr_link": "https://echo.epa.gov/detailed-facility-report?fid=110010868016", "name": "PARKERSBURG UTILITY BOARD", "feature_kind": "CSO outfall"}}, {"type": "Feature", "id": 6425, "geometry": {"type": "Point", "coordinates": [-81.5297001030515, 39.2632998466196]}, "properties": {"OBJECTID": 6425, "npdes_pfid": "WV0023213C006", "npdes_id": "WV0023213", "permitting_state": "WV", "agency_type_code": "ST6", "facility_uin": "110010868016", "facility_name": "PARKERSBURG UTILITY BOARD", "location_address": "125 19TH STREET", "supplemental_address_text": "", "facility_city": "PARKERSBURG", "county_code": "WV107", "state_code": "WV", "epa_region_code": "03", "facility_type_code": "MWD", "facility_lat": 39.2842, "facility_lon": -81.5611, "permit_name": "PARKERSBURG UTILITY BOARD", "version_nmbr": 0, "permit_type_code": "NPD", "effective_date": 1706745600000, "expiration_date": 1859500800000, "permit_status_code": "EFF", "facility_type_indicator": "POTW", "major_minor_status_flag": "M", "permit_tracking": "Y", "pt_start_date": 1706745600000, "dmr_tracking": "Y", "dmr_nr_start_date": 1706745600000, "permit_design_flow": 15.5, "permit_avg_flow": null, "perm_feature_nmbr": "C006", "perm_feature_text": "", "pf_lat": 39.2633, "pf_lon": -81.5297, "pf_character": "CSO", "perm_feature_type_code": "EXO", "pf_state_waterbody_name": "OHIO RIVER", "pf_state_auto_name": "", "pf_reach_id": "", "in_icis": "YES", "echo_dfr_link": "https://echo.epa.gov/detailed-facility-report?fid=110010868016", "name": "PARKERSBURG UTILITY BOARD", "feature_kind": "CSO outfall"}}, {"type": "Feature", "id": 6426, "geometry": {"type": "Point", "coordinates": [-81.5110995867785, 39.2696996999776]}, "properties": {"OBJECTID": 6426, "npdes_pfid": "WV0023213C007", "npdes_id": "WV0023213", "permitting_state": "WV", "agency_type_code": "ST6", "facility_uin": "110010868016", "facility_name": "PARKERSBURG UTILITY BOARD", "location_address": "125 19TH STREET", "supplemental_address_text": "", "facility_city": "PARKERSBURG", "county_code": "WV107", "state_code": "WV", "epa_region_code": "03", "facility_type_code": "MWD", "facility_lat": 39.2842, "facility_lon": -81.5611, "permit_name": "PARKERSBURG UTILITY BOARD", "version_nmbr": 0, "permit_type_code": "NPD", "effective_date": 1706745600000, "expiration_date": 1859500800000, "permit_status_code": "EFF", "facility_type_indicator": "POTW", "major_minor_status_flag": "M", "permit_tracking": "Y", "pt_start_date": 1706745600000, "dmr_tracking": "Y", "dmr_nr_start_date": 1706745600000, "permit_design_flow": 15.5, "permit_avg_flow": null, "perm_feature_nmbr": "C007", "perm_feature_text": "", "pf_lat": 39.2697, "pf_lon": -81.5111, "pf_character": "CSO", "perm_feature_type_code": "EXO", "pf_state_waterbody_name": "OHIO RIVER", "pf_state_auto_name": "", "pf_reach_id": "", "in_icis": "YES", "echo_dfr_link": "https://echo.epa.gov/detailed-facility-report?fid=110010868016", "name": "PARKERSBURG UTILITY BOARD", "feature_kind": "CSO outfall"}}, {"type": "Feature", "id": 6427, "geometry": {"type": "Point", "coordinates": [-81.55970024028, 39.2600002372794]}, "properties": {"OBJECTID": 6427, "npdes_pfid": "WV0023213C008", "npdes_id": "WV0023213", "permitting_state": "WV", "agency_type_code": "ST6", "facility_uin": "110010868016", "facility_name": "PARKERSBURG UTILITY BOARD", "location_address": "125 19TH STREET", "supplemental_address_text": "", "facility_city": "PARKERSBURG", "county_code": "WV107", "state_code": "WV", "epa_region_code": "03", "facility_type_code": "MWD", "facility_lat": 39.2842, "facility_lon": -81.5611, "permit_name": "PARKERSBURG UTILITY BOARD", "version_nmbr": 0, "permit_type_code": "NPD", "effective_date": 1706745600000, "expiration_date": 1859500800000, "permit_status_code": "EFF", "facility_type_indicator": "POTW", "major_minor_status_flag": "M", "permit_tracking": "Y", "pt_start_date": 1706745600000, "dmr_tracking": "Y", "dmr_nr_start_date": 1706745600000, "permit_design_flow": 15.5, "permit_avg_flow": null, "perm_feature_nmbr": "C008", "perm_feature_text": "", "pf_lat": 39.26, "pf_lon": -81.5597, "pf_character": "CSO", "perm_feature_type_code": "EXO", "pf_state_waterbody_name": "OHIO RIVER", "pf_state_auto_name": "", "pf_reach_id": "", "in_icis": "YES", "echo_dfr_link": "https://echo.epa.gov/detailed-facility-report?fid=110010868016", "name": "PARKERSBURG UTILITY BOARD", "feature_kind": "CSO outfall"}}, {"type": "Feature", "id": 6428, "geometry": {"type": "Point", "coordinates": [-81.533299652395, 39.2541998097484]}, "properties": {"OBJECTID": 6428, "npdes_pfid": "WV0023213C009", "npdes_id": "WV0023213", "permitting_state": "WV", "agency_type_code": "ST6", "facility_uin": "110010868016", "facility_name": "PARKERSBURG UTILITY BOARD", "location_address": "125 19TH STREET", "supplemental_address_text": "", "facility_city": "PARKERSBURG", "county_code": "WV107", "state_code": "WV", "epa_region_code": "03", "facility_type_code": "MWD", "facility_lat": 39.2842, "facility_lon": -81.5611, "permit_name": "PARKERSBURG UTILITY BOARD", "version_nmbr": 0, "permit_type_code": "NPD", "effective_date": 1706745600000, "expiration_date": 1859500800000, "permit_status_code": "EFF", "facility_type_indicator": "POTW", "major_minor_status_flag": "M", "permit_tracking": "Y", "pt_start_date": 1706745600000, "dmr_tracking": "Y", "dmr_nr_start_date": 1706745600000, "permit_design_flow": 15.5, "permit_avg_flow": null, "perm_feature_nmbr": "C009", "perm_feature_text": "", "pf_lat": 39.2542, "pf_lon": -81.5333, "pf_character": "CSO", "perm_feature_type_code": "EXO", "pf_state_waterbody_name": "OHIO RIVER", "pf_state_auto_name": "", "pf_reach_id": "", "in_icis": "YES", "echo_dfr_link": "https://echo.epa.gov/detailed-facility-report?fid=110010868016", "name": "PARKERSBURG UTILITY BOARD", "feature_kind": "CSO outfall"}}, {"type": "Feature", "id": 6429, "geometry": {"type": "Point", "coordinates": [-81.5613998527975, 39.2497999569014]}, "properties": {"OBJECTID": 6429, "npdes_pfid": "WV0023213C010", "npdes_id": "WV0023213", "permitting_state": "WV", "agency_type_code": "ST6", "facility_uin": "110010868016", "facility_name": "PARKERSBURG UTILITY BOARD", "location_address": "125 19TH STREET", "supplemental_address_text": "", "facility_city": "PARKERSBURG", "county_code": "WV107", "state_code": "WV", "epa_region_code": "03", "facility_type_code": "MWD", "facility_lat": 39.2842, "facility_lon": -81.5611, "permit_name": "PARKERSBURG UTILITY BOARD", "version_nmbr": 0, "permit_type_code": "NPD", "effective_date": 1706745600000, "expiration_date": 1859500800000, "permit_status_code": "EFF", "facility_type_indicator": "POTW", "major_minor_status_flag": "M", "permit_tracking": "Y", "pt_start_date": 1706745600000, "dmr_tracking": "Y", "dmr_nr_start_date": 1706745600000, "permit_design_flow": 15.5, "permit_avg_flow": null, "perm_feature_nmbr": "C010", "perm_feature_text": "", "pf_lat": 39.2498, "pf_lon": -81.5614, "pf_character": "CSO", "perm_feature_type_code": "EXO", "pf_state_waterbody_name": "OHIO RIVER", "pf_state_auto_name": "", "pf_reach_id": "", "in_icis": "YES", "echo_dfr_link": "https://echo.epa.gov/detailed-facility-report?fid=110010868016", "name": "PARKERSBURG UTILITY BOARD", "feature_kind": "CSO outfall"}}, {"type": "Feature", "id": 6430, "geometry": {"type": "Point", "coordinates": [-81.5331002264019, 39.2436000435353]}, "properties": {"OBJECTID": 6430, "npdes_pfid": "WV0023213C011", "npdes_id": "WV0023213", "permitting_state": "WV", "agency_type_code": "ST6", "facility_uin": "110010868016", "facility_name": "PARKERSBURG UTILITY BOARD", "location_address": "125 19TH STREET", "supplemental_address_text": "", "facility_city": "PARKERSBURG", "county_code": "WV107", "state_code": "WV", "epa_region_code": "03", "facility_type_code": "MWD", "facility_lat": 39.2842, "facility_lon": -81.5611, "permit_name": "PARKERSBURG UTILITY BOARD", "version_nmbr": 0, "permit_type_code": "NPD", "effective_date": 1706745600000, "expiration_date": 1859500800000, "permit_status_code": "EFF", "facility_type_indicator": "POTW", "major_minor_status_flag": "M", "permit_tracking": "Y", "pt_start_date": 1706745600000, "dmr_tracking": "Y", "dmr_nr_start_date": 1706745600000, "permit_design_flow": 15.5, "permit_avg_flow": null, "perm_feature_nmbr": "C011", "perm_feature_text": "", "pf_lat": 39.2436, "pf_lon": -81.5331, "pf_character": "CSO", "perm_feature_type_code": "EXO", "pf_state_waterbody_name": "OHIO RIVER", "pf_state_auto_name": "", "pf_reach_id": "", "in_icis": "YES", "echo_dfr_link": "https://echo.epa.gov/detailed-facility-report?fid=110010868016", "name": "PARKERSBURG UTILITY BOARD", "feature_kind": "CSO outfall"}}, {"type": "Feature", "id": 6431, "geometry": {"type": "Point", "coordinates": [-81.5346004129264, 39.2641998395757]}, "properties": {"OBJECTID": 6431, "npdes_pfid": "WV0023213C012", "npdes_id": "WV0023213", "permitting_state": "WV", "agency_type_code": "ST6", "facility_uin": "110010868016", "facility_name": "PARKERSBURG UTILITY BOARD", "location_address": "125 19TH STREET", "supplemental_address_text": "", "facility_city": "PARKERSBURG", "county_code": "WV107", "state_code": "WV", "epa_region_code": "03", "facility_type_code": "MWD", "facility_lat": 39.2842, "facility_lon": -81.5611, "permit_name": "PARKERSBURG UTILITY BOARD", "version_nmbr": 0, "permit_type_code": "NPD", "effective_date": 1706745600000, "expiration_date": 1859500800000, "permit_status_code": "EFF", "facility_type_indicator": "POTW", "major_minor_status_flag": "M", "permit_tracking": "Y", "pt_start_date": 1706745600000, "dmr_tracking": "Y", "dmr_nr_start_date": 1706745600000, "permit_design_flow": 15.5, "permit_avg_flow": null, "perm_feature_nmbr": "C012", "perm_feature_text": "", "pf_lat": 39.2642, "pf_lon": -81.5346, "pf_character": "CSO", "perm_feature_type_code": "EXO", "pf_state_waterbody_name": "OHIO RIVER", "pf_state_auto_name": "", "pf_reach_id": "", "in_icis": "YES", "echo_dfr_link": "https://echo.epa.gov/detailed-facility-report?fid=110010868016", "name": "PARKERSBURG UTILITY BOARD", "feature_kind": "CSO outfall"}}, {"type": "Feature", "id": 6432, "geometry": {"type": "Point", "coordinates": [-81.55970024028, 39.2968998559534]}, "properties": {"OBJECTID": 6432, "npdes_pfid": "WV0023213C013", "npdes_id": "WV0023213", "permitting_state": "WV", "agency_type_code": "ST6", "facility_uin": "110010868016", "facility_name": "PARKERSBURG UTILITY BOARD", "location_address": "125 19TH STREET", "supplemental_address_text": "", "facility_city": "PARKERSBURG", "county_code": "WV107", "state_code": "WV", "epa_region_code": "03", "facility_type_code": "MWD", "facility_lat": 39.2842, "facility_lon": -81.5611, "permit_name": "PARKERSBURG UTILITY BOARD", "version_nmbr": 0, "permit_type_code": "NPD", "effective_date": 1706745600000, "expiration_date": 1859500800000, "permit_status_code": "EFF", "facility_type_indicator": "POTW", "major_minor_status_flag": "M", "permit_tracking": "Y", "pt_start_date": 1706745600000, "dmr_tracking": "Y", "dmr_nr_start_date": 1706745600000, "permit_design_flow": 15.5, "permit_avg_flow": null, "perm_feature_nmbr": "C013", "perm_feature_text": "", "pf_lat": 39.2969, "pf_lon": -81.5597, "pf_character": "CSO", "perm_feature_type_code": "EXO", "pf_state_waterbody_name": "OHIO RIVER", "pf_state_auto_name": "", "pf_reach_id": "", "in_icis": "YES", "echo_dfr_link": "https://echo.epa.gov/detailed-facility-report?fid=110010868016", "name": "PARKERSBURG UTILITY BOARD", "feature_kind": "CSO outfall"}}, {"type": "Feature", "id": 6433, "geometry": {"type": "Point", "coordinates": [-81.5363997384405, 39.2346999281126]}, "properties": {"OBJECTID": 6433, "npdes_pfid": "WV0023213C016", "npdes_id": "WV0023213", "permitting_state": "WV", "agency_type_code": "ST6", "facility_uin": "110010868016", "facility_name": "PARKERSBURG UTILITY BOARD", "location_address": "125 19TH STREET", "supplemental_address_text": "", "facility_city": "PARKERSBURG", "county_code": "WV107", "state_code": "WV", "epa_region_code": "03", "facility_type_code": "MWD", "facility_lat": 39.2842, "facility_lon": -81.5611, "permit_name": "PARKERSBURG UTILITY BOARD", "version_nmbr": 0, "permit_type_code": "NPD", "effective_date": 1706745600000, "expiration_date": 1859500800000, "permit_status_code": "EFF", "facility_type_indicator": "POTW", "major_minor_status_flag": "M", "permit_tracking": "Y", "pt_start_date": 1706745600000, "dmr_tracking": "Y", "dmr_nr_start_date": 1706745600000, "permit_design_flow": 15.5, "permit_avg_flow": null, "perm_feature_nmbr": "C016", "perm_feature_text": "", "pf_lat": 39.2347, "pf_lon": -81.5364, "pf_character": "CSO", "perm_feature_type_code": "EXO", "pf_state_waterbody_name": "OHIO RIVER", "pf_state_auto_name": "", "pf_reach_id": "", "in_icis": "YES", "echo_dfr_link": "https://echo.epa.gov/detailed-facility-report?fid=110010868016", "name": "PARKERSBURG UTILITY BOARD", "feature_kind": "CSO outfall"}}, {"type": "Feature", "id": 6434, "geometry": {"type": "Point", "coordinates": [-81.5210996325214, 39.2438998948658]}, "properties": {"OBJECTID": 6434, "npdes_pfid": "WV0023213C017", "npdes_id": "WV0023213", "permitting_state": "WV", "agency_type_code": "ST6", "facility_uin": "110010868016", "facility_name": "PARKERSBURG UTILITY BOARD", "location_address": "125 19TH STREET", "supplemental_address_text": "", "facility_city": "PARKERSBURG", "county_code": "WV107", "state_code": "WV", "epa_region_code": "03", "facility_type_code": "MWD", "facility_lat": 39.2842, "facility_lon": -81.5611, "permit_name": "PARKERSBURG UTILITY BOARD", "version_nmbr": 0, "permit_type_code": "NPD", "effective_date": 1706745600000, "expiration_date": 1859500800000, "permit_status_code": "EFF", "facility_type_indicator": "POTW", "major_minor_status_flag": "M", "permit_tracking": "Y", "pt_start_date": 1706745600000, "dmr_tracking": "Y", "dmr_nr_start_date": 1706745600000, "permit_design_flow": 15.5, "permit_avg_flow": null, "perm_feature_nmbr": "C017", "perm_feature_text": "", "pf_lat": 39.2439, "pf_lon": -81.5211, "pf_character": "CSO", "perm_feature_type_code": "EXO", "pf_state_waterbody_name": "OHIO RIVER", "pf_state_auto_name": "", "pf_reach_id": "", "in_icis": "YES", "echo_dfr_link": "https://echo.epa.gov/detailed-facility-report?fid=110010868016", "name": "PARKERSBURG UTILITY BOARD", "feature_kind": "CSO outfall"}}, {"type": "Feature", "id": 6435, "geometry": {"type": "Point", "coordinates": [-81.5269000543109, 39.2418997022348]}, "properties": {"OBJECTID": 6435, "npdes_pfid": "WV0023213C018", "npdes_id": "WV0023213", "permitting_state": "WV", "agency_type_code": "ST6", "facility_uin": "110010868016", "facility_name": "PARKERSBURG UTILITY BOARD", "location_address": "125 19TH STREET", "supplemental_address_text": "", "facility_city": "PARKERSBURG", "county_code": "WV107", "state_code": "WV", "epa_region_code": "03", "facility_type_code": "MWD", "facility_lat": 39.2842, "facility_lon": -81.5611, "permit_name": "PARKERSBURG UTILITY BOARD", "version_nmbr": 0, "permit_type_code": "NPD", "effective_date": 1706745600000, "expiration_date": 1859500800000, "permit_status_code": "EFF", "facility_type_indicator": "POTW", "major_minor_status_flag": "M", "permit_tracking": "Y", "pt_start_date": 1706745600000, "dmr_tracking": "Y", "dmr_nr_start_date": 1706745600000, "permit_design_flow": 15.5, "permit_avg_flow": null, "perm_feature_nmbr": "C018", "perm_feature_text": "", "pf_lat": 39.2419, "pf_lon": -81.5269, "pf_character": "CSO", "perm_feature_type_code": "EXO", "pf_state_waterbody_name": "OHIO RIVER", "pf_state_auto_name": "", "pf_reach_id": "", "in_icis": "YES", "echo_dfr_link": "https://echo.epa.gov/detailed-facility-report?fid=110010868016", "name": "PARKERSBURG UTILITY BOARD", "feature_kind": "CSO outfall"}}, {"type": "Feature", "id": 6436, "geometry": {"type": "Point", "coordinates": [-81.5157995723451, 39.237499773454]}, "properties": {"OBJECTID": 6436, "npdes_pfid": "WV0023213C019", "npdes_id": "WV0023213", "permitting_state": "WV", "agency_type_code": "ST6", "facility_uin": "110010868016", "facility_name": "PARKERSBURG UTILITY BOARD", "location_address": "125 19TH STREET", "supplemental_address_text": "", "facility_city": "PARKERSBURG", "county_code": "WV107", "state_code": "WV", "epa_region_code": "03", "facility_type_code": "MWD", "facility_lat": 39.2842, "facility_lon": -81.5611, "permit_name": "PARKERSBURG UTILITY BOARD", "version_nmbr": 0, "permit_type_code": "NPD", "effective_date": 1706745600000, "expiration_date": 1859500800000, "permit_status_code": "EFF", "facility_type_indicator": "POTW", "major_minor_status_flag": "M", "permit_tracking": "Y", "pt_start_date": 1706745600000, "dmr_tracking": "Y", "dmr_nr_start_date": 1706745600000, "permit_design_flow": 15.5, "permit_avg_flow": null, "perm_feature_nmbr": "C019", "perm_feature_text": "", "pf_lat": 39.2375, "pf_lon": -81.5158, "pf_character": "CSO", "perm_feature_type_code": "EXO", "pf_state_waterbody_name": "OHIO RIVER", "pf_state_auto_name": "", "pf_reach_id": "", "in_icis": "YES", "echo_dfr_link": "https://echo.epa.gov/detailed-facility-report?fid=110010868016", "name": "PARKERSBURG UTILITY BOARD", "feature_kind": "CSO outfall"}}, {"type": "Feature", "id": 6437, "geometry": {"type": "Point", "coordinates": [-81.5162999339583, 39.2771003230408]}, "properties": {"OBJECTID": 6437, "npdes_pfid": "WV0023213C020", "npdes_id": "WV0023213", "permitting_state": "WV", "agency_type_code": "ST6", "facility_uin": "110010868016", "facility_name": "PARKERSBURG UTILITY BOARD", "location_address": "125 19TH STREET", "supplemental_address_text": "", "facility_city": "PARKERSBURG", "county_code": "WV107", "state_code": "WV", "epa_region_code": "03", "facility_type_code": "MWD", "facility_lat": 39.2842, "facility_lon": -81.5611, "permit_name": "PARKERSBURG UTILITY BOARD", "version_nmbr": 0, "permit_type_code": "NPD", "effective_date": 1706745600000, "expiration_date": 1859500800000, "permit_status_code": "EFF", "facility_type_indicator": "POTW", "major_minor_status_flag": "M", "permit_tracking": "Y", "pt_start_date": 1706745600000, "dmr_tracking": "Y", "dmr_nr_start_date": 1706745600000, "permit_design_flow": 15.5, "permit_avg_flow": null, "perm_feature_nmbr": "C020", "perm_feature_text": "", "pf_lat": 39.2771, "pf_lon": -81.5163, "pf_character": "CSO", "perm_feature_type_code": "EXO", "pf_state_waterbody_name": "OHIO RIVER", "pf_state_auto_name": "", "pf_reach_id": "", "in_icis": "YES", "echo_dfr_link": "https://echo.epa.gov/detailed-facility-report?fid=110010868016", "name": "PARKERSBURG UTILITY BOARD", "feature_kind": "CSO outfall"}}, {"type": "Feature", "id": 6438, "geometry": {"type": "Point", "coordinates": [-80.7275000627564, 40.0456002644752]}, "properties": {"OBJECTID": 6438, "npdes_pfid": "WV0023230C007", "npdes_id": "WV0023230", "permitting_state": "WV", "agency_type_code": "ST6", "facility_uin": "110064602434", "facility_name": "CITY OF WHEELING - WATER POLLUTION CONTROL DIVISION", "location_address": "2516 MAIN ST", "supplemental_address_text": "", "facility_city": "WHEELING", "county_code": "WV069", "state_code": "WV", "epa_region_code": "03", "facility_type_code": "MWD", "facility_lat": 40.0572, "facility_lon": -80.7292, "permit_name": "WHEELING, CITY OF, WATER POLLUTION CONTROL DIVISION", "version_nmbr": 0, "permit_type_code": "NPD", "effective_date": 1682899200000, "expiration_date": 1837036800000, "permit_status_code": "EFF", "facility_type_indicator": "POTW", "major_minor_status_flag": "M", "permit_tracking": "Y", "pt_start_date": 1682899200000, "dmr_tracking": "Y", "dmr_nr_start_date": 1682899200000, "permit_design_flow": 10, "permit_avg_flow": null, "perm_feature_nmbr": "C007", "perm_feature_text": "", "pf_lat": 40.0456, "pf_lon": -80.7275, "pf_character": "CSO", "perm_feature_type_code": "EXO", "pf_state_waterbody_name": "Ohio River", "pf_state_auto_name": "", "pf_reach_id": "", "in_icis": "YES", "echo_dfr_link": "https://echo.epa.gov/detailed-facility-report?fid=110064602434", "name": "CITY OF WHEELING - WATER POLLUTION CONTROL DIVISION", "feature_kind": "CSO outfall"}}, {"type": "Feature", "id": 6439, "geometry": {"type": "Point", "coordinates": [-80.7250000513207, 40.0643997943874]}, "properties": {"OBJECTID": 6439, "npdes_pfid": "WV0023230C013", "npdes_id": "WV0023230", "permitting_state": "WV", "agency_type_code": "ST6", "facility_uin": "110064602434", "facility_name": "CITY OF WHEELING - WATER POLLUTION CONTROL DIVISION", "location_address": "2516 MAIN ST", "supplemental_address_text": "", "facility_city": "WHEELING", "county_code": "WV069", "state_code": "WV", "epa_region_code": "03", "facility_type_code": "MWD", "facility_lat": 40.0572, "facility_lon": -80.7292, "permit_name": "WHEELING, CITY OF, WATER POLLUTION CONTROL DIVISION", "version_nmbr": 0, "permit_type_code": "NPD", "effective_date": 1682899200000, "expiration_date": 1837036800000, "permit_status_code": "EFF", "facility_type_indicator": "POTW", "major_minor_status_flag": "M", "permit_tracking": "Y", "pt_start_date": 1682899200000, "dmr_tracking": "Y", "dmr_nr_start_date": 1682899200000, "permit_design_flow": 10, "permit_avg_flow": null, "perm_feature_nmbr": "C013", "perm_feature_text": "", "pf_lat": 40.0644, "pf_lon": -80.725, "pf_character": "CSO", "perm_feature_type_code": "EXO", "pf_state_waterbody_name": "Ohio River", "pf_state_auto_name": "", "pf_reach_id": "", "in_icis": "YES", "echo_dfr_link": "https://echo.epa.gov/detailed-facility-report?fid=110064602434", "name": "CITY OF WHEELING - WATER POLLUTION CONTROL DIVISION", "feature_kind": "CSO outfall"}}, {"type": "Feature", "id": 6440, "geometry": {"type": "Point", "coordinates": [-80.7253000886256, 40.0716999654675]}, "properties": {"OBJECTID": 6440, "npdes_pfid": "WV0023230C016", "npdes_id": "WV0023230", "permitting_state": "WV", "agency_type_code": "ST6", "facility_uin": "110064602434", "facility_name": "CITY OF WHEELING - WATER POLLUTION CONTROL DIVISION", "location_address": "2516 MAIN ST", "supplemental_address_text": "", "facility_city": "WHEELING", "county_code": "WV069", "state_code": "WV", "epa_region_code": "03", "facility_type_code": "MWD", "facility_lat": 40.0572, "facility_lon": -80.7292, "permit_name": "WHEELING, CITY OF, WATER POLLUTION CONTROL DIVISION", "version_nmbr": 0, "permit_type_code": "NPD", "effective_date": 1682899200000, "expiration_date": 1837036800000, "permit_status_code": "EFF", "facility_type_indicator": "POTW", "major_minor_status_flag": "M", "permit_tracking": "Y", "pt_start_date": 1682899200000, "dmr_tracking": "Y", "dmr_nr_start_date": 1682899200000, "permit_design_flow": 10, "permit_avg_flow": null, "perm_feature_nmbr": "C016", "perm_feature_text": "", "pf_lat": 40.0717, "pf_lon": -80.7253, "pf_character": "CSO", "perm_feature_type_code": "EXO", "pf_state_waterbody_name": "Ohio River", "pf_state_auto_name": "", "pf_reach_id": "", "in_icis": "YES", "echo_dfr_link": "https://echo.epa.gov/detailed-facility-report?fid=110064602434", "name": "CITY OF WHEELING - WATER POLLUTION CONTROL DIVISION", "feature_kind": "CSO outfall"}}, {"type": "Feature", "id": 6441, "geometry": {"type": "Point", "coordinates": [-80.7275000627564, 40.0783003129682]}, "properties": {"OBJECTID": 6441, "npdes_pfid": "WV0023230C017", "npdes_id": "WV0023230", "permitting_state": "WV", "agency_type_code": "ST6", "facility_uin": "110064602434", "facility_name": "CITY OF WHEELING - WATER POLLUTION CONTROL DIVISION", "location_address": "2516 MAIN ST", "supplemental_address_text": "", "facility_city": "WHEELING", "county_code": "WV069", "state_code": "WV", "epa_region_code": "03", "facility_type_code": "MWD", "facility_lat": 40.0572, "facility_lon": -80.7292, "permit_name": "WHEELING, CITY OF, WATER POLLUTION CONTROL DIVISION", "version_nmbr": 0, "permit_type_code": "NPD", "effective_date": 1682899200000, "expiration_date": 1837036800000, "permit_status_code": "EFF", "facility_type_indicator": "POTW", "major_minor_status_flag": "M", "permit_tracking": "Y", "pt_start_date": 1682899200000, "dmr_tracking": "Y", "dmr_nr_start_date": 1682899200000, "permit_design_flow": 10, "permit_avg_flow": null, "perm_feature_nmbr": "C017", "perm_feature_text": "", "pf_lat": 40.0783, "pf_lon": -80.7275, "pf_character": "CSO", "perm_feature_type_code": "EXO", "pf_state_waterbody_name": "Ohio River", "pf_state_auto_name": "", "pf_reach_id": "", "in_icis": "YES", "echo_dfr_link": "https://echo.epa.gov/detailed-facility-report?fid=110064602434", "name": "CITY OF WHEELING - WATER POLLUTION CONTROL DIVISION", "feature_kind": "CSO outfall"}}, {"type": "Feature", "id": 6442, "geometry": {"type": "Point", "coordinates": [-80.7228000771899, 40.0993996724282]}, "properties": {"OBJECTID": 6442, "npdes_pfid": "WV0023230C037", "npdes_id": "WV0023230", "permitting_state": "WV", "agency_type_code": "ST6", "facility_uin": "110064602434", "facility_name": "CITY OF WHEELING - WATER POLLUTION CONTROL DIVISION", "location_address": "2516 MAIN ST", "supplemental_address_text": "", "facility_city": "WHEELING", "county_code": "WV069", "state_code": "WV", "epa_region_code": "03", "facility_type_code": "MWD", "facility_lat": 40.0572, "facility_lon": -80.7292, "permit_name": "WHEELING, CITY OF, WATER POLLUTION CONTROL DIVISION", "version_nmbr": 0, "permit_type_code": "NPD", "effective_date": 1682899200000, "expiration_date": 1837036800000, "permit_status_code": "EFF", "facility_type_indicator": "POTW", "major_minor_status_flag": "M", "permit_tracking": "Y", "pt_start_date": 1682899200000, "dmr_tracking": "Y", "dmr_nr_start_date": 1682899200000, "permit_design_flow": 10, "permit_avg_flow": null, "perm_feature_nmbr": "C037", "perm_feature_text": "", "pf_lat": 40.0994, "pf_lon": -80.7228, "pf_character": "CSO", "perm_feature_type_code": "EXO", "pf_state_waterbody_name": "Ohio River", "pf_state_auto_name": "", "pf_reach_id": "", "in_icis": "YES", "echo_dfr_link": "https://echo.epa.gov/detailed-facility-report?fid=110064602434", "name": "CITY OF WHEELING - WATER POLLUTION CONTROL DIVISION", "feature_kind": "CSO outfall"}}, {"type": "Feature", "id": 6443, "geometry": {"type": "Point", "coordinates": [-80.7369000338894, 40.0702996636961]}, "properties": {"OBJECTID": 6443, "npdes_pfid": "WV0023230C051", "npdes_id": "WV0023230", "permitting_state": "WV", "agency_type_code": "ST6", "facility_uin": "110064602434", "facility_name": "CITY OF WHEELING - WATER POLLUTION CONTROL DIVISION", "location_address": "2516 MAIN ST", "supplemental_address_text": "", "facility_city": "WHEELING", "county_code": "WV069", "state_code": "WV", "epa_region_code": "03", "facility_type_code": "MWD", "facility_lat": 40.0572, "facility_lon": -80.7292, "permit_name": "WHEELING, CITY OF, WATER POLLUTION CONTROL DIVISION", "version_nmbr": 0, "permit_type_code": "NPD", "effective_date": 1682899200000, "expiration_date": 1837036800000, "permit_status_code": "EFF", "facility_type_indicator": "POTW", "major_minor_status_flag": "M", "permit_tracking": "Y", "pt_start_date": 1682899200000, "dmr_tracking": "Y", "dmr_nr_start_date": 1682899200000, "permit_design_flow": 10, "permit_avg_flow": null, "perm_feature_nmbr": "C051", "perm_feature_text": "", "pf_lat": 40.0703, "pf_lon": -80.7369, "pf_character": "CSO", "perm_feature_type_code": "EXO", "pf_state_waterbody_name": "Ohio River", "pf_state_auto_name": "", "pf_reach_id": "", "in_icis": "YES", "echo_dfr_link": "https://echo.epa.gov/detailed-facility-report?fid=110064602434", "name": "CITY OF WHEELING - WATER POLLUTION CONTROL DIVISION", "feature_kind": "CSO outfall"}}, {"type": "Feature", "id": 6444, "geometry": {"type": "Point", "coordinates": [-80.7360996349713, 40.0678000844123]}, "properties": {"OBJECTID": 6444, "npdes_pfid": "WV0023230C054", "npdes_id": "WV0023230", "permitting_state": "WV", "agency_type_code": "ST6", "facility_uin": "110064602434", "facility_name": "CITY OF WHEELING - WATER POLLUTION CONTROL DIVISION", "location_address": "2516 MAIN ST", "supplemental_address_text": "", "facility_city": "WHEELING", "county_code": "WV069", "state_code": "WV", "epa_region_code": "03", "facility_type_code": "MWD", "facility_lat": 40.0572, "facility_lon": -80.7292, "permit_name": "WHEELING, CITY OF, WATER POLLUTION CONTROL DIVISION", "version_nmbr": 0, "permit_type_code": "NPD", "effective_date": 1682899200000, "expiration_date": 1837036800000, "permit_status_code": "EFF", "facility_type_indicator": "POTW", "major_minor_status_flag": "M", "permit_tracking": "Y", "pt_start_date": 1682899200000, "dmr_tracking": "Y", "dmr_nr_start_date": 1682899200000, "permit_design_flow": 10, "permit_avg_flow": null, "perm_feature_nmbr": "C054", "perm_feature_text": "", "pf_lat": 40.0678, "pf_lon": -80.7361, "pf_character": "CSO", "perm_feature_type_code": "EXO", "pf_state_waterbody_name": "Ohio River", "pf_state_auto_name": "", "pf_reach_id": "", "in_icis": "YES", "echo_dfr_link": "https://echo.epa.gov/detailed-facility-report?fid=110064602434", "name": "CITY OF WHEELING - WATER POLLUTION CONTROL DIVISION", "feature_kind": "CSO outfall"}}, {"type": "Feature", "id": 6445, "geometry": {"type": "Point", "coordinates": [-80.7278001000613, 40.0649999792235]}, "properties": {"OBJECTID": 6445, "npdes_pfid": "WV0023230C057", "npdes_id": "WV0023230", "permitting_state": "WV", "agency_type_code": "ST6", "facility_uin": "110064602434", "facility_name": "CITY OF WHEELING - WATER POLLUTION CONTROL DIVISION", "location_address": "2516 MAIN ST", "supplemental_address_text": "", "facility_city": "WHEELING", "county_code": "WV069", "state_code": "WV", "epa_region_code": "03", "facility_type_code": "MWD", "facility_lat": 40.0572, "facility_lon": -80.7292, "permit_name": "WHEELING, CITY OF, WATER POLLUTION CONTROL DIVISION", "version_nmbr": 0, "permit_type_code": "NPD", "effective_date": 1682899200000, "expiration_date": 1837036800000, "permit_status_code": "EFF", "facility_type_indicator": "POTW", "major_minor_status_flag": "M", "permit_tracking": "Y", "pt_start_date": 1682899200000, "dmr_tracking": "Y", "dmr_nr_start_date": 1682899200000, "permit_design_flow": 10, "permit_avg_flow": null, "perm_feature_nmbr": "C057", "perm_feature_text": "", "pf_lat": 40.065, "pf_lon": -80.7278, "pf_character": "CSO", "perm_feature_type_code": "EXO", "pf_state_waterbody_name": "Ohio River", "pf_state_auto_name": "", "pf_reach_id": "", "in_icis": "YES", "echo_dfr_link": "https://echo.epa.gov/detailed-facility-report?fid=110064602434", "name": "CITY OF WHEELING - WATER POLLUTION CONTROL DIVISION", "feature_kind": "CSO outfall"}}, {"type": "Feature", "id": 6446, "geometry": {"type": "Point", "coordinates": [-80.7268999881466, 40.066399702465]}, "properties": {"OBJECTID": 6446, "npdes_pfid": "WV0023230C058", "npdes_id": "WV0023230", "permitting_state": "WV", "agency_type_code": "ST6", "facility_uin": "110064602434", "facility_name": "CITY OF WHEELING - WATER POLLUTION CONTROL DIVISION", "location_address": "2516 MAIN ST", "supplemental_address_text": "", "facility_city": "WHEELING", "county_code": "WV069", "state_code": "WV", "epa_region_code": "03", "facility_type_code": "MWD", "facility_lat": 40.0572, "facility_lon": -80.7292, "permit_name": "WHEELING, CITY OF, WATER POLLUTION CONTROL DIVISION", "version_nmbr": 0, "permit_type_code": "NPD", "effective_date": 1682899200000, "expiration_date": 1837036800000, "permit_status_code": "EFF", "facility_type_indicator": "POTW", "major_minor_status_flag": "M", "permit_tracking": "Y", "pt_start_date": 1682899200000, "dmr_tracking": "Y", "dmr_nr_start_date": 1682899200000, "permit_design_flow": 10, "permit_avg_flow": null, "perm_feature_nmbr": "C058", "perm_feature_text": "", "pf_lat": 40.0664, "pf_lon": -80.7269, "pf_character": "CSO", "perm_feature_type_code": "EXO", "pf_state_waterbody_name": "Ohio River", "pf_state_auto_name": "", "pf_reach_id": "", "in_icis": "YES", "echo_dfr_link": "https://echo.epa.gov/detailed-facility-report?fid=110064602434", "name": "CITY OF WHEELING - WATER POLLUTION CONTROL DIVISION", "feature_kind": "CSO outfall"}}, {"type": "Feature", "id": 6447, "geometry": {"type": "Point", "coordinates": [-80.7278001000613, 40.0691997501195]}, "properties": {"OBJECTID": 6447, "npdes_pfid": "WV0023230C059", "npdes_id": "WV0023230", "permitting_state": "WV", "agency_type_code": "ST6", "facility_uin": "110064602434", "facility_name": "CITY OF WHEELING - WATER POLLUTION CONTROL DIVISION", "location_address": "2516 MAIN ST", "supplemental_address_text": "", "facility_city": "WHEELING", "county_code": "WV069", "state_code": "WV", "epa_region_code": "03", "facility_type_code": "MWD", "facility_lat": 40.0572, "facility_lon": -80.7292, "permit_name": "WHEELING, CITY OF, WATER POLLUTION CONTROL DIVISION", "version_nmbr": 0, "permit_type_code": "NPD", "effective_date": 1682899200000, "expiration_date": 1837036800000, "permit_status_code": "EFF", "facility_type_indicator": "POTW", "major_minor_status_flag": "M", "permit_tracking": "Y", "pt_start_date": 1682899200000, "dmr_tracking": "Y", "dmr_nr_start_date": 1682899200000, "permit_design_flow": 10, "permit_avg_flow": null, "perm_feature_nmbr": "C059", "perm_feature_text": "", "pf_lat": 40.0692, "pf_lon": -80.7278, "pf_character": "CSO", "perm_feature_type_code": "EXO", "pf_state_waterbody_name": "Ohio River", "pf_state_auto_name": "", "pf_reach_id": "", "in_icis": "YES", "echo_dfr_link": "https://echo.epa.gov/detailed-facility-report?fid=110064602434", "name": "CITY OF WHEELING - WATER POLLUTION CONTROL DIVISION", "feature_kind": "CSO outfall"}}, {"type": "Feature", "id": 6448, "geometry": {"type": "Point", "coordinates": [-80.7281001373662, 40.0702996636961]}, "properties": {"OBJECTID": 6448, "npdes_pfid": "WV0023230C061", "npdes_id": "WV0023230", "permitting_state": "WV", "agency_type_code": "ST6", "facility_uin": "110064602434", "facility_name": "CITY OF WHEELING - WATER POLLUTION CONTROL DIVISION", "location_address": "2516 MAIN ST", "supplemental_address_text": "", "facility_city": "WHEELING", "county_code": "WV069", "state_code": "WV", "epa_region_code": "03", "facility_type_code": "MWD", "facility_lat": 40.0572, "facility_lon": -80.7292, "permit_name": "WHEELING, CITY OF, WATER POLLUTION CONTROL DIVISION", "version_nmbr": 0, "permit_type_code": "NPD", "effective_date": 1682899200000, "expiration_date": 1837036800000, "permit_status_code": "EFF", "facility_type_indicator": "POTW", "major_minor_status_flag": "M", "permit_tracking": "Y", "pt_start_date": 1682899200000, "dmr_tracking": "Y", "dmr_nr_start_date": 1682899200000, "permit_design_flow": 10, "permit_avg_flow": null, "perm_feature_nmbr": "C061", "perm_feature_text": "", "pf_lat": 40.0703, "pf_lon": -80.7281, "pf_character": "CSO", "perm_feature_type_code": "EXO", "pf_state_waterbody_name": "Ohio River", "pf_state_auto_name": "", "pf_reach_id": "", "in_icis": "YES", "echo_dfr_link": "https://echo.epa.gov/detailed-facility-report?fid=110064602434", "name": "CITY OF WHEELING - WATER POLLUTION CONTROL DIVISION", "feature_kind": "CSO outfall"}}, {"type": "Feature", "id": 6449, "geometry": {"type": "Point", "coordinates": [-80.730300111497, 40.0783003129682]}, "properties": {"OBJECTID": 6449, "npdes_pfid": "WV0023230C062", "npdes_id": "WV0023230", "permitting_state": "WV", "agency_type_code": "ST6", "facility_uin": "110064602434", "facility_name": "CITY OF WHEELING - WATER POLLUTION CONTROL DIVISION", "location_address": "2516 MAIN ST", "supplemental_address_text": "", "facility_city": "WHEELING", "county_code": "WV069", "state_code": "WV", "epa_region_code": "03", "facility_type_code": "MWD", "facility_lat": 40.0572, "facility_lon": -80.7292, "permit_name": "WHEELING, CITY OF, WATER POLLUTION CONTROL DIVISION", "version_nmbr": 0, "permit_type_code": "NPD", "effective_date": 1682899200000, "expiration_date": 1837036800000, "permit_status_code": "EFF", "facility_type_indicator": "POTW", "major_minor_status_flag": "M", "permit_tracking": "Y", "pt_start_date": 1682899200000, "dmr_tracking": "Y", "dmr_nr_start_date": 1682899200000, "permit_design_flow": 10, "permit_avg_flow": null, "perm_feature_nmbr": "C062", "perm_feature_text": "", "pf_lat": 40.0783, "pf_lon": -80.7303, "pf_character": "CSO", "perm_feature_type_code": "EXO", "pf_state_waterbody_name": "Ohio River", "pf_state_auto_name": "", "pf_reach_id": "", "in_icis": "YES", "echo_dfr_link": "https://echo.epa.gov/detailed-facility-report?fid=110064602434", "name": "CITY OF WHEELING - WATER POLLUTION CONTROL DIVISION", "feature_kind": "CSO outfall"}}, {"type": "Feature", "id": 6450, "geometry": {"type": "Point", "coordinates": [-80.7231001144948, 40.0632997855438]}, "properties": {"OBJECTID": 6450, "npdes_pfid": "WV0023230C063", "npdes_id": "WV0023230", "permitting_state": "WV", "agency_type_code": "ST6", "facility_uin": "110064602434", "facility_name": "CITY OF WHEELING - WATER POLLUTION CONTROL DIVISION", "location_address": "2516 MAIN ST", "supplemental_address_text": "", "facility_city": "WHEELING", "county_code": "WV069", "state_code": "WV", "epa_region_code": "03", "facility_type_code": "MWD", "facility_lat": 40.0572, "facility_lon": -80.7292, "permit_name": "WHEELING, CITY OF, WATER POLLUTION CONTROL DIVISION", "version_nmbr": 0, "permit_type_code": "NPD", "effective_date": 1682899200000, "expiration_date": 1837036800000, "permit_status_code": "EFF", "facility_type_indicator": "POTW", "major_minor_status_flag": "M", "permit_tracking": "Y", "pt_start_date": 1682899200000, "dmr_tracking": "Y", "dmr_nr_start_date": 1682899200000, "permit_design_flow": 10, "permit_avg_flow": null, "perm_feature_nmbr": "C063", "perm_feature_text": "", "pf_lat": 40.0633, "pf_lon": -80.7231, "pf_character": "CSO", "perm_feature_type_code": "EXO", "pf_state_waterbody_name": "Ohio", "pf_state_auto_name": "", "pf_reach_id": "", "in_icis": "YES", "echo_dfr_link": "https://echo.epa.gov/detailed-facility-report?fid=110064602434", "name": "CITY OF WHEELING - WATER POLLUTION CONTROL DIVISION", "feature_kind": "CSO outfall"}}, {"type": "Feature", "id": 6451, "geometry": {"type": "Point", "coordinates": [-80.715800404496, 40.0806001796165]}, "properties": {"OBJECTID": 6451, "npdes_pfid": "WV0023230C074", "npdes_id": "WV0023230", "permitting_state": "WV", "agency_type_code": "ST6", "facility_uin": "110064602434", "facility_name": "CITY OF WHEELING - WATER POLLUTION CONTROL DIVISION", "location_address": "2516 MAIN ST", "supplemental_address_text": "", "facility_city": "WHEELING", "county_code": "WV069", "state_code": "WV", "epa_region_code": "03", "facility_type_code": "MWD", "facility_lat": 40.0572, "facility_lon": -80.7292, "permit_name": "WHEELING, CITY OF, WATER POLLUTION CONTROL DIVISION", "version_nmbr": 0, "permit_type_code": "NPD", "effective_date": 1682899200000, "expiration_date": 1837036800000, "permit_status_code": "EFF", "facility_type_indicator": "POTW", "major_minor_status_flag": "M", "permit_tracking": "Y", "pt_start_date": 1682899200000, "dmr_tracking": "Y", "dmr_nr_start_date": 1682899200000, "permit_design_flow": 10, "permit_avg_flow": null, "perm_feature_nmbr": "C074", "perm_feature_text": "", "pf_lat": 40.0806, "pf_lon": -80.7158, "pf_character": "CSO", "perm_feature_type_code": "EXO", "pf_state_waterbody_name": "Wheeling Ck/Ohio", "pf_state_auto_name": "", "pf_reach_id": "", "in_icis": "YES", "echo_dfr_link": "https://echo.epa.gov/detailed-facility-report?fid=110064602434", "name": "CITY OF WHEELING - WATER POLLUTION CONTROL DIVISION", "feature_kind": "CSO outfall"}}, {"type": "Feature", "id": 6452, "geometry": {"type": "Point", "coordinates": [-80.7143999309681, 40.0788996879712]}, "properties": {"OBJECTID": 6452, "npdes_pfid": "WV0023230C075", "npdes_id": "WV0023230", "permitting_state": "WV", "agency_type_code": "ST6", "facility_uin": "110064602434", "facility_name": "CITY OF WHEELING - WATER POLLUTION CONTROL DIVISION", "location_address": "2516 MAIN ST", "supplemental_address_text": "", "facility_city": "WHEELING", "county_code": "WV069", "state_code": "WV", "epa_region_code": "03", "facility_type_code": "MWD", "facility_lat": 40.0572, "facility_lon": -80.7292, "permit_name": "WHEELING, CITY OF, WATER POLLUTION CONTROL DIVISION", "version_nmbr": 0, "permit_type_code": "NPD", "effective_date": 1682899200000, "expiration_date": 1837036800000, "permit_status_code": "EFF", "facility_type_indicator": "POTW", "major_minor_status_flag": "M", "permit_tracking": "Y", "pt_start_date": 1682899200000, "dmr_tracking": "Y", "dmr_nr_start_date": 1682899200000, "permit_design_flow": 10, "permit_avg_flow": null, "perm_feature_nmbr": "C075", "perm_feature_text": "", "pf_lat": 40.0789, "pf_lon": -80.7144, "pf_character": "CSO", "perm_feature_type_code": "EXO", "pf_state_waterbody_name": "Wheeling Ck/Ohio", "pf_state_auto_name": "", "pf_reach_id": "", "in_icis": "YES", "echo_dfr_link": "https://echo.epa.gov/detailed-facility-report?fid=110064602434", "name": "CITY OF WHEELING - WATER POLLUTION CONTROL DIVISION", "feature_kind": "CSO outfall"}}, {"type": "Feature", "id": 6453, "geometry": {"type": "Point", "coordinates": [-80.6981000001377, 40.0716999654675]}, "properties": {"OBJECTID": 6453, "npdes_pfid": "WV0023230C091", "npdes_id": "WV0023230", "permitting_state": "WV", "agency_type_code": "ST6", "facility_uin": "110064602434", "facility_name": "CITY OF WHEELING - WATER POLLUTION CONTROL DIVISION", "location_address": "2516 MAIN ST", "supplemental_address_text": "", "facility_city": "WHEELING", "county_code": "WV069", "state_code": "WV", "epa_region_code": "03", "facility_type_code": "MWD", "facility_lat": 40.0572, "facility_lon": -80.7292, "permit_name": "WHEELING, CITY OF, WATER POLLUTION CONTROL DIVISION", "version_nmbr": 0, "permit_type_code": "NPD", "effective_date": 1682899200000, "expiration_date": 1837036800000, "permit_status_code": "EFF", "facility_type_indicator": "POTW", "major_minor_status_flag": "M", "permit_tracking": "Y", "pt_start_date": 1682899200000, "dmr_tracking": "Y", "dmr_nr_start_date": 1682899200000, "permit_design_flow": 10, "permit_avg_flow": null, "perm_feature_nmbr": "C091", "perm_feature_text": "", "pf_lat": 40.0717, "pf_lon": -80.6981, "pf_character": "CSO", "perm_feature_type_code": "EXO", "pf_state_waterbody_name": "Wheeling Ck/Ohio", "pf_state_auto_name": "", "pf_reach_id": "", "in_icis": "YES", "echo_dfr_link": "https://echo.epa.gov/detailed-facility-report?fid=110064602434", "name": "CITY OF WHEELING - WATER POLLUTION CONTROL DIVISION", "feature_kind": "CSO outfall"}}, {"type": "Feature", "id": 6454, "geometry": {"type": "Point", "coordinates": [-80.6921998653516, 40.0727998386696]}, "properties": {"OBJECTID": 6454, "npdes_pfid": "WV0023230C095", "npdes_id": "WV0023230", "permitting_state": "WV", "agency_type_code": "ST6", "facility_uin": "110064602434", "facility_name": "CITY OF WHEELING - WATER POLLUTION CONTROL DIVISION", "location_address": "2516 MAIN ST", "supplemental_address_text": "", "facility_city": "WHEELING", "county_code": "WV069", "state_code": "WV", "epa_region_code": "03", "facility_type_code": "MWD", "facility_lat": 40.0572, "facility_lon": -80.7292, "permit_name": "WHEELING, CITY OF, WATER POLLUTION CONTROL DIVISION", "version_nmbr": 0, "permit_type_code": "NPD", "effective_date": 1682899200000, "expiration_date": 1837036800000, "permit_status_code": "EFF", "facility_type_indicator": "POTW", "major_minor_status_flag": "M", "permit_tracking": "Y", "pt_start_date": 1682899200000, "dmr_tracking": "Y", "dmr_nr_start_date": 1682899200000, "permit_design_flow": 10, "permit_avg_flow": null, "perm_feature_nmbr": "C095", "perm_feature_text": "", "pf_lat": 40.0728, "pf_lon": -80.6922, "pf_character": "CSO", "perm_feature_type_code": "EXO", "pf_state_waterbody_name": "Wheeling Ck/Ohio", "pf_state_auto_name": "", "pf_reach_id": "", "in_icis": "YES", "echo_dfr_link": "https://echo.epa.gov/detailed-facility-report?fid=110064602434", "name": "CITY OF WHEELING - WATER POLLUTION CONTROL DIVISION", "feature_kind": "CSO outfall"}}, {"type": "Feature", "id": 6455, "geometry": {"type": "Point", "coordinates": [-80.68779991709, 40.0742000890387]}, "properties": {"OBJECTID": 6455, "npdes_pfid": "WV0023230C099", "npdes_id": "WV0023230", "permitting_state": "WV", "agency_type_code": "ST6", "facility_uin": "110064602434", "facility_name": "CITY OF WHEELING - WATER POLLUTION CONTROL DIVISION", "location_address": "2516 MAIN ST", "supplemental_address_text": "", "facility_city": "WHEELING", "county_code": "WV069", "state_code": "WV", "epa_region_code": "03", "facility_type_code": "MWD", "facility_lat": 40.0572, "facility_lon": -80.7292, "permit_name": "WHEELING, CITY OF, WATER POLLUTION CONTROL DIVISION", "version_nmbr": 0, "permit_type_code": "NPD", "effective_date": 1682899200000, "expiration_date": 1837036800000, "permit_status_code": "EFF", "facility_type_indicator": "POTW", "major_minor_status_flag": "M", "permit_tracking": "Y", "pt_start_date": 1682899200000, "dmr_tracking": "Y", "dmr_nr_start_date": 1682899200000, "permit_design_flow": 10, "permit_avg_flow": null, "perm_feature_nmbr": "C099", "perm_feature_text": "", "pf_lat": 40.0742, "pf_lon": -80.6878, "pf_character": "CSO", "perm_feature_type_code": "EXO", "pf_state_waterbody_name": "Wheeling Ck/Ohio", "pf_state_auto_name": "", "pf_reach_id": "", "in_icis": "YES", "echo_dfr_link": "https://echo.epa.gov/detailed-facility-report?fid=110064602434", "name": "CITY OF WHEELING - WATER POLLUTION CONTROL DIVISION", "feature_kind": "CSO outfall"}}, {"type": "Feature", "id": 6456, "geometry": {"type": "Point", "coordinates": [-80.68779991709, 40.0742000890387]}, "properties": {"OBJECTID": 6456, "npdes_pfid": "WV0023230C100", "npdes_id": "WV0023230", "permitting_state": "WV", "agency_type_code": "ST6", "facility_uin": "110064602434", "facility_name": "CITY OF WHEELING - WATER POLLUTION CONTROL DIVISION", "location_address": "2516 MAIN ST", "supplemental_address_text": "", "facility_city": "WHEELING", "county_code": "WV069", "state_code": "WV", "epa_region_code": "03", "facility_type_code": "MWD", "facility_lat": 40.0572, "facility_lon": -80.7292, "permit_name": "WHEELING, CITY OF, WATER POLLUTION CONTROL DIVISION", "version_nmbr": 0, "permit_type_code": "NPD", "effective_date": 1682899200000, "expiration_date": 1837036800000, "permit_status_code": "EFF", "facility_type_indicator": "POTW", "major_minor_status_flag": "M", "permit_tracking": "Y", "pt_start_date": 1682899200000, "dmr_tracking": "Y", "dmr_nr_start_date": 1682899200000, "permit_design_flow": 10, "permit_avg_flow": null, "perm_feature_nmbr": "C100", "perm_feature_text": "", "pf_lat": 40.0742, "pf_lon": -80.6878, "pf_character": "CSO", "perm_feature_type_code": "EXO", "pf_state_waterbody_name": "Wheeling Ck/Ohio", "pf_state_auto_name": "", "pf_reach_id": "", "in_icis": "YES", "echo_dfr_link": "https://echo.epa.gov/detailed-facility-report?fid=110064602434", "name": "CITY OF WHEELING - WATER POLLUTION CONTROL DIVISION", "feature_kind": "CSO outfall"}}, {"type": "Feature", "id": 6457, "geometry": {"type": "Point", "coordinates": [-80.6867003791822, 40.0735999852628]}, "properties": {"OBJECTID": 6457, "npdes_pfid": "WV0023230C101", "npdes_id": "WV0023230", "permitting_state": "WV", "agency_type_code": "ST6", "facility_uin": "110064602434", "facility_name": "CITY OF WHEELING - WATER POLLUTION CONTROL DIVISION", "location_address": "2516 MAIN ST", "supplemental_address_text": "", "facility_city": "WHEELING", "county_code": "WV069", "state_code": "WV", "epa_region_code": "03", "facility_type_code": "MWD", "facility_lat": 40.0572, "facility_lon": -80.7292, "permit_name": "WHEELING, CITY OF, WATER POLLUTION CONTROL DIVISION", "version_nmbr": 0, "permit_type_code": "NPD", "effective_date": 1682899200000, "expiration_date": 1837036800000, "permit_status_code": "EFF", "facility_type_indicator": "POTW", "major_minor_status_flag": "M", "permit_tracking": "Y", "pt_start_date": 1682899200000, "dmr_tracking": "Y", "dmr_nr_start_date": 1682899200000, "permit_design_flow": 10, "permit_avg_flow": null, "perm_feature_nmbr": "C101", "perm_feature_text": "", "pf_lat": 40.0736, "pf_lon": -80.6867, "pf_character": "CSO", "perm_feature_type_code": "EXO", "pf_state_waterbody_name": "Wheeling Ck/Ohio", "pf_state_auto_name": "", "pf_reach_id": "", "in_icis": "YES", "echo_dfr_link": "https://echo.epa.gov/detailed-facility-report?fid=110064602434", "name": "CITY OF WHEELING - WATER POLLUTION CONTROL DIVISION", "feature_kind": "CSO outfall"}}, {"type": "Feature", "id": 6458, "geometry": {"type": "Point", "coordinates": [-80.6842003677465, 40.0716999654675]}, "properties": {"OBJECTID": 6458, "npdes_pfid": "WV0023230C103", "npdes_id": "WV0023230", "permitting_state": "WV", "agency_type_code": "ST6", "facility_uin": "110064602434", "facility_name": "CITY OF WHEELING - WATER POLLUTION CONTROL DIVISION", "location_address": "2516 MAIN ST", "supplemental_address_text": "", "facility_city": "WHEELING", "county_code": "WV069", "state_code": "WV", "epa_region_code": "03", "facility_type_code": "MWD", "facility_lat": 40.0572, "facility_lon": -80.7292, "permit_name": "WHEELING, CITY OF, WATER POLLUTION CONTROL DIVISION", "version_nmbr": 0, "permit_type_code": "NPD", "effective_date": 1682899200000, "expiration_date": 1837036800000, "permit_status_code": "EFF", "facility_type_indicator": "POTW", "major_minor_status_flag": "M", "permit_tracking": "Y", "pt_start_date": 1682899200000, "dmr_tracking": "Y", "dmr_nr_start_date": 1682899200000, "permit_design_flow": 10, "permit_avg_flow": null, "perm_feature_nmbr": "C103", "perm_feature_text": "", "pf_lat": 40.0717, "pf_lon": -80.6842, "pf_character": "CSO", "perm_feature_type_code": "EXO", "pf_state_waterbody_name": "Wheeling Ck/Ohio", "pf_state_auto_name": "", "pf_reach_id": "", "in_icis": "YES", "echo_dfr_link": "https://echo.epa.gov/detailed-facility-report?fid=110064602434", "name": "CITY OF WHEELING - WATER POLLUTION CONTROL DIVISION", "feature_kind": "CSO outfall"}}, {"type": "Feature", "id": 6459, "geometry": {"type": "Point", "coordinates": [-80.6830999315235, 40.0697002129991]}, "properties": {"OBJECTID": 6459, "npdes_pfid": "WV0023230C106", "npdes_id": "WV0023230", "permitting_state": "WV", "agency_type_code": "ST6", "facility_uin": "110064602434", "facility_name": "CITY OF WHEELING - WATER POLLUTION CONTROL DIVISION", "location_address": "2516 MAIN ST", "supplemental_address_text": "", "facility_city": "WHEELING", "county_code": "WV069", "state_code": "WV", "epa_region_code": "03", "facility_type_code": "MWD", "facility_lat": 40.0572, "facility_lon": -80.7292, "permit_name": "WHEELING, CITY OF, WATER POLLUTION CONTROL DIVISION", "version_nmbr": 0, "permit_type_code": "NPD", "effective_date": 1682899200000, "expiration_date": 1837036800000, "permit_status_code": "EFF", "facility_type_indicator": "POTW", "major_minor_status_flag": "M", "permit_tracking": "Y", "pt_start_date": 1682899200000, "dmr_tracking": "Y", "dmr_nr_start_date": 1682899200000, "permit_design_flow": 10, "permit_avg_flow": null, "perm_feature_nmbr": "C106", "perm_feature_text": "", "pf_lat": 40.0697, "pf_lon": -80.6831, "pf_character": "CSO", "perm_feature_type_code": "EXO", "pf_state_waterbody_name": "Wheeling Ck/Ohio", "pf_state_auto_name": "", "pf_reach_id": "", "in_icis": "YES", "echo_dfr_link": "https://echo.epa.gov/detailed-facility-report?fid=110064602434", "name": "CITY OF WHEELING - WATER POLLUTION CONTROL DIVISION", "feature_kind": "CSO outfall"}}, {"type": "Feature", "id": 6460, "geometry": {"type": "Point", "coordinates": [-80.6830999315235, 40.0680998187813]}, "properties": {"OBJECTID": 6460, "npdes_pfid": "WV0023230C109", "npdes_id": "WV0023230", "permitting_state": "WV", "agency_type_code": "ST6", "facility_uin": "110064602434", "facility_name": "CITY OF WHEELING - WATER POLLUTION CONTROL DIVISION", "location_address": "2516 MAIN ST", "supplemental_address_text": "", "facility_city": "WHEELING", "county_code": "WV069", "state_code": "WV", "epa_region_code": "03", "facility_type_code": "MWD", "facility_lat": 40.0572, "facility_lon": -80.7292, "permit_name": "WHEELING, CITY OF, WATER POLLUTION CONTROL DIVISION", "version_nmbr": 0, "permit_type_code": "NPD", "effective_date": 1682899200000, "expiration_date": 1837036800000, "permit_status_code": "EFF", "facility_type_indicator": "POTW", "major_minor_status_flag": "M", "permit_tracking": "Y", "pt_start_date": 1682899200000, "dmr_tracking": "Y", "dmr_nr_start_date": 1682899200000, "permit_design_flow": 10, "permit_avg_flow": null, "perm_feature_nmbr": "C109", "perm_feature_text": "", "pf_lat": 40.0681, "pf_lon": -80.6831, "pf_character": "CSO", "perm_feature_type_code": "EXO", "pf_state_waterbody_name": "Wheeling Ck/Ohio", "pf_state_auto_name": "", "pf_reach_id": "", "in_icis": "YES", "echo_dfr_link": "https://echo.epa.gov/detailed-facility-report?fid=110064602434", "name": "CITY OF WHEELING - WATER POLLUTION CONTROL DIVISION", "feature_kind": "CSO outfall"}}, {"type": "Feature", "id": 6461, "geometry": {"type": "Point", "coordinates": [-80.6833002558319, 40.0667001304728]}, "properties": {"OBJECTID": 6461, "npdes_pfid": "WV0023230C111", "npdes_id": "WV0023230", "permitting_state": "WV", "agency_type_code": "ST6", "facility_uin": "110064602434", "facility_name": "CITY OF WHEELING - WATER POLLUTION CONTROL DIVISION", "location_address": "2516 MAIN ST", "supplemental_address_text": "", "facility_city": "WHEELING", "county_code": "WV069", "state_code": "WV", "epa_region_code": "03", "facility_type_code": "MWD", "facility_lat": 40.0572, "facility_lon": -80.7292, "permit_name": "WHEELING, CITY OF, WATER POLLUTION CONTROL DIVISION", "version_nmbr": 0, "permit_type_code": "NPD", "effective_date": 1682899200000, "expiration_date": 1837036800000, "permit_status_code": "EFF", "facility_type_indicator": "POTW", "major_minor_status_flag": "M", "permit_tracking": "Y", "pt_start_date": 1682899200000, "dmr_tracking": "Y", "dmr_nr_start_date": 1682899200000, "permit_design_flow": 10, "permit_avg_flow": null, "perm_feature_nmbr": "C111", "perm_feature_text": "", "pf_lat": 40.0667, "pf_lon": -80.6833, "pf_character": "CSO", "perm_feature_type_code": "EXO", "pf_state_waterbody_name": "Wheeling Ck/Ohio", "pf_state_auto_name": "", "pf_reach_id": "", "in_icis": "YES", "echo_dfr_link": "https://echo.epa.gov/detailed-facility-report?fid=110064602434", "name": "CITY OF WHEELING - WATER POLLUTION CONTROL DIVISION", "feature_kind": "CSO outfall"}}, {"type": "Feature", "id": 6462, "geometry": {"type": "Point", "coordinates": [-80.6602997912972, 40.0444002354655]}, "properties": {"OBJECTID": 6462, "npdes_pfid": "WV0023230C124", "npdes_id": "WV0023230", "permitting_state": "WV", "agency_type_code": "ST6", "facility_uin": "110064602434", "facility_name": "CITY OF WHEELING - WATER POLLUTION CONTROL DIVISION", "location_address": "2516 MAIN ST", "supplemental_address_text": "", "facility_city": "WHEELING", "county_code": "WV069", "state_code": "WV", "epa_region_code": "03", "facility_type_code": "MWD", "facility_lat": 40.0572, "facility_lon": -80.7292, "permit_name": "WHEELING, CITY OF, WATER POLLUTION CONTROL DIVISION", "version_nmbr": 0, "permit_type_code": "NPD", "effective_date": 1682899200000, "expiration_date": 1837036800000, "permit_status_code": "EFF", "facility_type_indicator": "POTW", "major_minor_status_flag": "M", "permit_tracking": "Y", "pt_start_date": 1682899200000, "dmr_tracking": "Y", "dmr_nr_start_date": 1682899200000, "permit_design_flow": 10, "permit_avg_flow": null, "perm_feature_nmbr": "C124", "perm_feature_text": "", "pf_lat": 40.0444, "pf_lon": -80.6603, "pf_character": "CSO", "perm_feature_type_code": "EXO", "pf_state_waterbody_name": "Wheeling Ck/Ohio", "pf_state_auto_name": "", "pf_reach_id": "", "in_icis": "YES", "echo_dfr_link": "https://echo.epa.gov/detailed-facility-report?fid=110064602434", "name": "CITY OF WHEELING - WATER POLLUTION CONTROL DIVISION", "feature_kind": "CSO outfall"}}, {"type": "Feature", "id": 6463, "geometry": {"type": "Point", "coordinates": [-80.6633001643462, 40.0383000479639]}, "properties": {"OBJECTID": 6463, "npdes_pfid": "WV0023230C129", "npdes_id": "WV0023230", "permitting_state": "WV", "agency_type_code": "ST6", "facility_uin": "110064602434", "facility_name": "CITY OF WHEELING - WATER POLLUTION CONTROL DIVISION", "location_address": "2516 MAIN ST", "supplemental_address_text": "", "facility_city": "WHEELING", "county_code": "WV069", "state_code": "WV", "epa_region_code": "03", "facility_type_code": "MWD", "facility_lat": 40.0572, "facility_lon": -80.7292, "permit_name": "WHEELING, CITY OF, WATER POLLUTION CONTROL DIVISION", "version_nmbr": 0, "permit_type_code": "NPD", "effective_date": 1682899200000, "expiration_date": 1837036800000, "permit_status_code": "EFF", "facility_type_indicator": "POTW", "major_minor_status_flag": "M", "permit_tracking": "Y", "pt_start_date": 1682899200000, "dmr_tracking": "Y", "dmr_nr_start_date": 1682899200000, "permit_design_flow": 10, "permit_avg_flow": null, "perm_feature_nmbr": "C129", "perm_feature_text": "", "pf_lat": 40.0383, "pf_lon": -80.6633, "pf_character": "CSO", "perm_feature_type_code": "EXO", "pf_state_waterbody_name": "Wheeling Ck/Ohio", "pf_state_auto_name": "", "pf_reach_id": "", "in_icis": "YES", "echo_dfr_link": "https://echo.epa.gov/detailed-facility-report?fid=110064602434", "name": "CITY OF WHEELING - WATER POLLUTION CONTROL DIVISION", "feature_kind": "CSO outfall"}}, {"type": "Feature", "id": 6464, "geometry": {"type": "Point", "coordinates": [-80.6608001529105, 40.0352999584974]}, "properties": {"OBJECTID": 6464, "npdes_pfid": "WV0023230C131", "npdes_id": "WV0023230", "permitting_state": "WV", "agency_type_code": "ST6", "facility_uin": "110064602434", "facility_name": "CITY OF WHEELING - WATER POLLUTION CONTROL DIVISION", "location_address": "2516 MAIN ST", "supplemental_address_text": "", "facility_city": "WHEELING", "county_code": "WV069", "state_code": "WV", "epa_region_code": "03", "facility_type_code": "MWD", "facility_lat": 40.0572, "facility_lon": -80.7292, "permit_name": "WHEELING, CITY OF, WATER POLLUTION CONTROL DIVISION", "version_nmbr": 0, "permit_type_code": "NPD", "effective_date": 1682899200000, "expiration_date": 1837036800000, "permit_status_code": "EFF", "facility_type_indicator": "POTW", "major_minor_status_flag": "M", "permit_tracking": "Y", "pt_start_date": 1682899200000, "dmr_tracking": "Y", "dmr_nr_start_date": 1682899200000, "permit_design_flow": 10, "permit_avg_flow": null, "perm_feature_nmbr": "C131", "perm_feature_text": "", "pf_lat": 40.0353, "pf_lon": -80.6608, "pf_character": "CSO", "perm_feature_type_code": "EXO", "pf_state_waterbody_name": "Wheeling Ck/Ohio", "pf_state_auto_name": "", "pf_reach_id": "", "in_icis": "YES", "echo_dfr_link": "https://echo.epa.gov/detailed-facility-report?fid=110064602434", "name": "CITY OF WHEELING - WATER POLLUTION CONTROL DIVISION", "feature_kind": "CSO outfall"}}, {"type": "Feature", "id": 6465, "geometry": {"type": "Point", "coordinates": [-80.6602997912972, 40.035000079851]}, "properties": {"OBJECTID": 6465, "npdes_pfid": "WV0023230C132", "npdes_id": "WV0023230", "permitting_state": "WV", "agency_type_code": "ST6", "facility_uin": "110064602434", "facility_name": "CITY OF WHEELING - WATER POLLUTION CONTROL DIVISION", "location_address": "2516 MAIN ST", "supplemental_address_text": "", "facility_city": "WHEELING", "county_code": "WV069", "state_code": "WV", "epa_region_code": "03", "facility_type_code": "MWD", "facility_lat": 40.0572, "facility_lon": -80.7292, "permit_name": "WHEELING, CITY OF, WATER POLLUTION CONTROL DIVISION", "version_nmbr": 0, "permit_type_code": "NPD", "effective_date": 1682899200000, "expiration_date": 1837036800000, "permit_status_code": "EFF", "facility_type_indicator": "POTW", "major_minor_status_flag": "M", "permit_tracking": "Y", "pt_start_date": 1682899200000, "dmr_tracking": "Y", "dmr_nr_start_date": 1682899200000, "permit_design_flow": 10, "permit_avg_flow": null, "perm_feature_nmbr": "C132", "perm_feature_text": "", "pf_lat": 40.035, "pf_lon": -80.6603, "pf_character": "CSO", "perm_feature_type_code": "EXO", "pf_state_waterbody_name": "Wheeling Ck/Ohio", "pf_state_auto_name": "", "pf_reach_id": "", "in_icis": "YES", "echo_dfr_link": "https://echo.epa.gov/detailed-facility-report?fid=110064602434", "name": "CITY OF WHEELING - WATER POLLUTION CONTROL DIVISION", "feature_kind": "CSO outfall"}}, {"type": "Feature", "id": 6466, "geometry": {"type": "Point", "coordinates": [-80.6574997425567, 40.0347001998858]}, "properties": {"OBJECTID": 6466, "npdes_pfid": "WV0023230C133", "npdes_id": "WV0023230", "permitting_state": "WV", "agency_type_code": "ST6", "facility_uin": "110064602434", "facility_name": "CITY OF WHEELING - WATER POLLUTION CONTROL DIVISION", "location_address": "2516 MAIN ST", "supplemental_address_text": "", "facility_city": "WHEELING", "county_code": "WV069", "state_code": "WV", "epa_region_code": "03", "facility_type_code": "MWD", "facility_lat": 40.0572, "facility_lon": -80.7292, "permit_name": "WHEELING, CITY OF, WATER POLLUTION CONTROL DIVISION", "version_nmbr": 0, "permit_type_code": "NPD", "effective_date": 1682899200000, "expiration_date": 1837036800000, "permit_status_code": "EFF", "facility_type_indicator": "POTW", "major_minor_status_flag": "M", "permit_tracking": "Y", "pt_start_date": 1682899200000, "dmr_tracking": "Y", "dmr_nr_start_date": 1682899200000, "permit_design_flow": 10, "permit_avg_flow": null, "perm_feature_nmbr": "C133", "perm_feature_text": "", "pf_lat": 40.0347, "pf_lon": -80.6575, "pf_character": "CSO", "perm_feature_type_code": "EXO", "pf_state_waterbody_name": "Wheeling Ck/Ohio", "pf_state_auto_name": "", "pf_reach_id": "", "in_icis": "YES", "echo_dfr_link": "https://echo.epa.gov/detailed-facility-report?fid=110064602434", "name": "CITY OF WHEELING - WATER POLLUTION CONTROL DIVISION", "feature_kind": "CSO outfall"}}, {"type": "Feature", "id": 6467, "geometry": {"type": "Point", "coordinates": [-80.6552997684258, 40.0330996714422]}, "properties": {"OBJECTID": 6467, "npdes_pfid": "WV0023230C134", "npdes_id": "WV0023230", "permitting_state": "WV", "agency_type_code": "ST6", "facility_uin": "110064602434", "facility_name": "CITY OF WHEELING - WATER POLLUTION CONTROL DIVISION", "location_address": "2516 MAIN ST", "supplemental_address_text": "", "facility_city": "WHEELING", "county_code": "WV069", "state_code": "WV", "epa_region_code": "03", "facility_type_code": "MWD", "facility_lat": 40.0572, "facility_lon": -80.7292, "permit_name": "WHEELING, CITY OF, WATER POLLUTION CONTROL DIVISION", "version_nmbr": 0, "permit_type_code": "NPD", "effective_date": 1682899200000, "expiration_date": 1837036800000, "permit_status_code": "EFF", "facility_type_indicator": "POTW", "major_minor_status_flag": "M", "permit_tracking": "Y", "pt_start_date": 1682899200000, "dmr_tracking": "Y", "dmr_nr_start_date": 1682899200000, "permit_design_flow": 10, "permit_avg_flow": null, "perm_feature_nmbr": "C134", "perm_feature_text": "", "pf_lat": 40.0331, "pf_lon": -80.6553, "pf_character": "CSO", "perm_feature_type_code": "EXO", "pf_state_waterbody_name": "Wheeling Ck/Ohio", "pf_state_auto_name": "", "pf_reach_id": "", "in_icis": "YES", "echo_dfr_link": "https://echo.epa.gov/detailed-facility-report?fid=110064602434", "name": "CITY OF WHEELING - WATER POLLUTION CONTROL DIVISION", "feature_kind": "CSO outfall"}}, {"type": "Feature", "id": 6468, "geometry": {"type": "Point", "coordinates": [-80.714699968273, 40.0497001469059]}, "properties": {"OBJECTID": 6468, "npdes_pfid": "WV0023230C140", "npdes_id": "WV0023230", "permitting_state": "WV", "agency_type_code": "ST6", "facility_uin": "110064602434", "facility_name": "CITY OF WHEELING - WATER POLLUTION CONTROL DIVISION", "location_address": "2516 MAIN ST", "supplemental_address_text": "", "facility_city": "WHEELING", "county_code": "WV069", "state_code": "WV", "epa_region_code": "03", "facility_type_code": "MWD", "facility_lat": 40.0572, "facility_lon": -80.7292, "permit_name": "WHEELING, CITY OF, WATER POLLUTION CONTROL DIVISION", "version_nmbr": 0, "permit_type_code": "NPD", "effective_date": 1682899200000, "expiration_date": 1837036800000, "permit_status_code": "EFF", "facility_type_indicator": "POTW", "major_minor_status_flag": "M", "permit_tracking": "Y", "pt_start_date": 1682899200000, "dmr_tracking": "Y", "dmr_nr_start_date": 1682899200000, "permit_design_flow": 10, "permit_avg_flow": null, "perm_feature_nmbr": "C140", "perm_feature_text": "", "pf_lat": 40.0497, "pf_lon": -80.7147, "pf_character": "CSO", "perm_feature_type_code": "EXO", "pf_state_waterbody_name": "Caldwell Run/Ohio", "pf_state_auto_name": "", "pf_reach_id": "", "in_icis": "YES", "echo_dfr_link": "https://echo.epa.gov/detailed-facility-report?fid=110064602434", "name": "CITY OF WHEELING - WATER POLLUTION CONTROL DIVISION", "feature_kind": "CSO outfall"}}, {"type": "Feature", "id": 6469, "geometry": {"type": "Point", "coordinates": [-80.7143999309681, 40.0497001469059]}, "properties": {"OBJECTID": 6469, "npdes_pfid": "WV0023230C141", "npdes_id": "WV0023230", "permitting_state": "WV", "agency_type_code": "ST6", "facility_uin": "110064602434", "facility_name": "CITY OF WHEELING - WATER POLLUTION CONTROL DIVISION", "location_address": "2516 MAIN ST", "supplemental_address_text": "", "facility_city": "WHEELING", "county_code": "WV069", "state_code": "WV", "epa_region_code": "03", "facility_type_code": "MWD", "facility_lat": 40.0572, "facility_lon": -80.7292, "permit_name": "WHEELING, CITY OF, WATER POLLUTION CONTROL DIVISION", "version_nmbr": 0, "permit_type_code": "NPD", "effective_date": 1682899200000, "expiration_date": 1837036800000, "permit_status_code": "EFF", "facility_type_indicator": "POTW", "major_minor_status_flag": "M", "permit_tracking": "Y", "pt_start_date": 1682899200000, "dmr_tracking": "Y", "dmr_nr_start_date": 1682899200000, "permit_design_flow": 10, "permit_avg_flow": null, "perm_feature_nmbr": "C141", "perm_feature_text": "", "pf_lat": 40.0497, "pf_lon": -80.7144, "pf_character": "CSO", "perm_feature_type_code": "EXO", "pf_state_waterbody_name": "Caldwell Run/Ohio", "pf_state_auto_name": "", "pf_reach_id": "", "in_icis": "YES", "echo_dfr_link": "https://echo.epa.gov/detailed-facility-report?fid=110064602434", "name": "CITY OF WHEELING - WATER POLLUTION CONTROL DIVISION", "feature_kind": "CSO outfall"}}, {"type": "Feature", "id": 6470, "geometry": {"type": "Point", "coordinates": [-80.7183004159317, 40.0357999825741]}, "properties": {"OBJECTID": 6470, "npdes_pfid": "WV0023230C148", "npdes_id": "WV0023230", "permitting_state": "WV", "agency_type_code": "ST6", "facility_uin": "110064602434", "facility_name": "CITY OF WHEELING - WATER POLLUTION CONTROL DIVISION", "location_address": "2516 MAIN ST", "supplemental_address_text": "", "facility_city": "WHEELING", "county_code": "WV069", "state_code": "WV", "epa_region_code": "03", "facility_type_code": "MWD", "facility_lat": 40.0572, "facility_lon": -80.7292, "permit_name": "WHEELING, CITY OF, WATER POLLUTION CONTROL DIVISION", "version_nmbr": 0, "permit_type_code": "NPD", "effective_date": 1682899200000, "expiration_date": 1837036800000, "permit_status_code": "EFF", "facility_type_indicator": "POTW", "major_minor_status_flag": "M", "permit_tracking": "Y", "pt_start_date": 1682899200000, "dmr_tracking": "Y", "dmr_nr_start_date": 1682899200000, "permit_design_flow": 10, "permit_avg_flow": null, "perm_feature_nmbr": "C148", "perm_feature_text": "", "pf_lat": 40.0358, "pf_lon": -80.7183, "pf_character": "CSO", "perm_feature_type_code": "EXO", "pf_state_waterbody_name": "Caldwell Run/Ohio", "pf_state_auto_name": "", "pf_reach_id": "", "in_icis": "YES", "echo_dfr_link": "https://echo.epa.gov/detailed-facility-report?fid=110064602434", "name": "CITY OF WHEELING - WATER POLLUTION CONTROL DIVISION", "feature_kind": "CSO outfall"}}, {"type": "Feature", "id": 6471, "geometry": {"type": "Point", "coordinates": [-80.6586001787797, 40.0432999037699]}, "properties": {"OBJECTID": 6471, "npdes_pfid": "WV0023230C152", "npdes_id": "WV0023230", "permitting_state": "WV", "agency_type_code": "ST6", "facility_uin": "110064602434", "facility_name": "CITY OF WHEELING - WATER POLLUTION CONTROL DIVISION", "location_address": "2516 MAIN ST", "supplemental_address_text": "", "facility_city": "WHEELING", "county_code": "WV069", "state_code": "WV", "epa_region_code": "03", "facility_type_code": "MWD", "facility_lat": 40.0572, "facility_lon": -80.7292, "permit_name": "WHEELING, CITY OF, WATER POLLUTION CONTROL DIVISION", "version_nmbr": 0, "permit_type_code": "NPD", "effective_date": 1682899200000, "expiration_date": 1837036800000, "permit_status_code": "EFF", "facility_type_indicator": "POTW", "major_minor_status_flag": "M", "permit_tracking": "Y", "pt_start_date": 1682899200000, "dmr_tracking": "Y", "dmr_nr_start_date": 1682899200000, "permit_design_flow": 10, "permit_avg_flow": null, "perm_feature_nmbr": "C152", "perm_feature_text": "", "pf_lat": 40.0433, "pf_lon": -80.6586, "pf_character": "CSO", "perm_feature_type_code": "EXO", "pf_state_waterbody_name": "Little Wheeling Creek/Ohio", "pf_state_auto_name": "", "pf_reach_id": "", "in_icis": "YES", "echo_dfr_link": "https://echo.epa.gov/detailed-facility-report?fid=110064602434", "name": "CITY OF WHEELING - WATER POLLUTION CONTROL DIVISION", "feature_kind": "CSO outfall"}}, {"type": "Feature", "id": 6472, "geometry": {"type": "Point", "coordinates": [-80.6555998057307, 40.0457996941835]}, "properties": {"OBJECTID": 6472, "npdes_pfid": "WV0023230C157", "npdes_id": "WV0023230", "permitting_state": "WV", "agency_type_code": "ST6", "facility_uin": "110064602434", "facility_name": "CITY OF WHEELING - WATER POLLUTION CONTROL DIVISION", "location_address": "2516 MAIN ST", "supplemental_address_text": "", "facility_city": "WHEELING", "county_code": "WV069", "state_code": "WV", "epa_region_code": "03", "facility_type_code": "MWD", "facility_lat": 40.0572, "facility_lon": -80.7292, "permit_name": "WHEELING, CITY OF, WATER POLLUTION CONTROL DIVISION", "version_nmbr": 0, "permit_type_code": "NPD", "effective_date": 1682899200000, "expiration_date": 1837036800000, "permit_status_code": "EFF", "facility_type_indicator": "POTW", "major_minor_status_flag": "M", "permit_tracking": "Y", "pt_start_date": 1682899200000, "dmr_tracking": "Y", "dmr_nr_start_date": 1682899200000, "permit_design_flow": 10, "permit_avg_flow": null, "perm_feature_nmbr": "C157", "perm_feature_text": "", "pf_lat": 40.0458, "pf_lon": -80.6556, "pf_character": "CSO", "perm_feature_type_code": "EXO", "pf_state_waterbody_name": "Little Wheeling Creek/Ohio", "pf_state_auto_name": "", "pf_reach_id": "", "in_icis": "YES", "echo_dfr_link": "https://echo.epa.gov/detailed-facility-report?fid=110064602434", "name": "CITY OF WHEELING - WATER POLLUTION CONTROL DIVISION", "feature_kind": "CSO outfall"}}, {"type": "Feature", "id": 6473, "geometry": {"type": "Point", "coordinates": [-80.6536001559083, 40.0466998713651]}, "properties": {"OBJECTID": 6473, "npdes_pfid": "WV0023230C159", "npdes_id": "WV0023230", "permitting_state": "WV", "agency_type_code": "ST6", "facility_uin": "110064602434", "facility_name": "CITY OF WHEELING - WATER POLLUTION CONTROL DIVISION", "location_address": "2516 MAIN ST", "supplemental_address_text": "", "facility_city": "WHEELING", "county_code": "WV069", "state_code": "WV", "epa_region_code": "03", "facility_type_code": "MWD", "facility_lat": 40.0572, "facility_lon": -80.7292, "permit_name": "WHEELING, CITY OF, WATER POLLUTION CONTROL DIVISION", "version_nmbr": 0, "permit_type_code": "NPD", "effective_date": 1682899200000, "expiration_date": 1837036800000, "permit_status_code": "EFF", "facility_type_indicator": "POTW", "major_minor_status_flag": "M", "permit_tracking": "Y", "pt_start_date": 1682899200000, "dmr_tracking": "Y", "dmr_nr_start_date": 1682899200000, "permit_design_flow": 10, "permit_avg_flow": null, "perm_feature_nmbr": "C159", "perm_feature_text": "", "pf_lat": 40.0467, "pf_lon": -80.6536, "pf_character": "CSO", "perm_feature_type_code": "EXO", "pf_state_waterbody_name": "Little Wheeling Creek/Ohio", "pf_state_auto_name": "", "pf_reach_id": "", "in_icis": "YES", "echo_dfr_link": "https://echo.epa.gov/detailed-facility-report?fid=110064602434", "name": "CITY OF WHEELING - WATER POLLUTION CONTROL DIVISION", "feature_kind": "CSO outfall"}}, {"type": "Feature", "id": 6474, "geometry": {"type": "Point", "coordinates": [-80.6961003503153, 40.0767001208315]}, "properties": {"OBJECTID": 6474, "npdes_pfid": "WV0023230C163", "npdes_id": "WV0023230", "permitting_state": "WV", "agency_type_code": "ST6", "facility_uin": "110064602434", "facility_name": "CITY OF WHEELING - WATER POLLUTION CONTROL DIVISION", "location_address": "2516 MAIN ST", "supplemental_address_text": "", "facility_city": "WHEELING", "county_code": "WV069", "state_code": "WV", "epa_region_code": "03", "facility_type_code": "MWD", "facility_lat": 40.0572, "facility_lon": -80.7292, "permit_name": "WHEELING, CITY OF, WATER POLLUTION CONTROL DIVISION", "version_nmbr": 0, "permit_type_code": "NPD", "effective_date": 1682899200000, "expiration_date": 1837036800000, "permit_status_code": "EFF", "facility_type_indicator": "POTW", "major_minor_status_flag": "M", "permit_tracking": "Y", "pt_start_date": 1682899200000, "dmr_tracking": "Y", "dmr_nr_start_date": 1682899200000, "permit_design_flow": 10, "permit_avg_flow": null, "perm_feature_nmbr": "C163", "perm_feature_text": "", "pf_lat": 40.0767, "pf_lon": -80.6961, "pf_character": "CSO", "perm_feature_type_code": "EXO", "pf_state_waterbody_name": "Long Run/Wheeling Creek/Ohio", "pf_state_auto_name": "", "pf_reach_id": "", "in_icis": "YES", "echo_dfr_link": "https://echo.epa.gov/detailed-facility-report?fid=110064602434", "name": "CITY OF WHEELING - WATER POLLUTION CONTROL DIVISION", "feature_kind": "CSO outfall"}}, {"type": "Feature", "id": 6475, "geometry": {"type": "Point", "coordinates": [-80.6918998280467, 40.0822002801018]}, "properties": {"OBJECTID": 6475, "npdes_pfid": "WV0023230C165", "npdes_id": "WV0023230", "permitting_state": "WV", "agency_type_code": "ST6", "facility_uin": "110064602434", "facility_name": "CITY OF WHEELING - WATER POLLUTION CONTROL DIVISION", "location_address": "2516 MAIN ST", "supplemental_address_text": "", "facility_city": "WHEELING", "county_code": "WV069", "state_code": "WV", "epa_region_code": "03", "facility_type_code": "MWD", "facility_lat": 40.0572, "facility_lon": -80.7292, "permit_name": "WHEELING, CITY OF, WATER POLLUTION CONTROL DIVISION", "version_nmbr": 0, "permit_type_code": "NPD", "effective_date": 1682899200000, "expiration_date": 1837036800000, "permit_status_code": "EFF", "facility_type_indicator": "POTW", "major_minor_status_flag": "M", "permit_tracking": "Y", "pt_start_date": 1682899200000, "dmr_tracking": "Y", "dmr_nr_start_date": 1682899200000, "permit_design_flow": 10, "permit_avg_flow": null, "perm_feature_nmbr": "C165", "perm_feature_text": "", "pf_lat": 40.0822, "pf_lon": -80.6919, "pf_character": "CSO", "perm_feature_type_code": "EXO", "pf_state_waterbody_name": "Long Run/Wheeling Creek/Ohio", "pf_state_auto_name": "", "pf_reach_id": "", "in_icis": "YES", "echo_dfr_link": "https://echo.epa.gov/detailed-facility-report?fid=110064602434", "name": "CITY OF WHEELING - WATER POLLUTION CONTROL DIVISION", "feature_kind": "CSO outfall"}}, {"type": "Feature", "id": 6476, "geometry": {"type": "Point", "coordinates": [-80.6836002931367, 40.0716999654675]}, "properties": {"OBJECTID": 6476, "npdes_pfid": "WV0023230C221", "npdes_id": "WV0023230", "permitting_state": "WV", "agency_type_code": "ST6", "facility_uin": "110064602434", "facility_name": "CITY OF WHEELING - WATER POLLUTION CONTROL DIVISION", "location_address": "2516 MAIN ST", "supplemental_address_text": "", "facility_city": "WHEELING", "county_code": "WV069", "state_code": "WV", "epa_region_code": "03", "facility_type_code": "MWD", "facility_lat": 40.0572, "facility_lon": -80.7292, "permit_name": "WHEELING, CITY OF, WATER POLLUTION CONTROL DIVISION", "version_nmbr": 0, "permit_type_code": "NPD", "effective_date": 1682899200000, "expiration_date": 1837036800000, "permit_status_code": "EFF", "facility_type_indicator": "POTW", "major_minor_status_flag": "M", "permit_tracking": "Y", "pt_start_date": 1682899200000, "dmr_tracking": "Y", "dmr_nr_start_date": 1682899200000, "permit_design_flow": 10, "permit_avg_flow": null, "perm_feature_nmbr": "C221", "perm_feature_text": "", "pf_lat": 40.0717, "pf_lon": -80.6836, "pf_character": "CSO", "perm_feature_type_code": "EXO", "pf_state_waterbody_name": "Ohio River", "pf_state_auto_name": "", "pf_reach_id": "", "in_icis": "YES", "echo_dfr_link": "https://echo.epa.gov/detailed-facility-report?fid=110064602434", "name": "CITY OF WHEELING - WATER POLLUTION CONTROL DIVISION", "feature_kind": "CSO outfall"}}, {"type": "Feature", "id": 6477, "geometry": {"type": "Point", "coordinates": [-80.7291996752739, 40.0571999142203]}, "properties": {"OBJECTID": 6477, "npdes_pfid": "WV0023230C222", "npdes_id": "WV0023230", "permitting_state": "WV", "agency_type_code": "ST6", "facility_uin": "110064602434", "facility_name": "CITY OF WHEELING - WATER POLLUTION CONTROL DIVISION", "location_address": "2516 MAIN ST", "supplemental_address_text": "", "facility_city": "WHEELING", "county_code": "WV069", "state_code": "WV", "epa_region_code": "03", "facility_type_code": "MWD", "facility_lat": 40.0572, "facility_lon": -80.7292, "permit_name": "WHEELING, CITY OF, WATER POLLUTION CONTROL DIVISION", "version_nmbr": 0, "permit_type_code": "NPD", "effective_date": 1682899200000, "expiration_date": 1837036800000, "permit_status_code": "EFF", "facility_type_indicator": "POTW", "major_minor_status_flag": "M", "permit_tracking": "Y", "pt_start_date": 1682899200000, "dmr_tracking": "Y", "dmr_nr_start_date": 1682899200000, "permit_design_flow": 10, "permit_avg_flow": null, "perm_feature_nmbr": "C222", "perm_feature_text": "", "pf_lat": 40.0572, "pf_lon": -80.7292, "pf_character": "CSO", "perm_feature_type_code": "EXO", "pf_state_waterbody_name": "Ohio River", "pf_state_auto_name": "", "pf_reach_id": "", "in_icis": "YES", "echo_dfr_link": "https://echo.epa.gov/detailed-facility-report?fid=110064602434", "name": "CITY OF WHEELING - WATER POLLUTION CONTROL DIVISION", "feature_kind": "CSO outfall"}}, {"type": "Feature", "id": 6478, "geometry": {"type": "Point", "coordinates": [-80.7222000025801, 39.9116996657011]}, "properties": {"OBJECTID": 6478, "npdes_pfid": "WV0023264C002", "npdes_id": "WV0023264", "permitting_state": "WV", "agency_type_code": "ST6", "facility_uin": "110017345979", "facility_name": "CITY OF MOUNDSVILLE", "location_address": "1800  S-LAFAYETTE AVE RT.2", "supplemental_address_text": "", "facility_city": "MOUNDSVILLE", "county_code": "WV051", "state_code": "WV", "epa_region_code": "03", "facility_type_code": "MWD", "facility_lat": 39.905, "facility_lon": -80.7561, "permit_name": "MOUNDSVILLE, CITY OF", "version_nmbr": 0, "permit_type_code": "NPD", "effective_date": 1664582400000, "expiration_date": 1814313600000, "permit_status_code": "EFF", "facility_type_indicator": "POTW", "major_minor_status_flag": "M", "permit_tracking": "Y", "pt_start_date": 1664582400000, "dmr_tracking": "Y", "dmr_nr_start_date": 1664582400000, "permit_design_flow": 2.34, "permit_avg_flow": null, "perm_feature_nmbr": "C002", "perm_feature_text": "", "pf_lat": 39.9117, "pf_lon": -80.7222, "pf_character": "CSO", "perm_feature_type_code": "EXO", "pf_state_waterbody_name": "Middle Grave Creek/Grave Creek/Ohio River", "pf_state_auto_name": "Middle Grave Creek", "pf_reach_id": "5030106000119", "in_icis": "YES", "echo_dfr_link": "https://echo.epa.gov/detailed-facility-report?fid=110017345979", "name": "CITY OF MOUNDSVILLE", "feature_kind": "CSO outfall"}}, {"type": "Feature", "id": 6479, "geometry": {"type": "Point", "coordinates": [-80.7268999881466, 39.9169003308745]}, "properties": {"OBJECTID": 6479, "npdes_pfid": "WV0023264C003", "npdes_id": "WV0023264", "permitting_state": "WV", "agency_type_code": "ST6", "facility_uin": "110017345979", "facility_name": "CITY OF MOUNDSVILLE", "location_address": "1800  S-LAFAYETTE AVE RT.2", "supplemental_address_text": "", "facility_city": "MOUNDSVILLE", "county_code": "WV051", "state_code": "WV", "epa_region_code": "03", "facility_type_code": "MWD", "facility_lat": 39.905, "facility_lon": -80.7561, "permit_name": "MOUNDSVILLE, CITY OF", "version_nmbr": 0, "permit_type_code": "NPD", "effective_date": 1664582400000, "expiration_date": 1814313600000, "permit_status_code": "EFF", "facility_type_indicator": "POTW", "major_minor_status_flag": "M", "permit_tracking": "Y", "pt_start_date": 1664582400000, "dmr_tracking": "Y", "dmr_nr_start_date": 1664582400000, "permit_design_flow": 2.34, "permit_avg_flow": null, "perm_feature_nmbr": "C003", "perm_feature_text": "", "pf_lat": 39.9169, "pf_lon": -80.7269, "pf_character": "CSO", "perm_feature_type_code": "EXO", "pf_state_waterbody_name": "Middle Grave Creek/Grave Creek/Ohio River", "pf_state_auto_name": "Middle Grave Creek", "pf_reach_id": "5030106000119", "in_icis": "YES", "echo_dfr_link": "https://echo.epa.gov/detailed-facility-report?fid=110017345979", "name": "CITY OF MOUNDSVILLE", "feature_kind": "CSO outfall"}}, {"type": "Feature", "id": 6480, "geometry": {"type": "Point", "coordinates": [-80.738599646407, 39.91309977763]}, "properties": {"OBJECTID": 6480, "npdes_pfid": "WV0023264C004", "npdes_id": "WV0023264", "permitting_state": "WV", "agency_type_code": "ST6", "facility_uin": "110017345979", "facility_name": "CITY OF MOUNDSVILLE", "location_address": "1800  S-LAFAYETTE AVE RT.2", "supplemental_address_text": "", "facility_city": "MOUNDSVILLE", "county_code": "WV051", "state_code": "WV", "epa_region_code": "03", "facility_type_code": "MWD", "facility_lat": 39.905, "facility_lon": -80.7561, "permit_name": "MOUNDSVILLE, CITY OF", "version_nmbr": 0, "permit_type_code": "NPD", "effective_date": 1664582400000, "expiration_date": 1814313600000, "permit_status_code": "EFF", "facility_type_indicator": "POTW", "major_minor_status_flag": "M", "permit_tracking": "Y", "pt_start_date": 1664582400000, "dmr_tracking": "Y", "dmr_nr_start_date": 1664582400000, "permit_design_flow": 2.34, "permit_avg_flow": null, "perm_feature_nmbr": "C004", "perm_feature_text": "", "pf_lat": 39.9131, "pf_lon": -80.7386, "pf_character": "CSO", "perm_feature_type_code": "EXO", "pf_state_waterbody_name": "Middle Grave Creek/Grave Creek/Ohio River", "pf_state_auto_name": "Middle Grave Creek", "pf_reach_id": "5030106000119", "in_icis": "YES", "echo_dfr_link": "https://echo.epa.gov/detailed-facility-report?fid=110017345979", "name": "CITY OF MOUNDSVILLE", "feature_kind": "CSO outfall"}}, {"type": "Feature", "id": 6481, "geometry": {"type": "Point", "coordinates": [-80.7391997210167, 39.9269002351379]}, "properties": {"OBJECTID": 6481, "npdes_pfid": "WV0023264C007", "npdes_id": "WV0023264", "permitting_state": "WV", "agency_type_code": "ST6", "facility_uin": "110017345979", "facility_name": "CITY OF MOUNDSVILLE", "location_address": "1800  S-LAFAYETTE AVE RT.2", "supplemental_address_text": "", "facility_city": "MOUNDSVILLE", "county_code": "WV051", "state_code": "WV", "epa_region_code": "03", "facility_type_code": "MWD", "facility_lat": 39.905, "facility_lon": -80.7561, "permit_name": "MOUNDSVILLE, CITY OF", "version_nmbr": 0, "permit_type_code": "NPD", "effective_date": 1664582400000, "expiration_date": 1814313600000, "permit_status_code": "EFF", "facility_type_indicator": "POTW", "major_minor_status_flag": "M", "permit_tracking": "Y", "pt_start_date": 1664582400000, "dmr_tracking": "Y", "dmr_nr_start_date": 1664582400000, "permit_design_flow": 2.34, "permit_avg_flow": null, "perm_feature_nmbr": "C007", "perm_feature_text": "", "pf_lat": 39.9269, "pf_lon": -80.7392, "pf_character": "CSO", "perm_feature_type_code": "EXO", "pf_state_waterbody_name": "Parr Run/Little Grave Creek/Ohio River", "pf_state_auto_name": "Wegee Creek-Ohio River", "pf_reach_id": "5030106001455", "in_icis": "YES", "echo_dfr_link": "https://echo.epa.gov/detailed-facility-report?fid=110017345979", "name": "CITY OF MOUNDSVILLE", "feature_kind": "CSO outfall"}}, {"type": "Feature", "id": 6482, "geometry": {"type": "Point", "coordinates": [-81.8483001949785, 38.4210999467444]}, "properties": {"OBJECTID": 6482, "npdes_pfid": "WV0023299C003", "npdes_id": "WV0023299", "permitting_state": "WV", "agency_type_code": "ST6", "facility_uin": "110039983998", "facility_name": "NITRO WWTP", "location_address": "1 TREATMENT PLANT RD", "supplemental_address_text": "", "facility_city": "NITRO", "county_code": "WV079", "state_code": "WV", "epa_region_code": "03", "facility_type_code": "MWD", "facility_lat": 38.4472, "facility_lon": -81.8361, "permit_name": "WEST VIRGINIA AMERICAN WATER", "version_nmbr": 0, "permit_type_code": "NPD", "effective_date": 1667260800000, "expiration_date": 1820966400000, "permit_status_code": "EFF", "facility_type_indicator": "POTW", "major_minor_status_flag": "M", "permit_tracking": "Y", "pt_start_date": 1667260800000, "dmr_tracking": "Y", "dmr_nr_start_date": 1667260800000, "permit_design_flow": 1.875, "permit_avg_flow": 0, "perm_feature_nmbr": "C003", "perm_feature_text": "", "pf_lat": 38.4211, "pf_lon": -81.8483, "pf_character": "CSO", "perm_feature_type_code": "EXO", "pf_state_waterbody_name": "Kanawha River/Ohio River", "pf_state_auto_name": "", "pf_reach_id": "", "in_icis": "YES", "echo_dfr_link": "https://echo.epa.gov/detailed-facility-report?fid=110039983998", "name": "NITRO WWTP", "feature_kind": "CSO outfall"}}, {"type": "Feature", "id": 6483, "geometry": {"type": "Point", "coordinates": [-81.8474997960603, 38.4152997122953]}, "properties": {"OBJECTID": 6483, "npdes_pfid": "WV0023299C004", "npdes_id": "WV0023299", "permitting_state": "WV", "agency_type_code": "ST6", "facility_uin": "110039983998", "facility_name": "NITRO WWTP", "location_address": "1 TREATMENT PLANT RD", "supplemental_address_text": "", "facility_city": "NITRO", "county_code": "WV079", "state_code": "WV", "epa_region_code": "03", "facility_type_code": "MWD", "facility_lat": 38.4472, "facility_lon": -81.8361, "permit_name": "WEST VIRGINIA AMERICAN WATER", "version_nmbr": 0, "permit_type_code": "NPD", "effective_date": 1667260800000, "expiration_date": 1820966400000, "permit_status_code": "EFF", "facility_type_indicator": "POTW", "major_minor_status_flag": "M", "permit_tracking": "Y", "pt_start_date": 1667260800000, "dmr_tracking": "Y", "dmr_nr_start_date": 1667260800000, "permit_design_flow": 1.875, "permit_avg_flow": 0, "perm_feature_nmbr": "C004", "perm_feature_text": "", "pf_lat": 38.4153, "pf_lon": -81.8475, "pf_character": "CSO", "perm_feature_type_code": "EXO", "pf_state_waterbody_name": "Kanawha River/Ohio River", "pf_state_auto_name": "", "pf_reach_id": "", "in_icis": "YES", "echo_dfr_link": "https://echo.epa.gov/detailed-facility-report?fid=110039983998", "name": "NITRO WWTP", "feature_kind": "CSO outfall"}}, {"type": "Feature", "id": 6484, "geometry": {"type": "Point", "coordinates": [-81.8433001721071, 38.4002997139392]}, "properties": {"OBJECTID": 6484, "npdes_pfid": "WV0023299C005", "npdes_id": "WV0023299", "permitting_state": "WV", "agency_type_code": "ST6", "facility_uin": "110039983998", "facility_name": "NITRO WWTP", "location_address": "1 TREATMENT PLANT RD", "supplemental_address_text": "", "facility_city": "NITRO", "county_code": "WV079", "state_code": "WV", "epa_region_code": "03", "facility_type_code": "MWD", "facility_lat": 38.4472, "facility_lon": -81.8361, "permit_name": "WEST VIRGINIA AMERICAN WATER", "version_nmbr": 0, "permit_type_code": "NPD", "effective_date": 1667260800000, "expiration_date": 1820966400000, "permit_status_code": "EFF", "facility_type_indicator": "POTW", "major_minor_status_flag": "M", "permit_tracking": "Y", "pt_start_date": 1667260800000, "dmr_tracking": "Y", "dmr_nr_start_date": 1667260800000, "permit_design_flow": 1.875, "permit_avg_flow": 0, "perm_feature_nmbr": "C005", "perm_feature_text": "", "pf_lat": 38.4003, "pf_lon": -81.8433, "pf_character": "CSO", "perm_feature_type_code": "EXO", "pf_state_waterbody_name": "Kanawha River/Ohio River", "pf_state_auto_name": "", "pf_reach_id": "", "in_icis": "YES", "echo_dfr_link": "https://echo.epa.gov/detailed-facility-report?fid=110039983998", "name": "NITRO WWTP", "feature_kind": "CSO outfall"}}, {"type": "Feature", "id": 6485, "geometry": {"type": "Point", "coordinates": [-81.834200238279, 38.3916998315697]}, "properties": {"OBJECTID": 6485, "npdes_pfid": "WV0023299C006", "npdes_id": "WV0023299", "permitting_state": "WV", "agency_type_code": "ST6", "facility_uin": "110039983998", "facility_name": "NITRO WWTP", "location_address": "1 TREATMENT PLANT RD", "supplemental_address_text": "", "facility_city": "NITRO", "county_code": "WV079", "state_code": "WV", "epa_region_code": "03", "facility_type_code": "MWD", "facility_lat": 38.4472, "facility_lon": -81.8361, "permit_name": "WEST VIRGINIA AMERICAN WATER", "version_nmbr": 0, "permit_type_code": "NPD", "effective_date": 1667260800000, "expiration_date": 1820966400000, "permit_status_code": "EFF", "facility_type_indicator": "POTW", "major_minor_status_flag": "M", "permit_tracking": "Y", "pt_start_date": 1667260800000, "dmr_tracking": "Y", "dmr_nr_start_date": 1667260800000, "permit_design_flow": 1.875, "permit_avg_flow": 0, "perm_feature_nmbr": "C006", "perm_feature_text": "", "pf_lat": 38.3917, "pf_lon": -81.8342, "pf_character": "CSO", "perm_feature_type_code": "EXO", "pf_state_waterbody_name": "Kanawha River/Ohio River", "pf_state_auto_name": "", "pf_reach_id": "", "in_icis": "YES", "echo_dfr_link": "https://echo.epa.gov/detailed-facility-report?fid=110039983998", "name": "NITRO WWTP", "feature_kind": "CSO outfall"}}, {"type": "Feature", "id": 6486, "geometry": {"type": "Point", "coordinates": [-81.834200238279, 38.4368998972366]}, "properties": {"OBJECTID": 6486, "npdes_pfid": "WV0023299C007", "npdes_id": "WV0023299", "permitting_state": "WV", "agency_type_code": "ST6", "facility_uin": "110039983998", "facility_name": "NITRO WWTP", "location_address": "1 TREATMENT PLANT RD", "supplemental_address_text": "", "facility_city": "NITRO", "county_code": "WV079", "state_code": "WV", "epa_region_code": "03", "facility_type_code": "MWD", "facility_lat": 38.4472, "facility_lon": -81.8361, "permit_name": "WEST VIRGINIA AMERICAN WATER", "version_nmbr": 0, "permit_type_code": "NPD", "effective_date": 1667260800000, "expiration_date": 1820966400000, "permit_status_code": "EFF", "facility_type_indicator": "POTW", "major_minor_status_flag": "M", "permit_tracking": "Y", "pt_start_date": 1667260800000, "dmr_tracking": "Y", "dmr_nr_start_date": 1667260800000, "permit_design_flow": 1.875, "permit_avg_flow": 0, "perm_feature_nmbr": "C007", "perm_feature_text": "", "pf_lat": 38.4369, "pf_lon": -81.8342, "pf_character": "CSO", "perm_feature_type_code": "EXO", "pf_state_waterbody_name": "Armour Creek/Kanawha River/Ohio River", "pf_state_auto_name": "", "pf_reach_id": "", "in_icis": "YES", "echo_dfr_link": "https://echo.epa.gov/detailed-facility-report?fid=110039983998", "name": "NITRO WWTP", "feature_kind": "CSO outfall"}}, {"type": "Feature", "id": 6487, "geometry": {"type": "Point", "coordinates": [-81.8361001751049, 38.4471998113846]}, "properties": {"OBJECTID": 6487, "npdes_pfid": "WV0023299C008", "npdes_id": "WV0023299", "permitting_state": "WV", "agency_type_code": "ST6", "facility_uin": "110039983998", "facility_name": "NITRO WWTP", "location_address": "1 TREATMENT PLANT RD", "supplemental_address_text": "", "facility_city": "NITRO", "county_code": "WV079", "state_code": "WV", "epa_region_code": "03", "facility_type_code": "MWD", "facility_lat": 38.4472, "facility_lon": -81.8361, "permit_name": "WEST VIRGINIA AMERICAN WATER", "version_nmbr": 0, "permit_type_code": "NPD", "effective_date": 1667260800000, "expiration_date": 1820966400000, "permit_status_code": "EFF", "facility_type_indicator": "POTW", "major_minor_status_flag": "M", "permit_tracking": "Y", "pt_start_date": 1667260800000, "dmr_tracking": "Y", "dmr_nr_start_date": 1667260800000, "permit_design_flow": 1.875, "permit_avg_flow": 0, "perm_feature_nmbr": "C008", "perm_feature_text": "", "pf_lat": 38.4472, "pf_lon": -81.8361, "pf_character": "CSO", "perm_feature_type_code": "EXO", "pf_state_waterbody_name": "Kanawha River/Ohio River", "pf_state_auto_name": "", "pf_reach_id": "", "in_icis": "YES", "echo_dfr_link": "https://echo.epa.gov/detailed-facility-report?fid=110039983998", "name": "NITRO WWTP", "feature_kind": "CSO outfall"}}, {"type": "Feature", "id": 6488, "geometry": {"type": "Point", "coordinates": [-80.3522001067264, 39.3016999318848]}, "properties": {"OBJECTID": 6488, "npdes_pfid": "WV0023302C002", "npdes_id": "WV0023302", "permitting_state": "WV", "agency_type_code": "ST6", "facility_uin": "110039951727", "facility_name": "CLARKSBURG SANITARY BOARD", "location_address": "WEST FK ST", "supplemental_address_text": "", "facility_city": "CLARKSBURG", "county_code": "WV033", "state_code": "WV", "epa_region_code": "03", "facility_type_code": "MWD", "facility_lat": 39.3067, "facility_lon": -80.3517, "permit_name": "CLARKSBURG SANITARY BD", "version_nmbr": 0, "permit_type_code": "NPD", "effective_date": 1748736000000, "expiration_date": 1903564800000, "permit_status_code": "EFF", "facility_type_indicator": "POTW", "major_minor_status_flag": "M", "permit_tracking": "Y", "pt_start_date": 1748736000000, "dmr_tracking": "Y", "dmr_nr_start_date": 1748736000000, "permit_design_flow": 8, "permit_avg_flow": null, "perm_feature_nmbr": "C002", "perm_feature_text": "", "pf_lat": 39.3017, "pf_lon": -80.3522, "pf_character": "CSO", "perm_feature_type_code": "EXO", "pf_state_waterbody_name": "WEST FORK RIVER", "pf_state_auto_name": "", "pf_reach_id": "", "in_icis": "YES", "echo_dfr_link": "https://echo.epa.gov/detailed-facility-report?fid=110039951727", "name": "CLARKSBURG SANITARY BOARD", "feature_kind": "CSO outfall"}}, {"type": "Feature", "id": 6489, "geometry": {"type": "Point", "coordinates": [-80.3528001813361, 39.2996999981756]}, "properties": {"OBJECTID": 6489, "npdes_pfid": "WV0023302C003", "npdes_id": "WV0023302", "permitting_state": "WV", "agency_type_code": "ST6", "facility_uin": "110039951727", "facility_name": "CLARKSBURG SANITARY BOARD", "location_address": "WEST FK ST", "supplemental_address_text": "", "facility_city": "CLARKSBURG", "county_code": "WV033", "state_code": "WV", "epa_region_code": "03", "facility_type_code": "MWD", "facility_lat": 39.3067, "facility_lon": -80.3517, "permit_name": "CLARKSBURG SANITARY BD", "version_nmbr": 0, "permit_type_code": "NPD", "effective_date": 1748736000000, "expiration_date": 1903564800000, "permit_status_code": "EFF", "facility_type_indicator": "POTW", "major_minor_status_flag": "M", "permit_tracking": "Y", "pt_start_date": 1748736000000, "dmr_tracking": "Y", "dmr_nr_start_date": 1748736000000, "permit_design_flow": 8, "permit_avg_flow": null, "perm_feature_nmbr": "C003", "perm_feature_text": "", "pf_lat": 39.2997, "pf_lon": -80.3528, "pf_character": "CSO", "perm_feature_type_code": "EXO", "pf_state_waterbody_name": "WEST FORK RIVER", "pf_state_auto_name": "", "pf_reach_id": "", "in_icis": "YES", "echo_dfr_link": "https://echo.epa.gov/detailed-facility-report?fid=110039951727", "name": "CLARKSBURG SANITARY BOARD", "feature_kind": "CSO outfall"}}, {"type": "Feature", "id": 6490, "geometry": {"type": "Point", "coordinates": [-80.3538997192439, 39.2916996919605]}, "properties": {"OBJECTID": 6490, "npdes_pfid": "WV0023302C004", "npdes_id": "WV0023302", "permitting_state": "WV", "agency_type_code": "ST6", "facility_uin": "110039951727", "facility_name": "CLARKSBURG SANITARY BOARD", "location_address": "WEST FK ST", "supplemental_address_text": "", "facility_city": "CLARKSBURG", "county_code": "WV033", "state_code": "WV", "epa_region_code": "03", "facility_type_code": "MWD", "facility_lat": 39.3067, "facility_lon": -80.3517, "permit_name": "CLARKSBURG SANITARY BD", "version_nmbr": 0, "permit_type_code": "NPD", "effective_date": 1748736000000, "expiration_date": 1903564800000, "permit_status_code": "EFF", "facility_type_indicator": "POTW", "major_minor_status_flag": "M", "permit_tracking": "Y", "pt_start_date": 1748736000000, "dmr_tracking": "Y", "dmr_nr_start_date": 1748736000000, "permit_design_flow": 8, "permit_avg_flow": null, "perm_feature_nmbr": "C004", "perm_feature_text": "", "pf_lat": 39.2917, "pf_lon": -80.3539, "pf_character": "CSO", "perm_feature_type_code": "EXO", "pf_state_waterbody_name": "WEST FORK RIVER", "pf_state_auto_name": "", "pf_reach_id": "", "in_icis": "YES", "echo_dfr_link": "https://echo.epa.gov/detailed-facility-report?fid=110039951727", "name": "CLARKSBURG SANITARY BOARD", "feature_kind": "CSO outfall"}}, {"type": "Feature", "id": 6491, "geometry": {"type": "Point", "coordinates": [-80.3578002042075, 39.2835997368723]}, "properties": {"OBJECTID": 6491, "npdes_pfid": "WV0023302C005", "npdes_id": "WV0023302", "permitting_state": "WV", "agency_type_code": "ST6", "facility_uin": "110039951727", "facility_name": "CLARKSBURG SANITARY BOARD", "location_address": "WEST FK ST", "supplemental_address_text": "", "facility_city": "CLARKSBURG", "county_code": "WV033", "state_code": "WV", "epa_region_code": "03", "facility_type_code": "MWD", "facility_lat": 39.3067, "facility_lon": -80.3517, "permit_name": "CLARKSBURG SANITARY BD", "version_nmbr": 0, "permit_type_code": "NPD", "effective_date": 1748736000000, "expiration_date": 1903564800000, "permit_status_code": "EFF", "facility_type_indicator": "POTW", "major_minor_status_flag": "M", "permit_tracking": "Y", "pt_start_date": 1748736000000, "dmr_tracking": "Y", "dmr_nr_start_date": 1748736000000, "permit_design_flow": 8, "permit_avg_flow": null, "perm_feature_nmbr": "C005", "perm_feature_text": "", "pf_lat": 39.2836, "pf_lon": -80.3578, "pf_character": "CSO", "perm_feature_type_code": "EXO", "pf_state_waterbody_name": "WEST FORK RIVER", "pf_state_auto_name": "", "pf_reach_id": "", "in_icis": "YES", "echo_dfr_link": "https://echo.epa.gov/detailed-facility-report?fid=110039951727", "name": "CLARKSBURG SANITARY BOARD", "feature_kind": "CSO outfall"}}, {"type": "Feature", "id": 6492, "geometry": {"type": "Point", "coordinates": [-80.3569000922929, 39.2828001196876]}, "properties": {"OBJECTID": 6492, "npdes_pfid": "WV0023302C006", "npdes_id": "WV0023302", "permitting_state": "WV", "agency_type_code": "ST6", "facility_uin": "110039951727", "facility_name": "CLARKSBURG SANITARY BOARD", "location_address": "WEST FK ST", "supplemental_address_text": "", "facility_city": "CLARKSBURG", "county_code": "WV033", "state_code": "WV", "epa_region_code": "03", "facility_type_code": "MWD", "facility_lat": 39.3067, "facility_lon": -80.3517, "permit_name": "CLARKSBURG SANITARY BD", "version_nmbr": 0, "permit_type_code": "NPD", "effective_date": 1748736000000, "expiration_date": 1903564800000, "permit_status_code": "EFF", "facility_type_indicator": "POTW", "major_minor_status_flag": "M", "permit_tracking": "Y", "pt_start_date": 1748736000000, "dmr_tracking": "Y", "dmr_nr_start_date": 1748736000000, "permit_design_flow": 8, "permit_avg_flow": null, "perm_feature_nmbr": "C006", "perm_feature_text": "", "pf_lat": 39.2828, "pf_lon": -80.3569, "pf_character": "CSO", "perm_feature_type_code": "EXO", "pf_state_waterbody_name": "WEST FORK RIVER", "pf_state_auto_name": "", "pf_reach_id": "", "in_icis": "YES", "echo_dfr_link": "https://echo.epa.gov/detailed-facility-report?fid=110039951727", "name": "CLARKSBURG SANITARY BOARD", "feature_kind": "CSO outfall"}}, {"type": "Feature", "id": 6493, "geometry": {"type": "Point", "coordinates": [-80.3566997679845, 39.2813997246434]}, "properties": {"OBJECTID": 6493, "npdes_pfid": "WV0023302C007", "npdes_id": "WV0023302", "permitting_state": "WV", "agency_type_code": "ST6", "facility_uin": "110039951727", "facility_name": "CLARKSBURG SANITARY BOARD", "location_address": "WEST FK ST", "supplemental_address_text": "", "facility_city": "CLARKSBURG", "county_code": "WV033", "state_code": "WV", "epa_region_code": "03", "facility_type_code": "MWD", "facility_lat": 39.3067, "facility_lon": -80.3517, "permit_name": "CLARKSBURG SANITARY BD", "version_nmbr": 0, "permit_type_code": "NPD", "effective_date": 1748736000000, "expiration_date": 1903564800000, "permit_status_code": "EFF", "facility_type_indicator": "POTW", "major_minor_status_flag": "M", "permit_tracking": "Y", "pt_start_date": 1748736000000, "dmr_tracking": "Y", "dmr_nr_start_date": 1748736000000, "permit_design_flow": 8, "permit_avg_flow": null, "perm_feature_nmbr": "C007", "perm_feature_text": "", "pf_lat": 39.2814, "pf_lon": -80.3567, "pf_character": "CSO", "perm_feature_type_code": "EXO", "pf_state_waterbody_name": "WEST FORK RIVER", "pf_state_auto_name": "", "pf_reach_id": "", "in_icis": "YES", "echo_dfr_link": "https://echo.epa.gov/detailed-facility-report?fid=110039951727", "name": "CLARKSBURG SANITARY BOARD", "feature_kind": "CSO outfall"}}, {"type": "Feature", "id": 6494, "geometry": {"type": "Point", "coordinates": [-80.3560996933747, 39.2702998735948]}, "properties": {"OBJECTID": 6494, "npdes_pfid": "WV0023302C008", "npdes_id": "WV0023302", "permitting_state": "WV", "agency_type_code": "ST6", "facility_uin": "110039951727", "facility_name": "CLARKSBURG SANITARY BOARD", "location_address": "WEST FK ST", "supplemental_address_text": "", "facility_city": "CLARKSBURG", "county_code": "WV033", "state_code": "WV", "epa_region_code": "03", "facility_type_code": "MWD", "facility_lat": 39.3067, "facility_lon": -80.3517, "permit_name": "CLARKSBURG SANITARY BD", "version_nmbr": 0, "permit_type_code": "NPD", "effective_date": 1748736000000, "expiration_date": 1903564800000, "permit_status_code": "EFF", "facility_type_indicator": "POTW", "major_minor_status_flag": "M", "permit_tracking": "Y", "pt_start_date": 1748736000000, "dmr_tracking": "Y", "dmr_nr_start_date": 1748736000000, "permit_design_flow": 8, "permit_avg_flow": null, "perm_feature_nmbr": "C008", "perm_feature_text": "", "pf_lat": 39.2703, "pf_lon": -80.3561, "pf_character": "CSO", "perm_feature_type_code": "EXO", "pf_state_waterbody_name": "WEST FORK RIVER", "pf_state_auto_name": "", "pf_reach_id": "", "in_icis": "YES", "echo_dfr_link": "https://echo.epa.gov/detailed-facility-report?fid=110039951727", "name": "CLARKSBURG SANITARY BOARD", "feature_kind": "CSO outfall"}}, {"type": "Feature", "id": 6495, "geometry": {"type": "Point", "coordinates": [-80.353100218641, 39.280800341446]}, "properties": {"OBJECTID": 6495, "npdes_pfid": "WV0023302C009", "npdes_id": "WV0023302", "permitting_state": "WV", "agency_type_code": "ST6", "facility_uin": "110039951727", "facility_name": "CLARKSBURG SANITARY BOARD", "location_address": "WEST FK ST", "supplemental_address_text": "", "facility_city": "CLARKSBURG", "county_code": "WV033", "state_code": "WV", "epa_region_code": "03", "facility_type_code": "MWD", "facility_lat": 39.3067, "facility_lon": -80.3517, "permit_name": "CLARKSBURG SANITARY BD", "version_nmbr": 0, "permit_type_code": "NPD", "effective_date": 1748736000000, "expiration_date": 1903564800000, "permit_status_code": "EFF", "facility_type_indicator": "POTW", "major_minor_status_flag": "M", "permit_tracking": "Y", "pt_start_date": 1748736000000, "dmr_tracking": "Y", "dmr_nr_start_date": 1748736000000, "permit_design_flow": 8, "permit_avg_flow": null, "perm_feature_nmbr": "C009", "perm_feature_text": "", "pf_lat": 39.2808, "pf_lon": -80.3531, "pf_character": "CSO", "perm_feature_type_code": "EXO", "pf_state_waterbody_name": "WEST FORK RIVER", "pf_state_auto_name": "", "pf_reach_id": "", "in_icis": "YES", "echo_dfr_link": "https://echo.epa.gov/detailed-facility-report?fid=110039951727", "name": "CLARKSBURG SANITARY BOARD", "feature_kind": "CSO outfall"}}, {"type": "Feature", "id": 6496, "geometry": {"type": "Point", "coordinates": [-80.3553001927718, 39.2716997950896]}, "properties": {"OBJECTID": 6496, "npdes_pfid": "WV0023302C010", "npdes_id": "WV0023302", "permitting_state": "WV", "agency_type_code": "ST6", "facility_uin": "110039951727", "facility_name": "CLARKSBURG SANITARY BOARD", "location_address": "WEST FK ST", "supplemental_address_text": "", "facility_city": "CLARKSBURG", "county_code": "WV033", "state_code": "WV", "epa_region_code": "03", "facility_type_code": "MWD", "facility_lat": 39.3067, "facility_lon": -80.3517, "permit_name": "CLARKSBURG SANITARY BD", "version_nmbr": 0, "permit_type_code": "NPD", "effective_date": 1748736000000, "expiration_date": 1903564800000, "permit_status_code": "EFF", "facility_type_indicator": "POTW", "major_minor_status_flag": "M", "permit_tracking": "Y", "pt_start_date": 1748736000000, "dmr_tracking": "Y", "dmr_nr_start_date": 1748736000000, "permit_design_flow": 8, "permit_avg_flow": null, "perm_feature_nmbr": "C010", "perm_feature_text": "", "pf_lat": 39.2717, "pf_lon": -80.3553, "pf_character": "CSO", "perm_feature_type_code": "EXO", "pf_state_waterbody_name": "WEST FORK RIVER", "pf_state_auto_name": "", "pf_reach_id": "", "in_icis": "YES", "echo_dfr_link": "https://echo.epa.gov/detailed-facility-report?fid=110039951727", "name": "CLARKSBURG SANITARY BOARD", "feature_kind": "CSO outfall"}}, {"type": "Feature", "id": 6497, "geometry": {"type": "Point", "coordinates": [-80.3528001813361, 39.280800341446]}, "properties": {"OBJECTID": 6497, "npdes_pfid": "WV0023302C011", "npdes_id": "WV0023302", "permitting_state": "WV", "agency_type_code": "ST6", "facility_uin": "110039951727", "facility_name": "CLARKSBURG SANITARY BOARD", "location_address": "WEST FK ST", "supplemental_address_text": "", "facility_city": "CLARKSBURG", "county_code": "WV033", "state_code": "WV", "epa_region_code": "03", "facility_type_code": "MWD", "facility_lat": 39.3067, "facility_lon": -80.3517, "permit_name": "CLARKSBURG SANITARY BD", "version_nmbr": 0, "permit_type_code": "NPD", "effective_date": 1748736000000, "expiration_date": 1903564800000, "permit_status_code": "EFF", "facility_type_indicator": "POTW", "major_minor_status_flag": "M", "permit_tracking": "Y", "pt_start_date": 1748736000000, "dmr_tracking": "Y", "dmr_nr_start_date": 1748736000000, "permit_design_flow": 8, "permit_avg_flow": null, "perm_feature_nmbr": "C011", "perm_feature_text": "", "pf_lat": 39.2808, "pf_lon": -80.3528, "pf_character": "CSO", "perm_feature_type_code": "EXO", "pf_state_waterbody_name": "WEST FORK RIVER", "pf_state_auto_name": "", "pf_reach_id": "", "in_icis": "YES", "echo_dfr_link": "https://echo.epa.gov/detailed-facility-report?fid=110039951727", "name": "CLARKSBURG SANITARY BOARD", "feature_kind": "CSO outfall"}}, {"type": "Feature", "id": 6498, "geometry": {"type": "Point", "coordinates": [-80.3563997306796, 39.2757999506767]}, "properties": {"OBJECTID": 6498, "npdes_pfid": "WV0023302C012", "npdes_id": "WV0023302", "permitting_state": "WV", "agency_type_code": "ST6", "facility_uin": "110039951727", "facility_name": "CLARKSBURG SANITARY BOARD", "location_address": "WEST FK ST", "supplemental_address_text": "", "facility_city": "CLARKSBURG", "county_code": "WV033", "state_code": "WV", "epa_region_code": "03", "facility_type_code": "MWD", "facility_lat": 39.3067, "facility_lon": -80.3517, "permit_name": "CLARKSBURG SANITARY BD", "version_nmbr": 0, "permit_type_code": "NPD", "effective_date": 1748736000000, "expiration_date": 1903564800000, "permit_status_code": "EFF", "facility_type_indicator": "POTW", "major_minor_status_flag": "M", "permit_tracking": "Y", "pt_start_date": 1748736000000, "dmr_tracking": "Y", "dmr_nr_start_date": 1748736000000, "permit_design_flow": 8, "permit_avg_flow": null, "perm_feature_nmbr": "C012", "perm_feature_text": "", "pf_lat": 39.2758, "pf_lon": -80.3564, "pf_character": "CSO", "perm_feature_type_code": "EXO", "pf_state_waterbody_name": "WEST FORK RIVER", "pf_state_auto_name": "", "pf_reach_id": "", "in_icis": "YES", "echo_dfr_link": "https://echo.epa.gov/detailed-facility-report?fid=110039951727", "name": "CLARKSBURG SANITARY BOARD", "feature_kind": "CSO outfall"}}, {"type": "Feature", "id": 6499, "geometry": {"type": "Point", "coordinates": [-80.3516997451131, 39.2771997622871]}, "properties": {"OBJECTID": 6499, "npdes_pfid": "WV0023302C013", "npdes_id": "WV0023302", "permitting_state": "WV", "agency_type_code": "ST6", "facility_uin": "110039951727", "facility_name": "CLARKSBURG SANITARY BOARD", "location_address": "WEST FK ST", "supplemental_address_text": "", "facility_city": "CLARKSBURG", "county_code": "WV033", "state_code": "WV", "epa_region_code": "03", "facility_type_code": "MWD", "facility_lat": 39.3067, "facility_lon": -80.3517, "permit_name": "CLARKSBURG SANITARY BD", "version_nmbr": 0, "permit_type_code": "NPD", "effective_date": 1748736000000, "expiration_date": 1903564800000, "permit_status_code": "EFF", "facility_type_indicator": "POTW", "major_minor_status_flag": "M", "permit_tracking": "Y", "pt_start_date": 1748736000000, "dmr_tracking": "Y", "dmr_nr_start_date": 1748736000000, "permit_design_flow": 8, "permit_avg_flow": null, "perm_feature_nmbr": "C013", "perm_feature_text": "", "pf_lat": 39.2772, "pf_lon": -80.3517, "pf_character": "CSO", "perm_feature_type_code": "EXO", "pf_state_waterbody_name": "WEST FORK RIVER", "pf_state_auto_name": "", "pf_reach_id": "", "in_icis": "YES", "echo_dfr_link": "https://echo.epa.gov/detailed-facility-report?fid=110039951727", "name": "CLARKSBURG SANITARY BOARD", "feature_kind": "CSO outfall"}}, {"type": "Feature", "id": 6500, "geometry": {"type": "Point", "coordinates": [-80.3513997078082, 39.2781002721111]}, "properties": {"OBJECTID": 6500, "npdes_pfid": "WV0023302C014", "npdes_id": "WV0023302", "permitting_state": "WV", "agency_type_code": "ST6", "facility_uin": "110039951727", "facility_name": "CLARKSBURG SANITARY BOARD", "location_address": "WEST FK ST", "supplemental_address_text": "", "facility_city": "CLARKSBURG", "county_code": "WV033", "state_code": "WV", "epa_region_code": "03", "facility_type_code": "MWD", "facility_lat": 39.3067, "facility_lon": -80.3517, "permit_name": "CLARKSBURG SANITARY BD", "version_nmbr": 0, "permit_type_code": "NPD", "effective_date": 1748736000000, "expiration_date": 1903564800000, "permit_status_code": "EFF", "facility_type_indicator": "POTW", "major_minor_status_flag": "M", "permit_tracking": "Y", "pt_start_date": 1748736000000, "dmr_tracking": "Y", "dmr_nr_start_date": 1748736000000, "permit_design_flow": 8, "permit_avg_flow": null, "perm_feature_nmbr": "C014", "perm_feature_text": "", "pf_lat": 39.2781, "pf_lon": -80.3514, "pf_character": "CSO", "perm_feature_type_code": "EXO", "pf_state_waterbody_name": "WEST FORK RIVER", "pf_state_auto_name": "", "pf_reach_id": "", "in_icis": "YES", "echo_dfr_link": "https://echo.epa.gov/detailed-facility-report?fid=110039951727", "name": "CLARKSBURG SANITARY BOARD", "feature_kind": "CSO outfall"}}, {"type": "Feature", "id": 6501, "geometry": {"type": "Point", "coordinates": [-80.3491997336774, 39.2806000823438]}, "properties": {"OBJECTID": 6501, "npdes_pfid": "WV0023302C015", "npdes_id": "WV0023302", "permitting_state": "WV", "agency_type_code": "ST6", "facility_uin": "110039951727", "facility_name": "CLARKSBURG SANITARY BOARD", "location_address": "WEST FK ST", "supplemental_address_text": "", "facility_city": "CLARKSBURG", "county_code": "WV033", "state_code": "WV", "epa_region_code": "03", "facility_type_code": "MWD", "facility_lat": 39.3067, "facility_lon": -80.3517, "permit_name": "CLARKSBURG SANITARY BD", "version_nmbr": 0, "permit_type_code": "NPD", "effective_date": 1748736000000, "expiration_date": 1903564800000, "permit_status_code": "EFF", "facility_type_indicator": "POTW", "major_minor_status_flag": "M", "permit_tracking": "Y", "pt_start_date": 1748736000000, "dmr_tracking": "Y", "dmr_nr_start_date": 1748736000000, "permit_design_flow": 8, "permit_avg_flow": null, "perm_feature_nmbr": "C015", "perm_feature_text": "", "pf_lat": 39.2806, "pf_lon": -80.3492, "pf_character": "CSO", "perm_feature_type_code": "EXO", "pf_state_waterbody_name": "WEST FORK RIVER", "pf_state_auto_name": "", "pf_reach_id": "", "in_icis": "YES", "echo_dfr_link": "https://echo.epa.gov/detailed-facility-report?fid=110039951727", "name": "CLARKSBURG SANITARY BOARD", "feature_kind": "CSO outfall"}}, {"type": "Feature", "id": 6502, "geometry": {"type": "Point", "coordinates": [-80.3500001325955, 39.2782998429916]}, "properties": {"OBJECTID": 6502, "npdes_pfid": "WV0023302C016", "npdes_id": "WV0023302", "permitting_state": "WV", "agency_type_code": "ST6", "facility_uin": "110039951727", "facility_name": "CLARKSBURG SANITARY BOARD", "location_address": "WEST FK ST", "supplemental_address_text": "", "facility_city": "CLARKSBURG", "county_code": "WV033", "state_code": "WV", "epa_region_code": "03", "facility_type_code": "MWD", "facility_lat": 39.3067, "facility_lon": -80.3517, "permit_name": "CLARKSBURG SANITARY BD", "version_nmbr": 0, "permit_type_code": "NPD", "effective_date": 1748736000000, "expiration_date": 1903564800000, "permit_status_code": "EFF", "facility_type_indicator": "POTW", "major_minor_status_flag": "M", "permit_tracking": "Y", "pt_start_date": 1748736000000, "dmr_tracking": "Y", "dmr_nr_start_date": 1748736000000, "permit_design_flow": 8, "permit_avg_flow": null, "perm_feature_nmbr": "C016", "perm_feature_text": "", "pf_lat": 39.2783, "pf_lon": -80.35, "pf_character": "CSO", "perm_feature_type_code": "EXO", "pf_state_waterbody_name": "WEST FORK RIVER", "pf_state_auto_name": "", "pf_reach_id": "", "in_icis": "YES", "echo_dfr_link": "https://echo.epa.gov/detailed-facility-report?fid=110039951727", "name": "CLARKSBURG SANITARY BOARD", "feature_kind": "CSO outfall"}}, {"type": "Feature", "id": 6503, "geometry": {"type": "Point", "coordinates": [-80.3432995988913, 39.2867000792742]}, "properties": {"OBJECTID": 6503, "npdes_pfid": "WV0023302C017", "npdes_id": "WV0023302", "permitting_state": "WV", "agency_type_code": "ST6", "facility_uin": "110039951727", "facility_name": "CLARKSBURG SANITARY BOARD", "location_address": "WEST FK ST", "supplemental_address_text": "", "facility_city": "CLARKSBURG", "county_code": "WV033", "state_code": "WV", "epa_region_code": "03", "facility_type_code": "MWD", "facility_lat": 39.3067, "facility_lon": -80.3517, "permit_name": "CLARKSBURG SANITARY BD", "version_nmbr": 0, "permit_type_code": "NPD", "effective_date": 1748736000000, "expiration_date": 1903564800000, "permit_status_code": "EFF", "facility_type_indicator": "POTW", "major_minor_status_flag": "M", "permit_tracking": "Y", "pt_start_date": 1748736000000, "dmr_tracking": "Y", "dmr_nr_start_date": 1748736000000, "permit_design_flow": 8, "permit_avg_flow": null, "perm_feature_nmbr": "C017", "perm_feature_text": "", "pf_lat": 39.2867, "pf_lon": -80.3433, "pf_character": "CSO", "perm_feature_type_code": "EXO", "pf_state_waterbody_name": "WEST FORK RIVER", "pf_state_auto_name": "", "pf_reach_id": "", "in_icis": "YES", "echo_dfr_link": "https://echo.epa.gov/detailed-facility-report?fid=110039951727", "name": "CLARKSBURG SANITARY BOARD", "feature_kind": "CSO outfall"}}, {"type": "Feature", "id": 6504, "geometry": {"type": "Point", "coordinates": [-80.3494000579858, 39.2797003000071]}, "properties": {"OBJECTID": 6504, "npdes_pfid": "WV0023302C018", "npdes_id": "WV0023302", "permitting_state": "WV", "agency_type_code": "ST6", "facility_uin": "110039951727", "facility_name": "CLARKSBURG SANITARY BOARD", "location_address": "WEST FK ST", "supplemental_address_text": "", "facility_city": "CLARKSBURG", "county_code": "WV033", "state_code": "WV", "epa_region_code": "03", "facility_type_code": "MWD", "facility_lat": 39.3067, "facility_lon": -80.3517, "permit_name": "CLARKSBURG SANITARY BD", "version_nmbr": 0, "permit_type_code": "NPD", "effective_date": 1748736000000, "expiration_date": 1903564800000, "permit_status_code": "EFF", "facility_type_indicator": "POTW", "major_minor_status_flag": "M", "permit_tracking": "Y", "pt_start_date": 1748736000000, "dmr_tracking": "Y", "dmr_nr_start_date": 1748736000000, "permit_design_flow": 8, "permit_avg_flow": null, "perm_feature_nmbr": "C018", "perm_feature_text": "", "pf_lat": 39.2797, "pf_lon": -80.3494, "pf_character": "CSO", "perm_feature_type_code": "EXO", "pf_state_waterbody_name": "WEST FORK RIVER", "pf_state_auto_name": "", "pf_reach_id": "", "in_icis": "YES", "echo_dfr_link": "https://echo.epa.gov/detailed-facility-report?fid=110039951727", "name": "CLARKSBURG SANITARY BOARD", "feature_kind": "CSO outfall"}}, {"type": "Feature", "id": 6505, "geometry": {"type": "Point", "coordinates": [-80.3416996993703, 39.2833000553274]}, "properties": {"OBJECTID": 6505, "npdes_pfid": "WV0023302C019", "npdes_id": "WV0023302", "permitting_state": "WV", "agency_type_code": "ST6", "facility_uin": "110039951727", "facility_name": "CLARKSBURG SANITARY BOARD", "location_address": "WEST FK ST", "supplemental_address_text": "", "facility_city": "CLARKSBURG", "county_code": "WV033", "state_code": "WV", "epa_region_code": "03", "facility_type_code": "MWD", "facility_lat": 39.3067, "facility_lon": -80.3517, "permit_name": "CLARKSBURG SANITARY BD", "version_nmbr": 0, "permit_type_code": "NPD", "effective_date": 1748736000000, "expiration_date": 1903564800000, "permit_status_code": "EFF", "facility_type_indicator": "POTW", "major_minor_status_flag": "M", "permit_tracking": "Y", "pt_start_date": 1748736000000, "dmr_tracking": "Y", "dmr_nr_start_date": 1748736000000, "permit_design_flow": 8, "permit_avg_flow": null, "perm_feature_nmbr": "C019", "perm_feature_text": "", "pf_lat": 39.2833, "pf_lon": -80.3417, "pf_character": "CSO", "perm_feature_type_code": "EXO", "pf_state_waterbody_name": "WEST FORK RIVER", "pf_state_auto_name": "", "pf_reach_id": "", "in_icis": "YES", "echo_dfr_link": "https://echo.epa.gov/detailed-facility-report?fid=110039951727", "name": "CLARKSBURG SANITARY BOARD", "feature_kind": "CSO outfall"}}, {"type": "Feature", "id": 6506, "geometry": {"type": "Point", "coordinates": [-80.3516997451131, 39.2818996702782]}, "properties": {"OBJECTID": 6506, "npdes_pfid": "WV0023302C020", "npdes_id": "WV0023302", "permitting_state": "WV", "agency_type_code": "ST6", "facility_uin": "110039951727", "facility_name": "CLARKSBURG SANITARY BOARD", "location_address": "WEST FK ST", "supplemental_address_text": "", "facility_city": "CLARKSBURG", "county_code": "WV033", "state_code": "WV", "epa_region_code": "03", "facility_type_code": "MWD", "facility_lat": 39.3067, "facility_lon": -80.3517, "permit_name": "CLARKSBURG SANITARY BD", "version_nmbr": 0, "permit_type_code": "NPD", "effective_date": 1748736000000, "expiration_date": 1903564800000, "permit_status_code": "EFF", "facility_type_indicator": "POTW", "major_minor_status_flag": "M", "permit_tracking": "Y", "pt_start_date": 1748736000000, "dmr_tracking": "Y", "dmr_nr_start_date": 1748736000000, "permit_design_flow": 8, "permit_avg_flow": null, "perm_feature_nmbr": "C020", "perm_feature_text": "", "pf_lat": 39.2819, "pf_lon": -80.3517, "pf_character": "CSO", "perm_feature_type_code": "EXO", "pf_state_waterbody_name": "WEST FORK RIVER", "pf_state_auto_name": "", "pf_reach_id": "", "in_icis": "YES", "echo_dfr_link": "https://echo.epa.gov/detailed-facility-report?fid=110039951727", "name": "CLARKSBURG SANITARY BOARD", "feature_kind": "CSO outfall"}}, {"type": "Feature", "id": 6507, "geometry": {"type": "Point", "coordinates": [-80.3407995874556, 39.2830998033715]}, "properties": {"OBJECTID": 6507, "npdes_pfid": "WV0023302C021", "npdes_id": "WV0023302", "permitting_state": "WV", "agency_type_code": "ST6", "facility_uin": "110039951727", "facility_name": "CLARKSBURG SANITARY BOARD", "location_address": "WEST FK ST", "supplemental_address_text": "", "facility_city": "CLARKSBURG", "county_code": "WV033", "state_code": "WV", "epa_region_code": "03", "facility_type_code": "MWD", "facility_lat": 39.3067, "facility_lon": -80.3517, "permit_name": "CLARKSBURG SANITARY BD", "version_nmbr": 0, "permit_type_code": "NPD", "effective_date": 1748736000000, "expiration_date": 1903564800000, "permit_status_code": "EFF", "facility_type_indicator": "POTW", "major_minor_status_flag": "M", "permit_tracking": "Y", "pt_start_date": 1748736000000, "dmr_tracking": "Y", "dmr_nr_start_date": 1748736000000, "permit_design_flow": 8, "permit_avg_flow": null, "perm_feature_nmbr": "C021", "perm_feature_text": "", "pf_lat": 39.2831, "pf_lon": -80.3408, "pf_character": "CSO", "perm_feature_type_code": "EXO", "pf_state_waterbody_name": "WEST FORK RIVER", "pf_state_auto_name": "", "pf_reach_id": "", "in_icis": "YES", "echo_dfr_link": "https://echo.epa.gov/detailed-facility-report?fid=110039951727", "name": "CLARKSBURG SANITARY BOARD", "feature_kind": "CSO outfall"}}, {"type": "Feature", "id": 6508, "geometry": {"type": "Point", "coordinates": [-80.3522001067264, 39.284400040236]}, "properties": {"OBJECTID": 6508, "npdes_pfid": "WV0023302C022", "npdes_id": "WV0023302", "permitting_state": "WV", "agency_type_code": "ST6", "facility_uin": "110039951727", "facility_name": "CLARKSBURG SANITARY BOARD", "location_address": "WEST FK ST", "supplemental_address_text": "", "facility_city": "CLARKSBURG", "county_code": "WV033", "state_code": "WV", "epa_region_code": "03", "facility_type_code": "MWD", "facility_lat": 39.3067, "facility_lon": -80.3517, "permit_name": "CLARKSBURG SANITARY BD", "version_nmbr": 0, "permit_type_code": "NPD", "effective_date": 1748736000000, "expiration_date": 1903564800000, "permit_status_code": "EFF", "facility_type_indicator": "POTW", "major_minor_status_flag": "M", "permit_tracking": "Y", "pt_start_date": 1748736000000, "dmr_tracking": "Y", "dmr_nr_start_date": 1748736000000, "permit_design_flow": 8, "permit_avg_flow": null, "perm_feature_nmbr": "C022", "perm_feature_text": "", "pf_lat": 39.2844, "pf_lon": -80.3522, "pf_character": "CSO", "perm_feature_type_code": "EXO", "pf_state_waterbody_name": "WEST FORK RIVER", "pf_state_auto_name": "", "pf_reach_id": "", "in_icis": "YES", "echo_dfr_link": "https://echo.epa.gov/detailed-facility-report?fid=110039951727", "name": "CLARKSBURG SANITARY BOARD", "feature_kind": "CSO outfall"}}, {"type": "Feature", "id": 6509, "geometry": {"type": "Point", "coordinates": [-80.3403001241576, 39.2828001196876]}, "properties": {"OBJECTID": 6509, "npdes_pfid": "WV0023302C023", "npdes_id": "WV0023302", "permitting_state": "WV", "agency_type_code": "ST6", "facility_uin": "110039951727", "facility_name": "CLARKSBURG SANITARY BOARD", "location_address": "WEST FK ST", "supplemental_address_text": "", "facility_city": "CLARKSBURG", "county_code": "WV033", "state_code": "WV", "epa_region_code": "03", "facility_type_code": "MWD", "facility_lat": 39.3067, "facility_lon": -80.3517, "permit_name": "CLARKSBURG SANITARY BD", "version_nmbr": 0, "permit_type_code": "NPD", "effective_date": 1748736000000, "expiration_date": 1903564800000, "permit_status_code": "EFF", "facility_type_indicator": "POTW", "major_minor_status_flag": "M", "permit_tracking": "Y", "pt_start_date": 1748736000000, "dmr_tracking": "Y", "dmr_nr_start_date": 1748736000000, "permit_design_flow": 8, "permit_avg_flow": null, "perm_feature_nmbr": "C023", "perm_feature_text": "", "pf_lat": 39.2828, "pf_lon": -80.3403, "pf_character": "CSO", "perm_feature_type_code": "EXO", "pf_state_waterbody_name": "WEST FORK RIVER", "pf_state_auto_name": "", "pf_reach_id": "", "in_icis": "YES", "echo_dfr_link": "https://echo.epa.gov/detailed-facility-report?fid=110039951727", "name": "CLARKSBURG SANITARY BOARD", "feature_kind": "CSO outfall"}}, {"type": "Feature", "id": 6510, "geometry": {"type": "Point", "coordinates": [-80.3391996879346, 39.2822000531439]}, "properties": {"OBJECTID": 6510, "npdes_pfid": "WV0023302C025", "npdes_id": "WV0023302", "permitting_state": "WV", "agency_type_code": "ST6", "facility_uin": "110039951727", "facility_name": "CLARKSBURG SANITARY BOARD", "location_address": "WEST FK ST", "supplemental_address_text": "", "facility_city": "CLARKSBURG", "county_code": "WV033", "state_code": "WV", "epa_region_code": "03", "facility_type_code": "MWD", "facility_lat": 39.3067, "facility_lon": -80.3517, "permit_name": "CLARKSBURG SANITARY BD", "version_nmbr": 0, "permit_type_code": "NPD", "effective_date": 1748736000000, "expiration_date": 1903564800000, "permit_status_code": "EFF", "facility_type_indicator": "POTW", "major_minor_status_flag": "M", "permit_tracking": "Y", "pt_start_date": 1748736000000, "dmr_tracking": "Y", "dmr_nr_start_date": 1748736000000, "permit_design_flow": 8, "permit_avg_flow": null, "perm_feature_nmbr": "C025", "perm_feature_text": "", "pf_lat": 39.2822, "pf_lon": -80.3392, "pf_character": "CSO", "perm_feature_type_code": "EXO", "pf_state_waterbody_name": "WEST FORK RIVER", "pf_state_auto_name": "", "pf_reach_id": "", "in_icis": "YES", "echo_dfr_link": "https://echo.epa.gov/detailed-facility-report?fid=110039951727", "name": "CLARKSBURG SANITARY BOARD", "feature_kind": "CSO outfall"}}, {"type": "Feature", "id": 6511, "geometry": {"type": "Point", "coordinates": [-80.3381001500268, 39.2818996702782]}, "properties": {"OBJECTID": 6511, "npdes_pfid": "WV0023302C027", "npdes_id": "WV0023302", "permitting_state": "WV", "agency_type_code": "ST6", "facility_uin": "110039951727", "facility_name": "CLARKSBURG SANITARY BOARD", "location_address": "WEST FK ST", "supplemental_address_text": "", "facility_city": "CLARKSBURG", "county_code": "WV033", "state_code": "WV", "epa_region_code": "03", "facility_type_code": "MWD", "facility_lat": 39.3067, "facility_lon": -80.3517, "permit_name": "CLARKSBURG SANITARY BD", "version_nmbr": 0, "permit_type_code": "NPD", "effective_date": 1748736000000, "expiration_date": 1903564800000, "permit_status_code": "EFF", "facility_type_indicator": "POTW", "major_minor_status_flag": "M", "permit_tracking": "Y", "pt_start_date": 1748736000000, "dmr_tracking": "Y", "dmr_nr_start_date": 1748736000000, "permit_design_flow": 8, "permit_avg_flow": null, "perm_feature_nmbr": "C027", "perm_feature_text": "", "pf_lat": 39.2819, "pf_lon": -80.3381, "pf_character": "CSO", "perm_feature_type_code": "EXO", "pf_state_waterbody_name": "WEST FORK RIVER", "pf_state_auto_name": "", "pf_reach_id": "", "in_icis": "YES", "echo_dfr_link": "https://echo.epa.gov/detailed-facility-report?fid=110039951727", "name": "CLARKSBURG SANITARY BOARD", "feature_kind": "CSO outfall"}}, {"type": "Feature", "id": 6512, "geometry": {"type": "Point", "coordinates": [-80.3516997451131, 39.2846997170746]}, "properties": {"OBJECTID": 6512, "npdes_pfid": "WV0023302C028", "npdes_id": "WV0023302", "permitting_state": "WV", "agency_type_code": "ST6", "facility_uin": "110039951727", "facility_name": "CLARKSBURG SANITARY BOARD", "location_address": "WEST FK ST", "supplemental_address_text": "", "facility_city": "CLARKSBURG", "county_code": "WV033", "state_code": "WV", "epa_region_code": "03", "facility_type_code": "MWD", "facility_lat": 39.3067, "facility_lon": -80.3517, "permit_name": "CLARKSBURG SANITARY BD", "version_nmbr": 0, "permit_type_code": "NPD", "effective_date": 1748736000000, "expiration_date": 1903564800000, "permit_status_code": "EFF", "facility_type_indicator": "POTW", "major_minor_status_flag": "M", "permit_tracking": "Y", "pt_start_date": 1748736000000, "dmr_tracking": "Y", "dmr_nr_start_date": 1748736000000, "permit_design_flow": 8, "permit_avg_flow": null, "perm_feature_nmbr": "C028", "perm_feature_text": "", "pf_lat": 39.2847, "pf_lon": -80.3517, "pf_character": "CSO", "perm_feature_type_code": "EXO", "pf_state_waterbody_name": "WEST FORK RIVER", "pf_state_auto_name": "", "pf_reach_id": "", "in_icis": "YES", "echo_dfr_link": "https://echo.epa.gov/detailed-facility-report?fid=110039951727", "name": "CLARKSBURG SANITARY BOARD", "feature_kind": "CSO outfall"}}, {"type": "Feature", "id": 6513, "geometry": {"type": "Point", "coordinates": [-80.3425000982884, 39.2857996800019]}, "properties": {"OBJECTID": 6513, "npdes_pfid": "WV0023302C030", "npdes_id": "WV0023302", "permitting_state": "WV", "agency_type_code": "ST6", "facility_uin": "110039951727", "facility_name": "CLARKSBURG SANITARY BOARD", "location_address": "WEST FK ST", "supplemental_address_text": "", "facility_city": "CLARKSBURG", "county_code": "WV033", "state_code": "WV", "epa_region_code": "03", "facility_type_code": "MWD", "facility_lat": 39.3067, "facility_lon": -80.3517, "permit_name": "CLARKSBURG SANITARY BD", "version_nmbr": 0, "permit_type_code": "NPD", "effective_date": 1748736000000, "expiration_date": 1903564800000, "permit_status_code": "EFF", "facility_type_indicator": "POTW", "major_minor_status_flag": "M", "permit_tracking": "Y", "pt_start_date": 1748736000000, "dmr_tracking": "Y", "dmr_nr_start_date": 1748736000000, "permit_design_flow": 8, "permit_avg_flow": null, "perm_feature_nmbr": "C030", "perm_feature_text": "", "pf_lat": 39.2858, "pf_lon": -80.3425, "pf_character": "CSO", "perm_feature_type_code": "EXO", "pf_state_waterbody_name": "WEST FORK RIVER", "pf_state_auto_name": "", "pf_reach_id": "", "in_icis": "YES", "echo_dfr_link": "https://echo.epa.gov/detailed-facility-report?fid=110039951727", "name": "CLARKSBURG SANITARY BOARD", "feature_kind": "CSO outfall"}}, {"type": "Feature", "id": 6514, "geometry": {"type": "Point", "coordinates": [-80.3343999893715, 39.2818996702782]}, "properties": {"OBJECTID": 6514, "npdes_pfid": "WV0023302C033", "npdes_id": "WV0023302", "permitting_state": "WV", "agency_type_code": "ST6", "facility_uin": "110039951727", "facility_name": "CLARKSBURG SANITARY BOARD", "location_address": "WEST FK ST", "supplemental_address_text": "", "facility_city": "CLARKSBURG", "county_code": "WV033", "state_code": "WV", "epa_region_code": "03", "facility_type_code": "MWD", "facility_lat": 39.3067, "facility_lon": -80.3517, "permit_name": "CLARKSBURG SANITARY BD", "version_nmbr": 0, "permit_type_code": "NPD", "effective_date": 1748736000000, "expiration_date": 1903564800000, "permit_status_code": "EFF", "facility_type_indicator": "POTW", "major_minor_status_flag": "M", "permit_tracking": "Y", "pt_start_date": 1748736000000, "dmr_tracking": "Y", "dmr_nr_start_date": 1748736000000, "permit_design_flow": 8, "permit_avg_flow": null, "perm_feature_nmbr": "C033", "perm_feature_text": "", "pf_lat": 39.2819, "pf_lon": -80.3344, "pf_character": "CSO", "perm_feature_type_code": "EXO", "pf_state_waterbody_name": "WEST FORK RIVER", "pf_state_auto_name": "", "pf_reach_id": "", "in_icis": "YES", "echo_dfr_link": "https://echo.epa.gov/detailed-facility-report?fid=110039951727", "name": "CLARKSBURG SANITARY BOARD", "feature_kind": "CSO outfall"}}, {"type": "Feature", "id": 6515, "geometry": {"type": "Point", "coordinates": [-80.3343999893715, 39.2807002119665]}, "properties": {"OBJECTID": 6515, "npdes_pfid": "WV0023302C034", "npdes_id": "WV0023302", "permitting_state": "WV", "agency_type_code": "ST6", "facility_uin": "110039951727", "facility_name": "CLARKSBURG SANITARY BOARD", "location_address": "WEST FK ST", "supplemental_address_text": "", "facility_city": "CLARKSBURG", "county_code": "WV033", "state_code": "WV", "epa_region_code": "03", "facility_type_code": "MWD", "facility_lat": 39.3067, "facility_lon": -80.3517, "permit_name": "CLARKSBURG SANITARY BD", "version_nmbr": 0, "permit_type_code": "NPD", "effective_date": 1748736000000, "expiration_date": 1903564800000, "permit_status_code": "EFF", "facility_type_indicator": "POTW", "major_minor_status_flag": "M", "permit_tracking": "Y", "pt_start_date": 1748736000000, "dmr_tracking": "Y", "dmr_nr_start_date": 1748736000000, "permit_design_flow": 8, "permit_avg_flow": null, "perm_feature_nmbr": "C034", "perm_feature_text": "", "pf_lat": 39.2807, "pf_lon": -80.3344, "pf_character": "CSO", "perm_feature_type_code": "EXO", "pf_state_waterbody_name": "WEST FORK RIVER", "pf_state_auto_name": "", "pf_reach_id": "", "in_icis": "YES", "echo_dfr_link": "https://echo.epa.gov/detailed-facility-report?fid=110039951727", "name": "CLARKSBURG SANITARY BOARD", "feature_kind": "CSO outfall"}}, {"type": "Feature", "id": 6516, "geometry": {"type": "Point", "coordinates": [-80.3347000266764, 39.2786002412939]}, "properties": {"OBJECTID": 6516, "npdes_pfid": "WV0023302C036", "npdes_id": "WV0023302", "permitting_state": "WV", "agency_type_code": "ST6", "facility_uin": "110039951727", "facility_name": "CLARKSBURG SANITARY BOARD", "location_address": "WEST FK ST", "supplemental_address_text": "", "facility_city": "CLARKSBURG", "county_code": "WV033", "state_code": "WV", "epa_region_code": "03", "facility_type_code": "MWD", "facility_lat": 39.3067, "facility_lon": -80.3517, "permit_name": "CLARKSBURG SANITARY BD", "version_nmbr": 0, "permit_type_code": "NPD", "effective_date": 1748736000000, "expiration_date": 1903564800000, "permit_status_code": "EFF", "facility_type_indicator": "POTW", "major_minor_status_flag": "M", "permit_tracking": "Y", "pt_start_date": 1748736000000, "dmr_tracking": "Y", "dmr_nr_start_date": 1748736000000, "permit_design_flow": 8, "permit_avg_flow": null, "perm_feature_nmbr": "C036", "perm_feature_text": "", "pf_lat": 39.2786, "pf_lon": -80.3347, "pf_character": "CSO", "perm_feature_type_code": "EXO", "pf_state_waterbody_name": "WEST FORK RIVER", "pf_state_auto_name": "", "pf_reach_id": "", "in_icis": "YES", "echo_dfr_link": "https://echo.epa.gov/detailed-facility-report?fid=110039951727", "name": "CLARKSBURG SANITARY BOARD", "feature_kind": "CSO outfall"}}, {"type": "Feature", "id": 6517, "geometry": {"type": "Point", "coordinates": [-80.3347000266764, 39.2777998716649]}, "properties": {"OBJECTID": 6517, "npdes_pfid": "WV0023302C038", "npdes_id": "WV0023302", "permitting_state": "WV", "agency_type_code": "ST6", "facility_uin": "110039951727", "facility_name": "CLARKSBURG SANITARY BOARD", "location_address": "WEST FK ST", "supplemental_address_text": "", "facility_city": "CLARKSBURG", "county_code": "WV033", "state_code": "WV", "epa_region_code": "03", "facility_type_code": "MWD", "facility_lat": 39.3067, "facility_lon": -80.3517, "permit_name": "CLARKSBURG SANITARY BD", "version_nmbr": 0, "permit_type_code": "NPD", "effective_date": 1748736000000, "expiration_date": 1903564800000, "permit_status_code": "EFF", "facility_type_indicator": "POTW", "major_minor_status_flag": "M", "permit_tracking": "Y", "pt_start_date": 1748736000000, "dmr_tracking": "Y", "dmr_nr_start_date": 1748736000000, "permit_design_flow": 8, "permit_avg_flow": null, "perm_feature_nmbr": "C038", "perm_feature_text": "", "pf_lat": 39.2778, "pf_lon": -80.3347, "pf_character": "CSO", "perm_feature_type_code": "EXO", "pf_state_waterbody_name": "WEST FORK RIVER", "pf_state_auto_name": "", "pf_reach_id": "", "in_icis": "YES", "echo_dfr_link": "https://echo.epa.gov/detailed-facility-report?fid=110039951727", "name": "CLARKSBURG SANITARY BOARD", "feature_kind": "CSO outfall"}}, {"type": "Feature", "id": 6518, "geometry": {"type": "Point", "coordinates": [-80.3350000639813, 39.2757999506767]}, "properties": {"OBJECTID": 6518, "npdes_pfid": "WV0023302C040", "npdes_id": "WV0023302", "permitting_state": "WV", "agency_type_code": "ST6", "facility_uin": "110039951727", "facility_name": "CLARKSBURG SANITARY BOARD", "location_address": "WEST FK ST", "supplemental_address_text": "", "facility_city": "CLARKSBURG", "county_code": "WV033", "state_code": "WV", "epa_region_code": "03", "facility_type_code": "MWD", "facility_lat": 39.3067, "facility_lon": -80.3517, "permit_name": "CLARKSBURG SANITARY BD", "version_nmbr": 0, "permit_type_code": "NPD", "effective_date": 1748736000000, "expiration_date": 1903564800000, "permit_status_code": "EFF", "facility_type_indicator": "POTW", "major_minor_status_flag": "M", "permit_tracking": "Y", "pt_start_date": 1748736000000, "dmr_tracking": "Y", "dmr_nr_start_date": 1748736000000, "permit_design_flow": 8, "permit_avg_flow": null, "perm_feature_nmbr": "C040", "perm_feature_text": "", "pf_lat": 39.2758, "pf_lon": -80.335, "pf_character": "CSO", "perm_feature_type_code": "EXO", "pf_state_waterbody_name": "WEST FORK RIVER", "pf_state_auto_name": "", "pf_reach_id": "", "in_icis": "YES", "echo_dfr_link": "https://echo.epa.gov/detailed-facility-report?fid=110039951727", "name": "CLARKSBURG SANITARY BOARD", "feature_kind": "CSO outfall"}}, {"type": "Feature", "id": 6519, "geometry": {"type": "Point", "coordinates": [-80.3360996018891, 39.2744001110981]}, "properties": {"OBJECTID": 6519, "npdes_pfid": "WV0023302C042", "npdes_id": "WV0023302", "permitting_state": "WV", "agency_type_code": "ST6", "facility_uin": "110039951727", "facility_name": "CLARKSBURG SANITARY BOARD", "location_address": "WEST FK ST", "supplemental_address_text": "", "facility_city": "CLARKSBURG", "county_code": "WV033", "state_code": "WV", "epa_region_code": "03", "facility_type_code": "MWD", "facility_lat": 39.3067, "facility_lon": -80.3517, "permit_name": "CLARKSBURG SANITARY BD", "version_nmbr": 0, "permit_type_code": "NPD", "effective_date": 1748736000000, "expiration_date": 1903564800000, "permit_status_code": "EFF", "facility_type_indicator": "POTW", "major_minor_status_flag": "M", "permit_tracking": "Y", "pt_start_date": 1748736000000, "dmr_tracking": "Y", "dmr_nr_start_date": 1748736000000, "permit_design_flow": 8, "permit_avg_flow": null, "perm_feature_nmbr": "C042", "perm_feature_text": "", "pf_lat": 39.2744, "pf_lon": -80.3361, "pf_character": "CSO", "perm_feature_type_code": "EXO", "pf_state_waterbody_name": "WEST FORK RIVER", "pf_state_auto_name": "", "pf_reach_id": "", "in_icis": "YES", "echo_dfr_link": "https://echo.epa.gov/detailed-facility-report?fid=110039951727", "name": "CLARKSBURG SANITARY BOARD", "feature_kind": "CSO outfall"}}, {"type": "Feature", "id": 6520, "geometry": {"type": "Point", "coordinates": [-80.3343999893715, 39.2719000796336]}, "properties": {"OBJECTID": 6520, "npdes_pfid": "WV0023302C044", "npdes_id": "WV0023302", "permitting_state": "WV", "agency_type_code": "ST6", "facility_uin": "110039951727", "facility_name": "CLARKSBURG SANITARY BOARD", "location_address": "WEST FK ST", "supplemental_address_text": "", "facility_city": "CLARKSBURG", "county_code": "WV033", "state_code": "WV", "epa_region_code": "03", "facility_type_code": "MWD", "facility_lat": 39.3067, "facility_lon": -80.3517, "permit_name": "CLARKSBURG SANITARY BD", "version_nmbr": 0, "permit_type_code": "NPD", "effective_date": 1748736000000, "expiration_date": 1903564800000, "permit_status_code": "EFF", "facility_type_indicator": "POTW", "major_minor_status_flag": "M", "permit_tracking": "Y", "pt_start_date": 1748736000000, "dmr_tracking": "Y", "dmr_nr_start_date": 1748736000000, "permit_design_flow": 8, "permit_avg_flow": null, "perm_feature_nmbr": "C044", "perm_feature_text": "", "pf_lat": 39.2719, "pf_lon": -80.3344, "pf_character": "CSO", "perm_feature_type_code": "EXO", "pf_state_waterbody_name": "WEST FORK RIVER", "pf_state_auto_name": "", "pf_reach_id": "", "in_icis": "YES", "echo_dfr_link": "https://echo.epa.gov/detailed-facility-report?fid=110039951727", "name": "CLARKSBURG SANITARY BOARD", "feature_kind": "CSO outfall"}}, {"type": "Feature", "id": 6521, "geometry": {"type": "Point", "coordinates": [-80.3350000639813, 39.2786002412939]}, "properties": {"OBJECTID": 6521, "npdes_pfid": "WV0023302C045", "npdes_id": "WV0023302", "permitting_state": "WV", "agency_type_code": "ST6", "facility_uin": "110039951727", "facility_name": "CLARKSBURG SANITARY BOARD", "location_address": "WEST FK ST", "supplemental_address_text": "", "facility_city": "CLARKSBURG", "county_code": "WV033", "state_code": "WV", "epa_region_code": "03", "facility_type_code": "MWD", "facility_lat": 39.3067, "facility_lon": -80.3517, "permit_name": "CLARKSBURG SANITARY BD", "version_nmbr": 0, "permit_type_code": "NPD", "effective_date": 1748736000000, "expiration_date": 1903564800000, "permit_status_code": "EFF", "facility_type_indicator": "POTW", "major_minor_status_flag": "M", "permit_tracking": "Y", "pt_start_date": 1748736000000, "dmr_tracking": "Y", "dmr_nr_start_date": 1748736000000, "permit_design_flow": 8, "permit_avg_flow": null, "perm_feature_nmbr": "C045", "perm_feature_text": "", "pf_lat": 39.2786, "pf_lon": -80.335, "pf_character": "CSO", "perm_feature_type_code": "EXO", "pf_state_waterbody_name": "WEST FORK RIVER", "pf_state_auto_name": "", "pf_reach_id": "", "in_icis": "YES", "echo_dfr_link": "https://echo.epa.gov/detailed-facility-report?fid=110039951727", "name": "CLARKSBURG SANITARY BOARD", "feature_kind": "CSO outfall"}}, {"type": "Feature", "id": 6522, "geometry": {"type": "Point", "coordinates": [-80.3343999893715, 39.2721998099477]}, "properties": {"OBJECTID": 6522, "npdes_pfid": "WV0023302C046", "npdes_id": "WV0023302", "permitting_state": "WV", "agency_type_code": "ST6", "facility_uin": "110039951727", "facility_name": "CLARKSBURG SANITARY BOARD", "location_address": "WEST FK ST", "supplemental_address_text": "", "facility_city": "CLARKSBURG", "county_code": "WV033", "state_code": "WV", "epa_region_code": "03", "facility_type_code": "MWD", "facility_lat": 39.3067, "facility_lon": -80.3517, "permit_name": "CLARKSBURG SANITARY BD", "version_nmbr": 0, "permit_type_code": "NPD", "effective_date": 1748736000000, "expiration_date": 1903564800000, "permit_status_code": "EFF", "facility_type_indicator": "POTW", "major_minor_status_flag": "M", "permit_tracking": "Y", "pt_start_date": 1748736000000, "dmr_tracking": "Y", "dmr_nr_start_date": 1748736000000, "permit_design_flow": 8, "permit_avg_flow": null, "perm_feature_nmbr": "C046", "perm_feature_text": "", "pf_lat": 39.2722, "pf_lon": -80.3344, "pf_character": "CSO", "perm_feature_type_code": "EXO", "pf_state_waterbody_name": "WEST FORK RIVER", "pf_state_auto_name": "", "pf_reach_id": "", "in_icis": "YES", "echo_dfr_link": "https://echo.epa.gov/detailed-facility-report?fid=110039951727", "name": "CLARKSBURG SANITARY BOARD", "feature_kind": "CSO outfall"}}, {"type": "Feature", "id": 6523, "geometry": {"type": "Point", "coordinates": [-80.3350000639813, 39.2777998716649]}, "properties": {"OBJECTID": 6523, "npdes_pfid": "WV0023302C047", "npdes_id": "WV0023302", "permitting_state": "WV", "agency_type_code": "ST6", "facility_uin": "110039951727", "facility_name": "CLARKSBURG SANITARY BOARD", "location_address": "WEST FK ST", "supplemental_address_text": "", "facility_city": "CLARKSBURG", "county_code": "WV033", "state_code": "WV", "epa_region_code": "03", "facility_type_code": "MWD", "facility_lat": 39.3067, "facility_lon": -80.3517, "permit_name": "CLARKSBURG SANITARY BD", "version_nmbr": 0, "permit_type_code": "NPD", "effective_date": 1748736000000, "expiration_date": 1903564800000, "permit_status_code": "EFF", "facility_type_indicator": "POTW", "major_minor_status_flag": "M", "permit_tracking": "Y", "pt_start_date": 1748736000000, "dmr_tracking": "Y", "dmr_nr_start_date": 1748736000000, "permit_design_flow": 8, "permit_avg_flow": null, "perm_feature_nmbr": "C047", "perm_feature_text": "", "pf_lat": 39.2778, "pf_lon": -80.335, "pf_character": "CSO", "perm_feature_type_code": "EXO", "pf_state_waterbody_name": "WEST FORK RIVER", "pf_state_auto_name": "", "pf_reach_id": "", "in_icis": "YES", "echo_dfr_link": "https://echo.epa.gov/detailed-facility-report?fid=110039951727", "name": "CLARKSBURG SANITARY BOARD", "feature_kind": "CSO outfall"}}, {"type": "Feature", "id": 6524, "geometry": {"type": "Point", "coordinates": [-80.3350000639813, 39.2771997622871]}, "properties": {"OBJECTID": 6524, "npdes_pfid": "WV0023302C049", "npdes_id": "WV0023302", "permitting_state": "WV", "agency_type_code": "ST6", "facility_uin": "110039951727", "facility_name": "CLARKSBURG SANITARY BOARD", "location_address": "WEST FK ST", "supplemental_address_text": "", "facility_city": "CLARKSBURG", "county_code": "WV033", "state_code": "WV", "epa_region_code": "03", "facility_type_code": "MWD", "facility_lat": 39.3067, "facility_lon": -80.3517, "permit_name": "CLARKSBURG SANITARY BD", "version_nmbr": 0, "permit_type_code": "NPD", "effective_date": 1748736000000, "expiration_date": 1903564800000, "permit_status_code": "EFF", "facility_type_indicator": "POTW", "major_minor_status_flag": "M", "permit_tracking": "Y", "pt_start_date": 1748736000000, "dmr_tracking": "Y", "dmr_nr_start_date": 1748736000000, "permit_design_flow": 8, "permit_avg_flow": null, "perm_feature_nmbr": "C049", "perm_feature_text": "", "pf_lat": 39.2772, "pf_lon": -80.335, "pf_character": "CSO", "perm_feature_type_code": "EXO", "pf_state_waterbody_name": "WEST FORK RIVER", "pf_state_auto_name": "", "pf_reach_id": "", "in_icis": "YES", "echo_dfr_link": "https://echo.epa.gov/detailed-facility-report?fid=110039951727", "name": "CLARKSBURG SANITARY BOARD", "feature_kind": "CSO outfall"}}, {"type": "Feature", "id": 6525, "geometry": {"type": "Point", "coordinates": [-80.3341996650632, 39.2725002344052]}, "properties": {"OBJECTID": 6525, "npdes_pfid": "WV0023302C050", "npdes_id": "WV0023302", "permitting_state": "WV", "agency_type_code": "ST6", "facility_uin": "110039951727", "facility_name": "CLARKSBURG SANITARY BOARD", "location_address": "WEST FK ST", "supplemental_address_text": "", "facility_city": "CLARKSBURG", "county_code": "WV033", "state_code": "WV", "epa_region_code": "03", "facility_type_code": "MWD", "facility_lat": 39.3067, "facility_lon": -80.3517, "permit_name": "CLARKSBURG SANITARY BD", "version_nmbr": 0, "permit_type_code": "NPD", "effective_date": 1748736000000, "expiration_date": 1903564800000, "permit_status_code": "EFF", "facility_type_indicator": "POTW", "major_minor_status_flag": "M", "permit_tracking": "Y", "pt_start_date": 1748736000000, "dmr_tracking": "Y", "dmr_nr_start_date": 1748736000000, "permit_design_flow": 8, "permit_avg_flow": null, "perm_feature_nmbr": "C050", "perm_feature_text": "", "pf_lat": 39.2725, "pf_lon": -80.3342, "pf_character": "CSO", "perm_feature_type_code": "EXO", "pf_state_waterbody_name": "WEST FORK RIVER", "pf_state_auto_name": "", "pf_reach_id": "", "in_icis": "YES", "echo_dfr_link": "https://echo.epa.gov/detailed-facility-report?fid=110039951727", "name": "CLARKSBURG SANITARY BOARD", "feature_kind": "CSO outfall"}}, {"type": "Feature", "id": 6526, "geometry": {"type": "Point", "coordinates": [-80.3350000639813, 39.2766997831094]}, "properties": {"OBJECTID": 6526, "npdes_pfid": "WV0023302C051", "npdes_id": "WV0023302", "permitting_state": "WV", "agency_type_code": "ST6", "facility_uin": "110039951727", "facility_name": "CLARKSBURG SANITARY BOARD", "location_address": "WEST FK ST", "supplemental_address_text": "", "facility_city": "CLARKSBURG", "county_code": "WV033", "state_code": "WV", "epa_region_code": "03", "facility_type_code": "MWD", "facility_lat": 39.3067, "facility_lon": -80.3517, "permit_name": "CLARKSBURG SANITARY BD", "version_nmbr": 0, "permit_type_code": "NPD", "effective_date": 1748736000000, "expiration_date": 1903564800000, "permit_status_code": "EFF", "facility_type_indicator": "POTW", "major_minor_status_flag": "M", "permit_tracking": "Y", "pt_start_date": 1748736000000, "dmr_tracking": "Y", "dmr_nr_start_date": 1748736000000, "permit_design_flow": 8, "permit_avg_flow": null, "perm_feature_nmbr": "C051", "perm_feature_text": "", "pf_lat": 39.2767, "pf_lon": -80.335, "pf_character": "CSO", "perm_feature_type_code": "EXO", "pf_state_waterbody_name": "WEST FORK RIVER", "pf_state_auto_name": "", "pf_reach_id": "", "in_icis": "YES", "echo_dfr_link": "https://echo.epa.gov/detailed-facility-report?fid=110039951727", "name": "CLARKSBURG SANITARY BOARD", "feature_kind": "CSO outfall"}}, {"type": "Feature", "id": 6527, "geometry": {"type": "Point", "coordinates": [-80.3332995531485, 39.2735996934857]}, "properties": {"OBJECTID": 6527, "npdes_pfid": "WV0023302C052", "npdes_id": "WV0023302", "permitting_state": "WV", "agency_type_code": "ST6", "facility_uin": "110039951727", "facility_name": "CLARKSBURG SANITARY BOARD", "location_address": "WEST FK ST", "supplemental_address_text": "", "facility_city": "CLARKSBURG", "county_code": "WV033", "state_code": "WV", "epa_region_code": "03", "facility_type_code": "MWD", "facility_lat": 39.3067, "facility_lon": -80.3517, "permit_name": "CLARKSBURG SANITARY BD", "version_nmbr": 0, "permit_type_code": "NPD", "effective_date": 1748736000000, "expiration_date": 1903564800000, "permit_status_code": "EFF", "facility_type_indicator": "POTW", "major_minor_status_flag": "M", "permit_tracking": "Y", "pt_start_date": 1748736000000, "dmr_tracking": "Y", "dmr_nr_start_date": 1748736000000, "permit_design_flow": 8, "permit_avg_flow": null, "perm_feature_nmbr": "C052", "perm_feature_text": "", "pf_lat": 39.2736, "pf_lon": -80.3333, "pf_character": "CSO", "perm_feature_type_code": "EXO", "pf_state_waterbody_name": "WEST FORK RIVER", "pf_state_auto_name": "", "pf_reach_id": "", "in_icis": "YES", "echo_dfr_link": "https://echo.epa.gov/detailed-facility-report?fid=110039951727", "name": "CLARKSBURG SANITARY BOARD", "feature_kind": "CSO outfall"}}, {"type": "Feature", "id": 6528, "geometry": {"type": "Point", "coordinates": [-80.3366996764989, 39.2739001119412]}, "properties": {"OBJECTID": 6528, "npdes_pfid": "WV0023302C053", "npdes_id": "WV0023302", "permitting_state": "WV", "agency_type_code": "ST6", "facility_uin": "110039951727", "facility_name": "CLARKSBURG SANITARY BOARD", "location_address": "WEST FK ST", "supplemental_address_text": "", "facility_city": "CLARKSBURG", "county_code": "WV033", "state_code": "WV", "epa_region_code": "03", "facility_type_code": "MWD", "facility_lat": 39.3067, "facility_lon": -80.3517, "permit_name": "CLARKSBURG SANITARY BD", "version_nmbr": 0, "permit_type_code": "NPD", "effective_date": 1748736000000, "expiration_date": 1903564800000, "permit_status_code": "EFF", "facility_type_indicator": "POTW", "major_minor_status_flag": "M", "permit_tracking": "Y", "pt_start_date": 1748736000000, "dmr_tracking": "Y", "dmr_nr_start_date": 1748736000000, "permit_design_flow": 8, "permit_avg_flow": null, "perm_feature_nmbr": "C053", "perm_feature_text": "", "pf_lat": 39.2739, "pf_lon": -80.3367, "pf_character": "CSO", "perm_feature_type_code": "EXO", "pf_state_waterbody_name": "WEST FORK RIVER", "pf_state_auto_name": "", "pf_reach_id": "", "in_icis": "YES", "echo_dfr_link": "https://echo.epa.gov/detailed-facility-report?fid=110039951727", "name": "CLARKSBURG SANITARY BOARD", "feature_kind": "CSO outfall"}}, {"type": "Feature", "id": 6529, "geometry": {"type": "Point", "coordinates": [-80.3288996048869, 39.2760996643085]}, "properties": {"OBJECTID": 6529, "npdes_pfid": "WV0023302C057", "npdes_id": "WV0023302", "permitting_state": "WV", "agency_type_code": "ST6", "facility_uin": "110039951727", "facility_name": "CLARKSBURG SANITARY BOARD", "location_address": "WEST FK ST", "supplemental_address_text": "", "facility_city": "CLARKSBURG", "county_code": "WV033", "state_code": "WV", "epa_region_code": "03", "facility_type_code": "MWD", "facility_lat": 39.3067, "facility_lon": -80.3517, "permit_name": "CLARKSBURG SANITARY BD", "version_nmbr": 0, "permit_type_code": "NPD", "effective_date": 1748736000000, "expiration_date": 1903564800000, "permit_status_code": "EFF", "facility_type_indicator": "POTW", "major_minor_status_flag": "M", "permit_tracking": "Y", "pt_start_date": 1748736000000, "dmr_tracking": "Y", "dmr_nr_start_date": 1748736000000, "permit_design_flow": 8, "permit_avg_flow": null, "perm_feature_nmbr": "C057", "perm_feature_text": "", "pf_lat": 39.2761, "pf_lon": -80.3289, "pf_character": "CSO", "perm_feature_type_code": "EXO", "pf_state_waterbody_name": "WEST FORK RIVER", "pf_state_auto_name": "", "pf_reach_id": "", "in_icis": "YES", "echo_dfr_link": "https://echo.epa.gov/detailed-facility-report?fid=110039951727", "name": "CLARKSBURG SANITARY BOARD", "feature_kind": "CSO outfall"}}, {"type": "Feature", "id": 6530, "geometry": {"type": "Point", "coordinates": [-80.3306001157197, 39.2746998307181]}, "properties": {"OBJECTID": 6530, "npdes_pfid": "WV0023302C060", "npdes_id": "WV0023302", "permitting_state": "WV", "agency_type_code": "ST6", "facility_uin": "110039951727", "facility_name": "CLARKSBURG SANITARY BOARD", "location_address": "WEST FK ST", "supplemental_address_text": "", "facility_city": "CLARKSBURG", "county_code": "WV033", "state_code": "WV", "epa_region_code": "03", "facility_type_code": "MWD", "facility_lat": 39.3067, "facility_lon": -80.3517, "permit_name": "CLARKSBURG SANITARY BD", "version_nmbr": 0, "permit_type_code": "NPD", "effective_date": 1748736000000, "expiration_date": 1903564800000, "permit_status_code": "EFF", "facility_type_indicator": "POTW", "major_minor_status_flag": "M", "permit_tracking": "Y", "pt_start_date": 1748736000000, "dmr_tracking": "Y", "dmr_nr_start_date": 1748736000000, "permit_design_flow": 8, "permit_avg_flow": null, "perm_feature_nmbr": "C060", "perm_feature_text": "", "pf_lat": 39.2747, "pf_lon": -80.3306, "pf_character": "CSO", "perm_feature_type_code": "EXO", "pf_state_waterbody_name": "WEST FORK RIVER", "pf_state_auto_name": "", "pf_reach_id": "", "in_icis": "YES", "echo_dfr_link": "https://echo.epa.gov/detailed-facility-report?fid=110039951727", "name": "CLARKSBURG SANITARY BOARD", "feature_kind": "CSO outfall"}}, {"type": "Feature", "id": 6531, "geometry": {"type": "Point", "coordinates": [-80.3288996048869, 39.2757999506767]}, "properties": {"OBJECTID": 6531, "npdes_pfid": "WV0023302C062", "npdes_id": "WV0023302", "permitting_state": "WV", "agency_type_code": "ST6", "facility_uin": "110039951727", "facility_name": "CLARKSBURG SANITARY BOARD", "location_address": "WEST FK ST", "supplemental_address_text": "", "facility_city": "CLARKSBURG", "county_code": "WV033", "state_code": "WV", "epa_region_code": "03", "facility_type_code": "MWD", "facility_lat": 39.3067, "facility_lon": -80.3517, "permit_name": "CLARKSBURG SANITARY BD", "version_nmbr": 0, "permit_type_code": "NPD", "effective_date": 1748736000000, "expiration_date": 1903564800000, "permit_status_code": "EFF", "facility_type_indicator": "POTW", "major_minor_status_flag": "M", "permit_tracking": "Y", "pt_start_date": 1748736000000, "dmr_tracking": "Y", "dmr_nr_start_date": 1748736000000, "permit_design_flow": 8, "permit_avg_flow": null, "perm_feature_nmbr": "C062", "perm_feature_text": "", "pf_lat": 39.2758, "pf_lon": -80.3289, "pf_character": "CSO", "perm_feature_type_code": "EXO", "pf_state_waterbody_name": "WEST FORK RIVER", "pf_state_auto_name": "", "pf_reach_id": "", "in_icis": "YES", "echo_dfr_link": "https://echo.epa.gov/detailed-facility-report?fid=110039951727", "name": "CLARKSBURG SANITARY BOARD", "feature_kind": "CSO outfall"}}, {"type": "Feature", "id": 6532, "geometry": {"type": "Point", "coordinates": [-80.3246999809336, 39.2757999506767]}, "properties": {"OBJECTID": 6532, "npdes_pfid": "WV0023302C064", "npdes_id": "WV0023302", "permitting_state": "WV", "agency_type_code": "ST6", "facility_uin": "110039951727", "facility_name": "CLARKSBURG SANITARY BOARD", "location_address": "WEST FK ST", "supplemental_address_text": "", "facility_city": "CLARKSBURG", "county_code": "WV033", "state_code": "WV", "epa_region_code": "03", "facility_type_code": "MWD", "facility_lat": 39.3067, "facility_lon": -80.3517, "permit_name": "CLARKSBURG SANITARY BD", "version_nmbr": 0, "permit_type_code": "NPD", "effective_date": 1748736000000, "expiration_date": 1903564800000, "permit_status_code": "EFF", "facility_type_indicator": "POTW", "major_minor_status_flag": "M", "permit_tracking": "Y", "pt_start_date": 1748736000000, "dmr_tracking": "Y", "dmr_nr_start_date": 1748736000000, "permit_design_flow": 8, "permit_avg_flow": null, "perm_feature_nmbr": "C064", "perm_feature_text": "", "pf_lat": 39.2758, "pf_lon": -80.3247, "pf_character": "CSO", "perm_feature_type_code": "EXO", "pf_state_waterbody_name": "WEST FORK RIVER", "pf_state_auto_name": "", "pf_reach_id": "", "in_icis": "YES", "echo_dfr_link": "https://echo.epa.gov/detailed-facility-report?fid=110039951727", "name": "CLARKSBURG SANITARY BOARD", "feature_kind": "CSO outfall"}}, {"type": "Feature", "id": 6533, "geometry": {"type": "Point", "coordinates": [-80.3250000182385, 39.2681001391607]}, "properties": {"OBJECTID": 6533, "npdes_pfid": "WV0023302C065", "npdes_id": "WV0023302", "permitting_state": "WV", "agency_type_code": "ST6", "facility_uin": "110039951727", "facility_name": "CLARKSBURG SANITARY BOARD", "location_address": "WEST FK ST", "supplemental_address_text": "", "facility_city": "CLARKSBURG", "county_code": "WV033", "state_code": "WV", "epa_region_code": "03", "facility_type_code": "MWD", "facility_lat": 39.3067, "facility_lon": -80.3517, "permit_name": "CLARKSBURG SANITARY BD", "version_nmbr": 0, "permit_type_code": "NPD", "effective_date": 1748736000000, "expiration_date": 1903564800000, "permit_status_code": "EFF", "facility_type_indicator": "POTW", "major_minor_status_flag": "M", "permit_tracking": "Y", "pt_start_date": 1748736000000, "dmr_tracking": "Y", "dmr_nr_start_date": 1748736000000, "permit_design_flow": 8, "permit_avg_flow": null, "perm_feature_nmbr": "C065", "perm_feature_text": "", "pf_lat": 39.2681, "pf_lon": -80.325, "pf_character": "CSO", "perm_feature_type_code": "EXO", "pf_state_waterbody_name": "WEST FORK RIVER", "pf_state_auto_name": "", "pf_reach_id": "", "in_icis": "YES", "echo_dfr_link": "https://echo.epa.gov/detailed-facility-report?fid=110039951727", "name": "CLARKSBURG SANITARY BOARD", "feature_kind": "CSO outfall"}}, {"type": "Feature", "id": 6534, "geometry": {"type": "Point", "coordinates": [-80.3544000808572, 39.2721998099477]}, "properties": {"OBJECTID": 6534, "npdes_pfid": "WV0023302C069", "npdes_id": "WV0023302", "permitting_state": "WV", "agency_type_code": "ST6", "facility_uin": "110039951727", "facility_name": "CLARKSBURG SANITARY BOARD", "location_address": "WEST FK ST", "supplemental_address_text": "", "facility_city": "CLARKSBURG", "county_code": "WV033", "state_code": "WV", "epa_region_code": "03", "facility_type_code": "MWD", "facility_lat": 39.3067, "facility_lon": -80.3517, "permit_name": "CLARKSBURG SANITARY BD", "version_nmbr": 0, "permit_type_code": "NPD", "effective_date": 1748736000000, "expiration_date": 1903564800000, "permit_status_code": "EFF", "facility_type_indicator": "POTW", "major_minor_status_flag": "M", "permit_tracking": "Y", "pt_start_date": 1748736000000, "dmr_tracking": "Y", "dmr_nr_start_date": 1748736000000, "permit_design_flow": 8, "permit_avg_flow": null, "perm_feature_nmbr": "C069", "perm_feature_text": "", "pf_lat": 39.2722, "pf_lon": -80.3544, "pf_character": "CSO", "perm_feature_type_code": "EXO", "pf_state_waterbody_name": "WEST FORK RIVER", "pf_state_auto_name": "", "pf_reach_id": "", "in_icis": "YES", "echo_dfr_link": "https://echo.epa.gov/detailed-facility-report?fid=110039951727", "name": "CLARKSBURG SANITARY BOARD", "feature_kind": "CSO outfall"}}, {"type": "Feature", "id": 6535, "geometry": {"type": "Point", "coordinates": [-80.321899932193, 39.2711003289017]}, "properties": {"OBJECTID": 6535, "npdes_pfid": "WV0023302C072", "npdes_id": "WV0023302", "permitting_state": "WV", "agency_type_code": "ST6", "facility_uin": "110039951727", "facility_name": "CLARKSBURG SANITARY BOARD", "location_address": "WEST FK ST", "supplemental_address_text": "", "facility_city": "CLARKSBURG", "county_code": "WV033", "state_code": "WV", "epa_region_code": "03", "facility_type_code": "MWD", "facility_lat": 39.3067, "facility_lon": -80.3517, "permit_name": "CLARKSBURG SANITARY BD", "version_nmbr": 0, "permit_type_code": "NPD", "effective_date": 1748736000000, "expiration_date": 1903564800000, "permit_status_code": "EFF", "facility_type_indicator": "POTW", "major_minor_status_flag": "M", "permit_tracking": "Y", "pt_start_date": 1748736000000, "dmr_tracking": "Y", "dmr_nr_start_date": 1748736000000, "permit_design_flow": 8, "permit_avg_flow": null, "perm_feature_nmbr": "C072", "perm_feature_text": "", "pf_lat": 39.2711, "pf_lon": -80.3219, "pf_character": "CSO", "perm_feature_type_code": "EXO", "pf_state_waterbody_name": "WEST FORK RIVER", "pf_state_auto_name": "", "pf_reach_id": "", "in_icis": "YES", "echo_dfr_link": "https://echo.epa.gov/detailed-facility-report?fid=110039951727", "name": "CLARKSBURG SANITARY BOARD", "feature_kind": "CSO outfall"}}, {"type": "Feature", "id": 6536, "geometry": {"type": "Point", "coordinates": [-80.3556002300767, 39.270600306198]}, "properties": {"OBJECTID": 6536, "npdes_pfid": "WV0023302C073", "npdes_id": "WV0023302", "permitting_state": "WV", "agency_type_code": "ST6", "facility_uin": "110039951727", "facility_name": "CLARKSBURG SANITARY BOARD", "location_address": "WEST FK ST", "supplemental_address_text": "", "facility_city": "CLARKSBURG", "county_code": "WV033", "state_code": "WV", "epa_region_code": "03", "facility_type_code": "MWD", "facility_lat": 39.3067, "facility_lon": -80.3517, "permit_name": "CLARKSBURG SANITARY BD", "version_nmbr": 0, "permit_type_code": "NPD", "effective_date": 1748736000000, "expiration_date": 1903564800000, "permit_status_code": "EFF", "facility_type_indicator": "POTW", "major_minor_status_flag": "M", "permit_tracking": "Y", "pt_start_date": 1748736000000, "dmr_tracking": "Y", "dmr_nr_start_date": 1748736000000, "permit_design_flow": 8, "permit_avg_flow": null, "perm_feature_nmbr": "C073", "perm_feature_text": "", "pf_lat": 39.2706, "pf_lon": -80.3556, "pf_character": "CSO", "perm_feature_type_code": "EXO", "pf_state_waterbody_name": "WEST FORK RIVER", "pf_state_auto_name": "", "pf_reach_id": "", "in_icis": "YES", "echo_dfr_link": "https://echo.epa.gov/detailed-facility-report?fid=110039951727", "name": "CLARKSBURG SANITARY BOARD", "feature_kind": "CSO outfall"}}, {"type": "Feature", "id": 6537, "geometry": {"type": "Point", "coordinates": [-80.3525001440313, 39.2813997246434]}, "properties": {"OBJECTID": 6537, "npdes_pfid": "WV0023302C077", "npdes_id": "WV0023302", "permitting_state": "WV", "agency_type_code": "ST6", "facility_uin": "110039951727", "facility_name": "CLARKSBURG SANITARY BOARD", "location_address": "WEST FK ST", "supplemental_address_text": "", "facility_city": "CLARKSBURG", "county_code": "WV033", "state_code": "WV", "epa_region_code": "03", "facility_type_code": "MWD", "facility_lat": 39.3067, "facility_lon": -80.3517, "permit_name": "CLARKSBURG SANITARY BD", "version_nmbr": 0, "permit_type_code": "NPD", "effective_date": 1748736000000, "expiration_date": 1903564800000, "permit_status_code": "EFF", "facility_type_indicator": "POTW", "major_minor_status_flag": "M", "permit_tracking": "Y", "pt_start_date": 1748736000000, "dmr_tracking": "Y", "dmr_nr_start_date": 1748736000000, "permit_design_flow": 8, "permit_avg_flow": null, "perm_feature_nmbr": "C077", "perm_feature_text": "", "pf_lat": 39.2814, "pf_lon": -80.3525, "pf_character": "CSO", "perm_feature_type_code": "EXO", "pf_state_waterbody_name": "WEST FORK RIVER", "pf_state_auto_name": "", "pf_reach_id": "", "in_icis": "YES", "echo_dfr_link": "https://echo.epa.gov/detailed-facility-report?fid=110039951727", "name": "CLARKSBURG SANITARY BOARD", "feature_kind": "CSO outfall"}}, {"type": "Feature", "id": 6538, "geometry": {"type": "Point", "coordinates": [-80.3510996705033, 39.27559967728]}, "properties": {"OBJECTID": 6538, "npdes_pfid": "WV0023302C078", "npdes_id": "WV0023302", "permitting_state": "WV", "agency_type_code": "ST6", "facility_uin": "110039951727", "facility_name": "CLARKSBURG SANITARY BOARD", "location_address": "WEST FK ST", "supplemental_address_text": "", "facility_city": "CLARKSBURG", "county_code": "WV033", "state_code": "WV", "epa_region_code": "03", "facility_type_code": "MWD", "facility_lat": 39.3067, "facility_lon": -80.3517, "permit_name": "CLARKSBURG SANITARY BD", "version_nmbr": 0, "permit_type_code": "NPD", "effective_date": 1748736000000, "expiration_date": 1903564800000, "permit_status_code": "EFF", "facility_type_indicator": "POTW", "major_minor_status_flag": "M", "permit_tracking": "Y", "pt_start_date": 1748736000000, "dmr_tracking": "Y", "dmr_nr_start_date": 1748736000000, "permit_design_flow": 8, "permit_avg_flow": null, "perm_feature_nmbr": "C078", "perm_feature_text": "", "pf_lat": 39.2756, "pf_lon": -80.3511, "pf_character": "CSO", "perm_feature_type_code": "EXO", "pf_state_waterbody_name": "WEST FORK RIVER", "pf_state_auto_name": "", "pf_reach_id": "", "in_icis": "YES", "echo_dfr_link": "https://echo.epa.gov/detailed-facility-report?fid=110039951727", "name": "CLARKSBURG SANITARY BOARD", "feature_kind": "CSO outfall"}}, {"type": "Feature", "id": 6539, "geometry": {"type": "Point", "coordinates": [-80.3582996675055, 39.2949998942884]}, "properties": {"OBJECTID": 6539, "npdes_pfid": "WV0023302C081", "npdes_id": "WV0023302", "permitting_state": "WV", "agency_type_code": "ST6", "facility_uin": "110039951727", "facility_name": "CLARKSBURG SANITARY BOARD", "location_address": "WEST FK ST", "supplemental_address_text": "", "facility_city": "CLARKSBURG", "county_code": "WV033", "state_code": "WV", "epa_region_code": "03", "facility_type_code": "MWD", "facility_lat": 39.3067, "facility_lon": -80.3517, "permit_name": "CLARKSBURG SANITARY BD", "version_nmbr": 0, "permit_type_code": "NPD", "effective_date": 1748736000000, "expiration_date": 1903564800000, "permit_status_code": "EFF", "facility_type_indicator": "POTW", "major_minor_status_flag": "M", "permit_tracking": "Y", "pt_start_date": 1748736000000, "dmr_tracking": "Y", "dmr_nr_start_date": 1748736000000, "permit_design_flow": 8, "permit_avg_flow": null, "perm_feature_nmbr": "C081", "perm_feature_text": "", "pf_lat": 39.295, "pf_lon": -80.3583, "pf_character": "CSO", "perm_feature_type_code": "EXO", "pf_state_waterbody_name": "WEST FORK RIVER", "pf_state_auto_name": "", "pf_reach_id": "", "in_icis": "YES", "echo_dfr_link": "https://echo.epa.gov/detailed-facility-report?fid=110039951727", "name": "CLARKSBURG SANITARY BOARD", "feature_kind": "CSO outfall"}}, {"type": "Feature", "id": 6540, "geometry": {"type": "Point", "coordinates": [-80.3556002300767, 39.2867000792742]}, "properties": {"OBJECTID": 6540, "npdes_pfid": "WV0023302C082", "npdes_id": "WV0023302", "permitting_state": "WV", "agency_type_code": "ST6", "facility_uin": "110039951727", "facility_name": "CLARKSBURG SANITARY BOARD", "location_address": "WEST FK ST", "supplemental_address_text": "", "facility_city": "CLARKSBURG", "county_code": "WV033", "state_code": "WV", "epa_region_code": "03", "facility_type_code": "MWD", "facility_lat": 39.3067, "facility_lon": -80.3517, "permit_name": "CLARKSBURG SANITARY BD", "version_nmbr": 0, "permit_type_code": "NPD", "effective_date": 1748736000000, "expiration_date": 1903564800000, "permit_status_code": "EFF", "facility_type_indicator": "POTW", "major_minor_status_flag": "M", "permit_tracking": "Y", "pt_start_date": 1748736000000, "dmr_tracking": "Y", "dmr_nr_start_date": 1748736000000, "permit_design_flow": 8, "permit_avg_flow": null, "perm_feature_nmbr": "C082", "perm_feature_text": "", "pf_lat": 39.2867, "pf_lon": -80.3556, "pf_character": "CSO", "perm_feature_type_code": "EXO", "pf_state_waterbody_name": "WEST FORK RIVER", "pf_state_auto_name": "", "pf_reach_id": "", "in_icis": "YES", "echo_dfr_link": "https://echo.epa.gov/detailed-facility-report?fid=110039951727", "name": "CLARKSBURG SANITARY BOARD", "feature_kind": "CSO outfall"}}, {"type": "Feature", "id": 6541, "geometry": {"type": "Point", "coordinates": [-80.3213995705798, 39.2672001962873]}, "properties": {"OBJECTID": 6541, "npdes_pfid": "WV0023302XX28", "npdes_id": "WV0023302", "permitting_state": "WV", "agency_type_code": "ST6", "facility_uin": "110039951727", "facility_name": "CLARKSBURG SANITARY BOARD", "location_address": "WEST FK ST", "supplemental_address_text": "", "facility_city": "CLARKSBURG", "county_code": "WV033", "state_code": "WV", "epa_region_code": "03", "facility_type_code": "MWD", "facility_lat": 39.3067, "facility_lon": -80.3517, "permit_name": "CLARKSBURG SANITARY BD", "version_nmbr": 0, "permit_type_code": "NPD", "effective_date": 1748736000000, "expiration_date": 1903564800000, "permit_status_code": "EFF", "facility_type_indicator": "POTW", "major_minor_status_flag": "M", "permit_tracking": "Y", "pt_start_date": 1748736000000, "dmr_tracking": "Y", "dmr_nr_start_date": 1748736000000, "permit_design_flow": 8, "permit_avg_flow": null, "perm_feature_nmbr": "XX28", "perm_feature_text": "", "pf_lat": 39.2672, "pf_lon": -80.3214, "pf_character": "CSO", "perm_feature_type_code": "EXO", "pf_state_waterbody_name": "WEST FORK RIVER", "pf_state_auto_name": "", "pf_reach_id": "", "in_icis": "YES", "echo_dfr_link": "https://echo.epa.gov/detailed-facility-report?fid=110039951727", "name": "CLARKSBURG SANITARY BOARD", "feature_kind": "CSO outfall"}}, {"type": "Feature", "id": 6542, "geometry": {"type": "Point", "coordinates": [-80.3528001813361, 39.2882999107367]}, "properties": {"OBJECTID": 6542, "npdes_pfid": "WV0023302XXXF", "npdes_id": "WV0023302", "permitting_state": "WV", "agency_type_code": "ST6", "facility_uin": "110039951727", "facility_name": "CLARKSBURG SANITARY BOARD", "location_address": "WEST FK ST", "supplemental_address_text": "", "facility_city": "CLARKSBURG", "county_code": "WV033", "state_code": "WV", "epa_region_code": "03", "facility_type_code": "MWD", "facility_lat": 39.3067, "facility_lon": -80.3517, "permit_name": "CLARKSBURG SANITARY BD", "version_nmbr": 0, "permit_type_code": "NPD", "effective_date": 1748736000000, "expiration_date": 1903564800000, "permit_status_code": "EFF", "facility_type_indicator": "POTW", "major_minor_status_flag": "M", "permit_tracking": "Y", "pt_start_date": 1748736000000, "dmr_tracking": "Y", "dmr_nr_start_date": 1748736000000, "permit_design_flow": 8, "permit_avg_flow": null, "perm_feature_nmbr": "XXXF", "perm_feature_text": "", "pf_lat": 39.2883, "pf_lon": -80.3528, "pf_character": "CSO", "perm_feature_type_code": "EXO", "pf_state_waterbody_name": "WEST FORK RIVER", "pf_state_auto_name": "", "pf_reach_id": "", "in_icis": "YES", "echo_dfr_link": "https://echo.epa.gov/detailed-facility-report?fid=110039951727", "name": "CLARKSBURG SANITARY BOARD", "feature_kind": "CSO outfall"}}, {"type": "Feature", "id": 6543, "geometry": {"type": "Point", "coordinates": [-80.1775002418472, 39.468900154459]}, "properties": {"OBJECTID": 6543, "npdes_pfid": "WV0023353C003", "npdes_id": "WV0023353", "permitting_state": "WV", "agency_type_code": "ST6", "facility_uin": "110000751892", "facility_name": "CITY OF FAIRMONT", "location_address": "901 HOWARD AVE.", "supplemental_address_text": "", "facility_city": "FAIRMONT", "county_code": "WV049", "state_code": "WV", "epa_region_code": "03", "facility_type_code": "MWD", "facility_lat": 39.4944, "facility_lon": -80.1222, "permit_name": "FAIRMONT, CITY OF", "version_nmbr": 0, "permit_type_code": "NPD", "effective_date": 1730419200000, "expiration_date": 1884124800000, "permit_status_code": "EFF", "facility_type_indicator": "POTW", "major_minor_status_flag": "M", "permit_tracking": "Y", "pt_start_date": 1730419200000, "dmr_tracking": "Y", "dmr_nr_start_date": 1730419200000, "permit_design_flow": 9, "permit_avg_flow": 0, "perm_feature_nmbr": "C003", "perm_feature_text": "", "pf_lat": 39.4689, "pf_lon": -80.1775, "pf_character": "CSO", "perm_feature_type_code": "EXO", "pf_state_waterbody_name": "MONONGAHELA RIVER", "pf_state_auto_name": "West Fork River", "pf_reach_id": "5020002000001", "in_icis": "YES", "echo_dfr_link": "https://echo.epa.gov/detailed-facility-report?fid=110000751892", "name": "CITY OF FAIRMONT", "feature_kind": "CSO outfall"}}, {"type": "Feature", "id": 6544, "geometry": {"type": "Point", "coordinates": [-80.1750002304115, 39.4671997398312]}, "properties": {"OBJECTID": 6544, "npdes_pfid": "WV0023353C004", "npdes_id": "WV0023353", "permitting_state": "WV", "agency_type_code": "ST6", "facility_uin": "110000751892", "facility_name": "CITY OF FAIRMONT", "location_address": "901 HOWARD AVE.", "supplemental_address_text": "", "facility_city": "FAIRMONT", "county_code": "WV049", "state_code": "WV", "epa_region_code": "03", "facility_type_code": "MWD", "facility_lat": 39.4944, "facility_lon": -80.1222, "permit_name": "FAIRMONT, CITY OF", "version_nmbr": 0, "permit_type_code": "NPD", "effective_date": 1730419200000, "expiration_date": 1884124800000, "permit_status_code": "EFF", "facility_type_indicator": "POTW", "major_minor_status_flag": "M", "permit_tracking": "Y", "pt_start_date": 1730419200000, "dmr_tracking": "Y", "dmr_nr_start_date": 1730419200000, "permit_design_flow": 9, "permit_avg_flow": 0, "perm_feature_nmbr": "C004", "perm_feature_text": "", "pf_lat": 39.4672, "pf_lon": -80.175, "pf_character": "CSO", "perm_feature_type_code": "EXO", "pf_state_waterbody_name": "MONONGAHELA RIVER", "pf_state_auto_name": "West Fork River", "pf_reach_id": "5020002000001", "in_icis": "YES", "echo_dfr_link": "https://echo.epa.gov/detailed-facility-report?fid=110000751892", "name": "CITY OF FAIRMONT", "feature_kind": "CSO outfall"}}, {"type": "Feature", "id": 6545, "geometry": {"type": "Point", "coordinates": [-80.1753002677164, 39.4680998829302]}, "properties": {"OBJECTID": 6545, "npdes_pfid": "WV0023353C005", "npdes_id": "WV0023353", "permitting_state": "WV", "agency_type_code": "ST6", "facility_uin": "110000751892", "facility_name": "CITY OF FAIRMONT", "location_address": "901 HOWARD AVE.", "supplemental_address_text": "", "facility_city": "FAIRMONT", "county_code": "WV049", "state_code": "WV", "epa_region_code": "03", "facility_type_code": "MWD", "facility_lat": 39.4944, "facility_lon": -80.1222, "permit_name": "FAIRMONT, CITY OF", "version_nmbr": 0, "permit_type_code": "NPD", "effective_date": 1730419200000, "expiration_date": 1884124800000, "permit_status_code": "EFF", "facility_type_indicator": "POTW", "major_minor_status_flag": "M", "permit_tracking": "Y", "pt_start_date": 1730419200000, "dmr_tracking": "Y", "dmr_nr_start_date": 1730419200000, "permit_design_flow": 9, "permit_avg_flow": 0, "perm_feature_nmbr": "C005", "perm_feature_text": "", "pf_lat": 39.4681, "pf_lon": -80.1753, "pf_character": "CSO", "perm_feature_type_code": "EXO", "pf_state_waterbody_name": "MONONGAHELA RIVER", "pf_state_auto_name": "West Fork River", "pf_reach_id": "5020002000001", "in_icis": "YES", "echo_dfr_link": "https://echo.epa.gov/detailed-facility-report?fid=110000751892", "name": "CITY OF FAIRMONT", "feature_kind": "CSO outfall"}}, {"type": "Feature", "id": 6546, "geometry": {"type": "Point", "coordinates": [-80.1647001473638, 39.4680998829302]}, "properties": {"OBJECTID": 6546, "npdes_pfid": "WV0023353C007", "npdes_id": "WV0023353", "permitting_state": "WV", "agency_type_code": "ST6", "facility_uin": "110000751892", "facility_name": "CITY OF FAIRMONT", "location_address": "901 HOWARD AVE.", "supplemental_address_text": "", "facility_city": "FAIRMONT", "county_code": "WV049", "state_code": "WV", "epa_region_code": "03", "facility_type_code": "MWD", "facility_lat": 39.4944, "facility_lon": -80.1222, "permit_name": "FAIRMONT, CITY OF", "version_nmbr": 0, "permit_type_code": "NPD", "effective_date": 1730419200000, "expiration_date": 1884124800000, "permit_status_code": "EFF", "facility_type_indicator": "POTW", "major_minor_status_flag": "M", "permit_tracking": "Y", "pt_start_date": 1730419200000, "dmr_tracking": "Y", "dmr_nr_start_date": 1730419200000, "permit_design_flow": 9, "permit_avg_flow": 0, "perm_feature_nmbr": "C007", "perm_feature_text": "", "pf_lat": 39.4681, "pf_lon": -80.1647, "pf_character": "CSO", "perm_feature_type_code": "EXO", "pf_state_waterbody_name": "MONONGAHELA RIVER", "pf_state_auto_name": "West Fork River", "pf_reach_id": "5020002000001", "in_icis": "YES", "echo_dfr_link": "https://echo.epa.gov/detailed-facility-report?fid=110000751892", "name": "CITY OF FAIRMONT", "feature_kind": "CSO outfall"}}, {"type": "Feature", "id": 6547, "geometry": {"type": "Point", "coordinates": [-80.1569000757518, 39.4646996665244]}, "properties": {"OBJECTID": 6547, "npdes_pfid": "WV0023353C010", "npdes_id": "WV0023353", "permitting_state": "WV", "agency_type_code": "ST6", "facility_uin": "110000751892", "facility_name": "CITY OF FAIRMONT", "location_address": "901 HOWARD AVE.", "supplemental_address_text": "", "facility_city": "FAIRMONT", "county_code": "WV049", "state_code": "WV", "epa_region_code": "03", "facility_type_code": "MWD", "facility_lat": 39.4944, "facility_lon": -80.1222, "permit_name": "FAIRMONT, CITY OF", "version_nmbr": 0, "permit_type_code": "NPD", "effective_date": 1730419200000, "expiration_date": 1884124800000, "permit_status_code": "EFF", "facility_type_indicator": "POTW", "major_minor_status_flag": "M", "permit_tracking": "Y", "pt_start_date": 1730419200000, "dmr_tracking": "Y", "dmr_nr_start_date": 1730419200000, "permit_design_flow": 9, "permit_avg_flow": 0, "perm_feature_nmbr": "C010", "perm_feature_text": "", "pf_lat": 39.4647, "pf_lon": -80.1569, "pf_character": "CSO", "perm_feature_type_code": "EXO", "pf_state_waterbody_name": "MONONGAHELA RIVER", "pf_state_auto_name": "West Fork River", "pf_reach_id": "5020002000001", "in_icis": "YES", "echo_dfr_link": "https://echo.epa.gov/detailed-facility-report?fid=110000751892", "name": "CITY OF FAIRMONT", "feature_kind": "CSO outfall"}}, {"type": "Feature", "id": 6548, "geometry": {"type": "Point", "coordinates": [-80.1488996798314, 39.4691997338075]}, "properties": {"OBJECTID": 6548, "npdes_pfid": "WV0023353C012", "npdes_id": "WV0023353", "permitting_state": "WV", "agency_type_code": "ST6", "facility_uin": "110000751892", "facility_name": "CITY OF FAIRMONT", "location_address": "901 HOWARD AVE.", "supplemental_address_text": "", "facility_city": "FAIRMONT", "county_code": "WV049", "state_code": "WV", "epa_region_code": "03", "facility_type_code": "MWD", "facility_lat": 39.4944, "facility_lon": -80.1222, "permit_name": "FAIRMONT, CITY OF", "version_nmbr": 0, "permit_type_code": "NPD", "effective_date": 1730419200000, "expiration_date": 1884124800000, "permit_status_code": "EFF", "facility_type_indicator": "POTW", "major_minor_status_flag": "M", "permit_tracking": "Y", "pt_start_date": 1730419200000, "dmr_tracking": "Y", "dmr_nr_start_date": 1730419200000, "permit_design_flow": 9, "permit_avg_flow": 0, "perm_feature_nmbr": "C012", "perm_feature_text": "", "pf_lat": 39.4692, "pf_lon": -80.1489, "pf_character": "CSO", "perm_feature_type_code": "EXO", "pf_state_waterbody_name": "Monongahela River", "pf_state_auto_name": "Monongahela River", "pf_reach_id": "5020003000112", "in_icis": "YES", "echo_dfr_link": "https://echo.epa.gov/detailed-facility-report?fid=110000751892", "name": "CITY OF FAIRMONT", "feature_kind": "CSO outfall"}}, {"type": "Feature", "id": 6549, "geometry": {"type": "Point", "coordinates": [-80.1460996310908, 39.4705998340787]}, "properties": {"OBJECTID": 6549, "npdes_pfid": "WV0023353C013", "npdes_id": "WV0023353", "permitting_state": "WV", "agency_type_code": "ST6", "facility_uin": "110000751892", "facility_name": "CITY OF FAIRMONT", "location_address": "901 HOWARD AVE.", "supplemental_address_text": "", "facility_city": "FAIRMONT", "county_code": "WV049", "state_code": "WV", "epa_region_code": "03", "facility_type_code": "MWD", "facility_lat": 39.4944, "facility_lon": -80.1222, "permit_name": "FAIRMONT, CITY OF", "version_nmbr": 0, "permit_type_code": "NPD", "effective_date": 1730419200000, "expiration_date": 1884124800000, "permit_status_code": "EFF", "facility_type_indicator": "POTW", "major_minor_status_flag": "M", "permit_tracking": "Y", "pt_start_date": 1730419200000, "dmr_tracking": "Y", "dmr_nr_start_date": 1730419200000, "permit_design_flow": 9, "permit_avg_flow": 0, "perm_feature_nmbr": "C013", "perm_feature_text": "", "pf_lat": 39.4706, "pf_lon": -80.1461, "pf_character": "CSO", "perm_feature_type_code": "EXO", "pf_state_waterbody_name": "Monongahela River", "pf_state_auto_name": "Monongahela River", "pf_reach_id": "5020003000112", "in_icis": "YES", "echo_dfr_link": "https://echo.epa.gov/detailed-facility-report?fid=110000751892", "name": "CITY OF FAIRMONT", "feature_kind": "CSO outfall"}}, {"type": "Feature", "id": 6550, "geometry": {"type": "Point", "coordinates": [-80.1463996683957, 39.472499875567]}, "properties": {"OBJECTID": 6550, "npdes_pfid": "WV0023353C014", "npdes_id": "WV0023353", "permitting_state": "WV", "agency_type_code": "ST6", "facility_uin": "110000751892", "facility_name": "CITY OF FAIRMONT", "location_address": "901 HOWARD AVE.", "supplemental_address_text": "", "facility_city": "FAIRMONT", "county_code": "WV049", "state_code": "WV", "epa_region_code": "03", "facility_type_code": "MWD", "facility_lat": 39.4944, "facility_lon": -80.1222, "permit_name": "FAIRMONT, CITY OF", "version_nmbr": 0, "permit_type_code": "NPD", "effective_date": 1730419200000, "expiration_date": 1884124800000, "permit_status_code": "EFF", "facility_type_indicator": "POTW", "major_minor_status_flag": "M", "permit_tracking": "Y", "pt_start_date": 1730419200000, "dmr_tracking": "Y", "dmr_nr_start_date": 1730419200000, "permit_design_flow": 9, "permit_avg_flow": 0, "perm_feature_nmbr": "C014", "perm_feature_text": "", "pf_lat": 39.4725, "pf_lon": -80.1464, "pf_character": "CSO", "perm_feature_type_code": "EXO", "pf_state_waterbody_name": "Monongahela River", "pf_state_auto_name": "", "pf_reach_id": "", "in_icis": "YES", "echo_dfr_link": "https://echo.epa.gov/detailed-facility-report?fid=110000751892", "name": "CITY OF FAIRMONT", "feature_kind": "CSO outfall"}}, {"type": "Feature", "id": 6551, "geometry": {"type": "Point", "coordinates": [-80.1466997057006, 39.4756001603183]}, "properties": {"OBJECTID": 6551, "npdes_pfid": "WV0023353C015", "npdes_id": "WV0023353", "permitting_state": "WV", "agency_type_code": "ST6", "facility_uin": "110000751892", "facility_name": "CITY OF FAIRMONT", "location_address": "901 HOWARD AVE.", "supplemental_address_text": "", "facility_city": "FAIRMONT", "county_code": "WV049", "state_code": "WV", "epa_region_code": "03", "facility_type_code": "MWD", "facility_lat": 39.4944, "facility_lon": -80.1222, "permit_name": "FAIRMONT, CITY OF", "version_nmbr": 0, "permit_type_code": "NPD", "effective_date": 1730419200000, "expiration_date": 1884124800000, "permit_status_code": "EFF", "facility_type_indicator": "POTW", "major_minor_status_flag": "M", "permit_tracking": "Y", "pt_start_date": 1730419200000, "dmr_tracking": "Y", "dmr_nr_start_date": 1730419200000, "permit_design_flow": 9, "permit_avg_flow": 0, "perm_feature_nmbr": "C015", "perm_feature_text": "", "pf_lat": 39.4756, "pf_lon": -80.1467, "pf_character": "CSO", "perm_feature_type_code": "EXO", "pf_state_waterbody_name": "Monongahela River", "pf_state_auto_name": "Monongahela River", "pf_reach_id": "5020003000112", "in_icis": "YES", "echo_dfr_link": "https://echo.epa.gov/detailed-facility-report?fid=110000751892", "name": "CITY OF FAIRMONT", "feature_kind": "CSO outfall"}}, {"type": "Feature", "id": 6552, "geometry": {"type": "Point", "coordinates": [-80.1503001533594, 39.4814002549104]}, "properties": {"OBJECTID": 6552, "npdes_pfid": "WV0023353C016", "npdes_id": "WV0023353", "permitting_state": "WV", "agency_type_code": "ST6", "facility_uin": "110000751892", "facility_name": "CITY OF FAIRMONT", "location_address": "901 HOWARD AVE.", "supplemental_address_text": "", "facility_city": "FAIRMONT", "county_code": "WV049", "state_code": "WV", "epa_region_code": "03", "facility_type_code": "MWD", "facility_lat": 39.4944, "facility_lon": -80.1222, "permit_name": "FAIRMONT, CITY OF", "version_nmbr": 0, "permit_type_code": "NPD", "effective_date": 1730419200000, "expiration_date": 1884124800000, "permit_status_code": "EFF", "facility_type_indicator": "POTW", "major_minor_status_flag": "M", "permit_tracking": "Y", "pt_start_date": 1730419200000, "dmr_tracking": "Y", "dmr_nr_start_date": 1730419200000, "permit_design_flow": 9, "permit_avg_flow": 0, "perm_feature_nmbr": "C016", "perm_feature_text": "", "pf_lat": 39.4814, "pf_lon": -80.1503, "pf_character": "CSO", "perm_feature_type_code": "EXO", "pf_state_waterbody_name": "Monongahela River", "pf_state_auto_name": "Monongahela River", "pf_reach_id": "5020003000112", "in_icis": "YES", "echo_dfr_link": "https://echo.epa.gov/detailed-facility-report?fid=110000751892", "name": "CITY OF FAIRMONT", "feature_kind": "CSO outfall"}}, {"type": "Feature", "id": 6553, "geometry": {"type": "Point", "coordinates": [-80.1494000414447, 39.4821996801123]}, "properties": {"OBJECTID": 6553, "npdes_pfid": "WV0023353C017", "npdes_id": "WV0023353", "permitting_state": "WV", "agency_type_code": "ST6", "facility_uin": "110000751892", "facility_name": "CITY OF FAIRMONT", "location_address": "901 HOWARD AVE.", "supplemental_address_text": "", "facility_city": "FAIRMONT", "county_code": "WV049", "state_code": "WV", "epa_region_code": "03", "facility_type_code": "MWD", "facility_lat": 39.4944, "facility_lon": -80.1222, "permit_name": "FAIRMONT, CITY OF", "version_nmbr": 0, "permit_type_code": "NPD", "effective_date": 1730419200000, "expiration_date": 1884124800000, "permit_status_code": "EFF", "facility_type_indicator": "POTW", "major_minor_status_flag": "M", "permit_tracking": "Y", "pt_start_date": 1730419200000, "dmr_tracking": "Y", "dmr_nr_start_date": 1730419200000, "permit_design_flow": 9, "permit_avg_flow": 0, "perm_feature_nmbr": "C017", "perm_feature_text": "", "pf_lat": 39.4822, "pf_lon": -80.1494, "pf_character": "CSO", "perm_feature_type_code": "EXO", "pf_state_waterbody_name": "MONONGAHELA RIVER", "pf_state_auto_name": "Monongahela River", "pf_reach_id": "5020003000112", "in_icis": "YES", "echo_dfr_link": "https://echo.epa.gov/detailed-facility-report?fid=110000751892", "name": "CITY OF FAIRMONT", "feature_kind": "CSO outfall"}}, {"type": "Feature", "id": 6554, "geometry": {"type": "Point", "coordinates": [-80.1425000817474, 39.4824998955295]}, "properties": {"OBJECTID": 6554, "npdes_pfid": "WV0023353C018", "npdes_id": "WV0023353", "permitting_state": "WV", "agency_type_code": "ST6", "facility_uin": "110000751892", "facility_name": "CITY OF FAIRMONT", "location_address": "901 HOWARD AVE.", "supplemental_address_text": "", "facility_city": "FAIRMONT", "county_code": "WV049", "state_code": "WV", "epa_region_code": "03", "facility_type_code": "MWD", "facility_lat": 39.4944, "facility_lon": -80.1222, "permit_name": "FAIRMONT, CITY OF", "version_nmbr": 0, "permit_type_code": "NPD", "effective_date": 1730419200000, "expiration_date": 1884124800000, "permit_status_code": "EFF", "facility_type_indicator": "POTW", "major_minor_status_flag": "M", "permit_tracking": "Y", "pt_start_date": 1730419200000, "dmr_tracking": "Y", "dmr_nr_start_date": 1730419200000, "permit_design_flow": 9, "permit_avg_flow": 0, "perm_feature_nmbr": "C018", "perm_feature_text": "", "pf_lat": 39.4825, "pf_lon": -80.1425, "pf_character": "CSO", "perm_feature_type_code": "EXO", "pf_state_waterbody_name": "Monongahela River", "pf_state_auto_name": "Monongahela River", "pf_reach_id": "5020003000112", "in_icis": "YES", "echo_dfr_link": "https://echo.epa.gov/detailed-facility-report?fid=110000751892", "name": "CITY OF FAIRMONT", "feature_kind": "CSO outfall"}}, {"type": "Feature", "id": 6555, "geometry": {"type": "Point", "coordinates": [-80.1358004463584, 39.4960997505904]}, "properties": {"OBJECTID": 6555, "npdes_pfid": "WV0023353C023", "npdes_id": "WV0023353", "permitting_state": "WV", "agency_type_code": "ST6", "facility_uin": "110000751892", "facility_name": "CITY OF FAIRMONT", "location_address": "901 HOWARD AVE.", "supplemental_address_text": "", "facility_city": "FAIRMONT", "county_code": "WV049", "state_code": "WV", "epa_region_code": "03", "facility_type_code": "MWD", "facility_lat": 39.4944, "facility_lon": -80.1222, "permit_name": "FAIRMONT, CITY OF", "version_nmbr": 0, "permit_type_code": "NPD", "effective_date": 1730419200000, "expiration_date": 1884124800000, "permit_status_code": "EFF", "facility_type_indicator": "POTW", "major_minor_status_flag": "M", "permit_tracking": "Y", "pt_start_date": 1730419200000, "dmr_tracking": "Y", "dmr_nr_start_date": 1730419200000, "permit_design_flow": 9, "permit_avg_flow": 0, "perm_feature_nmbr": "C023", "perm_feature_text": "", "pf_lat": 39.4961, "pf_lon": -80.1358, "pf_character": "CSO", "perm_feature_type_code": "EXO", "pf_state_waterbody_name": "MONONGAHELA RIVER", "pf_state_auto_name": "Buffalo Creek", "pf_reach_id": "5020003000061", "in_icis": "YES", "echo_dfr_link": "https://echo.epa.gov/detailed-facility-report?fid=110000751892", "name": "CITY OF FAIRMONT", "feature_kind": "CSO outfall"}}, {"type": "Feature", "id": 6556, "geometry": {"type": "Point", "coordinates": [-80.1431001563571, 39.4971998519544]}, "properties": {"OBJECTID": 6556, "npdes_pfid": "WV0023353C024", "npdes_id": "WV0023353", "permitting_state": "WV", "agency_type_code": "ST6", "facility_uin": "110000751892", "facility_name": "CITY OF FAIRMONT", "location_address": "901 HOWARD AVE.", "supplemental_address_text": "", "facility_city": "FAIRMONT", "county_code": "WV049", "state_code": "WV", "epa_region_code": "03", "facility_type_code": "MWD", "facility_lat": 39.4944, "facility_lon": -80.1222, "permit_name": "FAIRMONT, CITY OF", "version_nmbr": 0, "permit_type_code": "NPD", "effective_date": 1730419200000, "expiration_date": 1884124800000, "permit_status_code": "EFF", "facility_type_indicator": "POTW", "major_minor_status_flag": "M", "permit_tracking": "Y", "pt_start_date": 1730419200000, "dmr_tracking": "Y", "dmr_nr_start_date": 1730419200000, "permit_design_flow": 9, "permit_avg_flow": 0, "perm_feature_nmbr": "C024", "perm_feature_text": "", "pf_lat": 39.4972, "pf_lon": -80.1431, "pf_character": "CSO", "perm_feature_type_code": "EXO", "pf_state_waterbody_name": "MONONGAHELA RIVER", "pf_state_auto_name": "Buffalo Creek", "pf_reach_id": "5020003000061", "in_icis": "YES", "echo_dfr_link": "https://echo.epa.gov/detailed-facility-report?fid=110000751892", "name": "CITY OF FAIRMONT", "feature_kind": "CSO outfall"}}, {"type": "Feature", "id": 6557, "geometry": {"type": "Point", "coordinates": [-80.1425000817474, 39.4797001457884]}, "properties": {"OBJECTID": 6557, "npdes_pfid": "WV0023353C025", "npdes_id": "WV0023353", "permitting_state": "WV", "agency_type_code": "ST6", "facility_uin": "110000751892", "facility_name": "CITY OF FAIRMONT", "location_address": "901 HOWARD AVE.", "supplemental_address_text": "", "facility_city": "FAIRMONT", "county_code": "WV049", "state_code": "WV", "epa_region_code": "03", "facility_type_code": "MWD", "facility_lat": 39.4944, "facility_lon": -80.1222, "permit_name": "FAIRMONT, CITY OF", "version_nmbr": 0, "permit_type_code": "NPD", "effective_date": 1730419200000, "expiration_date": 1884124800000, "permit_status_code": "EFF", "facility_type_indicator": "POTW", "major_minor_status_flag": "M", "permit_tracking": "Y", "pt_start_date": 1730419200000, "dmr_tracking": "Y", "dmr_nr_start_date": 1730419200000, "permit_design_flow": 9, "permit_avg_flow": 0, "perm_feature_nmbr": "C025", "perm_feature_text": "", "pf_lat": 39.4797, "pf_lon": -80.1425, "pf_character": "CSO", "perm_feature_type_code": "EXO", "pf_state_waterbody_name": "Monongahela River", "pf_state_auto_name": "Monongahela River", "pf_reach_id": "5020003000112", "in_icis": "YES", "echo_dfr_link": "https://echo.epa.gov/detailed-facility-report?fid=110000751892", "name": "CITY OF FAIRMONT", "feature_kind": "CSO outfall"}}, {"type": "Feature", "id": 6558, "geometry": {"type": "Point", "coordinates": [-80.1403001076165, 39.4833000014205]}, "properties": {"OBJECTID": 6558, "npdes_pfid": "WV0023353C027", "npdes_id": "WV0023353", "permitting_state": "WV", "agency_type_code": "ST6", "facility_uin": "110000751892", "facility_name": "CITY OF FAIRMONT", "location_address": "901 HOWARD AVE.", "supplemental_address_text": "", "facility_city": "FAIRMONT", "county_code": "WV049", "state_code": "WV", "epa_region_code": "03", "facility_type_code": "MWD", "facility_lat": 39.4944, "facility_lon": -80.1222, "permit_name": "FAIRMONT, CITY OF", "version_nmbr": 0, "permit_type_code": "NPD", "effective_date": 1730419200000, "expiration_date": 1884124800000, "permit_status_code": "EFF", "facility_type_indicator": "POTW", "major_minor_status_flag": "M", "permit_tracking": "Y", "pt_start_date": 1730419200000, "dmr_tracking": "Y", "dmr_nr_start_date": 1730419200000, "permit_design_flow": 9, "permit_avg_flow": 0, "perm_feature_nmbr": "C027", "perm_feature_text": "", "pf_lat": 39.4833, "pf_lon": -80.1403, "pf_character": "CSO", "perm_feature_type_code": "EXO", "pf_state_waterbody_name": "Monongahela River", "pf_state_auto_name": "Monongahela River", "pf_reach_id": "5020003000112", "in_icis": "YES", "echo_dfr_link": "https://echo.epa.gov/detailed-facility-report?fid=110000751892", "name": "CITY OF FAIRMONT", "feature_kind": "CSO outfall"}}, {"type": "Feature", "id": 6559, "geometry": {"type": "Point", "coordinates": [-80.1381001334857, 39.483100322476]}, "properties": {"OBJECTID": 6559, "npdes_pfid": "WV0023353C028", "npdes_id": "WV0023353", "permitting_state": "WV", "agency_type_code": "ST6", "facility_uin": "110000751892", "facility_name": "CITY OF FAIRMONT", "location_address": "901 HOWARD AVE.", "supplemental_address_text": "", "facility_city": "FAIRMONT", "county_code": "WV049", "state_code": "WV", "epa_region_code": "03", "facility_type_code": "MWD", "facility_lat": 39.4944, "facility_lon": -80.1222, "permit_name": "FAIRMONT, CITY OF", "version_nmbr": 0, "permit_type_code": "NPD", "effective_date": 1730419200000, "expiration_date": 1884124800000, "permit_status_code": "EFF", "facility_type_indicator": "POTW", "major_minor_status_flag": "M", "permit_tracking": "Y", "pt_start_date": 1730419200000, "dmr_tracking": "Y", "dmr_nr_start_date": 1730419200000, "permit_design_flow": 9, "permit_avg_flow": 0, "perm_feature_nmbr": "C028", "perm_feature_text": "", "pf_lat": 39.4831, "pf_lon": -80.1381, "pf_character": "CSO", "perm_feature_type_code": "EXO", "pf_state_waterbody_name": "Monongahela River", "pf_state_auto_name": "Monongahela River", "pf_reach_id": "5020003000112", "in_icis": "YES", "echo_dfr_link": "https://echo.epa.gov/detailed-facility-report?fid=110000751892", "name": "CITY OF FAIRMONT", "feature_kind": "CSO outfall"}}, {"type": "Feature", "id": 6560, "geometry": {"type": "Point", "coordinates": [-80.1375000588759, 39.4833000014205]}, "properties": {"OBJECTID": 6560, "npdes_pfid": "WV0023353C029", "npdes_id": "WV0023353", "permitting_state": "WV", "agency_type_code": "ST6", "facility_uin": "110000751892", "facility_name": "CITY OF FAIRMONT", "location_address": "901 HOWARD AVE.", "supplemental_address_text": "", "facility_city": "FAIRMONT", "county_code": "WV049", "state_code": "WV", "epa_region_code": "03", "facility_type_code": "MWD", "facility_lat": 39.4944, "facility_lon": -80.1222, "permit_name": "FAIRMONT, CITY OF", "version_nmbr": 0, "permit_type_code": "NPD", "effective_date": 1730419200000, "expiration_date": 1884124800000, "permit_status_code": "EFF", "facility_type_indicator": "POTW", "major_minor_status_flag": "M", "permit_tracking": "Y", "pt_start_date": 1730419200000, "dmr_tracking": "Y", "dmr_nr_start_date": 1730419200000, "permit_design_flow": 9, "permit_avg_flow": 0, "perm_feature_nmbr": "C029", "perm_feature_text": "", "pf_lat": 39.4833, "pf_lon": -80.1375, "pf_character": "CSO", "perm_feature_type_code": "EXO", "pf_state_waterbody_name": "Monongahela River", "pf_state_auto_name": "Monongahela River", "pf_reach_id": "5020003000112", "in_icis": "YES", "echo_dfr_link": "https://echo.epa.gov/detailed-facility-report?fid=110000751892", "name": "CITY OF FAIRMONT", "feature_kind": "CSO outfall"}}, {"type": "Feature", "id": 6561, "geometry": {"type": "Point", "coordinates": [-80.1358004463584, 39.4841999362153]}, "properties": {"OBJECTID": 6561, "npdes_pfid": "WV0023353C030", "npdes_id": "WV0023353", "permitting_state": "WV", "agency_type_code": "ST6", "facility_uin": "110000751892", "facility_name": "CITY OF FAIRMONT", "location_address": "901 HOWARD AVE.", "supplemental_address_text": "", "facility_city": "FAIRMONT", "county_code": "WV049", "state_code": "WV", "epa_region_code": "03", "facility_type_code": "MWD", "facility_lat": 39.4944, "facility_lon": -80.1222, "permit_name": "FAIRMONT, CITY OF", "version_nmbr": 0, "permit_type_code": "NPD", "effective_date": 1730419200000, "expiration_date": 1884124800000, "permit_status_code": "EFF", "facility_type_indicator": "POTW", "major_minor_status_flag": "M", "permit_tracking": "Y", "pt_start_date": 1730419200000, "dmr_tracking": "Y", "dmr_nr_start_date": 1730419200000, "permit_design_flow": 9, "permit_avg_flow": 0, "perm_feature_nmbr": "C030", "perm_feature_text": "", "pf_lat": 39.4842, "pf_lon": -80.1358, "pf_character": "CSO", "perm_feature_type_code": "EXO", "pf_state_waterbody_name": "Monongahela River", "pf_state_auto_name": "Monongahela River", "pf_reach_id": "5020003000112", "in_icis": "YES", "echo_dfr_link": "https://echo.epa.gov/detailed-facility-report?fid=110000751892", "name": "CITY OF FAIRMONT", "feature_kind": "CSO outfall"}}, {"type": "Feature", "id": 6562, "geometry": {"type": "Point", "coordinates": [-80.119999978826, 39.4855997346042]}, "properties": {"OBJECTID": 6562, "npdes_pfid": "WV0023353C031", "npdes_id": "WV0023353", "permitting_state": "WV", "agency_type_code": "ST6", "facility_uin": "110000751892", "facility_name": "CITY OF FAIRMONT", "location_address": "901 HOWARD AVE.", "supplemental_address_text": "", "facility_city": "FAIRMONT", "county_code": "WV049", "state_code": "WV", "epa_region_code": "03", "facility_type_code": "MWD", "facility_lat": 39.4944, "facility_lon": -80.1222, "permit_name": "FAIRMONT, CITY OF", "version_nmbr": 0, "permit_type_code": "NPD", "effective_date": 1730419200000, "expiration_date": 1884124800000, "permit_status_code": "EFF", "facility_type_indicator": "POTW", "major_minor_status_flag": "M", "permit_tracking": "Y", "pt_start_date": 1730419200000, "dmr_tracking": "Y", "dmr_nr_start_date": 1730419200000, "permit_design_flow": 9, "permit_avg_flow": 0, "perm_feature_nmbr": "C031", "perm_feature_text": "", "pf_lat": 39.4856, "pf_lon": -80.12, "pf_character": "CSO", "perm_feature_type_code": "EXO", "pf_state_waterbody_name": "MONONGAHELA RIVER", "pf_state_auto_name": "Monongahela River", "pf_reach_id": "5020003000112", "in_icis": "YES", "echo_dfr_link": "https://echo.epa.gov/detailed-facility-report?fid=110000751892", "name": "CITY OF FAIRMONT", "feature_kind": "CSO outfall"}}, {"type": "Feature", "id": 6563, "geometry": {"type": "Point", "coordinates": [-80.1189004409182, 39.485300225877]}, "properties": {"OBJECTID": 6563, "npdes_pfid": "WV0023353C032", "npdes_id": "WV0023353", "permitting_state": "WV", "agency_type_code": "ST6", "facility_uin": "110000751892", "facility_name": "CITY OF FAIRMONT", "location_address": "901 HOWARD AVE.", "supplemental_address_text": "", "facility_city": "FAIRMONT", "county_code": "WV049", "state_code": "WV", "epa_region_code": "03", "facility_type_code": "MWD", "facility_lat": 39.4944, "facility_lon": -80.1222, "permit_name": "FAIRMONT, CITY OF", "version_nmbr": 0, "permit_type_code": "NPD", "effective_date": 1730419200000, "expiration_date": 1884124800000, "permit_status_code": "EFF", "facility_type_indicator": "POTW", "major_minor_status_flag": "M", "permit_tracking": "Y", "pt_start_date": 1730419200000, "dmr_tracking": "Y", "dmr_nr_start_date": 1730419200000, "permit_design_flow": 9, "permit_avg_flow": 0, "perm_feature_nmbr": "C032", "perm_feature_text": "", "pf_lat": 39.4853, "pf_lon": -80.1189, "pf_character": "CSO", "perm_feature_type_code": "EXO", "pf_state_waterbody_name": "MONONGAHELA RIVER", "pf_state_auto_name": "Monongahela River", "pf_reach_id": "5020003000112", "in_icis": "YES", "echo_dfr_link": "https://echo.epa.gov/detailed-facility-report?fid=110000751892", "name": "CITY OF FAIRMONT", "feature_kind": "CSO outfall"}}, {"type": "Feature", "id": 6564, "geometry": {"type": "Point", "coordinates": [-80.1550001389259, 39.4811000347466]}, "properties": {"OBJECTID": 6564, "npdes_pfid": "WV0023353C034", "npdes_id": "WV0023353", "permitting_state": "WV", "agency_type_code": "ST6", "facility_uin": "110000751892", "facility_name": "CITY OF FAIRMONT", "location_address": "901 HOWARD AVE.", "supplemental_address_text": "", "facility_city": "FAIRMONT", "county_code": "WV049", "state_code": "WV", "epa_region_code": "03", "facility_type_code": "MWD", "facility_lat": 39.4944, "facility_lon": -80.1222, "permit_name": "FAIRMONT, CITY OF", "version_nmbr": 0, "permit_type_code": "NPD", "effective_date": 1730419200000, "expiration_date": 1884124800000, "permit_status_code": "EFF", "facility_type_indicator": "POTW", "major_minor_status_flag": "M", "permit_tracking": "Y", "pt_start_date": 1730419200000, "dmr_tracking": "Y", "dmr_nr_start_date": 1730419200000, "permit_design_flow": 9, "permit_avg_flow": 0, "perm_feature_nmbr": "C034", "perm_feature_text": "", "pf_lat": 39.4811, "pf_lon": -80.155, "pf_character": "CSO", "perm_feature_type_code": "EXO", "pf_state_waterbody_name": "MONONGAHELA RIVER", "pf_state_auto_name": "Monongahela River", "pf_reach_id": "5020003000112", "in_icis": "YES", "echo_dfr_link": "https://echo.epa.gov/detailed-facility-report?fid=110000751892", "name": "CITY OF FAIRMONT", "feature_kind": "CSO outfall"}}, {"type": "Feature", "id": 6565, "geometry": {"type": "Point", "coordinates": [-80.1161003921776, 39.4799996786332]}, "properties": {"OBJECTID": 6565, "npdes_pfid": "WV0023353C038", "npdes_id": "WV0023353", "permitting_state": "WV", "agency_type_code": "ST6", "facility_uin": "110000751892", "facility_name": "CITY OF FAIRMONT", "location_address": "901 HOWARD AVE.", "supplemental_address_text": "", "facility_city": "FAIRMONT", "county_code": "WV049", "state_code": "WV", "epa_region_code": "03", "facility_type_code": "MWD", "facility_lat": 39.4944, "facility_lon": -80.1222, "permit_name": "FAIRMONT, CITY OF", "version_nmbr": 0, "permit_type_code": "NPD", "effective_date": 1730419200000, "expiration_date": 1884124800000, "permit_status_code": "EFF", "facility_type_indicator": "POTW", "major_minor_status_flag": "M", "permit_tracking": "Y", "pt_start_date": 1730419200000, "dmr_tracking": "Y", "dmr_nr_start_date": 1730419200000, "permit_design_flow": 9, "permit_avg_flow": 0, "perm_feature_nmbr": "C038", "perm_feature_text": "", "pf_lat": 39.48, "pf_lon": -80.1161, "pf_character": "CSO", "perm_feature_type_code": "EXO", "pf_state_waterbody_name": "MONONGAHELA RIVER", "pf_state_auto_name": "Monongahela River", "pf_reach_id": "5020003000112", "in_icis": "YES", "echo_dfr_link": "https://echo.epa.gov/detailed-facility-report?fid=110000751892", "name": "CITY OF FAIRMONT", "feature_kind": "CSO outfall"}}, {"type": "Feature", "id": 6566, "geometry": {"type": "Point", "coordinates": [-80.1303000618737, 39.4792002281445]}, "properties": {"OBJECTID": 6566, "npdes_pfid": "WV0023353C039", "npdes_id": "WV0023353", "permitting_state": "WV", "agency_type_code": "ST6", "facility_uin": "110000751892", "facility_name": "CITY OF FAIRMONT", "location_address": "901 HOWARD AVE.", "supplemental_address_text": "", "facility_city": "FAIRMONT", "county_code": "WV049", "state_code": "WV", "epa_region_code": "03", "facility_type_code": "MWD", "facility_lat": 39.4944, "facility_lon": -80.1222, "permit_name": "FAIRMONT, CITY OF", "version_nmbr": 0, "permit_type_code": "NPD", "effective_date": 1730419200000, "expiration_date": 1884124800000, "permit_status_code": "EFF", "facility_type_indicator": "POTW", "major_minor_status_flag": "M", "permit_tracking": "Y", "pt_start_date": 1730419200000, "dmr_tracking": "Y", "dmr_nr_start_date": 1730419200000, "permit_design_flow": 9, "permit_avg_flow": 0, "perm_feature_nmbr": "C039", "perm_feature_text": "", "pf_lat": 39.4792, "pf_lon": -80.1303, "pf_character": "CSO", "perm_feature_type_code": "EXO", "pf_state_waterbody_name": "Monongahela River", "pf_state_auto_name": "Monongahela River", "pf_reach_id": "5020003000112", "in_icis": "YES", "echo_dfr_link": "https://echo.epa.gov/detailed-facility-report?fid=110000751892", "name": "CITY OF FAIRMONT", "feature_kind": "CSO outfall"}}, {"type": "Feature", "id": 6567, "geometry": {"type": "Point", "coordinates": [-80.1425000817474, 39.4971998519544]}, "properties": {"OBJECTID": 6567, "npdes_pfid": "WV0023353C041", "npdes_id": "WV0023353", "permitting_state": "WV", "agency_type_code": "ST6", "facility_uin": "110000751892", "facility_name": "CITY OF FAIRMONT", "location_address": "901 HOWARD AVE.", "supplemental_address_text": "", "facility_city": "FAIRMONT", "county_code": "WV049", "state_code": "WV", "epa_region_code": "03", "facility_type_code": "MWD", "facility_lat": 39.4944, "facility_lon": -80.1222, "permit_name": "FAIRMONT, CITY OF", "version_nmbr": 0, "permit_type_code": "NPD", "effective_date": 1730419200000, "expiration_date": 1884124800000, "permit_status_code": "EFF", "facility_type_indicator": "POTW", "major_minor_status_flag": "M", "permit_tracking": "Y", "pt_start_date": 1730419200000, "dmr_tracking": "Y", "dmr_nr_start_date": 1730419200000, "permit_design_flow": 9, "permit_avg_flow": 0, "perm_feature_nmbr": "C041", "perm_feature_text": "", "pf_lat": 39.4972, "pf_lon": -80.1425, "pf_character": "CSO", "perm_feature_type_code": "EXO", "pf_state_waterbody_name": "MONONGAHELA RIVER", "pf_state_auto_name": "Buffalo Creek", "pf_reach_id": "5020003000061", "in_icis": "YES", "echo_dfr_link": "https://echo.epa.gov/detailed-facility-report?fid=110000751892", "name": "CITY OF FAIRMONT", "feature_kind": "CSO outfall"}}, {"type": "Feature", "id": 6568, "geometry": {"type": "Point", "coordinates": [-80.1582996509644, 39.4811000347466]}, "properties": {"OBJECTID": 6568, "npdes_pfid": "WV0023353C042", "npdes_id": "WV0023353", "permitting_state": "WV", "agency_type_code": "ST6", "facility_uin": "110000751892", "facility_name": "CITY OF FAIRMONT", "location_address": "901 HOWARD AVE.", "supplemental_address_text": "", "facility_city": "FAIRMONT", "county_code": "WV049", "state_code": "WV", "epa_region_code": "03", "facility_type_code": "MWD", "facility_lat": 39.4944, "facility_lon": -80.1222, "permit_name": "FAIRMONT, CITY OF", "version_nmbr": 0, "permit_type_code": "NPD", "effective_date": 1730419200000, "expiration_date": 1884124800000, "permit_status_code": "EFF", "facility_type_indicator": "POTW", "major_minor_status_flag": "M", "permit_tracking": "Y", "pt_start_date": 1730419200000, "dmr_tracking": "Y", "dmr_nr_start_date": 1730419200000, "permit_design_flow": 9, "permit_avg_flow": 0, "perm_feature_nmbr": "C042", "perm_feature_text": "", "pf_lat": 39.4811, "pf_lon": -80.1583, "pf_character": "CSO", "perm_feature_type_code": "EXO", "pf_state_waterbody_name": "MONONGAHELA RIVER", "pf_state_auto_name": "Monongahela River", "pf_reach_id": "5020003000112", "in_icis": "YES", "echo_dfr_link": "https://echo.epa.gov/detailed-facility-report?fid=110000751892", "name": "CITY OF FAIRMONT", "feature_kind": "CSO outfall"}}, {"type": "Feature", "id": 6569, "geometry": {"type": "Point", "coordinates": [-80.1243999270876, 39.493299855159]}, "properties": {"OBJECTID": 6569, "npdes_pfid": "WV0023353C043", "npdes_id": "WV0023353", "permitting_state": "WV", "agency_type_code": "ST6", "facility_uin": "110000751892", "facility_name": "CITY OF FAIRMONT", "location_address": "901 HOWARD AVE.", "supplemental_address_text": "", "facility_city": "FAIRMONT", "county_code": "WV049", "state_code": "WV", "epa_region_code": "03", "facility_type_code": "MWD", "facility_lat": 39.4944, "facility_lon": -80.1222, "permit_name": "FAIRMONT, CITY OF", "version_nmbr": 0, "permit_type_code": "NPD", "effective_date": 1730419200000, "expiration_date": 1884124800000, "permit_status_code": "EFF", "facility_type_indicator": "POTW", "major_minor_status_flag": "M", "permit_tracking": "Y", "pt_start_date": 1730419200000, "dmr_tracking": "Y", "dmr_nr_start_date": 1730419200000, "permit_design_flow": 9, "permit_avg_flow": 0, "perm_feature_nmbr": "C043", "perm_feature_text": "", "pf_lat": 39.4933, "pf_lon": -80.1244, "pf_character": "CSO", "perm_feature_type_code": "EXO", "pf_state_waterbody_name": "Monongahela River", "pf_state_auto_name": "Monongahela River", "pf_reach_id": "5020003000112", "in_icis": "YES", "echo_dfr_link": "https://echo.epa.gov/detailed-facility-report?fid=110000751892", "name": "CITY OF FAIRMONT", "feature_kind": "CSO outfall"}}, {"type": "Feature", "id": 6570, "geometry": {"type": "Point", "coordinates": [-80.1713997827528, 39.4699999926869]}, "properties": {"OBJECTID": 6570, "npdes_pfid": "WV0023353C044", "npdes_id": "WV0023353", "permitting_state": "WV", "agency_type_code": "ST6", "facility_uin": "110000751892", "facility_name": "CITY OF FAIRMONT", "location_address": "901 HOWARD AVE.", "supplemental_address_text": "", "facility_city": "FAIRMONT", "county_code": "WV049", "state_code": "WV", "epa_region_code": "03", "facility_type_code": "MWD", "facility_lat": 39.4944, "facility_lon": -80.1222, "permit_name": "FAIRMONT, CITY OF", "version_nmbr": 0, "permit_type_code": "NPD", "effective_date": 1730419200000, "expiration_date": 1884124800000, "permit_status_code": "EFF", "facility_type_indicator": "POTW", "major_minor_status_flag": "M", "permit_tracking": "Y", "pt_start_date": 1730419200000, "dmr_tracking": "Y", "dmr_nr_start_date": 1730419200000, "permit_design_flow": 9, "permit_avg_flow": 0, "perm_feature_nmbr": "C044", "perm_feature_text": "", "pf_lat": 39.47, "pf_lon": -80.1714, "pf_character": "CSO", "perm_feature_type_code": "EXO", "pf_state_waterbody_name": "MONONGAHELA RIVER", "pf_state_auto_name": "West Fork River", "pf_reach_id": "5020002000001", "in_icis": "YES", "echo_dfr_link": "https://echo.epa.gov/detailed-facility-report?fid=110000751892", "name": "CITY OF FAIRMONT", "feature_kind": "CSO outfall"}}, {"type": "Feature", "id": 6571, "geometry": {"type": "Point", "coordinates": [-80.1782997424501, 39.4417003280389]}, "properties": {"OBJECTID": 6571, "npdes_pfid": "WV0023353C045", "npdes_id": "WV0023353", "permitting_state": "WV", "agency_type_code": "ST6", "facility_uin": "110000751892", "facility_name": "CITY OF FAIRMONT", "location_address": "901 HOWARD AVE.", "supplemental_address_text": "", "facility_city": "FAIRMONT", "county_code": "WV049", "state_code": "WV", "epa_region_code": "03", "facility_type_code": "MWD", "facility_lat": 39.4944, "facility_lon": -80.1222, "permit_name": "FAIRMONT, CITY OF", "version_nmbr": 0, "permit_type_code": "NPD", "effective_date": 1730419200000, "expiration_date": 1884124800000, "permit_status_code": "EFF", "facility_type_indicator": "POTW", "major_minor_status_flag": "M", "permit_tracking": "Y", "pt_start_date": 1730419200000, "dmr_tracking": "Y", "dmr_nr_start_date": 1730419200000, "permit_design_flow": 9, "permit_avg_flow": 0, "perm_feature_nmbr": "C045", "perm_feature_text": "", "pf_lat": 39.4417, "pf_lon": -80.1783, "pf_character": "CSO", "perm_feature_type_code": "EXO", "pf_state_waterbody_name": "MONONGAHELA RIVER", "pf_state_auto_name": "Tygart Valley River", "pf_reach_id": "5020001001577", "in_icis": "YES", "echo_dfr_link": "https://echo.epa.gov/detailed-facility-report?fid=110000751892", "name": "CITY OF FAIRMONT", "feature_kind": "CSO outfall"}}, {"type": "Feature", "id": 6572, "geometry": {"type": "Point", "coordinates": [-80.130800423487, 39.5031000354989]}, "properties": {"OBJECTID": 6572, "npdes_pfid": "WV0023353C046", "npdes_id": "WV0023353", "permitting_state": "WV", "agency_type_code": "ST6", "facility_uin": "110000751892", "facility_name": "CITY OF FAIRMONT", "location_address": "901 HOWARD AVE.", "supplemental_address_text": "", "facility_city": "FAIRMONT", "county_code": "WV049", "state_code": "WV", "epa_region_code": "03", "facility_type_code": "MWD", "facility_lat": 39.4944, "facility_lon": -80.1222, "permit_name": "FAIRMONT, CITY OF", "version_nmbr": 0, "permit_type_code": "NPD", "effective_date": 1730419200000, "expiration_date": 1884124800000, "permit_status_code": "EFF", "facility_type_indicator": "POTW", "major_minor_status_flag": "M", "permit_tracking": "Y", "pt_start_date": 1730419200000, "dmr_tracking": "Y", "dmr_nr_start_date": 1730419200000, "permit_design_flow": 9, "permit_avg_flow": 0, "perm_feature_nmbr": "C046", "perm_feature_text": "", "pf_lat": 39.5031, "pf_lon": -80.1308, "pf_character": "CSO", "perm_feature_type_code": "EXO", "pf_state_waterbody_name": "MONONGAHELA RIVER", "pf_state_auto_name": "Monongahela River", "pf_reach_id": "5020003000491", "in_icis": "YES", "echo_dfr_link": "https://echo.epa.gov/detailed-facility-report?fid=110000751892", "name": "CITY OF FAIRMONT", "feature_kind": "CSO outfall"}}, {"type": "Feature", "id": 6573, "geometry": {"type": "Point", "coordinates": [-80.1228000275666, 39.4916998642826]}, "properties": {"OBJECTID": 6573, "npdes_pfid": "WV0023353C047", "npdes_id": "WV0023353", "permitting_state": "WV", "agency_type_code": "ST6", "facility_uin": "110000751892", "facility_name": "CITY OF FAIRMONT", "location_address": "901 HOWARD AVE.", "supplemental_address_text": "", "facility_city": "FAIRMONT", "county_code": "WV049", "state_code": "WV", "epa_region_code": "03", "facility_type_code": "MWD", "facility_lat": 39.4944, "facility_lon": -80.1222, "permit_name": "FAIRMONT, CITY OF", "version_nmbr": 0, "permit_type_code": "NPD", "effective_date": 1730419200000, "expiration_date": 1884124800000, "permit_status_code": "EFF", "facility_type_indicator": "POTW", "major_minor_status_flag": "M", "permit_tracking": "Y", "pt_start_date": 1730419200000, "dmr_tracking": "Y", "dmr_nr_start_date": 1730419200000, "permit_design_flow": 9, "permit_avg_flow": 0, "perm_feature_nmbr": "C047", "perm_feature_text": "", "pf_lat": 39.4917, "pf_lon": -80.1228, "pf_character": "CSO", "perm_feature_type_code": "EXO", "pf_state_waterbody_name": "MONONGAHELA RIVER", "pf_state_auto_name": "Monongahela River", "pf_reach_id": "5020003000112", "in_icis": "YES", "echo_dfr_link": "https://echo.epa.gov/detailed-facility-report?fid=110000751892", "name": "CITY OF FAIRMONT", "feature_kind": "CSO outfall"}}, {"type": "Feature", "id": 6574, "geometry": {"type": "Point", "coordinates": [-80.1321999986996, 39.496700060109]}, "properties": {"OBJECTID": 6574, "npdes_pfid": "WV0023353C048", "npdes_id": "WV0023353", "permitting_state": "WV", "agency_type_code": "ST6", "facility_uin": "110000751892", "facility_name": "CITY OF FAIRMONT", "location_address": "901 HOWARD AVE.", "supplemental_address_text": "", "facility_city": "FAIRMONT", "county_code": "WV049", "state_code": "WV", "epa_region_code": "03", "facility_type_code": "MWD", "facility_lat": 39.4944, "facility_lon": -80.1222, "permit_name": "FAIRMONT, CITY OF", "version_nmbr": 0, "permit_type_code": "NPD", "effective_date": 1730419200000, "expiration_date": 1884124800000, "permit_status_code": "EFF", "facility_type_indicator": "POTW", "major_minor_status_flag": "M", "permit_tracking": "Y", "pt_start_date": 1730419200000, "dmr_tracking": "Y", "dmr_nr_start_date": 1730419200000, "permit_design_flow": 9, "permit_avg_flow": 0, "perm_feature_nmbr": "C048", "perm_feature_text": "", "pf_lat": 39.4967, "pf_lon": -80.1322, "pf_character": "CSO", "perm_feature_type_code": "EXO", "pf_state_waterbody_name": "MONONGAHELA RIVER", "pf_state_auto_name": "Buffalo Creek", "pf_reach_id": "5020003000061", "in_icis": "YES", "echo_dfr_link": "https://echo.epa.gov/detailed-facility-report?fid=110000751892", "name": "CITY OF FAIRMONT", "feature_kind": "CSO outfall"}}, {"type": "Feature", "id": 6575, "geometry": {"type": "Point", "coordinates": [-80.1831003393284, 39.4703002607584]}, "properties": {"OBJECTID": 6575, "npdes_pfid": "WV0023353C049", "npdes_id": "WV0023353", "permitting_state": "WV", "agency_type_code": "ST6", "facility_uin": "110000751892", "facility_name": "CITY OF FAIRMONT", "location_address": "901 HOWARD AVE.", "supplemental_address_text": "", "facility_city": "FAIRMONT", "county_code": "WV049", "state_code": "WV", "epa_region_code": "03", "facility_type_code": "MWD", "facility_lat": 39.4944, "facility_lon": -80.1222, "permit_name": "FAIRMONT, CITY OF", "version_nmbr": 0, "permit_type_code": "NPD", "effective_date": 1730419200000, "expiration_date": 1884124800000, "permit_status_code": "EFF", "facility_type_indicator": "POTW", "major_minor_status_flag": "M", "permit_tracking": "Y", "pt_start_date": 1730419200000, "dmr_tracking": "Y", "dmr_nr_start_date": 1730419200000, "permit_design_flow": 9, "permit_avg_flow": 0, "perm_feature_nmbr": "C049", "perm_feature_text": "", "pf_lat": 39.4703, "pf_lon": -80.1831, "pf_character": "CSO", "perm_feature_type_code": "EXO", "pf_state_waterbody_name": "MONONGAHELA RIVER", "pf_state_auto_name": "West Fork River", "pf_reach_id": "5020002000001", "in_icis": "YES", "echo_dfr_link": "https://echo.epa.gov/detailed-facility-report?fid=110000751892", "name": "CITY OF FAIRMONT", "feature_kind": "CSO outfall"}}, {"type": "Feature", "id": 6576, "geometry": {"type": "Point", "coordinates": [-78.9638996491991, 39.4383002095871]}, "properties": {"OBJECTID": 6576, "npdes_pfid": "WV0024392C002", "npdes_id": "WV0024392", "permitting_state": "WV", "agency_type_code": "ST6", "facility_uin": "110000877409", "facility_name": "CITY OF KEYSER", "location_address": "881 WAXLER ROAD", "supplemental_address_text": "", "facility_city": "KEYSER", "county_code": "WV057", "state_code": "WV", "epa_region_code": "03", "facility_type_code": "MWD", "facility_lat": 39.4475, "facility_lon": -78.9564, "permit_name": "KEYSER, CITY OF", "version_nmbr": 0, "permit_type_code": "NPD", "effective_date": 1667260800000, "expiration_date": 1820966400000, "permit_status_code": "EFF", "facility_type_indicator": "POTW", "major_minor_status_flag": "M", "permit_tracking": "Y", "pt_start_date": 1667260800000, "dmr_tracking": "Y", "dmr_nr_start_date": 1667260800000, "permit_design_flow": 2.4, "permit_avg_flow": null, "perm_feature_nmbr": "C002", "perm_feature_text": "", "pf_lat": 39.4383, "pf_lon": -78.9639, "pf_character": "CSO", "perm_feature_type_code": "EXO", "pf_state_waterbody_name": "NORTH BRANCH OF POTOMAC RIVER", "pf_state_auto_name": "Limestone Run", "pf_reach_id": "2070002001526", "in_icis": "YES", "echo_dfr_link": "https://echo.epa.gov/detailed-facility-report?fid=110000877409", "name": "CITY OF KEYSER", "feature_kind": "CSO outfall"}}, {"type": "Feature", "id": 6577, "geometry": {"type": "Point", "coordinates": [-79.9631002313017, 39.6386002581023]}, "properties": {"OBJECTID": 6577, "npdes_pfid": "WV0024449C002", "npdes_id": "WV0024449", "permitting_state": "WV", "agency_type_code": "ST6", "facility_uin": "110010866786", "facility_name": "CITY OF WESTOVER", "location_address": "500 DUPONT RD", "supplemental_address_text": "", "facility_city": "WESTOVER", "county_code": "WV061", "state_code": "WV", "epa_region_code": "03", "facility_type_code": "MWD", "facility_lat": 39.6556, "facility_lon": -79.9922, "permit_name": "WESTOVER, CITY OF", "version_nmbr": 0, "permit_type_code": "NPD", "effective_date": 1693526400000, "expiration_date": 1846368000000, "permit_status_code": "EFF", "facility_type_indicator": "POTW", "major_minor_status_flag": "N", "permit_tracking": "Y", "pt_start_date": 1693526400000, "dmr_tracking": "Y", "dmr_nr_start_date": 1693526400000, "permit_design_flow": 0.6824, "permit_avg_flow": 0, "perm_feature_nmbr": "C002", "perm_feature_text": "", "pf_lat": 39.6386, "pf_lon": -79.9631, "pf_character": "CSO", "perm_feature_type_code": "EXO", "pf_state_waterbody_name": "Monongahela", "pf_state_auto_name": "Monongahela River", "pf_reach_id": "5020003000024", "in_icis": "YES", "echo_dfr_link": "https://echo.epa.gov/detailed-facility-report?fid=110010866786", "name": "CITY OF WESTOVER", "feature_kind": "CSO outfall"}}, {"type": "Feature", "id": 6578, "geometry": {"type": "Point", "coordinates": [-79.9735997403425, 39.6406001590928]}, "properties": {"OBJECTID": 6578, "npdes_pfid": "WV0024449C003", "npdes_id": "WV0024449", "permitting_state": "WV", "agency_type_code": "ST6", "facility_uin": "110010866786", "facility_name": "CITY OF WESTOVER", "location_address": "500 DUPONT RD", "supplemental_address_text": "", "facility_city": "WESTOVER", "county_code": "WV061", "state_code": "WV", "epa_region_code": "03", "facility_type_code": "MWD", "facility_lat": 39.6556, "facility_lon": -79.9922, "permit_name": "WESTOVER, CITY OF", "version_nmbr": 0, "permit_type_code": "NPD", "effective_date": 1693526400000, "expiration_date": 1846368000000, "permit_status_code": "EFF", "facility_type_indicator": "POTW", "major_minor_status_flag": "N", "permit_tracking": "Y", "pt_start_date": 1693526400000, "dmr_tracking": "Y", "dmr_nr_start_date": 1693526400000, "permit_design_flow": 0.6824, "permit_avg_flow": 0, "perm_feature_nmbr": "C003", "perm_feature_text": "", "pf_lat": 39.6406, "pf_lon": -79.9736, "pf_character": "CSO", "perm_feature_type_code": "EXO", "pf_state_waterbody_name": "Monongahela", "pf_state_auto_name": "Monongahela River", "pf_reach_id": "5020003000024", "in_icis": "YES", "echo_dfr_link": "https://echo.epa.gov/detailed-facility-report?fid=110010866786", "name": "CITY OF WESTOVER", "feature_kind": "CSO outfall"}}, {"type": "Feature", "id": 6579, "geometry": {"type": "Point", "coordinates": [-79.9757997144733, 39.6406001590928]}, "properties": {"OBJECTID": 6579, "npdes_pfid": "WV0024449C004", "npdes_id": "WV0024449", "permitting_state": "WV", "agency_type_code": "ST6", "facility_uin": "110010866786", "facility_name": "CITY OF WESTOVER", "location_address": "500 DUPONT RD", "supplemental_address_text": "", "facility_city": "WESTOVER", "county_code": "WV061", "state_code": "WV", "epa_region_code": "03", "facility_type_code": "MWD", "facility_lat": 39.6556, "facility_lon": -79.9922, "permit_name": "WESTOVER, CITY OF", "version_nmbr": 0, "permit_type_code": "NPD", "effective_date": 1693526400000, "expiration_date": 1846368000000, "permit_status_code": "EFF", "facility_type_indicator": "POTW", "major_minor_status_flag": "N", "permit_tracking": "Y", "pt_start_date": 1693526400000, "dmr_tracking": "Y", "dmr_nr_start_date": 1693526400000, "permit_design_flow": 0.6824, "permit_avg_flow": 0, "perm_feature_nmbr": "C004", "perm_feature_text": "", "pf_lat": 39.6406, "pf_lon": -79.9758, "pf_character": "CSO", "perm_feature_type_code": "EXO", "pf_state_waterbody_name": "Monongahela", "pf_state_auto_name": "Monongahela River", "pf_reach_id": "5020003000024", "in_icis": "YES", "echo_dfr_link": "https://echo.epa.gov/detailed-facility-report?fid=110010866786", "name": "CITY OF WESTOVER", "feature_kind": "CSO outfall"}}, {"type": "Feature", "id": 6580, "geometry": {"type": "Point", "coordinates": [-79.9791998378237, 39.6411002982427]}, "properties": {"OBJECTID": 6580, "npdes_pfid": "WV0024449C005", "npdes_id": "WV0024449", "permitting_state": "WV", "agency_type_code": "ST6", "facility_uin": "110010866786", "facility_name": "CITY OF WESTOVER", "location_address": "500 DUPONT RD", "supplemental_address_text": "", "facility_city": "WESTOVER", "county_code": "WV061", "state_code": "WV", "epa_region_code": "03", "facility_type_code": "MWD", "facility_lat": 39.6556, "facility_lon": -79.9922, "permit_name": "WESTOVER, CITY OF", "version_nmbr": 0, "permit_type_code": "NPD", "effective_date": 1693526400000, "expiration_date": 1846368000000, "permit_status_code": "EFF", "facility_type_indicator": "POTW", "major_minor_status_flag": "N", "permit_tracking": "Y", "pt_start_date": 1693526400000, "dmr_tracking": "Y", "dmr_nr_start_date": 1693526400000, "permit_design_flow": 0.6824, "permit_avg_flow": 0, "perm_feature_nmbr": "C005", "perm_feature_text": "", "pf_lat": 39.6411, "pf_lon": -79.9792, "pf_character": "CSO", "perm_feature_type_code": "EXO", "pf_state_waterbody_name": "Monogahela", "pf_state_auto_name": "Monongahela River", "pf_reach_id": "5020003000024", "in_icis": "YES", "echo_dfr_link": "https://echo.epa.gov/detailed-facility-report?fid=110010866786", "name": "CITY OF WESTOVER", "feature_kind": "CSO outfall"}}, {"type": "Feature", "id": 6581, "geometry": {"type": "Point", "coordinates": [-79.985600334223, 39.6399997106331]}, "properties": {"OBJECTID": 6581, "npdes_pfid": "WV0024449C006", "npdes_id": "WV0024449", "permitting_state": "WV", "agency_type_code": "ST6", "facility_uin": "110010866786", "facility_name": "CITY OF WESTOVER", "location_address": "500 DUPONT RD", "supplemental_address_text": "", "facility_city": "WESTOVER", "county_code": "WV061", "state_code": "WV", "epa_region_code": "03", "facility_type_code": "MWD", "facility_lat": 39.6556, "facility_lon": -79.9922, "permit_name": "WESTOVER, CITY OF", "version_nmbr": 0, "permit_type_code": "NPD", "effective_date": 1693526400000, "expiration_date": 1846368000000, "permit_status_code": "EFF", "facility_type_indicator": "POTW", "major_minor_status_flag": "N", "permit_tracking": "Y", "pt_start_date": 1693526400000, "dmr_tracking": "Y", "dmr_nr_start_date": 1693526400000, "permit_design_flow": 0.6824, "permit_avg_flow": 0, "perm_feature_nmbr": "C006", "perm_feature_text": "", "pf_lat": 39.64, "pf_lon": -79.9856, "pf_character": "CSO", "perm_feature_type_code": "EXO", "pf_state_waterbody_name": "Monogahela", "pf_state_auto_name": "Dents Run", "pf_reach_id": "5020003000016", "in_icis": "YES", "echo_dfr_link": "https://echo.epa.gov/detailed-facility-report?fid=110010866786", "name": "CITY OF WESTOVER", "feature_kind": "CSO outfall"}}, {"type": "Feature", "id": 6582, "geometry": {"type": "Point", "coordinates": [-80.0911002778206, 38.217799984009]}, "properties": {"OBJECTID": 6582, "npdes_pfid": "WV0024473C002", "npdes_id": "WV0024473", "permitting_state": "WV", "agency_type_code": "ST6", "facility_uin": "110010852121", "facility_name": "TOWN OF MARLINTON", "location_address": "STILLWELL PARK RD.", "supplemental_address_text": "", "facility_city": "MARLINTON", "county_code": "WV075", "state_code": "WV", "epa_region_code": "03", "facility_type_code": "MWD", "facility_lat": 38.2144, "facility_lon": -80.1003, "permit_name": "MARLINTON, TOWN OF", "version_nmbr": 0, "permit_type_code": "NPD", "effective_date": 1725148800000, "expiration_date": 1877472000000, "permit_status_code": "EFF", "facility_type_indicator": "POTW", "major_minor_status_flag": "N", "permit_tracking": "Y", "pt_start_date": 1725148800000, "dmr_tracking": "Y", "dmr_nr_start_date": 1725148800000, "permit_design_flow": 0.2, "permit_avg_flow": null, "perm_feature_nmbr": "C002", "perm_feature_text": "", "pf_lat": 38.2178, "pf_lon": -80.0911, "pf_character": "CSO", "perm_feature_type_code": "EXO", "pf_state_waterbody_name": "Knapps Creek", "pf_state_auto_name": "", "pf_reach_id": "", "in_icis": "YES", "echo_dfr_link": "https://echo.epa.gov/detailed-facility-report?fid=110010852121", "name": "TOWN OF MARLINTON", "feature_kind": "CSO outfall"}}, {"type": "Feature", "id": 6583, "geometry": {"type": "Point", "coordinates": [-82.4349997885051, 38.2235998088318]}, "properties": {"OBJECTID": 6583, "npdes_pfid": "WV0024562C004", "npdes_id": "WV0024562", "permitting_state": "WV", "agency_type_code": "ST6", "facility_uin": "110010866296", "facility_name": "TOWN OF WAYNE", "location_address": "RT. 152 NEWTOWN RIVER ST.", "supplemental_address_text": "", "facility_city": "WAYNE", "county_code": "WV099", "state_code": "WV", "epa_region_code": "03", "facility_type_code": "MWD", "facility_lat": 38.2294, "facility_lon": -82.4406, "permit_name": "WAYNE, TOWN OF", "version_nmbr": 0, "permit_type_code": "NPD", "effective_date": 1751328000000, "expiration_date": 1904688000000, "permit_status_code": "EFF", "facility_type_indicator": "POTW", "major_minor_status_flag": "N", "permit_tracking": "Y", "pt_start_date": 1751328000000, "dmr_tracking": "Y", "dmr_nr_start_date": 1751328000000, "permit_design_flow": 0.17, "permit_avg_flow": 0, "perm_feature_nmbr": "C004", "perm_feature_text": "", "pf_lat": 38.2236, "pf_lon": -82.435, "pf_character": "CSO", "perm_feature_type_code": "EXO", "pf_state_waterbody_name": "TWELVEPOLE CREEK", "pf_state_auto_name": "", "pf_reach_id": "", "in_icis": "YES", "echo_dfr_link": "https://echo.epa.gov/detailed-facility-report?fid=110010866296", "name": "TOWN OF WAYNE", "feature_kind": "CSO outfall"}}, {"type": "Feature", "id": 6584, "geometry": {"type": "Point", "coordinates": [-82.4433002217303, 38.2238997385252]}, "properties": {"OBJECTID": 6584, "npdes_pfid": "WV0024562C005", "npdes_id": "WV0024562", "permitting_state": "WV", "agency_type_code": "ST6", "facility_uin": "110010866296", "facility_name": "TOWN OF WAYNE", "location_address": "RT. 152 NEWTOWN RIVER ST.", "supplemental_address_text": "", "facility_city": "WAYNE", "county_code": "WV099", "state_code": "WV", "epa_region_code": "03", "facility_type_code": "MWD", "facility_lat": 38.2294, "facility_lon": -82.4406, "permit_name": "WAYNE, TOWN OF", "version_nmbr": 0, "permit_type_code": "NPD", "effective_date": 1751328000000, "expiration_date": 1904688000000, "permit_status_code": "EFF", "facility_type_indicator": "POTW", "major_minor_status_flag": "N", "permit_tracking": "Y", "pt_start_date": 1751328000000, "dmr_tracking": "Y", "dmr_nr_start_date": 1751328000000, "permit_design_flow": 0.17, "permit_avg_flow": 0, "perm_feature_nmbr": "C005", "perm_feature_text": "", "pf_lat": 38.2239, "pf_lon": -82.4433, "pf_character": "CSO", "perm_feature_type_code": "EXO", "pf_state_waterbody_name": "TWELVEPOLE CREEK", "pf_state_auto_name": "", "pf_reach_id": "", "in_icis": "YES", "echo_dfr_link": "https://echo.epa.gov/detailed-facility-report?fid=110010866296", "name": "TOWN OF WAYNE", "feature_kind": "CSO outfall"}}, {"type": "Feature", "id": 6585, "geometry": {"type": "Point", "coordinates": [-82.4399998113765, 38.2310997971257]}, "properties": {"OBJECTID": 6585, "npdes_pfid": "WV0024562C101", "npdes_id": "WV0024562", "permitting_state": "WV", "agency_type_code": "ST6", "facility_uin": "110010866296", "facility_name": "TOWN OF WAYNE", "location_address": "RT. 152 NEWTOWN RIVER ST.", "supplemental_address_text": "", "facility_city": "WAYNE", "county_code": "WV099", "state_code": "WV", "epa_region_code": "03", "facility_type_code": "MWD", "facility_lat": 38.2294, "facility_lon": -82.4406, "permit_name": "WAYNE, TOWN OF", "version_nmbr": 0, "permit_type_code": "NPD", "effective_date": 1751328000000, "expiration_date": 1904688000000, "permit_status_code": "EFF", "facility_type_indicator": "POTW", "major_minor_status_flag": "N", "permit_tracking": "Y", "pt_start_date": 1751328000000, "dmr_tracking": "Y", "dmr_nr_start_date": 1751328000000, "permit_design_flow": 0.17, "permit_avg_flow": 0, "perm_feature_nmbr": "C101", "perm_feature_text": "", "pf_lat": 38.2311, "pf_lon": -82.44, "pf_character": "CSO", "perm_feature_type_code": "EXO", "pf_state_waterbody_name": "TWELVEPOLE CREEK", "pf_state_auto_name": "", "pf_reach_id": "", "in_icis": "YES", "echo_dfr_link": "https://echo.epa.gov/detailed-facility-report?fid=110010866296", "name": "TOWN OF WAYNE", "feature_kind": "CSO outfall"}}, {"type": "Feature", "id": 6586, "geometry": {"type": "Point", "coordinates": [-81.5985999870282, 37.4460997583754]}, "properties": {"OBJECTID": 6586, "npdes_pfid": "WV0024589C002", "npdes_id": "WV0024589", "permitting_state": "WV", "agency_type_code": "ST6", "facility_uin": "110000877427", "facility_name": "CITY OF WELCH", "location_address": "SHAFT BOTTOM RD.", "supplemental_address_text": "", "facility_city": "HEMPHILL", "county_code": "WV047", "state_code": "WV", "epa_region_code": "03", "facility_type_code": "MWD", "facility_lat": 37.4461, "facility_lon": -81.5986, "permit_name": "WELCH, CITY OF", "version_nmbr": 0, "permit_type_code": "NPD", "effective_date": 1688169600000, "expiration_date": 1842048000000, "permit_status_code": "EFF", "facility_type_indicator": "POTW", "major_minor_status_flag": "M", "permit_tracking": "Y", "pt_start_date": 1688169600000, "dmr_tracking": "Y", "dmr_nr_start_date": 1688169600000, "permit_design_flow": 1.12, "permit_avg_flow": null, "perm_feature_nmbr": "C002", "perm_feature_text": "", "pf_lat": 37.4461, "pf_lon": -81.5986, "pf_character": "CSO", "perm_feature_type_code": "EXO", "pf_state_waterbody_name": "Tug Fork/Big Sandy River/Ohio River", "pf_state_auto_name": "Tug Fork", "pf_reach_id": "5070201000363", "in_icis": "YES", "echo_dfr_link": "https://echo.epa.gov/detailed-facility-report?fid=110000877427", "name": "CITY OF WELCH", "feature_kind": "CSO outfall"}}, {"type": "Feature", "id": 6587, "geometry": {"type": "Point", "coordinates": [-81.5863999671546, 37.4352997717197]}, "properties": {"OBJECTID": 6587, "npdes_pfid": "WV0024589C005", "npdes_id": "WV0024589", "permitting_state": "WV", "agency_type_code": "ST6", "facility_uin": "110000877427", "facility_name": "CITY OF WELCH", "location_address": "SHAFT BOTTOM RD.", "supplemental_address_text": "", "facility_city": "HEMPHILL", "county_code": "WV047", "state_code": "WV", "epa_region_code": "03", "facility_type_code": "MWD", "facility_lat": 37.4461, "facility_lon": -81.5986, "permit_name": "WELCH, CITY OF", "version_nmbr": 0, "permit_type_code": "NPD", "effective_date": 1688169600000, "expiration_date": 1842048000000, "permit_status_code": "EFF", "facility_type_indicator": "POTW", "major_minor_status_flag": "M", "permit_tracking": "Y", "pt_start_date": 1688169600000, "dmr_tracking": "Y", "dmr_nr_start_date": 1688169600000, "permit_design_flow": 1.12, "permit_avg_flow": null, "perm_feature_nmbr": "C005", "perm_feature_text": "", "pf_lat": 37.4353, "pf_lon": -81.5864, "pf_character": "CSO", "perm_feature_type_code": "EXO", "pf_state_waterbody_name": "Tug Fork/Big Sandy River", "pf_state_auto_name": "Tug Fork", "pf_reach_id": "5070201000365", "in_icis": "YES", "echo_dfr_link": "https://echo.epa.gov/detailed-facility-report?fid=110000877427", "name": "CITY OF WELCH", "feature_kind": "CSO outfall"}}, {"type": "Feature", "id": 6588, "geometry": {"type": "Point", "coordinates": [-80.8936003554207, 37.6689000008925]}, "properties": {"OBJECTID": 6588, "npdes_pfid": "WV0024732C004", "npdes_id": "WV0024732", "permitting_state": "WV", "agency_type_code": "ST6", "facility_uin": "110010866376", "facility_name": "CITY OF HINTON", "location_address": "WV RT. 20 @ BARKSDALE NEAR SUMMERS CO HIGH SCHOOL", "supplemental_address_text": "", "facility_city": "HINTON", "county_code": "WV089", "state_code": "WV", "epa_region_code": "03", "facility_type_code": "MWD", "facility_lat": 37.7014, "facility_lon": -80.8881, "permit_name": "HINTON, CITY OF", "version_nmbr": 0, "permit_type_code": "NPD", "effective_date": 1696118400000, "expiration_date": 1849737600000, "permit_status_code": "EFF", "facility_type_indicator": "POTW", "major_minor_status_flag": "N", "permit_tracking": "Y", "pt_start_date": 1696118400000, "dmr_tracking": "Y", "dmr_nr_start_date": 1696118400000, "permit_design_flow": 0.625, "permit_avg_flow": 0, "perm_feature_nmbr": "C004", "perm_feature_text": "", "pf_lat": 37.6689, "pf_lon": -80.8936, "pf_character": "CSO", "perm_feature_type_code": "EXO", "pf_state_waterbody_name": "New River", "pf_state_auto_name": "New River", "pf_reach_id": "5050004000139", "in_icis": "YES", "echo_dfr_link": "https://echo.epa.gov/detailed-facility-report?fid=110010866376", "name": "CITY OF HINTON", "feature_kind": "CSO outfall"}}, {"type": "Feature", "id": 6589, "geometry": {"type": "Point", "coordinates": [-80.8846998475856, 37.648099820797]}, "properties": {"OBJECTID": 6589, "npdes_pfid": "WV0024732C006", "npdes_id": "WV0024732", "permitting_state": "WV", "agency_type_code": "ST6", "facility_uin": "110010866376", "facility_name": "CITY OF HINTON", "location_address": "WV RT. 20 @ BARKSDALE NEAR SUMMERS CO HIGH SCHOOL", "supplemental_address_text": "", "facility_city": "HINTON", "county_code": "WV089", "state_code": "WV", "epa_region_code": "03", "facility_type_code": "MWD", "facility_lat": 37.7014, "facility_lon": -80.8881, "permit_name": "HINTON, CITY OF", "version_nmbr": 0, "permit_type_code": "NPD", "effective_date": 1696118400000, "expiration_date": 1849737600000, "permit_status_code": "EFF", "facility_type_indicator": "POTW", "major_minor_status_flag": "N", "permit_tracking": "Y", "pt_start_date": 1696118400000, "dmr_tracking": "Y", "dmr_nr_start_date": 1696118400000, "permit_design_flow": 0.625, "permit_avg_flow": 0, "perm_feature_nmbr": "C006", "perm_feature_text": "", "pf_lat": 37.6481, "pf_lon": -80.8847, "pf_character": "CSO", "perm_feature_type_code": "EXO", "pf_state_waterbody_name": "New River", "pf_state_auto_name": "New River", "pf_reach_id": "5050002001644", "in_icis": "YES", "echo_dfr_link": "https://echo.epa.gov/detailed-facility-report?fid=110010866376", "name": "CITY OF HINTON", "feature_kind": "CSO outfall"}}, {"type": "Feature", "id": 6590, "geometry": {"type": "Point", "coordinates": [-80.8843998102807, 37.6475002215492]}, "properties": {"OBJECTID": 6590, "npdes_pfid": "WV0024732C007", "npdes_id": "WV0024732", "permitting_state": "WV", "agency_type_code": "ST6", "facility_uin": "110010866376", "facility_name": "CITY OF HINTON", "location_address": "WV RT. 20 @ BARKSDALE NEAR SUMMERS CO HIGH SCHOOL", "supplemental_address_text": "", "facility_city": "HINTON", "county_code": "WV089", "state_code": "WV", "epa_region_code": "03", "facility_type_code": "MWD", "facility_lat": 37.7014, "facility_lon": -80.8881, "permit_name": "HINTON, CITY OF", "version_nmbr": 0, "permit_type_code": "NPD", "effective_date": 1696118400000, "expiration_date": 1849737600000, "permit_status_code": "EFF", "facility_type_indicator": "POTW", "major_minor_status_flag": "N", "permit_tracking": "Y", "pt_start_date": 1696118400000, "dmr_tracking": "Y", "dmr_nr_start_date": 1696118400000, "permit_design_flow": 0.625, "permit_avg_flow": 0, "perm_feature_nmbr": "C007", "perm_feature_text": "", "pf_lat": 37.6475, "pf_lon": -80.8844, "pf_character": "CSO", "perm_feature_type_code": "EXO", "pf_state_waterbody_name": "New River", "pf_state_auto_name": "New River", "pf_reach_id": "5050002001644", "in_icis": "YES", "echo_dfr_link": "https://echo.epa.gov/detailed-facility-report?fid=110010866376", "name": "CITY OF HINTON", "feature_kind": "CSO outfall"}}, {"type": "Feature", "id": 6591, "geometry": {"type": "Point", "coordinates": [-80.8927999565025, 37.6739000504615]}, "properties": {"OBJECTID": 6591, "npdes_pfid": "WV0024732C009", "npdes_id": "WV0024732", "permitting_state": "WV", "agency_type_code": "ST6", "facility_uin": "110010866376", "facility_name": "CITY OF HINTON", "location_address": "WV RT. 20 @ BARKSDALE NEAR SUMMERS CO HIGH SCHOOL", "supplemental_address_text": "", "facility_city": "HINTON", "county_code": "WV089", "state_code": "WV", "epa_region_code": "03", "facility_type_code": "MWD", "facility_lat": 37.7014, "facility_lon": -80.8881, "permit_name": "HINTON, CITY OF", "version_nmbr": 0, "permit_type_code": "NPD", "effective_date": 1696118400000, "expiration_date": 1849737600000, "permit_status_code": "EFF", "facility_type_indicator": "POTW", "major_minor_status_flag": "N", "permit_tracking": "Y", "pt_start_date": 1696118400000, "dmr_tracking": "Y", "dmr_nr_start_date": 1696118400000, "permit_design_flow": 0.625, "permit_avg_flow": 0, "perm_feature_nmbr": "C009", "perm_feature_text": "", "pf_lat": 37.6739, "pf_lon": -80.8928, "pf_character": "CSO", "perm_feature_type_code": "EXO", "pf_state_waterbody_name": "New River", "pf_state_auto_name": "New River", "pf_reach_id": "5050004000138", "in_icis": "YES", "echo_dfr_link": "https://echo.epa.gov/detailed-facility-report?fid=110010866376", "name": "CITY OF HINTON", "feature_kind": "CSO outfall"}}, {"type": "Feature", "id": 6592, "geometry": {"type": "Point", "coordinates": [-79.4705997750984, 39.1256000225427]}, "properties": {"OBJECTID": 6592, "npdes_pfid": "WV0024848C003", "npdes_id": "WV0024848", "permitting_state": "WV", "agency_type_code": "ST6", "facility_uin": "110010866429", "facility_name": "TOWN OF DAVIS", "location_address": "ROUTE 32", "supplemental_address_text": "", "facility_city": "DAVIS", "county_code": "WV093", "state_code": "WV", "epa_region_code": "03", "facility_type_code": "MWD", "facility_lat": 39.1253, "facility_lon": -79.4703, "permit_name": "DAVIS, TOWN OF", "version_nmbr": 0, "permit_type_code": "NPD", "effective_date": 1764547200000, "expiration_date": 1917475200000, "permit_status_code": "EFF", "facility_type_indicator": "POTW", "major_minor_status_flag": "N", "permit_tracking": "Y", "pt_start_date": 1764547200000, "dmr_tracking": "Y", "dmr_nr_start_date": 1764547200000, "permit_design_flow": 0.12, "permit_avg_flow": null, "perm_feature_nmbr": "C003", "perm_feature_text": "", "pf_lat": 39.1256, "pf_lon": -79.4706, "pf_character": "CSO", "perm_feature_type_code": "EXO", "pf_state_waterbody_name": "BLACKWATER RIVER", "pf_state_auto_name": "", "pf_reach_id": "", "in_icis": "YES", "echo_dfr_link": "https://echo.epa.gov/detailed-facility-report?fid=110010866429", "name": "TOWN OF DAVIS", "feature_kind": "CSO outfall"}}, {"type": "Feature", "id": 6593, "geometry": {"type": "Point", "coordinates": [-79.468600125276, 39.1268996938854]}, "properties": {"OBJECTID": 6593, "npdes_pfid": "WV0024848C004", "npdes_id": "WV0024848", "permitting_state": "WV", "agency_type_code": "ST6", "facility_uin": "110010866429", "facility_name": "TOWN OF DAVIS", "location_address": "ROUTE 32", "supplemental_address_text": "", "facility_city": "DAVIS", "county_code": "WV093", "state_code": "WV", "epa_region_code": "03", "facility_type_code": "MWD", "facility_lat": 39.1253, "facility_lon": -79.4703, "permit_name": "DAVIS, TOWN OF", "version_nmbr": 0, "permit_type_code": "NPD", "effective_date": 1764547200000, "expiration_date": 1917475200000, "permit_status_code": "EFF", "facility_type_indicator": "POTW", "major_minor_status_flag": "N", "permit_tracking": "Y", "pt_start_date": 1764547200000, "dmr_tracking": "Y", "dmr_nr_start_date": 1764547200000, "permit_design_flow": 0.12, "permit_avg_flow": null, "perm_feature_nmbr": "C004", "perm_feature_text": "", "pf_lat": 39.1269, "pf_lon": -79.4686, "pf_character": "CSO", "perm_feature_type_code": "EXO", "pf_state_waterbody_name": "BLACKWATER RIVER", "pf_state_auto_name": "", "pf_reach_id": "", "in_icis": "YES", "echo_dfr_link": "https://echo.epa.gov/detailed-facility-report?fid=110010866429", "name": "TOWN OF DAVIS", "feature_kind": "CSO outfall"}}, {"type": "Feature", "id": 6594, "geometry": {"type": "Point", "coordinates": [-79.4593995801361, 39.1333001382493]}, "properties": {"OBJECTID": 6594, "npdes_pfid": "WV0024848C005", "npdes_id": "WV0024848", "permitting_state": "WV", "agency_type_code": "ST6", "facility_uin": "110010866429", "facility_name": "TOWN OF DAVIS", "location_address": "ROUTE 32", "supplemental_address_text": "", "facility_city": "DAVIS", "county_code": "WV093", "state_code": "WV", "epa_region_code": "03", "facility_type_code": "MWD", "facility_lat": 39.1253, "facility_lon": -79.4703, "permit_name": "DAVIS, TOWN OF", "version_nmbr": 0, "permit_type_code": "NPD", "effective_date": 1764547200000, "expiration_date": 1917475200000, "permit_status_code": "EFF", "facility_type_indicator": "POTW", "major_minor_status_flag": "N", "permit_tracking": "Y", "pt_start_date": 1764547200000, "dmr_tracking": "Y", "dmr_nr_start_date": 1764547200000, "permit_design_flow": 0.12, "permit_avg_flow": null, "perm_feature_nmbr": "C005", "perm_feature_text": "", "pf_lat": 39.1333, "pf_lon": -79.4594, "pf_character": "CSO", "perm_feature_type_code": "EXO", "pf_state_waterbody_name": "BLACKWATER RIVER", "pf_state_auto_name": "", "pf_reach_id": "", "in_icis": "YES", "echo_dfr_link": "https://echo.epa.gov/detailed-facility-report?fid=110010866429", "name": "TOWN OF DAVIS", "feature_kind": "CSO outfall"}}, {"type": "Feature", "id": 6595, "geometry": {"type": "Point", "coordinates": [-79.501899774543, 39.1432999728487]}, "properties": {"OBJECTID": 6595, "npdes_pfid": "WV0024856C002", "npdes_id": "WV0024856", "permitting_state": "WV", "agency_type_code": "ST6", "facility_uin": "110010866438", "facility_name": "CITY OF THOMAS", "location_address": "340 FRANCIS GRADE ROAD", "supplemental_address_text": "", "facility_city": "THOMAS", "county_code": "WV093", "state_code": "WV", "epa_region_code": "03", "facility_type_code": "MWD", "facility_lat": 39.1453, "facility_lon": -79.5028, "permit_name": "THOMAS, CITY OF", "version_nmbr": 0, "permit_type_code": "NPD", "effective_date": 1780272000000, "expiration_date": 1933891200000, "permit_status_code": "EFF", "facility_type_indicator": "POTW", "major_minor_status_flag": "N", "permit_tracking": "Y", "pt_start_date": 1780272000000, "dmr_tracking": "Y", "dmr_nr_start_date": 1780272000000, "permit_design_flow": 0.15, "permit_avg_flow": null, "perm_feature_nmbr": "C002", "perm_feature_text": "", "pf_lat": 39.1433, "pf_lon": -79.5019, "pf_character": "CSO", "perm_feature_type_code": "EXO", "pf_state_waterbody_name": "NORTH FORK/BLACKWATER RIVER", "pf_state_auto_name": "", "pf_reach_id": "", "in_icis": "YES", "echo_dfr_link": "https://echo.epa.gov/detailed-facility-report?fid=110010866438", "name": "CITY OF THOMAS", "feature_kind": "CSO outfall"}}, {"type": "Feature", "id": 6596, "geometry": {"type": "Point", "coordinates": [-80.277799838265, 39.2972001744831]}, "properties": {"OBJECTID": 6596, "npdes_pfid": "WV0025461C002", "npdes_id": "WV0025461", "permitting_state": "WV", "agency_type_code": "ST6", "facility_uin": "110039951683", "facility_name": "BRIDGEPORT WASTEWATER TREATMENT PLANT", "location_address": "1 PAUL WAYNE HAGGERTY ROAD", "supplemental_address_text": "", "facility_city": "BRIDGEPORT", "county_code": "WV033", "state_code": "WV", "epa_region_code": "03", "facility_type_code": "MWD", "facility_lat": 39.2989, "facility_lon": -80.2806, "permit_name": "BRIDGEPORT, CITY OF", "version_nmbr": 0, "permit_type_code": "NPD", "effective_date": 1754006400000, "expiration_date": 1908921600000, "permit_status_code": "EFF", "facility_type_indicator": "POTW", "major_minor_status_flag": "M", "permit_tracking": "Y", "pt_start_date": 1754006400000, "dmr_tracking": "Y", "dmr_nr_start_date": 1754006400000, "permit_design_flow": 3, "permit_avg_flow": null, "perm_feature_nmbr": "C002", "perm_feature_text": "", "pf_lat": 39.2972, "pf_lon": -80.2778, "pf_character": "CSO", "perm_feature_type_code": "EXO", "pf_state_waterbody_name": "Simpson Creek / West Fork River / Monongahela Rive", "pf_state_auto_name": "", "pf_reach_id": "", "in_icis": "YES", "echo_dfr_link": "https://echo.epa.gov/detailed-facility-report?fid=110039951683", "name": "BRIDGEPORT WASTEWATER TREATMENT PLANT", "feature_kind": "CSO outfall"}}, {"type": "Feature", "id": 6597, "geometry": {"type": "Point", "coordinates": [-80.2696997293481, 39.2888999250208]}, "properties": {"OBJECTID": 6597, "npdes_pfid": "WV0025461C003", "npdes_id": "WV0025461", "permitting_state": "WV", "agency_type_code": "ST6", "facility_uin": "110039951683", "facility_name": "BRIDGEPORT WASTEWATER TREATMENT PLANT", "location_address": "1 PAUL WAYNE HAGGERTY ROAD", "supplemental_address_text": "", "facility_city": "BRIDGEPORT", "county_code": "WV033", "state_code": "WV", "epa_region_code": "03", "facility_type_code": "MWD", "facility_lat": 39.2989, "facility_lon": -80.2806, "permit_name": "BRIDGEPORT, CITY OF", "version_nmbr": 0, "permit_type_code": "NPD", "effective_date": 1754006400000, "expiration_date": 1908921600000, "permit_status_code": "EFF", "facility_type_indicator": "POTW", "major_minor_status_flag": "M", "permit_tracking": "Y", "pt_start_date": 1754006400000, "dmr_tracking": "Y", "dmr_nr_start_date": 1754006400000, "permit_design_flow": 3, "permit_avg_flow": null, "perm_feature_nmbr": "C003", "perm_feature_text": "", "pf_lat": 39.2889, "pf_lon": -80.2697, "pf_character": "CSO", "perm_feature_type_code": "EXO", "pf_state_waterbody_name": "Simpson Creek / West Fork River / Monongahela Rive", "pf_state_auto_name": "", "pf_reach_id": "", "in_icis": "YES", "echo_dfr_link": "https://echo.epa.gov/detailed-facility-report?fid=110039951683", "name": "BRIDGEPORT WASTEWATER TREATMENT PLANT", "feature_kind": "CSO outfall"}}, {"type": "Feature", "id": 6598, "geometry": {"type": "Point", "coordinates": [-80.2624997323459, 39.284400040236]}, "properties": {"OBJECTID": 6598, "npdes_pfid": "WV0025461C004", "npdes_id": "WV0025461", "permitting_state": "WV", "agency_type_code": "ST6", "facility_uin": "110039951683", "facility_name": "BRIDGEPORT WASTEWATER TREATMENT PLANT", "location_address": "1 PAUL WAYNE HAGGERTY ROAD", "supplemental_address_text": "", "facility_city": "BRIDGEPORT", "county_code": "WV033", "state_code": "WV", "epa_region_code": "03", "facility_type_code": "MWD", "facility_lat": 39.2989, "facility_lon": -80.2806, "permit_name": "BRIDGEPORT, CITY OF", "version_nmbr": 0, "permit_type_code": "NPD", "effective_date": 1754006400000, "expiration_date": 1908921600000, "permit_status_code": "EFF", "facility_type_indicator": "POTW", "major_minor_status_flag": "M", "permit_tracking": "Y", "pt_start_date": 1754006400000, "dmr_tracking": "Y", "dmr_nr_start_date": 1754006400000, "permit_design_flow": 3, "permit_avg_flow": null, "perm_feature_nmbr": "C004", "perm_feature_text": "", "pf_lat": 39.2844, "pf_lon": -80.2625, "pf_character": "CSO", "perm_feature_type_code": "EXO", "pf_state_waterbody_name": "Simpson Creek / West Fork River / Monongahela Rive", "pf_state_auto_name": "", "pf_reach_id": "", "in_icis": "YES", "echo_dfr_link": "https://echo.epa.gov/detailed-facility-report?fid=110039951683", "name": "BRIDGEPORT WASTEWATER TREATMENT PLANT", "feature_kind": "CSO outfall"}}, {"type": "Feature", "id": 6599, "geometry": {"type": "Point", "coordinates": [-80.252799723908, 39.2850000879324]}, "properties": {"OBJECTID": 6599, "npdes_pfid": "WV0025461C005", "npdes_id": "WV0025461", "permitting_state": "WV", "agency_type_code": "ST6", "facility_uin": "110039951683", "facility_name": "BRIDGEPORT WASTEWATER TREATMENT PLANT", "location_address": "1 PAUL WAYNE HAGGERTY ROAD", "supplemental_address_text": "", "facility_city": "BRIDGEPORT", "county_code": "WV033", "state_code": "WV", "epa_region_code": "03", "facility_type_code": "MWD", "facility_lat": 39.2989, "facility_lon": -80.2806, "permit_name": "BRIDGEPORT, CITY OF", "version_nmbr": 0, "permit_type_code": "NPD", "effective_date": 1754006400000, "expiration_date": 1908921600000, "permit_status_code": "EFF", "facility_type_indicator": "POTW", "major_minor_status_flag": "M", "permit_tracking": "Y", "pt_start_date": 1754006400000, "dmr_tracking": "Y", "dmr_nr_start_date": 1754006400000, "permit_design_flow": 3, "permit_avg_flow": null, "perm_feature_nmbr": "C005", "perm_feature_text": "", "pf_lat": 39.285, "pf_lon": -80.2528, "pf_character": "CSO", "perm_feature_type_code": "EXO", "pf_state_waterbody_name": "Simpson Creek / West Fork River / Monongahela Rive", "pf_state_auto_name": "", "pf_reach_id": "", "in_icis": "YES", "echo_dfr_link": "https://echo.epa.gov/detailed-facility-report?fid=110039951683", "name": "BRIDGEPORT WASTEWATER TREATMENT PLANT", "feature_kind": "CSO outfall"}}, {"type": "Feature", "id": 6600, "geometry": {"type": "Point", "coordinates": [-80.2717002774858, 39.2930998810631]}, "properties": {"OBJECTID": 6600, "npdes_pfid": "WV0025461C006", "npdes_id": "WV0025461", "permitting_state": "WV", "agency_type_code": "ST6", "facility_uin": "110039951683", "facility_name": "BRIDGEPORT WASTEWATER TREATMENT PLANT", "location_address": "1 PAUL WAYNE HAGGERTY ROAD", "supplemental_address_text": "", "facility_city": "BRIDGEPORT", "county_code": "WV033", "state_code": "WV", "epa_region_code": "03", "facility_type_code": "MWD", "facility_lat": 39.2989, "facility_lon": -80.2806, "permit_name": "BRIDGEPORT, CITY OF", "version_nmbr": 0, "permit_type_code": "NPD", "effective_date": 1754006400000, "expiration_date": 1908921600000, "permit_status_code": "EFF", "facility_type_indicator": "POTW", "major_minor_status_flag": "M", "permit_tracking": "Y", "pt_start_date": 1754006400000, "dmr_tracking": "Y", "dmr_nr_start_date": 1754006400000, "permit_design_flow": 3, "permit_avg_flow": null, "perm_feature_nmbr": "C006", "perm_feature_text": "", "pf_lat": 39.2931, "pf_lon": -80.2717, "pf_character": "CSO", "perm_feature_type_code": "EXO", "pf_state_waterbody_name": "Simpson Creek / West Fork River / Monongahela Rive", "pf_state_auto_name": "", "pf_reach_id": "", "in_icis": "YES", "echo_dfr_link": "https://echo.epa.gov/detailed-facility-report?fid=110039951683", "name": "BRIDGEPORT WASTEWATER TREATMENT PLANT", "feature_kind": "CSO outfall"}}, {"type": "Feature", "id": 6601, "geometry": {"type": "Point", "coordinates": [-80.2627997696508, 39.2897001678209]}, "properties": {"OBJECTID": 6601, "npdes_pfid": "WV0025461C007", "npdes_id": "WV0025461", "permitting_state": "WV", "agency_type_code": "ST6", "facility_uin": "110039951683", "facility_name": "BRIDGEPORT WASTEWATER TREATMENT PLANT", "location_address": "1 PAUL WAYNE HAGGERTY ROAD", "supplemental_address_text": "", "facility_city": "BRIDGEPORT", "county_code": "WV033", "state_code": "WV", "epa_region_code": "03", "facility_type_code": "MWD", "facility_lat": 39.2989, "facility_lon": -80.2806, "permit_name": "BRIDGEPORT, CITY OF", "version_nmbr": 0, "permit_type_code": "NPD", "effective_date": 1754006400000, "expiration_date": 1908921600000, "permit_status_code": "EFF", "facility_type_indicator": "POTW", "major_minor_status_flag": "M", "permit_tracking": "Y", "pt_start_date": 1754006400000, "dmr_tracking": "Y", "dmr_nr_start_date": 1754006400000, "permit_design_flow": 3, "permit_avg_flow": null, "perm_feature_nmbr": "C007", "perm_feature_text": "", "pf_lat": 39.2897, "pf_lon": -80.2628, "pf_character": "CSO", "perm_feature_type_code": "EXO", "pf_state_waterbody_name": "Simpson Creek / West Fork River / Monongahela Rive", "pf_state_auto_name": "", "pf_reach_id": "", "in_icis": "YES", "echo_dfr_link": "https://echo.epa.gov/detailed-facility-report?fid=110039951683", "name": "BRIDGEPORT WASTEWATER TREATMENT PLANT", "feature_kind": "CSO outfall"}}, {"type": "Feature", "id": 6602, "geometry": {"type": "Point", "coordinates": [-80.2639002058738, 39.2886002661542]}, "properties": {"OBJECTID": 6602, "npdes_pfid": "WV0025461C008", "npdes_id": "WV0025461", "permitting_state": "WV", "agency_type_code": "ST6", "facility_uin": "110039951683", "facility_name": "BRIDGEPORT WASTEWATER TREATMENT PLANT", "location_address": "1 PAUL WAYNE HAGGERTY ROAD", "supplemental_address_text": "", "facility_city": "BRIDGEPORT", "county_code": "WV033", "state_code": "WV", "epa_region_code": "03", "facility_type_code": "MWD", "facility_lat": 39.2989, "facility_lon": -80.2806, "permit_name": "BRIDGEPORT, CITY OF", "version_nmbr": 0, "permit_type_code": "NPD", "effective_date": 1754006400000, "expiration_date": 1908921600000, "permit_status_code": "EFF", "facility_type_indicator": "POTW", "major_minor_status_flag": "M", "permit_tracking": "Y", "pt_start_date": 1754006400000, "dmr_tracking": "Y", "dmr_nr_start_date": 1754006400000, "permit_design_flow": 3, "permit_avg_flow": null, "perm_feature_nmbr": "C008", "perm_feature_text": "", "pf_lat": 39.2886, "pf_lon": -80.2639, "pf_character": "CSO", "perm_feature_type_code": "EXO", "pf_state_waterbody_name": "Simpson Creek / West Fork River / Monongahela Rive", "pf_state_auto_name": "", "pf_reach_id": "", "in_icis": "YES", "echo_dfr_link": "https://echo.epa.gov/detailed-facility-report?fid=110039951683", "name": "BRIDGEPORT WASTEWATER TREATMENT PLANT", "feature_kind": "CSO outfall"}}, {"type": "Feature", "id": 6603, "geometry": {"type": "Point", "coordinates": [-80.2496996378624, 39.2888999250208]}, "properties": {"OBJECTID": 6603, "npdes_pfid": "WV0025461C009", "npdes_id": "WV0025461", "permitting_state": "WV", "agency_type_code": "ST6", "facility_uin": "110039951683", "facility_name": "BRIDGEPORT WASTEWATER TREATMENT PLANT", "location_address": "1 PAUL WAYNE HAGGERTY ROAD", "supplemental_address_text": "", "facility_city": "BRIDGEPORT", "county_code": "WV033", "state_code": "WV", "epa_region_code": "03", "facility_type_code": "MWD", "facility_lat": 39.2989, "facility_lon": -80.2806, "permit_name": "BRIDGEPORT, CITY OF", "version_nmbr": 0, "permit_type_code": "NPD", "effective_date": 1754006400000, "expiration_date": 1908921600000, "permit_status_code": "EFF", "facility_type_indicator": "POTW", "major_minor_status_flag": "M", "permit_tracking": "Y", "pt_start_date": 1754006400000, "dmr_tracking": "Y", "dmr_nr_start_date": 1754006400000, "permit_design_flow": 3, "permit_avg_flow": null, "perm_feature_nmbr": "C009", "perm_feature_text": "", "pf_lat": 39.2889, "pf_lon": -80.2497, "pf_character": "CSO", "perm_feature_type_code": "EXO", "pf_state_waterbody_name": "Ann Run / West Fork River / Monongahela River", "pf_state_auto_name": "", "pf_reach_id": "", "in_icis": "YES", "echo_dfr_link": "https://echo.epa.gov/detailed-facility-report?fid=110039951683", "name": "BRIDGEPORT WASTEWATER TREATMENT PLANT", "feature_kind": "CSO outfall"}}, {"type": "Feature", "id": 6604, "geometry": {"type": "Point", "coordinates": [-80.2483000626498, 39.2867000792742]}, "properties": {"OBJECTID": 6604, "npdes_pfid": "WV0025461C011", "npdes_id": "WV0025461", "permitting_state": "WV", "agency_type_code": "ST6", "facility_uin": "110039951683", "facility_name": "BRIDGEPORT WASTEWATER TREATMENT PLANT", "location_address": "1 PAUL WAYNE HAGGERTY ROAD", "supplemental_address_text": "", "facility_city": "BRIDGEPORT", "county_code": "WV033", "state_code": "WV", "epa_region_code": "03", "facility_type_code": "MWD", "facility_lat": 39.2989, "facility_lon": -80.2806, "permit_name": "BRIDGEPORT, CITY OF", "version_nmbr": 0, "permit_type_code": "NPD", "effective_date": 1754006400000, "expiration_date": 1908921600000, "permit_status_code": "EFF", "facility_type_indicator": "POTW", "major_minor_status_flag": "M", "permit_tracking": "Y", "pt_start_date": 1754006400000, "dmr_tracking": "Y", "dmr_nr_start_date": 1754006400000, "permit_design_flow": 3, "permit_avg_flow": null, "perm_feature_nmbr": "C011", "perm_feature_text": "", "pf_lat": 39.2867, "pf_lon": -80.2483, "pf_character": "CSO", "perm_feature_type_code": "EXO", "pf_state_waterbody_name": "Ann Run / West Fork River / Monongahela River", "pf_state_auto_name": "", "pf_reach_id": "", "in_icis": "YES", "echo_dfr_link": "https://echo.epa.gov/detailed-facility-report?fid=110039951683", "name": "BRIDGEPORT WASTEWATER TREATMENT PLANT", "feature_kind": "CSO outfall"}}, {"type": "Feature", "id": 6605, "geometry": {"type": "Point", "coordinates": [-80.2583001083926, 39.2850000879324]}, "properties": {"OBJECTID": 6605, "npdes_pfid": "WV0025461C013", "npdes_id": "WV0025461", "permitting_state": "WV", "agency_type_code": "ST6", "facility_uin": "110039951683", "facility_name": "BRIDGEPORT WASTEWATER TREATMENT PLANT", "location_address": "1 PAUL WAYNE HAGGERTY ROAD", "supplemental_address_text": "", "facility_city": "BRIDGEPORT", "county_code": "WV033", "state_code": "WV", "epa_region_code": "03", "facility_type_code": "MWD", "facility_lat": 39.2989, "facility_lon": -80.2806, "permit_name": "BRIDGEPORT, CITY OF", "version_nmbr": 0, "permit_type_code": "NPD", "effective_date": 1754006400000, "expiration_date": 1908921600000, "permit_status_code": "EFF", "facility_type_indicator": "POTW", "major_minor_status_flag": "M", "permit_tracking": "Y", "pt_start_date": 1754006400000, "dmr_tracking": "Y", "dmr_nr_start_date": 1754006400000, "permit_design_flow": 3, "permit_avg_flow": null, "perm_feature_nmbr": "C013", "perm_feature_text": "", "pf_lat": 39.285, "pf_lon": -80.2583, "pf_character": "CSO", "perm_feature_type_code": "EXO", "pf_state_waterbody_name": "Simpson Creek / West Fork River / Monongahela Rive", "pf_state_auto_name": "", "pf_reach_id": "", "in_icis": "YES", "echo_dfr_link": "https://echo.epa.gov/detailed-facility-report?fid=110039951683", "name": "BRIDGEPORT WASTEWATER TREATMENT PLANT", "feature_kind": "CSO outfall"}}, {"type": "Feature", "id": 6606, "geometry": {"type": "Point", "coordinates": [-80.6157999470678, 40.2649998981636]}, "properties": {"OBJECTID": 6606, "npdes_pfid": "WV0026832C002", "npdes_id": "WV0026832", "permitting_state": "WV", "agency_type_code": "ST6", "facility_uin": "110000877506", "facility_name": "WELLSBURG CITY OF", "location_address": "200 MAIN ST", "supplemental_address_text": "", "facility_city": "WELLSBURG", "county_code": "WV009", "state_code": "WV", "epa_region_code": "03", "facility_type_code": "MWD", "facility_lat": 40.265, "facility_lon": -80.6158, "permit_name": "WELLSBURG, CITY OF", "version_nmbr": 0, "permit_type_code": "NPD", "effective_date": 1656633600000, "expiration_date": 1809216000000, "permit_status_code": "EFF", "facility_type_indicator": "POTW", "major_minor_status_flag": "M", "permit_tracking": "Y", "pt_start_date": 1656633600000, "dmr_tracking": "Y", "dmr_nr_start_date": 1656633600000, "permit_design_flow": 1.25, "permit_avg_flow": null, "perm_feature_nmbr": "C002", "perm_feature_text": "", "pf_lat": 40.265, "pf_lon": -80.6158, "pf_character": "CSO", "perm_feature_type_code": "EXO", "pf_state_waterbody_name": "Ohio River", "pf_state_auto_name": "", "pf_reach_id": "", "in_icis": "YES", "echo_dfr_link": "https://echo.epa.gov/detailed-facility-report?fid=110000877506", "name": "WELLSBURG CITY OF", "feature_kind": "CSO outfall"}}, {"type": "Feature", "id": 6607, "geometry": {"type": "Point", "coordinates": [-80.6139000102419, 40.2717000493959]}, "properties": {"OBJECTID": 6607, "npdes_pfid": "WV0026832C006", "npdes_id": "WV0026832", "permitting_state": "WV", "agency_type_code": "ST6", "facility_uin": "110000877506", "facility_name": "WELLSBURG CITY OF", "location_address": "200 MAIN ST", "supplemental_address_text": "", "facility_city": "WELLSBURG", "county_code": "WV009", "state_code": "WV", "epa_region_code": "03", "facility_type_code": "MWD", "facility_lat": 40.265, "facility_lon": -80.6158, "permit_name": "WELLSBURG, CITY OF", "version_nmbr": 0, "permit_type_code": "NPD", "effective_date": 1656633600000, "expiration_date": 1809216000000, "permit_status_code": "EFF", "facility_type_indicator": "POTW", "major_minor_status_flag": "M", "permit_tracking": "Y", "pt_start_date": 1656633600000, "dmr_tracking": "Y", "dmr_nr_start_date": 1656633600000, "permit_design_flow": 1.25, "permit_avg_flow": null, "perm_feature_nmbr": "C006", "perm_feature_text": "", "pf_lat": 40.2717, "pf_lon": -80.6139, "pf_character": "CSO", "perm_feature_type_code": "EXO", "pf_state_waterbody_name": "Ohio River", "pf_state_auto_name": "", "pf_reach_id": "", "in_icis": "YES", "echo_dfr_link": "https://echo.epa.gov/detailed-facility-report?fid=110000877506", "name": "WELLSBURG CITY OF", "feature_kind": "CSO outfall"}}, {"type": "Feature", "id": 6608, "geometry": {"type": "Point", "coordinates": [-80.6139000102419, 40.2735999612537]}, "properties": {"OBJECTID": 6608, "npdes_pfid": "WV0026832C007", "npdes_id": "WV0026832", "permitting_state": "WV", "agency_type_code": "ST6", "facility_uin": "110000877506", "facility_name": "WELLSBURG CITY OF", "location_address": "200 MAIN ST", "supplemental_address_text": "", "facility_city": "WELLSBURG", "county_code": "WV009", "state_code": "WV", "epa_region_code": "03", "facility_type_code": "MWD", "facility_lat": 40.265, "facility_lon": -80.6158, "permit_name": "WELLSBURG, CITY OF", "version_nmbr": 0, "permit_type_code": "NPD", "effective_date": 1656633600000, "expiration_date": 1809216000000, "permit_status_code": "EFF", "facility_type_indicator": "POTW", "major_minor_status_flag": "M", "permit_tracking": "Y", "pt_start_date": 1656633600000, "dmr_tracking": "Y", "dmr_nr_start_date": 1656633600000, "permit_design_flow": 1.25, "permit_avg_flow": null, "perm_feature_nmbr": "C007", "perm_feature_text": "", "pf_lat": 40.2736, "pf_lon": -80.6139, "pf_character": "CSO", "perm_feature_type_code": "EXO", "pf_state_waterbody_name": "Ohio River", "pf_state_auto_name": "", "pf_reach_id": "", "in_icis": "YES", "echo_dfr_link": "https://echo.epa.gov/detailed-facility-report?fid=110000877506", "name": "WELLSBURG CITY OF", "feature_kind": "CSO outfall"}}, {"type": "Feature", "id": 6609, "geometry": {"type": "Point", "coordinates": [-80.6139000102419, 40.2750001868005]}, "properties": {"OBJECTID": 6609, "npdes_pfid": "WV0026832C008", "npdes_id": "WV0026832", "permitting_state": "WV", "agency_type_code": "ST6", "facility_uin": "110000877506", "facility_name": "WELLSBURG CITY OF", "location_address": "200 MAIN ST", "supplemental_address_text": "", "facility_city": "WELLSBURG", "county_code": "WV009", "state_code": "WV", "epa_region_code": "03", "facility_type_code": "MWD", "facility_lat": 40.265, "facility_lon": -80.6158, "permit_name": "WELLSBURG, CITY OF", "version_nmbr": 0, "permit_type_code": "NPD", "effective_date": 1656633600000, "expiration_date": 1809216000000, "permit_status_code": "EFF", "facility_type_indicator": "POTW", "major_minor_status_flag": "M", "permit_tracking": "Y", "pt_start_date": 1656633600000, "dmr_tracking": "Y", "dmr_nr_start_date": 1656633600000, "permit_design_flow": 1.25, "permit_avg_flow": null, "perm_feature_nmbr": "C008", "perm_feature_text": "", "pf_lat": 40.275, "pf_lon": -80.6139, "pf_character": "CSO", "perm_feature_type_code": "EXO", "pf_state_waterbody_name": "Ohio River", "pf_state_auto_name": "", "pf_reach_id": "", "in_icis": "YES", "echo_dfr_link": "https://echo.epa.gov/detailed-facility-report?fid=110000877506", "name": "WELLSBURG CITY OF", "feature_kind": "CSO outfall"}}, {"type": "Feature", "id": 6610, "geometry": {"type": "Point", "coordinates": [-80.2169003502087, 39.4611002354327]}, "properties": {"OBJECTID": 6610, "npdes_pfid": "WV0027324C001", "npdes_id": "WV0027324", "permitting_state": "WV", "agency_type_code": "ST6", "facility_uin": "110006437383", "facility_name": "TOWN OF MONONGAH", "location_address": "430 BRIDGE STREET", "supplemental_address_text": "", "facility_city": "MONONGAH", "county_code": "WV049", "state_code": "WV", "epa_region_code": "03", "facility_type_code": "MWD", "facility_lat": 39.4625, "facility_lon": -80.2167, "permit_name": "MONONGAH, TOWN OF", "version_nmbr": 0, "permit_type_code": "NPD", "effective_date": 1725148800000, "expiration_date": 1878249600000, "permit_status_code": "EFF", "facility_type_indicator": "POTW", "major_minor_status_flag": "N", "permit_tracking": "Y", "pt_start_date": 1725148800000, "dmr_tracking": "Y", "dmr_nr_start_date": 1725148800000, "permit_design_flow": 0.563, "permit_avg_flow": null, "perm_feature_nmbr": "C001", "perm_feature_text": "", "pf_lat": 39.4611, "pf_lon": -80.2169, "pf_character": "CSO", "perm_feature_type_code": "EXO", "pf_state_waterbody_name": "WEST FORK RIVER", "pf_state_auto_name": "", "pf_reach_id": "", "in_icis": "YES", "echo_dfr_link": "https://echo.epa.gov/detailed-facility-report?fid=110006437383", "name": "TOWN OF MONONGAH", "feature_kind": "CSO outfall"}}, {"type": "Feature", "id": 6611, "geometry": {"type": "Point", "coordinates": [-80.2163999885954, 39.4602998742046]}, "properties": {"OBJECTID": 6611, "npdes_pfid": "WV0027324C002", "npdes_id": "WV0027324", "permitting_state": "WV", "agency_type_code": "ST6", "facility_uin": "110006437383", "facility_name": "TOWN OF MONONGAH", "location_address": "430 BRIDGE STREET", "supplemental_address_text": "", "facility_city": "MONONGAH", "county_code": "WV049", "state_code": "WV", "epa_region_code": "03", "facility_type_code": "MWD", "facility_lat": 39.4625, "facility_lon": -80.2167, "permit_name": "MONONGAH, TOWN OF", "version_nmbr": 0, "permit_type_code": "NPD", "effective_date": 1725148800000, "expiration_date": 1878249600000, "permit_status_code": "EFF", "facility_type_indicator": "POTW", "major_minor_status_flag": "N", "permit_tracking": "Y", "pt_start_date": 1725148800000, "dmr_tracking": "Y", "dmr_nr_start_date": 1725148800000, "permit_design_flow": 0.563, "permit_avg_flow": null, "perm_feature_nmbr": "C002", "perm_feature_text": "", "pf_lat": 39.4603, "pf_lon": -80.2164, "pf_character": "CSO", "perm_feature_type_code": "EXO", "pf_state_waterbody_name": "WEST FORK RIVER", "pf_state_auto_name": "", "pf_reach_id": "", "in_icis": "YES", "echo_dfr_link": "https://echo.epa.gov/detailed-facility-report?fid=110006437383", "name": "TOWN OF MONONGAH", "feature_kind": "CSO outfall"}}, {"type": "Feature", "id": 6612, "geometry": {"type": "Point", "coordinates": [-80.8593996959236, 39.6355999522822]}, "properties": {"OBJECTID": 6612, "npdes_pfid": "WV0027472C003", "npdes_id": "WV0027472", "permitting_state": "WV", "agency_type_code": "ST6", "facility_uin": "110006535455", "facility_name": "NEW MARTINSVILLE", "location_address": "300 SOUTH MAIN STREET", "supplemental_address_text": "", "facility_city": "NEW MARTINSVILLE", "county_code": "WV103", "state_code": "WV", "epa_region_code": "03", "facility_type_code": "MWD", "facility_lat": 39.6336, "facility_lon": -80.8694, "permit_name": "NEW MARTINSVILLE, CITY OF", "version_nmbr": 0, "permit_type_code": "NPD", "effective_date": 1690848000000, "expiration_date": 1844553600000, "permit_status_code": "EFF", "facility_type_indicator": "POTW", "major_minor_status_flag": "M", "permit_tracking": "Y", "pt_start_date": 1690848000000, "dmr_tracking": "Y", "dmr_nr_start_date": 1690848000000, "permit_design_flow": 2.3, "permit_avg_flow": null, "perm_feature_nmbr": "C003", "perm_feature_text": "", "pf_lat": 39.6356, "pf_lon": -80.8594, "pf_character": "CSO", "perm_feature_type_code": "EXO", "pf_state_waterbody_name": "Fishing Creek/Ohio River", "pf_state_auto_name": "Fishing Creek", "pf_reach_id": "5030201000278", "in_icis": "YES", "echo_dfr_link": "https://echo.epa.gov/detailed-facility-report?fid=110006535455", "name": "NEW MARTINSVILLE", "feature_kind": "CSO outfall"}}, {"type": "Feature", "id": 6613, "geometry": {"type": "Point", "coordinates": [-80.862799819274, 39.6366999181083]}, "properties": {"OBJECTID": 6613, "npdes_pfid": "WV0027472C004", "npdes_id": "WV0027472", "permitting_state": "WV", "agency_type_code": "ST6", "facility_uin": "110006535455", "facility_name": "NEW MARTINSVILLE", "location_address": "300 SOUTH MAIN STREET", "supplemental_address_text": "", "facility_city": "NEW MARTINSVILLE", "county_code": "WV103", "state_code": "WV", "epa_region_code": "03", "facility_type_code": "MWD", "facility_lat": 39.6336, "facility_lon": -80.8694, "permit_name": "NEW MARTINSVILLE, CITY OF", "version_nmbr": 0, "permit_type_code": "NPD", "effective_date": 1690848000000, "expiration_date": 1844553600000, "permit_status_code": "EFF", "facility_type_indicator": "POTW", "major_minor_status_flag": "M", "permit_tracking": "Y", "pt_start_date": 1690848000000, "dmr_tracking": "Y", "dmr_nr_start_date": 1690848000000, "permit_design_flow": 2.3, "permit_avg_flow": null, "perm_feature_nmbr": "C004", "perm_feature_text": "", "pf_lat": 39.6367, "pf_lon": -80.8628, "pf_character": "CSO", "perm_feature_type_code": "EXO", "pf_state_waterbody_name": "Fishing Creek/Ohio River", "pf_state_auto_name": "Fishing Creek", "pf_reach_id": "5030201000277", "in_icis": "YES", "echo_dfr_link": "https://echo.epa.gov/detailed-facility-report?fid=110006535455", "name": "NEW MARTINSVILLE", "feature_kind": "CSO outfall"}}, {"type": "Feature", "id": 6614, "geometry": {"type": "Point", "coordinates": [-80.8571997217928, 39.6927998623124]}, "properties": {"OBJECTID": 6614, "npdes_pfid": "WV0027472C005", "npdes_id": "WV0027472", "permitting_state": "WV", "agency_type_code": "ST6", "facility_uin": "110006535455", "facility_name": "NEW MARTINSVILLE", "location_address": "300 SOUTH MAIN STREET", "supplemental_address_text": "", "facility_city": "NEW MARTINSVILLE", "county_code": "WV103", "state_code": "WV", "epa_region_code": "03", "facility_type_code": "MWD", "facility_lat": 39.6336, "facility_lon": -80.8694, "permit_name": "NEW MARTINSVILLE, CITY OF", "version_nmbr": 0, "permit_type_code": "NPD", "effective_date": 1690848000000, "expiration_date": 1844553600000, "permit_status_code": "EFF", "facility_type_indicator": "POTW", "major_minor_status_flag": "M", "permit_tracking": "Y", "pt_start_date": 1690848000000, "dmr_tracking": "Y", "dmr_nr_start_date": 1690848000000, "permit_design_flow": 2.3, "permit_avg_flow": null, "perm_feature_nmbr": "C005", "perm_feature_text": "", "pf_lat": 39.6928, "pf_lon": -80.8572, "pf_character": "CSO", "perm_feature_type_code": "EXO", "pf_state_waterbody_name": "Ohio River", "pf_state_auto_name": "Ohio River", "pf_reach_id": "5030201000345", "in_icis": "YES", "echo_dfr_link": "https://echo.epa.gov/detailed-facility-report?fid=110006535455", "name": "NEW MARTINSVILLE", "feature_kind": "CSO outfall"}}, {"type": "Feature", "id": 6615, "geometry": {"type": "Point", "coordinates": [-80.8614002440614, 39.6894002824991]}, "properties": {"OBJECTID": 6615, "npdes_pfid": "WV0027472C006", "npdes_id": "WV0027472", "permitting_state": "WV", "agency_type_code": "ST6", "facility_uin": "110006535455", "facility_name": "NEW MARTINSVILLE", "location_address": "300 SOUTH MAIN STREET", "supplemental_address_text": "", "facility_city": "NEW MARTINSVILLE", "county_code": "WV103", "state_code": "WV", "epa_region_code": "03", "facility_type_code": "MWD", "facility_lat": 39.6336, "facility_lon": -80.8694, "permit_name": "NEW MARTINSVILLE, CITY OF", "version_nmbr": 0, "permit_type_code": "NPD", "effective_date": 1690848000000, "expiration_date": 1844553600000, "permit_status_code": "EFF", "facility_type_indicator": "POTW", "major_minor_status_flag": "M", "permit_tracking": "Y", "pt_start_date": 1690848000000, "dmr_tracking": "Y", "dmr_nr_start_date": 1690848000000, "permit_design_flow": 2.3, "permit_avg_flow": null, "perm_feature_nmbr": "C006", "perm_feature_text": "", "pf_lat": 39.6894, "pf_lon": -80.8614, "pf_character": "CSO", "perm_feature_type_code": "EXO", "pf_state_waterbody_name": "Ohio River", "pf_state_auto_name": "Ohio River", "pf_reach_id": "5030201000345", "in_icis": "YES", "echo_dfr_link": "https://echo.epa.gov/detailed-facility-report?fid=110006535455", "name": "NEW MARTINSVILLE", "feature_kind": "CSO outfall"}}, {"type": "Feature", "id": 6616, "geometry": {"type": "Point", "coordinates": [-80.8596997332285, 39.6667000997038]}, "properties": {"OBJECTID": 6616, "npdes_pfid": "WV0027472C007", "npdes_id": "WV0027472", "permitting_state": "WV", "agency_type_code": "ST6", "facility_uin": "110006535455", "facility_name": "NEW MARTINSVILLE", "location_address": "300 SOUTH MAIN STREET", "supplemental_address_text": "", "facility_city": "NEW MARTINSVILLE", "county_code": "WV103", "state_code": "WV", "epa_region_code": "03", "facility_type_code": "MWD", "facility_lat": 39.6336, "facility_lon": -80.8694, "permit_name": "NEW MARTINSVILLE, CITY OF", "version_nmbr": 0, "permit_type_code": "NPD", "effective_date": 1690848000000, "expiration_date": 1844553600000, "permit_status_code": "EFF", "facility_type_indicator": "POTW", "major_minor_status_flag": "M", "permit_tracking": "Y", "pt_start_date": 1690848000000, "dmr_tracking": "Y", "dmr_nr_start_date": 1690848000000, "permit_design_flow": 2.3, "permit_avg_flow": null, "perm_feature_nmbr": "C007", "perm_feature_text": "", "pf_lat": 39.6667, "pf_lon": -80.8597, "pf_character": "CSO", "perm_feature_type_code": "EXO", "pf_state_waterbody_name": "OHIO RIVER", "pf_state_auto_name": "Williams Run", "pf_reach_id": "5030201001502", "in_icis": "YES", "echo_dfr_link": "https://echo.epa.gov/detailed-facility-report?fid=110006535455", "name": "NEW MARTINSVILLE", "feature_kind": "CSO outfall"}}, {"type": "Feature", "id": 6617, "geometry": {"type": "Point", "coordinates": [-80.8630998565789, 39.6794003447395]}, "properties": {"OBJECTID": 6617, "npdes_pfid": "WV0027472C008", "npdes_id": "WV0027472", "permitting_state": "WV", "agency_type_code": "ST6", "facility_uin": "110006535455", "facility_name": "NEW MARTINSVILLE", "location_address": "300 SOUTH MAIN STREET", "supplemental_address_text": "", "facility_city": "NEW MARTINSVILLE", "county_code": "WV103", "state_code": "WV", "epa_region_code": "03", "facility_type_code": "MWD", "facility_lat": 39.6336, "facility_lon": -80.8694, "permit_name": "NEW MARTINSVILLE, CITY OF", "version_nmbr": 0, "permit_type_code": "NPD", "effective_date": 1690848000000, "expiration_date": 1844553600000, "permit_status_code": "EFF", "facility_type_indicator": "POTW", "major_minor_status_flag": "M", "permit_tracking": "Y", "pt_start_date": 1690848000000, "dmr_tracking": "Y", "dmr_nr_start_date": 1690848000000, "permit_design_flow": 2.3, "permit_avg_flow": null, "perm_feature_nmbr": "C008", "perm_feature_text": "", "pf_lat": 39.6794, "pf_lon": -80.8631, "pf_character": "CSO", "perm_feature_type_code": "EXO", "pf_state_waterbody_name": "Ohio River", "pf_state_auto_name": "Ohio River", "pf_reach_id": "5030201000345", "in_icis": "YES", "echo_dfr_link": "https://echo.epa.gov/detailed-facility-report?fid=110006535455", "name": "NEW MARTINSVILLE", "feature_kind": "CSO outfall"}}, {"type": "Feature", "id": 6618, "geometry": {"type": "Point", "coordinates": [-80.8655998680146, 39.6464003058013]}, "properties": {"OBJECTID": 6618, "npdes_pfid": "WV0027472C009", "npdes_id": "WV0027472", "permitting_state": "WV", "agency_type_code": "ST6", "facility_uin": "110006535455", "facility_name": "NEW MARTINSVILLE", "location_address": "300 SOUTH MAIN STREET", "supplemental_address_text": "", "facility_city": "NEW MARTINSVILLE", "county_code": "WV103", "state_code": "WV", "epa_region_code": "03", "facility_type_code": "MWD", "facility_lat": 39.6336, "facility_lon": -80.8694, "permit_name": "NEW MARTINSVILLE, CITY OF", "version_nmbr": 0, "permit_type_code": "NPD", "effective_date": 1690848000000, "expiration_date": 1844553600000, "permit_status_code": "EFF", "facility_type_indicator": "POTW", "major_minor_status_flag": "M", "permit_tracking": "Y", "pt_start_date": 1690848000000, "dmr_tracking": "Y", "dmr_nr_start_date": 1690848000000, "permit_design_flow": 2.3, "permit_avg_flow": null, "perm_feature_nmbr": "C009", "perm_feature_text": "", "pf_lat": 39.6464, "pf_lon": -80.8656, "pf_character": "CSO", "perm_feature_type_code": "EXO", "pf_state_waterbody_name": "Ohio River", "pf_state_auto_name": "Ohio River", "pf_reach_id": "5030201000343", "in_icis": "YES", "echo_dfr_link": "https://echo.epa.gov/detailed-facility-report?fid=110006535455", "name": "NEW MARTINSVILLE", "feature_kind": "CSO outfall"}}, {"type": "Feature", "id": 6619, "geometry": {"type": "Point", "coordinates": [-80.8636002181922, 39.6368998471251]}, "properties": {"OBJECTID": 6619, "npdes_pfid": "WV0027472C010", "npdes_id": "WV0027472", "permitting_state": "WV", "agency_type_code": "ST6", "facility_uin": "110006535455", "facility_name": "NEW MARTINSVILLE", "location_address": "300 SOUTH MAIN STREET", "supplemental_address_text": "", "facility_city": "NEW MARTINSVILLE", "county_code": "WV103", "state_code": "WV", "epa_region_code": "03", "facility_type_code": "MWD", "facility_lat": 39.6336, "facility_lon": -80.8694, "permit_name": "NEW MARTINSVILLE, CITY OF", "version_nmbr": 0, "permit_type_code": "NPD", "effective_date": 1690848000000, "expiration_date": 1844553600000, "permit_status_code": "EFF", "facility_type_indicator": "POTW", "major_minor_status_flag": "M", "permit_tracking": "Y", "pt_start_date": 1690848000000, "dmr_tracking": "Y", "dmr_nr_start_date": 1690848000000, "permit_design_flow": 2.3, "permit_avg_flow": null, "perm_feature_nmbr": "C010", "perm_feature_text": "", "pf_lat": 39.6369, "pf_lon": -80.8636, "pf_character": "CSO", "perm_feature_type_code": "EXO", "pf_state_waterbody_name": "Fishing Creek/Ohio River", "pf_state_auto_name": "Fishing Creek", "pf_reach_id": "5030201000277", "in_icis": "YES", "echo_dfr_link": "https://echo.epa.gov/detailed-facility-report?fid=110006535455", "name": "NEW MARTINSVILLE", "feature_kind": "CSO outfall"}}, {"type": "Feature", "id": 6620, "geometry": {"type": "Point", "coordinates": [-81.7588998579029, 38.3680999935585]}, "properties": {"OBJECTID": 6620, "npdes_pfid": "WV0028118C001", "npdes_id": "WV0028118", "permitting_state": "WV", "agency_type_code": "ST6", "facility_uin": "110005566271", "facility_name": "CITY OF DUNBAR SANITARY BOARD", "location_address": "2802 CHARLES AVE.", "supplemental_address_text": "", "facility_city": "DUNBAR WV", "county_code": "WV039", "state_code": "WV", "epa_region_code": "03", "facility_type_code": "MWD", "facility_lat": 38.3681, "facility_lon": -81.7589, "permit_name": "DUNBAR, CITY OF", "version_nmbr": 0, "permit_type_code": "NPD", "effective_date": 1659312000000, "expiration_date": 1812326400000, "permit_status_code": "EFF", "facility_type_indicator": "POTW", "major_minor_status_flag": "M", "permit_tracking": "Y", "pt_start_date": 1659312000000, "dmr_tracking": "Y", "dmr_nr_start_date": 1659312000000, "permit_design_flow": 2.25, "permit_avg_flow": null, "perm_feature_nmbr": "C001", "perm_feature_text": "", "pf_lat": 38.3681, "pf_lon": -81.7589, "pf_character": "CSO", "perm_feature_type_code": "EXO", "pf_state_waterbody_name": "Kanawha River/Ohio River", "pf_state_auto_name": "Tyler Creek-Kanawha River", "pf_reach_id": "5050008000738", "in_icis": "YES", "echo_dfr_link": "https://echo.epa.gov/detailed-facility-report?fid=110005566271", "name": "CITY OF DUNBAR SANITARY BOARD", "feature_kind": "CSO outfall"}}, {"type": "Feature", "id": 6621, "geometry": {"type": "Point", "coordinates": [-81.7391998037222, 38.3621997116189]}, "properties": {"OBJECTID": 6621, "npdes_pfid": "WV0028118C002", "npdes_id": "WV0028118", "permitting_state": "WV", "agency_type_code": "ST6", "facility_uin": "110005566271", "facility_name": "CITY OF DUNBAR SANITARY BOARD", "location_address": "2802 CHARLES AVE.", "supplemental_address_text": "", "facility_city": "DUNBAR WV", "county_code": "WV039", "state_code": "WV", "epa_region_code": "03", "facility_type_code": "MWD", "facility_lat": 38.3681, "facility_lon": -81.7589, "permit_name": "DUNBAR, CITY OF", "version_nmbr": 0, "permit_type_code": "NPD", "effective_date": 1659312000000, "expiration_date": 1812326400000, "permit_status_code": "EFF", "facility_type_indicator": "POTW", "major_minor_status_flag": "M", "permit_tracking": "Y", "pt_start_date": 1659312000000, "dmr_tracking": "Y", "dmr_nr_start_date": 1659312000000, "permit_design_flow": 2.25, "permit_avg_flow": null, "perm_feature_nmbr": "C002", "perm_feature_text": "", "pf_lat": 38.3622, "pf_lon": -81.7392, "pf_character": "CSO", "perm_feature_type_code": "EXO", "pf_state_waterbody_name": "Aarons Branch/Kanawha River/Ohio River", "pf_state_auto_name": "Aarons Creek", "pf_reach_id": "5050008000739", "in_icis": "YES", "echo_dfr_link": "https://echo.epa.gov/detailed-facility-report?fid=110005566271", "name": "CITY OF DUNBAR SANITARY BOARD", "feature_kind": "CSO outfall"}}, {"type": "Feature", "id": 6622, "geometry": {"type": "Point", "coordinates": [-81.7391998037222, 38.3561002994027]}, "properties": {"OBJECTID": 6622, "npdes_pfid": "WV0028118C003", "npdes_id": "WV0028118", "permitting_state": "WV", "agency_type_code": "ST6", "facility_uin": "110005566271", "facility_name": "CITY OF DUNBAR SANITARY BOARD", "location_address": "2802 CHARLES AVE.", "supplemental_address_text": "", "facility_city": "DUNBAR WV", "county_code": "WV039", "state_code": "WV", "epa_region_code": "03", "facility_type_code": "MWD", "facility_lat": 38.3681, "facility_lon": -81.7589, "permit_name": "DUNBAR, CITY OF", "version_nmbr": 0, "permit_type_code": "NPD", "effective_date": 1659312000000, "expiration_date": 1812326400000, "permit_status_code": "EFF", "facility_type_indicator": "POTW", "major_minor_status_flag": "M", "permit_tracking": "Y", "pt_start_date": 1659312000000, "dmr_tracking": "Y", "dmr_nr_start_date": 1659312000000, "permit_design_flow": 2.25, "permit_avg_flow": null, "perm_feature_nmbr": "C003", "perm_feature_text": "", "pf_lat": 38.3561, "pf_lon": -81.7392, "pf_character": "CSO", "perm_feature_type_code": "EXO", "pf_state_waterbody_name": "Kanawha River/Ohio River", "pf_state_auto_name": "Kanawha River", "pf_reach_id": "5050008000047", "in_icis": "YES", "echo_dfr_link": "https://echo.epa.gov/detailed-facility-report?fid=110005566271", "name": "CITY OF DUNBAR SANITARY BOARD", "feature_kind": "CSO outfall"}}, {"type": "Feature", "id": 6623, "geometry": {"type": "Point", "coordinates": [-81.7322001310283, 38.3614002452302]}, "properties": {"OBJECTID": 6623, "npdes_pfid": "WV0028118C005", "npdes_id": "WV0028118", "permitting_state": "WV", "agency_type_code": "ST6", "facility_uin": "110005566271", "facility_name": "CITY OF DUNBAR SANITARY BOARD", "location_address": "2802 CHARLES AVE.", "supplemental_address_text": "", "facility_city": "DUNBAR WV", "county_code": "WV039", "state_code": "WV", "epa_region_code": "03", "facility_type_code": "MWD", "facility_lat": 38.3681, "facility_lon": -81.7589, "permit_name": "DUNBAR, CITY OF", "version_nmbr": 0, "permit_type_code": "NPD", "effective_date": 1659312000000, "expiration_date": 1812326400000, "permit_status_code": "EFF", "facility_type_indicator": "POTW", "major_minor_status_flag": "M", "permit_tracking": "Y", "pt_start_date": 1659312000000, "dmr_tracking": "Y", "dmr_nr_start_date": 1659312000000, "permit_design_flow": 2.25, "permit_avg_flow": null, "perm_feature_nmbr": "C005", "perm_feature_text": "", "pf_lat": 38.3614, "pf_lon": -81.7322, "pf_character": "CSO", "perm_feature_type_code": "EXO", "pf_state_waterbody_name": "Aarons Branch/Kanawha River/Ohio River", "pf_state_auto_name": "Aarons Creek", "pf_reach_id": "5050008000739", "in_icis": "YES", "echo_dfr_link": "https://echo.epa.gov/detailed-facility-report?fid=110005566271", "name": "CITY OF DUNBAR SANITARY BOARD", "feature_kind": "CSO outfall"}}, {"type": "Feature", "id": 6624, "geometry": {"type": "Point", "coordinates": [-81.7319000937234, 38.3574999905288]}, "properties": {"OBJECTID": 6624, "npdes_pfid": "WV0028118C006", "npdes_id": "WV0028118", "permitting_state": "WV", "agency_type_code": "ST6", "facility_uin": "110005566271", "facility_name": "CITY OF DUNBAR SANITARY BOARD", "location_address": "2802 CHARLES AVE.", "supplemental_address_text": "", "facility_city": "DUNBAR WV", "county_code": "WV039", "state_code": "WV", "epa_region_code": "03", "facility_type_code": "MWD", "facility_lat": 38.3681, "facility_lon": -81.7589, "permit_name": "DUNBAR, CITY OF", "version_nmbr": 0, "permit_type_code": "NPD", "effective_date": 1659312000000, "expiration_date": 1812326400000, "permit_status_code": "EFF", "facility_type_indicator": "POTW", "major_minor_status_flag": "M", "permit_tracking": "Y", "pt_start_date": 1659312000000, "dmr_tracking": "Y", "dmr_nr_start_date": 1659312000000, "permit_design_flow": 2.25, "permit_avg_flow": null, "perm_feature_nmbr": "C006", "perm_feature_text": "", "pf_lat": 38.3575, "pf_lon": -81.7319, "pf_character": "CSO", "perm_feature_type_code": "EXO", "pf_state_waterbody_name": "Kanawha River/Ohio River", "pf_state_auto_name": "Kanawha River", "pf_reach_id": "5050008000047", "in_icis": "YES", "echo_dfr_link": "https://echo.epa.gov/detailed-facility-report?fid=110005566271", "name": "CITY OF DUNBAR SANITARY BOARD", "feature_kind": "CSO outfall"}}, {"type": "Feature", "id": 6625, "geometry": {"type": "Point", "coordinates": [-81.750799748986, 38.3680999935585]}, "properties": {"OBJECTID": 6625, "npdes_pfid": "WV0028118C007", "npdes_id": "WV0028118", "permitting_state": "WV", "agency_type_code": "ST6", "facility_uin": "110005566271", "facility_name": "CITY OF DUNBAR SANITARY BOARD", "location_address": "2802 CHARLES AVE.", "supplemental_address_text": "", "facility_city": "DUNBAR WV", "county_code": "WV039", "state_code": "WV", "epa_region_code": "03", "facility_type_code": "MWD", "facility_lat": 38.3681, "facility_lon": -81.7589, "permit_name": "DUNBAR, CITY OF", "version_nmbr": 0, "permit_type_code": "NPD", "effective_date": 1659312000000, "expiration_date": 1812326400000, "permit_status_code": "EFF", "facility_type_indicator": "POTW", "major_minor_status_flag": "M", "permit_tracking": "Y", "pt_start_date": 1659312000000, "dmr_tracking": "Y", "dmr_nr_start_date": 1659312000000, "permit_design_flow": 2.25, "permit_avg_flow": null, "perm_feature_nmbr": "C007", "perm_feature_text": "", "pf_lat": 38.3681, "pf_lon": -81.7508, "pf_character": "CSO", "perm_feature_type_code": "EXO", "pf_state_waterbody_name": "Finney Branch/Kanawha River/Ohio River", "pf_state_auto_name": "Tyler Creek-Kanawha River", "pf_reach_id": "5050008000738", "in_icis": "YES", "echo_dfr_link": "https://echo.epa.gov/detailed-facility-report?fid=110005566271", "name": "CITY OF DUNBAR SANITARY BOARD", "feature_kind": "CSO outfall"}}, {"type": "Feature", "id": 6626, "geometry": {"type": "Point", "coordinates": [-81.733599706241, 38.3574999905288]}, "properties": {"OBJECTID": 6626, "npdes_pfid": "WV0028118C008", "npdes_id": "WV0028118", "permitting_state": "WV", "agency_type_code": "ST6", "facility_uin": "110005566271", "facility_name": "CITY OF DUNBAR SANITARY BOARD", "location_address": "2802 CHARLES AVE.", "supplemental_address_text": "", "facility_city": "DUNBAR WV", "county_code": "WV039", "state_code": "WV", "epa_region_code": "03", "facility_type_code": "MWD", "facility_lat": 38.3681, "facility_lon": -81.7589, "permit_name": "DUNBAR, CITY OF", "version_nmbr": 0, "permit_type_code": "NPD", "effective_date": 1659312000000, "expiration_date": 1812326400000, "permit_status_code": "EFF", "facility_type_indicator": "POTW", "major_minor_status_flag": "M", "permit_tracking": "Y", "pt_start_date": 1659312000000, "dmr_tracking": "Y", "dmr_nr_start_date": 1659312000000, "permit_design_flow": 2.25, "permit_avg_flow": null, "perm_feature_nmbr": "C008", "perm_feature_text": "", "pf_lat": 38.3575, "pf_lon": -81.7336, "pf_character": "CSO", "perm_feature_type_code": "EXO", "pf_state_waterbody_name": "Aarons Branch/Kanawha River/Ohio River", "pf_state_auto_name": "Aarons Creek", "pf_reach_id": "5050008000739", "in_icis": "YES", "echo_dfr_link": "https://echo.epa.gov/detailed-facility-report?fid=110005566271", "name": "CITY OF DUNBAR SANITARY BOARD", "feature_kind": "CSO outfall"}}, {"type": "Feature", "id": 6627, "geometry": {"type": "Point", "coordinates": [-81.7256002086359, 38.3591997300322]}, "properties": {"OBJECTID": 6627, "npdes_pfid": "WV0028118C009", "npdes_id": "WV0028118", "permitting_state": "WV", "agency_type_code": "ST6", "facility_uin": "110005566271", "facility_name": "CITY OF DUNBAR SANITARY BOARD", "location_address": "2802 CHARLES AVE.", "supplemental_address_text": "", "facility_city": "DUNBAR WV", "county_code": "WV039", "state_code": "WV", "epa_region_code": "03", "facility_type_code": "MWD", "facility_lat": 38.3681, "facility_lon": -81.7589, "permit_name": "DUNBAR, CITY OF", "version_nmbr": 0, "permit_type_code": "NPD", "effective_date": 1659312000000, "expiration_date": 1812326400000, "permit_status_code": "EFF", "facility_type_indicator": "POTW", "major_minor_status_flag": "M", "permit_tracking": "Y", "pt_start_date": 1659312000000, "dmr_tracking": "Y", "dmr_nr_start_date": 1659312000000, "permit_design_flow": 2.25, "permit_avg_flow": null, "perm_feature_nmbr": "C009", "perm_feature_text": "", "pf_lat": 38.3592, "pf_lon": -81.7256, "pf_character": "CSO", "perm_feature_type_code": "EXO", "pf_state_waterbody_name": "Kanawha River/Ohio River", "pf_state_auto_name": "Tyler Creek-Kanawha River", "pf_reach_id": "5050008000988", "in_icis": "YES", "echo_dfr_link": "https://echo.epa.gov/detailed-facility-report?fid=110005566271", "name": "CITY OF DUNBAR SANITARY BOARD", "feature_kind": "CSO outfall"}}, {"type": "Feature", "id": 6628, "geometry": {"type": "Point", "coordinates": [-81.7278001827667, 38.3586002823216]}, "properties": {"OBJECTID": 6628, "npdes_pfid": "WV0028118C010", "npdes_id": "WV0028118", "permitting_state": "WV", "agency_type_code": "ST6", "facility_uin": "110005566271", "facility_name": "CITY OF DUNBAR SANITARY BOARD", "location_address": "2802 CHARLES AVE.", "supplemental_address_text": "", "facility_city": "DUNBAR WV", "county_code": "WV039", "state_code": "WV", "epa_region_code": "03", "facility_type_code": "MWD", "facility_lat": 38.3681, "facility_lon": -81.7589, "permit_name": "DUNBAR, CITY OF", "version_nmbr": 0, "permit_type_code": "NPD", "effective_date": 1659312000000, "expiration_date": 1812326400000, "permit_status_code": "EFF", "facility_type_indicator": "POTW", "major_minor_status_flag": "M", "permit_tracking": "Y", "pt_start_date": 1659312000000, "dmr_tracking": "Y", "dmr_nr_start_date": 1659312000000, "permit_design_flow": 2.25, "permit_avg_flow": null, "perm_feature_nmbr": "C010", "perm_feature_text": "", "pf_lat": 38.3586, "pf_lon": -81.7278, "pf_character": "CSO", "perm_feature_type_code": "EXO", "pf_state_waterbody_name": "Kanawha River/Ohio River", "pf_state_auto_name": "Kanawha River", "pf_reach_id": "5050008000047", "in_icis": "YES", "echo_dfr_link": "https://echo.epa.gov/detailed-facility-report?fid=110005566271", "name": "CITY OF DUNBAR SANITARY BOARD", "feature_kind": "CSO outfall"}}, {"type": "Feature", "id": 6629, "geometry": {"type": "Point", "coordinates": [-81.7372001538997, 38.3563996820141]}, "properties": {"OBJECTID": 6629, "npdes_pfid": "WV0028118C012", "npdes_id": "WV0028118", "permitting_state": "WV", "agency_type_code": "ST6", "facility_uin": "110005566271", "facility_name": "CITY OF DUNBAR SANITARY BOARD", "location_address": "2802 CHARLES AVE.", "supplemental_address_text": "", "facility_city": "DUNBAR WV", "county_code": "WV039", "state_code": "WV", "epa_region_code": "03", "facility_type_code": "MWD", "facility_lat": 38.3681, "facility_lon": -81.7589, "permit_name": "DUNBAR, CITY OF", "version_nmbr": 0, "permit_type_code": "NPD", "effective_date": 1659312000000, "expiration_date": 1812326400000, "permit_status_code": "EFF", "facility_type_indicator": "POTW", "major_minor_status_flag": "M", "permit_tracking": "Y", "pt_start_date": 1659312000000, "dmr_tracking": "Y", "dmr_nr_start_date": 1659312000000, "permit_design_flow": 2.25, "permit_avg_flow": null, "perm_feature_nmbr": "C012", "perm_feature_text": "", "pf_lat": 38.3564, "pf_lon": -81.7372, "pf_character": "CSO", "perm_feature_type_code": "EXO", "pf_state_waterbody_name": "Kanawha River/Ohio River", "pf_state_auto_name": "Kanawha River", "pf_reach_id": "5050008000047", "in_icis": "YES", "echo_dfr_link": "https://echo.epa.gov/detailed-facility-report?fid=110005566271", "name": "CITY OF DUNBAR SANITARY BOARD", "feature_kind": "CSO outfall"}}, {"type": "Feature", "id": 6630, "geometry": {"type": "Point", "coordinates": [-81.7457997261146, 38.3563996820141]}, "properties": {"OBJECTID": 6630, "npdes_pfid": "WV0028118C015", "npdes_id": "WV0028118", "permitting_state": "WV", "agency_type_code": "ST6", "facility_uin": "110005566271", "facility_name": "CITY OF DUNBAR SANITARY BOARD", "location_address": "2802 CHARLES AVE.", "supplemental_address_text": "", "facility_city": "DUNBAR WV", "county_code": "WV039", "state_code": "WV", "epa_region_code": "03", "facility_type_code": "MWD", "facility_lat": 38.3681, "facility_lon": -81.7589, "permit_name": "DUNBAR, CITY OF", "version_nmbr": 0, "permit_type_code": "NPD", "effective_date": 1659312000000, "expiration_date": 1812326400000, "permit_status_code": "EFF", "facility_type_indicator": "POTW", "major_minor_status_flag": "M", "permit_tracking": "Y", "pt_start_date": 1659312000000, "dmr_tracking": "Y", "dmr_nr_start_date": 1659312000000, "permit_design_flow": 2.25, "permit_avg_flow": null, "perm_feature_nmbr": "C015", "perm_feature_text": "", "pf_lat": 38.3564, "pf_lon": -81.7458, "pf_character": "CSO", "perm_feature_type_code": "EXO", "pf_state_waterbody_name": "Kanawha River/Ohio River", "pf_state_auto_name": "Kanawha River", "pf_reach_id": "5050008000047", "in_icis": "YES", "echo_dfr_link": "https://echo.epa.gov/detailed-facility-report?fid=110005566271", "name": "CITY OF DUNBAR SANITARY BOARD", "feature_kind": "CSO outfall"}}, {"type": "Feature", "id": 6631, "geometry": {"type": "Point", "coordinates": [-81.7481003115572, 38.3566997678128]}, "properties": {"OBJECTID": 6631, "npdes_pfid": "WV0028118C016", "npdes_id": "WV0028118", "permitting_state": "WV", "agency_type_code": "ST6", "facility_uin": "110005566271", "facility_name": "CITY OF DUNBAR SANITARY BOARD", "location_address": "2802 CHARLES AVE.", "supplemental_address_text": "", "facility_city": "DUNBAR WV", "county_code": "WV039", "state_code": "WV", "epa_region_code": "03", "facility_type_code": "MWD", "facility_lat": 38.3681, "facility_lon": -81.7589, "permit_name": "DUNBAR, CITY OF", "version_nmbr": 0, "permit_type_code": "NPD", "effective_date": 1659312000000, "expiration_date": 1812326400000, "permit_status_code": "EFF", "facility_type_indicator": "POTW", "major_minor_status_flag": "M", "permit_tracking": "Y", "pt_start_date": 1659312000000, "dmr_tracking": "Y", "dmr_nr_start_date": 1659312000000, "permit_design_flow": 2.25, "permit_avg_flow": null, "perm_feature_nmbr": "C016", "perm_feature_text": "", "pf_lat": 38.3567, "pf_lon": -81.7481, "pf_character": "CSO", "perm_feature_type_code": "EXO", "pf_state_waterbody_name": "Kanawha River/Ohio River", "pf_state_auto_name": "Kanawha River", "pf_reach_id": "5050008000047", "in_icis": "YES", "echo_dfr_link": "https://echo.epa.gov/detailed-facility-report?fid=110005566271", "name": "CITY OF DUNBAR SANITARY BOARD", "feature_kind": "CSO outfall"}}, {"type": "Feature", "id": 6632, "geometry": {"type": "Point", "coordinates": [-81.7503002856881, 38.3574999905288]}, "properties": {"OBJECTID": 6632, "npdes_pfid": "WV0028118C018", "npdes_id": "WV0028118", "permitting_state": "WV", "agency_type_code": "ST6", "facility_uin": "110005566271", "facility_name": "CITY OF DUNBAR SANITARY BOARD", "location_address": "2802 CHARLES AVE.", "supplemental_address_text": "", "facility_city": "DUNBAR WV", "county_code": "WV039", "state_code": "WV", "epa_region_code": "03", "facility_type_code": "MWD", "facility_lat": 38.3681, "facility_lon": -81.7589, "permit_name": "DUNBAR, CITY OF", "version_nmbr": 0, "permit_type_code": "NPD", "effective_date": 1659312000000, "expiration_date": 1812326400000, "permit_status_code": "EFF", "facility_type_indicator": "POTW", "major_minor_status_flag": "M", "permit_tracking": "Y", "pt_start_date": 1659312000000, "dmr_tracking": "Y", "dmr_nr_start_date": 1659312000000, "permit_design_flow": 2.25, "permit_avg_flow": null, "perm_feature_nmbr": "C018", "perm_feature_text": "", "pf_lat": 38.3575, "pf_lon": -81.7503, "pf_character": "CSO", "perm_feature_type_code": "EXO", "pf_state_waterbody_name": "Kanawha River/Ohio River", "pf_state_auto_name": "Kanawha River", "pf_reach_id": "5050008000047", "in_icis": "YES", "echo_dfr_link": "https://echo.epa.gov/detailed-facility-report?fid=110005566271", "name": "CITY OF DUNBAR SANITARY BOARD", "feature_kind": "CSO outfall"}}, {"type": "Feature", "id": 6633, "geometry": {"type": "Point", "coordinates": [-81.750799748986, 38.357800071767]}, "properties": {"OBJECTID": 6633, "npdes_pfid": "WV0028118C019", "npdes_id": "WV0028118", "permitting_state": "WV", "agency_type_code": "ST6", "facility_uin": "110005566271", "facility_name": "CITY OF DUNBAR SANITARY BOARD", "location_address": "2802 CHARLES AVE.", "supplemental_address_text": "", "facility_city": "DUNBAR WV", "county_code": "WV039", "state_code": "WV", "epa_region_code": "03", "facility_type_code": "MWD", "facility_lat": 38.3681, "facility_lon": -81.7589, "permit_name": "DUNBAR, CITY OF", "version_nmbr": 0, "permit_type_code": "NPD", "effective_date": 1659312000000, "expiration_date": 1812326400000, "permit_status_code": "EFF", "facility_type_indicator": "POTW", "major_minor_status_flag": "M", "permit_tracking": "Y", "pt_start_date": 1659312000000, "dmr_tracking": "Y", "dmr_nr_start_date": 1659312000000, "permit_design_flow": 2.25, "permit_avg_flow": null, "perm_feature_nmbr": "C019", "perm_feature_text": "", "pf_lat": 38.3578, "pf_lon": -81.7508, "pf_character": "CSO", "perm_feature_type_code": "EXO", "pf_state_waterbody_name": "Kanawha River/Ohio River", "pf_state_auto_name": "Kanawha River", "pf_reach_id": "5050008000047", "in_icis": "YES", "echo_dfr_link": "https://echo.epa.gov/detailed-facility-report?fid=110005566271", "name": "CITY OF DUNBAR SANITARY BOARD", "feature_kind": "CSO outfall"}}, {"type": "Feature", "id": 6634, "geometry": {"type": "Point", "coordinates": [-81.7516998609007, 38.3583002044001]}, "properties": {"OBJECTID": 6634, "npdes_pfid": "WV0028118C020", "npdes_id": "WV0028118", "permitting_state": "WV", "agency_type_code": "ST6", "facility_uin": "110005566271", "facility_name": "CITY OF DUNBAR SANITARY BOARD", "location_address": "2802 CHARLES AVE.", "supplemental_address_text": "", "facility_city": "DUNBAR WV", "county_code": "WV039", "state_code": "WV", "epa_region_code": "03", "facility_type_code": "MWD", "facility_lat": 38.3681, "facility_lon": -81.7589, "permit_name": "DUNBAR, CITY OF", "version_nmbr": 0, "permit_type_code": "NPD", "effective_date": 1659312000000, "expiration_date": 1812326400000, "permit_status_code": "EFF", "facility_type_indicator": "POTW", "major_minor_status_flag": "M", "permit_tracking": "Y", "pt_start_date": 1659312000000, "dmr_tracking": "Y", "dmr_nr_start_date": 1659312000000, "permit_design_flow": 2.25, "permit_avg_flow": null, "perm_feature_nmbr": "C020", "perm_feature_text": "", "pf_lat": 38.3583, "pf_lon": -81.7517, "pf_character": "CSO", "perm_feature_type_code": "EXO", "pf_state_waterbody_name": "Kanawha River/Ohio River", "pf_state_auto_name": "Kanawha River", "pf_reach_id": "5050008000047", "in_icis": "YES", "echo_dfr_link": "https://echo.epa.gov/detailed-facility-report?fid=110005566271", "name": "CITY OF DUNBAR SANITARY BOARD", "feature_kind": "CSO outfall"}}, {"type": "Feature", "id": 6635, "geometry": {"type": "Point", "coordinates": [-81.7525002598188, 38.3588996545953]}, "properties": {"OBJECTID": 6635, "npdes_pfid": "WV0028118C021", "npdes_id": "WV0028118", "permitting_state": "WV", "agency_type_code": "ST6", "facility_uin": "110005566271", "facility_name": "CITY OF DUNBAR SANITARY BOARD", "location_address": "2802 CHARLES AVE.", "supplemental_address_text": "", "facility_city": "DUNBAR WV", "county_code": "WV039", "state_code": "WV", "epa_region_code": "03", "facility_type_code": "MWD", "facility_lat": 38.3681, "facility_lon": -81.7589, "permit_name": "DUNBAR, CITY OF", "version_nmbr": 0, "permit_type_code": "NPD", "effective_date": 1659312000000, "expiration_date": 1812326400000, "permit_status_code": "EFF", "facility_type_indicator": "POTW", "major_minor_status_flag": "M", "permit_tracking": "Y", "pt_start_date": 1659312000000, "dmr_tracking": "Y", "dmr_nr_start_date": 1659312000000, "permit_design_flow": 2.25, "permit_avg_flow": null, "perm_feature_nmbr": "C021", "perm_feature_text": "", "pf_lat": 38.3589, "pf_lon": -81.7525, "pf_character": "CSO", "perm_feature_type_code": "EXO", "pf_state_waterbody_name": "Kanawha River/Ohio River", "pf_state_auto_name": "Kanawha River", "pf_reach_id": "5050008000046", "in_icis": "YES", "echo_dfr_link": "https://echo.epa.gov/detailed-facility-report?fid=110005566271", "name": "CITY OF DUNBAR SANITARY BOARD", "feature_kind": "CSO outfall"}}, {"type": "Feature", "id": 6636, "geometry": {"type": "Point", "coordinates": [-81.7541998723364, 38.3602999959923]}, "properties": {"OBJECTID": 6636, "npdes_pfid": "WV0028118C023", "npdes_id": "WV0028118", "permitting_state": "WV", "agency_type_code": "ST6", "facility_uin": "110005566271", "facility_name": "CITY OF DUNBAR SANITARY BOARD", "location_address": "2802 CHARLES AVE.", "supplemental_address_text": "", "facility_city": "DUNBAR WV", "county_code": "WV039", "state_code": "WV", "epa_region_code": "03", "facility_type_code": "MWD", "facility_lat": 38.3681, "facility_lon": -81.7589, "permit_name": "DUNBAR, CITY OF", "version_nmbr": 0, "permit_type_code": "NPD", "effective_date": 1659312000000, "expiration_date": 1812326400000, "permit_status_code": "EFF", "facility_type_indicator": "POTW", "major_minor_status_flag": "M", "permit_tracking": "Y", "pt_start_date": 1659312000000, "dmr_tracking": "Y", "dmr_nr_start_date": 1659312000000, "permit_design_flow": 2.25, "permit_avg_flow": null, "perm_feature_nmbr": "C023", "perm_feature_text": "", "pf_lat": 38.3603, "pf_lon": -81.7542, "pf_character": "CSO", "perm_feature_type_code": "EXO", "pf_state_waterbody_name": "Kanawha River/Ohio River", "pf_state_auto_name": "Kanawha River", "pf_reach_id": "5050008000046", "in_icis": "YES", "echo_dfr_link": "https://echo.epa.gov/detailed-facility-report?fid=110005566271", "name": "CITY OF DUNBAR SANITARY BOARD", "feature_kind": "CSO outfall"}}, {"type": "Feature", "id": 6637, "geometry": {"type": "Point", "coordinates": [-79.9368999677251, 39.0127998001434]}, "properties": {"OBJECTID": 6637, "npdes_pfid": "WV0029289C003", "npdes_id": "WV0029289", "permitting_state": "WV", "agency_type_code": "ST6", "facility_uin": "110010866198", "facility_name": "BELINGTON CITY OF", "location_address": "DEARBOURNE STREET", "supplemental_address_text": "", "facility_city": "BELINGTON", "county_code": "WV001", "state_code": "WV", "epa_region_code": "03", "facility_type_code": "MWD", "facility_lat": 39.0308, "facility_lon": -79.9528, "permit_name": "BELINGTON, TOWN OF", "version_nmbr": 0, "permit_type_code": "NPD", "effective_date": 1654041600000, "expiration_date": 1808006400000, "permit_status_code": "EFF", "facility_type_indicator": "POTW", "major_minor_status_flag": "N", "permit_tracking": "Y", "pt_start_date": 1654041600000, "dmr_tracking": "Y", "dmr_nr_start_date": 1654041600000, "permit_design_flow": 0.37, "permit_avg_flow": null, "perm_feature_nmbr": "C003", "perm_feature_text": "", "pf_lat": 39.0128, "pf_lon": -79.9369, "pf_character": "CSO", "perm_feature_type_code": "EXO", "pf_state_waterbody_name": "TYGART VALLEY RIVER/Monongahela River", "pf_state_auto_name": "Mill Creek-Tygart Valley River", "pf_reach_id": "5020001000838", "in_icis": "YES", "echo_dfr_link": "https://echo.epa.gov/detailed-facility-report?fid=110010866198", "name": "BELINGTON CITY OF", "feature_kind": "CSO outfall"}}, {"type": "Feature", "id": 6638, "geometry": {"type": "Point", "coordinates": [-79.935300068204, 39.0282998895079]}, "properties": {"OBJECTID": 6638, "npdes_pfid": "WV0029289C004", "npdes_id": "WV0029289", "permitting_state": "WV", "agency_type_code": "ST6", "facility_uin": "110010866198", "facility_name": "BELINGTON CITY OF", "location_address": "DEARBOURNE STREET", "supplemental_address_text": "", "facility_city": "BELINGTON", "county_code": "WV001", "state_code": "WV", "epa_region_code": "03", "facility_type_code": "MWD", "facility_lat": 39.0308, "facility_lon": -79.9528, "permit_name": "BELINGTON, TOWN OF", "version_nmbr": 0, "permit_type_code": "NPD", "effective_date": 1654041600000, "expiration_date": 1808006400000, "permit_status_code": "EFF", "facility_type_indicator": "POTW", "major_minor_status_flag": "N", "permit_tracking": "Y", "pt_start_date": 1654041600000, "dmr_tracking": "Y", "dmr_nr_start_date": 1654041600000, "permit_design_flow": 0.37, "permit_avg_flow": null, "perm_feature_nmbr": "C004", "perm_feature_text": "", "pf_lat": 39.0283, "pf_lon": -79.9353, "pf_character": "CSO", "perm_feature_type_code": "EXO", "pf_state_waterbody_name": "TYGART VALLEY RIVER/Monongahela River", "pf_state_auto_name": "Mill Creek", "pf_reach_id": "5020001000826", "in_icis": "YES", "echo_dfr_link": "https://echo.epa.gov/detailed-facility-report?fid=110010866198", "name": "BELINGTON CITY OF", "feature_kind": "CSO outfall"}}, {"type": "Feature", "id": 6639, "geometry": {"type": "Point", "coordinates": [-79.9535996488568, 39.0318999687215]}, "properties": {"OBJECTID": 6639, "npdes_pfid": "WV0029289C007", "npdes_id": "WV0029289", "permitting_state": "WV", "agency_type_code": "ST6", "facility_uin": "110010866198", "facility_name": "BELINGTON CITY OF", "location_address": "DEARBOURNE STREET", "supplemental_address_text": "", "facility_city": "BELINGTON", "county_code": "WV001", "state_code": "WV", "epa_region_code": "03", "facility_type_code": "MWD", "facility_lat": 39.0308, "facility_lon": -79.9528, "permit_name": "BELINGTON, TOWN OF", "version_nmbr": 0, "permit_type_code": "NPD", "effective_date": 1654041600000, "expiration_date": 1808006400000, "permit_status_code": "EFF", "facility_type_indicator": "POTW", "major_minor_status_flag": "N", "permit_tracking": "Y", "pt_start_date": 1654041600000, "dmr_tracking": "Y", "dmr_nr_start_date": 1654041600000, "permit_design_flow": 0.37, "permit_avg_flow": null, "perm_feature_nmbr": "C007", "perm_feature_text": "", "pf_lat": 39.0319, "pf_lon": -79.9536, "pf_character": "CSO", "perm_feature_type_code": "EXO", "pf_state_waterbody_name": "TYGART VALLEY RIVER/Monongahela River", "pf_state_auto_name": "Tygart Valley River", "pf_reach_id": "5020001001635", "in_icis": "YES", "echo_dfr_link": "https://echo.epa.gov/detailed-facility-report?fid=110010866198", "name": "BELINGTON CITY OF", "feature_kind": "CSO outfall"}}, {"type": "Feature", "id": 6640, "geometry": {"type": "Point", "coordinates": [-80.227499572246, 39.0000001914243]}, "properties": {"OBJECTID": 6640, "npdes_pfid": "WV0032336C003", "npdes_id": "WV0032336", "permitting_state": "WV", "agency_type_code": "ST6", "facility_uin": "110000880244", "facility_name": "CITY OF BUCKHANNON", "location_address": "298 SEWER PLANT ROAD", "supplemental_address_text": "", "facility_city": "BUCKHANNON", "county_code": "WV097", "state_code": "WV", "epa_region_code": "03", "facility_type_code": "MWD", "facility_lat": 39.0072, "facility_lon": -80.2148, "permit_name": "BUCKHANNON, CITY OF", "version_nmbr": 0, "permit_type_code": "NPD", "effective_date": 1661990400000, "expiration_date": 1814313600000, "permit_status_code": "EFF", "facility_type_indicator": "POTW", "major_minor_status_flag": "M", "permit_tracking": "Y", "pt_start_date": 1661990400000, "dmr_tracking": "Y", "dmr_nr_start_date": 1661990400000, "permit_design_flow": 2.5, "permit_avg_flow": null, "perm_feature_nmbr": "C003", "perm_feature_text": "", "pf_lat": 39, "pf_lon": -80.2275, "pf_character": "CSO", "perm_feature_type_code": "EXO", "pf_state_waterbody_name": "Buckhannon River/Tygart Valley River/Monongahela R", "pf_state_auto_name": "", "pf_reach_id": "", "in_icis": "YES", "echo_dfr_link": "https://echo.epa.gov/detailed-facility-report?fid=110000880244", "name": "CITY OF BUCKHANNON", "feature_kind": "CSO outfall"}}, {"type": "Feature", "id": 6641, "geometry": {"type": "Point", "coordinates": [-80.2260999970333, 38.9944003325342]}, "properties": {"OBJECTID": 6641, "npdes_pfid": "WV0032336C004", "npdes_id": "WV0032336", "permitting_state": "WV", "agency_type_code": "ST6", "facility_uin": "110000880244", "facility_name": "CITY OF BUCKHANNON", "location_address": "298 SEWER PLANT ROAD", "supplemental_address_text": "", "facility_city": "BUCKHANNON", "county_code": "WV097", "state_code": "WV", "epa_region_code": "03", "facility_type_code": "MWD", "facility_lat": 39.0072, "facility_lon": -80.2148, "permit_name": "BUCKHANNON, CITY OF", "version_nmbr": 0, "permit_type_code": "NPD", "effective_date": 1661990400000, "expiration_date": 1814313600000, "permit_status_code": "EFF", "facility_type_indicator": "POTW", "major_minor_status_flag": "M", "permit_tracking": "Y", "pt_start_date": 1661990400000, "dmr_tracking": "Y", "dmr_nr_start_date": 1661990400000, "permit_design_flow": 2.5, "permit_avg_flow": null, "perm_feature_nmbr": "C004", "perm_feature_text": "", "pf_lat": 38.9944, "pf_lon": -80.2261, "pf_character": "CSO", "perm_feature_type_code": "EXO", "pf_state_waterbody_name": "Jawbone Run/Buckhannon River/Tygart Vallery River/", "pf_state_auto_name": "", "pf_reach_id": "", "in_icis": "YES", "echo_dfr_link": "https://echo.epa.gov/detailed-facility-report?fid=110000880244", "name": "CITY OF BUCKHANNON", "feature_kind": "CSO outfall"}}, {"type": "Feature", "id": 6642, "geometry": {"type": "Point", "coordinates": [-80.214400338773, 38.9855999582027]}, "properties": {"OBJECTID": 6642, "npdes_pfid": "WV0032336C005", "npdes_id": "WV0032336", "permitting_state": "WV", "agency_type_code": "ST6", "facility_uin": "110000880244", "facility_name": "CITY OF BUCKHANNON", "location_address": "298 SEWER PLANT ROAD", "supplemental_address_text": "", "facility_city": "BUCKHANNON", "county_code": "WV097", "state_code": "WV", "epa_region_code": "03", "facility_type_code": "MWD", "facility_lat": 39.0072, "facility_lon": -80.2148, "permit_name": "BUCKHANNON, CITY OF", "version_nmbr": 0, "permit_type_code": "NPD", "effective_date": 1661990400000, "expiration_date": 1814313600000, "permit_status_code": "EFF", "facility_type_indicator": "POTW", "major_minor_status_flag": "M", "permit_tracking": "Y", "pt_start_date": 1661990400000, "dmr_tracking": "Y", "dmr_nr_start_date": 1661990400000, "permit_design_flow": 2.5, "permit_avg_flow": null, "perm_feature_nmbr": "C005", "perm_feature_text": "", "pf_lat": 38.9856, "pf_lon": -80.2144, "pf_character": "CSO", "perm_feature_type_code": "EXO", "pf_state_waterbody_name": "Buckhannon River/Tygart Vallery River/Monongahela", "pf_state_auto_name": "", "pf_reach_id": "", "in_icis": "YES", "echo_dfr_link": "https://echo.epa.gov/detailed-facility-report?fid=110000880244", "name": "CITY OF BUCKHANNON", "feature_kind": "CSO outfall"}}, {"type": "Feature", "id": 6643, "geometry": {"type": "Point", "coordinates": [-80.2152995523724, 38.9852997039788]}, "properties": {"OBJECTID": 6643, "npdes_pfid": "WV0032336C006", "npdes_id": "WV0032336", "permitting_state": "WV", "agency_type_code": "ST6", "facility_uin": "110000880244", "facility_name": "CITY OF BUCKHANNON", "location_address": "298 SEWER PLANT ROAD", "supplemental_address_text": "", "facility_city": "BUCKHANNON", "county_code": "WV097", "state_code": "WV", "epa_region_code": "03", "facility_type_code": "MWD", "facility_lat": 39.0072, "facility_lon": -80.2148, "permit_name": "BUCKHANNON, CITY OF", "version_nmbr": 0, "permit_type_code": "NPD", "effective_date": 1661990400000, "expiration_date": 1814313600000, "permit_status_code": "EFF", "facility_type_indicator": "POTW", "major_minor_status_flag": "M", "permit_tracking": "Y", "pt_start_date": 1661990400000, "dmr_tracking": "Y", "dmr_nr_start_date": 1661990400000, "permit_design_flow": 2.5, "permit_avg_flow": null, "perm_feature_nmbr": "C006", "perm_feature_text": "", "pf_lat": 38.9853, "pf_lon": -80.2153, "pf_character": "CSO", "perm_feature_type_code": "EXO", "pf_state_waterbody_name": "Buckhannon River/Tygart Valley River/Monongahela R", "pf_state_auto_name": "", "pf_reach_id": "", "in_icis": "YES", "echo_dfr_link": "https://echo.epa.gov/detailed-facility-report?fid=110000880244", "name": "CITY OF BUCKHANNON", "feature_kind": "CSO outfall"}}, {"type": "Feature", "id": 6644, "geometry": {"type": "Point", "coordinates": [-81.9955996470614, 37.8567002805762]}, "properties": {"OBJECTID": 6644, "npdes_pfid": "WV0033821C002", "npdes_id": "WV0033821", "permitting_state": "WV", "agency_type_code": "ST6", "facility_uin": "110010865821", "facility_name": "CITY OF LOGAN", "location_address": "APPROX. 1/4 MILE SOUTH OF PEACH CREEK BRIDGE", "supplemental_address_text": "", "facility_city": "LOGAN", "county_code": "WV045", "state_code": "WV", "epa_region_code": "03", "facility_type_code": "MWD", "facility_lat": 37.8645, "facility_lon": -81.986, "permit_name": "LOGAN, CITY OF", "version_nmbr": 0, "permit_type_code": "NPD", "effective_date": 1690848000000, "expiration_date": 1845849600000, "permit_status_code": "EFF", "facility_type_indicator": "POTW", "major_minor_status_flag": "N", "permit_tracking": "Y", "pt_start_date": 1690848000000, "dmr_tracking": "Y", "dmr_nr_start_date": 1690848000000, "permit_design_flow": 0.53, "permit_avg_flow": null, "perm_feature_nmbr": "C002", "perm_feature_text": "", "pf_lat": 37.8567, "pf_lon": -81.9956, "pf_character": "CSO", "perm_feature_type_code": "EXO", "pf_state_waterbody_name": "GUYANDOTTE RIVER", "pf_state_auto_name": "Guyandotte River", "pf_reach_id": "5070102002953", "in_icis": "YES", "echo_dfr_link": "https://echo.epa.gov/detailed-facility-report?fid=110010865821", "name": "CITY OF LOGAN", "feature_kind": "CSO outfall"}}, {"type": "Feature", "id": 6645, "geometry": {"type": "Point", "coordinates": [-81.9944003961571, 37.8505996560998]}, "properties": {"OBJECTID": 6645, "npdes_pfid": "WV0033821C004", "npdes_id": "WV0033821", "permitting_state": "WV", "agency_type_code": "ST6", "facility_uin": "110010865821", "facility_name": "CITY OF LOGAN", "location_address": "APPROX. 1/4 MILE SOUTH OF PEACH CREEK BRIDGE", "supplemental_address_text": "", "facility_city": "LOGAN", "county_code": "WV045", "state_code": "WV", "epa_region_code": "03", "facility_type_code": "MWD", "facility_lat": 37.8645, "facility_lon": -81.986, "permit_name": "LOGAN, CITY OF", "version_nmbr": 0, "permit_type_code": "NPD", "effective_date": 1690848000000, "expiration_date": 1845849600000, "permit_status_code": "EFF", "facility_type_indicator": "POTW", "major_minor_status_flag": "N", "permit_tracking": "Y", "pt_start_date": 1690848000000, "dmr_tracking": "Y", "dmr_nr_start_date": 1690848000000, "permit_design_flow": 0.53, "permit_avg_flow": null, "perm_feature_nmbr": "C004", "perm_feature_text": "", "pf_lat": 37.8506, "pf_lon": -81.9944, "pf_character": "CSO", "perm_feature_type_code": "EXO", "pf_state_waterbody_name": "GUYANDOTTE RIVER", "pf_state_auto_name": "Guyandotte River", "pf_reach_id": "5070102002953", "in_icis": "YES", "echo_dfr_link": "https://echo.epa.gov/detailed-facility-report?fid=110010865821", "name": "CITY OF LOGAN", "feature_kind": "CSO outfall"}}, {"type": "Feature", "id": 6646, "geometry": {"type": "Point", "coordinates": [-81.9944003961571, 37.8466997016501]}, "properties": {"OBJECTID": 6646, "npdes_pfid": "WV0033821C005", "npdes_id": "WV0033821", "permitting_state": "WV", "agency_type_code": "ST6", "facility_uin": "110010865821", "facility_name": "CITY OF LOGAN", "location_address": "APPROX. 1/4 MILE SOUTH OF PEACH CREEK BRIDGE", "supplemental_address_text": "", "facility_city": "LOGAN", "county_code": "WV045", "state_code": "WV", "epa_region_code": "03", "facility_type_code": "MWD", "facility_lat": 37.8645, "facility_lon": -81.986, "permit_name": "LOGAN, CITY OF", "version_nmbr": 0, "permit_type_code": "NPD", "effective_date": 1690848000000, "expiration_date": 1845849600000, "permit_status_code": "EFF", "facility_type_indicator": "POTW", "major_minor_status_flag": "N", "permit_tracking": "Y", "pt_start_date": 1690848000000, "dmr_tracking": "Y", "dmr_nr_start_date": 1690848000000, "permit_design_flow": 0.53, "permit_avg_flow": null, "perm_feature_nmbr": "C005", "perm_feature_text": "", "pf_lat": 37.8467, "pf_lon": -81.9944, "pf_character": "CSO", "perm_feature_type_code": "EXO", "pf_state_waterbody_name": "GUYANDOTTE RIVER", "pf_state_auto_name": "Guyandotte River", "pf_reach_id": "5070101003413", "in_icis": "YES", "echo_dfr_link": "https://echo.epa.gov/detailed-facility-report?fid=110010865821", "name": "CITY OF LOGAN", "feature_kind": "CSO outfall"}}, {"type": "Feature", "id": 6647, "geometry": {"type": "Point", "coordinates": [-81.9927995983208, 37.8458002285366]}, "properties": {"OBJECTID": 6647, "npdes_pfid": "WV0033821C007", "npdes_id": "WV0033821", "permitting_state": "WV", "agency_type_code": "ST6", "facility_uin": "110010865821", "facility_name": "CITY OF LOGAN", "location_address": "APPROX. 1/4 MILE SOUTH OF PEACH CREEK BRIDGE", "supplemental_address_text": "", "facility_city": "LOGAN", "county_code": "WV045", "state_code": "WV", "epa_region_code": "03", "facility_type_code": "MWD", "facility_lat": 37.8645, "facility_lon": -81.986, "permit_name": "LOGAN, CITY OF", "version_nmbr": 0, "permit_type_code": "NPD", "effective_date": 1690848000000, "expiration_date": 1845849600000, "permit_status_code": "EFF", "facility_type_indicator": "POTW", "major_minor_status_flag": "N", "permit_tracking": "Y", "pt_start_date": 1690848000000, "dmr_tracking": "Y", "dmr_nr_start_date": 1690848000000, "permit_design_flow": 0.53, "permit_avg_flow": null, "perm_feature_nmbr": "C007", "perm_feature_text": "", "pf_lat": 37.8458, "pf_lon": -81.9928, "pf_character": "CSO", "perm_feature_type_code": "EXO", "pf_state_waterbody_name": "GUYANDOTTE RIVER", "pf_state_auto_name": "Guyandotte River", "pf_reach_id": "5070101003413", "in_icis": "YES", "echo_dfr_link": "https://echo.epa.gov/detailed-facility-report?fid=110010865821", "name": "CITY OF LOGAN", "feature_kind": "CSO outfall"}}, {"type": "Feature", "id": 6648, "geometry": {"type": "Point", "coordinates": [-81.9907999484984, 37.8456001864948]}, "properties": {"OBJECTID": 6648, "npdes_pfid": "WV0033821C008", "npdes_id": "WV0033821", "permitting_state": "WV", "agency_type_code": "ST6", "facility_uin": "110010865821", "facility_name": "CITY OF LOGAN", "location_address": "APPROX. 1/4 MILE SOUTH OF PEACH CREEK BRIDGE", "supplemental_address_text": "", "facility_city": "LOGAN", "county_code": "WV045", "state_code": "WV", "epa_region_code": "03", "facility_type_code": "MWD", "facility_lat": 37.8645, "facility_lon": -81.986, "permit_name": "LOGAN, CITY OF", "version_nmbr": 0, "permit_type_code": "NPD", "effective_date": 1690848000000, "expiration_date": 1845849600000, "permit_status_code": "EFF", "facility_type_indicator": "POTW", "major_minor_status_flag": "N", "permit_tracking": "Y", "pt_start_date": 1690848000000, "dmr_tracking": "Y", "dmr_nr_start_date": 1690848000000, "permit_design_flow": 0.53, "permit_avg_flow": null, "perm_feature_nmbr": "C008", "perm_feature_text": "", "pf_lat": 37.8456, "pf_lon": -81.9908, "pf_character": "CSO", "perm_feature_type_code": "EXO", "pf_state_waterbody_name": "GUYANDOTTE RIVER", "pf_state_auto_name": "Guyandotte River", "pf_reach_id": "5070101003413", "in_icis": "YES", "echo_dfr_link": "https://echo.epa.gov/detailed-facility-report?fid=110010865821", "name": "CITY OF LOGAN", "feature_kind": "CSO outfall"}}, {"type": "Feature", "id": 6649, "geometry": {"type": "Point", "coordinates": [-81.9880996127543, 37.8450000571135]}, "properties": {"OBJECTID": 6649, "npdes_pfid": "WV0033821C009", "npdes_id": "WV0033821", "permitting_state": "WV", "agency_type_code": "ST6", "facility_uin": "110010865821", "facility_name": "CITY OF LOGAN", "location_address": "APPROX. 1/4 MILE SOUTH OF PEACH CREEK BRIDGE", "supplemental_address_text": "", "facility_city": "LOGAN", "county_code": "WV045", "state_code": "WV", "epa_region_code": "03", "facility_type_code": "MWD", "facility_lat": 37.8645, "facility_lon": -81.986, "permit_name": "LOGAN, CITY OF", "version_nmbr": 0, "permit_type_code": "NPD", "effective_date": 1690848000000, "expiration_date": 1845849600000, "permit_status_code": "EFF", "facility_type_indicator": "POTW", "major_minor_status_flag": "N", "permit_tracking": "Y", "pt_start_date": 1690848000000, "dmr_tracking": "Y", "dmr_nr_start_date": 1690848000000, "permit_design_flow": 0.53, "permit_avg_flow": null, "perm_feature_nmbr": "C009", "perm_feature_text": "", "pf_lat": 37.845, "pf_lon": -81.9881, "pf_character": "CSO", "perm_feature_type_code": "EXO", "pf_state_waterbody_name": "GUYANDOTTE RIVER", "pf_state_auto_name": "Guyandotte River", "pf_reach_id": "5070101003413", "in_icis": "YES", "echo_dfr_link": "https://echo.epa.gov/detailed-facility-report?fid=110010865821", "name": "CITY OF LOGAN", "feature_kind": "CSO outfall"}}, {"type": "Feature", "id": 6650, "geometry": {"type": "Point", "coordinates": [-81.985799925627, 37.8438998072302]}, "properties": {"OBJECTID": 6650, "npdes_pfid": "WV0033821C010", "npdes_id": "WV0033821", "permitting_state": "WV", "agency_type_code": "ST6", "facility_uin": "110010865821", "facility_name": "CITY OF LOGAN", "location_address": "APPROX. 1/4 MILE SOUTH OF PEACH CREEK BRIDGE", "supplemental_address_text": "", "facility_city": "LOGAN", "county_code": "WV045", "state_code": "WV", "epa_region_code": "03", "facility_type_code": "MWD", "facility_lat": 37.8645, "facility_lon": -81.986, "permit_name": "LOGAN, CITY OF", "version_nmbr": 0, "permit_type_code": "NPD", "effective_date": 1690848000000, "expiration_date": 1845849600000, "permit_status_code": "EFF", "facility_type_indicator": "POTW", "major_minor_status_flag": "N", "permit_tracking": "Y", "pt_start_date": 1690848000000, "dmr_tracking": "Y", "dmr_nr_start_date": 1690848000000, "permit_design_flow": 0.53, "permit_avg_flow": null, "perm_feature_nmbr": "C010", "perm_feature_text": "", "pf_lat": 37.8439, "pf_lon": -81.9858, "pf_character": "CSO", "perm_feature_type_code": "EXO", "pf_state_waterbody_name": "GUYANDOTTE RIVER", "pf_state_auto_name": "Guyandotte River", "pf_reach_id": "5070101003413", "in_icis": "YES", "echo_dfr_link": "https://echo.epa.gov/detailed-facility-report?fid=110010865821", "name": "CITY OF LOGAN", "feature_kind": "CSO outfall"}}, {"type": "Feature", "id": 6651, "geometry": {"type": "Point", "coordinates": [-81.4361001420227, 38.2208001701484]}, "properties": {"OBJECTID": 6651, "npdes_pfid": "WV0035637C001", "npdes_id": "WV0035637", "permitting_state": "WV", "agency_type_code": "ST6", "facility_uin": "110010865858", "facility_name": "TOWN OF CEDAR GROVE", "location_address": "302 ALEXANDER STREET", "supplemental_address_text": "", "facility_city": "CEDAR GROVE", "county_code": "WV039", "state_code": "WV", "epa_region_code": "03", "facility_type_code": "MWD", "facility_lat": 38.2208, "facility_lon": -81.4361, "permit_name": "CEDAR GROVE, TOWN OF", "version_nmbr": 0, "permit_type_code": "NPD", "effective_date": 1780272000000, "expiration_date": 1935014400000, "permit_status_code": "EFF", "facility_type_indicator": "POTW", "major_minor_status_flag": "N", "permit_tracking": "Y", "pt_start_date": 1780272000000, "dmr_tracking": "Y", "dmr_nr_start_date": 1780272000000, "permit_design_flow": 0.17, "permit_avg_flow": null, "perm_feature_nmbr": "C001", "perm_feature_text": "", "pf_lat": 38.2208, "pf_lon": -81.4361, "pf_character": "CSO", "perm_feature_type_code": "EXO", "pf_state_waterbody_name": "KANAWHA RIVER", "pf_state_auto_name": "", "pf_reach_id": "", "in_icis": "YES", "echo_dfr_link": "https://echo.epa.gov/detailed-facility-report?fid=110010865858", "name": "TOWN OF CEDAR GROVE", "feature_kind": "CSO outfall"}}, {"type": "Feature", "id": 6652, "geometry": {"type": "Point", "coordinates": [-82.5814000269886, 38.4067002066659]}, "properties": {"OBJECTID": 6652, "npdes_pfid": "WV0035912C001", "npdes_id": "WV0035912", "permitting_state": "WV", "agency_type_code": "ST6", "facility_uin": "110015776579", "facility_name": "CITY OF KENOVA", "location_address": "1008 OAK STREET", "supplemental_address_text": "", "facility_city": "KENOVA", "county_code": "WV099", "state_code": "WV", "epa_region_code": "03", "facility_type_code": "MWD", "facility_lat": 38.4044, "facility_lon": -82.5289, "permit_name": "KENOVA, CITY OF", "version_nmbr": 0, "permit_type_code": "NPD", "effective_date": 1756684800000, "expiration_date": 1909699200000, "permit_status_code": "EFF", "facility_type_indicator": "POTW", "major_minor_status_flag": "N", "permit_tracking": "Y", "pt_start_date": 1756684800000, "dmr_tracking": "Y", "dmr_nr_start_date": 1756684800000, "permit_design_flow": 0.35, "permit_avg_flow": null, "perm_feature_nmbr": "C001", "perm_feature_text": "", "pf_lat": 38.4067, "pf_lon": -82.5814, "pf_character": "CSO", "perm_feature_type_code": "EXO", "pf_state_waterbody_name": "Ohio River", "pf_state_auto_name": "", "pf_reach_id": "", "in_icis": "YES", "echo_dfr_link": "https://echo.epa.gov/detailed-facility-report?fid=110015776579", "name": "CITY OF KENOVA", "feature_kind": "CSO outfall"}}, {"type": "Feature", "id": 6653, "geometry": {"type": "Point", "coordinates": [-82.5680995708919, 38.4002997139392]}, "properties": {"OBJECTID": 6653, "npdes_pfid": "WV0035912C002", "npdes_id": "WV0035912", "permitting_state": "WV", "agency_type_code": "ST6", "facility_uin": "110015776579", "facility_name": "CITY OF KENOVA", "location_address": "1008 OAK STREET", "supplemental_address_text": "", "facility_city": "KENOVA", "county_code": "WV099", "state_code": "WV", "epa_region_code": "03", "facility_type_code": "MWD", "facility_lat": 38.4044, "facility_lon": -82.5289, "permit_name": "KENOVA, CITY OF", "version_nmbr": 0, "permit_type_code": "NPD", "effective_date": 1756684800000, "expiration_date": 1909699200000, "permit_status_code": "EFF", "facility_type_indicator": "POTW", "major_minor_status_flag": "N", "permit_tracking": "Y", "pt_start_date": 1756684800000, "dmr_tracking": "Y", "dmr_nr_start_date": 1756684800000, "permit_design_flow": 0.35, "permit_avg_flow": null, "perm_feature_nmbr": "C002", "perm_feature_text": "", "pf_lat": 38.4003, "pf_lon": -82.5681, "pf_character": "CSO", "perm_feature_type_code": "EXO", "pf_state_waterbody_name": "Ohio River", "pf_state_auto_name": "", "pf_reach_id": "", "in_icis": "YES", "echo_dfr_link": "https://echo.epa.gov/detailed-facility-report?fid=110015776579", "name": "CITY OF KENOVA", "feature_kind": "CSO outfall"}}, {"type": "Feature", "id": 6654, "geometry": {"type": "Point", "coordinates": [-82.5936000468622, 38.4018998902554]}, "properties": {"OBJECTID": 6654, "npdes_pfid": "WV0035912C003", "npdes_id": "WV0035912", "permitting_state": "WV", "agency_type_code": "ST6", "facility_uin": "110015776579", "facility_name": "CITY OF KENOVA", "location_address": "1008 OAK STREET", "supplemental_address_text": "", "facility_city": "KENOVA", "county_code": "WV099", "state_code": "WV", "epa_region_code": "03", "facility_type_code": "MWD", "facility_lat": 38.4044, "facility_lon": -82.5289, "permit_name": "KENOVA, CITY OF", "version_nmbr": 0, "permit_type_code": "NPD", "effective_date": 1756684800000, "expiration_date": 1909699200000, "permit_status_code": "EFF", "facility_type_indicator": "POTW", "major_minor_status_flag": "N", "permit_tracking": "Y", "pt_start_date": 1756684800000, "dmr_tracking": "Y", "dmr_nr_start_date": 1756684800000, "permit_design_flow": 0.35, "permit_avg_flow": null, "perm_feature_nmbr": "C003", "perm_feature_text": "", "pf_lat": 38.4019, "pf_lon": -82.5936, "pf_character": "CSO", "perm_feature_type_code": "EXO", "pf_state_waterbody_name": "Big Sandy", "pf_state_auto_name": "", "pf_reach_id": "", "in_icis": "YES", "echo_dfr_link": "https://echo.epa.gov/detailed-facility-report?fid=110015776579", "name": "CITY OF KENOVA", "feature_kind": "CSO outfall"}}, {"type": "Feature", "id": 6655, "geometry": {"type": "Point", "coordinates": [-81.8186000950549, 38.0692002157499]}, "properties": {"OBJECTID": 6655, "npdes_pfid": "WV0035939C002", "npdes_id": "WV0035939", "permitting_state": "WV", "agency_type_code": "ST6", "facility_uin": "110010865876", "facility_name": "BOONE COUNTY PSD", "location_address": "822 DOH GARAGE ROAD", "supplemental_address_text": "", "facility_city": "DANVILLE", "county_code": "WV005", "state_code": "WV", "epa_region_code": "03", "facility_type_code": "CNG", "facility_lat": 38.1028, "facility_lon": -81.8472, "permit_name": "BOONE COUNTY PSD", "version_nmbr": 0, "permit_type_code": "NPD", "effective_date": 1654041600000, "expiration_date": 1807401600000, "permit_status_code": "EFF", "facility_type_indicator": "POTW", "major_minor_status_flag": "N", "permit_tracking": "Y", "pt_start_date": 1654041600000, "dmr_tracking": "Y", "dmr_nr_start_date": 1654041600000, "permit_design_flow": 0.665, "permit_avg_flow": null, "perm_feature_nmbr": "C002", "perm_feature_text": "", "pf_lat": 38.0692, "pf_lon": -81.8186, "pf_character": "CSO", "perm_feature_type_code": "EXO", "pf_state_waterbody_name": "COAL RIVER", "pf_state_auto_name": "Little Coal River", "pf_reach_id": "5050009000030", "in_icis": "YES", "echo_dfr_link": "https://echo.epa.gov/detailed-facility-report?fid=110010865876", "name": "BOONE COUNTY PSD", "feature_kind": "CSO outfall"}}, {"type": "Feature", "id": 6656, "geometry": {"type": "Point", "coordinates": [-81.8221996443984, 38.0717001731776]}, "properties": {"OBJECTID": 6656, "npdes_pfid": "WV0035939C003", "npdes_id": "WV0035939", "permitting_state": "WV", "agency_type_code": "ST6", "facility_uin": "110010865876", "facility_name": "BOONE COUNTY PSD", "location_address": "822 DOH GARAGE ROAD", "supplemental_address_text": "", "facility_city": "DANVILLE", "county_code": "WV005", "state_code": "WV", "epa_region_code": "03", "facility_type_code": "CNG", "facility_lat": 38.1028, "facility_lon": -81.8472, "permit_name": "BOONE COUNTY PSD", "version_nmbr": 0, "permit_type_code": "NPD", "effective_date": 1654041600000, "expiration_date": 1807401600000, "permit_status_code": "EFF", "facility_type_indicator": "POTW", "major_minor_status_flag": "N", "permit_tracking": "Y", "pt_start_date": 1654041600000, "dmr_tracking": "Y", "dmr_nr_start_date": 1654041600000, "permit_design_flow": 0.665, "permit_avg_flow": null, "perm_feature_nmbr": "C003", "perm_feature_text": "", "pf_lat": 38.0717, "pf_lon": -81.8222, "pf_character": "CSO", "perm_feature_type_code": "EXO", "pf_state_waterbody_name": "COAL RIVER", "pf_state_auto_name": "Little Coal River", "pf_reach_id": "5050009000030", "in_icis": "YES", "echo_dfr_link": "https://echo.epa.gov/detailed-facility-report?fid=110010865876", "name": "BOONE COUNTY PSD", "feature_kind": "CSO outfall"}}, {"type": "Feature", "id": 6657, "geometry": {"type": "Point", "coordinates": [-81.8242001925361, 38.0592002389938]}, "properties": {"OBJECTID": 6657, "npdes_pfid": "WV0035939C004", "npdes_id": "WV0035939", "permitting_state": "WV", "agency_type_code": "ST6", "facility_uin": "110010865876", "facility_name": "BOONE COUNTY PSD", "location_address": "822 DOH GARAGE ROAD", "supplemental_address_text": "", "facility_city": "DANVILLE", "county_code": "WV005", "state_code": "WV", "epa_region_code": "03", "facility_type_code": "CNG", "facility_lat": 38.1028, "facility_lon": -81.8472, "permit_name": "BOONE COUNTY PSD", "version_nmbr": 0, "permit_type_code": "NPD", "effective_date": 1654041600000, "expiration_date": 1807401600000, "permit_status_code": "EFF", "facility_type_indicator": "POTW", "major_minor_status_flag": "N", "permit_tracking": "Y", "pt_start_date": 1654041600000, "dmr_tracking": "Y", "dmr_nr_start_date": 1654041600000, "permit_design_flow": 0.665, "permit_avg_flow": null, "perm_feature_nmbr": "C004", "perm_feature_text": "", "pf_lat": 38.0592, "pf_lon": -81.8242, "pf_character": "CSO", "perm_feature_type_code": "EXO", "pf_state_waterbody_name": "COAL RIVER", "pf_state_auto_name": "Little Coal River", "pf_reach_id": "5050009000031", "in_icis": "YES", "echo_dfr_link": "https://echo.epa.gov/detailed-facility-report?fid=110010865876", "name": "BOONE COUNTY PSD", "feature_kind": "CSO outfall"}}, {"type": "Feature", "id": 6658, "geometry": {"type": "Point", "coordinates": [-81.8236001179263, 38.0563999439996]}, "properties": {"OBJECTID": 6658, "npdes_pfid": "WV0035939C005", "npdes_id": "WV0035939", "permitting_state": "WV", "agency_type_code": "ST6", "facility_uin": "110010865876", "facility_name": "BOONE COUNTY PSD", "location_address": "822 DOH GARAGE ROAD", "supplemental_address_text": "", "facility_city": "DANVILLE", "county_code": "WV005", "state_code": "WV", "epa_region_code": "03", "facility_type_code": "CNG", "facility_lat": 38.1028, "facility_lon": -81.8472, "permit_name": "BOONE COUNTY PSD", "version_nmbr": 0, "permit_type_code": "NPD", "effective_date": 1654041600000, "expiration_date": 1807401600000, "permit_status_code": "EFF", "facility_type_indicator": "POTW", "major_minor_status_flag": "N", "permit_tracking": "Y", "pt_start_date": 1654041600000, "dmr_tracking": "Y", "dmr_nr_start_date": 1654041600000, "permit_design_flow": 0.665, "permit_avg_flow": null, "perm_feature_nmbr": "C005", "perm_feature_text": "", "pf_lat": 38.0564, "pf_lon": -81.8236, "pf_character": "CSO", "perm_feature_type_code": "EXO", "pf_state_waterbody_name": "COAL RIVER", "pf_state_auto_name": "Little Coal River", "pf_reach_id": "5050009000031", "in_icis": "YES", "echo_dfr_link": "https://echo.epa.gov/detailed-facility-report?fid=110010865876", "name": "BOONE COUNTY PSD", "feature_kind": "CSO outfall"}}, {"type": "Feature", "id": 6659, "geometry": {"type": "Point", "coordinates": [-81.8258000920572, 38.074200045166]}, "properties": {"OBJECTID": 6659, "npdes_pfid": "WV0035939C006", "npdes_id": "WV0035939", "permitting_state": "WV", "agency_type_code": "ST6", "facility_uin": "110010865876", "facility_name": "BOONE COUNTY PSD", "location_address": "822 DOH GARAGE ROAD", "supplemental_address_text": "", "facility_city": "DANVILLE", "county_code": "WV005", "state_code": "WV", "epa_region_code": "03", "facility_type_code": "CNG", "facility_lat": 38.1028, "facility_lon": -81.8472, "permit_name": "BOONE COUNTY PSD", "version_nmbr": 0, "permit_type_code": "NPD", "effective_date": 1654041600000, "expiration_date": 1807401600000, "permit_status_code": "EFF", "facility_type_indicator": "POTW", "major_minor_status_flag": "N", "permit_tracking": "Y", "pt_start_date": 1654041600000, "dmr_tracking": "Y", "dmr_nr_start_date": 1654041600000, "permit_design_flow": 0.665, "permit_avg_flow": null, "perm_feature_nmbr": "C006", "perm_feature_text": "", "pf_lat": 38.0742, "pf_lon": -81.8258, "pf_character": "CSO", "perm_feature_type_code": "EXO", "pf_state_waterbody_name": "COAL RIVER", "pf_state_auto_name": "Little Coal River", "pf_reach_id": "5050009000029", "in_icis": "YES", "echo_dfr_link": "https://echo.epa.gov/detailed-facility-report?fid=110010865876", "name": "BOONE COUNTY PSD", "feature_kind": "CSO outfall"}}, {"type": "Feature", "id": 6660, "geometry": {"type": "Point", "coordinates": [-80.2971998551409, 39.3993996807387]}, "properties": {"OBJECTID": 6660, "npdes_pfid": "WV0054500C002", "npdes_id": "WV0054500", "permitting_state": "WV", "agency_type_code": "ST6", "facility_uin": "110010863734", "facility_name": "CITY OF SHINNSTON", "location_address": "900 PIKE STREET", "supplemental_address_text": "", "facility_city": "SHINNSTON", "county_code": "WV033", "state_code": "WV", "epa_region_code": "03", "facility_type_code": "MWD", "facility_lat": 39.4017, "facility_lon": -80.2931, "permit_name": "SHINNSTON, CITY OF", "version_nmbr": 0, "permit_type_code": "NPD", "effective_date": 1754006400000, "expiration_date": 1908403200000, "permit_status_code": "EFF", "facility_type_indicator": "POTW", "major_minor_status_flag": "N", "permit_tracking": "Y", "pt_start_date": 1754006400000, "dmr_tracking": "Y", "dmr_nr_start_date": 1754006400000, "permit_design_flow": 0.38, "permit_avg_flow": null, "perm_feature_nmbr": "C002", "perm_feature_text": "", "pf_lat": 39.3994, "pf_lon": -80.2972, "pf_character": "CSO", "perm_feature_type_code": "EXO", "pf_state_waterbody_name": "WEST FORK RIVER", "pf_state_auto_name": "", "pf_reach_id": "", "in_icis": "YES", "echo_dfr_link": "https://echo.epa.gov/detailed-facility-report?fid=110010863734", "name": "CITY OF SHINNSTON", "feature_kind": "CSO outfall"}}, {"type": "Feature", "id": 6661, "geometry": {"type": "Point", "coordinates": [-80.2971998551409, 39.398300115736]}, "properties": {"OBJECTID": 6661, "npdes_pfid": "WV0054500C003", "npdes_id": "WV0054500", "permitting_state": "WV", "agency_type_code": "ST6", "facility_uin": "110010863734", "facility_name": "CITY OF SHINNSTON", "location_address": "900 PIKE STREET", "supplemental_address_text": "", "facility_city": "SHINNSTON", "county_code": "WV033", "state_code": "WV", "epa_region_code": "03", "facility_type_code": "MWD", "facility_lat": 39.4017, "facility_lon": -80.2931, "permit_name": "SHINNSTON, CITY OF", "version_nmbr": 0, "permit_type_code": "NPD", "effective_date": 1754006400000, "expiration_date": 1908403200000, "permit_status_code": "EFF", "facility_type_indicator": "POTW", "major_minor_status_flag": "N", "permit_tracking": "Y", "pt_start_date": 1754006400000, "dmr_tracking": "Y", "dmr_nr_start_date": 1754006400000, "permit_design_flow": 0.38, "permit_avg_flow": null, "perm_feature_nmbr": "C003", "perm_feature_text": "", "pf_lat": 39.3983, "pf_lon": -80.2972, "pf_character": "CSO", "perm_feature_type_code": "EXO", "pf_state_waterbody_name": "WEST FORK RIVER", "pf_state_auto_name": "", "pf_reach_id": "", "in_icis": "YES", "echo_dfr_link": "https://echo.epa.gov/detailed-facility-report?fid=110010863734", "name": "CITY OF SHINNSTON", "feature_kind": "CSO outfall"}}, {"type": "Feature", "id": 6662, "geometry": {"type": "Point", "coordinates": [-80.2986003286688, 39.3978003077324]}, "properties": {"OBJECTID": 6662, "npdes_pfid": "WV0054500C004", "npdes_id": "WV0054500", "permitting_state": "WV", "agency_type_code": "ST6", "facility_uin": "110010863734", "facility_name": "CITY OF SHINNSTON", "location_address": "900 PIKE STREET", "supplemental_address_text": "", "facility_city": "SHINNSTON", "county_code": "WV033", "state_code": "WV", "epa_region_code": "03", "facility_type_code": "MWD", "facility_lat": 39.4017, "facility_lon": -80.2931, "permit_name": "SHINNSTON, CITY OF", "version_nmbr": 0, "permit_type_code": "NPD", "effective_date": 1754006400000, "expiration_date": 1908403200000, "permit_status_code": "EFF", "facility_type_indicator": "POTW", "major_minor_status_flag": "N", "permit_tracking": "Y", "pt_start_date": 1754006400000, "dmr_tracking": "Y", "dmr_nr_start_date": 1754006400000, "permit_design_flow": 0.38, "permit_avg_flow": null, "perm_feature_nmbr": "C004", "perm_feature_text": "", "pf_lat": 39.3978, "pf_lon": -80.2986, "pf_character": "CSO", "perm_feature_type_code": "EXO", "pf_state_waterbody_name": "WEST FORK RIVER", "pf_state_auto_name": "", "pf_reach_id": "", "in_icis": "YES", "echo_dfr_link": "https://echo.epa.gov/detailed-facility-report?fid=110010863734", "name": "CITY OF SHINNSTON", "feature_kind": "CSO outfall"}}, {"type": "Feature", "id": 6663, "geometry": {"type": "Point", "coordinates": [-80.2993998292717, 39.3974997270281]}, "properties": {"OBJECTID": 6663, "npdes_pfid": "WV0054500C005", "npdes_id": "WV0054500", "permitting_state": "WV", "agency_type_code": "ST6", "facility_uin": "110010863734", "facility_name": "CITY OF SHINNSTON", "location_address": "900 PIKE STREET", "supplemental_address_text": "", "facility_city": "SHINNSTON", "county_code": "WV033", "state_code": "WV", "epa_region_code": "03", "facility_type_code": "MWD", "facility_lat": 39.4017, "facility_lon": -80.2931, "permit_name": "SHINNSTON, CITY OF", "version_nmbr": 0, "permit_type_code": "NPD", "effective_date": 1754006400000, "expiration_date": 1908403200000, "permit_status_code": "EFF", "facility_type_indicator": "POTW", "major_minor_status_flag": "N", "permit_tracking": "Y", "pt_start_date": 1754006400000, "dmr_tracking": "Y", "dmr_nr_start_date": 1754006400000, "permit_design_flow": 0.38, "permit_avg_flow": null, "perm_feature_nmbr": "C005", "perm_feature_text": "", "pf_lat": 39.3975, "pf_lon": -80.2994, "pf_character": "CSO", "perm_feature_type_code": "EXO", "pf_state_waterbody_name": "WEST FORK RIVER", "pf_state_auto_name": "", "pf_reach_id": "", "in_icis": "YES", "echo_dfr_link": "https://echo.epa.gov/detailed-facility-report?fid=110010863734", "name": "CITY OF SHINNSTON", "feature_kind": "CSO outfall"}}, {"type": "Feature", "id": 6664, "geometry": {"type": "Point", "coordinates": [-80.3005999784912, 39.3978003077324]}, "properties": {"OBJECTID": 6664, "npdes_pfid": "WV0054500C006", "npdes_id": "WV0054500", "permitting_state": "WV", "agency_type_code": "ST6", "facility_uin": "110010863734", "facility_name": "CITY OF SHINNSTON", "location_address": "900 PIKE STREET", "supplemental_address_text": "", "facility_city": "SHINNSTON", "county_code": "WV033", "state_code": "WV", "epa_region_code": "03", "facility_type_code": "MWD", "facility_lat": 39.4017, "facility_lon": -80.2931, "permit_name": "SHINNSTON, CITY OF", "version_nmbr": 0, "permit_type_code": "NPD", "effective_date": 1754006400000, "expiration_date": 1908403200000, "permit_status_code": "EFF", "facility_type_indicator": "POTW", "major_minor_status_flag": "N", "permit_tracking": "Y", "pt_start_date": 1754006400000, "dmr_tracking": "Y", "dmr_nr_start_date": 1754006400000, "permit_design_flow": 0.38, "permit_avg_flow": null, "perm_feature_nmbr": "C006", "perm_feature_text": "", "pf_lat": 39.3978, "pf_lon": -80.3006, "pf_character": "CSO", "perm_feature_type_code": "EXO", "pf_state_waterbody_name": "WEST FORK RIVER", "pf_state_auto_name": "", "pf_reach_id": "", "in_icis": "YES", "echo_dfr_link": "https://echo.epa.gov/detailed-facility-report?fid=110010863734", "name": "CITY OF SHINNSTON", "feature_kind": "CSO outfall"}}, {"type": "Feature", "id": 6665, "geometry": {"type": "Point", "coordinates": [-80.3008003027996, 39.3974997270281]}, "properties": {"OBJECTID": 6665, "npdes_pfid": "WV0054500C007", "npdes_id": "WV0054500", "permitting_state": "WV", "agency_type_code": "ST6", "facility_uin": "110010863734", "facility_name": "CITY OF SHINNSTON", "location_address": "900 PIKE STREET", "supplemental_address_text": "", "facility_city": "SHINNSTON", "county_code": "WV033", "state_code": "WV", "epa_region_code": "03", "facility_type_code": "MWD", "facility_lat": 39.4017, "facility_lon": -80.2931, "permit_name": "SHINNSTON, CITY OF", "version_nmbr": 0, "permit_type_code": "NPD", "effective_date": 1754006400000, "expiration_date": 1908403200000, "permit_status_code": "EFF", "facility_type_indicator": "POTW", "major_minor_status_flag": "N", "permit_tracking": "Y", "pt_start_date": 1754006400000, "dmr_tracking": "Y", "dmr_nr_start_date": 1754006400000, "permit_design_flow": 0.38, "permit_avg_flow": null, "perm_feature_nmbr": "C007", "perm_feature_text": "", "pf_lat": 39.3975, "pf_lon": -80.3008, "pf_character": "CSO", "perm_feature_type_code": "EXO", "pf_state_waterbody_name": "WEST FORK RIVER", "pf_state_auto_name": "", "pf_reach_id": "", "in_icis": "YES", "echo_dfr_link": "https://echo.epa.gov/detailed-facility-report?fid=110010863734", "name": "CITY OF SHINNSTON", "feature_kind": "CSO outfall"}}, {"type": "Feature", "id": 6666, "geometry": {"type": "Point", "coordinates": [-80.3017004147143, 39.3971998392148]}, "properties": {"OBJECTID": 6666, "npdes_pfid": "WV0054500C008", "npdes_id": "WV0054500", "permitting_state": "WV", "agency_type_code": "ST6", "facility_uin": "110010863734", "facility_name": "CITY OF SHINNSTON", "location_address": "900 PIKE STREET", "supplemental_address_text": "", "facility_city": "SHINNSTON", "county_code": "WV033", "state_code": "WV", "epa_region_code": "03", "facility_type_code": "MWD", "facility_lat": 39.4017, "facility_lon": -80.2931, "permit_name": "SHINNSTON, CITY OF", "version_nmbr": 0, "permit_type_code": "NPD", "effective_date": 1754006400000, "expiration_date": 1908403200000, "permit_status_code": "EFF", "facility_type_indicator": "POTW", "major_minor_status_flag": "N", "permit_tracking": "Y", "pt_start_date": 1754006400000, "dmr_tracking": "Y", "dmr_nr_start_date": 1754006400000, "permit_design_flow": 0.38, "permit_avg_flow": null, "perm_feature_nmbr": "C008", "perm_feature_text": "", "pf_lat": 39.3972, "pf_lon": -80.3017, "pf_character": "CSO", "perm_feature_type_code": "EXO", "pf_state_waterbody_name": "WEST FORK RIVER", "pf_state_auto_name": "", "pf_reach_id": "", "in_icis": "YES", "echo_dfr_link": "https://echo.epa.gov/detailed-facility-report?fid=110010863734", "name": "CITY OF SHINNSTON", "feature_kind": "CSO outfall"}}, {"type": "Feature", "id": 6667, "geometry": {"type": "Point", "coordinates": [-80.3021998780123, 39.3967000233278]}, "properties": {"OBJECTID": 6667, "npdes_pfid": "WV0054500C009", "npdes_id": "WV0054500", "permitting_state": "WV", "agency_type_code": "ST6", "facility_uin": "110010863734", "facility_name": "CITY OF SHINNSTON", "location_address": "900 PIKE STREET", "supplemental_address_text": "", "facility_city": "SHINNSTON", "county_code": "WV033", "state_code": "WV", "epa_region_code": "03", "facility_type_code": "MWD", "facility_lat": 39.4017, "facility_lon": -80.2931, "permit_name": "SHINNSTON, CITY OF", "version_nmbr": 0, "permit_type_code": "NPD", "effective_date": 1754006400000, "expiration_date": 1908403200000, "permit_status_code": "EFF", "facility_type_indicator": "POTW", "major_minor_status_flag": "N", "permit_tracking": "Y", "pt_start_date": 1754006400000, "dmr_tracking": "Y", "dmr_nr_start_date": 1754006400000, "permit_design_flow": 0.38, "permit_avg_flow": null, "perm_feature_nmbr": "C009", "perm_feature_text": "", "pf_lat": 39.3967, "pf_lon": -80.3022, "pf_character": "CSO", "perm_feature_type_code": "EXO", "pf_state_waterbody_name": "WEST FORK RIVER", "pf_state_auto_name": "", "pf_reach_id": "", "in_icis": "YES", "echo_dfr_link": "https://echo.epa.gov/detailed-facility-report?fid=110010863734", "name": "CITY OF SHINNSTON", "feature_kind": "CSO outfall"}}, {"type": "Feature", "id": 6668, "geometry": {"type": "Point", "coordinates": [-80.3030999899269, 39.3958003457071]}, "properties": {"OBJECTID": 6668, "npdes_pfid": "WV0054500C010", "npdes_id": "WV0054500", "permitting_state": "WV", "agency_type_code": "ST6", "facility_uin": "110010863734", "facility_name": "CITY OF SHINNSTON", "location_address": "900 PIKE STREET", "supplemental_address_text": "", "facility_city": "SHINNSTON", "county_code": "WV033", "state_code": "WV", "epa_region_code": "03", "facility_type_code": "MWD", "facility_lat": 39.4017, "facility_lon": -80.2931, "permit_name": "SHINNSTON, CITY OF", "version_nmbr": 0, "permit_type_code": "NPD", "effective_date": 1754006400000, "expiration_date": 1908403200000, "permit_status_code": "EFF", "facility_type_indicator": "POTW", "major_minor_status_flag": "N", "permit_tracking": "Y", "pt_start_date": 1754006400000, "dmr_tracking": "Y", "dmr_nr_start_date": 1754006400000, "permit_design_flow": 0.38, "permit_avg_flow": null, "perm_feature_nmbr": "C010", "perm_feature_text": "", "pf_lat": 39.3958, "pf_lon": -80.3031, "pf_character": "CSO", "perm_feature_type_code": "EXO", "pf_state_waterbody_name": "WEST FORK RIVER", "pf_state_auto_name": "", "pf_reach_id": "", "in_icis": "YES", "echo_dfr_link": "https://echo.epa.gov/detailed-facility-report?fid=110010863734", "name": "CITY OF SHINNSTON", "feature_kind": "CSO outfall"}}, {"type": "Feature", "id": 6669, "geometry": {"type": "Point", "coordinates": [-80.3116995621418, 39.3913996720343]}, "properties": {"OBJECTID": 6669, "npdes_pfid": "WV0054500C011", "npdes_id": "WV0054500", "permitting_state": "WV", "agency_type_code": "ST6", "facility_uin": "110010863734", "facility_name": "CITY OF SHINNSTON", "location_address": "900 PIKE STREET", "supplemental_address_text": "", "facility_city": "SHINNSTON", "county_code": "WV033", "state_code": "WV", "epa_region_code": "03", "facility_type_code": "MWD", "facility_lat": 39.4017, "facility_lon": -80.2931, "permit_name": "SHINNSTON, CITY OF", "version_nmbr": 0, "permit_type_code": "NPD", "effective_date": 1754006400000, "expiration_date": 1908403200000, "permit_status_code": "EFF", "facility_type_indicator": "POTW", "major_minor_status_flag": "N", "permit_tracking": "Y", "pt_start_date": 1754006400000, "dmr_tracking": "Y", "dmr_nr_start_date": 1754006400000, "permit_design_flow": 0.38, "permit_avg_flow": null, "perm_feature_nmbr": "C011", "perm_feature_text": "", "pf_lat": 39.3914, "pf_lon": -80.3117, "pf_character": "CSO", "perm_feature_type_code": "EXO", "pf_state_waterbody_name": "WEST FORK RIVER", "pf_state_auto_name": "", "pf_reach_id": "", "in_icis": "YES", "echo_dfr_link": "https://echo.epa.gov/detailed-facility-report?fid=110010863734", "name": "CITY OF SHINNSTON", "feature_kind": "CSO outfall"}}, {"type": "Feature", "id": 6670, "geometry": {"type": "Point", "coordinates": [-80.1678002334093, 39.5057997292399]}, "properties": {"OBJECTID": 6670, "npdes_pfid": "WV0081434C004", "npdes_id": "WV0081434", "permitting_state": "WV", "agency_type_code": "ST6", "facility_uin": "110010860559", "facility_name": "TOWN OF BARRACKVILLE", "location_address": "26 PIKE STREET", "supplemental_address_text": "", "facility_city": "BARRACKVILLE", "county_code": "WV049", "state_code": "WV", "epa_region_code": "03", "facility_type_code": "MWD", "facility_lat": 39.4944, "facility_lon": -80.1222, "permit_name": "BARRACKVILLE, TOWN OF ", "version_nmbr": 0, "permit_type_code": "NPD", "effective_date": 1698796800000, "expiration_date": 1853539200000, "permit_status_code": "EFF", "facility_type_indicator": "POTW", "major_minor_status_flag": "N", "permit_tracking": "Y", "pt_start_date": 1698796800000, "dmr_tracking": "Y", "dmr_nr_start_date": 1698796800000, "permit_design_flow": 0.1578, "permit_avg_flow": null, "perm_feature_nmbr": "C004", "perm_feature_text": "", "pf_lat": 39.5058, "pf_lon": -80.1678, "pf_character": "CSO", "perm_feature_type_code": "EXO", "pf_state_waterbody_name": "Buffalo Creek/Monongahela River", "pf_state_auto_name": "Buffalo Creek", "pf_reach_id": "5020003000492", "in_icis": "YES", "echo_dfr_link": "https://echo.epa.gov/detailed-facility-report?fid=110010860559", "name": "TOWN OF BARRACKVILLE", "feature_kind": "CSO outfall"}}, {"type": "Feature", "id": 6671, "geometry": {"type": "Point", "coordinates": [-80.1735997568836, 39.5032996570093]}, "properties": {"OBJECTID": 6671, "npdes_pfid": "WV0081434C011", "npdes_id": "WV0081434", "permitting_state": "WV", "agency_type_code": "ST6", "facility_uin": "110010860559", "facility_name": "TOWN OF BARRACKVILLE", "location_address": "26 PIKE STREET", "supplemental_address_text": "", "facility_city": "BARRACKVILLE", "county_code": "WV049", "state_code": "WV", "epa_region_code": "03", "facility_type_code": "MWD", "facility_lat": 39.4944, "facility_lon": -80.1222, "permit_name": "BARRACKVILLE, TOWN OF ", "version_nmbr": 0, "permit_type_code": "NPD", "effective_date": 1698796800000, "expiration_date": 1853539200000, "permit_status_code": "EFF", "facility_type_indicator": "POTW", "major_minor_status_flag": "N", "permit_tracking": "Y", "pt_start_date": 1698796800000, "dmr_tracking": "Y", "dmr_nr_start_date": 1698796800000, "permit_design_flow": 0.1578, "permit_avg_flow": null, "perm_feature_nmbr": "C011", "perm_feature_text": "", "pf_lat": 39.5033, "pf_lon": -80.1736, "pf_character": "CSO", "perm_feature_type_code": "EXO", "pf_state_waterbody_name": "Buffalo Creek/Monongahela River", "pf_state_auto_name": "Buffalo Creek", "pf_reach_id": "5020003000492", "in_icis": "YES", "echo_dfr_link": "https://echo.epa.gov/detailed-facility-report?fid=110010860559", "name": "TOWN OF BARRACKVILLE", "feature_kind": "CSO outfall"}}, {"type": "Feature", "id": 6672, "geometry": {"type": "Point", "coordinates": [-80.1616997743148, 39.5022003453262]}, "properties": {"OBJECTID": 6672, "npdes_pfid": "WV0081434C012", "npdes_id": "WV0081434", "permitting_state": "WV", "agency_type_code": "ST6", "facility_uin": "110010860559", "facility_name": "TOWN OF BARRACKVILLE", "location_address": "26 PIKE STREET", "supplemental_address_text": "", "facility_city": "BARRACKVILLE", "county_code": "WV049", "state_code": "WV", "epa_region_code": "03", "facility_type_code": "MWD", "facility_lat": 39.4944, "facility_lon": -80.1222, "permit_name": "BARRACKVILLE, TOWN OF ", "version_nmbr": 0, "permit_type_code": "NPD", "effective_date": 1698796800000, "expiration_date": 1853539200000, "permit_status_code": "EFF", "facility_type_indicator": "POTW", "major_minor_status_flag": "N", "permit_tracking": "Y", "pt_start_date": 1698796800000, "dmr_tracking": "Y", "dmr_nr_start_date": 1698796800000, "permit_design_flow": 0.1578, "permit_avg_flow": null, "perm_feature_nmbr": "C012", "perm_feature_text": "", "pf_lat": 39.5022, "pf_lon": -80.1617, "pf_character": "CSO", "perm_feature_type_code": "EXO", "pf_state_waterbody_name": "Buffalo Creek/Monongahela River", "pf_state_auto_name": "", "pf_reach_id": "", "in_icis": "YES", "echo_dfr_link": "https://echo.epa.gov/detailed-facility-report?fid=110010860559", "name": "TOWN OF BARRACKVILLE", "feature_kind": "CSO outfall"}}, {"type": "Feature", "id": 6673, "geometry": {"type": "Point", "coordinates": [-80.1591997628791, 39.4994000024524]}, "properties": {"OBJECTID": 6673, "npdes_pfid": "WV0081434C013", "npdes_id": "WV0081434", "permitting_state": "WV", "agency_type_code": "ST6", "facility_uin": "110010860559", "facility_name": "TOWN OF BARRACKVILLE", "location_address": "26 PIKE STREET", "supplemental_address_text": "", "facility_city": "BARRACKVILLE", "county_code": "WV049", "state_code": "WV", "epa_region_code": "03", "facility_type_code": "MWD", "facility_lat": 39.4944, "facility_lon": -80.1222, "permit_name": "BARRACKVILLE, TOWN OF ", "version_nmbr": 0, "permit_type_code": "NPD", "effective_date": 1698796800000, "expiration_date": 1853539200000, "permit_status_code": "EFF", "facility_type_indicator": "POTW", "major_minor_status_flag": "N", "permit_tracking": "Y", "pt_start_date": 1698796800000, "dmr_tracking": "Y", "dmr_nr_start_date": 1698796800000, "permit_design_flow": 0.1578, "permit_avg_flow": null, "perm_feature_nmbr": "C013", "perm_feature_text": "", "pf_lat": 39.4994, "pf_lon": -80.1592, "pf_character": "CSO", "perm_feature_type_code": "EXO", "pf_state_waterbody_name": "Buffalo Creek/Monongahela River", "pf_state_auto_name": "Buffalo Creek", "pf_reach_id": "5020003000063", "in_icis": "YES", "echo_dfr_link": "https://echo.epa.gov/detailed-facility-report?fid=110010860559", "name": "TOWN OF BARRACKVILLE", "feature_kind": "CSO outfall"}}, {"type": "Feature", "id": 6674, "geometry": {"type": "Point", "coordinates": [-80.7106000573162, 38.6638997022014]}, "properties": {"OBJECTID": 6674, "npdes_pfid": "WV0084042C002", "npdes_id": "WV0084042", "permitting_state": "WV", "agency_type_code": "ST6", "facility_uin": "110010860078", "facility_name": "FLATWOODS-CANOE RUN PUBLIC SERVICE DISTRICT", "location_address": "134 COASTAL ROAD", "supplemental_address_text": "", "facility_city": "GASSAWAY, WEST VIRGINIA", "county_code": "WV007", "state_code": "WV", "epa_region_code": "03", "facility_type_code": "MWD", "facility_lat": 38.6667, "facility_lon": -80.7972, "permit_name": "FLATWOODS-CANOE RUN PSD", "version_nmbr": 0, "permit_type_code": "NPD", "effective_date": 1677628800000, "expiration_date": 1831075200000, "permit_status_code": "EFF", "facility_type_indicator": "POTW", "major_minor_status_flag": "N", "permit_tracking": "Y", "pt_start_date": 1677628800000, "dmr_tracking": "Y", "dmr_nr_start_date": 1677628800000, "permit_design_flow": 0.72, "permit_avg_flow": null, "perm_feature_nmbr": "C002", "perm_feature_text": "", "pf_lat": 38.6639, "pf_lon": -80.7106, "pf_character": "CSO", "perm_feature_type_code": "EXO", "pf_state_waterbody_name": "ELK RIVER", "pf_state_auto_name": "", "pf_reach_id": "", "in_icis": "YES", "echo_dfr_link": "https://echo.epa.gov/detailed-facility-report?fid=110010860078", "name": "FLATWOODS-CANOE RUN PUBLIC SERVICE DISTRICT", "feature_kind": "CSO outfall"}}, {"type": "Feature", "id": 6675, "geometry": {"type": "Point", "coordinates": [-80.779199903988, 38.6694000760738]}, "properties": {"OBJECTID": 6675, "npdes_pfid": "WV0084042C003", "npdes_id": "WV0084042", "permitting_state": "WV", "agency_type_code": "ST6", "facility_uin": "110010860078", "facility_name": "FLATWOODS-CANOE RUN PUBLIC SERVICE DISTRICT", "location_address": "134 COASTAL ROAD", "supplemental_address_text": "", "facility_city": "GASSAWAY, WEST VIRGINIA", "county_code": "WV007", "state_code": "WV", "epa_region_code": "03", "facility_type_code": "MWD", "facility_lat": 38.6667, "facility_lon": -80.7972, "permit_name": "FLATWOODS-CANOE RUN PSD", "version_nmbr": 0, "permit_type_code": "NPD", "effective_date": 1677628800000, "expiration_date": 1831075200000, "permit_status_code": "EFF", "facility_type_indicator": "POTW", "major_minor_status_flag": "N", "permit_tracking": "Y", "pt_start_date": 1677628800000, "dmr_tracking": "Y", "dmr_nr_start_date": 1677628800000, "permit_design_flow": 0.72, "permit_avg_flow": null, "perm_feature_nmbr": "C003", "perm_feature_text": "", "pf_lat": 38.6694, "pf_lon": -80.7792, "pf_character": "CSO", "perm_feature_type_code": "EXO", "pf_state_waterbody_name": "ELK RIVER", "pf_state_auto_name": "", "pf_reach_id": "", "in_icis": "YES", "echo_dfr_link": "https://echo.epa.gov/detailed-facility-report?fid=110010860078", "name": "FLATWOODS-CANOE RUN PUBLIC SERVICE DISTRICT", "feature_kind": "CSO outfall"}}, {"type": "Feature", "id": 6676, "geometry": {"type": "Point", "coordinates": [-80.7785998293782, 38.6713996609511]}, "properties": {"OBJECTID": 6676, "npdes_pfid": "WV0084042C004", "npdes_id": "WV0084042", "permitting_state": "WV", "agency_type_code": "ST6", "facility_uin": "110010860078", "facility_name": "FLATWOODS-CANOE RUN PUBLIC SERVICE DISTRICT", "location_address": "134 COASTAL ROAD", "supplemental_address_text": "", "facility_city": "GASSAWAY, WEST VIRGINIA", "county_code": "WV007", "state_code": "WV", "epa_region_code": "03", "facility_type_code": "MWD", "facility_lat": 38.6667, "facility_lon": -80.7972, "permit_name": "FLATWOODS-CANOE RUN PSD", "version_nmbr": 0, "permit_type_code": "NPD", "effective_date": 1677628800000, "expiration_date": 1831075200000, "permit_status_code": "EFF", "facility_type_indicator": "POTW", "major_minor_status_flag": "N", "permit_tracking": "Y", "pt_start_date": 1677628800000, "dmr_tracking": "Y", "dmr_nr_start_date": 1677628800000, "permit_design_flow": 0.72, "permit_avg_flow": null, "perm_feature_nmbr": "C004", "perm_feature_text": "", "pf_lat": 38.6714, "pf_lon": -80.7786, "pf_character": "CSO", "perm_feature_type_code": "EXO", "pf_state_waterbody_name": "ELK RIVER", "pf_state_auto_name": "", "pf_reach_id": "", "in_icis": "YES", "echo_dfr_link": "https://echo.epa.gov/detailed-facility-report?fid=110010860078", "name": "FLATWOODS-CANOE RUN PUBLIC SERVICE DISTRICT", "feature_kind": "CSO outfall"}}, {"type": "Feature", "id": 6677, "geometry": {"type": "Point", "coordinates": [-80.7772002541656, 38.6738999401704]}, "properties": {"OBJECTID": 6677, "npdes_pfid": "WV0084042C005", "npdes_id": "WV0084042", "permitting_state": "WV", "agency_type_code": "ST6", "facility_uin": "110010860078", "facility_name": "FLATWOODS-CANOE RUN PUBLIC SERVICE DISTRICT", "location_address": "134 COASTAL ROAD", "supplemental_address_text": "", "facility_city": "GASSAWAY, WEST VIRGINIA", "county_code": "WV007", "state_code": "WV", "epa_region_code": "03", "facility_type_code": "MWD", "facility_lat": 38.6667, "facility_lon": -80.7972, "permit_name": "FLATWOODS-CANOE RUN PSD", "version_nmbr": 0, "permit_type_code": "NPD", "effective_date": 1677628800000, "expiration_date": 1831075200000, "permit_status_code": "EFF", "facility_type_indicator": "POTW", "major_minor_status_flag": "N", "permit_tracking": "Y", "pt_start_date": 1677628800000, "dmr_tracking": "Y", "dmr_nr_start_date": 1677628800000, "permit_design_flow": 0.72, "permit_avg_flow": null, "perm_feature_nmbr": "C005", "perm_feature_text": "", "pf_lat": 38.6739, "pf_lon": -80.7772, "pf_character": "CSO", "perm_feature_type_code": "EXO", "pf_state_waterbody_name": "ELK RIVER", "pf_state_auto_name": "", "pf_reach_id": "", "in_icis": "YES", "echo_dfr_link": "https://echo.epa.gov/detailed-facility-report?fid=110010860078", "name": "FLATWOODS-CANOE RUN PUBLIC SERVICE DISTRICT", "feature_kind": "CSO outfall"}}, {"type": "Feature", "id": 6678, "geometry": {"type": "Point", "coordinates": [-80.7682997463305, 38.6738999401704]}, "properties": {"OBJECTID": 6678, "npdes_pfid": "WV0084042C006", "npdes_id": "WV0084042", "permitting_state": "WV", "agency_type_code": "ST6", "facility_uin": "110010860078", "facility_name": "FLATWOODS-CANOE RUN PUBLIC SERVICE DISTRICT", "location_address": "134 COASTAL ROAD", "supplemental_address_text": "", "facility_city": "GASSAWAY, WEST VIRGINIA", "county_code": "WV007", "state_code": "WV", "epa_region_code": "03", "facility_type_code": "MWD", "facility_lat": 38.6667, "facility_lon": -80.7972, "permit_name": "FLATWOODS-CANOE RUN PSD", "version_nmbr": 0, "permit_type_code": "NPD", "effective_date": 1677628800000, "expiration_date": 1831075200000, "permit_status_code": "EFF", "facility_type_indicator": "POTW", "major_minor_status_flag": "N", "permit_tracking": "Y", "pt_start_date": 1677628800000, "dmr_tracking": "Y", "dmr_nr_start_date": 1677628800000, "permit_design_flow": 0.72, "permit_avg_flow": null, "perm_feature_nmbr": "C006", "perm_feature_text": "", "pf_lat": 38.6739, "pf_lon": -80.7683, "pf_character": "CSO", "perm_feature_type_code": "EXO", "pf_state_waterbody_name": "ELK RIVER", "pf_state_auto_name": "", "pf_reach_id": "", "in_icis": "YES", "echo_dfr_link": "https://echo.epa.gov/detailed-facility-report?fid=110010860078", "name": "FLATWOODS-CANOE RUN PUBLIC SERVICE DISTRICT", "feature_kind": "CSO outfall"}}, {"type": "Feature", "id": 6679, "geometry": {"type": "Point", "coordinates": [-80.7975003829561, 38.6675000329461]}, "properties": {"OBJECTID": 6679, "npdes_pfid": "WV0084042C008", "npdes_id": "WV0084042", "permitting_state": "WV", "agency_type_code": "ST6", "facility_uin": "110010860078", "facility_name": "FLATWOODS-CANOE RUN PUBLIC SERVICE DISTRICT", "location_address": "134 COASTAL ROAD", "supplemental_address_text": "", "facility_city": "GASSAWAY, WEST VIRGINIA", "county_code": "WV007", "state_code": "WV", "epa_region_code": "03", "facility_type_code": "MWD", "facility_lat": 38.6667, "facility_lon": -80.7972, "permit_name": "FLATWOODS-CANOE RUN PSD", "version_nmbr": 0, "permit_type_code": "NPD", "effective_date": 1677628800000, "expiration_date": 1831075200000, "permit_status_code": "EFF", "facility_type_indicator": "POTW", "major_minor_status_flag": "N", "permit_tracking": "Y", "pt_start_date": 1677628800000, "dmr_tracking": "Y", "dmr_nr_start_date": 1677628800000, "permit_design_flow": 0.72, "permit_avg_flow": null, "perm_feature_nmbr": "C008", "perm_feature_text": "", "pf_lat": 38.6675, "pf_lon": -80.7975, "pf_character": "CSO", "perm_feature_type_code": "EXO", "pf_state_waterbody_name": "ELK RIVER", "pf_state_auto_name": "", "pf_reach_id": "", "in_icis": "YES", "echo_dfr_link": "https://echo.epa.gov/detailed-facility-report?fid=110010860078", "name": "FLATWOODS-CANOE RUN PUBLIC SERVICE DISTRICT", "feature_kind": "CSO outfall"}}, {"type": "Feature", "id": 6680, "geometry": {"type": "Point", "coordinates": [-80.2455997269057, 39.5953000953218]}, "properties": {"OBJECTID": 6680, "npdes_pfid": "WV0084310C004", "npdes_id": "WV0084310", "permitting_state": "WV", "agency_type_code": "ST6", "facility_uin": "110010860167", "facility_name": "GREATER PAW PAW SANITARY DISTRICT", "location_address": "25 JACKSON STREET", "supplemental_address_text": "", "facility_city": "RIVESVILLE", "county_code": "WV049", "state_code": "WV", "epa_region_code": "03", "facility_type_code": "MWD", "facility_lat": 39.5931, "facility_lon": -80.2453, "permit_name": "GREATER PAW PAW SANITARY DISTRICT", "version_nmbr": 0, "permit_type_code": "NPD", "effective_date": 1714521600000, "expiration_date": 1868572800000, "permit_status_code": "EFF", "facility_type_indicator": "POTW", "major_minor_status_flag": "N", "permit_tracking": "Y", "pt_start_date": 1714521600000, "dmr_tracking": "Y", "dmr_nr_start_date": 1714521600000, "permit_design_flow": 0.684, "permit_avg_flow": null, "perm_feature_nmbr": "C004", "perm_feature_text": "", "pf_lat": 39.5953, "pf_lon": -80.2456, "pf_character": "CSO", "perm_feature_type_code": "EXO", "pf_state_waterbody_name": "Paw Paw Creek", "pf_state_auto_name": "", "pf_reach_id": "", "in_icis": "YES", "echo_dfr_link": "https://echo.epa.gov/detailed-facility-report?fid=110010860167", "name": "GREATER PAW PAW SANITARY DISTRICT", "feature_kind": "CSO outfall"}}, {"type": "Feature", "id": 6681, "geometry": {"type": "Point", "coordinates": [-80.2467001631288, 39.5936000047581]}, "properties": {"OBJECTID": 6681, "npdes_pfid": "WV0084310C005", "npdes_id": "WV0084310", "permitting_state": "WV", "agency_type_code": "ST6", "facility_uin": "110010860167", "facility_name": "GREATER PAW PAW SANITARY DISTRICT", "location_address": "25 JACKSON STREET", "supplemental_address_text": "", "facility_city": "RIVESVILLE", "county_code": "WV049", "state_code": "WV", "epa_region_code": "03", "facility_type_code": "MWD", "facility_lat": 39.5931, "facility_lon": -80.2453, "permit_name": "GREATER PAW PAW SANITARY DISTRICT", "version_nmbr": 0, "permit_type_code": "NPD", "effective_date": 1714521600000, "expiration_date": 1868572800000, "permit_status_code": "EFF", "facility_type_indicator": "POTW", "major_minor_status_flag": "N", "permit_tracking": "Y", "pt_start_date": 1714521600000, "dmr_tracking": "Y", "dmr_nr_start_date": 1714521600000, "permit_design_flow": 0.684, "permit_avg_flow": null, "perm_feature_nmbr": "C005", "perm_feature_text": "", "pf_lat": 39.5936, "pf_lon": -80.2467, "pf_character": "CSO", "perm_feature_type_code": "EXO", "pf_state_waterbody_name": "Paw Paw Creek", "pf_state_auto_name": "", "pf_reach_id": "", "in_icis": "YES", "echo_dfr_link": "https://echo.epa.gov/detailed-facility-report?fid=110010860167", "name": "GREATER PAW PAW SANITARY DISTRICT", "feature_kind": "CSO outfall"}}, {"type": "Feature", "id": 6682, "geometry": {"type": "Point", "coordinates": [-80.244999652296, 39.5916998134442]}, "properties": {"OBJECTID": 6682, "npdes_pfid": "WV0084310C006", "npdes_id": "WV0084310", "permitting_state": "WV", "agency_type_code": "ST6", "facility_uin": "110010860167", "facility_name": "GREATER PAW PAW SANITARY DISTRICT", "location_address": "25 JACKSON STREET", "supplemental_address_text": "", "facility_city": "RIVESVILLE", "county_code": "WV049", "state_code": "WV", "epa_region_code": "03", "facility_type_code": "MWD", "facility_lat": 39.5931, "facility_lon": -80.2453, "permit_name": "GREATER PAW PAW SANITARY DISTRICT", "version_nmbr": 0, "permit_type_code": "NPD", "effective_date": 1714521600000, "expiration_date": 1868572800000, "permit_status_code": "EFF", "facility_type_indicator": "POTW", "major_minor_status_flag": "N", "permit_tracking": "Y", "pt_start_date": 1714521600000, "dmr_tracking": "Y", "dmr_nr_start_date": 1714521600000, "permit_design_flow": 0.684, "permit_avg_flow": null, "perm_feature_nmbr": "C006", "perm_feature_text": "", "pf_lat": 39.5917, "pf_lon": -80.245, "pf_character": "CSO", "perm_feature_type_code": "EXO", "pf_state_waterbody_name": "Paw Paw Creek", "pf_state_auto_name": "", "pf_reach_id": "", "in_icis": "YES", "echo_dfr_link": "https://echo.epa.gov/detailed-facility-report?fid=110010860167", "name": "GREATER PAW PAW SANITARY DISTRICT", "feature_kind": "CSO outfall"}}, {"type": "Feature", "id": 6683, "geometry": {"type": "Point", "coordinates": [-80.244999652296, 39.5903000763424]}, "properties": {"OBJECTID": 6683, "npdes_pfid": "WV0084310C007", "npdes_id": "WV0084310", "permitting_state": "WV", "agency_type_code": "ST6", "facility_uin": "110010860167", "facility_name": "GREATER PAW PAW SANITARY DISTRICT", "location_address": "25 JACKSON STREET", "supplemental_address_text": "", "facility_city": "RIVESVILLE", "county_code": "WV049", "state_code": "WV", "epa_region_code": "03", "facility_type_code": "MWD", "facility_lat": 39.5931, "facility_lon": -80.2453, "permit_name": "GREATER PAW PAW SANITARY DISTRICT", "version_nmbr": 0, "permit_type_code": "NPD", "effective_date": 1714521600000, "expiration_date": 1868572800000, "permit_status_code": "EFF", "facility_type_indicator": "POTW", "major_minor_status_flag": "N", "permit_tracking": "Y", "pt_start_date": 1714521600000, "dmr_tracking": "Y", "dmr_nr_start_date": 1714521600000, "permit_design_flow": 0.684, "permit_avg_flow": null, "perm_feature_nmbr": "C007", "perm_feature_text": "", "pf_lat": 39.5903, "pf_lon": -80.245, "pf_character": "CSO", "perm_feature_type_code": "EXO", "pf_state_waterbody_name": "Paw Paw Creek", "pf_state_auto_name": "", "pf_reach_id": "", "in_icis": "YES", "echo_dfr_link": "https://echo.epa.gov/detailed-facility-report?fid=110010860167", "name": "GREATER PAW PAW SANITARY DISTRICT", "feature_kind": "CSO outfall"}}, {"type": "Feature", "id": 6684, "geometry": {"type": "Point", "coordinates": [-80.1216995913436, 39.5297000922021]}, "properties": {"OBJECTID": 6684, "npdes_pfid": "WV0084310C008", "npdes_id": "WV0084310", "permitting_state": "WV", "agency_type_code": "ST6", "facility_uin": "110010860167", "facility_name": "GREATER PAW PAW SANITARY DISTRICT", "location_address": "25 JACKSON STREET", "supplemental_address_text": "", "facility_city": "RIVESVILLE", "county_code": "WV049", "state_code": "WV", "epa_region_code": "03", "facility_type_code": "MWD", "facility_lat": 39.5931, "facility_lon": -80.2453, "permit_name": "GREATER PAW PAW SANITARY DISTRICT", "version_nmbr": 0, "permit_type_code": "NPD", "effective_date": 1714521600000, "expiration_date": 1868572800000, "permit_status_code": "EFF", "facility_type_indicator": "POTW", "major_minor_status_flag": "N", "permit_tracking": "Y", "pt_start_date": 1714521600000, "dmr_tracking": "Y", "dmr_nr_start_date": 1714521600000, "permit_design_flow": 0.684, "permit_avg_flow": null, "perm_feature_nmbr": "C008", "perm_feature_text": "", "pf_lat": 39.5297, "pf_lon": -80.1217, "pf_character": "CSO", "perm_feature_type_code": "EXO", "pf_state_waterbody_name": "Paw Paw Creek", "pf_state_auto_name": "", "pf_reach_id": "", "in_icis": "YES", "echo_dfr_link": "https://echo.epa.gov/detailed-facility-report?fid=110010860167", "name": "GREATER PAW PAW SANITARY DISTRICT", "feature_kind": "CSO outfall"}}, {"type": "Feature", "id": 6685, "geometry": {"type": "Point", "coordinates": [-80.119999978826, 39.5291998412412]}, "properties": {"OBJECTID": 6685, "npdes_pfid": "WV0084310C009", "npdes_id": "WV0084310", "permitting_state": "WV", "agency_type_code": "ST6", "facility_uin": "110010860167", "facility_name": "GREATER PAW PAW SANITARY DISTRICT", "location_address": "25 JACKSON STREET", "supplemental_address_text": "", "facility_city": "RIVESVILLE", "county_code": "WV049", "state_code": "WV", "epa_region_code": "03", "facility_type_code": "MWD", "facility_lat": 39.5931, "facility_lon": -80.2453, "permit_name": "GREATER PAW PAW SANITARY DISTRICT", "version_nmbr": 0, "permit_type_code": "NPD", "effective_date": 1714521600000, "expiration_date": 1868572800000, "permit_status_code": "EFF", "facility_type_indicator": "POTW", "major_minor_status_flag": "N", "permit_tracking": "Y", "pt_start_date": 1714521600000, "dmr_tracking": "Y", "dmr_nr_start_date": 1714521600000, "permit_design_flow": 0.684, "permit_avg_flow": null, "perm_feature_nmbr": "C009", "perm_feature_text": "", "pf_lat": 39.5292, "pf_lon": -80.12, "pf_character": "CSO", "perm_feature_type_code": "EXO", "pf_state_waterbody_name": "Paw Paw Creek", "pf_state_auto_name": "", "pf_reach_id": "", "in_icis": "YES", "echo_dfr_link": "https://echo.epa.gov/detailed-facility-report?fid=110010860167", "name": "GREATER PAW PAW SANITARY DISTRICT", "feature_kind": "CSO outfall"}}, {"type": "Feature", "id": 6686, "geometry": {"type": "Point", "coordinates": [-80.1766998429291, 39.5543998296802]}, "properties": {"OBJECTID": 6686, "npdes_pfid": "WV0084310C011", "npdes_id": "WV0084310", "permitting_state": "WV", "agency_type_code": "ST6", "facility_uin": "110010860167", "facility_name": "GREATER PAW PAW SANITARY DISTRICT", "location_address": "25 JACKSON STREET", "supplemental_address_text": "", "facility_city": "RIVESVILLE", "county_code": "WV049", "state_code": "WV", "epa_region_code": "03", "facility_type_code": "MWD", "facility_lat": 39.5931, "facility_lon": -80.2453, "permit_name": "GREATER PAW PAW SANITARY DISTRICT", "version_nmbr": 0, "permit_type_code": "NPD", "effective_date": 1714521600000, "expiration_date": 1868572800000, "permit_status_code": "EFF", "facility_type_indicator": "POTW", "major_minor_status_flag": "N", "permit_tracking": "Y", "pt_start_date": 1714521600000, "dmr_tracking": "Y", "dmr_nr_start_date": 1714521600000, "permit_design_flow": 0.684, "permit_avg_flow": null, "perm_feature_nmbr": "C011", "perm_feature_text": "", "pf_lat": 39.5544, "pf_lon": -80.1767, "pf_character": "CSO", "perm_feature_type_code": "EXO", "pf_state_waterbody_name": "Paw Paw Creek", "pf_state_auto_name": "", "pf_reach_id": "", "in_icis": "YES", "echo_dfr_link": "https://echo.epa.gov/detailed-facility-report?fid=110010860167", "name": "GREATER PAW PAW SANITARY DISTRICT", "feature_kind": "CSO outfall"}}, {"type": "Feature", "id": 6687, "geometry": {"type": "Point", "coordinates": [-80.244999652296, 39.5907998868029]}, "properties": {"OBJECTID": 6687, "npdes_pfid": "WV0084310C012", "npdes_id": "WV0084310", "permitting_state": "WV", "agency_type_code": "ST6", "facility_uin": "110010860167", "facility_name": "GREATER PAW PAW SANITARY DISTRICT", "location_address": "25 JACKSON STREET", "supplemental_address_text": "", "facility_city": "RIVESVILLE", "county_code": "WV049", "state_code": "WV", "epa_region_code": "03", "facility_type_code": "MWD", "facility_lat": 39.5931, "facility_lon": -80.2453, "permit_name": "GREATER PAW PAW SANITARY DISTRICT", "version_nmbr": 0, "permit_type_code": "NPD", "effective_date": 1714521600000, "expiration_date": 1868572800000, "permit_status_code": "EFF", "facility_type_indicator": "POTW", "major_minor_status_flag": "N", "permit_tracking": "Y", "pt_start_date": 1714521600000, "dmr_tracking": "Y", "dmr_nr_start_date": 1714521600000, "permit_design_flow": 0.684, "permit_avg_flow": null, "perm_feature_nmbr": "C012", "perm_feature_text": "", "pf_lat": 39.5908, "pf_lon": -80.245, "pf_character": "CSO", "perm_feature_type_code": "EXO", "pf_state_waterbody_name": "Paw Paw Creek", "pf_state_auto_name": "", "pf_reach_id": "", "in_icis": "YES", "echo_dfr_link": "https://echo.epa.gov/detailed-facility-report?fid=110010860167", "name": "GREATER PAW PAW SANITARY DISTRICT", "feature_kind": "CSO outfall"}}, {"type": "Feature", "id": 6688, "geometry": {"type": "Point", "coordinates": [-80.3168999093216, 39.2655998829262]}, "properties": {"OBJECTID": 6688, "npdes_pfid": "WV0100901C001", "npdes_id": "WV0100901", "permitting_state": "WV", "agency_type_code": "ST6", "facility_uin": "110010852835", "facility_name": "TOWN OF NUTTER FORT", "location_address": "1415 BUCKHANNON PIKE", "supplemental_address_text": "", "facility_city": "NUTTER FORT", "county_code": "WV033", "state_code": "WV", "epa_region_code": "03", "facility_type_code": "MWD", "facility_lat": 39.3067, "facility_lon": -80.3517, "permit_name": "NUTTER FORT, TOWN OF", "version_nmbr": 0, "permit_type_code": "NPD", "effective_date": 1725148800000, "expiration_date": 1878249600000, "permit_status_code": "EFF", "facility_type_indicator": "POTW", "major_minor_status_flag": "N", "permit_tracking": "Y", "pt_start_date": 1725148800000, "dmr_tracking": "Y", "dmr_nr_start_date": 1725148800000, "permit_design_flow": 0.25, "permit_avg_flow": 0, "perm_feature_nmbr": "C001", "perm_feature_text": "", "pf_lat": 39.2656, "pf_lon": -80.3169, "pf_character": "CSO", "perm_feature_type_code": "EXO", "pf_state_waterbody_name": "Elk Creek", "pf_state_auto_name": "Elk Creek", "pf_reach_id": "5020002000238", "in_icis": "YES", "echo_dfr_link": "https://echo.epa.gov/detailed-facility-report?fid=110010852835", "name": "TOWN OF NUTTER FORT", "feature_kind": "CSO outfall"}}, {"type": "Feature", "id": 6689, "geometry": {"type": "Point", "coordinates": [-80.3166995850132, 39.2655998829262]}, "properties": {"OBJECTID": 6689, "npdes_pfid": "WV0100901C002", "npdes_id": "WV0100901", "permitting_state": "WV", "agency_type_code": "ST6", "facility_uin": "110010852835", "facility_name": "TOWN OF NUTTER FORT", "location_address": "1415 BUCKHANNON PIKE", "supplemental_address_text": "", "facility_city": "NUTTER FORT", "county_code": "WV033", "state_code": "WV", "epa_region_code": "03", "facility_type_code": "MWD", "facility_lat": 39.3067, "facility_lon": -80.3517, "permit_name": "NUTTER FORT, TOWN OF", "version_nmbr": 0, "permit_type_code": "NPD", "effective_date": 1725148800000, "expiration_date": 1878249600000, "permit_status_code": "EFF", "facility_type_indicator": "POTW", "major_minor_status_flag": "N", "permit_tracking": "Y", "pt_start_date": 1725148800000, "dmr_tracking": "Y", "dmr_nr_start_date": 1725148800000, "permit_design_flow": 0.25, "permit_avg_flow": 0, "perm_feature_nmbr": "C002", "perm_feature_text": "", "pf_lat": 39.2656, "pf_lon": -80.3167, "pf_character": "CSO", "perm_feature_type_code": "EXO", "pf_state_waterbody_name": "Elk Creek", "pf_state_auto_name": "Elk Creek", "pf_reach_id": "5020002000238", "in_icis": "YES", "echo_dfr_link": "https://echo.epa.gov/detailed-facility-report?fid=110010852835", "name": "TOWN OF NUTTER FORT", "feature_kind": "CSO outfall"}}, {"type": "Feature", "id": 6690, "geometry": {"type": "Point", "coordinates": [-80.3178000212363, 39.2563999804358]}, "properties": {"OBJECTID": 6690, "npdes_pfid": "WV0100901C003", "npdes_id": "WV0100901", "permitting_state": "WV", "agency_type_code": "ST6", "facility_uin": "110010852835", "facility_name": "TOWN OF NUTTER FORT", "location_address": "1415 BUCKHANNON PIKE", "supplemental_address_text": "", "facility_city": "NUTTER FORT", "county_code": "WV033", "state_code": "WV", "epa_region_code": "03", "facility_type_code": "MWD", "facility_lat": 39.3067, "facility_lon": -80.3517, "permit_name": "NUTTER FORT, TOWN OF", "version_nmbr": 0, "permit_type_code": "NPD", "effective_date": 1725148800000, "expiration_date": 1878249600000, "permit_status_code": "EFF", "facility_type_indicator": "POTW", "major_minor_status_flag": "N", "permit_tracking": "Y", "pt_start_date": 1725148800000, "dmr_tracking": "Y", "dmr_nr_start_date": 1725148800000, "permit_design_flow": 0.25, "permit_avg_flow": 0, "perm_feature_nmbr": "C003", "perm_feature_text": "", "pf_lat": 39.2564, "pf_lon": -80.3178, "pf_character": "CSO", "perm_feature_type_code": "EXO", "pf_state_waterbody_name": "Elk Creek", "pf_state_auto_name": "Elk Creek", "pf_reach_id": "5020002000238", "in_icis": "YES", "echo_dfr_link": "https://echo.epa.gov/detailed-facility-report?fid=110010852835", "name": "TOWN OF NUTTER FORT", "feature_kind": "CSO outfall"}}, {"type": "Feature", "id": 6691, "geometry": {"type": "Point", "coordinates": [-79.0536000235796, 39.4785997675286]}, "properties": {"OBJECTID": 6691, "npdes_pfid": "WV0105279C001", "npdes_id": "WV0105279", "permitting_state": "WV", "agency_type_code": "ST6", "facility_uin": "110010853442", "facility_name": "PIEDMONT CITY OF", "location_address": "52 SECOND STREET", "supplemental_address_text": "", "facility_city": "PIEDMONT", "county_code": "WV057", "state_code": "WV", "epa_region_code": "03", "facility_type_code": "MWD", "facility_lat": 39.4783, "facility_lon": -79.0422, "permit_name": "PIEDMONT, CITY OF", "version_nmbr": 0, "permit_type_code": "NPD", "effective_date": 1654041600000, "expiration_date": 1807401600000, "permit_status_code": "EFF", "facility_type_indicator": "POTW", "major_minor_status_flag": "N", "permit_tracking": "Y", "pt_start_date": 1654041600000, "dmr_tracking": "Y", "dmr_nr_start_date": 1654041600000, "permit_design_flow": 0.11, "permit_avg_flow": null, "perm_feature_nmbr": "C001", "perm_feature_text": "", "pf_lat": 39.4786, "pf_lon": -79.0536, "pf_character": "CSO", "perm_feature_type_code": "EXO", "pf_state_waterbody_name": "North Branch of Potomac River", "pf_state_auto_name": "North Branch Potomac River", "pf_reach_id": "2070002000173", "in_icis": "YES", "echo_dfr_link": "https://echo.epa.gov/detailed-facility-report?fid=110010853442", "name": "PIEDMONT CITY OF", "feature_kind": "CSO outfall"}}, {"type": "Feature", "id": 6692, "geometry": {"type": "Point", "coordinates": [-79.0452995903543, 39.4811000347466]}, "properties": {"OBJECTID": 6692, "npdes_pfid": "WV0105279C002", "npdes_id": "WV0105279", "permitting_state": "WV", "agency_type_code": "ST6", "facility_uin": "110010853442", "facility_name": "PIEDMONT CITY OF", "location_address": "52 SECOND STREET", "supplemental_address_text": "", "facility_city": "PIEDMONT", "county_code": "WV057", "state_code": "WV", "epa_region_code": "03", "facility_type_code": "MWD", "facility_lat": 39.4783, "facility_lon": -79.0422, "permit_name": "PIEDMONT, CITY OF", "version_nmbr": 0, "permit_type_code": "NPD", "effective_date": 1654041600000, "expiration_date": 1807401600000, "permit_status_code": "EFF", "facility_type_indicator": "POTW", "major_minor_status_flag": "N", "permit_tracking": "Y", "pt_start_date": 1654041600000, "dmr_tracking": "Y", "dmr_nr_start_date": 1654041600000, "permit_design_flow": 0.11, "permit_avg_flow": null, "perm_feature_nmbr": "C002", "perm_feature_text": "", "pf_lat": 39.4811, "pf_lon": -79.0453, "pf_character": "CSO", "perm_feature_type_code": "EXO", "pf_state_waterbody_name": "North Branch of Potomac River", "pf_state_auto_name": "North Branch Potomac River", "pf_reach_id": "2070002000154", "in_icis": "YES", "echo_dfr_link": "https://echo.epa.gov/detailed-facility-report?fid=110010853442", "name": "PIEDMONT CITY OF", "feature_kind": "CSO outfall"}}, {"type": "Feature", "id": 6693, "geometry": {"type": "Point", "coordinates": [-79.0452995903543, 39.4799996786332]}, "properties": {"OBJECTID": 6693, "npdes_pfid": "WV0105279C003", "npdes_id": "WV0105279", "permitting_state": "WV", "agency_type_code": "ST6", "facility_uin": "110010853442", "facility_name": "PIEDMONT CITY OF", "location_address": "52 SECOND STREET", "supplemental_address_text": "", "facility_city": "PIEDMONT", "county_code": "WV057", "state_code": "WV", "epa_region_code": "03", "facility_type_code": "MWD", "facility_lat": 39.4783, "facility_lon": -79.0422, "permit_name": "PIEDMONT, CITY OF", "version_nmbr": 0, "permit_type_code": "NPD", "effective_date": 1654041600000, "expiration_date": 1807401600000, "permit_status_code": "EFF", "facility_type_indicator": "POTW", "major_minor_status_flag": "N", "permit_tracking": "Y", "pt_start_date": 1654041600000, "dmr_tracking": "Y", "dmr_nr_start_date": 1654041600000, "permit_design_flow": 0.11, "permit_avg_flow": null, "perm_feature_nmbr": "C003", "perm_feature_text": "", "pf_lat": 39.48, "pf_lon": -79.0453, "pf_character": "CSO", "perm_feature_type_code": "EXO", "pf_state_waterbody_name": "North Branch of Potomac River", "pf_state_auto_name": "North Branch Potomac River", "pf_reach_id": "2070002000154", "in_icis": "YES", "echo_dfr_link": "https://echo.epa.gov/detailed-facility-report?fid=110010853442", "name": "PIEDMONT CITY OF", "feature_kind": "CSO outfall"}}, {"type": "Feature", "id": 6694, "geometry": {"type": "Point", "coordinates": [-79.0444003767549, 39.4797001457884]}, "properties": {"OBJECTID": 6694, "npdes_pfid": "WV0105279C004", "npdes_id": "WV0105279", "permitting_state": "WV", "agency_type_code": "ST6", "facility_uin": "110010853442", "facility_name": "PIEDMONT CITY OF", "location_address": "52 SECOND STREET", "supplemental_address_text": "", "facility_city": "PIEDMONT", "county_code": "WV057", "state_code": "WV", "epa_region_code": "03", "facility_type_code": "MWD", "facility_lat": 39.4783, "facility_lon": -79.0422, "permit_name": "PIEDMONT, CITY OF", "version_nmbr": 0, "permit_type_code": "NPD", "effective_date": 1654041600000, "expiration_date": 1807401600000, "permit_status_code": "EFF", "facility_type_indicator": "POTW", "major_minor_status_flag": "N", "permit_tracking": "Y", "pt_start_date": 1654041600000, "dmr_tracking": "Y", "dmr_nr_start_date": 1654041600000, "permit_design_flow": 0.11, "permit_avg_flow": null, "perm_feature_nmbr": "C004", "perm_feature_text": "", "pf_lat": 39.4797, "pf_lon": -79.0444, "pf_character": "CSO", "perm_feature_type_code": "EXO", "pf_state_waterbody_name": "North Branch of Potomac River", "pf_state_auto_name": "North Branch Potomac River", "pf_reach_id": "2070002000154", "in_icis": "YES", "echo_dfr_link": "https://echo.epa.gov/detailed-facility-report?fid=110010853442", "name": "PIEDMONT CITY OF", "feature_kind": "CSO outfall"}}, {"type": "Feature", "id": 6695, "geometry": {"type": "Point", "coordinates": [-79.0444003767549, 39.4793999182862]}, "properties": {"OBJECTID": 6695, "npdes_pfid": "WV0105279C005", "npdes_id": "WV0105279", "permitting_state": "WV", "agency_type_code": "ST6", "facility_uin": "110010853442", "facility_name": "PIEDMONT CITY OF", "location_address": "52 SECOND STREET", "supplemental_address_text": "", "facility_city": "PIEDMONT", "county_code": "WV057", "state_code": "WV", "epa_region_code": "03", "facility_type_code": "MWD", "facility_lat": 39.4783, "facility_lon": -79.0422, "permit_name": "PIEDMONT, CITY OF", "version_nmbr": 0, "permit_type_code": "NPD", "effective_date": 1654041600000, "expiration_date": 1807401600000, "permit_status_code": "EFF", "facility_type_indicator": "POTW", "major_minor_status_flag": "N", "permit_tracking": "Y", "pt_start_date": 1654041600000, "dmr_tracking": "Y", "dmr_nr_start_date": 1654041600000, "permit_design_flow": 0.11, "permit_avg_flow": null, "perm_feature_nmbr": "C005", "perm_feature_text": "", "pf_lat": 39.4794, "pf_lon": -79.0444, "pf_character": "CSO", "perm_feature_type_code": "EXO", "pf_state_waterbody_name": "North Branch of Potomac River", "pf_state_auto_name": "North Branch Potomac River", "pf_reach_id": "2070002000154", "in_icis": "YES", "echo_dfr_link": "https://echo.epa.gov/detailed-facility-report?fid=110010853442", "name": "PIEDMONT CITY OF", "feature_kind": "CSO outfall"}}, {"type": "Feature", "id": 6696, "geometry": {"type": "Point", "coordinates": [-79.0410999664011, 39.478099841976]}, "properties": {"OBJECTID": 6696, "npdes_pfid": "WV0105279C006", "npdes_id": "WV0105279", "permitting_state": "WV", "agency_type_code": "ST6", "facility_uin": "110010853442", "facility_name": "PIEDMONT CITY OF", "location_address": "52 SECOND STREET", "supplemental_address_text": "", "facility_city": "PIEDMONT", "county_code": "WV057", "state_code": "WV", "epa_region_code": "03", "facility_type_code": "MWD", "facility_lat": 39.4783, "facility_lon": -79.0422, "permit_name": "PIEDMONT, CITY OF", "version_nmbr": 0, "permit_type_code": "NPD", "effective_date": 1654041600000, "expiration_date": 1807401600000, "permit_status_code": "EFF", "facility_type_indicator": "POTW", "major_minor_status_flag": "N", "permit_tracking": "Y", "pt_start_date": 1654041600000, "dmr_tracking": "Y", "dmr_nr_start_date": 1654041600000, "permit_design_flow": 0.11, "permit_avg_flow": null, "perm_feature_nmbr": "C006", "perm_feature_text": "", "pf_lat": 39.4781, "pf_lon": -79.0411, "pf_character": "CSO", "perm_feature_type_code": "EXO", "pf_state_waterbody_name": "North Branch of Potomac River", "pf_state_auto_name": "North Branch Potomac River", "pf_reach_id": "2070002000154", "in_icis": "YES", "echo_dfr_link": "https://echo.epa.gov/detailed-facility-report?fid=110010853442", "name": "PIEDMONT CITY OF", "feature_kind": "CSO outfall"}}, {"type": "Feature", "id": 6697, "geometry": {"type": "Point", "coordinates": [-79.0388999922703, 39.4756001603183]}, "properties": {"OBJECTID": 6697, "npdes_pfid": "WV0105279C007", "npdes_id": "WV0105279", "permitting_state": "WV", "agency_type_code": "ST6", "facility_uin": "110010853442", "facility_name": "PIEDMONT CITY OF", "location_address": "52 SECOND STREET", "supplemental_address_text": "", "facility_city": "PIEDMONT", "county_code": "WV057", "state_code": "WV", "epa_region_code": "03", "facility_type_code": "MWD", "facility_lat": 39.4783, "facility_lon": -79.0422, "permit_name": "PIEDMONT, CITY OF", "version_nmbr": 0, "permit_type_code": "NPD", "effective_date": 1654041600000, "expiration_date": 1807401600000, "permit_status_code": "EFF", "facility_type_indicator": "POTW", "major_minor_status_flag": "N", "permit_tracking": "Y", "pt_start_date": 1654041600000, "dmr_tracking": "Y", "dmr_nr_start_date": 1654041600000, "permit_design_flow": 0.11, "permit_avg_flow": null, "perm_feature_nmbr": "C007", "perm_feature_text": "", "pf_lat": 39.4756, "pf_lon": -79.0389, "pf_character": "CSO", "perm_feature_type_code": "EXO", "pf_state_waterbody_name": "North Branch of Potomac River", "pf_state_auto_name": "North Branch Potomac River", "pf_reach_id": "2070002000154", "in_icis": "YES", "echo_dfr_link": "https://echo.epa.gov/detailed-facility-report?fid=110010853442", "name": "PIEDMONT CITY OF", "feature_kind": "CSO outfall"}}]}