{"type": "FeatureCollection", "features": [{"type": "Feature", "id": 1, "geometry": {"type": "Point", "coordinates": [-87.6011112744799, 37.8347219061704]}, "properties": {"OBJECTID": 1, "npdes_pfid": "KY0020711005", "npdes_id": "KY0020711", "permitting_state": "KY", "agency_type_code": "ST6", "facility_uin": "110000732235", "facility_name": "HENDERSON STP", "location_address": "205 DRURY LN", "supplemental_address_text": "", "facility_city": "HENDERSON", "county_code": "KY101", "state_code": "KY", "epa_region_code": "04", "facility_type_code": "MWD", "facility_lat": 37.816111, "facility_lon": -87.621389, "permit_name": "Henderson STP", "version_nmbr": 0, "permit_type_code": "NPD", "effective_date": 1262304000000, "expiration_date": 1419984000000, "permit_status_code": "ADC", "facility_type_indicator": "POTW", "major_minor_status_flag": "M", "permit_tracking": "Y", "pt_start_date": 1262304000000, "dmr_tracking": "Y", "dmr_nr_start_date": 1262304000000, "permit_design_flow": 15, "permit_avg_flow": 6.832, "perm_feature_nmbr": "005", "perm_feature_text": "", "pf_lat": 37.834722, "pf_lon": -87.601111, "pf_character": "CSO|DSW", "perm_feature_type_code": "EXO", "pf_state_waterbody_name": "OHIO RIVER", "pf_state_auto_name": "Ohio River", "pf_reach_id": "5140202000046", "in_icis": "YES", "echo_dfr_link": "https://echo.epa.gov/detailed-facility-report?fid=110000732235", "name": "HENDERSON STP", "feature_kind": "CSO outfall"}}, {"type": "Feature", "id": 2, "geometry": {"type": "Point", "coordinates": [-87.5986112630442, 37.8372220520617]}, "properties": {"OBJECTID": 2, "npdes_pfid": "KY0020711006", "npdes_id": "KY0020711", "permitting_state": "KY", "agency_type_code": "ST6", "facility_uin": "110000732235", "facility_name": "HENDERSON STP", "location_address": "205 DRURY LN", "supplemental_address_text": "", "facility_city": "HENDERSON", "county_code": "KY101", "state_code": "KY", "epa_region_code": "04", "facility_type_code": "MWD", "facility_lat": 37.816111, "facility_lon": -87.621389, "permit_name": "Henderson STP", "version_nmbr": 0, "permit_type_code": "NPD", "effective_date": 1262304000000, "expiration_date": 1419984000000, "permit_status_code": "ADC", "facility_type_indicator": "POTW", "major_minor_status_flag": "M", "permit_tracking": "Y", "pt_start_date": 1262304000000, "dmr_tracking": "Y", "dmr_nr_start_date": 1262304000000, "permit_design_flow": 15, "permit_avg_flow": 6.832, "perm_feature_nmbr": "006", "perm_feature_text": "", "pf_lat": 37.837222, "pf_lon": -87.598611, "pf_character": "CSO|DSW", "perm_feature_type_code": "EXO", "pf_state_waterbody_name": "OHIO RIVER", "pf_state_auto_name": "Ohio River", "pf_reach_id": "5140202000046", "in_icis": "YES", "echo_dfr_link": "https://echo.epa.gov/detailed-facility-report?fid=110000732235", "name": "HENDERSON STP", "feature_kind": "CSO outfall"}}, {"type": "Feature", "id": 3, "geometry": {"type": "Point", "coordinates": [-87.5972215692997, 37.8383330431616]}, "properties": {"OBJECTID": 3, "npdes_pfid": "KY0020711007", "npdes_id": "KY0020711", "permitting_state": "KY", "agency_type_code": "ST6", "facility_uin": "110000732235", "facility_name": "HENDERSON STP", "location_address": "205 DRURY LN", "supplemental_address_text": "", "facility_city": "HENDERSON", "county_code": "KY101", "state_code": "KY", "epa_region_code": "04", "facility_type_code": "MWD", "facility_lat": 37.816111, "facility_lon": -87.621389, "permit_name": "Henderson STP", "version_nmbr": 0, "permit_type_code": "NPD", "effective_date": 1262304000000, "expiration_date": 1419984000000, "permit_status_code": "ADC", "facility_type_indicator": "POTW", "major_minor_status_flag": "M", "permit_tracking": "Y", "pt_start_date": 1262304000000, "dmr_tracking": "Y", "dmr_nr_start_date": 1262304000000, "permit_design_flow": 15, "permit_avg_flow": 6.832, "perm_feature_nmbr": "007", "perm_feature_text": "", "pf_lat": 37.838333, "pf_lon": -87.597222, "pf_character": "CSO|DSW", "perm_feature_type_code": "EXO", "pf_state_waterbody_name": "OHIO RIVER", "pf_state_auto_name": "Ohio River", "pf_reach_id": "5140202000046", "in_icis": "YES", "echo_dfr_link": "https://echo.epa.gov/detailed-facility-report?fid=110000732235", "name": "HENDERSON STP", "feature_kind": "CSO outfall"}}, {"type": "Feature", "id": 4, "geometry": {"type": "Point", "coordinates": [-87.5961112516085, 37.8394440175286]}, "properties": {"OBJECTID": 4, "npdes_pfid": "KY0020711008", "npdes_id": "KY0020711", "permitting_state": "KY", "agency_type_code": "ST6", "facility_uin": "110000732235", "facility_name": "HENDERSON STP", "location_address": "205 DRURY LN", "supplemental_address_text": "", "facility_city": "HENDERSON", "county_code": "KY101", "state_code": "KY", "epa_region_code": "04", "facility_type_code": "MWD", "facility_lat": 37.816111, "facility_lon": -87.621389, "permit_name": "Henderson STP", "version_nmbr": 0, "permit_type_code": "NPD", "effective_date": 1262304000000, "expiration_date": 1419984000000, "permit_status_code": "ADC", "facility_type_indicator": "POTW", "major_minor_status_flag": "M", "permit_tracking": "Y", "pt_start_date": 1262304000000, "dmr_tracking": "Y", "dmr_nr_start_date": 1262304000000, "permit_design_flow": 15, "permit_avg_flow": 6.832, "perm_feature_nmbr": "008", "perm_feature_text": "", "pf_lat": 37.839444, "pf_lon": -87.596111, "pf_character": "CSO|DSW", "perm_feature_type_code": "EXO", "pf_state_waterbody_name": "OHIO RIVER", "pf_state_auto_name": "Ohio River", "pf_reach_id": "5140202000046", "in_icis": "YES", "echo_dfr_link": "https://echo.epa.gov/detailed-facility-report?fid=110000732235", "name": "HENDERSON STP", "feature_kind": "CSO outfall"}}, {"type": "Feature", "id": 5, "geometry": {"type": "Point", "coordinates": [-87.5952776150248, 37.8405556845807]}, "properties": {"OBJECTID": 5, "npdes_pfid": "KY0020711009", "npdes_id": "KY0020711", "permitting_state": "KY", "agency_type_code": "ST6", "facility_uin": "110000732235", "facility_name": "HENDERSON STP", "location_address": "205 DRURY LN", "supplemental_address_text": "", "facility_city": "HENDERSON", "county_code": "KY101", "state_code": "KY", "epa_region_code": "04", "facility_type_code": "MWD", "facility_lat": 37.816111, "facility_lon": -87.621389, "permit_name": "Henderson STP", "version_nmbr": 0, "permit_type_code": "NPD", "effective_date": 1262304000000, "expiration_date": 1419984000000, "permit_status_code": "ADC", "facility_type_indicator": "POTW", "major_minor_status_flag": "M", "permit_tracking": "Y", "pt_start_date": 1262304000000, "dmr_tracking": "Y", "dmr_nr_start_date": 1262304000000, "permit_design_flow": 15, "permit_avg_flow": 6.832, "perm_feature_nmbr": "009", "perm_feature_text": "", "pf_lat": 37.840556, "pf_lon": -87.595278, "pf_character": "CSO|DSW", "perm_feature_type_code": "EXO", "pf_state_waterbody_name": "OHIO RIVER", "pf_state_auto_name": "Ohio River", "pf_reach_id": "5140202000046", "in_icis": "YES", "echo_dfr_link": "https://echo.epa.gov/detailed-facility-report?fid=110000732235", "name": "HENDERSON STP", "feature_kind": "CSO outfall"}}, {"type": "Feature", "id": 6, "geometry": {"type": "Point", "coordinates": [-87.5941672973337, 37.8416673348781]}, "properties": {"OBJECTID": 6, "npdes_pfid": "KY0020711010", "npdes_id": "KY0020711", "permitting_state": "KY", "agency_type_code": "ST6", "facility_uin": "110000732235", "facility_name": "HENDERSON STP", "location_address": "205 DRURY LN", "supplemental_address_text": "", "facility_city": "HENDERSON", "county_code": "KY101", "state_code": "KY", "epa_region_code": "04", "facility_type_code": "MWD", "facility_lat": 37.816111, "facility_lon": -87.621389, "permit_name": "Henderson STP", "version_nmbr": 0, "permit_type_code": "NPD", "effective_date": 1262304000000, "expiration_date": 1419984000000, "permit_status_code": "ADC", "facility_type_indicator": "POTW", "major_minor_status_flag": "M", "permit_tracking": "Y", "pt_start_date": 1262304000000, "dmr_tracking": "Y", "dmr_nr_start_date": 1262304000000, "permit_design_flow": 15, "permit_avg_flow": 6.832, "perm_feature_nmbr": "010", "perm_feature_text": "", "pf_lat": 37.841667, "pf_lon": -87.594167, "pf_character": "CSO|DSW", "perm_feature_type_code": "EXO", "pf_state_waterbody_name": "OHIO RIVER", "pf_state_auto_name": "Ohio River", "pf_reach_id": "5140202000046", "in_icis": "YES", "echo_dfr_link": "https://echo.epa.gov/detailed-facility-report?fid=110000732235", "name": "HENDERSON STP", "feature_kind": "CSO outfall"}}, {"type": "Feature", "id": 7, "geometry": {"type": "Point", "coordinates": [-87.5927776035891, 37.8441672453657]}, "properties": {"OBJECTID": 7, "npdes_pfid": "KY0020711011", "npdes_id": "KY0020711", "permitting_state": "KY", "agency_type_code": "ST6", "facility_uin": "110000732235", "facility_name": "HENDERSON STP", "location_address": "205 DRURY LN", "supplemental_address_text": "", "facility_city": "HENDERSON", "county_code": "KY101", "state_code": "KY", "epa_region_code": "04", "facility_type_code": "MWD", "facility_lat": 37.816111, "facility_lon": -87.621389, "permit_name": "Henderson STP", "version_nmbr": 0, "permit_type_code": "NPD", "effective_date": 1262304000000, "expiration_date": 1419984000000, "permit_status_code": "ADC", "facility_type_indicator": "POTW", "major_minor_status_flag": "M", "permit_tracking": "Y", "pt_start_date": 1262304000000, "dmr_tracking": "Y", "dmr_nr_start_date": 1262304000000, "permit_design_flow": 15, "permit_avg_flow": 6.832, "perm_feature_nmbr": "011", "perm_feature_text": "", "pf_lat": 37.844167, "pf_lon": -87.592778, "pf_character": "CSO|DSW", "perm_feature_type_code": "EXO", "pf_state_waterbody_name": "OHIO RIVER", "pf_state_auto_name": "Ohio River", "pf_reach_id": "5140202000046", "in_icis": "YES", "echo_dfr_link": "https://echo.epa.gov/detailed-facility-report?fid=110000732235", "name": "HENDERSON STP", "feature_kind": "CSO outfall"}}, {"type": "Feature", "id": 8, "geometry": {"type": "Point", "coordinates": [-87.5897224333078, 37.8497222197995]}, "properties": {"OBJECTID": 8, "npdes_pfid": "KY0020711012", "npdes_id": "KY0020711", "permitting_state": "KY", "agency_type_code": "ST6", "facility_uin": "110000732235", "facility_name": "HENDERSON STP", "location_address": "205 DRURY LN", "supplemental_address_text": "", "facility_city": "HENDERSON", "county_code": "KY101", "state_code": "KY", "epa_region_code": "04", "facility_type_code": "MWD", "facility_lat": 37.816111, "facility_lon": -87.621389, "permit_name": "Henderson STP", "version_nmbr": 0, "permit_type_code": "NPD", "effective_date": 1262304000000, "expiration_date": 1419984000000, "permit_status_code": "ADC", "facility_type_indicator": "POTW", "major_minor_status_flag": "M", "permit_tracking": "Y", "pt_start_date": 1262304000000, "dmr_tracking": "Y", "dmr_nr_start_date": 1262304000000, "permit_design_flow": 15, "permit_avg_flow": 6.832, "perm_feature_nmbr": "012", "perm_feature_text": "", "pf_lat": 37.849722, "pf_lon": -87.589722, "pf_character": "CSO|DSW", "perm_feature_type_code": "EXO", "pf_state_waterbody_name": "OHIO RIVER", "pf_state_auto_name": "Ohio River", "pf_reach_id": "5140202000046", "in_icis": "YES", "echo_dfr_link": "https://echo.epa.gov/detailed-facility-report?fid=110000732235", "name": "HENDERSON STP", "feature_kind": "CSO outfall"}}, {"type": "Feature", "id": 9, "geometry": {"type": "Point", "coordinates": [-87.5738887281099, 37.8338889783655]}, "properties": {"OBJECTID": 9, "npdes_pfid": "KY0020711013", "npdes_id": "KY0020711", "permitting_state": "KY", "agency_type_code": "ST6", "facility_uin": "110000732235", "facility_name": "HENDERSON STP", "location_address": "205 DRURY LN", "supplemental_address_text": "", "facility_city": "HENDERSON", "county_code": "KY101", "state_code": "KY", "epa_region_code": "04", "facility_type_code": "MWD", "facility_lat": 37.816111, "facility_lon": -87.621389, "permit_name": "Henderson STP", "version_nmbr": 0, "permit_type_code": "NPD", "effective_date": 1262304000000, "expiration_date": 1419984000000, "permit_status_code": "ADC", "facility_type_indicator": "POTW", "major_minor_status_flag": "M", "permit_tracking": "Y", "pt_start_date": 1262304000000, "dmr_tracking": "Y", "dmr_nr_start_date": 1262304000000, "permit_design_flow": 15, "permit_avg_flow": 6.832, "perm_feature_nmbr": "013", "perm_feature_text": "", "pf_lat": 37.833889, "pf_lon": -87.573889, "pf_character": "CSO|DSW", "perm_feature_type_code": "EXO", "pf_state_waterbody_name": "OHIO RIVER", "pf_state_auto_name": "North Fork Canoe Creek", "pf_reach_id": "5140202000265", "in_icis": "YES", "echo_dfr_link": "https://echo.epa.gov/detailed-facility-report?fid=110000732235", "name": "HENDERSON STP", "feature_kind": "CSO outfall"}}, {"type": "Feature", "id": 10, "geometry": {"type": "Point", "coordinates": [-87.6230562185557, 37.8183333530047]}, "properties": {"OBJECTID": 10, "npdes_pfid": "KY0020711014", "npdes_id": "KY0020711", "permitting_state": "KY", "agency_type_code": "ST6", "facility_uin": "110000732235", "facility_name": "HENDERSON STP", "location_address": "205 DRURY LN", "supplemental_address_text": "", "facility_city": "HENDERSON", "county_code": "KY101", "state_code": "KY", "epa_region_code": "04", "facility_type_code": "MWD", "facility_lat": 37.816111, "facility_lon": -87.621389, "permit_name": "Henderson STP", "version_nmbr": 0, "permit_type_code": "NPD", "effective_date": 1262304000000, "expiration_date": 1419984000000, "permit_status_code": "ADC", "facility_type_indicator": "POTW", "major_minor_status_flag": "M", "permit_tracking": "Y", "pt_start_date": 1262304000000, "dmr_tracking": "Y", "dmr_nr_start_date": 1262304000000, "permit_design_flow": 15, "permit_avg_flow": 6.832, "perm_feature_nmbr": "014", "perm_feature_text": "", "pf_lat": 37.818333, "pf_lon": -87.623056, "pf_character": "CSO|DSW", "perm_feature_type_code": "EXO", "pf_state_waterbody_name": "OHIO RIVER", "pf_state_auto_name": "Ohio River", "pf_reach_id": "5140202000046", "in_icis": "YES", "echo_dfr_link": "https://echo.epa.gov/detailed-facility-report?fid=110000732235", "name": "HENDERSON STP", "feature_kind": "CSO outfall"}}, {"type": "Feature", "id": 11, "geometry": {"type": "Point", "coordinates": [-87.5722223532579, 37.8252781957703]}, "properties": {"OBJECTID": 11, "npdes_pfid": "KY0020711015", "npdes_id": "KY0020711", "permitting_state": "KY", "agency_type_code": "ST6", "facility_uin": "110000732235", "facility_name": "HENDERSON STP", "location_address": "205 DRURY LN", "supplemental_address_text": "", "facility_city": "HENDERSON", "county_code": "KY101", "state_code": "KY", "epa_region_code": "04", "facility_type_code": "MWD", "facility_lat": 37.816111, "facility_lon": -87.621389, "permit_name": "Henderson STP", "version_nmbr": 0, "permit_type_code": "NPD", "effective_date": 1262304000000, "expiration_date": 1419984000000, "permit_status_code": "ADC", "facility_type_indicator": "POTW", "major_minor_status_flag": "M", "permit_tracking": "Y", "pt_start_date": 1262304000000, "dmr_tracking": "Y", "dmr_nr_start_date": 1262304000000, "permit_design_flow": 15, "permit_avg_flow": 6.832, "perm_feature_nmbr": "015", "perm_feature_text": "", "pf_lat": 37.825278, "pf_lon": -87.572222, "pf_character": "CSO|DSW", "perm_feature_type_code": "EXO", "pf_state_waterbody_name": "OHIO RIVER", "pf_state_auto_name": "North Fork Canoe Creek", "pf_reach_id": "5140202000265", "in_icis": "YES", "echo_dfr_link": "https://echo.epa.gov/detailed-facility-report?fid=110000732235", "name": "HENDERSON STP", "feature_kind": "CSO outfall"}}, {"type": "Feature", "id": 12, "geometry": {"type": "Point", "coordinates": [-87.5758326823848, 37.8391673396532]}, "properties": {"OBJECTID": 12, "npdes_pfid": "KY0020711016", "npdes_id": "KY0020711", "permitting_state": "KY", "agency_type_code": "ST6", "facility_uin": "110000732235", "facility_name": "HENDERSON STP", "location_address": "205 DRURY LN", "supplemental_address_text": "", "facility_city": "HENDERSON", "county_code": "KY101", "state_code": "KY", "epa_region_code": "04", "facility_type_code": "MWD", "facility_lat": 37.816111, "facility_lon": -87.621389, "permit_name": "Henderson STP", "version_nmbr": 0, "permit_type_code": "NPD", "effective_date": 1262304000000, "expiration_date": 1419984000000, "permit_status_code": "ADC", "facility_type_indicator": "POTW", "major_minor_status_flag": "M", "permit_tracking": "Y", "pt_start_date": 1262304000000, "dmr_tracking": "Y", "dmr_nr_start_date": 1262304000000, "permit_design_flow": 15, "permit_avg_flow": 6.832, "perm_feature_nmbr": "016", "perm_feature_text": "", "pf_lat": 37.839167, "pf_lon": -87.575833, "pf_character": "CSO|DSW", "perm_feature_type_code": "EXO", "pf_state_waterbody_name": "OHIO RIVER", "pf_state_auto_name": "North Fork Canoe Creek", "pf_reach_id": "5140202000265", "in_icis": "YES", "echo_dfr_link": "https://echo.epa.gov/detailed-facility-report?fid=110000732235", "name": "HENDERSON STP", "feature_kind": "CSO outfall"}}, {"type": "Feature", "id": 13, "geometry": {"type": "Point", "coordinates": [-87.909249586608, 37.6945103204668]}, "properties": {"OBJECTID": 13, "npdes_pfid": "KY0021440002", "npdes_id": "KY0021440", "permitting_state": "KY", "agency_type_code": "ST6", "facility_uin": "110064612557", "facility_name": "MORGANFIELD WWTP", "location_address": "1364 MCCLURE CHAPEL RD", "supplemental_address_text": "", "facility_city": "MORGANFIELD", "county_code": "KY225", "state_code": "KY", "epa_region_code": "04", "facility_type_code": "CTG", "facility_lat": 37.671391, "facility_lon": -87.828888, "permit_name": "Morganfield WWTP", "version_nmbr": 0, "permit_type_code": "NPD", "effective_date": 1780272000000, "expiration_date": 1937952000000, "permit_status_code": "EFF", "facility_type_indicator": "POTW", "major_minor_status_flag": "M", "permit_tracking": "Y", "pt_start_date": 1780272000000, "dmr_tracking": "Y", "dmr_nr_start_date": 1780272000000, "permit_design_flow": 3.5, "permit_avg_flow": 1.52, "perm_feature_nmbr": "002", "perm_feature_text": "Untreated CSO from Old Sewer Plant CSO", "pf_lat": 37.69451, "pf_lon": -87.90925, "pf_character": "CSO|DSW", "perm_feature_type_code": "EXO", "pf_state_waterbody_name": "UT to Lost Creek", "pf_state_auto_name": "Lost Creek", "pf_reach_id": "5140202000005", "in_icis": "YES", "echo_dfr_link": "https://echo.epa.gov/detailed-facility-report?fid=110064612557", "name": "MORGANFIELD WWTP", "feature_kind": "CSO outfall"}}, {"type": "Feature", "id": 14, "geometry": {"type": "Point", "coordinates": [-87.9143403393231, 37.6884098052182]}, "properties": {"OBJECTID": 14, "npdes_pfid": "KY0021440004", "npdes_id": "KY0021440", "permitting_state": "KY", "agency_type_code": "ST6", "facility_uin": "110064612557", "facility_name": "MORGANFIELD WWTP", "location_address": "1364 MCCLURE CHAPEL RD", "supplemental_address_text": "", "facility_city": "MORGANFIELD", "county_code": "KY225", "state_code": "KY", "epa_region_code": "04", "facility_type_code": "CTG", "facility_lat": 37.671391, "facility_lon": -87.828888, "permit_name": "Morganfield WWTP", "version_nmbr": 0, "permit_type_code": "NPD", "effective_date": 1780272000000, "expiration_date": 1937952000000, "permit_status_code": "EFF", "facility_type_indicator": "POTW", "major_minor_status_flag": "M", "permit_tracking": "Y", "pt_start_date": 1780272000000, "dmr_tracking": "Y", "dmr_nr_start_date": 1780272000000, "permit_design_flow": 3.5, "permit_avg_flow": 1.52, "perm_feature_nmbr": "004", "perm_feature_text": "Untreated CSO from Court Street CSO", "pf_lat": 37.68841, "pf_lon": -87.91434, "pf_character": "CSO|DSW", "perm_feature_type_code": "EXO", "pf_state_waterbody_name": "UT to Lost Creek", "pf_state_auto_name": "Lost Creek", "pf_reach_id": "5140202000005", "in_icis": "YES", "echo_dfr_link": "https://echo.epa.gov/detailed-facility-report?fid=110064612557", "name": "MORGANFIELD WWTP", "feature_kind": "CSO outfall"}}, {"type": "Feature", "id": 15, "geometry": {"type": "Point", "coordinates": [-84.4372825730529, 39.0620388117177]}, "properties": {"OBJECTID": 15, "npdes_pfid": "KY0021466010", "npdes_id": "KY0021466", "permitting_state": "KY", "agency_type_code": "ST6", "facility_uin": "110039639736", "facility_name": "NORTHERN KY SANITATION DISTRICT 1- DRY CREEK", "location_address": "2999 AMSTERDAM RD", "supplemental_address_text": "", "facility_city": "ERLANGER", "county_code": "KY117", "state_code": "KY", "epa_region_code": "04", "facility_type_code": "MWD", "facility_lat": 39.058611, "facility_lon": -84.618056, "permit_name": "Northern KY Sanitation District 1- Dry Creek", "version_nmbr": 0, "permit_type_code": "NPD", "effective_date": 1782864000000, "expiration_date": 1940544000000, "permit_status_code": "EFF", "facility_type_indicator": "POTW", "major_minor_status_flag": "M", "permit_tracking": "Y", "pt_start_date": 1782864000000, "dmr_tracking": "Y", "dmr_nr_start_date": 1782864000000, "permit_design_flow": 46.5, "permit_avg_flow": 46.5, "perm_feature_nmbr": "010", "perm_feature_text": "Untreated CSO from\nCarmel Manor Rd CSO ID 0030031", "pf_lat": 39.062039, "pf_lon": -84.437283, "pf_character": "CSO", "perm_feature_type_code": "EXO", "pf_state_waterbody_name": "UT to Ohio River", "pf_state_auto_name": "Ohio River", "pf_reach_id": "5090201000001", "in_icis": "YES", "echo_dfr_link": "https://echo.epa.gov/detailed-facility-report?fid=110039639736", "name": "NORTHERN KY SANITATION DISTRICT 1- DRY CREEK", "feature_kind": "CSO outfall"}}, {"type": "Feature", "id": 16, "geometry": {"type": "Point", "coordinates": [-84.4395876500719, 39.0732162149193]}, "properties": {"OBJECTID": 16, "npdes_pfid": "KY0021466011", "npdes_id": "KY0021466", "permitting_state": "KY", "agency_type_code": "ST6", "facility_uin": "110039639736", "facility_name": "NORTHERN KY SANITATION DISTRICT 1- DRY CREEK", "location_address": "2999 AMSTERDAM RD", "supplemental_address_text": "", "facility_city": "ERLANGER", "county_code": "KY117", "state_code": "KY", "epa_region_code": "04", "facility_type_code": "MWD", "facility_lat": 39.058611, "facility_lon": -84.618056, "permit_name": "Northern KY Sanitation District 1- Dry Creek", "version_nmbr": 0, "permit_type_code": "NPD", "effective_date": 1782864000000, "expiration_date": 1940544000000, "permit_status_code": "EFF", "facility_type_indicator": "POTW", "major_minor_status_flag": "M", "permit_tracking": "Y", "pt_start_date": 1782864000000, "dmr_tracking": "Y", "dmr_nr_start_date": 1782864000000, "permit_design_flow": 46.5, "permit_avg_flow": 46.5, "perm_feature_nmbr": "011", "perm_feature_text": "Untreated CSO from\nMary Ingles Hwy CSO ID 0200069", "pf_lat": 39.073216, "pf_lon": -84.439588, "pf_character": "CSO", "perm_feature_type_code": "EXO", "pf_state_waterbody_name": "UT to Ohio River", "pf_state_auto_name": "Ohio River", "pf_reach_id": "5090201000001", "in_icis": "YES", "echo_dfr_link": "https://echo.epa.gov/detailed-facility-report?fid=110039639736", "name": "NORTHERN KY SANITATION DISTRICT 1- DRY CREEK", "feature_kind": "CSO outfall"}}, {"type": "Feature", "id": 17, "geometry": {"type": "Point", "coordinates": [-84.4404671007351, 39.097319092279]}, "properties": {"OBJECTID": 17, "npdes_pfid": "KY0021466012", "npdes_id": "KY0021466", "permitting_state": "KY", "agency_type_code": "ST6", "facility_uin": "110039639736", "facility_name": "NORTHERN KY SANITATION DISTRICT 1- DRY CREEK", "location_address": "2999 AMSTERDAM RD", "supplemental_address_text": "", "facility_city": "ERLANGER", "county_code": "KY117", "state_code": "KY", "epa_region_code": "04", "facility_type_code": "MWD", "facility_lat": 39.058611, "facility_lon": -84.618056, "permit_name": "Northern KY Sanitation District 1- Dry Creek", "version_nmbr": 0, "permit_type_code": "NPD", "effective_date": 1782864000000, "expiration_date": 1940544000000, "permit_status_code": "EFF", "facility_type_indicator": "POTW", "major_minor_status_flag": "M", "permit_tracking": "Y", "pt_start_date": 1782864000000, "dmr_tracking": "Y", "dmr_nr_start_date": 1782864000000, "permit_design_flow": 46.5, "permit_avg_flow": 46.5, "perm_feature_nmbr": "012", "perm_feature_text": "Untreated CSO from\nTower Hill Rd CSO ID 0330100", "pf_lat": 39.097319, "pf_lon": -84.440467, "pf_character": "CSO", "perm_feature_type_code": "EXO", "pf_state_waterbody_name": "UT to Ohio River", "pf_state_auto_name": "Ohio River", "pf_reach_id": "5090203000060", "in_icis": "YES", "echo_dfr_link": "https://echo.epa.gov/detailed-facility-report?fid=110039639736", "name": "NORTHERN KY SANITATION DISTRICT 1- DRY CREEK", "feature_kind": "CSO outfall"}}, {"type": "Feature", "id": 18, "geometry": {"type": "Point", "coordinates": [-84.4404203883403, 39.0750126921672]}, "properties": {"OBJECTID": 18, "npdes_pfid": "KY0021466013", "npdes_id": "KY0021466", "permitting_state": "KY", "agency_type_code": "ST6", "facility_uin": "110039639736", "facility_name": "NORTHERN KY SANITATION DISTRICT 1- DRY CREEK", "location_address": "2999 AMSTERDAM RD", "supplemental_address_text": "", "facility_city": "ERLANGER", "county_code": "KY117", "state_code": "KY", "epa_region_code": "04", "facility_type_code": "MWD", "facility_lat": 39.058611, "facility_lon": -84.618056, "permit_name": "Northern KY Sanitation District 1- Dry Creek", "version_nmbr": 0, "permit_type_code": "NPD", "effective_date": 1782864000000, "expiration_date": 1940544000000, "permit_status_code": "EFF", "facility_type_indicator": "POTW", "major_minor_status_flag": "M", "permit_tracking": "Y", "pt_start_date": 1782864000000, "dmr_tracking": "Y", "dmr_nr_start_date": 1782864000000, "permit_design_flow": 46.5, "permit_avg_flow": 46.5, "perm_feature_nmbr": "013", "perm_feature_text": "Untreated CSO from\nManor Ln CSO ID 0340051", "pf_lat": 39.075013, "pf_lon": -84.44042, "pf_character": "CSO", "perm_feature_type_code": "EXO", "pf_state_waterbody_name": "UT to Ohio River", "pf_state_auto_name": "Ohio River", "pf_reach_id": "5090201000001", "in_icis": "YES", "echo_dfr_link": "https://echo.epa.gov/detailed-facility-report?fid=110039639736", "name": "NORTHERN KY SANITATION DISTRICT 1- DRY CREEK", "feature_kind": "CSO outfall"}}, {"type": "Feature", "id": 19, "geometry": {"type": "Point", "coordinates": [-84.4390783053058, 39.087054743156]}, "properties": {"OBJECTID": 19, "npdes_pfid": "KY0021466014", "npdes_id": "KY0021466", "permitting_state": "KY", "agency_type_code": "ST6", "facility_uin": "110039639736", "facility_name": "NORTHERN KY SANITATION DISTRICT 1- DRY CREEK", "location_address": "2999 AMSTERDAM RD", "supplemental_address_text": "", "facility_city": "ERLANGER", "county_code": "KY117", "state_code": "KY", "epa_region_code": "04", "facility_type_code": "MWD", "facility_lat": 39.058611, "facility_lon": -84.618056, "permit_name": "Northern KY Sanitation District 1- Dry Creek", "version_nmbr": 0, "permit_type_code": "NPD", "effective_date": 1782864000000, "expiration_date": 1940544000000, "permit_status_code": "EFF", "facility_type_indicator": "POTW", "major_minor_status_flag": "M", "permit_tracking": "Y", "pt_start_date": 1782864000000, "dmr_tracking": "Y", "dmr_nr_start_date": 1782864000000, "permit_design_flow": 46.5, "permit_avg_flow": 46.5, "perm_feature_nmbr": "014", "perm_feature_text": "Untreated CSO from\nBurnet Ridge CSO ID 0340050", "pf_lat": 39.087055, "pf_lon": -84.439078, "pf_character": "CSO", "perm_feature_type_code": "EXO", "pf_state_waterbody_name": "UT to Ohio River", "pf_state_auto_name": "Ohio River", "pf_reach_id": "5090203000060", "in_icis": "YES", "echo_dfr_link": "https://echo.epa.gov/detailed-facility-report?fid=110039639736", "name": "NORTHERN KY SANITATION DISTRICT 1- DRY CREEK", "feature_kind": "CSO outfall"}}, {"type": "Feature", "id": 20, "geometry": {"type": "Point", "coordinates": [-84.4773456380941, 39.115304942062]}, "properties": {"OBJECTID": 20, "npdes_pfid": "KY0021466016", "npdes_id": "KY0021466", "permitting_state": "KY", "agency_type_code": "ST6", "facility_uin": "110039639736", "facility_name": "NORTHERN KY SANITATION DISTRICT 1- DRY CREEK", "location_address": "2999 AMSTERDAM RD", "supplemental_address_text": "", "facility_city": "ERLANGER", "county_code": "KY117", "state_code": "KY", "epa_region_code": "04", "facility_type_code": "MWD", "facility_lat": 39.058611, "facility_lon": -84.618056, "permit_name": "Northern KY Sanitation District 1- Dry Creek", "version_nmbr": 0, "permit_type_code": "NPD", "effective_date": 1782864000000, "expiration_date": 1940544000000, "permit_status_code": "EFF", "facility_type_indicator": "POTW", "major_minor_status_flag": "M", "permit_tracking": "Y", "pt_start_date": 1782864000000, "dmr_tracking": "Y", "dmr_nr_start_date": 1782864000000, "permit_design_flow": 46.5, "permit_avg_flow": 46.5, "perm_feature_nmbr": "016", "perm_feature_text": "Untreated CSO from\nMcKinney St CSO ID 0570089", "pf_lat": 39.115305, "pf_lon": -84.477346, "pf_character": "CSO", "perm_feature_type_code": "EXO", "pf_state_waterbody_name": "Ohio River", "pf_state_auto_name": "Ohio River", "pf_reach_id": "5090203000060", "in_icis": "YES", "echo_dfr_link": "https://echo.epa.gov/detailed-facility-report?fid=110039639736", "name": "NORTHERN KY SANITATION DISTRICT 1- DRY CREEK", "feature_kind": "CSO outfall"}}, {"type": "Feature", "id": 21, "geometry": {"type": "Point", "coordinates": [-84.4676860538439, 39.1180530923879]}, "properties": {"OBJECTID": 21, "npdes_pfid": "KY0021466017", "npdes_id": "KY0021466", "permitting_state": "KY", "agency_type_code": "ST6", "facility_uin": "110039639736", "facility_name": "NORTHERN KY SANITATION DISTRICT 1- DRY CREEK", "location_address": "2999 AMSTERDAM RD", "supplemental_address_text": "", "facility_city": "ERLANGER", "county_code": "KY117", "state_code": "KY", "epa_region_code": "04", "facility_type_code": "MWD", "facility_lat": 39.058611, "facility_lon": -84.618056, "permit_name": "Northern KY Sanitation District 1- Dry Creek", "version_nmbr": 0, "permit_type_code": "NPD", "effective_date": 1782864000000, "expiration_date": 1940544000000, "permit_status_code": "EFF", "facility_type_indicator": "POTW", "major_minor_status_flag": "M", "permit_tracking": "Y", "pt_start_date": 1782864000000, "dmr_tracking": "Y", "dmr_nr_start_date": 1782864000000, "permit_design_flow": 46.5, "permit_avg_flow": 46.5, "perm_feature_nmbr": "017", "perm_feature_text": "Untreated CSO from\nMain St CSO ID 0570090", "pf_lat": 39.118053, "pf_lon": -84.467686, "pf_character": "CSO", "perm_feature_type_code": "EXO", "pf_state_waterbody_name": "Ohio River", "pf_state_auto_name": "Ohio River", "pf_reach_id": "5090203000060", "in_icis": "YES", "echo_dfr_link": "https://echo.epa.gov/detailed-facility-report?fid=110039639736", "name": "NORTHERN KY SANITATION DISTRICT 1- DRY CREEK", "feature_kind": "CSO outfall"}}, {"type": "Feature", "id": 22, "geometry": {"type": "Point", "coordinates": [-84.4842896152403, 39.1094848937858]}, "properties": {"OBJECTID": 22, "npdes_pfid": "KY0021466018", "npdes_id": "KY0021466", "permitting_state": "KY", "agency_type_code": "ST6", "facility_uin": "110039639736", "facility_name": "NORTHERN KY SANITATION DISTRICT 1- DRY CREEK", "location_address": "2999 AMSTERDAM RD", "supplemental_address_text": "", "facility_city": "ERLANGER", "county_code": "KY117", "state_code": "KY", "epa_region_code": "04", "facility_type_code": "MWD", "facility_lat": 39.058611, "facility_lon": -84.618056, "permit_name": "Northern KY Sanitation District 1- Dry Creek", "version_nmbr": 0, "permit_type_code": "NPD", "effective_date": 1782864000000, "expiration_date": 1940544000000, "permit_status_code": "EFF", "facility_type_indicator": "POTW", "major_minor_status_flag": "M", "permit_tracking": "Y", "pt_start_date": 1782864000000, "dmr_tracking": "Y", "dmr_nr_start_date": 1782864000000, "permit_design_flow": 46.5, "permit_avg_flow": 46.5, "perm_feature_nmbr": "018", "perm_feature_text": "Untreated CSO or Stormwater from\nFoote Ave CSO ID 0600094", "pf_lat": 39.109485, "pf_lon": -84.48429, "pf_character": "CSO|SW", "perm_feature_type_code": "EXO", "pf_state_waterbody_name": "Ohio River", "pf_state_auto_name": "Ohio River", "pf_reach_id": "5090203000060", "in_icis": "YES", "echo_dfr_link": "https://echo.epa.gov/detailed-facility-report?fid=110039639736", "name": "NORTHERN KY SANITATION DISTRICT 1- DRY CREEK", "feature_kind": "CSO outfall"}}, {"type": "Feature", "id": 23, "geometry": {"type": "Point", "coordinates": [-84.4838215929773, 39.1101951745288]}, "properties": {"OBJECTID": 23, "npdes_pfid": "KY0021466019", "npdes_id": "KY0021466", "permitting_state": "KY", "agency_type_code": "ST6", "facility_uin": "110039639736", "facility_name": "NORTHERN KY SANITATION DISTRICT 1- DRY CREEK", "location_address": "2999 AMSTERDAM RD", "supplemental_address_text": "", "facility_city": "ERLANGER", "county_code": "KY117", "state_code": "KY", "epa_region_code": "04", "facility_type_code": "MWD", "facility_lat": 39.058611, "facility_lon": -84.618056, "permit_name": "Northern KY Sanitation District 1- Dry Creek", "version_nmbr": 0, "permit_type_code": "NPD", "effective_date": 1782864000000, "expiration_date": 1940544000000, "permit_status_code": "EFF", "facility_type_indicator": "POTW", "major_minor_status_flag": "M", "permit_tracking": "Y", "pt_start_date": 1782864000000, "dmr_tracking": "Y", "dmr_nr_start_date": 1782864000000, "permit_design_flow": 46.5, "permit_avg_flow": 46.5, "perm_feature_nmbr": "019", "perm_feature_text": "Untreated CSO from\nWard Ave CSO ID 0600097", "pf_lat": 39.110195, "pf_lon": -84.483822, "pf_character": "CSO", "perm_feature_type_code": "EXO", "pf_state_waterbody_name": "Ohio River", "pf_state_auto_name": "Ohio River", "pf_reach_id": "5090203000060", "in_icis": "YES", "echo_dfr_link": "https://echo.epa.gov/detailed-facility-report?fid=110039639736", "name": "NORTHERN KY SANITATION DISTRICT 1- DRY CREEK", "feature_kind": "CSO outfall"}}, {"type": "Feature", "id": 24, "geometry": {"type": "Point", "coordinates": [-84.484914842678, 39.1089593232503]}, "properties": {"OBJECTID": 24, "npdes_pfid": "KY0021466020", "npdes_id": "KY0021466", "permitting_state": "KY", "agency_type_code": "ST6", "facility_uin": "110039639736", "facility_name": "NORTHERN KY SANITATION DISTRICT 1- DRY CREEK", "location_address": "2999 AMSTERDAM RD", "supplemental_address_text": "", "facility_city": "ERLANGER", "county_code": "KY117", "state_code": "KY", "epa_region_code": "04", "facility_type_code": "MWD", "facility_lat": 39.058611, "facility_lon": -84.618056, "permit_name": "Northern KY Sanitation District 1- Dry Creek", "version_nmbr": 0, "permit_type_code": "NPD", "effective_date": 1782864000000, "expiration_date": 1940544000000, "permit_status_code": "EFF", "facility_type_indicator": "POTW", "major_minor_status_flag": "M", "permit_tracking": "Y", "pt_start_date": 1782864000000, "dmr_tracking": "Y", "dmr_nr_start_date": 1782864000000, "permit_design_flow": 46.5, "permit_avg_flow": 46.5, "perm_feature_nmbr": "020", "perm_feature_text": "Untreated CSO from\nWashington Ave CSO ID 0610072", "pf_lat": 39.108959, "pf_lon": -84.484915, "pf_character": "CSO", "perm_feature_type_code": "EXO", "pf_state_waterbody_name": "Ohio River", "pf_state_auto_name": "Ohio River", "pf_reach_id": "5090203000060", "in_icis": "YES", "echo_dfr_link": "https://echo.epa.gov/detailed-facility-report?fid=110039639736", "name": "NORTHERN KY SANITATION DISTRICT 1- DRY CREEK", "feature_kind": "CSO outfall"}}, {"type": "Feature", "id": 25, "geometry": {"type": "Point", "coordinates": [-84.4858329208984, 39.1074996943367]}, "properties": {"OBJECTID": 25, "npdes_pfid": "KY0021466021", "npdes_id": "KY0021466", "permitting_state": "KY", "agency_type_code": "ST6", "facility_uin": "110039639736", "facility_name": "NORTHERN KY SANITATION DISTRICT 1- DRY CREEK", "location_address": "2999 AMSTERDAM RD", "supplemental_address_text": "", "facility_city": "ERLANGER", "county_code": "KY117", "state_code": "KY", "epa_region_code": "04", "facility_type_code": "MWD", "facility_lat": 39.058611, "facility_lon": -84.618056, "permit_name": "Northern KY Sanitation District 1- Dry Creek", "version_nmbr": 0, "permit_type_code": "NPD", "effective_date": 1782864000000, "expiration_date": 1940544000000, "permit_status_code": "EFF", "facility_type_indicator": "POTW", "major_minor_status_flag": "M", "permit_tracking": "Y", "pt_start_date": 1782864000000, "dmr_tracking": "Y", "dmr_nr_start_date": 1782864000000, "permit_design_flow": 46.5, "permit_avg_flow": 46.5, "perm_feature_nmbr": "021", "perm_feature_text": "Untreated CSO from\nTaylor Ave CSO ID 0610071", "pf_lat": 39.1075, "pf_lon": -84.485833, "pf_character": "CSO", "perm_feature_type_code": "EXO", "pf_state_waterbody_name": "Ohio River", "pf_state_auto_name": "Ohio River", "pf_reach_id": "5090203000060", "in_icis": "YES", "echo_dfr_link": "https://echo.epa.gov/detailed-facility-report?fid=110039639736", "name": "NORTHERN KY SANITATION DISTRICT 1- DRY CREEK", "feature_kind": "CSO outfall"}}, {"type": "Feature", "id": 26, "geometry": {"type": "Point", "coordinates": [-84.4868327458096, 39.1061529611934]}, "properties": {"OBJECTID": 26, "npdes_pfid": "KY0021466022", "npdes_id": "KY0021466", "permitting_state": "KY", "agency_type_code": "ST6", "facility_uin": "110039639736", "facility_name": "NORTHERN KY SANITATION DISTRICT 1- DRY CREEK", "location_address": "2999 AMSTERDAM RD", "supplemental_address_text": "", "facility_city": "ERLANGER", "county_code": "KY117", "state_code": "KY", "epa_region_code": "04", "facility_type_code": "MWD", "facility_lat": 39.058611, "facility_lon": -84.618056, "permit_name": "Northern KY Sanitation District 1- Dry Creek", "version_nmbr": 0, "permit_type_code": "NPD", "effective_date": 1782864000000, "expiration_date": 1940544000000, "permit_status_code": "EFF", "facility_type_indicator": "POTW", "major_minor_status_flag": "M", "permit_tracking": "Y", "pt_start_date": 1782864000000, "dmr_tracking": "Y", "dmr_nr_start_date": 1782864000000, "permit_design_flow": 46.5, "permit_avg_flow": 46.5, "perm_feature_nmbr": "022", "perm_feature_text": "Untreated CSO from\nLafayette Ave CSO ID 0620077", "pf_lat": 39.106153, "pf_lon": -84.486833, "pf_character": "CSO", "perm_feature_type_code": "EXO", "pf_state_waterbody_name": "Ohio River", "pf_state_auto_name": "Ohio River", "pf_reach_id": "5090203000060", "in_icis": "YES", "echo_dfr_link": "https://echo.epa.gov/detailed-facility-report?fid=110039639736", "name": "NORTHERN KY SANITATION DISTRICT 1- DRY CREEK", "feature_kind": "CSO outfall"}}, {"type": "Feature", "id": 27, "geometry": {"type": "Point", "coordinates": [-84.4886760887726, 39.1037138588052]}, "properties": {"OBJECTID": 27, "npdes_pfid": "KY0021466023", "npdes_id": "KY0021466", "permitting_state": "KY", "agency_type_code": "ST6", "facility_uin": "110039639736", "facility_name": "NORTHERN KY SANITATION DISTRICT 1- DRY CREEK", "location_address": "2999 AMSTERDAM RD", "supplemental_address_text": "", "facility_city": "ERLANGER", "county_code": "KY117", "state_code": "KY", "epa_region_code": "04", "facility_type_code": "MWD", "facility_lat": 39.058611, "facility_lon": -84.618056, "permit_name": "Northern KY Sanitation District 1- Dry Creek", "version_nmbr": 0, "permit_type_code": "NPD", "effective_date": 1782864000000, "expiration_date": 1940544000000, "permit_status_code": "EFF", "facility_type_indicator": "POTW", "major_minor_status_flag": "M", "permit_tracking": "Y", "pt_start_date": 1782864000000, "dmr_tracking": "Y", "dmr_nr_start_date": 1782864000000, "permit_design_flow": 46.5, "permit_avg_flow": 46.5, "perm_feature_nmbr": "023", "perm_feature_text": "Untreated CSO from\nPatchen St CSO ID 0620075", "pf_lat": 39.103714, "pf_lon": -84.488676, "pf_character": "CSO", "perm_feature_type_code": "EXO", "pf_state_waterbody_name": "Ohio River", "pf_state_auto_name": "Ohio River", "pf_reach_id": "5090203000060", "in_icis": "YES", "echo_dfr_link": "https://echo.epa.gov/detailed-facility-report?fid=110039639736", "name": "NORTHERN KY SANITATION DISTRICT 1- DRY CREEK", "feature_kind": "CSO outfall"}}, {"type": "Feature", "id": 28, "geometry": {"type": "Point", "coordinates": [-84.4950280761467, 39.0975561265719]}, "properties": {"OBJECTID": 28, "npdes_pfid": "KY0021466024", "npdes_id": "KY0021466", "permitting_state": "KY", "agency_type_code": "ST6", "facility_uin": "110039639736", "facility_name": "NORTHERN KY SANITATION DISTRICT 1- DRY CREEK", "location_address": "2999 AMSTERDAM RD", "supplemental_address_text": "", "facility_city": "ERLANGER", "county_code": "KY117", "state_code": "KY", "epa_region_code": "04", "facility_type_code": "MWD", "facility_lat": 39.058611, "facility_lon": -84.618056, "permit_name": "Northern KY Sanitation District 1- Dry Creek", "version_nmbr": 0, "permit_type_code": "NPD", "effective_date": 1782864000000, "expiration_date": 1940544000000, "permit_status_code": "EFF", "facility_type_indicator": "POTW", "major_minor_status_flag": "M", "permit_tracking": "Y", "pt_start_date": 1782864000000, "dmr_tracking": "Y", "dmr_nr_start_date": 1782864000000, "permit_design_flow": 46.5, "permit_avg_flow": 46.5, "perm_feature_nmbr": "024", "perm_feature_text": "Untreated CSO from Washington Ave Chamber CSO ID 0640090", "pf_lat": 39.097556, "pf_lon": -84.495028, "pf_character": "CSO", "perm_feature_type_code": "EXO", "pf_state_waterbody_name": "Ohio River", "pf_state_auto_name": "Ohio River", "pf_reach_id": "5090203000060", "in_icis": "YES", "echo_dfr_link": "https://echo.epa.gov/detailed-facility-report?fid=110039639736", "name": "NORTHERN KY SANITATION DISTRICT 1- DRY CREEK", "feature_kind": "CSO outfall"}}, {"type": "Feature", "id": 29, "geometry": {"type": "Point", "coordinates": [-84.4790003348474, 39.094222235747]}, "properties": {"OBJECTID": 29, "npdes_pfid": "KY0021466025", "npdes_id": "KY0021466", "permitting_state": "KY", "agency_type_code": "ST6", "facility_uin": "110039639736", "facility_name": "NORTHERN KY SANITATION DISTRICT 1- DRY CREEK", "location_address": "2999 AMSTERDAM RD", "supplemental_address_text": "", "facility_city": "ERLANGER", "county_code": "KY117", "state_code": "KY", "epa_region_code": "04", "facility_type_code": "MWD", "facility_lat": 39.058611, "facility_lon": -84.618056, "permit_name": "Northern KY Sanitation District 1- Dry Creek", "version_nmbr": 0, "permit_type_code": "NPD", "effective_date": 1782864000000, "expiration_date": 1940544000000, "permit_status_code": "EFF", "facility_type_indicator": "POTW", "major_minor_status_flag": "M", "permit_tracking": "Y", "pt_start_date": 1782864000000, "dmr_tracking": "Y", "dmr_nr_start_date": 1782864000000, "permit_design_flow": 46.5, "permit_avg_flow": 46.5, "perm_feature_nmbr": "025", "perm_feature_text": "Untreated CSO from\nGeiger Ave CSO ID 0650100", "pf_lat": 39.094222, "pf_lon": -84.479, "pf_character": "CSO", "perm_feature_type_code": "EXO", "pf_state_waterbody_name": "Unnamed Tributary to Ohio River (UT to Taylor Cree", "pf_state_auto_name": "Town of Newport-Ohio River", "pf_reach_id": "5090203000704", "in_icis": "YES", "echo_dfr_link": "https://echo.epa.gov/detailed-facility-report?fid=110039639736", "name": "NORTHERN KY SANITATION DISTRICT 1- DRY CREEK", "feature_kind": "CSO outfall"}}, {"type": "Feature", "id": 30, "geometry": {"type": "Point", "coordinates": [-84.4887578354635, 39.1014852024721]}, "properties": {"OBJECTID": 30, "npdes_pfid": "KY0021466026", "npdes_id": "KY0021466", "permitting_state": "KY", "agency_type_code": "ST6", "facility_uin": "110039639736", "facility_name": "NORTHERN KY SANITATION DISTRICT 1- DRY CREEK", "location_address": "2999 AMSTERDAM RD", "supplemental_address_text": "", "facility_city": "ERLANGER", "county_code": "KY117", "state_code": "KY", "epa_region_code": "04", "facility_type_code": "MWD", "facility_lat": 39.058611, "facility_lon": -84.618056, "permit_name": "Northern KY Sanitation District 1- Dry Creek", "version_nmbr": 0, "permit_type_code": "NPD", "effective_date": 1782864000000, "expiration_date": 1940544000000, "permit_status_code": "EFF", "facility_type_indicator": "POTW", "major_minor_status_flag": "M", "permit_tracking": "Y", "pt_start_date": 1782864000000, "dmr_tracking": "Y", "dmr_nr_start_date": 1782864000000, "permit_design_flow": 46.5, "permit_avg_flow": 46.5, "perm_feature_nmbr": "026", "perm_feature_text": "Untreated CSO or Stormwater from\nTaylor Bottoms CSO ID 0650090", "pf_lat": 39.101485, "pf_lon": -84.488758, "pf_character": "CSO|SW", "perm_feature_type_code": "EXO", "pf_state_waterbody_name": "UT to Ohio River (Taylor Creek)", "pf_state_auto_name": "Town of Newport-Ohio River", "pf_reach_id": "5090203000704", "in_icis": "YES", "echo_dfr_link": "https://echo.epa.gov/detailed-facility-report?fid=110039639736", "name": "NORTHERN KY SANITATION DISTRICT 1- DRY CREEK", "feature_kind": "CSO outfall"}}, {"type": "Feature", "id": 31, "geometry": {"type": "Point", "coordinates": [-84.4977508697728, 39.0777338217619]}, "properties": {"OBJECTID": 31, "npdes_pfid": "KY0021466027", "npdes_id": "KY0021466", "permitting_state": "KY", "agency_type_code": "ST6", "facility_uin": "110039639736", "facility_name": "NORTHERN KY SANITATION DISTRICT 1- DRY CREEK", "location_address": "2999 AMSTERDAM RD", "supplemental_address_text": "", "facility_city": "ERLANGER", "county_code": "KY117", "state_code": "KY", "epa_region_code": "04", "facility_type_code": "MWD", "facility_lat": 39.058611, "facility_lon": -84.618056, "permit_name": "Northern KY Sanitation District 1- Dry Creek", "version_nmbr": 0, "permit_type_code": "NPD", "effective_date": 1782864000000, "expiration_date": 1940544000000, "permit_status_code": "EFF", "facility_type_indicator": "POTW", "major_minor_status_flag": "M", "permit_tracking": "Y", "pt_start_date": 1782864000000, "dmr_tracking": "Y", "dmr_nr_start_date": 1782864000000, "permit_design_flow": 46.5, "permit_avg_flow": 46.5, "perm_feature_nmbr": "027", "perm_feature_text": "Untreated CSO or Stormwater from\n12th St \u00ef\u00bf\u00bd River Metals CSO ID 0730129", "pf_lat": 39.077734, "pf_lon": -84.497751, "pf_character": "CSO|SW", "perm_feature_type_code": "EXO", "pf_state_waterbody_name": "Licking River", "pf_state_auto_name": "Licking River", "pf_reach_id": "5100101002662", "in_icis": "YES", "echo_dfr_link": "https://echo.epa.gov/detailed-facility-report?fid=110039639736", "name": "NORTHERN KY SANITATION DISTRICT 1- DRY CREEK", "feature_kind": "CSO outfall"}}, {"type": "Feature", "id": 32, "geometry": {"type": "Point", "coordinates": [-84.4960620370387, 39.0966031044438]}, "properties": {"OBJECTID": 32, "npdes_pfid": "KY0021466028", "npdes_id": "KY0021466", "permitting_state": "KY", "agency_type_code": "ST6", "facility_uin": "110039639736", "facility_name": "NORTHERN KY SANITATION DISTRICT 1- DRY CREEK", "location_address": "2999 AMSTERDAM RD", "supplemental_address_text": "", "facility_city": "ERLANGER", "county_code": "KY117", "state_code": "KY", "epa_region_code": "04", "facility_type_code": "MWD", "facility_lat": 39.058611, "facility_lon": -84.618056, "permit_name": "Northern KY Sanitation District 1- Dry Creek", "version_nmbr": 0, "permit_type_code": "NPD", "effective_date": 1782864000000, "expiration_date": 1940544000000, "permit_status_code": "EFF", "facility_type_indicator": "POTW", "major_minor_status_flag": "M", "permit_tracking": "Y", "pt_start_date": 1782864000000, "dmr_tracking": "Y", "dmr_nr_start_date": 1782864000000, "permit_design_flow": 46.5, "permit_avg_flow": 46.5, "perm_feature_nmbr": "028", "perm_feature_text": "Untreated CSO from\nSaratoga St CSO ID 0770096", "pf_lat": 39.096603, "pf_lon": -84.496062, "pf_character": "CSO", "perm_feature_type_code": "EXO", "pf_state_waterbody_name": "Ohio River", "pf_state_auto_name": "Ohio River", "pf_reach_id": "5090203000060", "in_icis": "YES", "echo_dfr_link": "https://echo.epa.gov/detailed-facility-report?fid=110039639736", "name": "NORTHERN KY SANITATION DISTRICT 1- DRY CREEK", "feature_kind": "CSO outfall"}}, {"type": "Feature", "id": 33, "geometry": {"type": "Point", "coordinates": [-84.5036105803711, 39.0888613267289]}, "properties": {"OBJECTID": 33, "npdes_pfid": "KY0021466029", "npdes_id": "KY0021466", "permitting_state": "KY", "agency_type_code": "ST6", "facility_uin": "110039639736", "facility_name": "NORTHERN KY SANITATION DISTRICT 1- DRY CREEK", "location_address": "2999 AMSTERDAM RD", "supplemental_address_text": "", "facility_city": "ERLANGER", "county_code": "KY117", "state_code": "KY", "epa_region_code": "04", "facility_type_code": "MWD", "facility_lat": 39.058611, "facility_lon": -84.618056, "permit_name": "Northern KY Sanitation District 1- Dry Creek", "version_nmbr": 0, "permit_type_code": "NPD", "effective_date": 1782864000000, "expiration_date": 1940544000000, "permit_status_code": "EFF", "facility_type_indicator": "POTW", "major_minor_status_flag": "M", "permit_tracking": "Y", "pt_start_date": 1782864000000, "dmr_tracking": "Y", "dmr_nr_start_date": 1782864000000, "permit_design_flow": 46.5, "permit_avg_flow": 46.5, "perm_feature_nmbr": "029", "perm_feature_text": "Untreated CSO from\n4th St Chamber CSO ID 0790086", "pf_lat": 39.088861, "pf_lon": -84.503611, "pf_character": "CSO", "perm_feature_type_code": "EXO", "pf_state_waterbody_name": "Licking River", "pf_state_auto_name": "Licking River", "pf_reach_id": "5100101002662", "in_icis": "YES", "echo_dfr_link": "https://echo.epa.gov/detailed-facility-report?fid=110039639736", "name": "NORTHERN KY SANITATION DISTRICT 1- DRY CREEK", "feature_kind": "CSO outfall"}}, {"type": "Feature", "id": 34, "geometry": {"type": "Point", "coordinates": [-84.5236403162612, 39.0891227929226]}, "properties": {"OBJECTID": 34, "npdes_pfid": "KY0021466030", "npdes_id": "KY0021466", "permitting_state": "KY", "agency_type_code": "ST6", "facility_uin": "110039639736", "facility_name": "NORTHERN KY SANITATION DISTRICT 1- DRY CREEK", "location_address": "2999 AMSTERDAM RD", "supplemental_address_text": "", "facility_city": "ERLANGER", "county_code": "KY117", "state_code": "KY", "epa_region_code": "04", "facility_type_code": "MWD", "facility_lat": 39.058611, "facility_lon": -84.618056, "permit_name": "Northern KY Sanitation District 1- Dry Creek", "version_nmbr": 0, "permit_type_code": "NPD", "effective_date": 1782864000000, "expiration_date": 1940544000000, "permit_status_code": "EFF", "facility_type_indicator": "POTW", "major_minor_status_flag": "M", "permit_tracking": "Y", "pt_start_date": 1782864000000, "dmr_tracking": "Y", "dmr_nr_start_date": 1782864000000, "permit_design_flow": 46.5, "permit_avg_flow": 46.5, "perm_feature_nmbr": "030", "perm_feature_text": "Untreated CSO from\nWillow Run CSO ID 1480187", "pf_lat": 39.089123, "pf_lon": -84.52364, "pf_character": "CSO|SW", "perm_feature_type_code": "EXO", "pf_state_waterbody_name": "Ohio River", "pf_state_auto_name": "Ohio River", "pf_reach_id": "5090203000060", "in_icis": "YES", "echo_dfr_link": "https://echo.epa.gov/detailed-facility-report?fid=110039639736", "name": "NORTHERN KY SANITATION DISTRICT 1- DRY CREEK", "feature_kind": "CSO outfall"}}, {"type": "Feature", "id": 35, "geometry": {"type": "Point", "coordinates": [-84.5000559467919, 39.0941671575989]}, "properties": {"OBJECTID": 35, "npdes_pfid": "KY0021466031", "npdes_id": "KY0021466", "permitting_state": "KY", "agency_type_code": "ST6", "facility_uin": "110039639736", "facility_name": "NORTHERN KY SANITATION DISTRICT 1- DRY CREEK", "location_address": "2999 AMSTERDAM RD", "supplemental_address_text": "", "facility_city": "ERLANGER", "county_code": "KY117", "state_code": "KY", "epa_region_code": "04", "facility_type_code": "MWD", "facility_lat": 39.058611, "facility_lon": -84.618056, "permit_name": "Northern KY Sanitation District 1- Dry Creek", "version_nmbr": 0, "permit_type_code": "NPD", "effective_date": 1782864000000, "expiration_date": 1940544000000, "permit_status_code": "EFF", "facility_type_indicator": "POTW", "major_minor_status_flag": "M", "permit_tracking": "Y", "pt_start_date": 1782864000000, "dmr_tracking": "Y", "dmr_nr_start_date": 1782864000000, "permit_design_flow": 46.5, "permit_avg_flow": 46.5, "perm_feature_nmbr": "031", "perm_feature_text": "Untreated CSO from\nColumbia St Chamber CSO ID 0790084", "pf_lat": 39.094167, "pf_lon": -84.500056, "pf_character": "CSO", "perm_feature_type_code": "EXO", "pf_state_waterbody_name": "Ohio River", "pf_state_auto_name": "Ohio River", "pf_reach_id": "5090203000060", "in_icis": "YES", "echo_dfr_link": "https://echo.epa.gov/detailed-facility-report?fid=110039639736", "name": "NORTHERN KY SANITATION DISTRICT 1- DRY CREEK", "feature_kind": "CSO outfall"}}, {"type": "Feature", "id": 36, "geometry": {"type": "Point", "coordinates": [-84.4939914203088, 39.049432991275]}, "properties": {"OBJECTID": 36, "npdes_pfid": "KY0021466033", "npdes_id": "KY0021466", "permitting_state": "KY", "agency_type_code": "ST6", "facility_uin": "110039639736", "facility_name": "NORTHERN KY SANITATION DISTRICT 1- DRY CREEK", "location_address": "2999 AMSTERDAM RD", "supplemental_address_text": "", "facility_city": "ERLANGER", "county_code": "KY117", "state_code": "KY", "epa_region_code": "04", "facility_type_code": "MWD", "facility_lat": 39.058611, "facility_lon": -84.618056, "permit_name": "Northern KY Sanitation District 1- Dry Creek", "version_nmbr": 0, "permit_type_code": "NPD", "effective_date": 1782864000000, "expiration_date": 1940544000000, "permit_status_code": "EFF", "facility_type_indicator": "POTW", "major_minor_status_flag": "M", "permit_tracking": "Y", "pt_start_date": 1782864000000, "dmr_tracking": "Y", "dmr_nr_start_date": 1782864000000, "permit_design_flow": 46.5, "permit_avg_flow": 46.5, "perm_feature_nmbr": "033", "perm_feature_text": "Untreated CSO from\nPark Drive CSO ID 0870078", "pf_lat": 39.049433, "pf_lon": -84.493991, "pf_character": "CSO", "perm_feature_type_code": "EXO", "pf_state_waterbody_name": "Licking River", "pf_state_auto_name": "Licking River", "pf_reach_id": "5100101000002", "in_icis": "YES", "echo_dfr_link": "https://echo.epa.gov/detailed-facility-report?fid=110039639736", "name": "NORTHERN KY SANITATION DISTRICT 1- DRY CREEK", "feature_kind": "CSO outfall"}}, {"type": "Feature", "id": 37, "geometry": {"type": "Point", "coordinates": [-84.4925954383573, 39.0483509525161]}, "properties": {"OBJECTID": 37, "npdes_pfid": "KY0021466034", "npdes_id": "KY0021466", "permitting_state": "KY", "agency_type_code": "ST6", "facility_uin": "110039639736", "facility_name": "NORTHERN KY SANITATION DISTRICT 1- DRY CREEK", "location_address": "2999 AMSTERDAM RD", "supplemental_address_text": "", "facility_city": "ERLANGER", "county_code": "KY117", "state_code": "KY", "epa_region_code": "04", "facility_type_code": "MWD", "facility_lat": 39.058611, "facility_lon": -84.618056, "permit_name": "Northern KY Sanitation District 1- Dry Creek", "version_nmbr": 0, "permit_type_code": "NPD", "effective_date": 1782864000000, "expiration_date": 1940544000000, "permit_status_code": "EFF", "facility_type_indicator": "POTW", "major_minor_status_flag": "M", "permit_tracking": "Y", "pt_start_date": 1782864000000, "dmr_tracking": "Y", "dmr_nr_start_date": 1782864000000, "permit_design_flow": 46.5, "permit_avg_flow": 46.5, "perm_feature_nmbr": "034", "perm_feature_text": "Untreated CSO from\nSouthern \u00ef\u00bf\u00bd Twin Oaks CSO ID 0870079", "pf_lat": 39.048351, "pf_lon": -84.492595, "pf_character": "CSO|SW", "perm_feature_type_code": "EXO", "pf_state_waterbody_name": "Licking River", "pf_state_auto_name": "Licking River", "pf_reach_id": "5100101000002", "in_icis": "YES", "echo_dfr_link": "https://echo.epa.gov/detailed-facility-report?fid=110039639736", "name": "NORTHERN KY SANITATION DISTRICT 1- DRY CREEK", "feature_kind": "CSO outfall"}}, {"type": "Feature", "id": 38, "geometry": {"type": "Point", "coordinates": [-84.4969558607464, 39.0538258565093]}, "properties": {"OBJECTID": 38, "npdes_pfid": "KY0021466035", "npdes_id": "KY0021466", "permitting_state": "KY", "agency_type_code": "ST6", "facility_uin": "110039639736", "facility_name": "NORTHERN KY SANITATION DISTRICT 1- DRY CREEK", "location_address": "2999 AMSTERDAM RD", "supplemental_address_text": "", "facility_city": "ERLANGER", "county_code": "KY117", "state_code": "KY", "epa_region_code": "04", "facility_type_code": "MWD", "facility_lat": 39.058611, "facility_lon": -84.618056, "permit_name": "Northern KY Sanitation District 1- Dry Creek", "version_nmbr": 0, "permit_type_code": "NPD", "effective_date": 1782864000000, "expiration_date": 1940544000000, "permit_status_code": "EFF", "facility_type_indicator": "POTW", "major_minor_status_flag": "M", "permit_tracking": "Y", "pt_start_date": 1782864000000, "dmr_tracking": "Y", "dmr_nr_start_date": 1782864000000, "permit_design_flow": 46.5, "permit_avg_flow": 46.5, "perm_feature_nmbr": "035", "perm_feature_text": "Untreated CSO from\n33rd St CSO ID 0880082", "pf_lat": 39.053826, "pf_lon": -84.496956, "pf_character": "CSO", "perm_feature_type_code": "EXO", "pf_state_waterbody_name": "Licking River", "pf_state_auto_name": "Licking River", "pf_reach_id": "5100101002662", "in_icis": "YES", "echo_dfr_link": "https://echo.epa.gov/detailed-facility-report?fid=110039639736", "name": "NORTHERN KY SANITATION DISTRICT 1- DRY CREEK", "feature_kind": "CSO outfall"}}, {"type": "Feature", "id": 39, "geometry": {"type": "Point", "coordinates": [-84.4959443577365, 39.052277885789]}, "properties": {"OBJECTID": 39, "npdes_pfid": "KY0021466036", "npdes_id": "KY0021466", "permitting_state": "KY", "agency_type_code": "ST6", "facility_uin": "110039639736", "facility_name": "NORTHERN KY SANITATION DISTRICT 1- DRY CREEK", "location_address": "2999 AMSTERDAM RD", "supplemental_address_text": "", "facility_city": "ERLANGER", "county_code": "KY117", "state_code": "KY", "epa_region_code": "04", "facility_type_code": "MWD", "facility_lat": 39.058611, "facility_lon": -84.618056, "permit_name": "Northern KY Sanitation District 1- Dry Creek", "version_nmbr": 0, "permit_type_code": "NPD", "effective_date": 1782864000000, "expiration_date": 1940544000000, "permit_status_code": "EFF", "facility_type_indicator": "POTW", "major_minor_status_flag": "M", "permit_tracking": "Y", "pt_start_date": 1782864000000, "dmr_tracking": "Y", "dmr_nr_start_date": 1782864000000, "permit_design_flow": 46.5, "permit_avg_flow": 46.5, "perm_feature_nmbr": "036", "perm_feature_text": "Untreated CSO from\n34th St CSO ID 0880081", "pf_lat": 39.052278, "pf_lon": -84.495944, "pf_character": "CSO", "perm_feature_type_code": "EXO", "pf_state_waterbody_name": "Licking River", "pf_state_auto_name": "Licking River", "pf_reach_id": "5100101002662", "in_icis": "YES", "echo_dfr_link": "https://echo.epa.gov/detailed-facility-report?fid=110039639736", "name": "NORTHERN KY SANITATION DISTRICT 1- DRY CREEK", "feature_kind": "CSO outfall"}}, {"type": "Feature", "id": 40, "geometry": {"type": "Point", "coordinates": [-84.4961204275321, 39.0631080857742]}, "properties": {"OBJECTID": 40, "npdes_pfid": "KY0021466037", "npdes_id": "KY0021466", "permitting_state": "KY", "agency_type_code": "ST6", "facility_uin": "110039639736", "facility_name": "NORTHERN KY SANITATION DISTRICT 1- DRY CREEK", "location_address": "2999 AMSTERDAM RD", "supplemental_address_text": "", "facility_city": "ERLANGER", "county_code": "KY117", "state_code": "KY", "epa_region_code": "04", "facility_type_code": "MWD", "facility_lat": 39.058611, "facility_lon": -84.618056, "permit_name": "Northern KY Sanitation District 1- Dry Creek", "version_nmbr": 0, "permit_type_code": "NPD", "effective_date": 1782864000000, "expiration_date": 1940544000000, "permit_status_code": "EFF", "facility_type_indicator": "POTW", "major_minor_status_flag": "M", "permit_tracking": "Y", "pt_start_date": 1782864000000, "dmr_tracking": "Y", "dmr_nr_start_date": 1782864000000, "permit_design_flow": 46.5, "permit_avg_flow": 46.5, "perm_feature_nmbr": "037", "perm_feature_text": "Untreated CSO from\nOakland & Florist CSO ID 0910068", "pf_lat": 39.063108, "pf_lon": -84.49612, "pf_character": "CSO", "perm_feature_type_code": "EXO", "pf_state_waterbody_name": "Licking River", "pf_state_auto_name": "Licking River", "pf_reach_id": "5100101002662", "in_icis": "YES", "echo_dfr_link": "https://echo.epa.gov/detailed-facility-report?fid=110039639736", "name": "NORTHERN KY SANITATION DISTRICT 1- DRY CREEK", "feature_kind": "CSO outfall"}}, {"type": "Feature", "id": 41, "geometry": {"type": "Point", "coordinates": [-84.4981389419756, 39.0585281588236]}, "properties": {"OBJECTID": 41, "npdes_pfid": "KY0021466038", "npdes_id": "KY0021466", "permitting_state": "KY", "agency_type_code": "ST6", "facility_uin": "110039639736", "facility_name": "NORTHERN KY SANITATION DISTRICT 1- DRY CREEK", "location_address": "2999 AMSTERDAM RD", "supplemental_address_text": "", "facility_city": "ERLANGER", "county_code": "KY117", "state_code": "KY", "epa_region_code": "04", "facility_type_code": "MWD", "facility_lat": 39.058611, "facility_lon": -84.618056, "permit_name": "Northern KY Sanitation District 1- Dry Creek", "version_nmbr": 0, "permit_type_code": "NPD", "effective_date": 1782864000000, "expiration_date": 1940544000000, "permit_status_code": "EFF", "facility_type_indicator": "POTW", "major_minor_status_flag": "M", "permit_tracking": "Y", "pt_start_date": 1782864000000, "dmr_tracking": "Y", "dmr_nr_start_date": 1782864000000, "permit_design_flow": 46.5, "permit_avg_flow": 46.5, "perm_feature_nmbr": "038", "perm_feature_text": "Untreated CSO from\nJames Ave CSO ID 0910065", "pf_lat": 39.058528, "pf_lon": -84.498139, "pf_character": "CSO", "perm_feature_type_code": "EXO", "pf_state_waterbody_name": "Licking River", "pf_state_auto_name": "Licking River", "pf_reach_id": "5100101002662", "in_icis": "YES", "echo_dfr_link": "https://echo.epa.gov/detailed-facility-report?fid=110039639736", "name": "NORTHERN KY SANITATION DISTRICT 1- DRY CREEK", "feature_kind": "CSO outfall"}}, {"type": "Feature", "id": 42, "geometry": {"type": "Point", "coordinates": [-84.4942079142922, 39.0723611984273]}, "properties": {"OBJECTID": 42, "npdes_pfid": "KY0021466039", "npdes_id": "KY0021466", "permitting_state": "KY", "agency_type_code": "ST6", "facility_uin": "110039639736", "facility_name": "NORTHERN KY SANITATION DISTRICT 1- DRY CREEK", "location_address": "2999 AMSTERDAM RD", "supplemental_address_text": "", "facility_city": "ERLANGER", "county_code": "KY117", "state_code": "KY", "epa_region_code": "04", "facility_type_code": "MWD", "facility_lat": 39.058611, "facility_lon": -84.618056, "permit_name": "Northern KY Sanitation District 1- Dry Creek", "version_nmbr": 0, "permit_type_code": "NPD", "effective_date": 1782864000000, "expiration_date": 1940544000000, "permit_status_code": "EFF", "facility_type_indicator": "POTW", "major_minor_status_flag": "M", "permit_tracking": "Y", "pt_start_date": 1782864000000, "dmr_tracking": "Y", "dmr_nr_start_date": 1782864000000, "permit_design_flow": 46.5, "permit_avg_flow": 46.5, "perm_feature_nmbr": "039", "perm_feature_text": "Untreated CSO from\n16th St CSO ID 0930106", "pf_lat": 39.072361, "pf_lon": -84.494208, "pf_character": "CSO", "perm_feature_type_code": "EXO", "pf_state_waterbody_name": "Licking River", "pf_state_auto_name": "Licking River", "pf_reach_id": "5100101002662", "in_icis": "YES", "echo_dfr_link": "https://echo.epa.gov/detailed-facility-report?fid=110039639736", "name": "NORTHERN KY SANITATION DISTRICT 1- DRY CREEK", "feature_kind": "CSO outfall"}}, {"type": "Feature", "id": 43, "geometry": {"type": "Point", "coordinates": [-84.4939141651944, 39.071442009274]}, "properties": {"OBJECTID": 43, "npdes_pfid": "KY0021466040", "npdes_id": "KY0021466", "permitting_state": "KY", "agency_type_code": "ST6", "facility_uin": "110039639736", "facility_name": "NORTHERN KY SANITATION DISTRICT 1- DRY CREEK", "location_address": "2999 AMSTERDAM RD", "supplemental_address_text": "", "facility_city": "ERLANGER", "county_code": "KY117", "state_code": "KY", "epa_region_code": "04", "facility_type_code": "MWD", "facility_lat": 39.058611, "facility_lon": -84.618056, "permit_name": "Northern KY Sanitation District 1- Dry Creek", "version_nmbr": 0, "permit_type_code": "NPD", "effective_date": 1782864000000, "expiration_date": 1940544000000, "permit_status_code": "EFF", "facility_type_indicator": "POTW", "major_minor_status_flag": "M", "permit_tracking": "Y", "pt_start_date": 1782864000000, "dmr_tracking": "Y", "dmr_nr_start_date": 1782864000000, "permit_design_flow": 46.5, "permit_avg_flow": 46.5, "perm_feature_nmbr": "040", "perm_feature_text": "Untreated CSO from\n17th St CSO ID 0930104", "pf_lat": 39.071442, "pf_lon": -84.493914, "pf_character": "CSO", "perm_feature_type_code": "EXO", "pf_state_waterbody_name": "Licking River", "pf_state_auto_name": "Licking River", "pf_reach_id": "5100101002662", "in_icis": "YES", "echo_dfr_link": "https://echo.epa.gov/detailed-facility-report?fid=110039639736", "name": "NORTHERN KY SANITATION DISTRICT 1- DRY CREEK", "feature_kind": "CSO outfall"}}, {"type": "Feature", "id": 44, "geometry": {"type": "Point", "coordinates": [-84.494693902861, 39.0698609480279]}, "properties": {"OBJECTID": 44, "npdes_pfid": "KY0021466041", "npdes_id": "KY0021466", "permitting_state": "KY", "agency_type_code": "ST6", "facility_uin": "110039639736", "facility_name": "NORTHERN KY SANITATION DISTRICT 1- DRY CREEK", "location_address": "2999 AMSTERDAM RD", "supplemental_address_text": "", "facility_city": "ERLANGER", "county_code": "KY117", "state_code": "KY", "epa_region_code": "04", "facility_type_code": "MWD", "facility_lat": 39.058611, "facility_lon": -84.618056, "permit_name": "Northern KY Sanitation District 1- Dry Creek", "version_nmbr": 0, "permit_type_code": "NPD", "effective_date": 1782864000000, "expiration_date": 1940544000000, "permit_status_code": "EFF", "facility_type_indicator": "POTW", "major_minor_status_flag": "M", "permit_tracking": "Y", "pt_start_date": 1782864000000, "dmr_tracking": "Y", "dmr_nr_start_date": 1782864000000, "permit_design_flow": 46.5, "permit_avg_flow": 46.5, "perm_feature_nmbr": "041", "perm_feature_text": "Untreated CSO or Stormwater from\n19th St & Glenway Ave ID 0930105", "pf_lat": 39.069861, "pf_lon": -84.494694, "pf_character": "CSO|SW", "perm_feature_type_code": "EXO", "pf_state_waterbody_name": "Licking River", "pf_state_auto_name": "Licking River", "pf_reach_id": "5100101002662", "in_icis": "YES", "echo_dfr_link": "https://echo.epa.gov/detailed-facility-report?fid=110039639736", "name": "NORTHERN KY SANITATION DISTRICT 1- DRY CREEK", "feature_kind": "CSO outfall"}}, {"type": "Feature", "id": 45, "geometry": {"type": "Point", "coordinates": [-84.4947388186252, 39.0675656611067]}, "properties": {"OBJECTID": 45, "npdes_pfid": "KY0021466042", "npdes_id": "KY0021466", "permitting_state": "KY", "agency_type_code": "ST6", "facility_uin": "110039639736", "facility_name": "NORTHERN KY SANITATION DISTRICT 1- DRY CREEK", "location_address": "2999 AMSTERDAM RD", "supplemental_address_text": "", "facility_city": "ERLANGER", "county_code": "KY117", "state_code": "KY", "epa_region_code": "04", "facility_type_code": "MWD", "facility_lat": 39.058611, "facility_lon": -84.618056, "permit_name": "Northern KY Sanitation District 1- Dry Creek", "version_nmbr": 0, "permit_type_code": "NPD", "effective_date": 1782864000000, "expiration_date": 1940544000000, "permit_status_code": "EFF", "facility_type_indicator": "POTW", "major_minor_status_flag": "M", "permit_tracking": "Y", "pt_start_date": 1782864000000, "dmr_tracking": "Y", "dmr_nr_start_date": 1782864000000, "permit_design_flow": 46.5, "permit_avg_flow": 46.5, "perm_feature_nmbr": "042", "perm_feature_text": "Untreated CSO from\n20th St CSO ID 0930103", "pf_lat": 39.067566, "pf_lon": -84.494739, "pf_character": "CSO", "perm_feature_type_code": "EXO", "pf_state_waterbody_name": "Licking River", "pf_state_auto_name": "Licking River", "pf_reach_id": "5100101002662", "in_icis": "YES", "echo_dfr_link": "https://echo.epa.gov/detailed-facility-report?fid=110039639736", "name": "NORTHERN KY SANITATION DISTRICT 1- DRY CREEK", "feature_kind": "CSO outfall"}}, {"type": "Feature", "id": 46, "geometry": {"type": "Point", "coordinates": [-84.4951601284934, 39.0659698661412]}, "properties": {"OBJECTID": 46, "npdes_pfid": "KY0021466043", "npdes_id": "KY0021466", "permitting_state": "KY", "agency_type_code": "ST6", "facility_uin": "110039639736", "facility_name": "NORTHERN KY SANITATION DISTRICT 1- DRY CREEK", "location_address": "2999 AMSTERDAM RD", "supplemental_address_text": "", "facility_city": "ERLANGER", "county_code": "KY117", "state_code": "KY", "epa_region_code": "04", "facility_type_code": "MWD", "facility_lat": 39.058611, "facility_lon": -84.618056, "permit_name": "Northern KY Sanitation District 1- Dry Creek", "version_nmbr": 0, "permit_type_code": "NPD", "effective_date": 1782864000000, "expiration_date": 1940544000000, "permit_status_code": "EFF", "facility_type_indicator": "POTW", "major_minor_status_flag": "M", "permit_tracking": "Y", "pt_start_date": 1782864000000, "dmr_tracking": "Y", "dmr_nr_start_date": 1782864000000, "permit_design_flow": 46.5, "permit_avg_flow": 46.5, "perm_feature_nmbr": "043", "perm_feature_text": "Untreated CSO from\nDurrett Ave CSO ID 0930102", "pf_lat": 39.06597, "pf_lon": -84.49516, "pf_character": "CSO", "perm_feature_type_code": "EXO", "pf_state_waterbody_name": "Licking River", "pf_state_auto_name": "Licking River", "pf_reach_id": "5100101002662", "in_icis": "YES", "echo_dfr_link": "https://echo.epa.gov/detailed-facility-report?fid=110039639736", "name": "NORTHERN KY SANITATION DISTRICT 1- DRY CREEK", "feature_kind": "CSO outfall"}}, {"type": "Feature", "id": 47, "geometry": {"type": "Point", "coordinates": [-84.4971813378827, 39.0753850928303]}, "properties": {"OBJECTID": 47, "npdes_pfid": "KY0021466044", "npdes_id": "KY0021466", "permitting_state": "KY", "agency_type_code": "ST6", "facility_uin": "110039639736", "facility_name": "NORTHERN KY SANITATION DISTRICT 1- DRY CREEK", "location_address": "2999 AMSTERDAM RD", "supplemental_address_text": "", "facility_city": "ERLANGER", "county_code": "KY117", "state_code": "KY", "epa_region_code": "04", "facility_type_code": "MWD", "facility_lat": 39.058611, "facility_lon": -84.618056, "permit_name": "Northern KY Sanitation District 1- Dry Creek", "version_nmbr": 0, "permit_type_code": "NPD", "effective_date": 1782864000000, "expiration_date": 1940544000000, "permit_status_code": "EFF", "facility_type_indicator": "POTW", "major_minor_status_flag": "M", "permit_tracking": "Y", "pt_start_date": 1782864000000, "dmr_tracking": "Y", "dmr_nr_start_date": 1782864000000, "permit_design_flow": 46.5, "permit_avg_flow": 46.5, "perm_feature_nmbr": "044", "perm_feature_text": "Untreated CSO or Stormwater from\n15th St CSO ID 0960064", "pf_lat": 39.075385, "pf_lon": -84.497181, "pf_character": "CSO|SW", "perm_feature_type_code": "EXO", "pf_state_waterbody_name": "Licking River", "pf_state_auto_name": "Licking River", "pf_reach_id": "5100101002662", "in_icis": "YES", "echo_dfr_link": "https://echo.epa.gov/detailed-facility-report?fid=110039639736", "name": "NORTHERN KY SANITATION DISTRICT 1- DRY CREEK", "feature_kind": "CSO outfall"}}, {"type": "Feature", "id": 48, "geometry": {"type": "Point", "coordinates": [-84.4953766224769, 39.0735391099698]}, "properties": {"OBJECTID": 48, "npdes_pfid": "KY0021466045", "npdes_id": "KY0021466", "permitting_state": "KY", "agency_type_code": "ST6", "facility_uin": "110039639736", "facility_name": "NORTHERN KY SANITATION DISTRICT 1- DRY CREEK", "location_address": "2999 AMSTERDAM RD", "supplemental_address_text": "", "facility_city": "ERLANGER", "county_code": "KY117", "state_code": "KY", "epa_region_code": "04", "facility_type_code": "MWD", "facility_lat": 39.058611, "facility_lon": -84.618056, "permit_name": "Northern KY Sanitation District 1- Dry Creek", "version_nmbr": 0, "permit_type_code": "NPD", "effective_date": 1782864000000, "expiration_date": 1940544000000, "permit_status_code": "EFF", "facility_type_indicator": "POTW", "major_minor_status_flag": "M", "permit_tracking": "Y", "pt_start_date": 1782864000000, "dmr_tracking": "Y", "dmr_nr_start_date": 1782864000000, "permit_design_flow": 46.5, "permit_avg_flow": 46.5, "perm_feature_nmbr": "045", "perm_feature_text": "Untreated CSO or Stormwater from\nPatton St CSO ID 0960063", "pf_lat": 39.073539, "pf_lon": -84.495377, "pf_character": "CSO|SW", "perm_feature_type_code": "EXO", "pf_state_waterbody_name": "Licking River", "pf_state_auto_name": "Licking River", "pf_reach_id": "5100101002662", "in_icis": "YES", "echo_dfr_link": "https://echo.epa.gov/detailed-facility-report?fid=110039639736", "name": "NORTHERN KY SANITATION DISTRICT 1- DRY CREEK", "feature_kind": "CSO outfall"}}, {"type": "Feature", "id": 49, "geometry": {"type": "Point", "coordinates": [-84.4998583174294, 39.0791250302059]}, "properties": {"OBJECTID": 49, "npdes_pfid": "KY0021466046", "npdes_id": "KY0021466", "permitting_state": "KY", "agency_type_code": "ST6", "facility_uin": "110039639736", "facility_name": "NORTHERN KY SANITATION DISTRICT 1- DRY CREEK", "location_address": "2999 AMSTERDAM RD", "supplemental_address_text": "", "facility_city": "ERLANGER", "county_code": "KY117", "state_code": "KY", "epa_region_code": "04", "facility_type_code": "MWD", "facility_lat": 39.058611, "facility_lon": -84.618056, "permit_name": "Northern KY Sanitation District 1- Dry Creek", "version_nmbr": 0, "permit_type_code": "NPD", "effective_date": 1782864000000, "expiration_date": 1940544000000, "permit_status_code": "EFF", "facility_type_indicator": "POTW", "major_minor_status_flag": "M", "permit_tracking": "Y", "pt_start_date": 1782864000000, "dmr_tracking": "Y", "dmr_nr_start_date": 1782864000000, "permit_design_flow": 46.5, "permit_avg_flow": 46.5, "perm_feature_nmbr": "046", "perm_feature_text": "Untreated CSO from\n12th St CSO ID 0980073", "pf_lat": 39.079125, "pf_lon": -84.499858, "pf_character": "CSO", "perm_feature_type_code": "EXO", "pf_state_waterbody_name": "Licking River", "pf_state_auto_name": "Licking River", "pf_reach_id": "5100101002662", "in_icis": "YES", "echo_dfr_link": "https://echo.epa.gov/detailed-facility-report?fid=110039639736", "name": "NORTHERN KY SANITATION DISTRICT 1- DRY CREEK", "feature_kind": "CSO outfall"}}, {"type": "Feature", "id": 50, "geometry": {"type": "Point", "coordinates": [-84.4990911561767, 39.0779702245298]}, "properties": {"OBJECTID": 50, "npdes_pfid": "KY0021466047", "npdes_id": "KY0021466", "permitting_state": "KY", "agency_type_code": "ST6", "facility_uin": "110039639736", "facility_name": "NORTHERN KY SANITATION DISTRICT 1- DRY CREEK", "location_address": "2999 AMSTERDAM RD", "supplemental_address_text": "", "facility_city": "ERLANGER", "county_code": "KY117", "state_code": "KY", "epa_region_code": "04", "facility_type_code": "MWD", "facility_lat": 39.058611, "facility_lon": -84.618056, "permit_name": "Northern KY Sanitation District 1- Dry Creek", "version_nmbr": 0, "permit_type_code": "NPD", "effective_date": 1782864000000, "expiration_date": 1940544000000, "permit_status_code": "EFF", "facility_type_indicator": "POTW", "major_minor_status_flag": "M", "permit_tracking": "Y", "pt_start_date": 1782864000000, "dmr_tracking": "Y", "dmr_nr_start_date": 1782864000000, "permit_design_flow": 46.5, "permit_avg_flow": 46.5, "perm_feature_nmbr": "047", "perm_feature_text": "Untreated CSO from\n13th St CSO ID 0980080", "pf_lat": 39.07797, "pf_lon": -84.499091, "pf_character": "CSO", "perm_feature_type_code": "EXO", "pf_state_waterbody_name": "Licking River", "pf_state_auto_name": "Licking River", "pf_reach_id": "5100101002662", "in_icis": "YES", "echo_dfr_link": "https://echo.epa.gov/detailed-facility-report?fid=110039639736", "name": "NORTHERN KY SANITATION DISTRICT 1- DRY CREEK", "feature_kind": "CSO outfall"}}, {"type": "Feature", "id": 51, "geometry": {"type": "Point", "coordinates": [-84.4986339136971, 39.0773021580271]}, "properties": {"OBJECTID": 51, "npdes_pfid": "KY0021466048", "npdes_id": "KY0021466", "permitting_state": "KY", "agency_type_code": "ST6", "facility_uin": "110039639736", "facility_name": "NORTHERN KY SANITATION DISTRICT 1- DRY CREEK", "location_address": "2999 AMSTERDAM RD", "supplemental_address_text": "", "facility_city": "ERLANGER", "county_code": "KY117", "state_code": "KY", "epa_region_code": "04", "facility_type_code": "MWD", "facility_lat": 39.058611, "facility_lon": -84.618056, "permit_name": "Northern KY Sanitation District 1- Dry Creek", "version_nmbr": 0, "permit_type_code": "NPD", "effective_date": 1782864000000, "expiration_date": 1940544000000, "permit_status_code": "EFF", "facility_type_indicator": "POTW", "major_minor_status_flag": "M", "permit_tracking": "Y", "pt_start_date": 1782864000000, "dmr_tracking": "Y", "dmr_nr_start_date": 1782864000000, "permit_design_flow": 46.5, "permit_avg_flow": 46.5, "perm_feature_nmbr": "048", "perm_feature_text": "Untreated CSO or Stormwater from\nMaryland St CSO ID 0980081", "pf_lat": 39.077302, "pf_lon": -84.498634, "pf_character": "CSO|SW", "perm_feature_type_code": "EXO", "pf_state_waterbody_name": "Licking River", "pf_state_auto_name": "Licking River", "pf_reach_id": "5100101002662", "in_icis": "YES", "echo_dfr_link": "https://echo.epa.gov/detailed-facility-report?fid=110039639736", "name": "NORTHERN KY SANITATION DISTRICT 1- DRY CREEK", "feature_kind": "CSO outfall"}}, {"type": "Feature", "id": 52, "geometry": {"type": "Point", "coordinates": [-84.5046840671357, 39.085540970384]}, "properties": {"OBJECTID": 52, "npdes_pfid": "KY0021466050", "npdes_id": "KY0021466", "permitting_state": "KY", "agency_type_code": "ST6", "facility_uin": "110039639736", "facility_name": "NORTHERN KY SANITATION DISTRICT 1- DRY CREEK", "location_address": "2999 AMSTERDAM RD", "supplemental_address_text": "", "facility_city": "ERLANGER", "county_code": "KY117", "state_code": "KY", "epa_region_code": "04", "facility_type_code": "MWD", "facility_lat": 39.058611, "facility_lon": -84.618056, "permit_name": "Northern KY Sanitation District 1- Dry Creek", "version_nmbr": 0, "permit_type_code": "NPD", "effective_date": 1782864000000, "expiration_date": 1940544000000, "permit_status_code": "EFF", "facility_type_indicator": "POTW", "major_minor_status_flag": "M", "permit_tracking": "Y", "pt_start_date": 1782864000000, "dmr_tracking": "Y", "dmr_nr_start_date": 1782864000000, "permit_design_flow": 46.5, "permit_avg_flow": 46.5, "perm_feature_nmbr": "050", "perm_feature_text": "Untreated CSO or Stormwater from\nGarrard St & 6th St CSO ID 1420141", "pf_lat": 39.085541, "pf_lon": -84.504684, "pf_character": "CSO|SW", "perm_feature_type_code": "EXO", "pf_state_waterbody_name": "Licking River", "pf_state_auto_name": "Licking River", "pf_reach_id": "5100101002662", "in_icis": "YES", "echo_dfr_link": "https://echo.epa.gov/detailed-facility-report?fid=110039639736", "name": "NORTHERN KY SANITATION DISTRICT 1- DRY CREEK", "feature_kind": "CSO outfall"}}, {"type": "Feature", "id": 53, "geometry": {"type": "Point", "coordinates": [-84.5033716285056, 39.0832252744662]}, "properties": {"OBJECTID": 53, "npdes_pfid": "KY0021466051", "npdes_id": "KY0021466", "permitting_state": "KY", "agency_type_code": "ST6", "facility_uin": "110039639736", "facility_name": "NORTHERN KY SANITATION DISTRICT 1- DRY CREEK", "location_address": "2999 AMSTERDAM RD", "supplemental_address_text": "", "facility_city": "ERLANGER", "county_code": "KY117", "state_code": "KY", "epa_region_code": "04", "facility_type_code": "MWD", "facility_lat": 39.058611, "facility_lon": -84.618056, "permit_name": "Northern KY Sanitation District 1- Dry Creek", "version_nmbr": 0, "permit_type_code": "NPD", "effective_date": 1782864000000, "expiration_date": 1940544000000, "permit_status_code": "EFF", "facility_type_indicator": "POTW", "major_minor_status_flag": "M", "permit_tracking": "Y", "pt_start_date": 1782864000000, "dmr_tracking": "Y", "dmr_nr_start_date": 1782864000000, "permit_design_flow": 46.5, "permit_avg_flow": 46.5, "perm_feature_nmbr": "051", "perm_feature_text": "Untreated CSO or Stormwater from\nGarrard St & 8th St CSO ID 1420142", "pf_lat": 39.083225, "pf_lon": -84.503372, "pf_character": "CSO|SW", "perm_feature_type_code": "EXO", "pf_state_waterbody_name": "Licking River", "pf_state_auto_name": "Licking River", "pf_reach_id": "5100101002662", "in_icis": "YES", "echo_dfr_link": "https://echo.epa.gov/detailed-facility-report?fid=110039639736", "name": "NORTHERN KY SANITATION DISTRICT 1- DRY CREEK", "feature_kind": "CSO outfall"}}, {"type": "Feature", "id": 54, "geometry": {"type": "Point", "coordinates": [-84.5026008739918, 39.0823459734482]}, "properties": {"OBJECTID": 54, "npdes_pfid": "KY0021466052", "npdes_id": "KY0021466", "permitting_state": "KY", "agency_type_code": "ST6", "facility_uin": "110039639736", "facility_name": "NORTHERN KY SANITATION DISTRICT 1- DRY CREEK", "location_address": "2999 AMSTERDAM RD", "supplemental_address_text": "", "facility_city": "ERLANGER", "county_code": "KY117", "state_code": "KY", "epa_region_code": "04", "facility_type_code": "MWD", "facility_lat": 39.058611, "facility_lon": -84.618056, "permit_name": "Northern KY Sanitation District 1- Dry Creek", "version_nmbr": 0, "permit_type_code": "NPD", "effective_date": 1782864000000, "expiration_date": 1940544000000, "permit_status_code": "EFF", "facility_type_indicator": "POTW", "major_minor_status_flag": "M", "permit_tracking": "Y", "pt_start_date": 1782864000000, "dmr_tracking": "Y", "dmr_nr_start_date": 1782864000000, "permit_design_flow": 46.5, "permit_avg_flow": 46.5, "perm_feature_nmbr": "052", "perm_feature_text": "Untreated CSO or Stormwater from\n9th St CSO ID 1420144", "pf_lat": 39.082346, "pf_lon": -84.502601, "pf_character": "CSO|SW", "perm_feature_type_code": "EXO", "pf_state_waterbody_name": "Licking River", "pf_state_auto_name": "Licking River", "pf_reach_id": "5100101002662", "in_icis": "YES", "echo_dfr_link": "https://echo.epa.gov/detailed-facility-report?fid=110039639736", "name": "NORTHERN KY SANITATION DISTRICT 1- DRY CREEK", "feature_kind": "CSO outfall"}}, {"type": "Feature", "id": 55, "geometry": {"type": "Point", "coordinates": [-84.502152614665, 39.0817930053392]}, "properties": {"OBJECTID": 55, "npdes_pfid": "KY0021466053", "npdes_id": "KY0021466", "permitting_state": "KY", "agency_type_code": "ST6", "facility_uin": "110039639736", "facility_name": "NORTHERN KY SANITATION DISTRICT 1- DRY CREEK", "location_address": "2999 AMSTERDAM RD", "supplemental_address_text": "", "facility_city": "ERLANGER", "county_code": "KY117", "state_code": "KY", "epa_region_code": "04", "facility_type_code": "MWD", "facility_lat": 39.058611, "facility_lon": -84.618056, "permit_name": "Northern KY Sanitation District 1- Dry Creek", "version_nmbr": 0, "permit_type_code": "NPD", "effective_date": 1782864000000, "expiration_date": 1940544000000, "permit_status_code": "EFF", "facility_type_indicator": "POTW", "major_minor_status_flag": "M", "permit_tracking": "Y", "pt_start_date": 1782864000000, "dmr_tracking": "Y", "dmr_nr_start_date": 1782864000000, "permit_design_flow": 46.5, "permit_avg_flow": 46.5, "perm_feature_nmbr": "053", "perm_feature_text": "Untreated CSO or Stormwater from\n10th St CSO ID 1420145", "pf_lat": 39.081793, "pf_lon": -84.502153, "pf_character": "CSO|SW", "perm_feature_type_code": "EXO", "pf_state_waterbody_name": "Licking River", "pf_state_auto_name": "Licking River", "pf_reach_id": "5100101002662", "in_icis": "YES", "echo_dfr_link": "https://echo.epa.gov/detailed-facility-report?fid=110039639736", "name": "NORTHERN KY SANITATION DISTRICT 1- DRY CREEK", "feature_kind": "CSO outfall"}}, {"type": "Feature", "id": 56, "geometry": {"type": "Point", "coordinates": [-84.5017088469147, 39.0811919178124]}, "properties": {"OBJECTID": 56, "npdes_pfid": "KY0021466054", "npdes_id": "KY0021466", "permitting_state": "KY", "agency_type_code": "ST6", "facility_uin": "110039639736", "facility_name": "NORTHERN KY SANITATION DISTRICT 1- DRY CREEK", "location_address": "2999 AMSTERDAM RD", "supplemental_address_text": "", "facility_city": "ERLANGER", "county_code": "KY117", "state_code": "KY", "epa_region_code": "04", "facility_type_code": "MWD", "facility_lat": 39.058611, "facility_lon": -84.618056, "permit_name": "Northern KY Sanitation District 1- Dry Creek", "version_nmbr": 0, "permit_type_code": "NPD", "effective_date": 1782864000000, "expiration_date": 1940544000000, "permit_status_code": "EFF", "facility_type_indicator": "POTW", "major_minor_status_flag": "M", "permit_tracking": "Y", "pt_start_date": 1782864000000, "dmr_tracking": "Y", "dmr_nr_start_date": 1782864000000, "permit_design_flow": 46.5, "permit_avg_flow": 46.5, "perm_feature_nmbr": "054", "perm_feature_text": "Untreated CSO or Stormwater from\nRobbins St CSO ID 1420146", "pf_lat": 39.081192, "pf_lon": -84.501709, "pf_character": "CSO|SW", "perm_feature_type_code": "EXO", "pf_state_waterbody_name": "Licking River", "pf_state_auto_name": "Licking River", "pf_reach_id": "5100101002662", "in_icis": "YES", "echo_dfr_link": "https://echo.epa.gov/detailed-facility-report?fid=110039639736", "name": "NORTHERN KY SANITATION DISTRICT 1- DRY CREEK", "feature_kind": "CSO outfall"}}, {"type": "Feature", "id": 57, "geometry": {"type": "Point", "coordinates": [-84.5006856658061, 39.0803077101475]}, "properties": {"OBJECTID": 57, "npdes_pfid": "KY0021466055", "npdes_id": "KY0021466", "permitting_state": "KY", "agency_type_code": "ST6", "facility_uin": "110039639736", "facility_name": "NORTHERN KY SANITATION DISTRICT 1- DRY CREEK", "location_address": "2999 AMSTERDAM RD", "supplemental_address_text": "", "facility_city": "ERLANGER", "county_code": "KY117", "state_code": "KY", "epa_region_code": "04", "facility_type_code": "MWD", "facility_lat": 39.058611, "facility_lon": -84.618056, "permit_name": "Northern KY Sanitation District 1- Dry Creek", "version_nmbr": 0, "permit_type_code": "NPD", "effective_date": 1782864000000, "expiration_date": 1940544000000, "permit_status_code": "EFF", "facility_type_indicator": "POTW", "major_minor_status_flag": "M", "permit_tracking": "Y", "pt_start_date": 1782864000000, "dmr_tracking": "Y", "dmr_nr_start_date": 1782864000000, "permit_design_flow": 46.5, "permit_avg_flow": 46.5, "perm_feature_nmbr": "055", "perm_feature_text": "Untreated CSO or Stormwater from\n11th St CSO ID 1420147", "pf_lat": 39.080308, "pf_lon": -84.500686, "pf_character": "CSO|SW", "perm_feature_type_code": "EXO", "pf_state_waterbody_name": "Licking River", "pf_state_auto_name": "Licking River", "pf_reach_id": "5100101002662", "in_icis": "YES", "echo_dfr_link": "https://echo.epa.gov/detailed-facility-report?fid=110039639736", "name": "NORTHERN KY SANITATION DISTRICT 1- DRY CREEK", "feature_kind": "CSO outfall"}}, {"type": "Feature", "id": 58, "geometry": {"type": "Point", "coordinates": [-84.5151144058996, 39.0897649497807]}, "properties": {"OBJECTID": 58, "npdes_pfid": "KY0021466056", "npdes_id": "KY0021466", "permitting_state": "KY", "agency_type_code": "ST6", "facility_uin": "110039639736", "facility_name": "NORTHERN KY SANITATION DISTRICT 1- DRY CREEK", "location_address": "2999 AMSTERDAM RD", "supplemental_address_text": "", "facility_city": "ERLANGER", "county_code": "KY117", "state_code": "KY", "epa_region_code": "04", "facility_type_code": "MWD", "facility_lat": 39.058611, "facility_lon": -84.618056, "permit_name": "Northern KY Sanitation District 1- Dry Creek", "version_nmbr": 0, "permit_type_code": "NPD", "effective_date": 1782864000000, "expiration_date": 1940544000000, "permit_status_code": "EFF", "facility_type_indicator": "POTW", "major_minor_status_flag": "M", "permit_tracking": "Y", "pt_start_date": 1782864000000, "dmr_tracking": "Y", "dmr_nr_start_date": 1782864000000, "permit_design_flow": 46.5, "permit_avg_flow": 46.5, "perm_feature_nmbr": "056", "perm_feature_text": "Untreated CSO or Stormwater from\nRiver Center at Russell St CSO ID 1440209", "pf_lat": 39.089765, "pf_lon": -84.515114, "pf_character": "CSO|SW", "perm_feature_type_code": "EXO", "pf_state_waterbody_name": "Ohio River", "pf_state_auto_name": "Ohio River", "pf_reach_id": "5090203000060", "in_icis": "YES", "echo_dfr_link": "https://echo.epa.gov/detailed-facility-report?fid=110039639736", "name": "NORTHERN KY SANITATION DISTRICT 1- DRY CREEK", "feature_kind": "CSO outfall"}}, {"type": "Feature", "id": 59, "geometry": {"type": "Point", "coordinates": [-84.5104171152789, 39.0909676708365]}, "properties": {"OBJECTID": 59, "npdes_pfid": "KY0021466059", "npdes_id": "KY0021466", "permitting_state": "KY", "agency_type_code": "ST6", "facility_uin": "110039639736", "facility_name": "NORTHERN KY SANITATION DISTRICT 1- DRY CREEK", "location_address": "2999 AMSTERDAM RD", "supplemental_address_text": "", "facility_city": "ERLANGER", "county_code": "KY117", "state_code": "KY", "epa_region_code": "04", "facility_type_code": "MWD", "facility_lat": 39.058611, "facility_lon": -84.618056, "permit_name": "Northern KY Sanitation District 1- Dry Creek", "version_nmbr": 0, "permit_type_code": "NPD", "effective_date": 1782864000000, "expiration_date": 1940544000000, "permit_status_code": "EFF", "facility_type_indicator": "POTW", "major_minor_status_flag": "M", "permit_tracking": "Y", "pt_start_date": 1782864000000, "dmr_tracking": "Y", "dmr_nr_start_date": 1782864000000, "permit_design_flow": 46.5, "permit_avg_flow": 46.5, "perm_feature_nmbr": "059", "perm_feature_text": "Untreated CSO or Stormwater from\nScott St CSO ID 1440204", "pf_lat": 39.090968, "pf_lon": -84.510417, "pf_character": "CSO|SW", "perm_feature_type_code": "EXO", "pf_state_waterbody_name": "Ohio River", "pf_state_auto_name": "Ohio River", "pf_reach_id": "5090203000060", "in_icis": "YES", "echo_dfr_link": "https://echo.epa.gov/detailed-facility-report?fid=110039639736", "name": "NORTHERN KY SANITATION DISTRICT 1- DRY CREEK", "feature_kind": "CSO outfall"}}, {"type": "Feature", "id": 60, "geometry": {"type": "Point", "coordinates": [-84.5091540839894, 39.0910708598616]}, "properties": {"OBJECTID": 60, "npdes_pfid": "KY0021466060", "npdes_id": "KY0021466", "permitting_state": "KY", "agency_type_code": "ST6", "facility_uin": "110039639736", "facility_name": "NORTHERN KY SANITATION DISTRICT 1- DRY CREEK", "location_address": "2999 AMSTERDAM RD", "supplemental_address_text": "", "facility_city": "ERLANGER", "county_code": "KY117", "state_code": "KY", "epa_region_code": "04", "facility_type_code": "MWD", "facility_lat": 39.058611, "facility_lon": -84.618056, "permit_name": "Northern KY Sanitation District 1- Dry Creek", "version_nmbr": 0, "permit_type_code": "NPD", "effective_date": 1782864000000, "expiration_date": 1940544000000, "permit_status_code": "EFF", "facility_type_indicator": "POTW", "major_minor_status_flag": "M", "permit_tracking": "Y", "pt_start_date": 1782864000000, "dmr_tracking": "Y", "dmr_nr_start_date": 1782864000000, "permit_design_flow": 46.5, "permit_avg_flow": 46.5, "perm_feature_nmbr": "060", "perm_feature_text": "Untreated CSO or Stormwater from\nGreenup St CSO ID 1440508", "pf_lat": 39.091071, "pf_lon": -84.509154, "pf_character": "CSO|SW", "perm_feature_type_code": "EXO", "pf_state_waterbody_name": "Ohio River", "pf_state_auto_name": "Ohio River", "pf_reach_id": "5090203000060", "in_icis": "YES", "echo_dfr_link": "https://echo.epa.gov/detailed-facility-report?fid=110039639736", "name": "NORTHERN KY SANITATION DISTRICT 1- DRY CREEK", "feature_kind": "CSO outfall"}}, {"type": "Feature", "id": 61, "geometry": {"type": "Point", "coordinates": [-84.5071149082945, 39.0914599090173]}, "properties": {"OBJECTID": 61, "npdes_pfid": "KY0021466061", "npdes_id": "KY0021466", "permitting_state": "KY", "agency_type_code": "ST6", "facility_uin": "110039639736", "facility_name": "NORTHERN KY SANITATION DISTRICT 1- DRY CREEK", "location_address": "2999 AMSTERDAM RD", "supplemental_address_text": "", "facility_city": "ERLANGER", "county_code": "KY117", "state_code": "KY", "epa_region_code": "04", "facility_type_code": "MWD", "facility_lat": 39.058611, "facility_lon": -84.618056, "permit_name": "Northern KY Sanitation District 1- Dry Creek", "version_nmbr": 0, "permit_type_code": "NPD", "effective_date": 1782864000000, "expiration_date": 1940544000000, "permit_status_code": "EFF", "facility_type_indicator": "POTW", "major_minor_status_flag": "M", "permit_tracking": "Y", "pt_start_date": 1782864000000, "dmr_tracking": "Y", "dmr_nr_start_date": 1782864000000, "permit_design_flow": 46.5, "permit_avg_flow": 46.5, "perm_feature_nmbr": "061", "perm_feature_text": "Untreated CSO or Stormwater from\nGarrard St CSO ID 1440206", "pf_lat": 39.09146, "pf_lon": -84.507115, "pf_character": "CSO|SW", "perm_feature_type_code": "EXO", "pf_state_waterbody_name": "Ohio River", "pf_state_auto_name": "Ohio River", "pf_reach_id": "5090203000060", "in_icis": "YES", "echo_dfr_link": "https://echo.epa.gov/detailed-facility-report?fid=110039639736", "name": "NORTHERN KY SANITATION DISTRICT 1- DRY CREEK", "feature_kind": "CSO outfall"}}, {"type": "Feature", "id": 62, "geometry": {"type": "Point", "coordinates": [-84.5200245972426, 39.0893500934128]}, "properties": {"OBJECTID": 62, "npdes_pfid": "KY0021466062", "npdes_id": "KY0021466", "permitting_state": "KY", "agency_type_code": "ST6", "facility_uin": "110039639736", "facility_name": "NORTHERN KY SANITATION DISTRICT 1- DRY CREEK", "location_address": "2999 AMSTERDAM RD", "supplemental_address_text": "", "facility_city": "ERLANGER", "county_code": "KY117", "state_code": "KY", "epa_region_code": "04", "facility_type_code": "MWD", "facility_lat": 39.058611, "facility_lon": -84.618056, "permit_name": "Northern KY Sanitation District 1- Dry Creek", "version_nmbr": 0, "permit_type_code": "NPD", "effective_date": 1782864000000, "expiration_date": 1940544000000, "permit_status_code": "EFF", "facility_type_indicator": "POTW", "major_minor_status_flag": "M", "permit_tracking": "Y", "pt_start_date": 1782864000000, "dmr_tracking": "Y", "dmr_nr_start_date": 1782864000000, "permit_design_flow": 46.5, "permit_avg_flow": 46.5, "perm_feature_nmbr": "062", "perm_feature_text": "Untreated CSO or Stormwater from\nPhiladelphia St CSO ID 1470089", "pf_lat": 39.08935, "pf_lon": -84.520025, "pf_character": "CSO|SW", "perm_feature_type_code": "EXO", "pf_state_waterbody_name": "Ohio River", "pf_state_auto_name": "Ohio River", "pf_reach_id": "5090203000060", "in_icis": "YES", "echo_dfr_link": "https://echo.epa.gov/detailed-facility-report?fid=110039639736", "name": "NORTHERN KY SANITATION DISTRICT 1- DRY CREEK", "feature_kind": "CSO outfall"}}, {"type": "Feature", "id": 63, "geometry": {"type": "Point", "coordinates": [-84.5175973493449, 39.0894358538368]}, "properties": {"OBJECTID": 63, "npdes_pfid": "KY0021466063", "npdes_id": "KY0021466", "permitting_state": "KY", "agency_type_code": "ST6", "facility_uin": "110039639736", "facility_name": "NORTHERN KY SANITATION DISTRICT 1- DRY CREEK", "location_address": "2999 AMSTERDAM RD", "supplemental_address_text": "", "facility_city": "ERLANGER", "county_code": "KY117", "state_code": "KY", "epa_region_code": "04", "facility_type_code": "MWD", "facility_lat": 39.058611, "facility_lon": -84.618056, "permit_name": "Northern KY Sanitation District 1- Dry Creek", "version_nmbr": 0, "permit_type_code": "NPD", "effective_date": 1782864000000, "expiration_date": 1940544000000, "permit_status_code": "EFF", "facility_type_indicator": "POTW", "major_minor_status_flag": "M", "permit_tracking": "Y", "pt_start_date": 1782864000000, "dmr_tracking": "Y", "dmr_nr_start_date": 1782864000000, "permit_design_flow": 46.5, "permit_avg_flow": 46.5, "perm_feature_nmbr": "063", "perm_feature_text": "Untreated CSO or Stormwater from\nMain St (Covington) CSO ID 1470093", "pf_lat": 39.089436, "pf_lon": -84.517597, "pf_character": "CSO|SW", "perm_feature_type_code": "EXO", "pf_state_waterbody_name": "Ohio River", "pf_state_auto_name": "Ohio River", "pf_reach_id": "5090203000060", "in_icis": "YES", "echo_dfr_link": "https://echo.epa.gov/detailed-facility-report?fid=110039639736", "name": "NORTHERN KY SANITATION DISTRICT 1- DRY CREEK", "feature_kind": "CSO outfall"}}, {"type": "Feature", "id": 64, "geometry": {"type": "Point", "coordinates": [-84.5314727272234, 39.091927741271]}, "properties": {"OBJECTID": 64, "npdes_pfid": "KY0021466064", "npdes_id": "KY0021466", "permitting_state": "KY", "agency_type_code": "ST6", "facility_uin": "110039639736", "facility_name": "NORTHERN KY SANITATION DISTRICT 1- DRY CREEK", "location_address": "2999 AMSTERDAM RD", "supplemental_address_text": "", "facility_city": "ERLANGER", "county_code": "KY117", "state_code": "KY", "epa_region_code": "04", "facility_type_code": "MWD", "facility_lat": 39.058611, "facility_lon": -84.618056, "permit_name": "Northern KY Sanitation District 1- Dry Creek", "version_nmbr": 0, "permit_type_code": "NPD", "effective_date": 1782864000000, "expiration_date": 1940544000000, "permit_status_code": "EFF", "facility_type_indicator": "POTW", "major_minor_status_flag": "M", "permit_tracking": "Y", "pt_start_date": 1782864000000, "dmr_tracking": "Y", "dmr_nr_start_date": 1782864000000, "permit_design_flow": 46.5, "permit_avg_flow": 46.5, "perm_feature_nmbr": "064", "perm_feature_text": "Untreated CSO from\nSwain Ct CSO ID 1490172", "pf_lat": 39.091928, "pf_lon": -84.531473, "pf_character": "CSO", "perm_feature_type_code": "EXO", "pf_state_waterbody_name": "Ohio River", "pf_state_auto_name": "Ohio River", "pf_reach_id": "5090203000060", "in_icis": "YES", "echo_dfr_link": "https://echo.epa.gov/detailed-facility-report?fid=110039639736", "name": "NORTHERN KY SANITATION DISTRICT 1- DRY CREEK", "feature_kind": "CSO outfall"}}, {"type": "Feature", "id": 65, "geometry": {"type": "Point", "coordinates": [-84.5295413493625, 39.0907543200762]}, "properties": {"OBJECTID": 65, "npdes_pfid": "KY0021466065", "npdes_id": "KY0021466", "permitting_state": "KY", "agency_type_code": "ST6", "facility_uin": "110039639736", "facility_name": "NORTHERN KY SANITATION DISTRICT 1- DRY CREEK", "location_address": "2999 AMSTERDAM RD", "supplemental_address_text": "", "facility_city": "ERLANGER", "county_code": "KY117", "state_code": "KY", "epa_region_code": "04", "facility_type_code": "MWD", "facility_lat": 39.058611, "facility_lon": -84.618056, "permit_name": "Northern KY Sanitation District 1- Dry Creek", "version_nmbr": 0, "permit_type_code": "NPD", "effective_date": 1782864000000, "expiration_date": 1940544000000, "permit_status_code": "EFF", "facility_type_indicator": "POTW", "major_minor_status_flag": "M", "permit_tracking": "Y", "pt_start_date": 1782864000000, "dmr_tracking": "Y", "dmr_nr_start_date": 1782864000000, "permit_design_flow": 46.5, "permit_avg_flow": 46.5, "perm_feature_nmbr": "065", "perm_feature_text": "Untreated CSO from\nParkway Ave at Highway Ave CSO ID 1490132", "pf_lat": 39.090754, "pf_lon": -84.529541, "pf_character": "CSO", "perm_feature_type_code": "EXO", "pf_state_waterbody_name": "Ohio River", "pf_state_auto_name": "Ohio River", "pf_reach_id": "5090203000060", "in_icis": "YES", "echo_dfr_link": "https://echo.epa.gov/detailed-facility-report?fid=110039639736", "name": "NORTHERN KY SANITATION DISTRICT 1- DRY CREEK", "feature_kind": "CSO outfall"}}, {"type": "Feature", "id": 66, "geometry": {"type": "Point", "coordinates": [-84.5386673343339, 39.0955001761428]}, "properties": {"OBJECTID": 66, "npdes_pfid": "KY0021466066", "npdes_id": "KY0021466", "permitting_state": "KY", "agency_type_code": "ST6", "facility_uin": "110039639736", "facility_name": "NORTHERN KY SANITATION DISTRICT 1- DRY CREEK", "location_address": "2999 AMSTERDAM RD", "supplemental_address_text": "", "facility_city": "ERLANGER", "county_code": "KY117", "state_code": "KY", "epa_region_code": "04", "facility_type_code": "MWD", "facility_lat": 39.058611, "facility_lon": -84.618056, "permit_name": "Northern KY Sanitation District 1- Dry Creek", "version_nmbr": 0, "permit_type_code": "NPD", "effective_date": 1782864000000, "expiration_date": 1940544000000, "permit_status_code": "EFF", "facility_type_indicator": "POTW", "major_minor_status_flag": "M", "permit_tracking": "Y", "pt_start_date": 1782864000000, "dmr_tracking": "Y", "dmr_nr_start_date": 1782864000000, "permit_design_flow": 46.5, "permit_avg_flow": 46.5, "perm_feature_nmbr": "066", "perm_feature_text": "Untreated CSO from\nPost Pl & West St CSO ID 1500131", "pf_lat": 39.0955, "pf_lon": -84.538667, "pf_character": "CSO", "perm_feature_type_code": "EXO", "pf_state_waterbody_name": "Ohio River", "pf_state_auto_name": "Ohio River", "pf_reach_id": "5090203000060", "in_icis": "YES", "echo_dfr_link": "https://echo.epa.gov/detailed-facility-report?fid=110039639736", "name": "NORTHERN KY SANITATION DISTRICT 1- DRY CREEK", "feature_kind": "CSO outfall"}}, {"type": "Feature", "id": 67, "geometry": {"type": "Point", "coordinates": [-84.5552107086062, 39.0931562219226]}, "properties": {"OBJECTID": 67, "npdes_pfid": "KY0021466068", "npdes_id": "KY0021466", "permitting_state": "KY", "agency_type_code": "ST6", "facility_uin": "110039639736", "facility_name": "NORTHERN KY SANITATION DISTRICT 1- DRY CREEK", "location_address": "2999 AMSTERDAM RD", "supplemental_address_text": "", "facility_city": "ERLANGER", "county_code": "KY117", "state_code": "KY", "epa_region_code": "04", "facility_type_code": "MWD", "facility_lat": 39.058611, "facility_lon": -84.618056, "permit_name": "Northern KY Sanitation District 1- Dry Creek", "version_nmbr": 0, "permit_type_code": "NPD", "effective_date": 1782864000000, "expiration_date": 1940544000000, "permit_status_code": "EFF", "facility_type_indicator": "POTW", "major_minor_status_flag": "M", "permit_tracking": "Y", "pt_start_date": 1782864000000, "dmr_tracking": "Y", "dmr_nr_start_date": 1782864000000, "permit_design_flow": 46.5, "permit_avg_flow": 46.5, "perm_feature_nmbr": "068", "perm_feature_text": "Untreated CSO from\nAdela St CSO ID 1710116", "pf_lat": 39.093156, "pf_lon": -84.555211, "pf_character": "CSO", "perm_feature_type_code": "EXO", "pf_state_waterbody_name": "Ohio River", "pf_state_auto_name": "Ohio River", "pf_reach_id": "5090203000058", "in_icis": "YES", "echo_dfr_link": "https://echo.epa.gov/detailed-facility-report?fid=110039639736", "name": "NORTHERN KY SANITATION DISTRICT 1- DRY CREEK", "feature_kind": "CSO outfall"}}, {"type": "Feature", "id": 68, "geometry": {"type": "Point", "coordinates": [-84.5512742910312, 39.0959303341757]}, "properties": {"OBJECTID": 68, "npdes_pfid": "KY0021466069", "npdes_id": "KY0021466", "permitting_state": "KY", "agency_type_code": "ST6", "facility_uin": "110039639736", "facility_name": "NORTHERN KY SANITATION DISTRICT 1- DRY CREEK", "location_address": "2999 AMSTERDAM RD", "supplemental_address_text": "", "facility_city": "ERLANGER", "county_code": "KY117", "state_code": "KY", "epa_region_code": "04", "facility_type_code": "MWD", "facility_lat": 39.058611, "facility_lon": -84.618056, "permit_name": "Northern KY Sanitation District 1- Dry Creek", "version_nmbr": 0, "permit_type_code": "NPD", "effective_date": 1782864000000, "expiration_date": 1940544000000, "permit_status_code": "EFF", "facility_type_indicator": "POTW", "major_minor_status_flag": "M", "permit_tracking": "Y", "pt_start_date": 1782864000000, "dmr_tracking": "Y", "dmr_nr_start_date": 1782864000000, "permit_design_flow": 46.5, "permit_avg_flow": 46.5, "perm_feature_nmbr": "069", "perm_feature_text": "Untreated CSO or Stormwater from\nKenner St CSO ID 1710114", "pf_lat": 39.09593, "pf_lon": -84.551274, "pf_character": "CSO|SW", "perm_feature_type_code": "EXO", "pf_state_waterbody_name": "Ohio River", "pf_state_auto_name": "Ohio River", "pf_reach_id": "5090203000058", "in_icis": "YES", "echo_dfr_link": "https://echo.epa.gov/detailed-facility-report?fid=110039639736", "name": "NORTHERN KY SANITATION DISTRICT 1- DRY CREEK", "feature_kind": "CSO outfall"}}, {"type": "Feature", "id": 69, "geometry": {"type": "Point", "coordinates": [-84.5500606670824, 39.096119268236]}, "properties": {"OBJECTID": 69, "npdes_pfid": "KY0021466070", "npdes_id": "KY0021466", "permitting_state": "KY", "agency_type_code": "ST6", "facility_uin": "110039639736", "facility_name": "NORTHERN KY SANITATION DISTRICT 1- DRY CREEK", "location_address": "2999 AMSTERDAM RD", "supplemental_address_text": "", "facility_city": "ERLANGER", "county_code": "KY117", "state_code": "KY", "epa_region_code": "04", "facility_type_code": "MWD", "facility_lat": 39.058611, "facility_lon": -84.618056, "permit_name": "Northern KY Sanitation District 1- Dry Creek", "version_nmbr": 0, "permit_type_code": "NPD", "effective_date": 1782864000000, "expiration_date": 1940544000000, "permit_status_code": "EFF", "facility_type_indicator": "POTW", "major_minor_status_flag": "M", "permit_tracking": "Y", "pt_start_date": 1782864000000, "dmr_tracking": "Y", "dmr_nr_start_date": 1782864000000, "permit_design_flow": 46.5, "permit_avg_flow": 46.5, "perm_feature_nmbr": "070", "perm_feature_text": "Untreated CSO from Butler St CSO ID 1710119", "pf_lat": 39.096119, "pf_lon": -84.550061, "pf_character": "CSO", "perm_feature_type_code": "EXO", "pf_state_waterbody_name": "Ohio River", "pf_state_auto_name": "Ohio River", "pf_reach_id": "5090203000058", "in_icis": "YES", "echo_dfr_link": "https://echo.epa.gov/detailed-facility-report?fid=110039639736", "name": "NORTHERN KY SANITATION DISTRICT 1- DRY CREEK", "feature_kind": "CSO outfall"}}, {"type": "Feature", "id": 70, "geometry": {"type": "Point", "coordinates": [-84.5475911983664, 39.0967062852228]}, "properties": {"OBJECTID": 70, "npdes_pfid": "KY0021466071", "npdes_id": "KY0021466", "permitting_state": "KY", "agency_type_code": "ST6", "facility_uin": "110039639736", "facility_name": "NORTHERN KY SANITATION DISTRICT 1- DRY CREEK", "location_address": "2999 AMSTERDAM RD", "supplemental_address_text": "", "facility_city": "ERLANGER", "county_code": "KY117", "state_code": "KY", "epa_region_code": "04", "facility_type_code": "MWD", "facility_lat": 39.058611, "facility_lon": -84.618056, "permit_name": "Northern KY Sanitation District 1- Dry Creek", "version_nmbr": 0, "permit_type_code": "NPD", "effective_date": 1782864000000, "expiration_date": 1940544000000, "permit_status_code": "EFF", "facility_type_indicator": "POTW", "major_minor_status_flag": "M", "permit_tracking": "Y", "pt_start_date": 1782864000000, "dmr_tracking": "Y", "dmr_nr_start_date": 1782864000000, "permit_design_flow": 46.5, "permit_avg_flow": 46.5, "perm_feature_nmbr": "071", "perm_feature_text": "Untreated CSO from\nCarneal St CSO ID 1710121", "pf_lat": 39.096706, "pf_lon": -84.547591, "pf_character": "CSO", "perm_feature_type_code": "EXO", "pf_state_waterbody_name": "Ohio River", "pf_state_auto_name": "Ohio River", "pf_reach_id": "5090203000058", "in_icis": "YES", "echo_dfr_link": "https://echo.epa.gov/detailed-facility-report?fid=110039639736", "name": "NORTHERN KY SANITATION DISTRICT 1- DRY CREEK", "feature_kind": "CSO outfall"}}, {"type": "Feature", "id": 71, "geometry": {"type": "Point", "coordinates": [-84.5437482055809, 39.0967983111957]}, "properties": {"OBJECTID": 71, "npdes_pfid": "KY0021466072", "npdes_id": "KY0021466", "permitting_state": "KY", "agency_type_code": "ST6", "facility_uin": "110039639736", "facility_name": "NORTHERN KY SANITATION DISTRICT 1- DRY CREEK", "location_address": "2999 AMSTERDAM RD", "supplemental_address_text": "", "facility_city": "ERLANGER", "county_code": "KY117", "state_code": "KY", "epa_region_code": "04", "facility_type_code": "MWD", "facility_lat": 39.058611, "facility_lon": -84.618056, "permit_name": "Northern KY Sanitation District 1- Dry Creek", "version_nmbr": 0, "permit_type_code": "NPD", "effective_date": 1782864000000, "expiration_date": 1940544000000, "permit_status_code": "EFF", "facility_type_indicator": "POTW", "major_minor_status_flag": "M", "permit_tracking": "Y", "pt_start_date": 1782864000000, "dmr_tracking": "Y", "dmr_nr_start_date": 1782864000000, "permit_design_flow": 46.5, "permit_avg_flow": 46.5, "perm_feature_nmbr": "072", "perm_feature_text": "Untreated CSO from\nAsh St (Ludlow) CSO ID 1710124", "pf_lat": 39.096798, "pf_lon": -84.543748, "pf_character": "CSO", "perm_feature_type_code": "EXO", "pf_state_waterbody_name": "Ohio River", "pf_state_auto_name": "Ohio River", "pf_reach_id": "5090203000060", "in_icis": "YES", "echo_dfr_link": "https://echo.epa.gov/detailed-facility-report?fid=110039639736", "name": "NORTHERN KY SANITATION DISTRICT 1- DRY CREEK", "feature_kind": "CSO outfall"}}, {"type": "Feature", "id": 72, "geometry": {"type": "Point", "coordinates": [-84.5597750485648, 39.086955731835]}, "properties": {"OBJECTID": 72, "npdes_pfid": "KY0021466073", "npdes_id": "KY0021466", "permitting_state": "KY", "agency_type_code": "ST6", "facility_uin": "110039639736", "facility_name": "NORTHERN KY SANITATION DISTRICT 1- DRY CREEK", "location_address": "2999 AMSTERDAM RD", "supplemental_address_text": "", "facility_city": "ERLANGER", "county_code": "KY117", "state_code": "KY", "epa_region_code": "04", "facility_type_code": "MWD", "facility_lat": 39.058611, "facility_lon": -84.618056, "permit_name": "Northern KY Sanitation District 1- Dry Creek", "version_nmbr": 0, "permit_type_code": "NPD", "effective_date": 1782864000000, "expiration_date": 1940544000000, "permit_status_code": "EFF", "facility_type_indicator": "POTW", "major_minor_status_flag": "M", "permit_tracking": "Y", "pt_start_date": 1782864000000, "dmr_tracking": "Y", "dmr_nr_start_date": 1782864000000, "permit_design_flow": 46.5, "permit_avg_flow": 46.5, "perm_feature_nmbr": "073", "perm_feature_text": "Untreated CSO from\nLagoon St CSO ID 1720109", "pf_lat": 39.086956, "pf_lon": -84.559775, "pf_character": "CSO", "perm_feature_type_code": "EXO", "pf_state_waterbody_name": "Ohio River", "pf_state_auto_name": "Dry Creek-Ohio River", "pf_reach_id": "5090203000706", "in_icis": "YES", "echo_dfr_link": "https://echo.epa.gov/detailed-facility-report?fid=110039639736", "name": "NORTHERN KY SANITATION DISTRICT 1- DRY CREEK", "feature_kind": "CSO outfall"}}, {"type": "Feature", "id": 73, "geometry": {"type": "Point", "coordinates": [-84.5642495569951, 39.0831499660056]}, "properties": {"OBJECTID": 73, "npdes_pfid": "KY0021466074", "npdes_id": "KY0021466", "permitting_state": "KY", "agency_type_code": "ST6", "facility_uin": "110039639736", "facility_name": "NORTHERN KY SANITATION DISTRICT 1- DRY CREEK", "location_address": "2999 AMSTERDAM RD", "supplemental_address_text": "", "facility_city": "ERLANGER", "county_code": "KY117", "state_code": "KY", "epa_region_code": "04", "facility_type_code": "MWD", "facility_lat": 39.058611, "facility_lon": -84.618056, "permit_name": "Northern KY Sanitation District 1- Dry Creek", "version_nmbr": 0, "permit_type_code": "NPD", "effective_date": 1782864000000, "expiration_date": 1940544000000, "permit_status_code": "EFF", "facility_type_indicator": "POTW", "major_minor_status_flag": "M", "permit_tracking": "Y", "pt_start_date": 1782864000000, "dmr_tracking": "Y", "dmr_nr_start_date": 1782864000000, "permit_design_flow": 46.5, "permit_avg_flow": 46.5, "perm_feature_nmbr": "074", "perm_feature_text": "Untreated CSO or Stormwater from\nRohman St CSO ID 1730263", "pf_lat": 39.08315, "pf_lon": -84.56425, "pf_character": "CSO|SW", "perm_feature_type_code": "EXO", "pf_state_waterbody_name": "Ohio River", "pf_state_auto_name": "Ohio River", "pf_reach_id": "5090203000057", "in_icis": "YES", "echo_dfr_link": "https://echo.epa.gov/detailed-facility-report?fid=110039639736", "name": "NORTHERN KY SANITATION DISTRICT 1- DRY CREEK", "feature_kind": "CSO outfall"}}, {"type": "Feature", "id": 74, "geometry": {"type": "Point", "coordinates": [-84.5600732892392, 39.0852990147464]}, "properties": {"OBJECTID": 74, "npdes_pfid": "KY0021466075", "npdes_id": "KY0021466", "permitting_state": "KY", "agency_type_code": "ST6", "facility_uin": "110039639736", "facility_name": "NORTHERN KY SANITATION DISTRICT 1- DRY CREEK", "location_address": "2999 AMSTERDAM RD", "supplemental_address_text": "", "facility_city": "ERLANGER", "county_code": "KY117", "state_code": "KY", "epa_region_code": "04", "facility_type_code": "MWD", "facility_lat": 39.058611, "facility_lon": -84.618056, "permit_name": "Northern KY Sanitation District 1- Dry Creek", "version_nmbr": 0, "permit_type_code": "NPD", "effective_date": 1782864000000, "expiration_date": 1940544000000, "permit_status_code": "EFF", "facility_type_indicator": "POTW", "major_minor_status_flag": "M", "permit_tracking": "Y", "pt_start_date": 1782864000000, "dmr_tracking": "Y", "dmr_nr_start_date": 1782864000000, "permit_design_flow": 46.5, "permit_avg_flow": 46.5, "perm_feature_nmbr": "075", "perm_feature_text": "Untreated CSO from\nPleasant St CSO ID 1730259", "pf_lat": 39.085299, "pf_lon": -84.560073, "pf_character": "CSO", "perm_feature_type_code": "EXO", "pf_state_waterbody_name": "Pleasant Run Creek", "pf_state_auto_name": "Dry Creek-Ohio River", "pf_reach_id": "5090203000706", "in_icis": "YES", "echo_dfr_link": "https://echo.epa.gov/detailed-facility-report?fid=110039639736", "name": "NORTHERN KY SANITATION DISTRICT 1- DRY CREEK", "feature_kind": "CSO outfall"}}, {"type": "Feature", "id": 75, "geometry": {"type": "Point", "coordinates": [-84.5051934119018, 39.0360992478984]}, "properties": {"OBJECTID": 75, "npdes_pfid": "KY0021466076", "npdes_id": "KY0021466", "permitting_state": "KY", "agency_type_code": "ST6", "facility_uin": "110039639736", "facility_name": "NORTHERN KY SANITATION DISTRICT 1- DRY CREEK", "location_address": "2999 AMSTERDAM RD", "supplemental_address_text": "", "facility_city": "ERLANGER", "county_code": "KY117", "state_code": "KY", "epa_region_code": "04", "facility_type_code": "MWD", "facility_lat": 39.058611, "facility_lon": -84.618056, "permit_name": "Northern KY Sanitation District 1- Dry Creek", "version_nmbr": 0, "permit_type_code": "NPD", "effective_date": 1782864000000, "expiration_date": 1940544000000, "permit_status_code": "EFF", "facility_type_indicator": "POTW", "major_minor_status_flag": "M", "permit_tracking": "Y", "pt_start_date": 1782864000000, "dmr_tracking": "Y", "dmr_nr_start_date": 1782864000000, "permit_design_flow": 46.5, "permit_avg_flow": 46.5, "perm_feature_nmbr": "076", "perm_feature_text": "Untreated CSO or Stormwater from\nChurch St CSO ID 1850158", "pf_lat": 39.036099, "pf_lon": -84.505193, "pf_character": "CSO|SW", "perm_feature_type_code": "EXO", "pf_state_waterbody_name": "Banklick Creek", "pf_state_auto_name": "Banklick Creek", "pf_reach_id": "5100101002619", "in_icis": "YES", "echo_dfr_link": "https://echo.epa.gov/detailed-facility-report?fid=110039639736", "name": "NORTHERN KY SANITATION DISTRICT 1- DRY CREEK", "feature_kind": "CSO outfall"}}, {"type": "Feature", "id": 76, "geometry": {"type": "Point", "coordinates": [-84.4959659173033, 39.0337833253541]}, "properties": {"OBJECTID": 76, "npdes_pfid": "KY0021466078", "npdes_id": "KY0021466", "permitting_state": "KY", "agency_type_code": "ST6", "facility_uin": "110039639736", "facility_name": "NORTHERN KY SANITATION DISTRICT 1- DRY CREEK", "location_address": "2999 AMSTERDAM RD", "supplemental_address_text": "", "facility_city": "ERLANGER", "county_code": "KY117", "state_code": "KY", "epa_region_code": "04", "facility_type_code": "MWD", "facility_lat": 39.058611, "facility_lon": -84.618056, "permit_name": "Northern KY Sanitation District 1- Dry Creek", "version_nmbr": 0, "permit_type_code": "NPD", "effective_date": 1782864000000, "expiration_date": 1940544000000, "permit_status_code": "EFF", "facility_type_indicator": "POTW", "major_minor_status_flag": "M", "permit_tracking": "Y", "pt_start_date": 1782864000000, "dmr_tracking": "Y", "dmr_nr_start_date": 1782864000000, "permit_design_flow": 46.5, "permit_avg_flow": 46.5, "perm_feature_nmbr": "078", "perm_feature_text": "Untreated CSO from\nDecoursey Ave ID 1870193", "pf_lat": 39.033783, "pf_lon": -84.495966, "pf_character": "CSO", "perm_feature_type_code": "EXO", "pf_state_waterbody_name": "Banklick Creek", "pf_state_auto_name": "Banklick Creek", "pf_reach_id": "5100101002619", "in_icis": "YES", "echo_dfr_link": "https://echo.epa.gov/detailed-facility-report?fid=110039639736", "name": "NORTHERN KY SANITATION DISTRICT 1- DRY CREEK", "feature_kind": "CSO outfall"}}, {"type": "Feature", "id": 77, "geometry": {"type": "Point", "coordinates": [-84.49409023499, 39.0337121508771]}, "properties": {"OBJECTID": 77, "npdes_pfid": "KY0021466079", "npdes_id": "KY0021466", "permitting_state": "KY", "agency_type_code": "ST6", "facility_uin": "110039639736", "facility_name": "NORTHERN KY SANITATION DISTRICT 1- DRY CREEK", "location_address": "2999 AMSTERDAM RD", "supplemental_address_text": "", "facility_city": "ERLANGER", "county_code": "KY117", "state_code": "KY", "epa_region_code": "04", "facility_type_code": "MWD", "facility_lat": 39.058611, "facility_lon": -84.618056, "permit_name": "Northern KY Sanitation District 1- Dry Creek", "version_nmbr": 0, "permit_type_code": "NPD", "effective_date": 1782864000000, "expiration_date": 1940544000000, "permit_status_code": "EFF", "facility_type_indicator": "POTW", "major_minor_status_flag": "M", "permit_tracking": "Y", "pt_start_date": 1782864000000, "dmr_tracking": "Y", "dmr_nr_start_date": 1782864000000, "permit_design_flow": 46.5, "permit_avg_flow": 46.5, "perm_feature_nmbr": "079", "perm_feature_text": "Untreated CSO from\n47th St CSO ID 1870194", "pf_lat": 39.033712, "pf_lon": -84.49409, "pf_character": "CSO", "perm_feature_type_code": "EXO", "pf_state_waterbody_name": "Banklick Creek", "pf_state_auto_name": "Banklick Creek", "pf_reach_id": "5100101002619", "in_icis": "YES", "echo_dfr_link": "https://echo.epa.gov/detailed-facility-report?fid=110039639736", "name": "NORTHERN KY SANITATION DISTRICT 1- DRY CREEK", "feature_kind": "CSO outfall"}}, {"type": "Feature", "id": 78, "geometry": {"type": "Point", "coordinates": [-84.4857682421979, 39.0400073259067]}, "properties": {"OBJECTID": 78, "npdes_pfid": "KY0021466080", "npdes_id": "KY0021466", "permitting_state": "KY", "agency_type_code": "ST6", "facility_uin": "110039639736", "facility_name": "NORTHERN KY SANITATION DISTRICT 1- DRY CREEK", "location_address": "2999 AMSTERDAM RD", "supplemental_address_text": "", "facility_city": "ERLANGER", "county_code": "KY117", "state_code": "KY", "epa_region_code": "04", "facility_type_code": "MWD", "facility_lat": 39.058611, "facility_lon": -84.618056, "permit_name": "Northern KY Sanitation District 1- Dry Creek", "version_nmbr": 0, "permit_type_code": "NPD", "effective_date": 1782864000000, "expiration_date": 1940544000000, "permit_status_code": "EFF", "facility_type_indicator": "POTW", "major_minor_status_flag": "M", "permit_tracking": "Y", "pt_start_date": 1782864000000, "dmr_tracking": "Y", "dmr_nr_start_date": 1782864000000, "permit_design_flow": 46.5, "permit_avg_flow": 46.5, "perm_feature_nmbr": "080", "perm_feature_text": "Untreated CSO or Stormwater from\n44th St CSO ID 1880091", "pf_lat": 39.040007, "pf_lon": -84.485768, "pf_character": "CSO|SW", "perm_feature_type_code": "EXO", "pf_state_waterbody_name": "Licking River", "pf_state_auto_name": "Licking River", "pf_reach_id": "5100101000002", "in_icis": "YES", "echo_dfr_link": "https://echo.epa.gov/detailed-facility-report?fid=110039639736", "name": "NORTHERN KY SANITATION DISTRICT 1- DRY CREEK", "feature_kind": "CSO outfall"}}, {"type": "Feature", "id": 79, "geometry": {"type": "Point", "coordinates": [-84.4870447482167, 39.0382106555768]}, "properties": {"OBJECTID": 79, "npdes_pfid": "KY0021466081", "npdes_id": "KY0021466", "permitting_state": "KY", "agency_type_code": "ST6", "facility_uin": "110039639736", "facility_name": "NORTHERN KY SANITATION DISTRICT 1- DRY CREEK", "location_address": "2999 AMSTERDAM RD", "supplemental_address_text": "", "facility_city": "ERLANGER", "county_code": "KY117", "state_code": "KY", "epa_region_code": "04", "facility_type_code": "MWD", "facility_lat": 39.058611, "facility_lon": -84.618056, "permit_name": "Northern KY Sanitation District 1- Dry Creek", "version_nmbr": 0, "permit_type_code": "NPD", "effective_date": 1782864000000, "expiration_date": 1940544000000, "permit_status_code": "EFF", "facility_type_indicator": "POTW", "major_minor_status_flag": "M", "permit_tracking": "Y", "pt_start_date": 1782864000000, "dmr_tracking": "Y", "dmr_nr_start_date": 1782864000000, "permit_design_flow": 46.5, "permit_avg_flow": 46.5, "perm_feature_nmbr": "081", "perm_feature_text": "Untreated CSO or Stormwater from\n45th St & Virginia Ave CSO ID 1880090", "pf_lat": 39.038211, "pf_lon": -84.487045, "pf_character": "CSO|SW", "perm_feature_type_code": "EXO", "pf_state_waterbody_name": "Licking River", "pf_state_auto_name": "Licking River", "pf_reach_id": "5100101000002", "in_icis": "YES", "echo_dfr_link": "https://echo.epa.gov/detailed-facility-report?fid=110039639736", "name": "NORTHERN KY SANITATION DISTRICT 1- DRY CREEK", "feature_kind": "CSO outfall"}}, {"type": "Feature", "id": 80, "geometry": {"type": "Point", "coordinates": [-84.4920447710881, 39.1001739081917]}, "properties": {"OBJECTID": 80, "npdes_pfid": "KY0021466083", "npdes_id": "KY0021466", "permitting_state": "KY", "agency_type_code": "ST6", "facility_uin": "110039639736", "facility_name": "NORTHERN KY SANITATION DISTRICT 1- DRY CREEK", "location_address": "2999 AMSTERDAM RD", "supplemental_address_text": "", "facility_city": "ERLANGER", "county_code": "KY117", "state_code": "KY", "epa_region_code": "04", "facility_type_code": "MWD", "facility_lat": 39.058611, "facility_lon": -84.618056, "permit_name": "Northern KY Sanitation District 1- Dry Creek", "version_nmbr": 0, "permit_type_code": "NPD", "effective_date": 1782864000000, "expiration_date": 1940544000000, "permit_status_code": "EFF", "facility_type_indicator": "POTW", "major_minor_status_flag": "M", "permit_tracking": "Y", "pt_start_date": 1782864000000, "dmr_tracking": "Y", "dmr_nr_start_date": 1782864000000, "permit_design_flow": 46.5, "permit_avg_flow": 46.5, "perm_feature_nmbr": "083", "perm_feature_text": "Untreated CSO or Stormwater from\nRiverside Dr CSO ID 0630061", "pf_lat": 39.100174, "pf_lon": -84.492045, "pf_character": "CSO|SW", "perm_feature_type_code": "EXO", "pf_state_waterbody_name": "Ohio River", "pf_state_auto_name": "Ohio River", "pf_reach_id": "5090203000060", "in_icis": "YES", "echo_dfr_link": "https://echo.epa.gov/detailed-facility-report?fid=110039639736", "name": "NORTHERN KY SANITATION DISTRICT 1- DRY CREEK", "feature_kind": "CSO outfall"}}, {"type": "Feature", "id": 81, "geometry": {"type": "Point", "coordinates": [-84.3971260832222, 39.036199726098]}, "properties": {"OBJECTID": 81, "npdes_pfid": "KY0021466084", "npdes_id": "KY0021466", "permitting_state": "KY", "agency_type_code": "ST6", "facility_uin": "110039639736", "facility_name": "NORTHERN KY SANITATION DISTRICT 1- DRY CREEK", "location_address": "2999 AMSTERDAM RD", "supplemental_address_text": "", "facility_city": "ERLANGER", "county_code": "KY117", "state_code": "KY", "epa_region_code": "04", "facility_type_code": "MWD", "facility_lat": 39.058611, "facility_lon": -84.618056, "permit_name": "Northern KY Sanitation District 1- Dry Creek", "version_nmbr": 0, "permit_type_code": "NPD", "effective_date": 1782864000000, "expiration_date": 1940544000000, "permit_status_code": "EFF", "facility_type_indicator": "POTW", "major_minor_status_flag": "M", "permit_tracking": "Y", "pt_start_date": 1782864000000, "dmr_tracking": "Y", "dmr_nr_start_date": 1782864000000, "permit_design_flow": 46.5, "permit_avg_flow": 46.5, "perm_feature_nmbr": "084", "perm_feature_text": "Untreated CSO from or Stormwater\nAsh St (Silver Grove) CSO ID 0010220", "pf_lat": 39.0362, "pf_lon": -84.397126, "pf_character": "CSO|SW", "perm_feature_type_code": "EXO", "pf_state_waterbody_name": "UT to Fourmile Creek", "pf_state_auto_name": "Fourmile Creek", "pf_reach_id": "5090201000806", "in_icis": "YES", "echo_dfr_link": "https://echo.epa.gov/detailed-facility-report?fid=110039639736", "name": "NORTHERN KY SANITATION DISTRICT 1- DRY CREEK", "feature_kind": "CSO outfall"}}, {"type": "Feature", "id": 82, "geometry": {"type": "Point", "coordinates": [-84.4474550953303, 39.1097100375244]}, "properties": {"OBJECTID": 82, "npdes_pfid": "KY0021466085", "npdes_id": "KY0021466", "permitting_state": "KY", "agency_type_code": "ST6", "facility_uin": "110039639736", "facility_name": "NORTHERN KY SANITATION DISTRICT 1- DRY CREEK", "location_address": "2999 AMSTERDAM RD", "supplemental_address_text": "", "facility_city": "ERLANGER", "county_code": "KY117", "state_code": "KY", "epa_region_code": "04", "facility_type_code": "MWD", "facility_lat": 39.058611, "facility_lon": -84.618056, "permit_name": "Northern KY Sanitation District 1- Dry Creek", "version_nmbr": 0, "permit_type_code": "NPD", "effective_date": 1782864000000, "expiration_date": 1940544000000, "permit_status_code": "EFF", "facility_type_indicator": "POTW", "major_minor_status_flag": "M", "permit_tracking": "Y", "pt_start_date": 1782864000000, "dmr_tracking": "Y", "dmr_nr_start_date": 1782864000000, "permit_design_flow": 46.5, "permit_avg_flow": 46.5, "perm_feature_nmbr": "085", "perm_feature_text": "Untreated CSO from\nAnchor Inn CSO ID 0360079", "pf_lat": 39.10971, "pf_lon": -84.447455, "pf_character": "CSO", "perm_feature_type_code": "EXO", "pf_state_waterbody_name": "UT to Ohio River", "pf_state_auto_name": "Ohio River", "pf_reach_id": "5090203000060", "in_icis": "YES", "echo_dfr_link": "https://echo.epa.gov/detailed-facility-report?fid=110039639736", "name": "NORTHERN KY SANITATION DISTRICT 1- DRY CREEK", "feature_kind": "CSO outfall"}}, {"type": "Feature", "id": 83, "geometry": {"type": "Point", "coordinates": [-84.4825540701114, 39.1114707343395]}, "properties": {"OBJECTID": 83, "npdes_pfid": "KY0021466086", "npdes_id": "KY0021466", "permitting_state": "KY", "agency_type_code": "ST6", "facility_uin": "110039639736", "facility_name": "NORTHERN KY SANITATION DISTRICT 1- DRY CREEK", "location_address": "2999 AMSTERDAM RD", "supplemental_address_text": "", "facility_city": "ERLANGER", "county_code": "KY117", "state_code": "KY", "epa_region_code": "04", "facility_type_code": "MWD", "facility_lat": 39.058611, "facility_lon": -84.618056, "permit_name": "Northern KY Sanitation District 1- Dry Creek", "version_nmbr": 0, "permit_type_code": "NPD", "effective_date": 1782864000000, "expiration_date": 1940544000000, "permit_status_code": "EFF", "facility_type_indicator": "POTW", "major_minor_status_flag": "M", "permit_tracking": "Y", "pt_start_date": 1782864000000, "dmr_tracking": "Y", "dmr_nr_start_date": 1782864000000, "permit_design_flow": 46.5, "permit_avg_flow": 46.5, "perm_feature_nmbr": "086", "perm_feature_text": "Untreated CSO or Stormwater from\nO\u00ef\u00bf\u00bdFallon Ave CSO ID 0600096", "pf_lat": 39.111471, "pf_lon": -84.482554, "pf_character": "CSO|SW", "perm_feature_type_code": "EXO", "pf_state_waterbody_name": "Ohio River", "pf_state_auto_name": "Ohio River", "pf_reach_id": "5090203000060", "in_icis": "YES", "echo_dfr_link": "https://echo.epa.gov/detailed-facility-report?fid=110039639736", "name": "NORTHERN KY SANITATION DISTRICT 1- DRY CREEK", "feature_kind": "CSO outfall"}}, {"type": "Feature", "id": 84, "geometry": {"type": "Point", "coordinates": [-84.4833868083797, 39.1107688307867]}, "properties": {"OBJECTID": 84, "npdes_pfid": "KY0021466087", "npdes_id": "KY0021466", "permitting_state": "KY", "agency_type_code": "ST6", "facility_uin": "110039639736", "facility_name": "NORTHERN KY SANITATION DISTRICT 1- DRY CREEK", "location_address": "2999 AMSTERDAM RD", "supplemental_address_text": "", "facility_city": "ERLANGER", "county_code": "KY117", "state_code": "KY", "epa_region_code": "04", "facility_type_code": "MWD", "facility_lat": 39.058611, "facility_lon": -84.618056, "permit_name": "Northern KY Sanitation District 1- Dry Creek", "version_nmbr": 0, "permit_type_code": "NPD", "effective_date": 1782864000000, "expiration_date": 1940544000000, "permit_status_code": "EFF", "facility_type_indicator": "POTW", "major_minor_status_flag": "M", "permit_tracking": "Y", "pt_start_date": 1782864000000, "dmr_tracking": "Y", "dmr_nr_start_date": 1782864000000, "permit_design_flow": 46.5, "permit_avg_flow": 46.5, "perm_feature_nmbr": "087", "perm_feature_text": "Untreated CSO or Stormwater from\nVan Voast Ave ID 0600104", "pf_lat": 39.110769, "pf_lon": -84.483387, "pf_character": "CSO|SW", "perm_feature_type_code": "EXO", "pf_state_waterbody_name": "Ohio River", "pf_state_auto_name": "Ohio River", "pf_reach_id": "5090203000060", "in_icis": "YES", "echo_dfr_link": "https://echo.epa.gov/detailed-facility-report?fid=110039639736", "name": "NORTHERN KY SANITATION DISTRICT 1- DRY CREEK", "feature_kind": "CSO outfall"}}, {"type": "Feature", "id": 85, "geometry": {"type": "Point", "coordinates": [-84.4732259642011, 39.0998511350457]}, "properties": {"OBJECTID": 85, "npdes_pfid": "KY0021466088", "npdes_id": "KY0021466", "permitting_state": "KY", "agency_type_code": "ST6", "facility_uin": "110039639736", "facility_name": "NORTHERN KY SANITATION DISTRICT 1- DRY CREEK", "location_address": "2999 AMSTERDAM RD", "supplemental_address_text": "", "facility_city": "ERLANGER", "county_code": "KY117", "state_code": "KY", "epa_region_code": "04", "facility_type_code": "MWD", "facility_lat": 39.058611, "facility_lon": -84.618056, "permit_name": "Northern KY Sanitation District 1- Dry Creek", "version_nmbr": 0, "permit_type_code": "NPD", "effective_date": 1782864000000, "expiration_date": 1940544000000, "permit_status_code": "EFF", "facility_type_indicator": "POTW", "major_minor_status_flag": "M", "permit_tracking": "Y", "pt_start_date": 1782864000000, "dmr_tracking": "Y", "dmr_nr_start_date": 1782864000000, "permit_design_flow": 46.5, "permit_avg_flow": 46.5, "perm_feature_nmbr": "088", "perm_feature_text": "Untreated CSO from\nSouth Ward Ave CSO ID 0550134", "pf_lat": 39.099851, "pf_lon": -84.473226, "pf_character": "CSO", "perm_feature_type_code": "EXO", "pf_state_waterbody_name": "Unnamed Tributary to Ohio River (Covert Run)", "pf_state_auto_name": "Town of Newport-Ohio River", "pf_reach_id": "5090203000704", "in_icis": "YES", "echo_dfr_link": "https://echo.epa.gov/detailed-facility-report?fid=110039639736", "name": "NORTHERN KY SANITATION DISTRICT 1- DRY CREEK", "feature_kind": "CSO outfall"}}, {"type": "Feature", "id": 86, "geometry": {"type": "Point", "coordinates": [-84.4779439160733, 39.0992669328076]}, "properties": {"OBJECTID": 86, "npdes_pfid": "KY0021466089", "npdes_id": "KY0021466", "permitting_state": "KY", "agency_type_code": "ST6", "facility_uin": "110039639736", "facility_name": "NORTHERN KY SANITATION DISTRICT 1- DRY CREEK", "location_address": "2999 AMSTERDAM RD", "supplemental_address_text": "", "facility_city": "ERLANGER", "county_code": "KY117", "state_code": "KY", "epa_region_code": "04", "facility_type_code": "MWD", "facility_lat": 39.058611, "facility_lon": -84.618056, "permit_name": "Northern KY Sanitation District 1- Dry Creek", "version_nmbr": 0, "permit_type_code": "NPD", "effective_date": 1782864000000, "expiration_date": 1940544000000, "permit_status_code": "EFF", "facility_type_indicator": "POTW", "major_minor_status_flag": "M", "permit_tracking": "Y", "pt_start_date": 1782864000000, "dmr_tracking": "Y", "dmr_nr_start_date": 1782864000000, "permit_design_flow": 46.5, "permit_avg_flow": 46.5, "perm_feature_nmbr": "089", "perm_feature_text": "Untreated CSO or Stormwater from\nTaylor & Retreat CSO ID 0540158", "pf_lat": 39.099267, "pf_lon": -84.477944, "pf_character": "CSO|SW", "perm_feature_type_code": "EXO", "pf_state_waterbody_name": "Unnamed Tributary to Ohio River (Covert Run)", "pf_state_auto_name": "Town of Newport-Ohio River", "pf_reach_id": "5090203000704", "in_icis": "YES", "echo_dfr_link": "https://echo.epa.gov/detailed-facility-report?fid=110039639736", "name": "NORTHERN KY SANITATION DISTRICT 1- DRY CREEK", "feature_kind": "CSO outfall"}}, {"type": "Feature", "id": 87, "geometry": {"type": "Point", "coordinates": [-84.4792410833435, 39.0991003157689]}, "properties": {"OBJECTID": 87, "npdes_pfid": "KY0021466090", "npdes_id": "KY0021466", "permitting_state": "KY", "agency_type_code": "ST6", "facility_uin": "110039639736", "facility_name": "NORTHERN KY SANITATION DISTRICT 1- DRY CREEK", "location_address": "2999 AMSTERDAM RD", "supplemental_address_text": "", "facility_city": "ERLANGER", "county_code": "KY117", "state_code": "KY", "epa_region_code": "04", "facility_type_code": "MWD", "facility_lat": 39.058611, "facility_lon": -84.618056, "permit_name": "Northern KY Sanitation District 1- Dry Creek", "version_nmbr": 0, "permit_type_code": "NPD", "effective_date": 1782864000000, "expiration_date": 1940544000000, "permit_status_code": "EFF", "facility_type_indicator": "POTW", "major_minor_status_flag": "M", "permit_tracking": "Y", "pt_start_date": 1782864000000, "dmr_tracking": "Y", "dmr_nr_start_date": 1782864000000, "permit_design_flow": 46.5, "permit_avg_flow": 46.5, "perm_feature_nmbr": "090", "perm_feature_text": "Untreated CSO from\nCovert Run Lafayette CSO ID 0540156", "pf_lat": 39.0991, "pf_lon": -84.479241, "pf_character": "CSO", "perm_feature_type_code": "EXO", "pf_state_waterbody_name": "Unnamed Tributary to Ohio River (Covert Run)", "pf_state_auto_name": "Town of Newport-Ohio River", "pf_reach_id": "5090203000704", "in_icis": "YES", "echo_dfr_link": "https://echo.epa.gov/detailed-facility-report?fid=110039639736", "name": "NORTHERN KY SANITATION DISTRICT 1- DRY CREEK", "feature_kind": "CSO outfall"}}, {"type": "Feature", "id": 88, "geometry": {"type": "Point", "coordinates": [-84.4797980388197, 39.0987768405613]}, "properties": {"OBJECTID": 88, "npdes_pfid": "KY0021466091", "npdes_id": "KY0021466", "permitting_state": "KY", "agency_type_code": "ST6", "facility_uin": "110039639736", "facility_name": "NORTHERN KY SANITATION DISTRICT 1- DRY CREEK", "location_address": "2999 AMSTERDAM RD", "supplemental_address_text": "", "facility_city": "ERLANGER", "county_code": "KY117", "state_code": "KY", "epa_region_code": "04", "facility_type_code": "MWD", "facility_lat": 39.058611, "facility_lon": -84.618056, "permit_name": "Northern KY Sanitation District 1- Dry Creek", "version_nmbr": 0, "permit_type_code": "NPD", "effective_date": 1782864000000, "expiration_date": 1940544000000, "permit_status_code": "EFF", "facility_type_indicator": "POTW", "major_minor_status_flag": "M", "permit_tracking": "Y", "pt_start_date": 1782864000000, "dmr_tracking": "Y", "dmr_nr_start_date": 1782864000000, "permit_design_flow": 46.5, "permit_avg_flow": 46.5, "perm_feature_nmbr": "091", "perm_feature_text": "Untreated CSO from\nCovert Run Berry Ave CSO ID 0540157", "pf_lat": 39.098777, "pf_lon": -84.479798, "pf_character": "CSO", "perm_feature_type_code": "EXO", "pf_state_waterbody_name": "Unnamed Tributary to Ohio River (Covert Run)", "pf_state_auto_name": "Town of Newport-Ohio River", "pf_reach_id": "5090203000704", "in_icis": "YES", "echo_dfr_link": "https://echo.epa.gov/detailed-facility-report?fid=110039639736", "name": "NORTHERN KY SANITATION DISTRICT 1- DRY CREEK", "feature_kind": "CSO outfall"}}, {"type": "Feature", "id": 89, "geometry": {"type": "Point", "coordinates": [-84.4769710406206, 39.0933110006001]}, "properties": {"OBJECTID": 89, "npdes_pfid": "KY0021466092", "npdes_id": "KY0021466", "permitting_state": "KY", "agency_type_code": "ST6", "facility_uin": "110039639736", "facility_name": "NORTHERN KY SANITATION DISTRICT 1- DRY CREEK", "location_address": "2999 AMSTERDAM RD", "supplemental_address_text": "", "facility_city": "ERLANGER", "county_code": "KY117", "state_code": "KY", "epa_region_code": "04", "facility_type_code": "MWD", "facility_lat": 39.058611, "facility_lon": -84.618056, "permit_name": "Northern KY Sanitation District 1- Dry Creek", "version_nmbr": 0, "permit_type_code": "NPD", "effective_date": 1782864000000, "expiration_date": 1940544000000, "permit_status_code": "EFF", "facility_type_indicator": "POTW", "major_minor_status_flag": "M", "permit_tracking": "Y", "pt_start_date": 1782864000000, "dmr_tracking": "Y", "dmr_nr_start_date": 1782864000000, "permit_design_flow": 46.5, "permit_avg_flow": 46.5, "perm_feature_nmbr": "092", "perm_feature_text": "Untreated CSO from\nGlazier Ave CSO ID 0650054", "pf_lat": 39.093311, "pf_lon": -84.476971, "pf_character": "CSO", "perm_feature_type_code": "EXO", "pf_state_waterbody_name": "UT to Ohio River (UT to Taylor Creek)", "pf_state_auto_name": "Town of Newport-Ohio River", "pf_reach_id": "5090203000704", "in_icis": "YES", "echo_dfr_link": "https://echo.epa.gov/detailed-facility-report?fid=110039639736", "name": "NORTHERN KY SANITATION DISTRICT 1- DRY CREEK", "feature_kind": "CSO outfall"}}, {"type": "Feature", "id": 90, "geometry": {"type": "Point", "coordinates": [-84.4822486429148, 39.0962970470555]}, "properties": {"OBJECTID": 90, "npdes_pfid": "KY0021466093", "npdes_id": "KY0021466", "permitting_state": "KY", "agency_type_code": "ST6", "facility_uin": "110039639736", "facility_name": "NORTHERN KY SANITATION DISTRICT 1- DRY CREEK", "location_address": "2999 AMSTERDAM RD", "supplemental_address_text": "", "facility_city": "ERLANGER", "county_code": "KY117", "state_code": "KY", "epa_region_code": "04", "facility_type_code": "MWD", "facility_lat": 39.058611, "facility_lon": -84.618056, "permit_name": "Northern KY Sanitation District 1- Dry Creek", "version_nmbr": 0, "permit_type_code": "NPD", "effective_date": 1782864000000, "expiration_date": 1940544000000, "permit_status_code": "EFF", "facility_type_indicator": "POTW", "major_minor_status_flag": "M", "permit_tracking": "Y", "pt_start_date": 1782864000000, "dmr_tracking": "Y", "dmr_nr_start_date": 1782864000000, "permit_design_flow": 46.5, "permit_avg_flow": 46.5, "perm_feature_nmbr": "093", "perm_feature_text": "Untreated CSO from\nWildcat CSO ID 0650098", "pf_lat": 39.096297, "pf_lon": -84.482249, "pf_character": "CSO", "perm_feature_type_code": "EXO", "pf_state_waterbody_name": "UT to Ohio River (Taylor Creek)", "pf_state_auto_name": "Town of Newport-Ohio River", "pf_reach_id": "5090203000704", "in_icis": "YES", "echo_dfr_link": "https://echo.epa.gov/detailed-facility-report?fid=110039639736", "name": "NORTHERN KY SANITATION DISTRICT 1- DRY CREEK", "feature_kind": "CSO outfall"}}, {"type": "Feature", "id": 91, "geometry": {"type": "Point", "coordinates": [-84.4803792488085, 39.0950212126523]}, "properties": {"OBJECTID": 91, "npdes_pfid": "KY0021466094", "npdes_id": "KY0021466", "permitting_state": "KY", "agency_type_code": "ST6", "facility_uin": "110039639736", "facility_name": "NORTHERN KY SANITATION DISTRICT 1- DRY CREEK", "location_address": "2999 AMSTERDAM RD", "supplemental_address_text": "", "facility_city": "ERLANGER", "county_code": "KY117", "state_code": "KY", "epa_region_code": "04", "facility_type_code": "MWD", "facility_lat": 39.058611, "facility_lon": -84.618056, "permit_name": "Northern KY Sanitation District 1- Dry Creek", "version_nmbr": 0, "permit_type_code": "NPD", "effective_date": 1782864000000, "expiration_date": 1940544000000, "permit_status_code": "EFF", "facility_type_indicator": "POTW", "major_minor_status_flag": "M", "permit_tracking": "Y", "pt_start_date": 1782864000000, "dmr_tracking": "Y", "dmr_nr_start_date": 1782864000000, "permit_design_flow": 46.5, "permit_avg_flow": 46.5, "perm_feature_nmbr": "094", "perm_feature_text": "Untreated CSO or Stormwater from\nLinden Ave & 9th St CSO ID 0660085", "pf_lat": 39.095021, "pf_lon": -84.480379, "pf_character": "CSO|SW", "perm_feature_type_code": "EXO", "pf_state_waterbody_name": "UT to Ohio River (Taylor Creek)", "pf_state_auto_name": "Town of Newport-Ohio River", "pf_reach_id": "5090203000704", "in_icis": "YES", "echo_dfr_link": "https://echo.epa.gov/detailed-facility-report?fid=110039639736", "name": "NORTHERN KY SANITATION DISTRICT 1- DRY CREEK", "feature_kind": "CSO outfall"}}, {"type": "Feature", "id": 92, "geometry": {"type": "Point", "coordinates": [-84.4865767259537, 39.0974996567098]}, "properties": {"OBJECTID": 92, "npdes_pfid": "KY0021466095", "npdes_id": "KY0021466", "permitting_state": "KY", "agency_type_code": "ST6", "facility_uin": "110039639736", "facility_name": "NORTHERN KY SANITATION DISTRICT 1- DRY CREEK", "location_address": "2999 AMSTERDAM RD", "supplemental_address_text": "", "facility_city": "ERLANGER", "county_code": "KY117", "state_code": "KY", "epa_region_code": "04", "facility_type_code": "MWD", "facility_lat": 39.058611, "facility_lon": -84.618056, "permit_name": "Northern KY Sanitation District 1- Dry Creek", "version_nmbr": 0, "permit_type_code": "NPD", "effective_date": 1782864000000, "expiration_date": 1940544000000, "permit_status_code": "EFF", "facility_type_indicator": "POTW", "major_minor_status_flag": "M", "permit_tracking": "Y", "pt_start_date": 1782864000000, "dmr_tracking": "Y", "dmr_nr_start_date": 1782864000000, "permit_design_flow": 46.5, "permit_avg_flow": 46.5, "perm_feature_nmbr": "095", "perm_feature_text": "Untreated CSO from\nLinden Ave & Nelson Pl CSO ID 0630054", "pf_lat": 39.0975, "pf_lon": -84.486577, "pf_character": "CSO", "perm_feature_type_code": "EXO", "pf_state_waterbody_name": "UT to Ohio River (UT to Taylor Cree", "pf_state_auto_name": "Town of Newport-Ohio River", "pf_reach_id": "5090203000704", "in_icis": "YES", "echo_dfr_link": "https://echo.epa.gov/detailed-facility-report?fid=110039639736", "name": "NORTHERN KY SANITATION DISTRICT 1- DRY CREEK", "feature_kind": "CSO outfall"}}, {"type": "Feature", "id": 93, "geometry": {"type": "Point", "coordinates": [-84.5012722656866, 39.0821416616505]}, "properties": {"OBJECTID": 93, "npdes_pfid": "KY0021466096", "npdes_id": "KY0021466", "permitting_state": "KY", "agency_type_code": "ST6", "facility_uin": "110039639736", "facility_name": "NORTHERN KY SANITATION DISTRICT 1- DRY CREEK", "location_address": "2999 AMSTERDAM RD", "supplemental_address_text": "", "facility_city": "ERLANGER", "county_code": "KY117", "state_code": "KY", "epa_region_code": "04", "facility_type_code": "MWD", "facility_lat": 39.058611, "facility_lon": -84.618056, "permit_name": "Northern KY Sanitation District 1- Dry Creek", "version_nmbr": 0, "permit_type_code": "NPD", "effective_date": 1782864000000, "expiration_date": 1940544000000, "permit_status_code": "EFF", "facility_type_indicator": "POTW", "major_minor_status_flag": "M", "permit_tracking": "Y", "pt_start_date": 1782864000000, "dmr_tracking": "Y", "dmr_nr_start_date": 1782864000000, "permit_design_flow": 46.5, "permit_avg_flow": 46.5, "perm_feature_nmbr": "096", "perm_feature_text": "Untreated CSO or Stormwater from\n9th St at KY-9 CSO ID 0840111", "pf_lat": 39.082142, "pf_lon": -84.501272, "pf_character": "CSO|SW", "perm_feature_type_code": "EXO", "pf_state_waterbody_name": "Licking River", "pf_state_auto_name": "Licking River", "pf_reach_id": "5100101002662", "in_icis": "YES", "echo_dfr_link": "https://echo.epa.gov/detailed-facility-report?fid=110039639736", "name": "NORTHERN KY SANITATION DISTRICT 1- DRY CREEK", "feature_kind": "CSO outfall"}}, {"type": "Feature", "id": 94, "geometry": {"type": "Point", "coordinates": [-84.500217643543, 39.0809680776452]}, "properties": {"OBJECTID": 94, "npdes_pfid": "KY0021466097", "npdes_id": "KY0021466", "permitting_state": "KY", "agency_type_code": "ST6", "facility_uin": "110039639736", "facility_name": "NORTHERN KY SANITATION DISTRICT 1- DRY CREEK", "location_address": "2999 AMSTERDAM RD", "supplemental_address_text": "", "facility_city": "ERLANGER", "county_code": "KY117", "state_code": "KY", "epa_region_code": "04", "facility_type_code": "MWD", "facility_lat": 39.058611, "facility_lon": -84.618056, "permit_name": "Northern KY Sanitation District 1- Dry Creek", "version_nmbr": 0, "permit_type_code": "NPD", "effective_date": 1782864000000, "expiration_date": 1940544000000, "permit_status_code": "EFF", "facility_type_indicator": "POTW", "major_minor_status_flag": "M", "permit_tracking": "Y", "pt_start_date": 1782864000000, "dmr_tracking": "Y", "dmr_nr_start_date": 1782864000000, "permit_design_flow": 46.5, "permit_avg_flow": 46.5, "perm_feature_nmbr": "097", "perm_feature_text": "Untreated CSO or Stormwater from\n10th St at KY-9 CSO ID 0840112", "pf_lat": 39.080968, "pf_lon": -84.500218, "pf_character": "CSO|SW", "perm_feature_type_code": "EXO", "pf_state_waterbody_name": "Licking River", "pf_state_auto_name": "Licking River", "pf_reach_id": "5100101002662", "in_icis": "YES", "echo_dfr_link": "https://echo.epa.gov/detailed-facility-report?fid=110039639736", "name": "NORTHERN KY SANITATION DISTRICT 1- DRY CREEK", "feature_kind": "CSO outfall"}}, {"type": "Feature", "id": 95, "geometry": {"type": "Point", "coordinates": [-84.5049050526956, 39.0895306782494]}, "properties": {"OBJECTID": 95, "npdes_pfid": "KY0021466098", "npdes_id": "KY0021466", "permitting_state": "KY", "agency_type_code": "ST6", "facility_uin": "110039639736", "facility_name": "NORTHERN KY SANITATION DISTRICT 1- DRY CREEK", "location_address": "2999 AMSTERDAM RD", "supplemental_address_text": "", "facility_city": "ERLANGER", "county_code": "KY117", "state_code": "KY", "epa_region_code": "04", "facility_type_code": "MWD", "facility_lat": 39.058611, "facility_lon": -84.618056, "permit_name": "Northern KY Sanitation District 1- Dry Creek", "version_nmbr": 0, "permit_type_code": "NPD", "effective_date": 1782864000000, "expiration_date": 1940544000000, "permit_status_code": "EFF", "facility_type_indicator": "POTW", "major_minor_status_flag": "M", "permit_tracking": "Y", "pt_start_date": 1782864000000, "dmr_tracking": "Y", "dmr_nr_start_date": 1782864000000, "permit_design_flow": 46.5, "permit_avg_flow": 46.5, "perm_feature_nmbr": "098", "perm_feature_text": "Untreated CSO or Stormwater from\nKennedy St CSO ID 1440207", "pf_lat": 39.089531, "pf_lon": -84.504905, "pf_character": "CSO|SW", "perm_feature_type_code": "EXO", "pf_state_waterbody_name": "Licking River", "pf_state_auto_name": "Licking River", "pf_reach_id": "5100101002662", "in_icis": "YES", "echo_dfr_link": "https://echo.epa.gov/detailed-facility-report?fid=110039639736", "name": "NORTHERN KY SANITATION DISTRICT 1- DRY CREEK", "feature_kind": "CSO outfall"}}, {"type": "Feature", "id": 96, "geometry": {"type": "Point", "coordinates": [-84.4984425725416, 39.0582003122682]}, "properties": {"OBJECTID": 96, "npdes_pfid": "KY0021466099", "npdes_id": "KY0021466", "permitting_state": "KY", "agency_type_code": "ST6", "facility_uin": "110039639736", "facility_name": "NORTHERN KY SANITATION DISTRICT 1- DRY CREEK", "location_address": "2999 AMSTERDAM RD", "supplemental_address_text": "", "facility_city": "ERLANGER", "county_code": "KY117", "state_code": "KY", "epa_region_code": "04", "facility_type_code": "MWD", "facility_lat": 39.058611, "facility_lon": -84.618056, "permit_name": "Northern KY Sanitation District 1- Dry Creek", "version_nmbr": 0, "permit_type_code": "NPD", "effective_date": 1782864000000, "expiration_date": 1940544000000, "permit_status_code": "EFF", "facility_type_indicator": "POTW", "major_minor_status_flag": "M", "permit_tracking": "Y", "pt_start_date": 1782864000000, "dmr_tracking": "Y", "dmr_nr_start_date": 1782864000000, "permit_design_flow": 46.5, "permit_avg_flow": 46.5, "perm_feature_nmbr": "099", "perm_feature_text": "Untreated CSO from\nEastern Ave at Greenup St CSO ID 0910084", "pf_lat": 39.0582, "pf_lon": -84.498443, "pf_character": "CSO", "perm_feature_type_code": "EXO", "pf_state_waterbody_name": "Licking River", "pf_state_auto_name": "Licking River", "pf_reach_id": "5100101002662", "in_icis": "YES", "echo_dfr_link": "https://echo.epa.gov/detailed-facility-report?fid=110039639736", "name": "NORTHERN KY SANITATION DISTRICT 1- DRY CREEK", "feature_kind": "CSO outfall"}}, {"type": "Feature", "id": 97, "geometry": {"type": "Point", "coordinates": [-84.4974616122513, 39.0601792267425]}, "properties": {"OBJECTID": 97, "npdes_pfid": "KY0021466100", "npdes_id": "KY0021466", "permitting_state": "KY", "agency_type_code": "ST6", "facility_uin": "110039639736", "facility_name": "NORTHERN KY SANITATION DISTRICT 1- DRY CREEK", "location_address": "2999 AMSTERDAM RD", "supplemental_address_text": "", "facility_city": "ERLANGER", "county_code": "KY117", "state_code": "KY", "epa_region_code": "04", "facility_type_code": "MWD", "facility_lat": 39.058611, "facility_lon": -84.618056, "permit_name": "Northern KY Sanitation District 1- Dry Creek", "version_nmbr": 0, "permit_type_code": "NPD", "effective_date": 1782864000000, "expiration_date": 1940544000000, "permit_status_code": "EFF", "facility_type_indicator": "POTW", "major_minor_status_flag": "M", "permit_tracking": "Y", "pt_start_date": 1782864000000, "dmr_tracking": "Y", "dmr_nr_start_date": 1782864000000, "permit_design_flow": 46.5, "permit_avg_flow": 46.5, "perm_feature_nmbr": "100", "perm_feature_text": "Untreated CSO or Stormwater from\nAdams St CSO ID 0910066", "pf_lat": 39.060179, "pf_lon": -84.497462, "pf_character": "CSO|SW", "perm_feature_type_code": "EXO", "pf_state_waterbody_name": "Licking River", "pf_state_auto_name": "Licking River", "pf_reach_id": "5100101002662", "in_icis": "YES", "echo_dfr_link": "https://echo.epa.gov/detailed-facility-report?fid=110039639736", "name": "NORTHERN KY SANITATION DISTRICT 1- DRY CREEK", "feature_kind": "CSO outfall"}}, {"type": "Feature", "id": 98, "geometry": {"type": "Point", "coordinates": [-84.518843312644, 39.0455958995684]}, "properties": {"OBJECTID": 98, "npdes_pfid": "KY0021466101", "npdes_id": "KY0021466", "permitting_state": "KY", "agency_type_code": "ST6", "facility_uin": "110039639736", "facility_name": "NORTHERN KY SANITATION DISTRICT 1- DRY CREEK", "location_address": "2999 AMSTERDAM RD", "supplemental_address_text": "", "facility_city": "ERLANGER", "county_code": "KY117", "state_code": "KY", "epa_region_code": "04", "facility_type_code": "MWD", "facility_lat": 39.058611, "facility_lon": -84.618056, "permit_name": "Northern KY Sanitation District 1- Dry Creek", "version_nmbr": 0, "permit_type_code": "NPD", "effective_date": 1782864000000, "expiration_date": 1940544000000, "permit_status_code": "EFF", "facility_type_indicator": "POTW", "major_minor_status_flag": "M", "permit_tracking": "Y", "pt_start_date": 1782864000000, "dmr_tracking": "Y", "dmr_nr_start_date": 1782864000000, "permit_design_flow": 46.5, "permit_avg_flow": 46.5, "perm_feature_nmbr": "101", "perm_feature_text": "Untreated CSO from\n33rd St & Howard Litzler Rd CSO ID 1840130", "pf_lat": 39.045596, "pf_lon": -84.518843, "pf_character": "CSO", "perm_feature_type_code": "EXO", "pf_state_waterbody_name": "UT to Banklick Creek", "pf_state_auto_name": "Lower Banklick Creek", "pf_reach_id": "5100101002628", "in_icis": "YES", "echo_dfr_link": "https://echo.epa.gov/detailed-facility-report?fid=110039639736", "name": "NORTHERN KY SANITATION DISTRICT 1- DRY CREEK", "feature_kind": "CSO outfall"}}, {"type": "Feature", "id": 99, "geometry": {"type": "Point", "coordinates": [-84.5270081002613, 39.0895467147183]}, "properties": {"OBJECTID": 99, "npdes_pfid": "KY0021466102", "npdes_id": "KY0021466", "permitting_state": "KY", "agency_type_code": "ST6", "facility_uin": "110039639736", "facility_name": "NORTHERN KY SANITATION DISTRICT 1- DRY CREEK", "location_address": "2999 AMSTERDAM RD", "supplemental_address_text": "", "facility_city": "ERLANGER", "county_code": "KY117", "state_code": "KY", "epa_region_code": "04", "facility_type_code": "MWD", "facility_lat": 39.058611, "facility_lon": -84.618056, "permit_name": "Northern KY Sanitation District 1- Dry Creek", "version_nmbr": 0, "permit_type_code": "NPD", "effective_date": 1782864000000, "expiration_date": 1940544000000, "permit_status_code": "EFF", "facility_type_indicator": "POTW", "major_minor_status_flag": "M", "permit_tracking": "Y", "pt_start_date": 1782864000000, "dmr_tracking": "Y", "dmr_nr_start_date": 1782864000000, "permit_design_flow": 46.5, "permit_avg_flow": 46.5, "perm_feature_nmbr": "102", "perm_feature_text": "Untreated CSO from\nHighway Ave at Wright St CSO ID 1480185", "pf_lat": 39.089547, "pf_lon": -84.527008, "pf_character": "CSO", "perm_feature_type_code": "EXO", "pf_state_waterbody_name": "Ohio River", "pf_state_auto_name": "Ohio River", "pf_reach_id": "5090203000060", "in_icis": "YES", "echo_dfr_link": "https://echo.epa.gov/detailed-facility-report?fid=110039639736", "name": "NORTHERN KY SANITATION DISTRICT 1- DRY CREEK", "feature_kind": "CSO outfall"}}, {"type": "Feature", "id": 100, "geometry": {"type": "Point", "coordinates": [-84.4981578065965, 39.0784806844421]}, "properties": {"OBJECTID": 100, "npdes_pfid": "KY0021466103", "npdes_id": "KY0021466", "permitting_state": "KY", "agency_type_code": "ST6", "facility_uin": "110039639736", "facility_name": "NORTHERN KY SANITATION DISTRICT 1- DRY CREEK", "location_address": "2999 AMSTERDAM RD", "supplemental_address_text": "", "facility_city": "ERLANGER", "county_code": "KY117", "state_code": "KY", "epa_region_code": "04", "facility_type_code": "MWD", "facility_lat": 39.058611, "facility_lon": -84.618056, "permit_name": "Northern KY Sanitation District 1- Dry Creek", "version_nmbr": 0, "permit_type_code": "NPD", "effective_date": 1782864000000, "expiration_date": 1940544000000, "permit_status_code": "EFF", "facility_type_indicator": "POTW", "major_minor_status_flag": "M", "permit_tracking": "Y", "pt_start_date": 1782864000000, "dmr_tracking": "Y", "dmr_nr_start_date": 1782864000000, "permit_design_flow": 46.5, "permit_avg_flow": 46.5, "perm_feature_nmbr": "103", "perm_feature_text": "Untreated CSO or Stormwater from\nFitzsimmons St CSO ID 0840116", "pf_lat": 39.078481, "pf_lon": -84.498158, "pf_character": "CSO|SW", "perm_feature_type_code": "EXO", "pf_state_waterbody_name": "Licking River", "pf_state_auto_name": "Licking River", "pf_reach_id": "5100101002662", "in_icis": "YES", "echo_dfr_link": "https://echo.epa.gov/detailed-facility-report?fid=110039639736", "name": "NORTHERN KY SANITATION DISTRICT 1- DRY CREEK", "feature_kind": "CSO outfall"}}, {"type": "Feature", "id": 101, "geometry": {"type": "Point", "coordinates": [-84.5574960226891, 39.0811368294882]}, "properties": {"OBJECTID": 101, "npdes_pfid": "KY0021466104", "npdes_id": "KY0021466", "permitting_state": "KY", "agency_type_code": "ST6", "facility_uin": "110039639736", "facility_name": "NORTHERN KY SANITATION DISTRICT 1- DRY CREEK", "location_address": "2999 AMSTERDAM RD", "supplemental_address_text": "", "facility_city": "ERLANGER", "county_code": "KY117", "state_code": "KY", "epa_region_code": "04", "facility_type_code": "MWD", "facility_lat": 39.058611, "facility_lon": -84.618056, "permit_name": "Northern KY Sanitation District 1- Dry Creek", "version_nmbr": 0, "permit_type_code": "NPD", "effective_date": 1782864000000, "expiration_date": 1940544000000, "permit_status_code": "EFF", "facility_type_indicator": "POTW", "major_minor_status_flag": "M", "permit_tracking": "Y", "pt_start_date": 1782864000000, "dmr_tracking": "Y", "dmr_nr_start_date": 1782864000000, "permit_design_flow": 46.5, "permit_avg_flow": 46.5, "perm_feature_nmbr": "104", "perm_feature_text": "Untreated CSO or Stormwater from\nMoore St CSO ID 1730262", "pf_lat": 39.081137, "pf_lon": -84.557496, "pf_character": "CSO|SW", "perm_feature_type_code": "EXO", "pf_state_waterbody_name": "UT to Pleasant Run Creek", "pf_state_auto_name": "Pleasant Run Creek", "pf_reach_id": "5090203000708", "in_icis": "YES", "echo_dfr_link": "https://echo.epa.gov/detailed-facility-report?fid=110039639736", "name": "NORTHERN KY SANITATION DISTRICT 1- DRY CREEK", "feature_kind": "CSO outfall"}}, {"type": "Feature", "id": 102, "geometry": {"type": "Point", "coordinates": [-84.4801780261849, 39.0948978110512]}, "properties": {"OBJECTID": 102, "npdes_pfid": "KY0021466105", "npdes_id": "KY0021466", "permitting_state": "KY", "agency_type_code": "ST6", "facility_uin": "110039639736", "facility_name": "NORTHERN KY SANITATION DISTRICT 1- DRY CREEK", "location_address": "2999 AMSTERDAM RD", "supplemental_address_text": "", "facility_city": "ERLANGER", "county_code": "KY117", "state_code": "KY", "epa_region_code": "04", "facility_type_code": "MWD", "facility_lat": 39.058611, "facility_lon": -84.618056, "permit_name": "Northern KY Sanitation District 1- Dry Creek", "version_nmbr": 0, "permit_type_code": "NPD", "effective_date": 1782864000000, "expiration_date": 1940544000000, "permit_status_code": "EFF", "facility_type_indicator": "POTW", "major_minor_status_flag": "M", "permit_tracking": "Y", "pt_start_date": 1782864000000, "dmr_tracking": "Y", "dmr_nr_start_date": 1782864000000, "permit_design_flow": 46.5, "permit_avg_flow": 46.5, "perm_feature_nmbr": "105", "perm_feature_text": "Untreated CSO or Stormwater from\nMonmouth St & Carothers St CSO ID 0690067", "pf_lat": 39.094898, "pf_lon": -84.480178, "pf_character": "CSO|SW", "perm_feature_type_code": "EXO", "pf_state_waterbody_name": "UT to Ohio River (Taylor Creek)", "pf_state_auto_name": "Town of Newport-Ohio River", "pf_reach_id": "5090203000704", "in_icis": "YES", "echo_dfr_link": "https://echo.epa.gov/detailed-facility-report?fid=110039639736", "name": "NORTHERN KY SANITATION DISTRICT 1- DRY CREEK", "feature_kind": "CSO outfall"}}, {"type": "Feature", "id": 103, "geometry": {"type": "Point", "coordinates": [-82.6246018056325, 38.4762622802864]}, "properties": {"OBJECTID": 103, "npdes_pfid": "KY0022373002", "npdes_id": "KY0022373", "permitting_state": "KY", "agency_type_code": "ST6", "facility_uin": "110000732244", "facility_name": "ASHLAND STP", "location_address": "2600 RIVERFRONT DR", "supplemental_address_text": "", "facility_city": "ASHLAND", "county_code": "KY019", "state_code": "KY", "epa_region_code": "04", "facility_type_code": "CTG", "facility_lat": 38.473889, "facility_lon": -82.6225, "permit_name": "Ashland STP", "version_nmbr": 0, "permit_type_code": "NPD", "effective_date": 1462060800000, "expiration_date": 1619740800000, "permit_status_code": "ADC", "facility_type_indicator": "POTW", "major_minor_status_flag": "M", "permit_tracking": "Y", "pt_start_date": 1462060800000, "dmr_tracking": "Y", "dmr_nr_start_date": 1462060800000, "permit_design_flow": 11, "permit_avg_flow": 6.33, "perm_feature_nmbr": "002", "perm_feature_text": "", "pf_lat": 38.476262, "pf_lon": -82.624602, "pf_character": "CSO|SW", "perm_feature_type_code": "EXO", "pf_state_waterbody_name": "OHIO RIVER", "pf_state_auto_name": "Ohio River", "pf_reach_id": "5090103000198", "in_icis": "YES", "echo_dfr_link": "https://echo.epa.gov/detailed-facility-report?fid=110000732244", "name": "ASHLAND STP", "feature_kind": "CSO outfall"}}, {"type": "Feature", "id": 104, "geometry": {"type": "Point", "coordinates": [-82.6100212502559, 38.4623849121664]}, "properties": {"OBJECTID": 104, "npdes_pfid": "KY0022373004", "npdes_id": "KY0022373", "permitting_state": "KY", "agency_type_code": "ST6", "facility_uin": "110000732244", "facility_name": "ASHLAND STP", "location_address": "2600 RIVERFRONT DR", "supplemental_address_text": "", "facility_city": "ASHLAND", "county_code": "KY019", "state_code": "KY", "epa_region_code": "04", "facility_type_code": "CTG", "facility_lat": 38.473889, "facility_lon": -82.6225, "permit_name": "Ashland STP", "version_nmbr": 0, "permit_type_code": "NPD", "effective_date": 1462060800000, "expiration_date": 1619740800000, "permit_status_code": "ADC", "facility_type_indicator": "POTW", "major_minor_status_flag": "M", "permit_tracking": "Y", "pt_start_date": 1462060800000, "dmr_tracking": "Y", "dmr_nr_start_date": 1462060800000, "permit_design_flow": 11, "permit_avg_flow": 6.33, "perm_feature_nmbr": "004", "perm_feature_text": "", "pf_lat": 38.462385, "pf_lon": -82.610021, "pf_character": "CSO|SW", "perm_feature_type_code": "EXO", "pf_state_waterbody_name": "OHIO RIVER", "pf_state_auto_name": "Ohio River", "pf_reach_id": "5090103000199", "in_icis": "YES", "echo_dfr_link": "https://echo.epa.gov/detailed-facility-report?fid=110000732244", "name": "ASHLAND STP", "feature_kind": "CSO outfall"}}, {"type": "Feature", "id": 105, "geometry": {"type": "Point", "coordinates": [-82.6141552971934, 38.4692870053212]}, "properties": {"OBJECTID": 105, "npdes_pfid": "KY0022373006", "npdes_id": "KY0022373", "permitting_state": "KY", "agency_type_code": "ST6", "facility_uin": "110000732244", "facility_name": "ASHLAND STP", "location_address": "2600 RIVERFRONT DR", "supplemental_address_text": "", "facility_city": "ASHLAND", "county_code": "KY019", "state_code": "KY", "epa_region_code": "04", "facility_type_code": "CTG", "facility_lat": 38.473889, "facility_lon": -82.6225, "permit_name": "Ashland STP", "version_nmbr": 0, "permit_type_code": "NPD", "effective_date": 1462060800000, "expiration_date": 1619740800000, "permit_status_code": "ADC", "facility_type_indicator": "POTW", "major_minor_status_flag": "M", "permit_tracking": "Y", "pt_start_date": 1462060800000, "dmr_tracking": "Y", "dmr_nr_start_date": 1462060800000, "permit_design_flow": 11, "permit_avg_flow": 6.33, "perm_feature_nmbr": "006", "perm_feature_text": "", "pf_lat": 38.469287, "pf_lon": -82.614155, "pf_character": "CSO|SW", "perm_feature_type_code": "EXO", "pf_state_waterbody_name": "OHIO RIVER", "pf_state_auto_name": "Clyffeside Branch", "pf_reach_id": "5090103000898", "in_icis": "YES", "echo_dfr_link": "https://echo.epa.gov/detailed-facility-report?fid=110000732244", "name": "ASHLAND STP", "feature_kind": "CSO outfall"}}, {"type": "Feature", "id": 106, "geometry": {"type": "Point", "coordinates": [-82.6349638724348, 38.4803080243657]}, "properties": {"OBJECTID": 106, "npdes_pfid": "KY0022373008", "npdes_id": "KY0022373", "permitting_state": "KY", "agency_type_code": "ST6", "facility_uin": "110000732244", "facility_name": "ASHLAND STP", "location_address": "2600 RIVERFRONT DR", "supplemental_address_text": "", "facility_city": "ASHLAND", "county_code": "KY019", "state_code": "KY", "epa_region_code": "04", "facility_type_code": "CTG", "facility_lat": 38.473889, "facility_lon": -82.6225, "permit_name": "Ashland STP", "version_nmbr": 0, "permit_type_code": "NPD", "effective_date": 1462060800000, "expiration_date": 1619740800000, "permit_status_code": "ADC", "facility_type_indicator": "POTW", "major_minor_status_flag": "M", "permit_tracking": "Y", "pt_start_date": 1462060800000, "dmr_tracking": "Y", "dmr_nr_start_date": 1462060800000, "permit_design_flow": 11, "permit_avg_flow": 6.33, "perm_feature_nmbr": "008", "perm_feature_text": "", "pf_lat": 38.480308, "pf_lon": -82.634964, "pf_character": "CSO|SW", "perm_feature_type_code": "EXO", "pf_state_waterbody_name": "OHIO RIVER", "pf_state_auto_name": "Ohio River", "pf_reach_id": "5090103000198", "in_icis": "YES", "echo_dfr_link": "https://echo.epa.gov/detailed-facility-report?fid=110000732244", "name": "ASHLAND STP", "feature_kind": "CSO outfall"}}, {"type": "Feature", "id": 107, "geometry": {"type": "Point", "coordinates": [-82.6388796287583, 38.4819190857261]}, "properties": {"OBJECTID": 107, "npdes_pfid": "KY0022373009", "npdes_id": "KY0022373", "permitting_state": "KY", "agency_type_code": "ST6", "facility_uin": "110000732244", "facility_name": "ASHLAND STP", "location_address": "2600 RIVERFRONT DR", "supplemental_address_text": "", "facility_city": "ASHLAND", "county_code": "KY019", "state_code": "KY", "epa_region_code": "04", "facility_type_code": "CTG", "facility_lat": 38.473889, "facility_lon": -82.6225, "permit_name": "Ashland STP", "version_nmbr": 0, "permit_type_code": "NPD", "effective_date": 1462060800000, "expiration_date": 1619740800000, "permit_status_code": "ADC", "facility_type_indicator": "POTW", "major_minor_status_flag": "M", "permit_tracking": "Y", "pt_start_date": 1462060800000, "dmr_tracking": "Y", "dmr_nr_start_date": 1462060800000, "permit_design_flow": 11, "permit_avg_flow": 6.33, "perm_feature_nmbr": "009", "perm_feature_text": "", "pf_lat": 38.481919, "pf_lon": -82.63888, "pf_character": "CSO|SW", "perm_feature_type_code": "EXO", "pf_state_waterbody_name": "OHIO RIVER", "pf_state_auto_name": "Ohio River", "pf_reach_id": "5090103000198", "in_icis": "YES", "echo_dfr_link": "https://echo.epa.gov/detailed-facility-report?fid=110000732244", "name": "ASHLAND STP", "feature_kind": "CSO outfall"}}, {"type": "Feature", "id": 108, "geometry": {"type": "Point", "coordinates": [-82.6442955716062, 38.4844667535222]}, "properties": {"OBJECTID": 108, "npdes_pfid": "KY0022373010", "npdes_id": "KY0022373", "permitting_state": "KY", "agency_type_code": "ST6", "facility_uin": "110000732244", "facility_name": "ASHLAND STP", "location_address": "2600 RIVERFRONT DR", "supplemental_address_text": "", "facility_city": "ASHLAND", "county_code": "KY019", "state_code": "KY", "epa_region_code": "04", "facility_type_code": "CTG", "facility_lat": 38.473889, "facility_lon": -82.6225, "permit_name": "Ashland STP", "version_nmbr": 0, "permit_type_code": "NPD", "effective_date": 1462060800000, "expiration_date": 1619740800000, "permit_status_code": "ADC", "facility_type_indicator": "POTW", "major_minor_status_flag": "M", "permit_tracking": "Y", "pt_start_date": 1462060800000, "dmr_tracking": "Y", "dmr_nr_start_date": 1462060800000, "permit_design_flow": 11, "permit_avg_flow": 6.33, "perm_feature_nmbr": "010", "perm_feature_text": "", "pf_lat": 38.484467, "pf_lon": -82.644296, "pf_character": "CSO|SW", "perm_feature_type_code": "EXO", "pf_state_waterbody_name": "OHIO RIVER", "pf_state_auto_name": "Ohio River", "pf_reach_id": "5090103000198", "in_icis": "YES", "echo_dfr_link": "https://echo.epa.gov/detailed-facility-report?fid=110000732244", "name": "ASHLAND STP", "feature_kind": "CSO outfall"}}, {"type": "Feature", "id": 109, "geometry": {"type": "Point", "coordinates": [-82.652964314098, 38.4814971613076]}, "properties": {"OBJECTID": 109, "npdes_pfid": "KY0022373012", "npdes_id": "KY0022373", "permitting_state": "KY", "agency_type_code": "ST6", "facility_uin": "110000732244", "facility_name": "ASHLAND STP", "location_address": "2600 RIVERFRONT DR", "supplemental_address_text": "", "facility_city": "ASHLAND", "county_code": "KY019", "state_code": "KY", "epa_region_code": "04", "facility_type_code": "CTG", "facility_lat": 38.473889, "facility_lon": -82.6225, "permit_name": "Ashland STP", "version_nmbr": 0, "permit_type_code": "NPD", "effective_date": 1462060800000, "expiration_date": 1619740800000, "permit_status_code": "ADC", "facility_type_indicator": "POTW", "major_minor_status_flag": "M", "permit_tracking": "Y", "pt_start_date": 1462060800000, "dmr_tracking": "Y", "dmr_nr_start_date": 1462060800000, "permit_design_flow": 11, "permit_avg_flow": 6.33, "perm_feature_nmbr": "012", "perm_feature_text": "", "pf_lat": 38.481497, "pf_lon": -82.652964, "pf_character": "CSO|SW", "perm_feature_type_code": "EXO", "pf_state_waterbody_name": "UT / OHIO RIVER", "pf_state_auto_name": "Solida Creek-Ohio River", "pf_reach_id": "5090103000899", "in_icis": "YES", "echo_dfr_link": "https://echo.epa.gov/detailed-facility-report?fid=110000732244", "name": "ASHLAND STP", "feature_kind": "CSO outfall"}}, {"type": "Feature", "id": 110, "geometry": {"type": "Point", "coordinates": [-82.6675358863217, 38.4763333095611]}, "properties": {"OBJECTID": 110, "npdes_pfid": "KY0022373014", "npdes_id": "KY0022373", "permitting_state": "KY", "agency_type_code": "ST6", "facility_uin": "110000732244", "facility_name": "ASHLAND STP", "location_address": "2600 RIVERFRONT DR", "supplemental_address_text": "", "facility_city": "ASHLAND", "county_code": "KY019", "state_code": "KY", "epa_region_code": "04", "facility_type_code": "CTG", "facility_lat": 38.473889, "facility_lon": -82.6225, "permit_name": "Ashland STP", "version_nmbr": 0, "permit_type_code": "NPD", "effective_date": 1462060800000, "expiration_date": 1619740800000, "permit_status_code": "ADC", "facility_type_indicator": "POTW", "major_minor_status_flag": "M", "permit_tracking": "Y", "pt_start_date": 1462060800000, "dmr_tracking": "Y", "dmr_nr_start_date": 1462060800000, "permit_design_flow": 11, "permit_avg_flow": 6.33, "perm_feature_nmbr": "014", "perm_feature_text": "", "pf_lat": 38.476333, "pf_lon": -82.667536, "pf_character": "CSO|SW", "perm_feature_type_code": "EXO", "pf_state_waterbody_name": "UT / OHIO RIVER", "pf_state_auto_name": "Little Hood Creek", "pf_reach_id": "5090103000458", "in_icis": "YES", "echo_dfr_link": "https://echo.epa.gov/detailed-facility-report?fid=110000732244", "name": "ASHLAND STP", "feature_kind": "CSO outfall"}}, {"type": "Feature", "id": 111, "geometry": {"type": "Point", "coordinates": [-85.8233327507934, 38.2208333401812]}, "properties": {"OBJECTID": 111, "npdes_pfid": "KY0022411015", "npdes_id": "KY0022411", "permitting_state": "KY", "agency_type_code": "ST6", "facility_uin": "110000759714", "facility_name": "MORRIS FORMAN WQTC MSD", "location_address": "4522 ALGONQUIN PKWY", "supplemental_address_text": "", "facility_city": "LOUISVILLE", "county_code": "KY111", "state_code": "KY", "epa_region_code": "04", "facility_type_code": "MWD", "facility_lat": 38.23, "facility_lon": -85.835556, "permit_name": "Morris Forman WQTC MSD", "version_nmbr": 0, "permit_type_code": "NPD", "effective_date": 938736000000, "expiration_date": 1096502400000, "permit_status_code": "ADC", "facility_type_indicator": "POTW", "major_minor_status_flag": "M", "permit_tracking": "Y", "pt_start_date": 938736000000, "dmr_tracking": "Y", "dmr_nr_start_date": 938736000000, "permit_design_flow": 120, "permit_avg_flow": 90.06, "perm_feature_nmbr": "015", "perm_feature_text": "", "pf_lat": 38.220833, "pf_lon": -85.823333, "pf_character": "CSO|DSW", "perm_feature_type_code": "EXO", "pf_state_waterbody_name": "OHIO RIVER", "pf_state_auto_name": "Ohio River", "pf_reach_id": "5140101000008", "in_icis": "YES", "echo_dfr_link": "https://echo.epa.gov/detailed-facility-report?fid=110000759714", "name": "MORRIS FORMAN WQTC MSD", "feature_kind": "CSO outfall"}}, {"type": "Feature", "id": 112, "geometry": {"type": "Point", "coordinates": [-85.6950003276194, 38.2372217208284]}, "properties": {"OBJECTID": 112, "npdes_pfid": "KY0022411016", "npdes_id": "KY0022411", "permitting_state": "KY", "agency_type_code": "ST6", "facility_uin": "110000759714", "facility_name": "MORRIS FORMAN WQTC MSD", "location_address": "4522 ALGONQUIN PKWY", "supplemental_address_text": "", "facility_city": "LOUISVILLE", "county_code": "KY111", "state_code": "KY", "epa_region_code": "04", "facility_type_code": "MWD", "facility_lat": 38.23, "facility_lon": -85.835556, "permit_name": "Morris Forman WQTC MSD", "version_nmbr": 0, "permit_type_code": "NPD", "effective_date": 938736000000, "expiration_date": 1096502400000, "permit_status_code": "ADC", "facility_type_indicator": "POTW", "major_minor_status_flag": "M", "permit_tracking": "Y", "pt_start_date": 938736000000, "dmr_tracking": "Y", "dmr_nr_start_date": 938736000000, "permit_design_flow": 120, "permit_avg_flow": 90.06, "perm_feature_nmbr": "016", "perm_feature_text": "", "pf_lat": 38.237222, "pf_lon": -85.695, "pf_character": "CSO|DSW", "perm_feature_type_code": "EXO", "pf_state_waterbody_name": "OHIO RIVER", "pf_state_auto_name": "Middle Fork Beargrass Creek", "pf_reach_id": "5140101000475", "in_icis": "YES", "echo_dfr_link": "https://echo.epa.gov/detailed-facility-report?fid=110000759714", "name": "MORRIS FORMAN WQTC MSD", "feature_kind": "CSO outfall"}}, {"type": "Feature", "id": 113, "geometry": {"type": "Point", "coordinates": [-85.7111107139248, 38.2152782075234]}, "properties": {"OBJECTID": 113, "npdes_pfid": "KY0022411018", "npdes_id": "KY0022411", "permitting_state": "KY", "agency_type_code": "ST6", "facility_uin": "110000759714", "facility_name": "MORRIS FORMAN WQTC MSD", "location_address": "4522 ALGONQUIN PKWY", "supplemental_address_text": "", "facility_city": "LOUISVILLE", "county_code": "KY111", "state_code": "KY", "epa_region_code": "04", "facility_type_code": "MWD", "facility_lat": 38.23, "facility_lon": -85.835556, "permit_name": "Morris Forman WQTC MSD", "version_nmbr": 0, "permit_type_code": "NPD", "effective_date": 938736000000, "expiration_date": 1096502400000, "permit_status_code": "ADC", "facility_type_indicator": "POTW", "major_minor_status_flag": "M", "permit_tracking": "Y", "pt_start_date": 938736000000, "dmr_tracking": "Y", "dmr_nr_start_date": 938736000000, "permit_design_flow": 120, "permit_avg_flow": 90.06, "perm_feature_nmbr": "018", "perm_feature_text": "", "pf_lat": 38.215278, "pf_lon": -85.711111, "pf_character": "CSO|DSW", "perm_feature_type_code": "EXO", "pf_state_waterbody_name": "OHIO RIVER", "pf_state_auto_name": "South Fork Beargrass Creek", "pf_reach_id": "5140101000472", "in_icis": "YES", "echo_dfr_link": "https://echo.epa.gov/detailed-facility-report?fid=110000759714", "name": "MORRIS FORMAN WQTC MSD", "feature_kind": "CSO outfall"}}, {"type": "Feature", "id": 114, "geometry": {"type": "Point", "coordinates": [-85.8030559782002, 38.2769438348596]}, "properties": {"OBJECTID": 114, "npdes_pfid": "KY0022411019", "npdes_id": "KY0022411", "permitting_state": "KY", "agency_type_code": "ST6", "facility_uin": "110000759714", "facility_name": "MORRIS FORMAN WQTC MSD", "location_address": "4522 ALGONQUIN PKWY", "supplemental_address_text": "", "facility_city": "LOUISVILLE", "county_code": "KY111", "state_code": "KY", "epa_region_code": "04", "facility_type_code": "MWD", "facility_lat": 38.23, "facility_lon": -85.835556, "permit_name": "Morris Forman WQTC MSD", "version_nmbr": 0, "permit_type_code": "NPD", "effective_date": 938736000000, "expiration_date": 1096502400000, "permit_status_code": "ADC", "facility_type_indicator": "POTW", "major_minor_status_flag": "M", "permit_tracking": "Y", "pt_start_date": 938736000000, "dmr_tracking": "Y", "dmr_nr_start_date": 938736000000, "permit_design_flow": 120, "permit_avg_flow": 90.06, "perm_feature_nmbr": "019", "perm_feature_text": "", "pf_lat": 38.276944, "pf_lon": -85.803056, "pf_character": "CSO|DSW", "perm_feature_type_code": "EXO", "pf_state_waterbody_name": "OHIO RIVER", "pf_state_auto_name": "Ohio River", "pf_reach_id": "5140101000010", "in_icis": "YES", "echo_dfr_link": "https://echo.epa.gov/detailed-facility-report?fid=110000759714", "name": "MORRIS FORMAN WQTC MSD", "feature_kind": "CSO outfall"}}, {"type": "Feature", "id": 115, "geometry": {"type": "Point", "coordinates": [-85.7313892831485, 38.256667192743]}, "properties": {"OBJECTID": 115, "npdes_pfid": "KY0022411020", "npdes_id": "KY0022411", "permitting_state": "KY", "agency_type_code": "ST6", "facility_uin": "110000759714", "facility_name": "MORRIS FORMAN WQTC MSD", "location_address": "4522 ALGONQUIN PKWY", "supplemental_address_text": "", "facility_city": "LOUISVILLE", "county_code": "KY111", "state_code": "KY", "epa_region_code": "04", "facility_type_code": "MWD", "facility_lat": 38.23, "facility_lon": -85.835556, "permit_name": "Morris Forman WQTC MSD", "version_nmbr": 0, "permit_type_code": "NPD", "effective_date": 938736000000, "expiration_date": 1096502400000, "permit_status_code": "ADC", "facility_type_indicator": "POTW", "major_minor_status_flag": "M", "permit_tracking": "Y", "pt_start_date": 938736000000, "dmr_tracking": "Y", "dmr_nr_start_date": 938736000000, "permit_design_flow": 120, "permit_avg_flow": 90.06, "perm_feature_nmbr": "020", "perm_feature_text": "", "pf_lat": 38.256667, "pf_lon": -85.731389, "pf_character": "CSO|DSW", "perm_feature_type_code": "EXO", "pf_state_waterbody_name": "OHIO RIVER", "pf_state_auto_name": "Beargrass Creek", "pf_reach_id": "5140101000175", "in_icis": "YES", "echo_dfr_link": "https://echo.epa.gov/detailed-facility-report?fid=110000759714", "name": "MORRIS FORMAN WQTC MSD", "feature_kind": "CSO outfall"}}, {"type": "Feature", "id": 116, "geometry": {"type": "Point", "coordinates": [-85.7566669769283, 38.2563892656036]}, "properties": {"OBJECTID": 116, "npdes_pfid": "KY0022411022", "npdes_id": "KY0022411", "permitting_state": "KY", "agency_type_code": "ST6", "facility_uin": "110000759714", "facility_name": "MORRIS FORMAN WQTC MSD", "location_address": "4522 ALGONQUIN PKWY", "supplemental_address_text": "", "facility_city": "LOUISVILLE", "county_code": "KY111", "state_code": "KY", "epa_region_code": "04", "facility_type_code": "MWD", "facility_lat": 38.23, "facility_lon": -85.835556, "permit_name": "Morris Forman WQTC MSD", "version_nmbr": 0, "permit_type_code": "NPD", "effective_date": 938736000000, "expiration_date": 1096502400000, "permit_status_code": "ADC", "facility_type_indicator": "POTW", "major_minor_status_flag": "M", "permit_tracking": "Y", "pt_start_date": 938736000000, "dmr_tracking": "Y", "dmr_nr_start_date": 938736000000, "permit_design_flow": 120, "permit_avg_flow": 90.06, "perm_feature_nmbr": "022", "perm_feature_text": "", "pf_lat": 38.256389, "pf_lon": -85.756667, "pf_character": "CSO|DSW", "perm_feature_type_code": "EXO", "pf_state_waterbody_name": "OHIO RIVER", "pf_state_auto_name": "Ohio River", "pf_reach_id": "5140101000011", "in_icis": "YES", "echo_dfr_link": "https://echo.epa.gov/detailed-facility-report?fid=110000759714", "name": "MORRIS FORMAN WQTC MSD", "feature_kind": "CSO outfall"}}, {"type": "Feature", "id": 117, "geometry": {"type": "Point", "coordinates": [-85.715000419105, 38.2563892656036]}, "properties": {"OBJECTID": 117, "npdes_pfid": "KY0022411023", "npdes_id": "KY0022411", "permitting_state": "KY", "agency_type_code": "ST6", "facility_uin": "110000759714", "facility_name": "MORRIS FORMAN WQTC MSD", "location_address": "4522 ALGONQUIN PKWY", "supplemental_address_text": "", "facility_city": "LOUISVILLE", "county_code": "KY111", "state_code": "KY", "epa_region_code": "04", "facility_type_code": "MWD", "facility_lat": 38.23, "facility_lon": -85.835556, "permit_name": "Morris Forman WQTC MSD", "version_nmbr": 0, "permit_type_code": "NPD", "effective_date": 938736000000, "expiration_date": 1096502400000, "permit_status_code": "ADC", "facility_type_indicator": "POTW", "major_minor_status_flag": "M", "permit_tracking": "Y", "pt_start_date": 938736000000, "dmr_tracking": "Y", "dmr_nr_start_date": 938736000000, "permit_design_flow": 120, "permit_avg_flow": 90.06, "perm_feature_nmbr": "023", "perm_feature_text": "", "pf_lat": 38.256389, "pf_lon": -85.715, "pf_character": "CSO|DSW", "perm_feature_type_code": "EXO", "pf_state_waterbody_name": "OHIO RIVER", "pf_state_auto_name": "Beargrass Creek", "pf_reach_id": "5140101000471", "in_icis": "YES", "echo_dfr_link": "https://echo.epa.gov/detailed-facility-report?fid=110000759714", "name": "MORRIS FORMAN WQTC MSD", "feature_kind": "CSO outfall"}}, {"type": "Feature", "id": 118, "geometry": {"type": "Point", "coordinates": [-85.7619436809073, 38.2463888245928]}, "properties": {"OBJECTID": 118, "npdes_pfid": "KY0022411026", "npdes_id": "KY0022411", "permitting_state": "KY", "agency_type_code": "ST6", "facility_uin": "110000759714", "facility_name": "MORRIS FORMAN WQTC MSD", "location_address": "4522 ALGONQUIN PKWY", "supplemental_address_text": "", "facility_city": "LOUISVILLE", "county_code": "KY111", "state_code": "KY", "epa_region_code": "04", "facility_type_code": "MWD", "facility_lat": 38.23, "facility_lon": -85.835556, "permit_name": "Morris Forman WQTC MSD", "version_nmbr": 0, "permit_type_code": "NPD", "effective_date": 938736000000, "expiration_date": 1096502400000, "permit_status_code": "ADC", "facility_type_indicator": "POTW", "major_minor_status_flag": "M", "permit_tracking": "Y", "pt_start_date": 938736000000, "dmr_tracking": "Y", "dmr_nr_start_date": 938736000000, "permit_design_flow": 120, "permit_avg_flow": 90.06, "perm_feature_nmbr": "026", "perm_feature_text": "", "pf_lat": 38.246389, "pf_lon": -85.761944, "pf_character": "CSO|DSW", "perm_feature_type_code": "EXO", "pf_state_waterbody_name": "OHIO RIVER", "pf_state_auto_name": "Ohio River", "pf_reach_id": "5140101000008", "in_icis": "YES", "echo_dfr_link": "https://echo.epa.gov/detailed-facility-report?fid=110000759714", "name": "MORRIS FORMAN WQTC MSD", "feature_kind": "CSO outfall"}}, {"type": "Feature", "id": 119, "geometry": {"type": "Point", "coordinates": [-85.7633333746518, 38.2463888245928]}, "properties": {"OBJECTID": 119, "npdes_pfid": "KY0022411027", "npdes_id": "KY0022411", "permitting_state": "KY", "agency_type_code": "ST6", "facility_uin": "110000759714", "facility_name": "MORRIS FORMAN WQTC MSD", "location_address": "4522 ALGONQUIN PKWY", "supplemental_address_text": "", "facility_city": "LOUISVILLE", "county_code": "KY111", "state_code": "KY", "epa_region_code": "04", "facility_type_code": "MWD", "facility_lat": 38.23, "facility_lon": -85.835556, "permit_name": "Morris Forman WQTC MSD", "version_nmbr": 0, "permit_type_code": "NPD", "effective_date": 938736000000, "expiration_date": 1096502400000, "permit_status_code": "ADC", "facility_type_indicator": "POTW", "major_minor_status_flag": "M", "permit_tracking": "Y", "pt_start_date": 938736000000, "dmr_tracking": "Y", "dmr_nr_start_date": 938736000000, "permit_design_flow": 120, "permit_avg_flow": 90.06, "perm_feature_nmbr": "027", "perm_feature_text": "", "pf_lat": 38.246389, "pf_lon": -85.763333, "pf_character": "CSO|DSW", "perm_feature_type_code": "EXO", "pf_state_waterbody_name": "OHIO RIVER", "pf_state_auto_name": "Ohio River", "pf_reach_id": "5140101000008", "in_icis": "YES", "echo_dfr_link": "https://echo.epa.gov/detailed-facility-report?fid=110000759714", "name": "MORRIS FORMAN WQTC MSD", "feature_kind": "CSO outfall"}}, {"type": "Feature", "id": 120, "geometry": {"type": "Point", "coordinates": [-85.7622221586453, 38.2444437426445]}, "properties": {"OBJECTID": 120, "npdes_pfid": "KY0022411028", "npdes_id": "KY0022411", "permitting_state": "KY", "agency_type_code": "ST6", "facility_uin": "110000759714", "facility_name": "MORRIS FORMAN WQTC MSD", "location_address": "4522 ALGONQUIN PKWY", "supplemental_address_text": "", "facility_city": "LOUISVILLE", "county_code": "KY111", "state_code": "KY", "epa_region_code": "04", "facility_type_code": "MWD", "facility_lat": 38.23, "facility_lon": -85.835556, "permit_name": "Morris Forman WQTC MSD", "version_nmbr": 0, "permit_type_code": "NPD", "effective_date": 938736000000, "expiration_date": 1096502400000, "permit_status_code": "ADC", "facility_type_indicator": "POTW", "major_minor_status_flag": "M", "permit_tracking": "Y", "pt_start_date": 938736000000, "dmr_tracking": "Y", "dmr_nr_start_date": 938736000000, "permit_design_flow": 120, "permit_avg_flow": 90.06, "perm_feature_nmbr": "028", "perm_feature_text": "", "pf_lat": 38.244444, "pf_lon": -85.762222, "pf_character": "CSO|DSW", "perm_feature_type_code": "EXO", "pf_state_waterbody_name": "OHIO RIVER", "pf_state_auto_name": "Ohio River", "pf_reach_id": "5140101000008", "in_icis": "YES", "echo_dfr_link": "https://echo.epa.gov/detailed-facility-report?fid=110000759714", "name": "MORRIS FORMAN WQTC MSD", "feature_kind": "CSO outfall"}}, {"type": "Feature", "id": 121, "geometry": {"type": "Point", "coordinates": [-85.7655558066647, 38.2449996872294]}, "properties": {"OBJECTID": 121, "npdes_pfid": "KY0022411029", "npdes_id": "KY0022411", "permitting_state": "KY", "agency_type_code": "ST6", "facility_uin": "110000759714", "facility_name": "MORRIS FORMAN WQTC MSD", "location_address": "4522 ALGONQUIN PKWY", "supplemental_address_text": "", "facility_city": "LOUISVILLE", "county_code": "KY111", "state_code": "KY", "epa_region_code": "04", "facility_type_code": "MWD", "facility_lat": 38.23, "facility_lon": -85.835556, "permit_name": "Morris Forman WQTC MSD", "version_nmbr": 0, "permit_type_code": "NPD", "effective_date": 938736000000, "expiration_date": 1096502400000, "permit_status_code": "ADC", "facility_type_indicator": "POTW", "major_minor_status_flag": "M", "permit_tracking": "Y", "pt_start_date": 938736000000, "dmr_tracking": "Y", "dmr_nr_start_date": 938736000000, "permit_design_flow": 120, "permit_avg_flow": 90.06, "perm_feature_nmbr": "029", "perm_feature_text": "", "pf_lat": 38.245, "pf_lon": -85.765556, "pf_character": "CSO|DSW", "perm_feature_type_code": "EXO", "pf_state_waterbody_name": "OHIO RIVER", "pf_state_auto_name": "Ohio River", "pf_reach_id": "5140101000008", "in_icis": "YES", "echo_dfr_link": "https://echo.epa.gov/detailed-facility-report?fid=110000759714", "name": "MORRIS FORMAN WQTC MSD", "feature_kind": "CSO outfall"}}, {"type": "Feature", "id": 122, "geometry": {"type": "Point", "coordinates": [-85.7669437037787, 38.2449996872294]}, "properties": {"OBJECTID": 122, "npdes_pfid": "KY0022411030", "npdes_id": "KY0022411", "permitting_state": "KY", "agency_type_code": "ST6", "facility_uin": "110000759714", "facility_name": "MORRIS FORMAN WQTC MSD", "location_address": "4522 ALGONQUIN PKWY", "supplemental_address_text": "", "facility_city": "LOUISVILLE", "county_code": "KY111", "state_code": "KY", "epa_region_code": "04", "facility_type_code": "MWD", "facility_lat": 38.23, "facility_lon": -85.835556, "permit_name": "Morris Forman WQTC MSD", "version_nmbr": 0, "permit_type_code": "NPD", "effective_date": 938736000000, "expiration_date": 1096502400000, "permit_status_code": "ADC", "facility_type_indicator": "POTW", "major_minor_status_flag": "M", "permit_tracking": "Y", "pt_start_date": 938736000000, "dmr_tracking": "Y", "dmr_nr_start_date": 938736000000, "permit_design_flow": 120, "permit_avg_flow": 90.06, "perm_feature_nmbr": "030", "perm_feature_text": "", "pf_lat": 38.245, "pf_lon": -85.766944, "pf_character": "CSO|DSW", "perm_feature_type_code": "EXO", "pf_state_waterbody_name": "OHIO RIVER", "pf_state_auto_name": "Ohio River", "pf_reach_id": "5140101000008", "in_icis": "YES", "echo_dfr_link": "https://echo.epa.gov/detailed-facility-report?fid=110000759714", "name": "MORRIS FORMAN WQTC MSD", "feature_kind": "CSO outfall"}}, {"type": "Feature", "id": 123, "geometry": {"type": "Point", "coordinates": [-85.7624997380681, 38.2422220384008]}, "properties": {"OBJECTID": 123, "npdes_pfid": "KY0022411031", "npdes_id": "KY0022411", "permitting_state": "KY", "agency_type_code": "ST6", "facility_uin": "110000759714", "facility_name": "MORRIS FORMAN WQTC MSD", "location_address": "4522 ALGONQUIN PKWY", "supplemental_address_text": "", "facility_city": "LOUISVILLE", "county_code": "KY111", "state_code": "KY", "epa_region_code": "04", "facility_type_code": "MWD", "facility_lat": 38.23, "facility_lon": -85.835556, "permit_name": "Morris Forman WQTC MSD", "version_nmbr": 0, "permit_type_code": "NPD", "effective_date": 938736000000, "expiration_date": 1096502400000, "permit_status_code": "ADC", "facility_type_indicator": "POTW", "major_minor_status_flag": "M", "permit_tracking": "Y", "pt_start_date": 938736000000, "dmr_tracking": "Y", "dmr_nr_start_date": 938736000000, "permit_design_flow": 120, "permit_avg_flow": 90.06, "perm_feature_nmbr": "031", "perm_feature_text": "", "pf_lat": 38.242222, "pf_lon": -85.7625, "pf_character": "CSO|DSW", "perm_feature_type_code": "EXO", "pf_state_waterbody_name": "OHIO RIVER", "pf_state_auto_name": "Ohio River", "pf_reach_id": "5140101000008", "in_icis": "YES", "echo_dfr_link": "https://echo.epa.gov/detailed-facility-report?fid=110000759714", "name": "MORRIS FORMAN WQTC MSD", "feature_kind": "CSO outfall"}}, {"type": "Feature", "id": 124, "geometry": {"type": "Point", "coordinates": [-85.759166988364, 38.2419440560186]}, "properties": {"OBJECTID": 124, "npdes_pfid": "KY0022411032", "npdes_id": "KY0022411", "permitting_state": "KY", "agency_type_code": "ST6", "facility_uin": "110000759714", "facility_name": "MORRIS FORMAN WQTC MSD", "location_address": "4522 ALGONQUIN PKWY", "supplemental_address_text": "", "facility_city": "LOUISVILLE", "county_code": "KY111", "state_code": "KY", "epa_region_code": "04", "facility_type_code": "MWD", "facility_lat": 38.23, "facility_lon": -85.835556, "permit_name": "Morris Forman WQTC MSD", "version_nmbr": 0, "permit_type_code": "NPD", "effective_date": 938736000000, "expiration_date": 1096502400000, "permit_status_code": "ADC", "facility_type_indicator": "POTW", "major_minor_status_flag": "M", "permit_tracking": "Y", "pt_start_date": 938736000000, "dmr_tracking": "Y", "dmr_nr_start_date": 938736000000, "permit_design_flow": 120, "permit_avg_flow": 90.06, "perm_feature_nmbr": "032", "perm_feature_text": "", "pf_lat": 38.241944, "pf_lon": -85.759167, "pf_character": "CSO|DSW", "perm_feature_type_code": "EXO", "pf_state_waterbody_name": "OHIO RIVER", "pf_state_auto_name": "Ohio River", "pf_reach_id": "5140101000008", "in_icis": "YES", "echo_dfr_link": "https://echo.epa.gov/detailed-facility-report?fid=110000759714", "name": "MORRIS FORMAN WQTC MSD", "feature_kind": "CSO outfall"}}, {"type": "Feature", "id": 125, "geometry": {"type": "Point", "coordinates": [-85.7577781929348, 38.2441671797954]}, "properties": {"OBJECTID": 125, "npdes_pfid": "KY0022411033", "npdes_id": "KY0022411", "permitting_state": "KY", "agency_type_code": "ST6", "facility_uin": "110000759714", "facility_name": "MORRIS FORMAN WQTC MSD", "location_address": "4522 ALGONQUIN PKWY", "supplemental_address_text": "", "facility_city": "LOUISVILLE", "county_code": "KY111", "state_code": "KY", "epa_region_code": "04", "facility_type_code": "MWD", "facility_lat": 38.23, "facility_lon": -85.835556, "permit_name": "Morris Forman WQTC MSD", "version_nmbr": 0, "permit_type_code": "NPD", "effective_date": 938736000000, "expiration_date": 1096502400000, "permit_status_code": "ADC", "facility_type_indicator": "POTW", "major_minor_status_flag": "M", "permit_tracking": "Y", "pt_start_date": 938736000000, "dmr_tracking": "Y", "dmr_nr_start_date": 938736000000, "permit_design_flow": 120, "permit_avg_flow": 90.06, "perm_feature_nmbr": "033", "perm_feature_text": "", "pf_lat": 38.244167, "pf_lon": -85.757778, "pf_character": "CSO|DSW", "perm_feature_type_code": "EXO", "pf_state_waterbody_name": "OHIO RIVER", "pf_state_auto_name": "Ohio River", "pf_reach_id": "5140101000008", "in_icis": "YES", "echo_dfr_link": "https://echo.epa.gov/detailed-facility-report?fid=110000759714", "name": "MORRIS FORMAN WQTC MSD", "feature_kind": "CSO outfall"}}, {"type": "Feature", "id": 126, "geometry": {"type": "Point", "coordinates": [-85.7586109312032, 38.2441671797954]}, "properties": {"OBJECTID": 126, "npdes_pfid": "KY0022411034", "npdes_id": "KY0022411", "permitting_state": "KY", "agency_type_code": "ST6", "facility_uin": "110000759714", "facility_name": "MORRIS FORMAN WQTC MSD", "location_address": "4522 ALGONQUIN PKWY", "supplemental_address_text": "", "facility_city": "LOUISVILLE", "county_code": "KY111", "state_code": "KY", "epa_region_code": "04", "facility_type_code": "MWD", "facility_lat": 38.23, "facility_lon": -85.835556, "permit_name": "Morris Forman WQTC MSD", "version_nmbr": 0, "permit_type_code": "NPD", "effective_date": 938736000000, "expiration_date": 1096502400000, "permit_status_code": "ADC", "facility_type_indicator": "POTW", "major_minor_status_flag": "M", "permit_tracking": "Y", "pt_start_date": 938736000000, "dmr_tracking": "Y", "dmr_nr_start_date": 938736000000, "permit_design_flow": 120, "permit_avg_flow": 90.06, "perm_feature_nmbr": "034", "perm_feature_text": "", "pf_lat": 38.244167, "pf_lon": -85.758611, "pf_character": "CSO|DSW", "perm_feature_type_code": "EXO", "pf_state_waterbody_name": "OHIO RIVER", "pf_state_auto_name": "Ohio River", "pf_reach_id": "5140101000008", "in_icis": "YES", "echo_dfr_link": "https://echo.epa.gov/detailed-facility-report?fid=110000759714", "name": "MORRIS FORMAN WQTC MSD", "feature_kind": "CSO outfall"}}, {"type": "Feature", "id": 127, "geometry": {"type": "Point", "coordinates": [-85.754999703761, 38.2461108581439]}, "properties": {"OBJECTID": 127, "npdes_pfid": "KY0022411035", "npdes_id": "KY0022411", "permitting_state": "KY", "agency_type_code": "ST6", "facility_uin": "110000759714", "facility_name": "MORRIS FORMAN WQTC MSD", "location_address": "4522 ALGONQUIN PKWY", "supplemental_address_text": "", "facility_city": "LOUISVILLE", "county_code": "KY111", "state_code": "KY", "epa_region_code": "04", "facility_type_code": "MWD", "facility_lat": 38.23, "facility_lon": -85.835556, "permit_name": "Morris Forman WQTC MSD", "version_nmbr": 0, "permit_type_code": "NPD", "effective_date": 938736000000, "expiration_date": 1096502400000, "permit_status_code": "ADC", "facility_type_indicator": "POTW", "major_minor_status_flag": "M", "permit_tracking": "Y", "pt_start_date": 938736000000, "dmr_tracking": "Y", "dmr_nr_start_date": 938736000000, "permit_design_flow": 120, "permit_avg_flow": 90.06, "perm_feature_nmbr": "035", "perm_feature_text": "", "pf_lat": 38.246111, "pf_lon": -85.755, "pf_character": "CSO|DSW", "perm_feature_type_code": "EXO", "pf_state_waterbody_name": "OHIO RIVER", "pf_state_auto_name": "Ohio River", "pf_reach_id": "5140101000008", "in_icis": "YES", "echo_dfr_link": "https://echo.epa.gov/detailed-facility-report?fid=110000759714", "name": "MORRIS FORMAN WQTC MSD", "feature_kind": "CSO outfall"}}, {"type": "Feature", "id": 128, "geometry": {"type": "Point", "coordinates": [-85.7566669769283, 38.245832890632]}, "properties": {"OBJECTID": 128, "npdes_pfid": "KY0022411036", "npdes_id": "KY0022411", "permitting_state": "KY", "agency_type_code": "ST6", "facility_uin": "110000759714", "facility_name": "MORRIS FORMAN WQTC MSD", "location_address": "4522 ALGONQUIN PKWY", "supplemental_address_text": "", "facility_city": "LOUISVILLE", "county_code": "KY111", "state_code": "KY", "epa_region_code": "04", "facility_type_code": "MWD", "facility_lat": 38.23, "facility_lon": -85.835556, "permit_name": "Morris Forman WQTC MSD", "version_nmbr": 0, "permit_type_code": "NPD", "effective_date": 938736000000, "expiration_date": 1096502400000, "permit_status_code": "ADC", "facility_type_indicator": "POTW", "major_minor_status_flag": "M", "permit_tracking": "Y", "pt_start_date": 938736000000, "dmr_tracking": "Y", "dmr_nr_start_date": 938736000000, "permit_design_flow": 120, "permit_avg_flow": 90.06, "perm_feature_nmbr": "036", "perm_feature_text": "", "pf_lat": 38.245833, "pf_lon": -85.756667, "pf_character": "CSO|DSW", "perm_feature_type_code": "EXO", "pf_state_waterbody_name": "OHIO RIVER", "pf_state_auto_name": "Ohio River", "pf_reach_id": "5140101000008", "in_icis": "YES", "echo_dfr_link": "https://echo.epa.gov/detailed-facility-report?fid=110000759714", "name": "MORRIS FORMAN WQTC MSD", "feature_kind": "CSO outfall"}}, {"type": "Feature", "id": 129, "geometry": {"type": "Point", "coordinates": [-85.7599997266324, 38.2461108581439]}, "properties": {"OBJECTID": 129, "npdes_pfid": "KY0022411038", "npdes_id": "KY0022411", "permitting_state": "KY", "agency_type_code": "ST6", "facility_uin": "110000759714", "facility_name": "MORRIS FORMAN WQTC MSD", "location_address": "4522 ALGONQUIN PKWY", "supplemental_address_text": "", "facility_city": "LOUISVILLE", "county_code": "KY111", "state_code": "KY", "epa_region_code": "04", "facility_type_code": "MWD", "facility_lat": 38.23, "facility_lon": -85.835556, "permit_name": "Morris Forman WQTC MSD", "version_nmbr": 0, "permit_type_code": "NPD", "effective_date": 938736000000, "expiration_date": 1096502400000, "permit_status_code": "ADC", "facility_type_indicator": "POTW", "major_minor_status_flag": "M", "permit_tracking": "Y", "pt_start_date": 938736000000, "dmr_tracking": "Y", "dmr_nr_start_date": 938736000000, "permit_design_flow": 120, "permit_avg_flow": 90.06, "perm_feature_nmbr": "038", "perm_feature_text": "", "pf_lat": 38.246111, "pf_lon": -85.76, "pf_character": "CSO|DSW", "perm_feature_type_code": "EXO", "pf_state_waterbody_name": "OHIO RIVER", "pf_state_auto_name": "Ohio River", "pf_reach_id": "5140101000008", "in_icis": "YES", "echo_dfr_link": "https://echo.epa.gov/detailed-facility-report?fid=110000759714", "name": "MORRIS FORMAN WQTC MSD", "feature_kind": "CSO outfall"}}, {"type": "Feature", "id": 130, "geometry": {"type": "Point", "coordinates": [-85.7452781357563, 38.2583333224929]}, "properties": {"OBJECTID": 130, "npdes_pfid": "KY0022411049", "npdes_id": "KY0022411", "permitting_state": "KY", "agency_type_code": "ST6", "facility_uin": "110000759714", "facility_name": "MORRIS FORMAN WQTC MSD", "location_address": "4522 ALGONQUIN PKWY", "supplemental_address_text": "", "facility_city": "LOUISVILLE", "county_code": "KY111", "state_code": "KY", "epa_region_code": "04", "facility_type_code": "MWD", "facility_lat": 38.23, "facility_lon": -85.835556, "permit_name": "Morris Forman WQTC MSD", "version_nmbr": 0, "permit_type_code": "NPD", "effective_date": 938736000000, "expiration_date": 1096502400000, "permit_status_code": "ADC", "facility_type_indicator": "POTW", "major_minor_status_flag": "M", "permit_tracking": "Y", "pt_start_date": 938736000000, "dmr_tracking": "Y", "dmr_nr_start_date": 938736000000, "permit_design_flow": 120, "permit_avg_flow": 90.06, "perm_feature_nmbr": "049", "perm_feature_text": "", "pf_lat": 38.258333, "pf_lon": -85.745278, "pf_character": "CSO|DSW", "perm_feature_type_code": "EXO", "pf_state_waterbody_name": "OHIO RIVER", "pf_state_auto_name": "Ohio River", "pf_reach_id": "5140101000011", "in_icis": "YES", "echo_dfr_link": "https://echo.epa.gov/detailed-facility-report?fid=110000759714", "name": "MORRIS FORMAN WQTC MSD", "feature_kind": "CSO outfall"}}, {"type": "Feature", "id": 131, "geometry": {"type": "Point", "coordinates": [-85.7697221929524, 38.259167078414]}, "properties": {"OBJECTID": 131, "npdes_pfid": "KY0022411050", "npdes_id": "KY0022411", "permitting_state": "KY", "agency_type_code": "ST6", "facility_uin": "110000759714", "facility_name": "MORRIS FORMAN WQTC MSD", "location_address": "4522 ALGONQUIN PKWY", "supplemental_address_text": "", "facility_city": "LOUISVILLE", "county_code": "KY111", "state_code": "KY", "epa_region_code": "04", "facility_type_code": "MWD", "facility_lat": 38.23, "facility_lon": -85.835556, "permit_name": "Morris Forman WQTC MSD", "version_nmbr": 0, "permit_type_code": "NPD", "effective_date": 938736000000, "expiration_date": 1096502400000, "permit_status_code": "ADC", "facility_type_indicator": "POTW", "major_minor_status_flag": "M", "permit_tracking": "Y", "pt_start_date": 938736000000, "dmr_tracking": "Y", "dmr_nr_start_date": 938736000000, "permit_design_flow": 120, "permit_avg_flow": 90.06, "perm_feature_nmbr": "050", "perm_feature_text": "", "pf_lat": 38.259167, "pf_lon": -85.769722, "pf_character": "CSO|DSW", "perm_feature_type_code": "EXO", "pf_state_waterbody_name": "OHIO RIVER", "pf_state_auto_name": "Ohio River", "pf_reach_id": "5140101000011", "in_icis": "YES", "echo_dfr_link": "https://echo.epa.gov/detailed-facility-report?fid=110000759714", "name": "MORRIS FORMAN WQTC MSD", "feature_kind": "CSO outfall"}}, {"type": "Feature", "id": 132, "geometry": {"type": "Point", "coordinates": [-85.7680558181004, 38.2580561071104]}, "properties": {"OBJECTID": 132, "npdes_pfid": "KY0022411051", "npdes_id": "KY0022411", "permitting_state": "KY", "agency_type_code": "ST6", "facility_uin": "110000759714", "facility_name": "MORRIS FORMAN WQTC MSD", "location_address": "4522 ALGONQUIN PKWY", "supplemental_address_text": "", "facility_city": "LOUISVILLE", "county_code": "KY111", "state_code": "KY", "epa_region_code": "04", "facility_type_code": "MWD", "facility_lat": 38.23, "facility_lon": -85.835556, "permit_name": "Morris Forman WQTC MSD", "version_nmbr": 0, "permit_type_code": "NPD", "effective_date": 938736000000, "expiration_date": 1096502400000, "permit_status_code": "ADC", "facility_type_indicator": "POTW", "major_minor_status_flag": "M", "permit_tracking": "Y", "pt_start_date": 938736000000, "dmr_tracking": "Y", "dmr_nr_start_date": 938736000000, "permit_design_flow": 120, "permit_avg_flow": 90.06, "perm_feature_nmbr": "051", "perm_feature_text": "", "pf_lat": 38.258056, "pf_lon": -85.768056, "pf_character": "CSO|DSW", "perm_feature_type_code": "EXO", "pf_state_waterbody_name": "OHIO RIVER", "pf_state_auto_name": "Ohio River", "pf_reach_id": "5140101000011", "in_icis": "YES", "echo_dfr_link": "https://echo.epa.gov/detailed-facility-report?fid=110000759714", "name": "MORRIS FORMAN WQTC MSD", "feature_kind": "CSO outfall"}}, {"type": "Feature", "id": 133, "geometry": {"type": "Point", "coordinates": [-85.7830558867146, 38.2583333224929]}, "properties": {"OBJECTID": 133, "npdes_pfid": "KY0022411052", "npdes_id": "KY0022411", "permitting_state": "KY", "agency_type_code": "ST6", "facility_uin": "110000759714", "facility_name": "MORRIS FORMAN WQTC MSD", "location_address": "4522 ALGONQUIN PKWY", "supplemental_address_text": "", "facility_city": "LOUISVILLE", "county_code": "KY111", "state_code": "KY", "epa_region_code": "04", "facility_type_code": "MWD", "facility_lat": 38.23, "facility_lon": -85.835556, "permit_name": "Morris Forman WQTC MSD", "version_nmbr": 0, "permit_type_code": "NPD", "effective_date": 938736000000, "expiration_date": 1096502400000, "permit_status_code": "ADC", "facility_type_indicator": "POTW", "major_minor_status_flag": "M", "permit_tracking": "Y", "pt_start_date": 938736000000, "dmr_tracking": "Y", "dmr_nr_start_date": 938736000000, "permit_design_flow": 120, "permit_avg_flow": 90.06, "perm_feature_nmbr": "052", "perm_feature_text": "", "pf_lat": 38.258333, "pf_lon": -85.783056, "pf_character": "CSO|DSW", "perm_feature_type_code": "EXO", "pf_state_waterbody_name": "OHIO RIVER", "pf_state_auto_name": "Ohio River", "pf_reach_id": "5140101000008", "in_icis": "YES", "echo_dfr_link": "https://echo.epa.gov/detailed-facility-report?fid=110000759714", "name": "MORRIS FORMAN WQTC MSD", "feature_kind": "CSO outfall"}}, {"type": "Feature", "id": 134, "geometry": {"type": "Point", "coordinates": [-85.8130560239431, 38.2575002623936]}, "properties": {"OBJECTID": 134, "npdes_pfid": "KY0022411053", "npdes_id": "KY0022411", "permitting_state": "KY", "agency_type_code": "ST6", "facility_uin": "110000759714", "facility_name": "MORRIS FORMAN WQTC MSD", "location_address": "4522 ALGONQUIN PKWY", "supplemental_address_text": "", "facility_city": "LOUISVILLE", "county_code": "KY111", "state_code": "KY", "epa_region_code": "04", "facility_type_code": "MWD", "facility_lat": 38.23, "facility_lon": -85.835556, "permit_name": "Morris Forman WQTC MSD", "version_nmbr": 0, "permit_type_code": "NPD", "effective_date": 938736000000, "expiration_date": 1096502400000, "permit_status_code": "ADC", "facility_type_indicator": "POTW", "major_minor_status_flag": "M", "permit_tracking": "Y", "pt_start_date": 938736000000, "dmr_tracking": "Y", "dmr_nr_start_date": 938736000000, "permit_design_flow": 120, "permit_avg_flow": 90.06, "perm_feature_nmbr": "053", "perm_feature_text": "", "pf_lat": 38.2575, "pf_lon": -85.813056, "pf_character": "CSO|DSW", "perm_feature_type_code": "EXO", "pf_state_waterbody_name": "OHIO RIVER", "pf_state_auto_name": "Ohio River", "pf_reach_id": "5140101000008", "in_icis": "YES", "echo_dfr_link": "https://echo.epa.gov/detailed-facility-report?fid=110000759714", "name": "MORRIS FORMAN WQTC MSD", "feature_kind": "CSO outfall"}}, {"type": "Feature", "id": 135, "geometry": {"type": "Point", "coordinates": [-85.7613894203769, 38.2575002623936]}, "properties": {"OBJECTID": 135, "npdes_pfid": "KY0022411054", "npdes_id": "KY0022411", "permitting_state": "KY", "agency_type_code": "ST6", "facility_uin": "110000759714", "facility_name": "MORRIS FORMAN WQTC MSD", "location_address": "4522 ALGONQUIN PKWY", "supplemental_address_text": "", "facility_city": "LOUISVILLE", "county_code": "KY111", "state_code": "KY", "epa_region_code": "04", "facility_type_code": "MWD", "facility_lat": 38.23, "facility_lon": -85.835556, "permit_name": "Morris Forman WQTC MSD", "version_nmbr": 0, "permit_type_code": "NPD", "effective_date": 938736000000, "expiration_date": 1096502400000, "permit_status_code": "ADC", "facility_type_indicator": "POTW", "major_minor_status_flag": "M", "permit_tracking": "Y", "pt_start_date": 938736000000, "dmr_tracking": "Y", "dmr_nr_start_date": 938736000000, "permit_design_flow": 120, "permit_avg_flow": 90.06, "perm_feature_nmbr": "054", "perm_feature_text": "", "pf_lat": 38.2575, "pf_lon": -85.761389, "pf_character": "CSO|DSW", "perm_feature_type_code": "EXO", "pf_state_waterbody_name": "OHIO RIVER", "pf_state_auto_name": "Ohio River", "pf_reach_id": "5140101000011", "in_icis": "YES", "echo_dfr_link": "https://echo.epa.gov/detailed-facility-report?fid=110000759714", "name": "MORRIS FORMAN WQTC MSD", "feature_kind": "CSO outfall"}}, {"type": "Feature", "id": 136, "geometry": {"type": "Point", "coordinates": [-85.7597221472096, 38.2575002623936]}, "properties": {"OBJECTID": 136, "npdes_pfid": "KY0022411055", "npdes_id": "KY0022411", "permitting_state": "KY", "agency_type_code": "ST6", "facility_uin": "110000759714", "facility_name": "MORRIS FORMAN WQTC MSD", "location_address": "4522 ALGONQUIN PKWY", "supplemental_address_text": "", "facility_city": "LOUISVILLE", "county_code": "KY111", "state_code": "KY", "epa_region_code": "04", "facility_type_code": "MWD", "facility_lat": 38.23, "facility_lon": -85.835556, "permit_name": "Morris Forman WQTC MSD", "version_nmbr": 0, "permit_type_code": "NPD", "effective_date": 938736000000, "expiration_date": 1096502400000, "permit_status_code": "ADC", "facility_type_indicator": "POTW", "major_minor_status_flag": "M", "permit_tracking": "Y", "pt_start_date": 938736000000, "dmr_tracking": "Y", "dmr_nr_start_date": 938736000000, "permit_design_flow": 120, "permit_avg_flow": 90.06, "perm_feature_nmbr": "055", "perm_feature_text": "", "pf_lat": 38.2575, "pf_lon": -85.759722, "pf_character": "CSO|DSW", "perm_feature_type_code": "EXO", "pf_state_waterbody_name": "OHIO RIVER", "pf_state_auto_name": "Ohio River", "pf_reach_id": "5140101000011", "in_icis": "YES", "echo_dfr_link": "https://echo.epa.gov/detailed-facility-report?fid=110000759714", "name": "MORRIS FORMAN WQTC MSD", "feature_kind": "CSO outfall"}}, {"type": "Feature", "id": 137, "geometry": {"type": "Point", "coordinates": [-85.7580557723576, 38.2569437080299]}, "properties": {"OBJECTID": 137, "npdes_pfid": "KY0022411056", "npdes_id": "KY0022411", "permitting_state": "KY", "agency_type_code": "ST6", "facility_uin": "110000759714", "facility_name": "MORRIS FORMAN WQTC MSD", "location_address": "4522 ALGONQUIN PKWY", "supplemental_address_text": "", "facility_city": "LOUISVILLE", "county_code": "KY111", "state_code": "KY", "epa_region_code": "04", "facility_type_code": "MWD", "facility_lat": 38.23, "facility_lon": -85.835556, "permit_name": "Morris Forman WQTC MSD", "version_nmbr": 0, "permit_type_code": "NPD", "effective_date": 938736000000, "expiration_date": 1096502400000, "permit_status_code": "ADC", "facility_type_indicator": "POTW", "major_minor_status_flag": "M", "permit_tracking": "Y", "pt_start_date": 938736000000, "dmr_tracking": "Y", "dmr_nr_start_date": 938736000000, "permit_design_flow": 120, "permit_avg_flow": 90.06, "perm_feature_nmbr": "056", "perm_feature_text": "", "pf_lat": 38.256944, "pf_lon": -85.758056, "pf_character": "CSO|DSW", "perm_feature_type_code": "EXO", "pf_state_waterbody_name": "OHIO RIVER", "pf_state_auto_name": "Ohio River", "pf_reach_id": "5140101000011", "in_icis": "YES", "echo_dfr_link": "https://echo.epa.gov/detailed-facility-report?fid=110000759714", "name": "MORRIS FORMAN WQTC MSD", "feature_kind": "CSO outfall"}}, {"type": "Feature", "id": 138, "geometry": {"type": "Point", "coordinates": [-85.7516669540569, 38.25583270273]}, "properties": {"OBJECTID": 138, "npdes_pfid": "KY0022411057", "npdes_id": "KY0022411", "permitting_state": "KY", "agency_type_code": "ST6", "facility_uin": "110000759714", "facility_name": "MORRIS FORMAN WQTC MSD", "location_address": "4522 ALGONQUIN PKWY", "supplemental_address_text": "", "facility_city": "LOUISVILLE", "county_code": "KY111", "state_code": "KY", "epa_region_code": "04", "facility_type_code": "MWD", "facility_lat": 38.23, "facility_lon": -85.835556, "permit_name": "Morris Forman WQTC MSD", "version_nmbr": 0, "permit_type_code": "NPD", "effective_date": 938736000000, "expiration_date": 1096502400000, "permit_status_code": "ADC", "facility_type_indicator": "POTW", "major_minor_status_flag": "M", "permit_tracking": "Y", "pt_start_date": 938736000000, "dmr_tracking": "Y", "dmr_nr_start_date": 938736000000, "permit_design_flow": 120, "permit_avg_flow": 90.06, "perm_feature_nmbr": "057", "perm_feature_text": "", "pf_lat": 38.255833, "pf_lon": -85.751667, "pf_character": "CSO|DSW", "perm_feature_type_code": "EXO", "pf_state_waterbody_name": "OHIO RIVER", "pf_state_auto_name": "Ohio River", "pf_reach_id": "5140101000011", "in_icis": "YES", "echo_dfr_link": "https://echo.epa.gov/detailed-facility-report?fid=110000759714", "name": "MORRIS FORMAN WQTC MSD", "feature_kind": "CSO outfall"}}, {"type": "Feature", "id": 139, "geometry": {"type": "Point", "coordinates": [-85.7458332946018, 38.2555561832153]}, "properties": {"OBJECTID": 139, "npdes_pfid": "KY0022411058", "npdes_id": "KY0022411", "permitting_state": "KY", "agency_type_code": "ST6", "facility_uin": "110000759714", "facility_name": "MORRIS FORMAN WQTC MSD", "location_address": "4522 ALGONQUIN PKWY", "supplemental_address_text": "", "facility_city": "LOUISVILLE", "county_code": "KY111", "state_code": "KY", "epa_region_code": "04", "facility_type_code": "MWD", "facility_lat": 38.23, "facility_lon": -85.835556, "permit_name": "Morris Forman WQTC MSD", "version_nmbr": 0, "permit_type_code": "NPD", "effective_date": 938736000000, "expiration_date": 1096502400000, "permit_status_code": "ADC", "facility_type_indicator": "POTW", "major_minor_status_flag": "M", "permit_tracking": "Y", "pt_start_date": 938736000000, "dmr_tracking": "Y", "dmr_nr_start_date": 938736000000, "permit_design_flow": 120, "permit_avg_flow": 90.06, "perm_feature_nmbr": "058", "perm_feature_text": "", "pf_lat": 38.255556, "pf_lon": -85.745833, "pf_character": "CSO|DSW", "perm_feature_type_code": "EXO", "pf_state_waterbody_name": "OHIO RIVER", "pf_state_auto_name": "Ohio River", "pf_reach_id": "5140101000011", "in_icis": "YES", "echo_dfr_link": "https://echo.epa.gov/detailed-facility-report?fid=110000759714", "name": "MORRIS FORMAN WQTC MSD", "feature_kind": "CSO outfall"}}, {"type": "Feature", "id": 140, "geometry": {"type": "Point", "coordinates": [-85.7313892831485, 38.2586112421963]}, "properties": {"OBJECTID": 140, "npdes_pfid": "KY0022411062", "npdes_id": "KY0022411", "permitting_state": "KY", "agency_type_code": "ST6", "facility_uin": "110000759714", "facility_name": "MORRIS FORMAN WQTC MSD", "location_address": "4522 ALGONQUIN PKWY", "supplemental_address_text": "", "facility_city": "LOUISVILLE", "county_code": "KY111", "state_code": "KY", "epa_region_code": "04", "facility_type_code": "MWD", "facility_lat": 38.23, "facility_lon": -85.835556, "permit_name": "Morris Forman WQTC MSD", "version_nmbr": 0, "permit_type_code": "NPD", "effective_date": 938736000000, "expiration_date": 1096502400000, "permit_status_code": "ADC", "facility_type_indicator": "POTW", "major_minor_status_flag": "M", "permit_tracking": "Y", "pt_start_date": 938736000000, "dmr_tracking": "Y", "dmr_nr_start_date": 938736000000, "permit_design_flow": 120, "permit_avg_flow": 90.06, "perm_feature_nmbr": "062", "perm_feature_text": "", "pf_lat": 38.258611, "pf_lon": -85.731389, "pf_character": "CSO|DSW", "perm_feature_type_code": "EXO", "pf_state_waterbody_name": "OHIO RIVER", "pf_state_auto_name": "Beargrass Creek", "pf_reach_id": "5140101000175", "in_icis": "YES", "echo_dfr_link": "https://echo.epa.gov/detailed-facility-report?fid=110000759714", "name": "MORRIS FORMAN WQTC MSD", "feature_kind": "CSO outfall"}}, {"type": "Feature", "id": 141, "geometry": {"type": "Point", "coordinates": [-85.7361108282818, 38.240832821412]}, "properties": {"OBJECTID": 141, "npdes_pfid": "KY0022411065", "npdes_id": "KY0022411", "permitting_state": "KY", "agency_type_code": "ST6", "facility_uin": "110000759714", "facility_name": "MORRIS FORMAN WQTC MSD", "location_address": "4522 ALGONQUIN PKWY", "supplemental_address_text": "", "facility_city": "LOUISVILLE", "county_code": "KY111", "state_code": "KY", "epa_region_code": "04", "facility_type_code": "MWD", "facility_lat": 38.23, "facility_lon": -85.835556, "permit_name": "Morris Forman WQTC MSD", "version_nmbr": 0, "permit_type_code": "NPD", "effective_date": 938736000000, "expiration_date": 1096502400000, "permit_status_code": "ADC", "facility_type_indicator": "POTW", "major_minor_status_flag": "M", "permit_tracking": "Y", "pt_start_date": 938736000000, "dmr_tracking": "Y", "dmr_nr_start_date": 938736000000, "permit_design_flow": 120, "permit_avg_flow": 90.06, "perm_feature_nmbr": "065", "perm_feature_text": "", "pf_lat": 38.240833, "pf_lon": -85.736111, "pf_character": "CSO|DSW", "perm_feature_type_code": "EXO", "pf_state_waterbody_name": "OHIO RIVER", "pf_state_auto_name": "South Fork Beargrass Creek", "pf_reach_id": "5140101000472", "in_icis": "YES", "echo_dfr_link": "https://echo.epa.gov/detailed-facility-report?fid=110000759714", "name": "MORRIS FORMAN WQTC MSD", "feature_kind": "CSO outfall"}}, {"type": "Feature", "id": 142, "geometry": {"type": "Point", "coordinates": [-85.7236107711033, 38.2511112697842]}, "properties": {"OBJECTID": 142, "npdes_pfid": "KY0022411080", "npdes_id": "KY0022411", "permitting_state": "KY", "agency_type_code": "ST6", "facility_uin": "110000759714", "facility_name": "MORRIS FORMAN WQTC MSD", "location_address": "4522 ALGONQUIN PKWY", "supplemental_address_text": "", "facility_city": "LOUISVILLE", "county_code": "KY111", "state_code": "KY", "epa_region_code": "04", "facility_type_code": "MWD", "facility_lat": 38.23, "facility_lon": -85.835556, "permit_name": "Morris Forman WQTC MSD", "version_nmbr": 0, "permit_type_code": "NPD", "effective_date": 938736000000, "expiration_date": 1096502400000, "permit_status_code": "ADC", "facility_type_indicator": "POTW", "major_minor_status_flag": "M", "permit_tracking": "Y", "pt_start_date": 938736000000, "dmr_tracking": "Y", "dmr_nr_start_date": 938736000000, "permit_design_flow": 120, "permit_avg_flow": 90.06, "perm_feature_nmbr": "080", "perm_feature_text": "", "pf_lat": 38.251111, "pf_lon": -85.723611, "pf_character": "CSO|DSW", "perm_feature_type_code": "EXO", "pf_state_waterbody_name": "OHIO RIVER", "pf_state_auto_name": "Middle Fork Beargrass Creek", "pf_reach_id": "5140101000475", "in_icis": "YES", "echo_dfr_link": "https://echo.epa.gov/detailed-facility-report?fid=110000759714", "name": "MORRIS FORMAN WQTC MSD", "feature_kind": "CSO outfall"}}, {"type": "Feature", "id": 143, "geometry": {"type": "Point", "coordinates": [-85.7191668053927, 38.2608331508392]}, "properties": {"OBJECTID": 143, "npdes_pfid": "KY0022411081", "npdes_id": "KY0022411", "permitting_state": "KY", "agency_type_code": "ST6", "facility_uin": "110000759714", "facility_name": "MORRIS FORMAN WQTC MSD", "location_address": "4522 ALGONQUIN PKWY", "supplemental_address_text": "", "facility_city": "LOUISVILLE", "county_code": "KY111", "state_code": "KY", "epa_region_code": "04", "facility_type_code": "MWD", "facility_lat": 38.23, "facility_lon": -85.835556, "permit_name": "Morris Forman WQTC MSD", "version_nmbr": 0, "permit_type_code": "NPD", "effective_date": 938736000000, "expiration_date": 1096502400000, "permit_status_code": "ADC", "facility_type_indicator": "POTW", "major_minor_status_flag": "M", "permit_tracking": "Y", "pt_start_date": 938736000000, "dmr_tracking": "Y", "dmr_nr_start_date": 938736000000, "permit_design_flow": 120, "permit_avg_flow": 90.06, "perm_feature_nmbr": "081", "perm_feature_text": "", "pf_lat": 38.260833, "pf_lon": -85.719167, "pf_character": "CSO|DSW", "perm_feature_type_code": "EXO", "pf_state_waterbody_name": "OHIO RIVER", "pf_state_auto_name": "Beargrass Creek", "pf_reach_id": "5140101000471", "in_icis": "YES", "echo_dfr_link": "https://echo.epa.gov/detailed-facility-report?fid=110000759714", "name": "MORRIS FORMAN WQTC MSD", "feature_kind": "CSO outfall"}}, {"type": "Feature", "id": 144, "geometry": {"type": "Point", "coordinates": [-85.7277780557063, 38.2519436976868]}, "properties": {"OBJECTID": 144, "npdes_pfid": "KY0022411082", "npdes_id": "KY0022411", "permitting_state": "KY", "agency_type_code": "ST6", "facility_uin": "110000759714", "facility_name": "MORRIS FORMAN WQTC MSD", "location_address": "4522 ALGONQUIN PKWY", "supplemental_address_text": "", "facility_city": "LOUISVILLE", "county_code": "KY111", "state_code": "KY", "epa_region_code": "04", "facility_type_code": "MWD", "facility_lat": 38.23, "facility_lon": -85.835556, "permit_name": "Morris Forman WQTC MSD", "version_nmbr": 0, "permit_type_code": "NPD", "effective_date": 938736000000, "expiration_date": 1096502400000, "permit_status_code": "ADC", "facility_type_indicator": "POTW", "major_minor_status_flag": "M", "permit_tracking": "Y", "pt_start_date": 938736000000, "dmr_tracking": "Y", "dmr_nr_start_date": 938736000000, "permit_design_flow": 120, "permit_avg_flow": 90.06, "perm_feature_nmbr": "082", "perm_feature_text": "", "pf_lat": 38.251944, "pf_lon": -85.727778, "pf_character": "CSO|DSW", "perm_feature_type_code": "EXO", "pf_state_waterbody_name": "OHIO RIVER", "pf_state_auto_name": "South Fork Beargrass Creek", "pf_reach_id": "5140101000472", "in_icis": "YES", "echo_dfr_link": "https://echo.epa.gov/detailed-facility-report?fid=110000759714", "name": "MORRIS FORMAN WQTC MSD", "feature_kind": "CSO outfall"}}, {"type": "Feature", "id": 145, "geometry": {"type": "Point", "coordinates": [-85.7352780900134, 38.2444437426445]}, "properties": {"OBJECTID": 145, "npdes_pfid": "KY0022411083", "npdes_id": "KY0022411", "permitting_state": "KY", "agency_type_code": "ST6", "facility_uin": "110000759714", "facility_name": "MORRIS FORMAN WQTC MSD", "location_address": "4522 ALGONQUIN PKWY", "supplemental_address_text": "", "facility_city": "LOUISVILLE", "county_code": "KY111", "state_code": "KY", "epa_region_code": "04", "facility_type_code": "MWD", "facility_lat": 38.23, "facility_lon": -85.835556, "permit_name": "Morris Forman WQTC MSD", "version_nmbr": 0, "permit_type_code": "NPD", "effective_date": 938736000000, "expiration_date": 1096502400000, "permit_status_code": "ADC", "facility_type_indicator": "POTW", "major_minor_status_flag": "M", "permit_tracking": "Y", "pt_start_date": 938736000000, "dmr_tracking": "Y", "dmr_nr_start_date": 938736000000, "permit_design_flow": 120, "permit_avg_flow": 90.06, "perm_feature_nmbr": "083", "perm_feature_text": "", "pf_lat": 38.244444, "pf_lon": -85.735278, "pf_character": "CSO|DSW", "perm_feature_type_code": "EXO", "pf_state_waterbody_name": "OHIO RIVER", "pf_state_auto_name": "South Fork Beargrass Creek", "pf_reach_id": "5140101000472", "in_icis": "YES", "echo_dfr_link": "https://echo.epa.gov/detailed-facility-report?fid=110000759714", "name": "MORRIS FORMAN WQTC MSD", "feature_kind": "CSO outfall"}}, {"type": "Feature", "id": 146, "geometry": {"type": "Point", "coordinates": [-85.7355556694362, 38.243889204851]}, "properties": {"OBJECTID": 146, "npdes_pfid": "KY0022411084", "npdes_id": "KY0022411", "permitting_state": "KY", "agency_type_code": "ST6", "facility_uin": "110000759714", "facility_name": "MORRIS FORMAN WQTC MSD", "location_address": "4522 ALGONQUIN PKWY", "supplemental_address_text": "", "facility_city": "LOUISVILLE", "county_code": "KY111", "state_code": "KY", "epa_region_code": "04", "facility_type_code": "MWD", "facility_lat": 38.23, "facility_lon": -85.835556, "permit_name": "Morris Forman WQTC MSD", "version_nmbr": 0, "permit_type_code": "NPD", "effective_date": 938736000000, "expiration_date": 1096502400000, "permit_status_code": "ADC", "facility_type_indicator": "POTW", "major_minor_status_flag": "M", "permit_tracking": "Y", "pt_start_date": 938736000000, "dmr_tracking": "Y", "dmr_nr_start_date": 938736000000, "permit_design_flow": 120, "permit_avg_flow": 90.06, "perm_feature_nmbr": "084", "perm_feature_text": "", "pf_lat": 38.243889, "pf_lon": -85.735556, "pf_character": "CSO|DSW", "perm_feature_type_code": "EXO", "pf_state_waterbody_name": "OHIO RIVER", "pf_state_auto_name": "South Fork Beargrass Creek", "pf_reach_id": "5140101000472", "in_icis": "YES", "echo_dfr_link": "https://echo.epa.gov/detailed-facility-report?fid=110000759714", "name": "MORRIS FORMAN WQTC MSD", "feature_kind": "CSO outfall"}}, {"type": "Feature", "id": 147, "geometry": {"type": "Point", "coordinates": [-85.71888922597, 38.2516671633734]}, "properties": {"OBJECTID": 147, "npdes_pfid": "KY0022411086", "npdes_id": "KY0022411", "permitting_state": "KY", "agency_type_code": "ST6", "facility_uin": "110000759714", "facility_name": "MORRIS FORMAN WQTC MSD", "location_address": "4522 ALGONQUIN PKWY", "supplemental_address_text": "", "facility_city": "LOUISVILLE", "county_code": "KY111", "state_code": "KY", "epa_region_code": "04", "facility_type_code": "MWD", "facility_lat": 38.23, "facility_lon": -85.835556, "permit_name": "Morris Forman WQTC MSD", "version_nmbr": 0, "permit_type_code": "NPD", "effective_date": 938736000000, "expiration_date": 1096502400000, "permit_status_code": "ADC", "facility_type_indicator": "POTW", "major_minor_status_flag": "M", "permit_tracking": "Y", "pt_start_date": 938736000000, "dmr_tracking": "Y", "dmr_nr_start_date": 938736000000, "permit_design_flow": 120, "permit_avg_flow": 90.06, "perm_feature_nmbr": "086", "perm_feature_text": "", "pf_lat": 38.251667, "pf_lon": -85.718889, "pf_character": "CSO|DSW", "perm_feature_type_code": "EXO", "pf_state_waterbody_name": "OHIO RIVER", "pf_state_auto_name": "Middle Fork Beargrass Creek", "pf_reach_id": "5140101000475", "in_icis": "YES", "echo_dfr_link": "https://echo.epa.gov/detailed-facility-report?fid=110000759714", "name": "MORRIS FORMAN WQTC MSD", "feature_kind": "CSO outfall"}}, {"type": "Feature", "id": 148, "geometry": {"type": "Point", "coordinates": [-85.720555600822, 38.2583333224929]}, "properties": {"OBJECTID": 148, "npdes_pfid": "KY0022411087", "npdes_id": "KY0022411", "permitting_state": "KY", "agency_type_code": "ST6", "facility_uin": "110000759714", "facility_name": "MORRIS FORMAN WQTC MSD", "location_address": "4522 ALGONQUIN PKWY", "supplemental_address_text": "", "facility_city": "LOUISVILLE", "county_code": "KY111", "state_code": "KY", "epa_region_code": "04", "facility_type_code": "MWD", "facility_lat": 38.23, "facility_lon": -85.835556, "permit_name": "Morris Forman WQTC MSD", "version_nmbr": 0, "permit_type_code": "NPD", "effective_date": 938736000000, "expiration_date": 1096502400000, "permit_status_code": "ADC", "facility_type_indicator": "POTW", "major_minor_status_flag": "M", "permit_tracking": "Y", "pt_start_date": 938736000000, "dmr_tracking": "Y", "dmr_nr_start_date": 938736000000, "permit_design_flow": 120, "permit_avg_flow": 90.06, "perm_feature_nmbr": "087", "perm_feature_text": "", "pf_lat": 38.258333, "pf_lon": -85.720556, "pf_character": "CSO|DSW", "perm_feature_type_code": "EXO", "pf_state_waterbody_name": "OHIO RIVER", "pf_state_auto_name": "Beargrass Creek", "pf_reach_id": "5140101000471", "in_icis": "YES", "echo_dfr_link": "https://echo.epa.gov/detailed-facility-report?fid=110000759714", "name": "MORRIS FORMAN WQTC MSD", "feature_kind": "CSO outfall"}}, {"type": "Feature", "id": 149, "geometry": {"type": "Point", "coordinates": [-85.7180555893863, 38.26027803273]}, "properties": {"OBJECTID": 149, "npdes_pfid": "KY0022411088", "npdes_id": "KY0022411", "permitting_state": "KY", "agency_type_code": "ST6", "facility_uin": "110000759714", "facility_name": "MORRIS FORMAN WQTC MSD", "location_address": "4522 ALGONQUIN PKWY", "supplemental_address_text": "", "facility_city": "LOUISVILLE", "county_code": "KY111", "state_code": "KY", "epa_region_code": "04", "facility_type_code": "MWD", "facility_lat": 38.23, "facility_lon": -85.835556, "permit_name": "Morris Forman WQTC MSD", "version_nmbr": 0, "permit_type_code": "NPD", "effective_date": 938736000000, "expiration_date": 1096502400000, "permit_status_code": "ADC", "facility_type_indicator": "POTW", "major_minor_status_flag": "M", "permit_tracking": "Y", "pt_start_date": 938736000000, "dmr_tracking": "Y", "dmr_nr_start_date": 938736000000, "permit_design_flow": 120, "permit_avg_flow": 90.06, "perm_feature_nmbr": "088", "perm_feature_text": "", "pf_lat": 38.260278, "pf_lon": -85.718056, "pf_character": "CSO|DSW", "perm_feature_type_code": "EXO", "pf_state_waterbody_name": "OHIO RIVER", "pf_state_auto_name": "Beargrass Creek", "pf_reach_id": "5140101000471", "in_icis": "YES", "echo_dfr_link": "https://echo.epa.gov/detailed-facility-report?fid=110000759714", "name": "MORRIS FORMAN WQTC MSD", "feature_kind": "CSO outfall"}}, {"type": "Feature", "id": 150, "geometry": {"type": "Point", "coordinates": [-85.7324996008396, 38.2366671279471]}, "properties": {"OBJECTID": 150, "npdes_pfid": "KY0022411091", "npdes_id": "KY0022411", "permitting_state": "KY", "agency_type_code": "ST6", "facility_uin": "110000759714", "facility_name": "MORRIS FORMAN WQTC MSD", "location_address": "4522 ALGONQUIN PKWY", "supplemental_address_text": "", "facility_city": "LOUISVILLE", "county_code": "KY111", "state_code": "KY", "epa_region_code": "04", "facility_type_code": "MWD", "facility_lat": 38.23, "facility_lon": -85.835556, "permit_name": "Morris Forman WQTC MSD", "version_nmbr": 0, "permit_type_code": "NPD", "effective_date": 938736000000, "expiration_date": 1096502400000, "permit_status_code": "ADC", "facility_type_indicator": "POTW", "major_minor_status_flag": "M", "permit_tracking": "Y", "pt_start_date": 938736000000, "dmr_tracking": "Y", "dmr_nr_start_date": 938736000000, "permit_design_flow": 120, "permit_avg_flow": 90.06, "perm_feature_nmbr": "091", "perm_feature_text": "", "pf_lat": 38.236667, "pf_lon": -85.7325, "pf_character": "CSO|DSW", "perm_feature_type_code": "EXO", "pf_state_waterbody_name": "OHIO RIVER", "pf_state_auto_name": "South Fork Beargrass Creek", "pf_reach_id": "5140101000472", "in_icis": "YES", "echo_dfr_link": "https://echo.epa.gov/detailed-facility-report?fid=110000759714", "name": "MORRIS FORMAN WQTC MSD", "feature_kind": "CSO outfall"}}, {"type": "Feature", "id": 151, "geometry": {"type": "Point", "coordinates": [-85.7316668625713, 38.2349997958848]}, "properties": {"OBJECTID": 151, "npdes_pfid": "KY0022411092", "npdes_id": "KY0022411", "permitting_state": "KY", "agency_type_code": "ST6", "facility_uin": "110000759714", "facility_name": "MORRIS FORMAN WQTC MSD", "location_address": "4522 ALGONQUIN PKWY", "supplemental_address_text": "", "facility_city": "LOUISVILLE", "county_code": "KY111", "state_code": "KY", "epa_region_code": "04", "facility_type_code": "MWD", "facility_lat": 38.23, "facility_lon": -85.835556, "permit_name": "Morris Forman WQTC MSD", "version_nmbr": 0, "permit_type_code": "NPD", "effective_date": 938736000000, "expiration_date": 1096502400000, "permit_status_code": "ADC", "facility_type_indicator": "POTW", "major_minor_status_flag": "M", "permit_tracking": "Y", "pt_start_date": 938736000000, "dmr_tracking": "Y", "dmr_nr_start_date": 938736000000, "permit_design_flow": 120, "permit_avg_flow": 90.06, "perm_feature_nmbr": "092", "perm_feature_text": "", "pf_lat": 38.235, "pf_lon": -85.731667, "pf_character": "CSO|DSW", "perm_feature_type_code": "EXO", "pf_state_waterbody_name": "OHIO RIVER", "pf_state_auto_name": "South Fork Beargrass Creek", "pf_reach_id": "5140101000472", "in_icis": "YES", "echo_dfr_link": "https://echo.epa.gov/detailed-facility-report?fid=110000759714", "name": "MORRIS FORMAN WQTC MSD", "feature_kind": "CSO outfall"}}, {"type": "Feature", "id": 152, "geometry": {"type": "Point", "coordinates": [-85.7224995550968, 38.25583270273]}, "properties": {"OBJECTID": 152, "npdes_pfid": "KY0022411093", "npdes_id": "KY0022411", "permitting_state": "KY", "agency_type_code": "ST6", "facility_uin": "110000759714", "facility_name": "MORRIS FORMAN WQTC MSD", "location_address": "4522 ALGONQUIN PKWY", "supplemental_address_text": "", "facility_city": "LOUISVILLE", "county_code": "KY111", "state_code": "KY", "epa_region_code": "04", "facility_type_code": "MWD", "facility_lat": 38.23, "facility_lon": -85.835556, "permit_name": "Morris Forman WQTC MSD", "version_nmbr": 0, "permit_type_code": "NPD", "effective_date": 938736000000, "expiration_date": 1096502400000, "permit_status_code": "ADC", "facility_type_indicator": "POTW", "major_minor_status_flag": "M", "permit_tracking": "Y", "pt_start_date": 938736000000, "dmr_tracking": "Y", "dmr_nr_start_date": 938736000000, "permit_design_flow": 120, "permit_avg_flow": 90.06, "perm_feature_nmbr": "093", "perm_feature_text": "", "pf_lat": 38.255833, "pf_lon": -85.7225, "pf_character": "CSO|DSW", "perm_feature_type_code": "EXO", "pf_state_waterbody_name": "OHIO RIVER", "pf_state_auto_name": "Beargrass Creek", "pf_reach_id": "5140101000471", "in_icis": "YES", "echo_dfr_link": "https://echo.epa.gov/detailed-facility-report?fid=110000759714", "name": "MORRIS FORMAN WQTC MSD", "feature_kind": "CSO outfall"}}, {"type": "Feature", "id": 153, "geometry": {"type": "Point", "coordinates": [-85.724444407687, 38.2230556979257]}, "properties": {"OBJECTID": 153, "npdes_pfid": "KY0022411097", "npdes_id": "KY0022411", "permitting_state": "KY", "agency_type_code": "ST6", "facility_uin": "110000759714", "facility_name": "MORRIS FORMAN WQTC MSD", "location_address": "4522 ALGONQUIN PKWY", "supplemental_address_text": "", "facility_city": "LOUISVILLE", "county_code": "KY111", "state_code": "KY", "epa_region_code": "04", "facility_type_code": "MWD", "facility_lat": 38.23, "facility_lon": -85.835556, "permit_name": "Morris Forman WQTC MSD", "version_nmbr": 0, "permit_type_code": "NPD", "effective_date": 938736000000, "expiration_date": 1096502400000, "permit_status_code": "ADC", "facility_type_indicator": "POTW", "major_minor_status_flag": "M", "permit_tracking": "Y", "pt_start_date": 938736000000, "dmr_tracking": "Y", "dmr_nr_start_date": 938736000000, "permit_design_flow": 120, "permit_avg_flow": 90.06, "perm_feature_nmbr": "097", "perm_feature_text": "", "pf_lat": 38.223056, "pf_lon": -85.724444, "pf_character": "CSO|DSW", "perm_feature_type_code": "EXO", "pf_state_waterbody_name": "OHIO RIVER", "pf_state_auto_name": "South Fork Beargrass Creek", "pf_reach_id": "5140101000472", "in_icis": "YES", "echo_dfr_link": "https://echo.epa.gov/detailed-facility-report?fid=110000759714", "name": "MORRIS FORMAN WQTC MSD", "feature_kind": "CSO outfall"}}, {"type": "Feature", "id": 154, "geometry": {"type": "Point", "coordinates": [-85.8291673085637, 38.2505560773998]}, "properties": {"OBJECTID": 154, "npdes_pfid": "KY0022411104", "npdes_id": "KY0022411", "permitting_state": "KY", "agency_type_code": "ST6", "facility_uin": "110000759714", "facility_name": "MORRIS FORMAN WQTC MSD", "location_address": "4522 ALGONQUIN PKWY", "supplemental_address_text": "", "facility_city": "LOUISVILLE", "county_code": "KY111", "state_code": "KY", "epa_region_code": "04", "facility_type_code": "MWD", "facility_lat": 38.23, "facility_lon": -85.835556, "permit_name": "Morris Forman WQTC MSD", "version_nmbr": 0, "permit_type_code": "NPD", "effective_date": 938736000000, "expiration_date": 1096502400000, "permit_status_code": "ADC", "facility_type_indicator": "POTW", "major_minor_status_flag": "M", "permit_tracking": "Y", "pt_start_date": 938736000000, "dmr_tracking": "Y", "dmr_nr_start_date": 938736000000, "permit_design_flow": 120, "permit_avg_flow": 90.06, "perm_feature_nmbr": "104", "perm_feature_text": "", "pf_lat": 38.250556, "pf_lon": -85.829167, "pf_character": "CSO|DSW", "perm_feature_type_code": "EXO", "pf_state_waterbody_name": "OHIO RIVER", "pf_state_auto_name": "Ohio River", "pf_reach_id": "5140101000008", "in_icis": "YES", "echo_dfr_link": "https://echo.epa.gov/detailed-facility-report?fid=110000759714", "name": "MORRIS FORMAN WQTC MSD", "feature_kind": "CSO outfall"}}, {"type": "Feature", "id": 155, "geometry": {"type": "Point", "coordinates": [-85.8286112514029, 38.2505560773998]}, "properties": {"OBJECTID": 155, "npdes_pfid": "KY0022411105", "npdes_id": "KY0022411", "permitting_state": "KY", "agency_type_code": "ST6", "facility_uin": "110000759714", "facility_name": "MORRIS FORMAN WQTC MSD", "location_address": "4522 ALGONQUIN PKWY", "supplemental_address_text": "", "facility_city": "LOUISVILLE", "county_code": "KY111", "state_code": "KY", "epa_region_code": "04", "facility_type_code": "MWD", "facility_lat": 38.23, "facility_lon": -85.835556, "permit_name": "Morris Forman WQTC MSD", "version_nmbr": 0, "permit_type_code": "NPD", "effective_date": 938736000000, "expiration_date": 1096502400000, "permit_status_code": "ADC", "facility_type_indicator": "POTW", "major_minor_status_flag": "M", "permit_tracking": "Y", "pt_start_date": 938736000000, "dmr_tracking": "Y", "dmr_nr_start_date": 938736000000, "permit_design_flow": 120, "permit_avg_flow": 90.06, "perm_feature_nmbr": "105", "perm_feature_text": "", "pf_lat": 38.250556, "pf_lon": -85.828611, "pf_character": "CSO|DSW", "perm_feature_type_code": "EXO", "pf_state_waterbody_name": "OHIO RIVER", "pf_state_auto_name": "Ohio River", "pf_reach_id": "5140101000008", "in_icis": "YES", "echo_dfr_link": "https://echo.epa.gov/detailed-facility-report?fid=110000759714", "name": "MORRIS FORMAN WQTC MSD", "feature_kind": "CSO outfall"}}, {"type": "Feature", "id": 156, "geometry": {"type": "Point", "coordinates": [-85.7238892488414, 38.2230556979257]}, "properties": {"OBJECTID": 156, "npdes_pfid": "KY0022411106", "npdes_id": "KY0022411", "permitting_state": "KY", "agency_type_code": "ST6", "facility_uin": "110000759714", "facility_name": "MORRIS FORMAN WQTC MSD", "location_address": "4522 ALGONQUIN PKWY", "supplemental_address_text": "", "facility_city": "LOUISVILLE", "county_code": "KY111", "state_code": "KY", "epa_region_code": "04", "facility_type_code": "MWD", "facility_lat": 38.23, "facility_lon": -85.835556, "permit_name": "Morris Forman WQTC MSD", "version_nmbr": 0, "permit_type_code": "NPD", "effective_date": 938736000000, "expiration_date": 1096502400000, "permit_status_code": "ADC", "facility_type_indicator": "POTW", "major_minor_status_flag": "M", "permit_tracking": "Y", "pt_start_date": 938736000000, "dmr_tracking": "Y", "dmr_nr_start_date": 938736000000, "permit_design_flow": 120, "permit_avg_flow": 90.06, "perm_feature_nmbr": "106", "perm_feature_text": "", "pf_lat": 38.223056, "pf_lon": -85.723889, "pf_character": "CSO|DSW", "perm_feature_type_code": "EXO", "pf_state_waterbody_name": "OHIO RIVER", "pf_state_auto_name": "South Fork Beargrass Creek", "pf_reach_id": "5140101000472", "in_icis": "YES", "echo_dfr_link": "https://echo.epa.gov/detailed-facility-report?fid=110000759714", "name": "MORRIS FORMAN WQTC MSD", "feature_kind": "CSO outfall"}}, {"type": "Feature", "id": 157, "geometry": {"type": "Point", "coordinates": [-85.7036106796177, 38.2152782075234]}, "properties": {"OBJECTID": 157, "npdes_pfid": "KY0022411108", "npdes_id": "KY0022411", "permitting_state": "KY", "agency_type_code": "ST6", "facility_uin": "110000759714", "facility_name": "MORRIS FORMAN WQTC MSD", "location_address": "4522 ALGONQUIN PKWY", "supplemental_address_text": "", "facility_city": "LOUISVILLE", "county_code": "KY111", "state_code": "KY", "epa_region_code": "04", "facility_type_code": "MWD", "facility_lat": 38.23, "facility_lon": -85.835556, "permit_name": "Morris Forman WQTC MSD", "version_nmbr": 0, "permit_type_code": "NPD", "effective_date": 938736000000, "expiration_date": 1096502400000, "permit_status_code": "ADC", "facility_type_indicator": "POTW", "major_minor_status_flag": "M", "permit_tracking": "Y", "pt_start_date": 938736000000, "dmr_tracking": "Y", "dmr_nr_start_date": 938736000000, "permit_design_flow": 120, "permit_avg_flow": 90.06, "perm_feature_nmbr": "108", "perm_feature_text": "", "pf_lat": 38.215278, "pf_lon": -85.703611, "pf_character": "CSO|DSW", "perm_feature_type_code": "EXO", "pf_state_waterbody_name": "OHIO RIVER", "pf_state_auto_name": "South Fork Beargrass Creek", "pf_reach_id": "5140101000472", "in_icis": "YES", "echo_dfr_link": "https://echo.epa.gov/detailed-facility-report?fid=110000759714", "name": "MORRIS FORMAN WQTC MSD", "feature_kind": "CSO outfall"}}, {"type": "Feature", "id": 158, "geometry": {"type": "Point", "coordinates": [-85.7147219413669, 38.2186109145514]}, "properties": {"OBJECTID": 158, "npdes_pfid": "KY0022411109", "npdes_id": "KY0022411", "permitting_state": "KY", "agency_type_code": "ST6", "facility_uin": "110000759714", "facility_name": "MORRIS FORMAN WQTC MSD", "location_address": "4522 ALGONQUIN PKWY", "supplemental_address_text": "", "facility_city": "LOUISVILLE", "county_code": "KY111", "state_code": "KY", "epa_region_code": "04", "facility_type_code": "MWD", "facility_lat": 38.23, "facility_lon": -85.835556, "permit_name": "Morris Forman WQTC MSD", "version_nmbr": 0, "permit_type_code": "NPD", "effective_date": 938736000000, "expiration_date": 1096502400000, "permit_status_code": "ADC", "facility_type_indicator": "POTW", "major_minor_status_flag": "M", "permit_tracking": "Y", "pt_start_date": 938736000000, "dmr_tracking": "Y", "dmr_nr_start_date": 938736000000, "permit_design_flow": 120, "permit_avg_flow": 90.06, "perm_feature_nmbr": "109", "perm_feature_text": "", "pf_lat": 38.218611, "pf_lon": -85.714722, "pf_character": "CSO|DSW", "perm_feature_type_code": "EXO", "pf_state_waterbody_name": "OHIO RIVER", "pf_state_auto_name": "South Fork Beargrass Creek", "pf_reach_id": "5140101000472", "in_icis": "YES", "echo_dfr_link": "https://echo.epa.gov/detailed-facility-report?fid=110000759714", "name": "MORRIS FORMAN WQTC MSD", "feature_kind": "CSO outfall"}}, {"type": "Feature", "id": 159, "geometry": {"type": "Point", "coordinates": [-85.7274995779682, 38.2252779877837]}, "properties": {"OBJECTID": 159, "npdes_pfid": "KY0022411110", "npdes_id": "KY0022411", "permitting_state": "KY", "agency_type_code": "ST6", "facility_uin": "110000759714", "facility_name": "MORRIS FORMAN WQTC MSD", "location_address": "4522 ALGONQUIN PKWY", "supplemental_address_text": "", "facility_city": "LOUISVILLE", "county_code": "KY111", "state_code": "KY", "epa_region_code": "04", "facility_type_code": "MWD", "facility_lat": 38.23, "facility_lon": -85.835556, "permit_name": "Morris Forman WQTC MSD", "version_nmbr": 0, "permit_type_code": "NPD", "effective_date": 938736000000, "expiration_date": 1096502400000, "permit_status_code": "ADC", "facility_type_indicator": "POTW", "major_minor_status_flag": "M", "permit_tracking": "Y", "pt_start_date": 938736000000, "dmr_tracking": "Y", "dmr_nr_start_date": 938736000000, "permit_design_flow": 120, "permit_avg_flow": 90.06, "perm_feature_nmbr": "110", "perm_feature_text": "", "pf_lat": 38.225278, "pf_lon": -85.7275, "pf_character": "CSO|DSW", "perm_feature_type_code": "EXO", "pf_state_waterbody_name": "OHIO RIVER", "pf_state_auto_name": "South Fork Beargrass Creek", "pf_reach_id": "5140101000472", "in_icis": "YES", "echo_dfr_link": "https://echo.epa.gov/detailed-facility-report?fid=110000759714", "name": "MORRIS FORMAN WQTC MSD", "feature_kind": "CSO outfall"}}, {"type": "Feature", "id": 160, "geometry": {"type": "Point", "coordinates": [-85.7272219985454, 38.2255560338799]}, "properties": {"OBJECTID": 160, "npdes_pfid": "KY0022411111", "npdes_id": "KY0022411", "permitting_state": "KY", "agency_type_code": "ST6", "facility_uin": "110000759714", "facility_name": "MORRIS FORMAN WQTC MSD", "location_address": "4522 ALGONQUIN PKWY", "supplemental_address_text": "", "facility_city": "LOUISVILLE", "county_code": "KY111", "state_code": "KY", "epa_region_code": "04", "facility_type_code": "MWD", "facility_lat": 38.23, "facility_lon": -85.835556, "permit_name": "Morris Forman WQTC MSD", "version_nmbr": 0, "permit_type_code": "NPD", "effective_date": 938736000000, "expiration_date": 1096502400000, "permit_status_code": "ADC", "facility_type_indicator": "POTW", "major_minor_status_flag": "M", "permit_tracking": "Y", "pt_start_date": 938736000000, "dmr_tracking": "Y", "dmr_nr_start_date": 938736000000, "permit_design_flow": 120, "permit_avg_flow": 90.06, "perm_feature_nmbr": "111", "perm_feature_text": "", "pf_lat": 38.225556, "pf_lon": -85.727222, "pf_character": "CSO|DSW", "perm_feature_type_code": "EXO", "pf_state_waterbody_name": "OHIO RIVER", "pf_state_auto_name": "South Fork Beargrass Creek", "pf_reach_id": "5140101000472", "in_icis": "YES", "echo_dfr_link": "https://echo.epa.gov/detailed-facility-report?fid=110000759714", "name": "MORRIS FORMAN WQTC MSD", "feature_kind": "CSO outfall"}}, {"type": "Feature", "id": 161, "geometry": {"type": "Point", "coordinates": [-85.7294444305584, 38.2308330625928]}, "properties": {"OBJECTID": 161, "npdes_pfid": "KY0022411113", "npdes_id": "KY0022411", "permitting_state": "KY", "agency_type_code": "ST6", "facility_uin": "110000759714", "facility_name": "MORRIS FORMAN WQTC MSD", "location_address": "4522 ALGONQUIN PKWY", "supplemental_address_text": "", "facility_city": "LOUISVILLE", "county_code": "KY111", "state_code": "KY", "epa_region_code": "04", "facility_type_code": "MWD", "facility_lat": 38.23, "facility_lon": -85.835556, "permit_name": "Morris Forman WQTC MSD", "version_nmbr": 0, "permit_type_code": "NPD", "effective_date": 938736000000, "expiration_date": 1096502400000, "permit_status_code": "ADC", "facility_type_indicator": "POTW", "major_minor_status_flag": "M", "permit_tracking": "Y", "pt_start_date": 938736000000, "dmr_tracking": "Y", "dmr_nr_start_date": 938736000000, "permit_design_flow": 120, "permit_avg_flow": 90.06, "perm_feature_nmbr": "113", "perm_feature_text": "", "pf_lat": 38.230833, "pf_lon": -85.729444, "pf_character": "CSO|DSW", "perm_feature_type_code": "EXO", "pf_state_waterbody_name": "OHIO RIVER", "pf_state_auto_name": "South Fork Beargrass Creek", "pf_reach_id": "5140101000472", "in_icis": "YES", "echo_dfr_link": "https://echo.epa.gov/detailed-facility-report?fid=110000759714", "name": "MORRIS FORMAN WQTC MSD", "feature_kind": "CSO outfall"}}, {"type": "Feature", "id": 162, "geometry": {"type": "Point", "coordinates": [-85.7391668968784, 38.2383330106275]}, "properties": {"OBJECTID": 162, "npdes_pfid": "KY0022411117", "npdes_id": "KY0022411", "permitting_state": "KY", "agency_type_code": "ST6", "facility_uin": "110000759714", "facility_name": "MORRIS FORMAN WQTC MSD", "location_address": "4522 ALGONQUIN PKWY", "supplemental_address_text": "", "facility_city": "LOUISVILLE", "county_code": "KY111", "state_code": "KY", "epa_region_code": "04", "facility_type_code": "MWD", "facility_lat": 38.23, "facility_lon": -85.835556, "permit_name": "Morris Forman WQTC MSD", "version_nmbr": 0, "permit_type_code": "NPD", "effective_date": 938736000000, "expiration_date": 1096502400000, "permit_status_code": "ADC", "facility_type_indicator": "POTW", "major_minor_status_flag": "M", "permit_tracking": "Y", "pt_start_date": 938736000000, "dmr_tracking": "Y", "dmr_nr_start_date": 938736000000, "permit_design_flow": 120, "permit_avg_flow": 90.06, "perm_feature_nmbr": "117", "perm_feature_text": "", "pf_lat": 38.238333, "pf_lon": -85.739167, "pf_character": "CSO|DSW", "perm_feature_type_code": "EXO", "pf_state_waterbody_name": "OHIO RIVER", "pf_state_auto_name": "South Fork Beargrass Creek", "pf_reach_id": "5140101000472", "in_icis": "YES", "echo_dfr_link": "https://echo.epa.gov/detailed-facility-report?fid=110000759714", "name": "MORRIS FORMAN WQTC MSD", "feature_kind": "CSO outfall"}}, {"type": "Feature", "id": 163, "geometry": {"type": "Point", "coordinates": [-85.7363893060199, 38.2444437426445]}, "properties": {"OBJECTID": 163, "npdes_pfid": "KY0022411118", "npdes_id": "KY0022411", "permitting_state": "KY", "agency_type_code": "ST6", "facility_uin": "110000759714", "facility_name": "MORRIS FORMAN WQTC MSD", "location_address": "4522 ALGONQUIN PKWY", "supplemental_address_text": "", "facility_city": "LOUISVILLE", "county_code": "KY111", "state_code": "KY", "epa_region_code": "04", "facility_type_code": "MWD", "facility_lat": 38.23, "facility_lon": -85.835556, "permit_name": "Morris Forman WQTC MSD", "version_nmbr": 0, "permit_type_code": "NPD", "effective_date": 938736000000, "expiration_date": 1096502400000, "permit_status_code": "ADC", "facility_type_indicator": "POTW", "major_minor_status_flag": "M", "permit_tracking": "Y", "pt_start_date": 938736000000, "dmr_tracking": "Y", "dmr_nr_start_date": 938736000000, "permit_design_flow": 120, "permit_avg_flow": 90.06, "perm_feature_nmbr": "118", "perm_feature_text": "", "pf_lat": 38.244444, "pf_lon": -85.736389, "pf_character": "CSO|DSW", "perm_feature_type_code": "EXO", "pf_state_waterbody_name": "OHIO RIVER", "pf_state_auto_name": "South Fork Beargrass Creek", "pf_reach_id": "5140101000472", "in_icis": "YES", "echo_dfr_link": "https://echo.epa.gov/detailed-facility-report?fid=110000759714", "name": "MORRIS FORMAN WQTC MSD", "feature_kind": "CSO outfall"}}, {"type": "Feature", "id": 164, "geometry": {"type": "Point", "coordinates": [-85.7352780900134, 38.2447217154685]}, "properties": {"OBJECTID": 164, "npdes_pfid": "KY0022411119", "npdes_id": "KY0022411", "permitting_state": "KY", "agency_type_code": "ST6", "facility_uin": "110000759714", "facility_name": "MORRIS FORMAN WQTC MSD", "location_address": "4522 ALGONQUIN PKWY", "supplemental_address_text": "", "facility_city": "LOUISVILLE", "county_code": "KY111", "state_code": "KY", "epa_region_code": "04", "facility_type_code": "MWD", "facility_lat": 38.23, "facility_lon": -85.835556, "permit_name": "Morris Forman WQTC MSD", "version_nmbr": 0, "permit_type_code": "NPD", "effective_date": 938736000000, "expiration_date": 1096502400000, "permit_status_code": "ADC", "facility_type_indicator": "POTW", "major_minor_status_flag": "M", "permit_tracking": "Y", "pt_start_date": 938736000000, "dmr_tracking": "Y", "dmr_nr_start_date": 938736000000, "permit_design_flow": 120, "permit_avg_flow": 90.06, "perm_feature_nmbr": "119", "perm_feature_text": "", "pf_lat": 38.244722, "pf_lon": -85.735278, "pf_character": "CSO|DSW", "perm_feature_type_code": "EXO", "pf_state_waterbody_name": "OHIO RIVER", "pf_state_auto_name": "South Fork Beargrass Creek", "pf_reach_id": "5140101000472", "in_icis": "YES", "echo_dfr_link": "https://echo.epa.gov/detailed-facility-report?fid=110000759714", "name": "MORRIS FORMAN WQTC MSD", "feature_kind": "CSO outfall"}}, {"type": "Feature", "id": 165, "geometry": {"type": "Point", "coordinates": [-85.7322220214169, 38.2480558954829]}, "properties": {"OBJECTID": 165, "npdes_pfid": "KY0022411120", "npdes_id": "KY0022411", "permitting_state": "KY", "agency_type_code": "ST6", "facility_uin": "110000759714", "facility_name": "MORRIS FORMAN WQTC MSD", "location_address": "4522 ALGONQUIN PKWY", "supplemental_address_text": "", "facility_city": "LOUISVILLE", "county_code": "KY111", "state_code": "KY", "epa_region_code": "04", "facility_type_code": "MWD", "facility_lat": 38.23, "facility_lon": -85.835556, "permit_name": "Morris Forman WQTC MSD", "version_nmbr": 0, "permit_type_code": "NPD", "effective_date": 938736000000, "expiration_date": 1096502400000, "permit_status_code": "ADC", "facility_type_indicator": "POTW", "major_minor_status_flag": "M", "permit_tracking": "Y", "pt_start_date": 938736000000, "dmr_tracking": "Y", "dmr_nr_start_date": 938736000000, "permit_design_flow": 120, "permit_avg_flow": 90.06, "perm_feature_nmbr": "120", "perm_feature_text": "", "pf_lat": 38.248056, "pf_lon": -85.732222, "pf_character": "CSO|DSW", "perm_feature_type_code": "EXO", "pf_state_waterbody_name": "OHIO RIVER", "pf_state_auto_name": "South Fork Beargrass Creek", "pf_reach_id": "5140101000472", "in_icis": "YES", "echo_dfr_link": "https://echo.epa.gov/detailed-facility-report?fid=110000759714", "name": "MORRIS FORMAN WQTC MSD", "feature_kind": "CSO outfall"}}, {"type": "Feature", "id": 166, "geometry": {"type": "Point", "coordinates": [-85.7311108054104, 38.2497222226737]}, "properties": {"OBJECTID": 166, "npdes_pfid": "KY0022411121", "npdes_id": "KY0022411", "permitting_state": "KY", "agency_type_code": "ST6", "facility_uin": "110000759714", "facility_name": "MORRIS FORMAN WQTC MSD", "location_address": "4522 ALGONQUIN PKWY", "supplemental_address_text": "", "facility_city": "LOUISVILLE", "county_code": "KY111", "state_code": "KY", "epa_region_code": "04", "facility_type_code": "MWD", "facility_lat": 38.23, "facility_lon": -85.835556, "permit_name": "Morris Forman WQTC MSD", "version_nmbr": 0, "permit_type_code": "NPD", "effective_date": 938736000000, "expiration_date": 1096502400000, "permit_status_code": "ADC", "facility_type_indicator": "POTW", "major_minor_status_flag": "M", "permit_tracking": "Y", "pt_start_date": 938736000000, "dmr_tracking": "Y", "dmr_nr_start_date": 938736000000, "permit_design_flow": 120, "permit_avg_flow": 90.06, "perm_feature_nmbr": "121", "perm_feature_text": "", "pf_lat": 38.249722, "pf_lon": -85.731111, "pf_character": "CSO|DSW", "perm_feature_type_code": "EXO", "pf_state_waterbody_name": "OHIO RIVER", "pf_state_auto_name": "South Fork Beargrass Creek", "pf_reach_id": "5140101000472", "in_icis": "YES", "echo_dfr_link": "https://echo.epa.gov/detailed-facility-report?fid=110000759714", "name": "MORRIS FORMAN WQTC MSD", "feature_kind": "CSO outfall"}}, {"type": "Feature", "id": 167, "geometry": {"type": "Point", "coordinates": [-85.6883330315806, 38.2338891607623]}, "properties": {"OBJECTID": 167, "npdes_pfid": "KY0022411123", "npdes_id": "KY0022411", "permitting_state": "KY", "agency_type_code": "ST6", "facility_uin": "110000759714", "facility_name": "MORRIS FORMAN WQTC MSD", "location_address": "4522 ALGONQUIN PKWY", "supplemental_address_text": "", "facility_city": "LOUISVILLE", "county_code": "KY111", "state_code": "KY", "epa_region_code": "04", "facility_type_code": "MWD", "facility_lat": 38.23, "facility_lon": -85.835556, "permit_name": "Morris Forman WQTC MSD", "version_nmbr": 0, "permit_type_code": "NPD", "effective_date": 938736000000, "expiration_date": 1096502400000, "permit_status_code": "ADC", "facility_type_indicator": "POTW", "major_minor_status_flag": "M", "permit_tracking": "Y", "pt_start_date": 938736000000, "dmr_tracking": "Y", "dmr_nr_start_date": 938736000000, "permit_design_flow": 120, "permit_avg_flow": 90.06, "perm_feature_nmbr": "123", "perm_feature_text": "", "pf_lat": 38.233889, "pf_lon": -85.688333, "pf_character": "CSO|DSW", "perm_feature_type_code": "EXO", "pf_state_waterbody_name": "OHIO RIVER", "pf_state_auto_name": "Middle Fork Beargrass Creek", "pf_reach_id": "5140101000475", "in_icis": "YES", "echo_dfr_link": "https://echo.epa.gov/detailed-facility-report?fid=110000759714", "name": "MORRIS FORMAN WQTC MSD", "feature_kind": "CSO outfall"}}, {"type": "Feature", "id": 168, "geometry": {"type": "Point", "coordinates": [-85.7002779299136, 38.2483331490155]}, "properties": {"OBJECTID": 168, "npdes_pfid": "KY0022411125", "npdes_id": "KY0022411", "permitting_state": "KY", "agency_type_code": "ST6", "facility_uin": "110000759714", "facility_name": "MORRIS FORMAN WQTC MSD", "location_address": "4522 ALGONQUIN PKWY", "supplemental_address_text": "", "facility_city": "LOUISVILLE", "county_code": "KY111", "state_code": "KY", "epa_region_code": "04", "facility_type_code": "MWD", "facility_lat": 38.23, "facility_lon": -85.835556, "permit_name": "Morris Forman WQTC MSD", "version_nmbr": 0, "permit_type_code": "NPD", "effective_date": 938736000000, "expiration_date": 1096502400000, "permit_status_code": "ADC", "facility_type_indicator": "POTW", "major_minor_status_flag": "M", "permit_tracking": "Y", "pt_start_date": 938736000000, "dmr_tracking": "Y", "dmr_nr_start_date": 938736000000, "permit_design_flow": 120, "permit_avg_flow": 90.06, "perm_feature_nmbr": "125", "perm_feature_text": "", "pf_lat": 38.248333, "pf_lon": -85.700278, "pf_character": "CSO|DSW", "perm_feature_type_code": "EXO", "pf_state_waterbody_name": "OHIO RIVER", "pf_state_auto_name": "Middle Fork Beargrass Creek", "pf_reach_id": "5140101000475", "in_icis": "YES", "echo_dfr_link": "https://echo.epa.gov/detailed-facility-report?fid=110000759714", "name": "MORRIS FORMAN WQTC MSD", "feature_kind": "CSO outfall"}}, {"type": "Feature", "id": 169, "geometry": {"type": "Point", "coordinates": [-85.7027779413493, 38.248611106966]}, "properties": {"OBJECTID": 169, "npdes_pfid": "KY0022411126", "npdes_id": "KY0022411", "permitting_state": "KY", "agency_type_code": "ST6", "facility_uin": "110000759714", "facility_name": "MORRIS FORMAN WQTC MSD", "location_address": "4522 ALGONQUIN PKWY", "supplemental_address_text": "", "facility_city": "LOUISVILLE", "county_code": "KY111", "state_code": "KY", "epa_region_code": "04", "facility_type_code": "MWD", "facility_lat": 38.23, "facility_lon": -85.835556, "permit_name": "Morris Forman WQTC MSD", "version_nmbr": 0, "permit_type_code": "NPD", "effective_date": 938736000000, "expiration_date": 1096502400000, "permit_status_code": "ADC", "facility_type_indicator": "POTW", "major_minor_status_flag": "M", "permit_tracking": "Y", "pt_start_date": 938736000000, "dmr_tracking": "Y", "dmr_nr_start_date": 938736000000, "permit_design_flow": 120, "permit_avg_flow": 90.06, "perm_feature_nmbr": "126", "perm_feature_text": "", "pf_lat": 38.248611, "pf_lon": -85.702778, "pf_character": "CSO|DSW", "perm_feature_type_code": "EXO", "pf_state_waterbody_name": "OHIO RIVER", "pf_state_auto_name": "Middle Fork Beargrass Creek", "pf_reach_id": "5140101000475", "in_icis": "YES", "echo_dfr_link": "https://echo.epa.gov/detailed-facility-report?fid=110000759714", "name": "MORRIS FORMAN WQTC MSD", "feature_kind": "CSO outfall"}}, {"type": "Feature", "id": 170, "geometry": {"type": "Point", "coordinates": [-85.7047218956241, 38.245832890632]}, "properties": {"OBJECTID": 170, "npdes_pfid": "KY0022411127", "npdes_id": "KY0022411", "permitting_state": "KY", "agency_type_code": "ST6", "facility_uin": "110000759714", "facility_name": "MORRIS FORMAN WQTC MSD", "location_address": "4522 ALGONQUIN PKWY", "supplemental_address_text": "", "facility_city": "LOUISVILLE", "county_code": "KY111", "state_code": "KY", "epa_region_code": "04", "facility_type_code": "MWD", "facility_lat": 38.23, "facility_lon": -85.835556, "permit_name": "Morris Forman WQTC MSD", "version_nmbr": 0, "permit_type_code": "NPD", "effective_date": 938736000000, "expiration_date": 1096502400000, "permit_status_code": "ADC", "facility_type_indicator": "POTW", "major_minor_status_flag": "M", "permit_tracking": "Y", "pt_start_date": 938736000000, "dmr_tracking": "Y", "dmr_nr_start_date": 938736000000, "permit_design_flow": 120, "permit_avg_flow": 90.06, "perm_feature_nmbr": "127", "perm_feature_text": "", "pf_lat": 38.245833, "pf_lon": -85.704722, "pf_character": "CSO|DSW", "perm_feature_type_code": "EXO", "pf_state_waterbody_name": "OHIO RIVER", "pf_state_auto_name": "Middle Fork Beargrass Creek", "pf_reach_id": "5140101000475", "in_icis": "YES", "echo_dfr_link": "https://echo.epa.gov/detailed-facility-report?fid=110000759714", "name": "MORRIS FORMAN WQTC MSD", "feature_kind": "CSO outfall"}}, {"type": "Feature", "id": 171, "geometry": {"type": "Point", "coordinates": [-85.726110782539, 38.2561113374011]}, "properties": {"OBJECTID": 171, "npdes_pfid": "KY0022411130", "npdes_id": "KY0022411", "permitting_state": "KY", "agency_type_code": "ST6", "facility_uin": "110000759714", "facility_name": "MORRIS FORMAN WQTC MSD", "location_address": "4522 ALGONQUIN PKWY", "supplemental_address_text": "", "facility_city": "LOUISVILLE", "county_code": "KY111", "state_code": "KY", "epa_region_code": "04", "facility_type_code": "MWD", "facility_lat": 38.23, "facility_lon": -85.835556, "permit_name": "Morris Forman WQTC MSD", "version_nmbr": 0, "permit_type_code": "NPD", "effective_date": 938736000000, "expiration_date": 1096502400000, "permit_status_code": "ADC", "facility_type_indicator": "POTW", "major_minor_status_flag": "M", "permit_tracking": "Y", "pt_start_date": 938736000000, "dmr_tracking": "Y", "dmr_nr_start_date": 938736000000, "permit_design_flow": 120, "permit_avg_flow": 90.06, "perm_feature_nmbr": "130", "perm_feature_text": "", "pf_lat": 38.256111, "pf_lon": -85.726111, "pf_character": "CSO|DSW", "perm_feature_type_code": "EXO", "pf_state_waterbody_name": "OHIO RIVER", "pf_state_auto_name": "Beargrass Creek", "pf_reach_id": "5140101000471", "in_icis": "YES", "echo_dfr_link": "https://echo.epa.gov/detailed-facility-report?fid=110000759714", "name": "MORRIS FORMAN WQTC MSD", "feature_kind": "CSO outfall"}}, {"type": "Feature", "id": 172, "geometry": {"type": "Point", "coordinates": [-85.7200004419764, 38.2580561071104]}, "properties": {"OBJECTID": 172, "npdes_pfid": "KY0022411131", "npdes_id": "KY0022411", "permitting_state": "KY", "agency_type_code": "ST6", "facility_uin": "110000759714", "facility_name": "MORRIS FORMAN WQTC MSD", "location_address": "4522 ALGONQUIN PKWY", "supplemental_address_text": "", "facility_city": "LOUISVILLE", "county_code": "KY111", "state_code": "KY", "epa_region_code": "04", "facility_type_code": "MWD", "facility_lat": 38.23, "facility_lon": -85.835556, "permit_name": "Morris Forman WQTC MSD", "version_nmbr": 0, "permit_type_code": "NPD", "effective_date": 938736000000, "expiration_date": 1096502400000, "permit_status_code": "ADC", "facility_type_indicator": "POTW", "major_minor_status_flag": "M", "permit_tracking": "Y", "pt_start_date": 938736000000, "dmr_tracking": "Y", "dmr_nr_start_date": 938736000000, "permit_design_flow": 120, "permit_avg_flow": 90.06, "perm_feature_nmbr": "131", "perm_feature_text": "", "pf_lat": 38.258056, "pf_lon": -85.72, "pf_character": "CSO|DSW", "perm_feature_type_code": "EXO", "pf_state_waterbody_name": "OHIO RIVER", "pf_state_auto_name": "Beargrass Creek", "pf_reach_id": "5140101000471", "in_icis": "YES", "echo_dfr_link": "https://echo.epa.gov/detailed-facility-report?fid=110000759714", "name": "MORRIS FORMAN WQTC MSD", "feature_kind": "CSO outfall"}}, {"type": "Feature", "id": 173, "geometry": {"type": "Point", "coordinates": [-85.7116667710856, 38.26027803273]}, "properties": {"OBJECTID": 173, "npdes_pfid": "KY0022411132", "npdes_id": "KY0022411", "permitting_state": "KY", "agency_type_code": "ST6", "facility_uin": "110000759714", "facility_name": "MORRIS FORMAN WQTC MSD", "location_address": "4522 ALGONQUIN PKWY", "supplemental_address_text": "", "facility_city": "LOUISVILLE", "county_code": "KY111", "state_code": "KY", "epa_region_code": "04", "facility_type_code": "MWD", "facility_lat": 38.23, "facility_lon": -85.835556, "permit_name": "Morris Forman WQTC MSD", "version_nmbr": 0, "permit_type_code": "NPD", "effective_date": 938736000000, "expiration_date": 1096502400000, "permit_status_code": "ADC", "facility_type_indicator": "POTW", "major_minor_status_flag": "M", "permit_tracking": "Y", "pt_start_date": 938736000000, "dmr_tracking": "Y", "dmr_nr_start_date": 938736000000, "permit_design_flow": 120, "permit_avg_flow": 90.06, "perm_feature_nmbr": "132", "perm_feature_text": "", "pf_lat": 38.260278, "pf_lon": -85.711667, "pf_character": "CSO|DSW", "perm_feature_type_code": "EXO", "pf_state_waterbody_name": "OHIO RIVER", "pf_state_auto_name": "Beargrass Creek", "pf_reach_id": "5140101000471", "in_icis": "YES", "echo_dfr_link": "https://echo.epa.gov/detailed-facility-report?fid=110000759714", "name": "MORRIS FORMAN WQTC MSD", "feature_kind": "CSO outfall"}}, {"type": "Feature", "id": 174, "geometry": {"type": "Point", "coordinates": [-85.7219443962512, 38.2230556979257]}, "properties": {"OBJECTID": 174, "npdes_pfid": "KY0022411137", "npdes_id": "KY0022411", "permitting_state": "KY", "agency_type_code": "ST6", "facility_uin": "110000759714", "facility_name": "MORRIS FORMAN WQTC MSD", "location_address": "4522 ALGONQUIN PKWY", "supplemental_address_text": "", "facility_city": "LOUISVILLE", "county_code": "KY111", "state_code": "KY", "epa_region_code": "04", "facility_type_code": "MWD", "facility_lat": 38.23, "facility_lon": -85.835556, "permit_name": "Morris Forman WQTC MSD", "version_nmbr": 0, "permit_type_code": "NPD", "effective_date": 938736000000, "expiration_date": 1096502400000, "permit_status_code": "ADC", "facility_type_indicator": "POTW", "major_minor_status_flag": "M", "permit_tracking": "Y", "pt_start_date": 938736000000, "dmr_tracking": "Y", "dmr_nr_start_date": 938736000000, "permit_design_flow": 120, "permit_avg_flow": 90.06, "perm_feature_nmbr": "137", "perm_feature_text": "", "pf_lat": 38.223056, "pf_lon": -85.721944, "pf_character": "CSO|DSW", "perm_feature_type_code": "EXO", "pf_state_waterbody_name": "OHIO RIVER", "pf_state_auto_name": "South Fork Beargrass Creek", "pf_reach_id": "5140101000472", "in_icis": "YES", "echo_dfr_link": "https://echo.epa.gov/detailed-facility-report?fid=110000759714", "name": "MORRIS FORMAN WQTC MSD", "feature_kind": "CSO outfall"}}, {"type": "Feature", "id": 175, "geometry": {"type": "Point", "coordinates": [-85.7202780213992, 38.2522223472699]}, "properties": {"OBJECTID": 175, "npdes_pfid": "KY0022411140", "npdes_id": "KY0022411", "permitting_state": "KY", "agency_type_code": "ST6", "facility_uin": "110000759714", "facility_name": "MORRIS FORMAN WQTC MSD", "location_address": "4522 ALGONQUIN PKWY", "supplemental_address_text": "", "facility_city": "LOUISVILLE", "county_code": "KY111", "state_code": "KY", "epa_region_code": "04", "facility_type_code": "MWD", "facility_lat": 38.23, "facility_lon": -85.835556, "permit_name": "Morris Forman WQTC MSD", "version_nmbr": 0, "permit_type_code": "NPD", "effective_date": 938736000000, "expiration_date": 1096502400000, "permit_status_code": "ADC", "facility_type_indicator": "POTW", "major_minor_status_flag": "M", "permit_tracking": "Y", "pt_start_date": 938736000000, "dmr_tracking": "Y", "dmr_nr_start_date": 938736000000, "permit_design_flow": 120, "permit_avg_flow": 90.06, "perm_feature_nmbr": "140", "perm_feature_text": "", "pf_lat": 38.252222, "pf_lon": -85.720278, "pf_character": "CSO|DSW", "perm_feature_type_code": "EXO", "pf_state_waterbody_name": "OHIO RIVER", "pf_state_auto_name": "Middle Fork Beargrass Creek", "pf_reach_id": "5140101000475", "in_icis": "YES", "echo_dfr_link": "https://echo.epa.gov/detailed-facility-report?fid=110000759714", "name": "MORRIS FORMAN WQTC MSD", "feature_kind": "CSO outfall"}}, {"type": "Feature", "id": 176, "geometry": {"type": "Point", "coordinates": [-85.7311108054104, 38.2488890638536]}, "properties": {"OBJECTID": 176, "npdes_pfid": "KY0022411141", "npdes_id": "KY0022411", "permitting_state": "KY", "agency_type_code": "ST6", "facility_uin": "110000759714", "facility_name": "MORRIS FORMAN WQTC MSD", "location_address": "4522 ALGONQUIN PKWY", "supplemental_address_text": "", "facility_city": "LOUISVILLE", "county_code": "KY111", "state_code": "KY", "epa_region_code": "04", "facility_type_code": "MWD", "facility_lat": 38.23, "facility_lon": -85.835556, "permit_name": "Morris Forman WQTC MSD", "version_nmbr": 0, "permit_type_code": "NPD", "effective_date": 938736000000, "expiration_date": 1096502400000, "permit_status_code": "ADC", "facility_type_indicator": "POTW", "major_minor_status_flag": "M", "permit_tracking": "Y", "pt_start_date": 938736000000, "dmr_tracking": "Y", "dmr_nr_start_date": 938736000000, "permit_design_flow": 120, "permit_avg_flow": 90.06, "perm_feature_nmbr": "141", "perm_feature_text": "", "pf_lat": 38.248889, "pf_lon": -85.731111, "pf_character": "CSO|DSW", "perm_feature_type_code": "EXO", "pf_state_waterbody_name": "OHIO RIVER", "pf_state_auto_name": "South Fork Beargrass Creek", "pf_reach_id": "5140101000472", "in_icis": "YES", "echo_dfr_link": "https://echo.epa.gov/detailed-facility-report?fid=110000759714", "name": "MORRIS FORMAN WQTC MSD", "feature_kind": "CSO outfall"}}, {"type": "Feature", "id": 177, "geometry": {"type": "Point", "coordinates": [-85.739722055724, 38.2352778048177]}, "properties": {"OBJECTID": 177, "npdes_pfid": "KY0022411142", "npdes_id": "KY0022411", "permitting_state": "KY", "agency_type_code": "ST6", "facility_uin": "110000759714", "facility_name": "MORRIS FORMAN WQTC MSD", "location_address": "4522 ALGONQUIN PKWY", "supplemental_address_text": "", "facility_city": "LOUISVILLE", "county_code": "KY111", "state_code": "KY", "epa_region_code": "04", "facility_type_code": "MWD", "facility_lat": 38.23, "facility_lon": -85.835556, "permit_name": "Morris Forman WQTC MSD", "version_nmbr": 0, "permit_type_code": "NPD", "effective_date": 938736000000, "expiration_date": 1096502400000, "permit_status_code": "ADC", "facility_type_indicator": "POTW", "major_minor_status_flag": "M", "permit_tracking": "Y", "pt_start_date": 938736000000, "dmr_tracking": "Y", "dmr_nr_start_date": 938736000000, "permit_design_flow": 120, "permit_avg_flow": 90.06, "perm_feature_nmbr": "142", "perm_feature_text": "", "pf_lat": 38.235278, "pf_lon": -85.739722, "pf_character": "CSO|DSW", "perm_feature_type_code": "EXO", "pf_state_waterbody_name": "OHIO RIVER", "pf_state_auto_name": "South Fork Beargrass Creek", "pf_reach_id": "5140101000472", "in_icis": "YES", "echo_dfr_link": "https://echo.epa.gov/detailed-facility-report?fid=110000759714", "name": "MORRIS FORMAN WQTC MSD", "feature_kind": "CSO outfall"}}, {"type": "Feature", "id": 178, "geometry": {"type": "Point", "coordinates": [-85.730278067142, 38.2347217858892]}, "properties": {"OBJECTID": 178, "npdes_pfid": "KY0022411143", "npdes_id": "KY0022411", "permitting_state": "KY", "agency_type_code": "ST6", "facility_uin": "110000759714", "facility_name": "MORRIS FORMAN WQTC MSD", "location_address": "4522 ALGONQUIN PKWY", "supplemental_address_text": "", "facility_city": "LOUISVILLE", "county_code": "KY111", "state_code": "KY", "epa_region_code": "04", "facility_type_code": "MWD", "facility_lat": 38.23, "facility_lon": -85.835556, "permit_name": "Morris Forman WQTC MSD", "version_nmbr": 0, "permit_type_code": "NPD", "effective_date": 938736000000, "expiration_date": 1096502400000, "permit_status_code": "ADC", "facility_type_indicator": "POTW", "major_minor_status_flag": "M", "permit_tracking": "Y", "pt_start_date": 938736000000, "dmr_tracking": "Y", "dmr_nr_start_date": 938736000000, "permit_design_flow": 120, "permit_avg_flow": 90.06, "perm_feature_nmbr": "143", "perm_feature_text": "", "pf_lat": 38.234722, "pf_lon": -85.730278, "pf_character": "CSO|DSW", "perm_feature_type_code": "EXO", "pf_state_waterbody_name": "OHIO RIVER", "pf_state_auto_name": "South Fork Beargrass Creek", "pf_reach_id": "5140101000472", "in_icis": "YES", "echo_dfr_link": "https://echo.epa.gov/detailed-facility-report?fid=110000759714", "name": "MORRIS FORMAN WQTC MSD", "feature_kind": "CSO outfall"}}, {"type": "Feature", "id": 179, "geometry": {"type": "Point", "coordinates": [-85.7097219184955, 38.2508333213951]}, "properties": {"OBJECTID": 179, "npdes_pfid": "KY0022411144", "npdes_id": "KY0022411", "permitting_state": "KY", "agency_type_code": "ST6", "facility_uin": "110000759714", "facility_name": "MORRIS FORMAN WQTC MSD", "location_address": "4522 ALGONQUIN PKWY", "supplemental_address_text": "", "facility_city": "LOUISVILLE", "county_code": "KY111", "state_code": "KY", "epa_region_code": "04", "facility_type_code": "MWD", "facility_lat": 38.23, "facility_lon": -85.835556, "permit_name": "Morris Forman WQTC MSD", "version_nmbr": 0, "permit_type_code": "NPD", "effective_date": 938736000000, "expiration_date": 1096502400000, "permit_status_code": "ADC", "facility_type_indicator": "POTW", "major_minor_status_flag": "M", "permit_tracking": "Y", "pt_start_date": 938736000000, "dmr_tracking": "Y", "dmr_nr_start_date": 938736000000, "permit_design_flow": 120, "permit_avg_flow": 90.06, "perm_feature_nmbr": "144", "perm_feature_text": "", "pf_lat": 38.250833, "pf_lon": -85.709722, "pf_character": "CSO|DSW", "perm_feature_type_code": "EXO", "pf_state_waterbody_name": "OHIO RIVER", "pf_state_auto_name": "Middle Fork Beargrass Creek", "pf_reach_id": "5140101000475", "in_icis": "YES", "echo_dfr_link": "https://echo.epa.gov/detailed-facility-report?fid=110000759714", "name": "MORRIS FORMAN WQTC MSD", "feature_kind": "CSO outfall"}}, {"type": "Feature", "id": 180, "geometry": {"type": "Point", "coordinates": [-85.7194443848155, 38.2624998903988]}, "properties": {"OBJECTID": 180, "npdes_pfid": "KY0022411145", "npdes_id": "KY0022411", "permitting_state": "KY", "agency_type_code": "ST6", "facility_uin": "110000759714", "facility_name": "MORRIS FORMAN WQTC MSD", "location_address": "4522 ALGONQUIN PKWY", "supplemental_address_text": "", "facility_city": "LOUISVILLE", "county_code": "KY111", "state_code": "KY", "epa_region_code": "04", "facility_type_code": "MWD", "facility_lat": 38.23, "facility_lon": -85.835556, "permit_name": "Morris Forman WQTC MSD", "version_nmbr": 0, "permit_type_code": "NPD", "effective_date": 938736000000, "expiration_date": 1096502400000, "permit_status_code": "ADC", "facility_type_indicator": "POTW", "major_minor_status_flag": "M", "permit_tracking": "Y", "pt_start_date": 938736000000, "dmr_tracking": "Y", "dmr_nr_start_date": 938736000000, "permit_design_flow": 120, "permit_avg_flow": 90.06, "perm_feature_nmbr": "145", "perm_feature_text": "", "pf_lat": 38.2625, "pf_lon": -85.719444, "pf_character": "CSO|DSW", "perm_feature_type_code": "EXO", "pf_state_waterbody_name": "OHIO RIVER", "pf_state_auto_name": "Beargrass Creek", "pf_reach_id": "5140101000175", "in_icis": "YES", "echo_dfr_link": "https://echo.epa.gov/detailed-facility-report?fid=110000759714", "name": "MORRIS FORMAN WQTC MSD", "feature_kind": "CSO outfall"}}, {"type": "Feature", "id": 181, "geometry": {"type": "Point", "coordinates": [-85.7372220442883, 38.2363891243259]}, "properties": {"OBJECTID": 181, "npdes_pfid": "KY0022411146", "npdes_id": "KY0022411", "permitting_state": "KY", "agency_type_code": "ST6", "facility_uin": "110000759714", "facility_name": "MORRIS FORMAN WQTC MSD", "location_address": "4522 ALGONQUIN PKWY", "supplemental_address_text": "", "facility_city": "LOUISVILLE", "county_code": "KY111", "state_code": "KY", "epa_region_code": "04", "facility_type_code": "MWD", "facility_lat": 38.23, "facility_lon": -85.835556, "permit_name": "Morris Forman WQTC MSD", "version_nmbr": 0, "permit_type_code": "NPD", "effective_date": 938736000000, "expiration_date": 1096502400000, "permit_status_code": "ADC", "facility_type_indicator": "POTW", "major_minor_status_flag": "M", "permit_tracking": "Y", "pt_start_date": 938736000000, "dmr_tracking": "Y", "dmr_nr_start_date": 938736000000, "permit_design_flow": 120, "permit_avg_flow": 90.06, "perm_feature_nmbr": "146", "perm_feature_text": "", "pf_lat": 38.236389, "pf_lon": -85.737222, "pf_character": "CSO|DSW", "perm_feature_type_code": "EXO", "pf_state_waterbody_name": "OHIO RIVER", "pf_state_auto_name": "South Fork Beargrass Creek", "pf_reach_id": "5140101000472", "in_icis": "YES", "echo_dfr_link": "https://echo.epa.gov/detailed-facility-report?fid=110000759714", "name": "MORRIS FORMAN WQTC MSD", "feature_kind": "CSO outfall"}}, {"type": "Feature", "id": 182, "geometry": {"type": "Point", "coordinates": [-85.7369435665502, 38.2366671279471]}, "properties": {"OBJECTID": 182, "npdes_pfid": "KY0022411147", "npdes_id": "KY0022411", "permitting_state": "KY", "agency_type_code": "ST6", "facility_uin": "110000759714", "facility_name": "MORRIS FORMAN WQTC MSD", "location_address": "4522 ALGONQUIN PKWY", "supplemental_address_text": "", "facility_city": "LOUISVILLE", "county_code": "KY111", "state_code": "KY", "epa_region_code": "04", "facility_type_code": "MWD", "facility_lat": 38.23, "facility_lon": -85.835556, "permit_name": "Morris Forman WQTC MSD", "version_nmbr": 0, "permit_type_code": "NPD", "effective_date": 938736000000, "expiration_date": 1096502400000, "permit_status_code": "ADC", "facility_type_indicator": "POTW", "major_minor_status_flag": "M", "permit_tracking": "Y", "pt_start_date": 938736000000, "dmr_tracking": "Y", "dmr_nr_start_date": 938736000000, "permit_design_flow": 120, "permit_avg_flow": 90.06, "perm_feature_nmbr": "147", "perm_feature_text": "", "pf_lat": 38.236667, "pf_lon": -85.736944, "pf_character": "CSO|DSW", "perm_feature_type_code": "EXO", "pf_state_waterbody_name": "OHIO RIVER", "pf_state_auto_name": "South Fork Beargrass Creek", "pf_reach_id": "5140101000472", "in_icis": "YES", "echo_dfr_link": "https://echo.epa.gov/detailed-facility-report?fid=110000759714", "name": "MORRIS FORMAN WQTC MSD", "feature_kind": "CSO outfall"}}, {"type": "Feature", "id": 183, "geometry": {"type": "Point", "coordinates": [-85.7258332031162, 38.2252779877837]}, "properties": {"OBJECTID": 183, "npdes_pfid": "KY0022411148", "npdes_id": "KY0022411", "permitting_state": "KY", "agency_type_code": "ST6", "facility_uin": "110000759714", "facility_name": "MORRIS FORMAN WQTC MSD", "location_address": "4522 ALGONQUIN PKWY", "supplemental_address_text": "", "facility_city": "LOUISVILLE", "county_code": "KY111", "state_code": "KY", "epa_region_code": "04", "facility_type_code": "MWD", "facility_lat": 38.23, "facility_lon": -85.835556, "permit_name": "Morris Forman WQTC MSD", "version_nmbr": 0, "permit_type_code": "NPD", "effective_date": 938736000000, "expiration_date": 1096502400000, "permit_status_code": "ADC", "facility_type_indicator": "POTW", "major_minor_status_flag": "M", "permit_tracking": "Y", "pt_start_date": 938736000000, "dmr_tracking": "Y", "dmr_nr_start_date": 938736000000, "permit_design_flow": 120, "permit_avg_flow": 90.06, "perm_feature_nmbr": "148", "perm_feature_text": "", "pf_lat": 38.225278, "pf_lon": -85.725833, "pf_character": "CSO|DSW", "perm_feature_type_code": "EXO", "pf_state_waterbody_name": "OHIO RIVER", "pf_state_auto_name": "South Fork Beargrass Creek", "pf_reach_id": "5140101000472", "in_icis": "YES", "echo_dfr_link": "https://echo.epa.gov/detailed-facility-report?fid=110000759714", "name": "MORRIS FORMAN WQTC MSD", "feature_kind": "CSO outfall"}}, {"type": "Feature", "id": 184, "geometry": {"type": "Point", "coordinates": [-85.7436108625889, 38.2372217208284]}, "properties": {"OBJECTID": 184, "npdes_pfid": "KY0022411149", "npdes_id": "KY0022411", "permitting_state": "KY", "agency_type_code": "ST6", "facility_uin": "110000759714", "facility_name": "MORRIS FORMAN WQTC MSD", "location_address": "4522 ALGONQUIN PKWY", "supplemental_address_text": "", "facility_city": "LOUISVILLE", "county_code": "KY111", "state_code": "KY", "epa_region_code": "04", "facility_type_code": "MWD", "facility_lat": 38.23, "facility_lon": -85.835556, "permit_name": "Morris Forman WQTC MSD", "version_nmbr": 0, "permit_type_code": "NPD", "effective_date": 938736000000, "expiration_date": 1096502400000, "permit_status_code": "ADC", "facility_type_indicator": "POTW", "major_minor_status_flag": "M", "permit_tracking": "Y", "pt_start_date": 938736000000, "dmr_tracking": "Y", "dmr_nr_start_date": 938736000000, "permit_design_flow": 120, "permit_avg_flow": 90.06, "perm_feature_nmbr": "149", "perm_feature_text": "", "pf_lat": 38.237222, "pf_lon": -85.743611, "pf_character": "CSO|DSW", "perm_feature_type_code": "EXO", "pf_state_waterbody_name": "OHIO RIVER", "pf_state_auto_name": "South Fork Beargrass Creek", "pf_reach_id": "5140101000472", "in_icis": "YES", "echo_dfr_link": "https://echo.epa.gov/detailed-facility-report?fid=110000759714", "name": "MORRIS FORMAN WQTC MSD", "feature_kind": "CSO outfall"}}, {"type": "Feature", "id": 185, "geometry": {"type": "Point", "coordinates": [-85.763055795229, 38.2580561071104]}, "properties": {"OBJECTID": 185, "npdes_pfid": "KY0022411150", "npdes_id": "KY0022411", "permitting_state": "KY", "agency_type_code": "ST6", "facility_uin": "110000759714", "facility_name": "MORRIS FORMAN WQTC MSD", "location_address": "4522 ALGONQUIN PKWY", "supplemental_address_text": "", "facility_city": "LOUISVILLE", "county_code": "KY111", "state_code": "KY", "epa_region_code": "04", "facility_type_code": "MWD", "facility_lat": 38.23, "facility_lon": -85.835556, "permit_name": "Morris Forman WQTC MSD", "version_nmbr": 0, "permit_type_code": "NPD", "effective_date": 938736000000, "expiration_date": 1096502400000, "permit_status_code": "ADC", "facility_type_indicator": "POTW", "major_minor_status_flag": "M", "permit_tracking": "Y", "pt_start_date": 938736000000, "dmr_tracking": "Y", "dmr_nr_start_date": 938736000000, "permit_design_flow": 120, "permit_avg_flow": 90.06, "perm_feature_nmbr": "150", "perm_feature_text": "", "pf_lat": 38.258056, "pf_lon": -85.763056, "pf_character": "CSO|DSW", "perm_feature_type_code": "EXO", "pf_state_waterbody_name": "OHIO RIVER", "pf_state_auto_name": "Ohio River", "pf_reach_id": "5140101000011", "in_icis": "YES", "echo_dfr_link": "https://echo.epa.gov/detailed-facility-report?fid=110000759714", "name": "MORRIS FORMAN WQTC MSD", "feature_kind": "CSO outfall"}}, {"type": "Feature", "id": 186, "geometry": {"type": "Point", "coordinates": [-85.7252780442706, 38.2299996872866]}, "properties": {"OBJECTID": 186, "npdes_pfid": "KY0022411151", "npdes_id": "KY0022411", "permitting_state": "KY", "agency_type_code": "ST6", "facility_uin": "110000759714", "facility_name": "MORRIS FORMAN WQTC MSD", "location_address": "4522 ALGONQUIN PKWY", "supplemental_address_text": "", "facility_city": "LOUISVILLE", "county_code": "KY111", "state_code": "KY", "epa_region_code": "04", "facility_type_code": "MWD", "facility_lat": 38.23, "facility_lon": -85.835556, "permit_name": "Morris Forman WQTC MSD", "version_nmbr": 0, "permit_type_code": "NPD", "effective_date": 938736000000, "expiration_date": 1096502400000, "permit_status_code": "ADC", "facility_type_indicator": "POTW", "major_minor_status_flag": "M", "permit_tracking": "Y", "pt_start_date": 938736000000, "dmr_tracking": "Y", "dmr_nr_start_date": 938736000000, "permit_design_flow": 120, "permit_avg_flow": 90.06, "perm_feature_nmbr": "151", "perm_feature_text": "", "pf_lat": 38.23, "pf_lon": -85.725278, "pf_character": "CSO|DSW", "perm_feature_type_code": "EXO", "pf_state_waterbody_name": "OHIO RIVER", "pf_state_auto_name": "South Fork Beargrass Creek", "pf_reach_id": "5140101000472", "in_icis": "YES", "echo_dfr_link": "https://echo.epa.gov/detailed-facility-report?fid=110000759714", "name": "MORRIS FORMAN WQTC MSD", "feature_kind": "CSO outfall"}}, {"type": "Feature", "id": 187, "geometry": {"type": "Point", "coordinates": [-85.7286107939747, 38.2336111465206]}, "properties": {"OBJECTID": 187, "npdes_pfid": "KY0022411152", "npdes_id": "KY0022411", "permitting_state": "KY", "agency_type_code": "ST6", "facility_uin": "110000759714", "facility_name": "MORRIS FORMAN WQTC MSD", "location_address": "4522 ALGONQUIN PKWY", "supplemental_address_text": "", "facility_city": "LOUISVILLE", "county_code": "KY111", "state_code": "KY", "epa_region_code": "04", "facility_type_code": "MWD", "facility_lat": 38.23, "facility_lon": -85.835556, "permit_name": "Morris Forman WQTC MSD", "version_nmbr": 0, "permit_type_code": "NPD", "effective_date": 938736000000, "expiration_date": 1096502400000, "permit_status_code": "ADC", "facility_type_indicator": "POTW", "major_minor_status_flag": "M", "permit_tracking": "Y", "pt_start_date": 938736000000, "dmr_tracking": "Y", "dmr_nr_start_date": 938736000000, "permit_design_flow": 120, "permit_avg_flow": 90.06, "perm_feature_nmbr": "152", "perm_feature_text": "", "pf_lat": 38.233611, "pf_lon": -85.728611, "pf_character": "CSO|DSW", "perm_feature_type_code": "EXO", "pf_state_waterbody_name": "OHIO RIVER", "pf_state_auto_name": "South Fork Beargrass Creek", "pf_reach_id": "5140101000472", "in_icis": "YES", "echo_dfr_link": "https://echo.epa.gov/detailed-facility-report?fid=110000759714", "name": "MORRIS FORMAN WQTC MSD", "feature_kind": "CSO outfall"}}, {"type": "Feature", "id": 188, "geometry": {"type": "Point", "coordinates": [-85.7297220099812, 38.250000175312]}, "properties": {"OBJECTID": 188, "npdes_pfid": "KY0022411153", "npdes_id": "KY0022411", "permitting_state": "KY", "agency_type_code": "ST6", "facility_uin": "110000759714", "facility_name": "MORRIS FORMAN WQTC MSD", "location_address": "4522 ALGONQUIN PKWY", "supplemental_address_text": "", "facility_city": "LOUISVILLE", "county_code": "KY111", "state_code": "KY", "epa_region_code": "04", "facility_type_code": "MWD", "facility_lat": 38.23, "facility_lon": -85.835556, "permit_name": "Morris Forman WQTC MSD", "version_nmbr": 0, "permit_type_code": "NPD", "effective_date": 938736000000, "expiration_date": 1096502400000, "permit_status_code": "ADC", "facility_type_indicator": "POTW", "major_minor_status_flag": "M", "permit_tracking": "Y", "pt_start_date": 938736000000, "dmr_tracking": "Y", "dmr_nr_start_date": 938736000000, "permit_design_flow": 120, "permit_avg_flow": 90.06, "perm_feature_nmbr": "153", "perm_feature_text": "", "pf_lat": 38.25, "pf_lon": -85.729722, "pf_character": "CSO|DSW", "perm_feature_type_code": "EXO", "pf_state_waterbody_name": "OHIO RIVER", "pf_state_auto_name": "South Fork Beargrass Creek", "pf_reach_id": "5140101000472", "in_icis": "YES", "echo_dfr_link": "https://echo.epa.gov/detailed-facility-report?fid=110000759714", "name": "MORRIS FORMAN WQTC MSD", "feature_kind": "CSO outfall"}}, {"type": "Feature", "id": 189, "geometry": {"type": "Point", "coordinates": [-85.7152779985278, 38.261944079679]}, "properties": {"OBJECTID": 189, "npdes_pfid": "KY0022411154", "npdes_id": "KY0022411", "permitting_state": "KY", "agency_type_code": "ST6", "facility_uin": "110000759714", "facility_name": "MORRIS FORMAN WQTC MSD", "location_address": "4522 ALGONQUIN PKWY", "supplemental_address_text": "", "facility_city": "LOUISVILLE", "county_code": "KY111", "state_code": "KY", "epa_region_code": "04", "facility_type_code": "MWD", "facility_lat": 38.23, "facility_lon": -85.835556, "permit_name": "Morris Forman WQTC MSD", "version_nmbr": 0, "permit_type_code": "NPD", "effective_date": 938736000000, "expiration_date": 1096502400000, "permit_status_code": "ADC", "facility_type_indicator": "POTW", "major_minor_status_flag": "M", "permit_tracking": "Y", "pt_start_date": 938736000000, "dmr_tracking": "Y", "dmr_nr_start_date": 938736000000, "permit_design_flow": 120, "permit_avg_flow": 90.06, "perm_feature_nmbr": "154", "perm_feature_text": "", "pf_lat": 38.261944, "pf_lon": -85.715278, "pf_character": "CSO|DSW", "perm_feature_type_code": "EXO", "pf_state_waterbody_name": "OHIO RIVER", "pf_state_auto_name": "Beargrass Creek", "pf_reach_id": "5140101000471", "in_icis": "YES", "echo_dfr_link": "https://echo.epa.gov/detailed-facility-report?fid=110000759714", "name": "MORRIS FORMAN WQTC MSD", "feature_kind": "CSO outfall"}}, {"type": "Feature", "id": 190, "geometry": {"type": "Point", "coordinates": [-85.7697221929524, 38.2594442895577]}, "properties": {"OBJECTID": 190, "npdes_pfid": "KY0022411155", "npdes_id": "KY0022411", "permitting_state": "KY", "agency_type_code": "ST6", "facility_uin": "110000759714", "facility_name": "MORRIS FORMAN WQTC MSD", "location_address": "4522 ALGONQUIN PKWY", "supplemental_address_text": "", "facility_city": "LOUISVILLE", "county_code": "KY111", "state_code": "KY", "epa_region_code": "04", "facility_type_code": "MWD", "facility_lat": 38.23, "facility_lon": -85.835556, "permit_name": "Morris Forman WQTC MSD", "version_nmbr": 0, "permit_type_code": "NPD", "effective_date": 938736000000, "expiration_date": 1096502400000, "permit_status_code": "ADC", "facility_type_indicator": "POTW", "major_minor_status_flag": "M", "permit_tracking": "Y", "pt_start_date": 938736000000, "dmr_tracking": "Y", "dmr_nr_start_date": 938736000000, "permit_design_flow": 120, "permit_avg_flow": 90.06, "perm_feature_nmbr": "155", "perm_feature_text": "", "pf_lat": 38.259444, "pf_lon": -85.769722, "pf_character": "CSO|DSW", "perm_feature_type_code": "EXO", "pf_state_waterbody_name": "OHIO RIVER", "pf_state_auto_name": "Ohio River", "pf_reach_id": "5140101000011", "in_icis": "YES", "echo_dfr_link": "https://echo.epa.gov/detailed-facility-report?fid=110000759714", "name": "MORRIS FORMAN WQTC MSD", "feature_kind": "CSO outfall"}}, {"type": "Feature", "id": 191, "geometry": {"type": "Point", "coordinates": [-85.7599997266324, 38.2577781852836]}, "properties": {"OBJECTID": 191, "npdes_pfid": "KY0022411156", "npdes_id": "KY0022411", "permitting_state": "KY", "agency_type_code": "ST6", "facility_uin": "110000759714", "facility_name": "MORRIS FORMAN WQTC MSD", "location_address": "4522 ALGONQUIN PKWY", "supplemental_address_text": "", "facility_city": "LOUISVILLE", "county_code": "KY111", "state_code": "KY", "epa_region_code": "04", "facility_type_code": "MWD", "facility_lat": 38.23, "facility_lon": -85.835556, "permit_name": "Morris Forman WQTC MSD", "version_nmbr": 0, "permit_type_code": "NPD", "effective_date": 938736000000, "expiration_date": 1096502400000, "permit_status_code": "ADC", "facility_type_indicator": "POTW", "major_minor_status_flag": "M", "permit_tracking": "Y", "pt_start_date": 938736000000, "dmr_tracking": "Y", "dmr_nr_start_date": 938736000000, "permit_design_flow": 120, "permit_avg_flow": 90.06, "perm_feature_nmbr": "156", "perm_feature_text": "", "pf_lat": 38.257778, "pf_lon": -85.76, "pf_character": "CSO|DSW", "perm_feature_type_code": "EXO", "pf_state_waterbody_name": "OHIO RIVER", "pf_state_auto_name": "Ohio River", "pf_reach_id": "5140101000011", "in_icis": "YES", "echo_dfr_link": "https://echo.epa.gov/detailed-facility-report?fid=110000759714", "name": "MORRIS FORMAN WQTC MSD", "feature_kind": "CSO outfall"}}, {"type": "Feature", "id": 192, "geometry": {"type": "Point", "coordinates": [-85.7516669540569, 38.2552782518264]}, "properties": {"OBJECTID": 192, "npdes_pfid": "KY0022411160", "npdes_id": "KY0022411", "permitting_state": "KY", "agency_type_code": "ST6", "facility_uin": "110000759714", "facility_name": "MORRIS FORMAN WQTC MSD", "location_address": "4522 ALGONQUIN PKWY", "supplemental_address_text": "", "facility_city": "LOUISVILLE", "county_code": "KY111", "state_code": "KY", "epa_region_code": "04", "facility_type_code": "MWD", "facility_lat": 38.23, "facility_lon": -85.835556, "permit_name": "Morris Forman WQTC MSD", "version_nmbr": 0, "permit_type_code": "NPD", "effective_date": 938736000000, "expiration_date": 1096502400000, "permit_status_code": "ADC", "facility_type_indicator": "POTW", "major_minor_status_flag": "M", "permit_tracking": "Y", "pt_start_date": 938736000000, "dmr_tracking": "Y", "dmr_nr_start_date": 938736000000, "permit_design_flow": 120, "permit_avg_flow": 90.06, "perm_feature_nmbr": "160", "perm_feature_text": "", "pf_lat": 38.255278, "pf_lon": -85.751667, "pf_character": "CSO|DSW", "perm_feature_type_code": "EXO", "pf_state_waterbody_name": "OHIO RIVER", "pf_state_auto_name": "Ohio River", "pf_reach_id": "5140101000011", "in_icis": "YES", "echo_dfr_link": "https://echo.epa.gov/detailed-facility-report?fid=110000759714", "name": "MORRIS FORMAN WQTC MSD", "feature_kind": "CSO outfall"}}, {"type": "Feature", "id": 193, "geometry": {"type": "Point", "coordinates": [-85.7519436351644, 38.2547216804432]}, "properties": {"OBJECTID": 193, "npdes_pfid": "KY0022411161", "npdes_id": "KY0022411", "permitting_state": "KY", "agency_type_code": "ST6", "facility_uin": "110000759714", "facility_name": "MORRIS FORMAN WQTC MSD", "location_address": "4522 ALGONQUIN PKWY", "supplemental_address_text": "", "facility_city": "LOUISVILLE", "county_code": "KY111", "state_code": "KY", "epa_region_code": "04", "facility_type_code": "MWD", "facility_lat": 38.23, "facility_lon": -85.835556, "permit_name": "Morris Forman WQTC MSD", "version_nmbr": 0, "permit_type_code": "NPD", "effective_date": 938736000000, "expiration_date": 1096502400000, "permit_status_code": "ADC", "facility_type_indicator": "POTW", "major_minor_status_flag": "M", "permit_tracking": "Y", "pt_start_date": 938736000000, "dmr_tracking": "Y", "dmr_nr_start_date": 938736000000, "permit_design_flow": 120, "permit_avg_flow": 90.06, "perm_feature_nmbr": "161", "perm_feature_text": "", "pf_lat": 38.254722, "pf_lon": -85.751944, "pf_character": "CSO|DSW", "perm_feature_type_code": "EXO", "pf_state_waterbody_name": "OHIO RIVER", "pf_state_auto_name": "Ohio River", "pf_reach_id": "5140101000008", "in_icis": "YES", "echo_dfr_link": "https://echo.epa.gov/detailed-facility-report?fid=110000759714", "name": "MORRIS FORMAN WQTC MSD", "feature_kind": "CSO outfall"}}, {"type": "Feature", "id": 194, "geometry": {"type": "Point", "coordinates": [-85.6980563962159, 38.2444437426445]}, "properties": {"OBJECTID": 194, "npdes_pfid": "KY0022411162", "npdes_id": "KY0022411", "permitting_state": "KY", "agency_type_code": "ST6", "facility_uin": "110000759714", "facility_name": "MORRIS FORMAN WQTC MSD", "location_address": "4522 ALGONQUIN PKWY", "supplemental_address_text": "", "facility_city": "LOUISVILLE", "county_code": "KY111", "state_code": "KY", "epa_region_code": "04", "facility_type_code": "MWD", "facility_lat": 38.23, "facility_lon": -85.835556, "permit_name": "Morris Forman WQTC MSD", "version_nmbr": 0, "permit_type_code": "NPD", "effective_date": 938736000000, "expiration_date": 1096502400000, "permit_status_code": "ADC", "facility_type_indicator": "POTW", "major_minor_status_flag": "M", "permit_tracking": "Y", "pt_start_date": 938736000000, "dmr_tracking": "Y", "dmr_nr_start_date": 938736000000, "permit_design_flow": 120, "permit_avg_flow": 90.06, "perm_feature_nmbr": "162", "perm_feature_text": "", "pf_lat": 38.244444, "pf_lon": -85.698056, "pf_character": "CSO|DSW", "perm_feature_type_code": "EXO", "pf_state_waterbody_name": "OHIO RIVER", "pf_state_auto_name": "Middle Fork Beargrass Creek", "pf_reach_id": "5140101000475", "in_icis": "YES", "echo_dfr_link": "https://echo.epa.gov/detailed-facility-report?fid=110000759714", "name": "MORRIS FORMAN WQTC MSD", "feature_kind": "CSO outfall"}}, {"type": "Feature", "id": 195, "geometry": {"type": "Point", "coordinates": [-85.705277952785, 38.2449996872294]}, "properties": {"OBJECTID": 195, "npdes_pfid": "KY0022411166", "npdes_id": "KY0022411", "permitting_state": "KY", "agency_type_code": "ST6", "facility_uin": "110000759714", "facility_name": "MORRIS FORMAN WQTC MSD", "location_address": "4522 ALGONQUIN PKWY", "supplemental_address_text": "", "facility_city": "LOUISVILLE", "county_code": "KY111", "state_code": "KY", "epa_region_code": "04", "facility_type_code": "MWD", "facility_lat": 38.23, "facility_lon": -85.835556, "permit_name": "Morris Forman WQTC MSD", "version_nmbr": 0, "permit_type_code": "NPD", "effective_date": 938736000000, "expiration_date": 1096502400000, "permit_status_code": "ADC", "facility_type_indicator": "POTW", "major_minor_status_flag": "M", "permit_tracking": "Y", "pt_start_date": 938736000000, "dmr_tracking": "Y", "dmr_nr_start_date": 938736000000, "permit_design_flow": 120, "permit_avg_flow": 90.06, "perm_feature_nmbr": "166", "perm_feature_text": "", "pf_lat": 38.245, "pf_lon": -85.705278, "pf_character": "CSO|DSW", "perm_feature_type_code": "EXO", "pf_state_waterbody_name": "OHIO RIVER", "pf_state_auto_name": "Middle Fork Beargrass Creek", "pf_reach_id": "5140101000475", "in_icis": "YES", "echo_dfr_link": "https://echo.epa.gov/detailed-facility-report?fid=110000759714", "name": "MORRIS FORMAN WQTC MSD", "feature_kind": "CSO outfall"}}, {"type": "Feature", "id": 196, "geometry": {"type": "Point", "coordinates": [-85.7119443505084, 38.26027803273]}, "properties": {"OBJECTID": 196, "npdes_pfid": "KY0022411167", "npdes_id": "KY0022411", "permitting_state": "KY", "agency_type_code": "ST6", "facility_uin": "110000759714", "facility_name": "MORRIS FORMAN WQTC MSD", "location_address": "4522 ALGONQUIN PKWY", "supplemental_address_text": "", "facility_city": "LOUISVILLE", "county_code": "KY111", "state_code": "KY", "epa_region_code": "04", "facility_type_code": "MWD", "facility_lat": 38.23, "facility_lon": -85.835556, "permit_name": "Morris Forman WQTC MSD", "version_nmbr": 0, "permit_type_code": "NPD", "effective_date": 938736000000, "expiration_date": 1096502400000, "permit_status_code": "ADC", "facility_type_indicator": "POTW", "major_minor_status_flag": "M", "permit_tracking": "Y", "pt_start_date": 938736000000, "dmr_tracking": "Y", "dmr_nr_start_date": 938736000000, "permit_design_flow": 120, "permit_avg_flow": 90.06, "perm_feature_nmbr": "167", "perm_feature_text": "", "pf_lat": 38.260278, "pf_lon": -85.711944, "pf_character": "CSO|DSW", "perm_feature_type_code": "EXO", "pf_state_waterbody_name": "OHIO RIVER", "pf_state_auto_name": "Beargrass Creek", "pf_reach_id": "5140101000471", "in_icis": "YES", "echo_dfr_link": "https://echo.epa.gov/detailed-facility-report?fid=110000759714", "name": "MORRIS FORMAN WQTC MSD", "feature_kind": "CSO outfall"}}, {"type": "Feature", "id": 197, "geometry": {"type": "Point", "coordinates": [-85.7297220099812, 38.2630556968663]}, "properties": {"OBJECTID": 197, "npdes_pfid": "KY0022411172", "npdes_id": "KY0022411", "permitting_state": "KY", "agency_type_code": "ST6", "facility_uin": "110000759714", "facility_name": "MORRIS FORMAN WQTC MSD", "location_address": "4522 ALGONQUIN PKWY", "supplemental_address_text": "", "facility_city": "LOUISVILLE", "county_code": "KY111", "state_code": "KY", "epa_region_code": "04", "facility_type_code": "MWD", "facility_lat": 38.23, "facility_lon": -85.835556, "permit_name": "Morris Forman WQTC MSD", "version_nmbr": 0, "permit_type_code": "NPD", "effective_date": 938736000000, "expiration_date": 1096502400000, "permit_status_code": "ADC", "facility_type_indicator": "POTW", "major_minor_status_flag": "M", "permit_tracking": "Y", "pt_start_date": 938736000000, "dmr_tracking": "Y", "dmr_nr_start_date": 938736000000, "permit_design_flow": 120, "permit_avg_flow": 90.06, "perm_feature_nmbr": "172", "perm_feature_text": "", "pf_lat": 38.263056, "pf_lon": -85.729722, "pf_character": "CSO|DSW", "perm_feature_type_code": "EXO", "pf_state_waterbody_name": "OHIO RIVER", "pf_state_auto_name": "Beargrass Creek", "pf_reach_id": "5140101000175", "in_icis": "YES", "echo_dfr_link": "https://echo.epa.gov/detailed-facility-report?fid=110000759714", "name": "MORRIS FORMAN WQTC MSD", "feature_kind": "CSO outfall"}}, {"type": "Feature", "id": 198, "geometry": {"type": "Point", "coordinates": [-85.7391668968784, 38.2297216581761]}, "properties": {"OBJECTID": 198, "npdes_pfid": "KY0022411174", "npdes_id": "KY0022411", "permitting_state": "KY", "agency_type_code": "ST6", "facility_uin": "110000759714", "facility_name": "MORRIS FORMAN WQTC MSD", "location_address": "4522 ALGONQUIN PKWY", "supplemental_address_text": "", "facility_city": "LOUISVILLE", "county_code": "KY111", "state_code": "KY", "epa_region_code": "04", "facility_type_code": "MWD", "facility_lat": 38.23, "facility_lon": -85.835556, "permit_name": "Morris Forman WQTC MSD", "version_nmbr": 0, "permit_type_code": "NPD", "effective_date": 938736000000, "expiration_date": 1096502400000, "permit_status_code": "ADC", "facility_type_indicator": "POTW", "major_minor_status_flag": "M", "permit_tracking": "Y", "pt_start_date": 938736000000, "dmr_tracking": "Y", "dmr_nr_start_date": 938736000000, "permit_design_flow": 120, "permit_avg_flow": 90.06, "perm_feature_nmbr": "174", "perm_feature_text": "", "pf_lat": 38.229722, "pf_lon": -85.739167, "pf_character": "CSO|DSW", "perm_feature_type_code": "EXO", "pf_state_waterbody_name": "OHIO RIVER", "pf_state_auto_name": "South Fork Beargrass Creek", "pf_reach_id": "5140101000472", "in_icis": "YES", "echo_dfr_link": "https://echo.epa.gov/detailed-facility-report?fid=110000759714", "name": "MORRIS FORMAN WQTC MSD", "feature_kind": "CSO outfall"}}, {"type": "Feature", "id": 199, "geometry": {"type": "Point", "coordinates": [-85.7672221815167, 38.2449996872294]}, "properties": {"OBJECTID": 199, "npdes_pfid": "KY0022411178", "npdes_id": "KY0022411", "permitting_state": "KY", "agency_type_code": "ST6", "facility_uin": "110000759714", "facility_name": "MORRIS FORMAN WQTC MSD", "location_address": "4522 ALGONQUIN PKWY", "supplemental_address_text": "", "facility_city": "LOUISVILLE", "county_code": "KY111", "state_code": "KY", "epa_region_code": "04", "facility_type_code": "MWD", "facility_lat": 38.23, "facility_lon": -85.835556, "permit_name": "Morris Forman WQTC MSD", "version_nmbr": 0, "permit_type_code": "NPD", "effective_date": 938736000000, "expiration_date": 1096502400000, "permit_status_code": "ADC", "facility_type_indicator": "POTW", "major_minor_status_flag": "M", "permit_tracking": "Y", "pt_start_date": 938736000000, "dmr_tracking": "Y", "dmr_nr_start_date": 938736000000, "permit_design_flow": 120, "permit_avg_flow": 90.06, "perm_feature_nmbr": "178", "perm_feature_text": "", "pf_lat": 38.245, "pf_lon": -85.767222, "pf_character": "CSO|DSW", "perm_feature_type_code": "EXO", "pf_state_waterbody_name": "OHIO RIVER", "pf_state_auto_name": "Ohio River", "pf_reach_id": "5140101000008", "in_icis": "YES", "echo_dfr_link": "https://echo.epa.gov/detailed-facility-report?fid=110000759714", "name": "MORRIS FORMAN WQTC MSD", "feature_kind": "CSO outfall"}}, {"type": "Feature", "id": 200, "geometry": {"type": "Point", "coordinates": [-85.743889340327, 38.2372217208284]}, "properties": {"OBJECTID": 200, "npdes_pfid": "KY0022411179", "npdes_id": "KY0022411", "permitting_state": "KY", "agency_type_code": "ST6", "facility_uin": "110000759714", "facility_name": "MORRIS FORMAN WQTC MSD", "location_address": "4522 ALGONQUIN PKWY", "supplemental_address_text": "", "facility_city": "LOUISVILLE", "county_code": "KY111", "state_code": "KY", "epa_region_code": "04", "facility_type_code": "MWD", "facility_lat": 38.23, "facility_lon": -85.835556, "permit_name": "Morris Forman WQTC MSD", "version_nmbr": 0, "permit_type_code": "NPD", "effective_date": 938736000000, "expiration_date": 1096502400000, "permit_status_code": "ADC", "facility_type_indicator": "POTW", "major_minor_status_flag": "M", "permit_tracking": "Y", "pt_start_date": 938736000000, "dmr_tracking": "Y", "dmr_nr_start_date": 938736000000, "permit_design_flow": 120, "permit_avg_flow": 90.06, "perm_feature_nmbr": "179", "perm_feature_text": "", "pf_lat": 38.237222, "pf_lon": -85.743889, "pf_character": "CSO|DSW", "perm_feature_type_code": "EXO", "pf_state_waterbody_name": "OHIO RIVER", "pf_state_auto_name": "South Fork Beargrass Creek", "pf_reach_id": "5140101000472", "in_icis": "YES", "echo_dfr_link": "https://echo.epa.gov/detailed-facility-report?fid=110000759714", "name": "MORRIS FORMAN WQTC MSD", "feature_kind": "CSO outfall"}}, {"type": "Feature", "id": 201, "geometry": {"type": "Point", "coordinates": [-85.7441669197498, 38.2302777153342]}, "properties": {"OBJECTID": 201, "npdes_pfid": "KY0022411180", "npdes_id": "KY0022411", "permitting_state": "KY", "agency_type_code": "ST6", "facility_uin": "110000759714", "facility_name": "MORRIS FORMAN WQTC MSD", "location_address": "4522 ALGONQUIN PKWY", "supplemental_address_text": "", "facility_city": "LOUISVILLE", "county_code": "KY111", "state_code": "KY", "epa_region_code": "04", "facility_type_code": "MWD", "facility_lat": 38.23, "facility_lon": -85.835556, "permit_name": "Morris Forman WQTC MSD", "version_nmbr": 0, "permit_type_code": "NPD", "effective_date": 938736000000, "expiration_date": 1096502400000, "permit_status_code": "ADC", "facility_type_indicator": "POTW", "major_minor_status_flag": "M", "permit_tracking": "Y", "pt_start_date": 938736000000, "dmr_tracking": "Y", "dmr_nr_start_date": 938736000000, "permit_design_flow": 120, "permit_avg_flow": 90.06, "perm_feature_nmbr": "180", "perm_feature_text": "", "pf_lat": 38.230278, "pf_lon": -85.744167, "pf_character": "CSO|DSW", "perm_feature_type_code": "EXO", "pf_state_waterbody_name": "OHIO RIVER", "pf_state_auto_name": "South Fork Beargrass Creek", "pf_reach_id": "5140101000472", "in_icis": "YES", "echo_dfr_link": "https://echo.epa.gov/detailed-facility-report?fid=110000759714", "name": "MORRIS FORMAN WQTC MSD", "feature_kind": "CSO outfall"}}, {"type": "Feature", "id": 202, "geometry": {"type": "Point", "coordinates": [-85.754999703761, 38.245832890632]}, "properties": {"OBJECTID": 202, "npdes_pfid": "KY0022411181", "npdes_id": "KY0022411", "permitting_state": "KY", "agency_type_code": "ST6", "facility_uin": "110000759714", "facility_name": "MORRIS FORMAN WQTC MSD", "location_address": "4522 ALGONQUIN PKWY", "supplemental_address_text": "", "facility_city": "LOUISVILLE", "county_code": "KY111", "state_code": "KY", "epa_region_code": "04", "facility_type_code": "MWD", "facility_lat": 38.23, "facility_lon": -85.835556, "permit_name": "Morris Forman WQTC MSD", "version_nmbr": 0, "permit_type_code": "NPD", "effective_date": 938736000000, "expiration_date": 1096502400000, "permit_status_code": "ADC", "facility_type_indicator": "POTW", "major_minor_status_flag": "M", "permit_tracking": "Y", "pt_start_date": 938736000000, "dmr_tracking": "Y", "dmr_nr_start_date": 938736000000, "permit_design_flow": 120, "permit_avg_flow": 90.06, "perm_feature_nmbr": "181", "perm_feature_text": "", "pf_lat": 38.245833, "pf_lon": -85.755, "pf_character": "CSO|DSW", "perm_feature_type_code": "EXO", "pf_state_waterbody_name": "OHIO RIVER", "pf_state_auto_name": "Ohio River", "pf_reach_id": "5140101000008", "in_icis": "YES", "echo_dfr_link": "https://echo.epa.gov/detailed-facility-report?fid=110000759714", "name": "MORRIS FORMAN WQTC MSD", "feature_kind": "CSO outfall"}}, {"type": "Feature", "id": 203, "geometry": {"type": "Point", "coordinates": [-85.7427781243206, 38.2249999406248]}, "properties": {"OBJECTID": 203, "npdes_pfid": "KY0022411182", "npdes_id": "KY0022411", "permitting_state": "KY", "agency_type_code": "ST6", "facility_uin": "110000759714", "facility_name": "MORRIS FORMAN WQTC MSD", "location_address": "4522 ALGONQUIN PKWY", "supplemental_address_text": "", "facility_city": "LOUISVILLE", "county_code": "KY111", "state_code": "KY", "epa_region_code": "04", "facility_type_code": "MWD", "facility_lat": 38.23, "facility_lon": -85.835556, "permit_name": "Morris Forman WQTC MSD", "version_nmbr": 0, "permit_type_code": "NPD", "effective_date": 938736000000, "expiration_date": 1096502400000, "permit_status_code": "ADC", "facility_type_indicator": "POTW", "major_minor_status_flag": "M", "permit_tracking": "Y", "pt_start_date": 938736000000, "dmr_tracking": "Y", "dmr_nr_start_date": 938736000000, "permit_design_flow": 120, "permit_avg_flow": 90.06, "perm_feature_nmbr": "182", "perm_feature_text": "", "pf_lat": 38.225, "pf_lon": -85.742778, "pf_character": "CSO|DSW", "perm_feature_type_code": "EXO", "pf_state_waterbody_name": "OHIO RIVER", "pf_state_auto_name": "South Fork Beargrass Creek", "pf_reach_id": "5140101000472", "in_icis": "YES", "echo_dfr_link": "https://echo.epa.gov/detailed-facility-report?fid=110000759714", "name": "MORRIS FORMAN WQTC MSD", "feature_kind": "CSO outfall"}}, {"type": "Feature", "id": 204, "geometry": {"type": "Point", "coordinates": [-85.7427781243206, 38.2186109145514]}, "properties": {"OBJECTID": 204, "npdes_pfid": "KY0022411183", "npdes_id": "KY0022411", "permitting_state": "KY", "agency_type_code": "ST6", "facility_uin": "110000759714", "facility_name": "MORRIS FORMAN WQTC MSD", "location_address": "4522 ALGONQUIN PKWY", "supplemental_address_text": "", "facility_city": "LOUISVILLE", "county_code": "KY111", "state_code": "KY", "epa_region_code": "04", "facility_type_code": "MWD", "facility_lat": 38.23, "facility_lon": -85.835556, "permit_name": "Morris Forman WQTC MSD", "version_nmbr": 0, "permit_type_code": "NPD", "effective_date": 938736000000, "expiration_date": 1096502400000, "permit_status_code": "ADC", "facility_type_indicator": "POTW", "major_minor_status_flag": "M", "permit_tracking": "Y", "pt_start_date": 938736000000, "dmr_tracking": "Y", "dmr_nr_start_date": 938736000000, "permit_design_flow": 120, "permit_avg_flow": 90.06, "perm_feature_nmbr": "183", "perm_feature_text": "", "pf_lat": 38.218611, "pf_lon": -85.742778, "pf_character": "CSO|DSW", "perm_feature_type_code": "EXO", "pf_state_waterbody_name": "OHIO RIVER", "pf_state_auto_name": "South Fork Beargrass Creek", "pf_reach_id": "5140101000472", "in_icis": "YES", "echo_dfr_link": "https://echo.epa.gov/detailed-facility-report?fid=110000759714", "name": "MORRIS FORMAN WQTC MSD", "feature_kind": "CSO outfall"}}, {"type": "Feature", "id": 205, "geometry": {"type": "Point", "coordinates": [-85.7411108511532, 38.2169438743344]}, "properties": {"OBJECTID": 205, "npdes_pfid": "KY0022411184", "npdes_id": "KY0022411", "permitting_state": "KY", "agency_type_code": "ST6", "facility_uin": "110000759714", "facility_name": "MORRIS FORMAN WQTC MSD", "location_address": "4522 ALGONQUIN PKWY", "supplemental_address_text": "", "facility_city": "LOUISVILLE", "county_code": "KY111", "state_code": "KY", "epa_region_code": "04", "facility_type_code": "MWD", "facility_lat": 38.23, "facility_lon": -85.835556, "permit_name": "Morris Forman WQTC MSD", "version_nmbr": 0, "permit_type_code": "NPD", "effective_date": 938736000000, "expiration_date": 1096502400000, "permit_status_code": "ADC", "facility_type_indicator": "POTW", "major_minor_status_flag": "M", "permit_tracking": "Y", "pt_start_date": 938736000000, "dmr_tracking": "Y", "dmr_nr_start_date": 938736000000, "permit_design_flow": 120, "permit_avg_flow": 90.06, "perm_feature_nmbr": "184", "perm_feature_text": "", "pf_lat": 38.216944, "pf_lon": -85.741111, "pf_character": "CSO|DSW", "perm_feature_type_code": "EXO", "pf_state_waterbody_name": "OHIO RIVER", "pf_state_auto_name": "South Fork Beargrass Creek", "pf_reach_id": "5140101000472", "in_icis": "YES", "echo_dfr_link": "https://echo.epa.gov/detailed-facility-report?fid=110000759714", "name": "MORRIS FORMAN WQTC MSD", "feature_kind": "CSO outfall"}}, {"type": "Feature", "id": 206, "geometry": {"type": "Point", "coordinates": [-85.743889340327, 38.2180561797522]}, "properties": {"OBJECTID": 206, "npdes_pfid": "KY0022411185", "npdes_id": "KY0022411", "permitting_state": "KY", "agency_type_code": "ST6", "facility_uin": "110000759714", "facility_name": "MORRIS FORMAN WQTC MSD", "location_address": "4522 ALGONQUIN PKWY", "supplemental_address_text": "", "facility_city": "LOUISVILLE", "county_code": "KY111", "state_code": "KY", "epa_region_code": "04", "facility_type_code": "MWD", "facility_lat": 38.23, "facility_lon": -85.835556, "permit_name": "Morris Forman WQTC MSD", "version_nmbr": 0, "permit_type_code": "NPD", "effective_date": 938736000000, "expiration_date": 1096502400000, "permit_status_code": "ADC", "facility_type_indicator": "POTW", "major_minor_status_flag": "M", "permit_tracking": "Y", "pt_start_date": 938736000000, "dmr_tracking": "Y", "dmr_nr_start_date": 938736000000, "permit_design_flow": 120, "permit_avg_flow": 90.06, "perm_feature_nmbr": "185", "perm_feature_text": "", "pf_lat": 38.218056, "pf_lon": -85.743889, "pf_character": "CSO|DSW", "perm_feature_type_code": "EXO", "pf_state_waterbody_name": "OHIO RIVER", "pf_state_auto_name": "South Fork Beargrass Creek", "pf_reach_id": "5140101000472", "in_icis": "YES", "echo_dfr_link": "https://echo.epa.gov/detailed-facility-report?fid=110000759714", "name": "MORRIS FORMAN WQTC MSD", "feature_kind": "CSO outfall"}}, {"type": "Feature", "id": 207, "geometry": {"type": "Point", "coordinates": [-85.7399996351468, 38.2333331312161]}, "properties": {"OBJECTID": 207, "npdes_pfid": "KY0022411186", "npdes_id": "KY0022411", "permitting_state": "KY", "agency_type_code": "ST6", "facility_uin": "110000759714", "facility_name": "MORRIS FORMAN WQTC MSD", "location_address": "4522 ALGONQUIN PKWY", "supplemental_address_text": "", "facility_city": "LOUISVILLE", "county_code": "KY111", "state_code": "KY", "epa_region_code": "04", "facility_type_code": "MWD", "facility_lat": 38.23, "facility_lon": -85.835556, "permit_name": "Morris Forman WQTC MSD", "version_nmbr": 0, "permit_type_code": "NPD", "effective_date": 938736000000, "expiration_date": 1096502400000, "permit_status_code": "ADC", "facility_type_indicator": "POTW", "major_minor_status_flag": "M", "permit_tracking": "Y", "pt_start_date": 938736000000, "dmr_tracking": "Y", "dmr_nr_start_date": 938736000000, "permit_design_flow": 120, "permit_avg_flow": 90.06, "perm_feature_nmbr": "186", "perm_feature_text": "", "pf_lat": 38.233333, "pf_lon": -85.74, "pf_character": "CSO|DSW", "perm_feature_type_code": "EXO", "pf_state_waterbody_name": "OHIO RIVER", "pf_state_auto_name": "South Fork Beargrass Creek", "pf_reach_id": "5140101000472", "in_icis": "YES", "echo_dfr_link": "https://echo.epa.gov/detailed-facility-report?fid=110000759714", "name": "MORRIS FORMAN WQTC MSD", "feature_kind": "CSO outfall"}}, {"type": "Feature", "id": 208, "geometry": {"type": "Point", "coordinates": [-85.7419435894216, 38.2313891112537]}, "properties": {"OBJECTID": 208, "npdes_pfid": "KY0022411187", "npdes_id": "KY0022411", "permitting_state": "KY", "agency_type_code": "ST6", "facility_uin": "110000759714", "facility_name": "MORRIS FORMAN WQTC MSD", "location_address": "4522 ALGONQUIN PKWY", "supplemental_address_text": "", "facility_city": "LOUISVILLE", "county_code": "KY111", "state_code": "KY", "epa_region_code": "04", "facility_type_code": "MWD", "facility_lat": 38.23, "facility_lon": -85.835556, "permit_name": "Morris Forman WQTC MSD", "version_nmbr": 0, "permit_type_code": "NPD", "effective_date": 938736000000, "expiration_date": 1096502400000, "permit_status_code": "ADC", "facility_type_indicator": "POTW", "major_minor_status_flag": "M", "permit_tracking": "Y", "pt_start_date": 938736000000, "dmr_tracking": "Y", "dmr_nr_start_date": 938736000000, "permit_design_flow": 120, "permit_avg_flow": 90.06, "perm_feature_nmbr": "187", "perm_feature_text": "", "pf_lat": 38.231389, "pf_lon": -85.741944, "pf_character": "CSO|DSW", "perm_feature_type_code": "EXO", "pf_state_waterbody_name": "OHIO RIVER", "pf_state_auto_name": "South Fork Beargrass Creek", "pf_reach_id": "5140101000472", "in_icis": "YES", "echo_dfr_link": "https://echo.epa.gov/detailed-facility-report?fid=110000759714", "name": "MORRIS FORMAN WQTC MSD", "feature_kind": "CSO outfall"}}, {"type": "Feature", "id": 209, "geometry": {"type": "Point", "coordinates": [-85.7436108625889, 38.2322217650045]}, "properties": {"OBJECTID": 209, "npdes_pfid": "KY0022411188", "npdes_id": "KY0022411", "permitting_state": "KY", "agency_type_code": "ST6", "facility_uin": "110000759714", "facility_name": "MORRIS FORMAN WQTC MSD", "location_address": "4522 ALGONQUIN PKWY", "supplemental_address_text": "", "facility_city": "LOUISVILLE", "county_code": "KY111", "state_code": "KY", "epa_region_code": "04", "facility_type_code": "MWD", "facility_lat": 38.23, "facility_lon": -85.835556, "permit_name": "Morris Forman WQTC MSD", "version_nmbr": 0, "permit_type_code": "NPD", "effective_date": 938736000000, "expiration_date": 1096502400000, "permit_status_code": "ADC", "facility_type_indicator": "POTW", "major_minor_status_flag": "M", "permit_tracking": "Y", "pt_start_date": 938736000000, "dmr_tracking": "Y", "dmr_nr_start_date": 938736000000, "permit_design_flow": 120, "permit_avg_flow": 90.06, "perm_feature_nmbr": "188", "perm_feature_text": "", "pf_lat": 38.232222, "pf_lon": -85.743611, "pf_character": "CSO|DSW", "perm_feature_type_code": "EXO", "pf_state_waterbody_name": "OHIO RIVER", "pf_state_auto_name": "South Fork Beargrass Creek", "pf_reach_id": "5140101000472", "in_icis": "YES", "echo_dfr_link": "https://echo.epa.gov/detailed-facility-report?fid=110000759714", "name": "MORRIS FORMAN WQTC MSD", "feature_kind": "CSO outfall"}}, {"type": "Feature", "id": 210, "geometry": {"type": "Point", "coordinates": [-85.8272215576583, 38.2552782518264]}, "properties": {"OBJECTID": 210, "npdes_pfid": "KY0022411189", "npdes_id": "KY0022411", "permitting_state": "KY", "agency_type_code": "ST6", "facility_uin": "110000759714", "facility_name": "MORRIS FORMAN WQTC MSD", "location_address": "4522 ALGONQUIN PKWY", "supplemental_address_text": "", "facility_city": "LOUISVILLE", "county_code": "KY111", "state_code": "KY", "epa_region_code": "04", "facility_type_code": "MWD", "facility_lat": 38.23, "facility_lon": -85.835556, "permit_name": "Morris Forman WQTC MSD", "version_nmbr": 0, "permit_type_code": "NPD", "effective_date": 938736000000, "expiration_date": 1096502400000, "permit_status_code": "ADC", "facility_type_indicator": "POTW", "major_minor_status_flag": "M", "permit_tracking": "Y", "pt_start_date": 938736000000, "dmr_tracking": "Y", "dmr_nr_start_date": 938736000000, "permit_design_flow": 120, "permit_avg_flow": 90.06, "perm_feature_nmbr": "189", "perm_feature_text": "", "pf_lat": 38.255278, "pf_lon": -85.827222, "pf_character": "CSO|DSW", "perm_feature_type_code": "EXO", "pf_state_waterbody_name": "OHIO RIVER", "pf_state_auto_name": "Ohio River", "pf_reach_id": "5140101000008", "in_icis": "YES", "echo_dfr_link": "https://echo.epa.gov/detailed-facility-report?fid=110000759714", "name": "MORRIS FORMAN WQTC MSD", "feature_kind": "CSO outfall"}}, {"type": "Feature", "id": 211, "geometry": {"type": "Point", "coordinates": [-85.7747222158238, 38.2644437837866]}, "properties": {"OBJECTID": 211, "npdes_pfid": "KY0022411190", "npdes_id": "KY0022411", "permitting_state": "KY", "agency_type_code": "ST6", "facility_uin": "110000759714", "facility_name": "MORRIS FORMAN WQTC MSD", "location_address": "4522 ALGONQUIN PKWY", "supplemental_address_text": "", "facility_city": "LOUISVILLE", "county_code": "KY111", "state_code": "KY", "epa_region_code": "04", "facility_type_code": "MWD", "facility_lat": 38.23, "facility_lon": -85.835556, "permit_name": "Morris Forman WQTC MSD", "version_nmbr": 0, "permit_type_code": "NPD", "effective_date": 938736000000, "expiration_date": 1096502400000, "permit_status_code": "ADC", "facility_type_indicator": "POTW", "major_minor_status_flag": "M", "permit_tracking": "Y", "pt_start_date": 938736000000, "dmr_tracking": "Y", "dmr_nr_start_date": 938736000000, "permit_design_flow": 120, "permit_avg_flow": 90.06, "perm_feature_nmbr": "190", "perm_feature_text": "", "pf_lat": 38.264444, "pf_lon": -85.774722, "pf_character": "CSO|DSW", "perm_feature_type_code": "EXO", "pf_state_waterbody_name": "OHIO RIVER", "pf_state_auto_name": "Ohio River", "pf_reach_id": "5140101000011", "in_icis": "YES", "echo_dfr_link": "https://echo.epa.gov/detailed-facility-report?fid=110000759714", "name": "MORRIS FORMAN WQTC MSD", "feature_kind": "CSO outfall"}}, {"type": "Feature", "id": 212, "geometry": {"type": "Point", "coordinates": [-85.8236112285315, 38.2211106975227]}, "properties": {"OBJECTID": 212, "npdes_pfid": "KY0022411191", "npdes_id": "KY0022411", "permitting_state": "KY", "agency_type_code": "ST6", "facility_uin": "110000759714", "facility_name": "MORRIS FORMAN WQTC MSD", "location_address": "4522 ALGONQUIN PKWY", "supplemental_address_text": "", "facility_city": "LOUISVILLE", "county_code": "KY111", "state_code": "KY", "epa_region_code": "04", "facility_type_code": "MWD", "facility_lat": 38.23, "facility_lon": -85.835556, "permit_name": "Morris Forman WQTC MSD", "version_nmbr": 0, "permit_type_code": "NPD", "effective_date": 938736000000, "expiration_date": 1096502400000, "permit_status_code": "ADC", "facility_type_indicator": "POTW", "major_minor_status_flag": "M", "permit_tracking": "Y", "pt_start_date": 938736000000, "dmr_tracking": "Y", "dmr_nr_start_date": 938736000000, "permit_design_flow": 120, "permit_avg_flow": 90.06, "perm_feature_nmbr": "191", "perm_feature_text": "", "pf_lat": 38.221111, "pf_lon": -85.823611, "pf_character": "CSO|DSW", "perm_feature_type_code": "EXO", "pf_state_waterbody_name": "OHIO RIVER", "pf_state_auto_name": "Ohio River", "pf_reach_id": "5140101000008", "in_icis": "YES", "echo_dfr_link": "https://echo.epa.gov/detailed-facility-report?fid=110000759714", "name": "MORRIS FORMAN WQTC MSD", "feature_kind": "CSO outfall"}}, {"type": "Feature", "id": 213, "geometry": {"type": "Point", "coordinates": [-85.7627782158062, 38.2411108080431]}, "properties": {"OBJECTID": 213, "npdes_pfid": "KY0022411192", "npdes_id": "KY0022411", "permitting_state": "KY", "agency_type_code": "ST6", "facility_uin": "110000759714", "facility_name": "MORRIS FORMAN WQTC MSD", "location_address": "4522 ALGONQUIN PKWY", "supplemental_address_text": "", "facility_city": "LOUISVILLE", "county_code": "KY111", "state_code": "KY", "epa_region_code": "04", "facility_type_code": "MWD", "facility_lat": 38.23, "facility_lon": -85.835556, "permit_name": "Morris Forman WQTC MSD", "version_nmbr": 0, "permit_type_code": "NPD", "effective_date": 938736000000, "expiration_date": 1096502400000, "permit_status_code": "ADC", "facility_type_indicator": "POTW", "major_minor_status_flag": "M", "permit_tracking": "Y", "pt_start_date": 938736000000, "dmr_tracking": "Y", "dmr_nr_start_date": 938736000000, "permit_design_flow": 120, "permit_avg_flow": 90.06, "perm_feature_nmbr": "192", "perm_feature_text": "", "pf_lat": 38.241111, "pf_lon": -85.762778, "pf_character": "CSO|DSW", "perm_feature_type_code": "EXO", "pf_state_waterbody_name": "OHIO RIVER", "pf_state_auto_name": "Ohio River", "pf_reach_id": "5140101000008", "in_icis": "YES", "echo_dfr_link": "https://echo.epa.gov/detailed-facility-report?fid=110000759714", "name": "MORRIS FORMAN WQTC MSD", "feature_kind": "CSO outfall"}}, {"type": "Feature", "id": 214, "geometry": {"type": "Point", "coordinates": [-85.7627782158062, 38.2400002662596]}, "properties": {"OBJECTID": 214, "npdes_pfid": "KY0022411193", "npdes_id": "KY0022411", "permitting_state": "KY", "agency_type_code": "ST6", "facility_uin": "110000759714", "facility_name": "MORRIS FORMAN WQTC MSD", "location_address": "4522 ALGONQUIN PKWY", "supplemental_address_text": "", "facility_city": "LOUISVILLE", "county_code": "KY111", "state_code": "KY", "epa_region_code": "04", "facility_type_code": "MWD", "facility_lat": 38.23, "facility_lon": -85.835556, "permit_name": "Morris Forman WQTC MSD", "version_nmbr": 0, "permit_type_code": "NPD", "effective_date": 938736000000, "expiration_date": 1096502400000, "permit_status_code": "ADC", "facility_type_indicator": "POTW", "major_minor_status_flag": "M", "permit_tracking": "Y", "pt_start_date": 938736000000, "dmr_tracking": "Y", "dmr_nr_start_date": 938736000000, "permit_design_flow": 120, "permit_avg_flow": 90.06, "perm_feature_nmbr": "193", "perm_feature_text": "", "pf_lat": 38.24, "pf_lon": -85.762778, "pf_character": "CSO|DSW", "perm_feature_type_code": "EXO", "pf_state_waterbody_name": "OHIO RIVER", "pf_state_auto_name": "Ohio River", "pf_reach_id": "5140101000008", "in_icis": "YES", "echo_dfr_link": "https://echo.epa.gov/detailed-facility-report?fid=110000759714", "name": "MORRIS FORMAN WQTC MSD", "feature_kind": "CSO outfall"}}, {"type": "Feature", "id": 215, "geometry": {"type": "Point", "coordinates": [-85.7613894203769, 38.2349997958848]}, "properties": {"OBJECTID": 215, "npdes_pfid": "KY0022411194", "npdes_id": "KY0022411", "permitting_state": "KY", "agency_type_code": "ST6", "facility_uin": "110000759714", "facility_name": "MORRIS FORMAN WQTC MSD", "location_address": "4522 ALGONQUIN PKWY", "supplemental_address_text": "", "facility_city": "LOUISVILLE", "county_code": "KY111", "state_code": "KY", "epa_region_code": "04", "facility_type_code": "MWD", "facility_lat": 38.23, "facility_lon": -85.835556, "permit_name": "Morris Forman WQTC MSD", "version_nmbr": 0, "permit_type_code": "NPD", "effective_date": 938736000000, "expiration_date": 1096502400000, "permit_status_code": "ADC", "facility_type_indicator": "POTW", "major_minor_status_flag": "M", "permit_tracking": "Y", "pt_start_date": 938736000000, "dmr_tracking": "Y", "dmr_nr_start_date": 938736000000, "permit_design_flow": 120, "permit_avg_flow": 90.06, "perm_feature_nmbr": "194", "perm_feature_text": "", "pf_lat": 38.235, "pf_lon": -85.761389, "pf_character": "CSO|DSW", "perm_feature_type_code": "EXO", "pf_state_waterbody_name": "OHIO RIVER", "pf_state_auto_name": "Ohio River", "pf_reach_id": "5140101000008", "in_icis": "YES", "echo_dfr_link": "https://echo.epa.gov/detailed-facility-report?fid=110000759714", "name": "MORRIS FORMAN WQTC MSD", "feature_kind": "CSO outfall"}}, {"type": "Feature", "id": 216, "geometry": {"type": "Point", "coordinates": [-85.7602782043705, 38.2349997958848]}, "properties": {"OBJECTID": 216, "npdes_pfid": "KY0022411195", "npdes_id": "KY0022411", "permitting_state": "KY", "agency_type_code": "ST6", "facility_uin": "110000759714", "facility_name": "MORRIS FORMAN WQTC MSD", "location_address": "4522 ALGONQUIN PKWY", "supplemental_address_text": "", "facility_city": "LOUISVILLE", "county_code": "KY111", "state_code": "KY", "epa_region_code": "04", "facility_type_code": "MWD", "facility_lat": 38.23, "facility_lon": -85.835556, "permit_name": "Morris Forman WQTC MSD", "version_nmbr": 0, "permit_type_code": "NPD", "effective_date": 938736000000, "expiration_date": 1096502400000, "permit_status_code": "ADC", "facility_type_indicator": "POTW", "major_minor_status_flag": "M", "permit_tracking": "Y", "pt_start_date": 938736000000, "dmr_tracking": "Y", "dmr_nr_start_date": 938736000000, "permit_design_flow": 120, "permit_avg_flow": 90.06, "perm_feature_nmbr": "195", "perm_feature_text": "", "pf_lat": 38.235, "pf_lon": -85.760278, "pf_character": "CSO|DSW", "perm_feature_type_code": "EXO", "pf_state_waterbody_name": "OHIO RIVER", "pf_state_auto_name": "Ohio River", "pf_reach_id": "5140101000008", "in_icis": "YES", "echo_dfr_link": "https://echo.epa.gov/detailed-facility-report?fid=110000759714", "name": "MORRIS FORMAN WQTC MSD", "feature_kind": "CSO outfall"}}, {"type": "Feature", "id": 217, "geometry": {"type": "Point", "coordinates": [-85.7586109312032, 38.2347217858892]}, "properties": {"OBJECTID": 217, "npdes_pfid": "KY0022411196", "npdes_id": "KY0022411", "permitting_state": "KY", "agency_type_code": "ST6", "facility_uin": "110000759714", "facility_name": "MORRIS FORMAN WQTC MSD", "location_address": "4522 ALGONQUIN PKWY", "supplemental_address_text": "", "facility_city": "LOUISVILLE", "county_code": "KY111", "state_code": "KY", "epa_region_code": "04", "facility_type_code": "MWD", "facility_lat": 38.23, "facility_lon": -85.835556, "permit_name": "Morris Forman WQTC MSD", "version_nmbr": 0, "permit_type_code": "NPD", "effective_date": 938736000000, "expiration_date": 1096502400000, "permit_status_code": "ADC", "facility_type_indicator": "POTW", "major_minor_status_flag": "M", "permit_tracking": "Y", "pt_start_date": 938736000000, "dmr_tracking": "Y", "dmr_nr_start_date": 938736000000, "permit_design_flow": 120, "permit_avg_flow": 90.06, "perm_feature_nmbr": "196", "perm_feature_text": "", "pf_lat": 38.234722, "pf_lon": -85.758611, "pf_character": "CSO|DSW", "perm_feature_type_code": "EXO", "pf_state_waterbody_name": "OHIO RIVER", "pf_state_auto_name": "Mill Creek", "pf_reach_id": "5140101000484", "in_icis": "YES", "echo_dfr_link": "https://echo.epa.gov/detailed-facility-report?fid=110000759714", "name": "MORRIS FORMAN WQTC MSD", "feature_kind": "CSO outfall"}}, {"type": "Feature", "id": 218, "geometry": {"type": "Point", "coordinates": [-85.7588894089412, 38.2341671739411]}, "properties": {"OBJECTID": 218, "npdes_pfid": "KY0022411197", "npdes_id": "KY0022411", "permitting_state": "KY", "agency_type_code": "ST6", "facility_uin": "110000759714", "facility_name": "MORRIS FORMAN WQTC MSD", "location_address": "4522 ALGONQUIN PKWY", "supplemental_address_text": "", "facility_city": "LOUISVILLE", "county_code": "KY111", "state_code": "KY", "epa_region_code": "04", "facility_type_code": "MWD", "facility_lat": 38.23, "facility_lon": -85.835556, "permit_name": "Morris Forman WQTC MSD", "version_nmbr": 0, "permit_type_code": "NPD", "effective_date": 938736000000, "expiration_date": 1096502400000, "permit_status_code": "ADC", "facility_type_indicator": "POTW", "major_minor_status_flag": "M", "permit_tracking": "Y", "pt_start_date": 938736000000, "dmr_tracking": "Y", "dmr_nr_start_date": 938736000000, "permit_design_flow": 120, "permit_avg_flow": 90.06, "perm_feature_nmbr": "197", "perm_feature_text": "", "pf_lat": 38.234167, "pf_lon": -85.758889, "pf_character": "CSO|DSW", "perm_feature_type_code": "EXO", "pf_state_waterbody_name": "OHIO RIVER", "pf_state_auto_name": "Mill Creek", "pf_reach_id": "5140101000484", "in_icis": "YES", "echo_dfr_link": "https://echo.epa.gov/detailed-facility-report?fid=110000759714", "name": "MORRIS FORMAN WQTC MSD", "feature_kind": "CSO outfall"}}, {"type": "Feature", "id": 219, "geometry": {"type": "Point", "coordinates": [-85.7588894089412, 38.2327778030479]}, "properties": {"OBJECTID": 219, "npdes_pfid": "KY0022411198", "npdes_id": "KY0022411", "permitting_state": "KY", "agency_type_code": "ST6", "facility_uin": "110000759714", "facility_name": "MORRIS FORMAN WQTC MSD", "location_address": "4522 ALGONQUIN PKWY", "supplemental_address_text": "", "facility_city": "LOUISVILLE", "county_code": "KY111", "state_code": "KY", "epa_region_code": "04", "facility_type_code": "MWD", "facility_lat": 38.23, "facility_lon": -85.835556, "permit_name": "Morris Forman WQTC MSD", "version_nmbr": 0, "permit_type_code": "NPD", "effective_date": 938736000000, "expiration_date": 1096502400000, "permit_status_code": "ADC", "facility_type_indicator": "POTW", "major_minor_status_flag": "M", "permit_tracking": "Y", "pt_start_date": 938736000000, "dmr_tracking": "Y", "dmr_nr_start_date": 938736000000, "permit_design_flow": 120, "permit_avg_flow": 90.06, "perm_feature_nmbr": "198", "perm_feature_text": "", "pf_lat": 38.232778, "pf_lon": -85.758889, "pf_character": "CSO|DSW", "perm_feature_type_code": "EXO", "pf_state_waterbody_name": "OHIO RIVER", "pf_state_auto_name": "Mill Creek", "pf_reach_id": "5140101000484", "in_icis": "YES", "echo_dfr_link": "https://echo.epa.gov/detailed-facility-report?fid=110000759714", "name": "MORRIS FORMAN WQTC MSD", "feature_kind": "CSO outfall"}}, {"type": "Feature", "id": 220, "geometry": {"type": "Point", "coordinates": [-85.7594436694715, 38.2302777153342]}, "properties": {"OBJECTID": 220, "npdes_pfid": "KY0022411199", "npdes_id": "KY0022411", "permitting_state": "KY", "agency_type_code": "ST6", "facility_uin": "110000759714", "facility_name": "MORRIS FORMAN WQTC MSD", "location_address": "4522 ALGONQUIN PKWY", "supplemental_address_text": "", "facility_city": "LOUISVILLE", "county_code": "KY111", "state_code": "KY", "epa_region_code": "04", "facility_type_code": "MWD", "facility_lat": 38.23, "facility_lon": -85.835556, "permit_name": "Morris Forman WQTC MSD", "version_nmbr": 0, "permit_type_code": "NPD", "effective_date": 938736000000, "expiration_date": 1096502400000, "permit_status_code": "ADC", "facility_type_indicator": "POTW", "major_minor_status_flag": "M", "permit_tracking": "Y", "pt_start_date": 938736000000, "dmr_tracking": "Y", "dmr_nr_start_date": 938736000000, "permit_design_flow": 120, "permit_avg_flow": 90.06, "perm_feature_nmbr": "199", "perm_feature_text": "", "pf_lat": 38.230278, "pf_lon": -85.759444, "pf_character": "CSO|DSW", "perm_feature_type_code": "EXO", "pf_state_waterbody_name": "OHIO RIVER", "pf_state_auto_name": "Mill Creek", "pf_reach_id": "5140101000484", "in_icis": "YES", "echo_dfr_link": "https://echo.epa.gov/detailed-facility-report?fid=110000759714", "name": "MORRIS FORMAN WQTC MSD", "feature_kind": "CSO outfall"}}, {"type": "Feature", "id": 221, "geometry": {"type": "Point", "coordinates": [-85.7597221472096, 38.2291670080956]}, "properties": {"OBJECTID": 221, "npdes_pfid": "KY0022411200", "npdes_id": "KY0022411", "permitting_state": "KY", "agency_type_code": "ST6", "facility_uin": "110000759714", "facility_name": "MORRIS FORMAN WQTC MSD", "location_address": "4522 ALGONQUIN PKWY", "supplemental_address_text": "", "facility_city": "LOUISVILLE", "county_code": "KY111", "state_code": "KY", "epa_region_code": "04", "facility_type_code": "MWD", "facility_lat": 38.23, "facility_lon": -85.835556, "permit_name": "Morris Forman WQTC MSD", "version_nmbr": 0, "permit_type_code": "NPD", "effective_date": 938736000000, "expiration_date": 1096502400000, "permit_status_code": "ADC", "facility_type_indicator": "POTW", "major_minor_status_flag": "M", "permit_tracking": "Y", "pt_start_date": 938736000000, "dmr_tracking": "Y", "dmr_nr_start_date": 938736000000, "permit_design_flow": 120, "permit_avg_flow": 90.06, "perm_feature_nmbr": "200", "perm_feature_text": "", "pf_lat": 38.229167, "pf_lon": -85.759722, "pf_character": "CSO|DSW", "perm_feature_type_code": "EXO", "pf_state_waterbody_name": "OHIO RIVER", "pf_state_auto_name": "Mill Creek", "pf_reach_id": "5140101000484", "in_icis": "YES", "echo_dfr_link": "https://echo.epa.gov/detailed-facility-report?fid=110000759714", "name": "MORRIS FORMAN WQTC MSD", "feature_kind": "CSO outfall"}}, {"type": "Feature", "id": 222, "geometry": {"type": "Point", "coordinates": [-85.7605557837933, 38.2391669960062]}, "properties": {"OBJECTID": 222, "npdes_pfid": "KY0022411201", "npdes_id": "KY0022411", "permitting_state": "KY", "agency_type_code": "ST6", "facility_uin": "110000759714", "facility_name": "MORRIS FORMAN WQTC MSD", "location_address": "4522 ALGONQUIN PKWY", "supplemental_address_text": "", "facility_city": "LOUISVILLE", "county_code": "KY111", "state_code": "KY", "epa_region_code": "04", "facility_type_code": "MWD", "facility_lat": 38.23, "facility_lon": -85.835556, "permit_name": "Morris Forman WQTC MSD", "version_nmbr": 0, "permit_type_code": "NPD", "effective_date": 938736000000, "expiration_date": 1096502400000, "permit_status_code": "ADC", "facility_type_indicator": "POTW", "major_minor_status_flag": "M", "permit_tracking": "Y", "pt_start_date": 938736000000, "dmr_tracking": "Y", "dmr_nr_start_date": 938736000000, "permit_design_flow": 120, "permit_avg_flow": 90.06, "perm_feature_nmbr": "201", "perm_feature_text": "", "pf_lat": 38.239167, "pf_lon": -85.760556, "pf_character": "CSO|DSW", "perm_feature_type_code": "EXO", "pf_state_waterbody_name": "OHIO RIVER", "pf_state_auto_name": "Ohio River", "pf_reach_id": "5140101000008", "in_icis": "YES", "echo_dfr_link": "https://echo.epa.gov/detailed-facility-report?fid=110000759714", "name": "MORRIS FORMAN WQTC MSD", "feature_kind": "CSO outfall"}}, {"type": "Feature", "id": 223, "geometry": {"type": "Point", "coordinates": [-85.7597221472096, 38.2327778030479]}, "properties": {"OBJECTID": 223, "npdes_pfid": "KY0022411202", "npdes_id": "KY0022411", "permitting_state": "KY", "agency_type_code": "ST6", "facility_uin": "110000759714", "facility_name": "MORRIS FORMAN WQTC MSD", "location_address": "4522 ALGONQUIN PKWY", "supplemental_address_text": "", "facility_city": "LOUISVILLE", "county_code": "KY111", "state_code": "KY", "epa_region_code": "04", "facility_type_code": "MWD", "facility_lat": 38.23, "facility_lon": -85.835556, "permit_name": "Morris Forman WQTC MSD", "version_nmbr": 0, "permit_type_code": "NPD", "effective_date": 938736000000, "expiration_date": 1096502400000, "permit_status_code": "ADC", "facility_type_indicator": "POTW", "major_minor_status_flag": "M", "permit_tracking": "Y", "pt_start_date": 938736000000, "dmr_tracking": "Y", "dmr_nr_start_date": 938736000000, "permit_design_flow": 120, "permit_avg_flow": 90.06, "perm_feature_nmbr": "202", "perm_feature_text": "", "pf_lat": 38.232778, "pf_lon": -85.759722, "pf_character": "CSO|DSW", "perm_feature_type_code": "EXO", "pf_state_waterbody_name": "OHIO RIVER", "pf_state_auto_name": "Mill Creek", "pf_reach_id": "5140101000484", "in_icis": "YES", "echo_dfr_link": "https://echo.epa.gov/detailed-facility-report?fid=110000759714", "name": "MORRIS FORMAN WQTC MSD", "feature_kind": "CSO outfall"}}, {"type": "Feature", "id": 224, "geometry": {"type": "Point", "coordinates": [-85.7608333632161, 38.2327778030479]}, "properties": {"OBJECTID": 224, "npdes_pfid": "KY0022411203", "npdes_id": "KY0022411", "permitting_state": "KY", "agency_type_code": "ST6", "facility_uin": "110000759714", "facility_name": "MORRIS FORMAN WQTC MSD", "location_address": "4522 ALGONQUIN PKWY", "supplemental_address_text": "", "facility_city": "LOUISVILLE", "county_code": "KY111", "state_code": "KY", "epa_region_code": "04", "facility_type_code": "MWD", "facility_lat": 38.23, "facility_lon": -85.835556, "permit_name": "Morris Forman WQTC MSD", "version_nmbr": 0, "permit_type_code": "NPD", "effective_date": 938736000000, "expiration_date": 1096502400000, "permit_status_code": "ADC", "facility_type_indicator": "POTW", "major_minor_status_flag": "M", "permit_tracking": "Y", "pt_start_date": 938736000000, "dmr_tracking": "Y", "dmr_nr_start_date": 938736000000, "permit_design_flow": 120, "permit_avg_flow": 90.06, "perm_feature_nmbr": "203", "perm_feature_text": "", "pf_lat": 38.232778, "pf_lon": -85.760833, "pf_character": "CSO|DSW", "perm_feature_type_code": "EXO", "pf_state_waterbody_name": "OHIO RIVER", "pf_state_auto_name": "Mill Creek", "pf_reach_id": "5140101000484", "in_icis": "YES", "echo_dfr_link": "https://echo.epa.gov/detailed-facility-report?fid=110000759714", "name": "MORRIS FORMAN WQTC MSD", "feature_kind": "CSO outfall"}}, {"type": "Feature", "id": 225, "geometry": {"type": "Point", "coordinates": [-85.7605557837933, 38.2419440560186]}, "properties": {"OBJECTID": 225, "npdes_pfid": "KY0022411204", "npdes_id": "KY0022411", "permitting_state": "KY", "agency_type_code": "ST6", "facility_uin": "110000759714", "facility_name": "MORRIS FORMAN WQTC MSD", "location_address": "4522 ALGONQUIN PKWY", "supplemental_address_text": "", "facility_city": "LOUISVILLE", "county_code": "KY111", "state_code": "KY", "epa_region_code": "04", "facility_type_code": "MWD", "facility_lat": 38.23, "facility_lon": -85.835556, "permit_name": "Morris Forman WQTC MSD", "version_nmbr": 0, "permit_type_code": "NPD", "effective_date": 938736000000, "expiration_date": 1096502400000, "permit_status_code": "ADC", "facility_type_indicator": "POTW", "major_minor_status_flag": "M", "permit_tracking": "Y", "pt_start_date": 938736000000, "dmr_tracking": "Y", "dmr_nr_start_date": 938736000000, "permit_design_flow": 120, "permit_avg_flow": 90.06, "perm_feature_nmbr": "204", "perm_feature_text": "", "pf_lat": 38.241944, "pf_lon": -85.760556, "pf_character": "CSO|DSW", "perm_feature_type_code": "EXO", "pf_state_waterbody_name": "OHIO RIVER", "pf_state_auto_name": "Ohio River", "pf_reach_id": "5140101000008", "in_icis": "YES", "echo_dfr_link": "https://echo.epa.gov/detailed-facility-report?fid=110000759714", "name": "MORRIS FORMAN WQTC MSD", "feature_kind": "CSO outfall"}}, {"type": "Feature", "id": 226, "geometry": {"type": "Point", "coordinates": [-85.7416669083141, 38.2225002912861]}, "properties": {"OBJECTID": 226, "npdes_pfid": "KY0022411205", "npdes_id": "KY0022411", "permitting_state": "KY", "agency_type_code": "ST6", "facility_uin": "110000759714", "facility_name": "MORRIS FORMAN WQTC MSD", "location_address": "4522 ALGONQUIN PKWY", "supplemental_address_text": "", "facility_city": "LOUISVILLE", "county_code": "KY111", "state_code": "KY", "epa_region_code": "04", "facility_type_code": "MWD", "facility_lat": 38.23, "facility_lon": -85.835556, "permit_name": "Morris Forman WQTC MSD", "version_nmbr": 0, "permit_type_code": "NPD", "effective_date": 938736000000, "expiration_date": 1096502400000, "permit_status_code": "ADC", "facility_type_indicator": "POTW", "major_minor_status_flag": "M", "permit_tracking": "Y", "pt_start_date": 938736000000, "dmr_tracking": "Y", "dmr_nr_start_date": 938736000000, "permit_design_flow": 120, "permit_avg_flow": 90.06, "perm_feature_nmbr": "205", "perm_feature_text": "", "pf_lat": 38.2225, "pf_lon": -85.741667, "pf_character": "CSO|DSW", "perm_feature_type_code": "EXO", "pf_state_waterbody_name": "OHIO RIVER", "pf_state_auto_name": "South Fork Beargrass Creek", "pf_reach_id": "5140101000472", "in_icis": "YES", "echo_dfr_link": "https://echo.epa.gov/detailed-facility-report?fid=110000759714", "name": "MORRIS FORMAN WQTC MSD", "feature_kind": "CSO outfall"}}, {"type": "Feature", "id": 227, "geometry": {"type": "Point", "coordinates": [-85.6961106453106, 38.2333331312161]}, "properties": {"OBJECTID": 227, "npdes_pfid": "KY0022411206", "npdes_id": "KY0022411", "permitting_state": "KY", "agency_type_code": "ST6", "facility_uin": "110000759714", "facility_name": "MORRIS FORMAN WQTC MSD", "location_address": "4522 ALGONQUIN PKWY", "supplemental_address_text": "", "facility_city": "LOUISVILLE", "county_code": "KY111", "state_code": "KY", "epa_region_code": "04", "facility_type_code": "MWD", "facility_lat": 38.23, "facility_lon": -85.835556, "permit_name": "Morris Forman WQTC MSD", "version_nmbr": 0, "permit_type_code": "NPD", "effective_date": 938736000000, "expiration_date": 1096502400000, "permit_status_code": "ADC", "facility_type_indicator": "POTW", "major_minor_status_flag": "M", "permit_tracking": "Y", "pt_start_date": 938736000000, "dmr_tracking": "Y", "dmr_nr_start_date": 938736000000, "permit_design_flow": 120, "permit_avg_flow": 90.06, "perm_feature_nmbr": "206", "perm_feature_text": "", "pf_lat": 38.233333, "pf_lon": -85.696111, "pf_character": "CSO|DSW", "perm_feature_type_code": "EXO", "pf_state_waterbody_name": "OHIO RIVER", "pf_state_auto_name": "Middle Fork Beargrass Creek", "pf_reach_id": "5140101000475", "in_icis": "YES", "echo_dfr_link": "https://echo.epa.gov/detailed-facility-report?fid=110000759714", "name": "MORRIS FORMAN WQTC MSD", "feature_kind": "CSO outfall"}}, {"type": "Feature", "id": 228, "geometry": {"type": "Point", "coordinates": [-85.7536109083318, 38.2536113465964]}, "properties": {"OBJECTID": 228, "npdes_pfid": "KY0022411207", "npdes_id": "KY0022411", "permitting_state": "KY", "agency_type_code": "ST6", "facility_uin": "110000759714", "facility_name": "MORRIS FORMAN WQTC MSD", "location_address": "4522 ALGONQUIN PKWY", "supplemental_address_text": "", "facility_city": "LOUISVILLE", "county_code": "KY111", "state_code": "KY", "epa_region_code": "04", "facility_type_code": "MWD", "facility_lat": 38.23, "facility_lon": -85.835556, "permit_name": "Morris Forman WQTC MSD", "version_nmbr": 0, "permit_type_code": "NPD", "effective_date": 938736000000, "expiration_date": 1096502400000, "permit_status_code": "ADC", "facility_type_indicator": "POTW", "major_minor_status_flag": "M", "permit_tracking": "Y", "pt_start_date": 938736000000, "dmr_tracking": "Y", "dmr_nr_start_date": 938736000000, "permit_design_flow": 120, "permit_avg_flow": 90.06, "perm_feature_nmbr": "207", "perm_feature_text": "", "pf_lat": 38.253611, "pf_lon": -85.753611, "pf_character": "CSO|DSW", "perm_feature_type_code": "EXO", "pf_state_waterbody_name": "OHIO RIVER", "pf_state_auto_name": "Ohio River", "pf_reach_id": "5140101000008", "in_icis": "YES", "echo_dfr_link": "https://echo.epa.gov/detailed-facility-report?fid=110000759714", "name": "MORRIS FORMAN WQTC MSD", "feature_kind": "CSO outfall"}}, {"type": "Feature", "id": 229, "geometry": {"type": "Point", "coordinates": [-85.7702782501133, 38.2552782518264]}, "properties": {"OBJECTID": 229, "npdes_pfid": "KY0022411208", "npdes_id": "KY0022411", "permitting_state": "KY", "agency_type_code": "ST6", "facility_uin": "110000759714", "facility_name": "MORRIS FORMAN WQTC MSD", "location_address": "4522 ALGONQUIN PKWY", "supplemental_address_text": "", "facility_city": "LOUISVILLE", "county_code": "KY111", "state_code": "KY", "epa_region_code": "04", "facility_type_code": "MWD", "facility_lat": 38.23, "facility_lon": -85.835556, "permit_name": "Morris Forman WQTC MSD", "version_nmbr": 0, "permit_type_code": "NPD", "effective_date": 938736000000, "expiration_date": 1096502400000, "permit_status_code": "ADC", "facility_type_indicator": "POTW", "major_minor_status_flag": "M", "permit_tracking": "Y", "pt_start_date": 938736000000, "dmr_tracking": "Y", "dmr_nr_start_date": 938736000000, "permit_design_flow": 120, "permit_avg_flow": 90.06, "perm_feature_nmbr": "208", "perm_feature_text": "", "pf_lat": 38.255278, "pf_lon": -85.770278, "pf_character": "CSO|DSW", "perm_feature_type_code": "EXO", "pf_state_waterbody_name": "OHIO RIVER", "pf_state_auto_name": "Ohio River", "pf_reach_id": "5140101000011", "in_icis": "YES", "echo_dfr_link": "https://echo.epa.gov/detailed-facility-report?fid=110000759714", "name": "MORRIS FORMAN WQTC MSD", "feature_kind": "CSO outfall"}}, {"type": "Feature", "id": 230, "geometry": {"type": "Point", "coordinates": [-85.6961106453106, 38.2333331312161]}, "properties": {"OBJECTID": 230, "npdes_pfid": "KY0022411209", "npdes_id": "KY0022411", "permitting_state": "KY", "agency_type_code": "ST6", "facility_uin": "110000759714", "facility_name": "MORRIS FORMAN WQTC MSD", "location_address": "4522 ALGONQUIN PKWY", "supplemental_address_text": "", "facility_city": "LOUISVILLE", "county_code": "KY111", "state_code": "KY", "epa_region_code": "04", "facility_type_code": "MWD", "facility_lat": 38.23, "facility_lon": -85.835556, "permit_name": "Morris Forman WQTC MSD", "version_nmbr": 0, "permit_type_code": "NPD", "effective_date": 938736000000, "expiration_date": 1096502400000, "permit_status_code": "ADC", "facility_type_indicator": "POTW", "major_minor_status_flag": "M", "permit_tracking": "Y", "pt_start_date": 938736000000, "dmr_tracking": "Y", "dmr_nr_start_date": 938736000000, "permit_design_flow": 120, "permit_avg_flow": 90.06, "perm_feature_nmbr": "209", "perm_feature_text": "", "pf_lat": 38.233333, "pf_lon": -85.696111, "pf_character": "CSO|DSW", "perm_feature_type_code": "EXO", "pf_state_waterbody_name": "OHIO RIVER", "pf_state_auto_name": "Middle Fork Beargrass Creek", "pf_reach_id": "5140101000475", "in_icis": "YES", "echo_dfr_link": "https://echo.epa.gov/detailed-facility-report?fid=110000759714", "name": "MORRIS FORMAN WQTC MSD", "feature_kind": "CSO outfall"}}, {"type": "Feature", "id": 231, "geometry": {"type": "Point", "coordinates": [-85.6950003276194, 38.2372217208284]}, "properties": {"OBJECTID": 231, "npdes_pfid": "KY0022411210", "npdes_id": "KY0022411", "permitting_state": "KY", "agency_type_code": "ST6", "facility_uin": "110000759714", "facility_name": "MORRIS FORMAN WQTC MSD", "location_address": "4522 ALGONQUIN PKWY", "supplemental_address_text": "", "facility_city": "LOUISVILLE", "county_code": "KY111", "state_code": "KY", "epa_region_code": "04", "facility_type_code": "MWD", "facility_lat": 38.23, "facility_lon": -85.835556, "permit_name": "Morris Forman WQTC MSD", "version_nmbr": 0, "permit_type_code": "NPD", "effective_date": 938736000000, "expiration_date": 1096502400000, "permit_status_code": "ADC", "facility_type_indicator": "POTW", "major_minor_status_flag": "M", "permit_tracking": "Y", "pt_start_date": 938736000000, "dmr_tracking": "Y", "dmr_nr_start_date": 938736000000, "permit_design_flow": 120, "permit_avg_flow": 90.06, "perm_feature_nmbr": "210", "perm_feature_text": "", "pf_lat": 38.237222, "pf_lon": -85.695, "pf_character": "CSO|DSW", "perm_feature_type_code": "EXO", "pf_state_waterbody_name": "OHIO RIVER", "pf_state_auto_name": "Middle Fork Beargrass Creek", "pf_reach_id": "5140101000475", "in_icis": "YES", "echo_dfr_link": "https://echo.epa.gov/detailed-facility-report?fid=110000759714", "name": "MORRIS FORMAN WQTC MSD", "feature_kind": "CSO outfall"}}, {"type": "Feature", "id": 232, "geometry": {"type": "Point", "coordinates": [-88.640556381311, 37.0900002711041]}, "properties": {"OBJECTID": 232, "npdes_pfid": "KY0022799002", "npdes_id": "KY0022799", "permitting_state": "KY", "agency_type_code": "ST6", "facility_uin": "110009957671", "facility_name": "PADUCAH/MCCRACKEN COUNTY JSA - PADUCAH", "location_address": "601 NORTHVIEW ST", "supplemental_address_text": "", "facility_city": "PADUCAH", "county_code": "KY145", "state_code": "KY", "epa_region_code": "04", "facility_type_code": "MWD", "facility_lat": 37.097778, "facility_lon": -88.6175, "permit_name": "Paducah/McCracken County JSA - Paducah", "version_nmbr": 0, "permit_type_code": "NPD", "effective_date": 1193875200000, "expiration_date": 1351641600000, "permit_status_code": "ADC", "facility_type_indicator": "POTW", "major_minor_status_flag": "M", "permit_tracking": "Y", "pt_start_date": 1193875200000, "dmr_tracking": "Y", "dmr_nr_start_date": 1193875200000, "permit_design_flow": 9, "permit_avg_flow": 8.298, "perm_feature_nmbr": "002", "perm_feature_text": "", "pf_lat": 37.09, "pf_lon": -88.640556, "pf_character": "CSO|DSW", "perm_feature_type_code": "EXO", "pf_state_waterbody_name": "OHIO RIVER", "pf_state_auto_name": "Perkins Creek", "pf_reach_id": "5140206000085", "in_icis": "YES", "echo_dfr_link": "https://echo.epa.gov/detailed-facility-report?fid=110009957671", "name": "PADUCAH/MCCRACKEN COUNTY JSA - PADUCAH", "feature_kind": "CSO outfall"}}, {"type": "Feature", "id": 233, "geometry": {"type": "Point", "coordinates": [-88.6152777892159, 37.0972223004317]}, "properties": {"OBJECTID": 233, "npdes_pfid": "KY0022799003", "npdes_id": "KY0022799", "permitting_state": "KY", "agency_type_code": "ST6", "facility_uin": "110009957671", "facility_name": "PADUCAH/MCCRACKEN COUNTY JSA - PADUCAH", "location_address": "601 NORTHVIEW ST", "supplemental_address_text": "", "facility_city": "PADUCAH", "county_code": "KY145", "state_code": "KY", "epa_region_code": "04", "facility_type_code": "MWD", "facility_lat": 37.097778, "facility_lon": -88.6175, "permit_name": "Paducah/McCracken County JSA - Paducah", "version_nmbr": 0, "permit_type_code": "NPD", "effective_date": 1193875200000, "expiration_date": 1351641600000, "permit_status_code": "ADC", "facility_type_indicator": "POTW", "major_minor_status_flag": "M", "permit_tracking": "Y", "pt_start_date": 1193875200000, "dmr_tracking": "Y", "dmr_nr_start_date": 1193875200000, "permit_design_flow": 9, "permit_avg_flow": 8.298, "perm_feature_nmbr": "003", "perm_feature_text": "", "pf_lat": 37.097222, "pf_lon": -88.615278, "pf_character": "CSO|DSW", "perm_feature_type_code": "EXO", "pf_state_waterbody_name": "OHIO RIVER", "pf_state_auto_name": "Ohio River", "pf_reach_id": "5140206001085", "in_icis": "YES", "echo_dfr_link": "https://echo.epa.gov/detailed-facility-report?fid=110009957671", "name": "PADUCAH/MCCRACKEN COUNTY JSA - PADUCAH", "feature_kind": "CSO outfall"}}, {"type": "Feature", "id": 234, "geometry": {"type": "Point", "coordinates": [-88.6000001411789, 37.0922223419263]}, "properties": {"OBJECTID": 234, "npdes_pfid": "KY0022799004", "npdes_id": "KY0022799", "permitting_state": "KY", "agency_type_code": "ST6", "facility_uin": "110009957671", "facility_name": "PADUCAH/MCCRACKEN COUNTY JSA - PADUCAH", "location_address": "601 NORTHVIEW ST", "supplemental_address_text": "", "facility_city": "PADUCAH", "county_code": "KY145", "state_code": "KY", "epa_region_code": "04", "facility_type_code": "MWD", "facility_lat": 37.097778, "facility_lon": -88.6175, "permit_name": "Paducah/McCracken County JSA - Paducah", "version_nmbr": 0, "permit_type_code": "NPD", "effective_date": 1193875200000, "expiration_date": 1351641600000, "permit_status_code": "ADC", "facility_type_indicator": "POTW", "major_minor_status_flag": "M", "permit_tracking": "Y", "pt_start_date": 1193875200000, "dmr_tracking": "Y", "dmr_nr_start_date": 1193875200000, "permit_design_flow": 9, "permit_avg_flow": 8.298, "perm_feature_nmbr": "004", "perm_feature_text": "", "pf_lat": 37.092222, "pf_lon": -88.6, "pf_character": "CSO|DSW", "perm_feature_type_code": "EXO", "pf_state_waterbody_name": "OHIO RIVER", "pf_state_auto_name": "Ohio River", "pf_reach_id": "5140206001085", "in_icis": "YES", "echo_dfr_link": "https://echo.epa.gov/detailed-facility-report?fid=110009957671", "name": "PADUCAH/MCCRACKEN COUNTY JSA - PADUCAH", "feature_kind": "CSO outfall"}}, {"type": "Feature", "id": 235, "geometry": {"type": "Point", "coordinates": [-88.5888888794296, 37.0755562977721]}, "properties": {"OBJECTID": 235, "npdes_pfid": "KY0022799006", "npdes_id": "KY0022799", "permitting_state": "KY", "agency_type_code": "ST6", "facility_uin": "110009957671", "facility_name": "PADUCAH/MCCRACKEN COUNTY JSA - PADUCAH", "location_address": "601 NORTHVIEW ST", "supplemental_address_text": "", "facility_city": "PADUCAH", "county_code": "KY145", "state_code": "KY", "epa_region_code": "04", "facility_type_code": "MWD", "facility_lat": 37.097778, "facility_lon": -88.6175, "permit_name": "Paducah/McCracken County JSA - Paducah", "version_nmbr": 0, "permit_type_code": "NPD", "effective_date": 1193875200000, "expiration_date": 1351641600000, "permit_status_code": "ADC", "facility_type_indicator": "POTW", "major_minor_status_flag": "M", "permit_tracking": "Y", "pt_start_date": 1193875200000, "dmr_tracking": "Y", "dmr_nr_start_date": 1193875200000, "permit_design_flow": 9, "permit_avg_flow": 8.298, "perm_feature_nmbr": "006", "perm_feature_text": "", "pf_lat": 37.075556, "pf_lon": -88.588889, "pf_character": "CSO|DSW", "perm_feature_type_code": "EXO", "pf_state_waterbody_name": "OHIO RIVER", "pf_state_auto_name": "Island Creek", "pf_reach_id": "6040006001215", "in_icis": "YES", "echo_dfr_link": "https://echo.epa.gov/detailed-facility-report?fid=110009957671", "name": "PADUCAH/MCCRACKEN COUNTY JSA - PADUCAH", "feature_kind": "CSO outfall"}}, {"type": "Feature", "id": 236, "geometry": {"type": "Point", "coordinates": [-88.586667345732, 37.0727782675176]}, "properties": {"OBJECTID": 236, "npdes_pfid": "KY0022799007", "npdes_id": "KY0022799", "permitting_state": "KY", "agency_type_code": "ST6", "facility_uin": "110009957671", "facility_name": "PADUCAH/MCCRACKEN COUNTY JSA - PADUCAH", "location_address": "601 NORTHVIEW ST", "supplemental_address_text": "", "facility_city": "PADUCAH", "county_code": "KY145", "state_code": "KY", "epa_region_code": "04", "facility_type_code": "MWD", "facility_lat": 37.097778, "facility_lon": -88.6175, "permit_name": "Paducah/McCracken County JSA - Paducah", "version_nmbr": 0, "permit_type_code": "NPD", "effective_date": 1193875200000, "expiration_date": 1351641600000, "permit_status_code": "ADC", "facility_type_indicator": "POTW", "major_minor_status_flag": "M", "permit_tracking": "Y", "pt_start_date": 1193875200000, "dmr_tracking": "Y", "dmr_nr_start_date": 1193875200000, "permit_design_flow": 9, "permit_avg_flow": 8.298, "perm_feature_nmbr": "007", "perm_feature_text": "", "pf_lat": 37.072778, "pf_lon": -88.586667, "pf_character": "CSO|DSW", "perm_feature_type_code": "EXO", "pf_state_waterbody_name": "OHIO RIVER", "pf_state_auto_name": "White Oak Creek-Tennessee River", "pf_reach_id": "6040006001205", "in_icis": "YES", "echo_dfr_link": "https://echo.epa.gov/detailed-facility-report?fid=110009957671", "name": "PADUCAH/MCCRACKEN COUNTY JSA - PADUCAH", "feature_kind": "CSO outfall"}}, {"type": "Feature", "id": 237, "geometry": {"type": "Point", "coordinates": [-88.6069441183251, 37.0780561513077]}, "properties": {"OBJECTID": 237, "npdes_pfid": "KY0022799008", "npdes_id": "KY0022799", "permitting_state": "KY", "agency_type_code": "ST6", "facility_uin": "110009957671", "facility_name": "PADUCAH/MCCRACKEN COUNTY JSA - PADUCAH", "location_address": "601 NORTHVIEW ST", "supplemental_address_text": "", "facility_city": "PADUCAH", "county_code": "KY145", "state_code": "KY", "epa_region_code": "04", "facility_type_code": "MWD", "facility_lat": 37.097778, "facility_lon": -88.6175, "permit_name": "Paducah/McCracken County JSA - Paducah", "version_nmbr": 0, "permit_type_code": "NPD", "effective_date": 1193875200000, "expiration_date": 1351641600000, "permit_status_code": "ADC", "facility_type_indicator": "POTW", "major_minor_status_flag": "M", "permit_tracking": "Y", "pt_start_date": 1193875200000, "dmr_tracking": "Y", "dmr_nr_start_date": 1193875200000, "permit_design_flow": 9, "permit_avg_flow": 8.298, "perm_feature_nmbr": "008", "perm_feature_text": "", "pf_lat": 37.078056, "pf_lon": -88.606944, "pf_character": "CSO|DSW", "perm_feature_type_code": "EXO", "pf_state_waterbody_name": "OHIO RIVER", "pf_state_auto_name": "Island Creek", "pf_reach_id": "6040006001215", "in_icis": "YES", "echo_dfr_link": "https://echo.epa.gov/detailed-facility-report?fid=110009957671", "name": "PADUCAH/MCCRACKEN COUNTY JSA - PADUCAH", "feature_kind": "CSO outfall"}}, {"type": "Feature", "id": 238, "geometry": {"type": "Point", "coordinates": [-88.6066674372176, 37.0777780753442]}, "properties": {"OBJECTID": 238, "npdes_pfid": "KY0022799009", "npdes_id": "KY0022799", "permitting_state": "KY", "agency_type_code": "ST6", "facility_uin": "110009957671", "facility_name": "PADUCAH/MCCRACKEN COUNTY JSA - PADUCAH", "location_address": "601 NORTHVIEW ST", "supplemental_address_text": "", "facility_city": "PADUCAH", "county_code": "KY145", "state_code": "KY", "epa_region_code": "04", "facility_type_code": "MWD", "facility_lat": 37.097778, "facility_lon": -88.6175, "permit_name": "Paducah/McCracken County JSA - Paducah", "version_nmbr": 0, "permit_type_code": "NPD", "effective_date": 1193875200000, "expiration_date": 1351641600000, "permit_status_code": "ADC", "facility_type_indicator": "POTW", "major_minor_status_flag": "M", "permit_tracking": "Y", "pt_start_date": 1193875200000, "dmr_tracking": "Y", "dmr_nr_start_date": 1193875200000, "permit_design_flow": 9, "permit_avg_flow": 8.298, "perm_feature_nmbr": "009", "perm_feature_text": "", "pf_lat": 37.077778, "pf_lon": -88.606667, "pf_character": "CSO|DSW", "perm_feature_type_code": "EXO", "pf_state_waterbody_name": "OHIO RIVER", "pf_state_auto_name": "Island Creek", "pf_reach_id": "6040006001215", "in_icis": "YES", "echo_dfr_link": "https://echo.epa.gov/detailed-facility-report?fid=110009957671", "name": "PADUCAH/MCCRACKEN COUNTY JSA - PADUCAH", "feature_kind": "CSO outfall"}}, {"type": "Feature", "id": 239, "geometry": {"type": "Point", "coordinates": [-88.6083329137544, 37.0730556450809]}, "properties": {"OBJECTID": 239, "npdes_pfid": "KY0022799010", "npdes_id": "KY0022799", "permitting_state": "KY", "agency_type_code": "ST6", "facility_uin": "110009957671", "facility_name": "PADUCAH/MCCRACKEN COUNTY JSA - PADUCAH", "location_address": "601 NORTHVIEW ST", "supplemental_address_text": "", "facility_city": "PADUCAH", "county_code": "KY145", "state_code": "KY", "epa_region_code": "04", "facility_type_code": "MWD", "facility_lat": 37.097778, "facility_lon": -88.6175, "permit_name": "Paducah/McCracken County JSA - Paducah", "version_nmbr": 0, "permit_type_code": "NPD", "effective_date": 1193875200000, "expiration_date": 1351641600000, "permit_status_code": "ADC", "facility_type_indicator": "POTW", "major_minor_status_flag": "M", "permit_tracking": "Y", "pt_start_date": 1193875200000, "dmr_tracking": "Y", "dmr_nr_start_date": 1193875200000, "permit_design_flow": 9, "permit_avg_flow": 8.298, "perm_feature_nmbr": "010", "perm_feature_text": "", "pf_lat": 37.073056, "pf_lon": -88.608333, "pf_character": "CSO|DSW", "perm_feature_type_code": "EXO", "pf_state_waterbody_name": "OHIO RIVER", "pf_state_auto_name": "Island Creek", "pf_reach_id": "6040006001215", "in_icis": "YES", "echo_dfr_link": "https://echo.epa.gov/detailed-facility-report?fid=110009957671", "name": "PADUCAH/MCCRACKEN COUNTY JSA - PADUCAH", "feature_kind": "CSO outfall"}}, {"type": "Feature", "id": 240, "geometry": {"type": "Point", "coordinates": [-88.6094441297608, 37.0713892142257]}, "properties": {"OBJECTID": 240, "npdes_pfid": "KY0022799011", "npdes_id": "KY0022799", "permitting_state": "KY", "agency_type_code": "ST6", "facility_uin": "110009957671", "facility_name": "PADUCAH/MCCRACKEN COUNTY JSA - PADUCAH", "location_address": "601 NORTHVIEW ST", "supplemental_address_text": "", "facility_city": "PADUCAH", "county_code": "KY145", "state_code": "KY", "epa_region_code": "04", "facility_type_code": "MWD", "facility_lat": 37.097778, "facility_lon": -88.6175, "permit_name": "Paducah/McCracken County JSA - Paducah", "version_nmbr": 0, "permit_type_code": "NPD", "effective_date": 1193875200000, "expiration_date": 1351641600000, "permit_status_code": "ADC", "facility_type_indicator": "POTW", "major_minor_status_flag": "M", "permit_tracking": "Y", "pt_start_date": 1193875200000, "dmr_tracking": "Y", "dmr_nr_start_date": 1193875200000, "permit_design_flow": 9, "permit_avg_flow": 8.298, "perm_feature_nmbr": "011", "perm_feature_text": "", "pf_lat": 37.071389, "pf_lon": -88.609444, "pf_character": "CSO|DSW", "perm_feature_type_code": "EXO", "pf_state_waterbody_name": "OHIO RIVER", "pf_state_auto_name": "Island Creek", "pf_reach_id": "6040006001215", "in_icis": "YES", "echo_dfr_link": "https://echo.epa.gov/detailed-facility-report?fid=110009957671", "name": "PADUCAH/MCCRACKEN COUNTY JSA - PADUCAH", "feature_kind": "CSO outfall"}}, {"type": "Feature", "id": 241, "geometry": {"type": "Point", "coordinates": [-88.6366666761308, 37.0799997878125]}, "properties": {"OBJECTID": 241, "npdes_pfid": "KY0022799012", "npdes_id": "KY0022799", "permitting_state": "KY", "agency_type_code": "ST6", "facility_uin": "110009957671", "facility_name": "PADUCAH/MCCRACKEN COUNTY JSA - PADUCAH", "location_address": "601 NORTHVIEW ST", "supplemental_address_text": "", "facility_city": "PADUCAH", "county_code": "KY145", "state_code": "KY", "epa_region_code": "04", "facility_type_code": "MWD", "facility_lat": 37.097778, "facility_lon": -88.6175, "permit_name": "Paducah/McCracken County JSA - Paducah", "version_nmbr": 0, "permit_type_code": "NPD", "effective_date": 1193875200000, "expiration_date": 1351641600000, "permit_status_code": "ADC", "facility_type_indicator": "POTW", "major_minor_status_flag": "M", "permit_tracking": "Y", "pt_start_date": 1193875200000, "dmr_tracking": "Y", "dmr_nr_start_date": 1193875200000, "permit_design_flow": 9, "permit_avg_flow": 8.298, "perm_feature_nmbr": "012", "perm_feature_text": "", "pf_lat": 37.08, "pf_lon": -88.636667, "pf_character": "CSO|DSW", "perm_feature_type_code": "EXO", "pf_state_waterbody_name": "OHIO RIVER", "pf_state_auto_name": "Island Creek", "pf_reach_id": "6040006001275", "in_icis": "YES", "echo_dfr_link": "https://echo.epa.gov/detailed-facility-report?fid=110009957671", "name": "PADUCAH/MCCRACKEN COUNTY JSA - PADUCAH", "feature_kind": "CSO outfall"}}, {"type": "Feature", "id": 242, "geometry": {"type": "Point", "coordinates": [-88.5805561068541, 37.0563889718717]}, "properties": {"OBJECTID": 242, "npdes_pfid": "KY0022799014", "npdes_id": "KY0022799", "permitting_state": "KY", "agency_type_code": "ST6", "facility_uin": "110009957671", "facility_name": "PADUCAH/MCCRACKEN COUNTY JSA - PADUCAH", "location_address": "601 NORTHVIEW ST", "supplemental_address_text": "", "facility_city": "PADUCAH", "county_code": "KY145", "state_code": "KY", "epa_region_code": "04", "facility_type_code": "MWD", "facility_lat": 37.097778, "facility_lon": -88.6175, "permit_name": "Paducah/McCracken County JSA - Paducah", "version_nmbr": 0, "permit_type_code": "NPD", "effective_date": 1193875200000, "expiration_date": 1351641600000, "permit_status_code": "ADC", "facility_type_indicator": "POTW", "major_minor_status_flag": "M", "permit_tracking": "Y", "pt_start_date": 1193875200000, "dmr_tracking": "Y", "dmr_nr_start_date": 1193875200000, "permit_design_flow": 9, "permit_avg_flow": 8.298, "perm_feature_nmbr": "014", "perm_feature_text": "", "pf_lat": 37.056389, "pf_lon": -88.580556, "pf_character": "CSO|DSW", "perm_feature_type_code": "EXO", "pf_state_waterbody_name": "OHIO RIVER", "pf_state_auto_name": "Island Creek", "pf_reach_id": "6040006001206", "in_icis": "YES", "echo_dfr_link": "https://echo.epa.gov/detailed-facility-report?fid=110009957671", "name": "PADUCAH/MCCRACKEN COUNTY JSA - PADUCAH", "feature_kind": "CSO outfall"}}, {"type": "Feature", "id": 243, "geometry": {"type": "Point", "coordinates": [-84.8681397361446, 38.1916597499122]}, "properties": {"OBJECTID": 243, "npdes_pfid": "KY0022861002", "npdes_id": "KY0022861", "permitting_state": "KY", "agency_type_code": "ST6", "facility_uin": "110000732299", "facility_name": "FRANKFORT MUNICIPAL STP", "location_address": "1200 KENTUCKY AVE", "supplemental_address_text": "", "facility_city": "FRANKFORT", "county_code": "KY073", "state_code": "KY", "epa_region_code": "04", "facility_type_code": "CTG", "facility_lat": 38.216111, "facility_lon": -84.874722, "permit_name": "Frankfort Municipal STP", "version_nmbr": 0, "permit_type_code": "NPD", "effective_date": 1654041600000, "expiration_date": 1811721600000, "permit_status_code": "EFF", "facility_type_indicator": "POTW", "major_minor_status_flag": "M", "permit_tracking": "Y", "pt_start_date": 1654041600000, "dmr_tracking": "Y", "dmr_nr_start_date": 1654041600000, "permit_design_flow": 9.9, "permit_avg_flow": 7.06, "perm_feature_nmbr": "002", "perm_feature_text": "Untreated CSO on East 4th Street east of junction with Paul Sawyier Drive", "pf_lat": 38.19166, "pf_lon": -84.86814, "pf_character": "CSO|DSW", "perm_feature_type_code": "EXO", "pf_state_waterbody_name": "Kentucky River", "pf_state_auto_name": "Kentucky River", "pf_reach_id": "5100205000053", "in_icis": "YES", "echo_dfr_link": "https://echo.epa.gov/detailed-facility-report?fid=110000732299", "name": "FRANKFORT MUNICIPAL STP", "feature_kind": "CSO outfall"}}, {"type": "Feature", "id": 244, "geometry": {"type": "Point", "coordinates": [-84.8692895797082, 38.1948699890014]}, "properties": {"OBJECTID": 244, "npdes_pfid": "KY0022861003", "npdes_id": "KY0022861", "permitting_state": "KY", "agency_type_code": "ST6", "facility_uin": "110000732299", "facility_name": "FRANKFORT MUNICIPAL STP", "location_address": "1200 KENTUCKY AVE", "supplemental_address_text": "", "facility_city": "FRANKFORT", "county_code": "KY073", "state_code": "KY", "epa_region_code": "04", "facility_type_code": "CTG", "facility_lat": 38.216111, "facility_lon": -84.874722, "permit_name": "Frankfort Municipal STP", "version_nmbr": 0, "permit_type_code": "NPD", "effective_date": 1654041600000, "expiration_date": 1811721600000, "permit_status_code": "EFF", "facility_type_indicator": "POTW", "major_minor_status_flag": "M", "permit_tracking": "Y", "pt_start_date": 1654041600000, "dmr_tracking": "Y", "dmr_nr_start_date": 1654041600000, "permit_design_flow": 9.9, "permit_avg_flow": 7.06, "perm_feature_nmbr": "003", "perm_feature_text": "Untreated CSO Northeast of St. Johns Court junction with Fowler Street", "pf_lat": 38.19487, "pf_lon": -84.86929, "pf_character": "CSO|DSW", "perm_feature_type_code": "EXO", "pf_state_waterbody_name": "Kentucky River", "pf_state_auto_name": "Kentucky River", "pf_reach_id": "5100205000053", "in_icis": "YES", "echo_dfr_link": "https://echo.epa.gov/detailed-facility-report?fid=110000732299", "name": "FRANKFORT MUNICIPAL STP", "feature_kind": "CSO outfall"}}, {"type": "Feature", "id": 245, "geometry": {"type": "Point", "coordinates": [-84.8708598348249, 38.1958400224115]}, "properties": {"OBJECTID": 245, "npdes_pfid": "KY0022861004", "npdes_id": "KY0022861", "permitting_state": "KY", "agency_type_code": "ST6", "facility_uin": "110000732299", "facility_name": "FRANKFORT MUNICIPAL STP", "location_address": "1200 KENTUCKY AVE", "supplemental_address_text": "", "facility_city": "FRANKFORT", "county_code": "KY073", "state_code": "KY", "epa_region_code": "04", "facility_type_code": "CTG", "facility_lat": 38.216111, "facility_lon": -84.874722, "permit_name": "Frankfort Municipal STP", "version_nmbr": 0, "permit_type_code": "NPD", "effective_date": 1654041600000, "expiration_date": 1811721600000, "permit_status_code": "EFF", "facility_type_indicator": "POTW", "major_minor_status_flag": "M", "permit_tracking": "Y", "pt_start_date": 1654041600000, "dmr_tracking": "Y", "dmr_nr_start_date": 1654041600000, "permit_design_flow": 9.9, "permit_avg_flow": 7.06, "perm_feature_nmbr": "004", "perm_feature_text": "Untreated CSO on Murrary Street Northeast of junction with River Street", "pf_lat": 38.19584, "pf_lon": -84.87086, "pf_character": "CSO|DSW", "perm_feature_type_code": "EXO", "pf_state_waterbody_name": "Kentucky River", "pf_state_auto_name": "Kentucky River", "pf_reach_id": "5100205000053", "in_icis": "YES", "echo_dfr_link": "https://echo.epa.gov/detailed-facility-report?fid=110000732299", "name": "FRANKFORT MUNICIPAL STP", "feature_kind": "CSO outfall"}}, {"type": "Feature", "id": 246, "geometry": {"type": "Point", "coordinates": [-84.8740596338669, 38.1963899846678]}, "properties": {"OBJECTID": 246, "npdes_pfid": "KY0022861006", "npdes_id": "KY0022861", "permitting_state": "KY", "agency_type_code": "ST6", "facility_uin": "110000732299", "facility_name": "FRANKFORT MUNICIPAL STP", "location_address": "1200 KENTUCKY AVE", "supplemental_address_text": "", "facility_city": "FRANKFORT", "county_code": "KY073", "state_code": "KY", "epa_region_code": "04", "facility_type_code": "CTG", "facility_lat": 38.216111, "facility_lon": -84.874722, "permit_name": "Frankfort Municipal STP", "version_nmbr": 0, "permit_type_code": "NPD", "effective_date": 1654041600000, "expiration_date": 1811721600000, "permit_status_code": "EFF", "facility_type_indicator": "POTW", "major_minor_status_flag": "M", "permit_tracking": "Y", "pt_start_date": 1654041600000, "dmr_tracking": "Y", "dmr_nr_start_date": 1654041600000, "permit_design_flow": 9.9, "permit_avg_flow": 7.06, "perm_feature_nmbr": "006", "perm_feature_text": "Untreated CSO East of Capital Avenue North of Junction with\nBattle Alley", "pf_lat": 38.19639, "pf_lon": -84.87406, "pf_character": "CSO|DSW", "perm_feature_type_code": "EXO", "pf_state_waterbody_name": "Kentucky River", "pf_state_auto_name": "Kentucky River", "pf_reach_id": "5100205000053", "in_icis": "YES", "echo_dfr_link": "https://echo.epa.gov/detailed-facility-report?fid=110000732299", "name": "FRANKFORT MUNICIPAL STP", "feature_kind": "CSO outfall"}}, {"type": "Feature", "id": 247, "geometry": {"type": "Point", "coordinates": [-84.8798501741883, 38.1958696738843]}, "properties": {"OBJECTID": 247, "npdes_pfid": "KY0022861007", "npdes_id": "KY0022861", "permitting_state": "KY", "agency_type_code": "ST6", "facility_uin": "110000732299", "facility_name": "FRANKFORT MUNICIPAL STP", "location_address": "1200 KENTUCKY AVE", "supplemental_address_text": "", "facility_city": "FRANKFORT", "county_code": "KY073", "state_code": "KY", "epa_region_code": "04", "facility_type_code": "CTG", "facility_lat": 38.216111, "facility_lon": -84.874722, "permit_name": "Frankfort Municipal STP", "version_nmbr": 0, "permit_type_code": "NPD", "effective_date": 1654041600000, "expiration_date": 1811721600000, "permit_status_code": "EFF", "facility_type_indicator": "POTW", "major_minor_status_flag": "M", "permit_tracking": "Y", "pt_start_date": 1654041600000, "dmr_tracking": "Y", "dmr_nr_start_date": 1654041600000, "permit_design_flow": 9.9, "permit_avg_flow": 7.06, "perm_feature_nmbr": "007", "perm_feature_text": "Untreated CSO Northwest of West 2nd Street junction with Bridge Street", "pf_lat": 38.19587, "pf_lon": -84.87985, "pf_character": "CSO|DSW", "perm_feature_type_code": "EXO", "pf_state_waterbody_name": "Kentucky River", "pf_state_auto_name": "Kentucky River", "pf_reach_id": "5100205000053", "in_icis": "YES", "echo_dfr_link": "https://echo.epa.gov/detailed-facility-report?fid=110000732299", "name": "FRANKFORT MUNICIPAL STP", "feature_kind": "CSO outfall"}}, {"type": "Feature", "id": 248, "geometry": {"type": "Point", "coordinates": [-84.8807601675712, 38.1969399427705]}, "properties": {"OBJECTID": 248, "npdes_pfid": "KY0022861009", "npdes_id": "KY0022861", "permitting_state": "KY", "agency_type_code": "ST6", "facility_uin": "110000732299", "facility_name": "FRANKFORT MUNICIPAL STP", "location_address": "1200 KENTUCKY AVE", "supplemental_address_text": "", "facility_city": "FRANKFORT", "county_code": "KY073", "state_code": "KY", "epa_region_code": "04", "facility_type_code": "CTG", "facility_lat": 38.216111, "facility_lon": -84.874722, "permit_name": "Frankfort Municipal STP", "version_nmbr": 0, "permit_type_code": "NPD", "effective_date": 1654041600000, "expiration_date": 1811721600000, "permit_status_code": "EFF", "facility_type_indicator": "POTW", "major_minor_status_flag": "M", "permit_tracking": "Y", "pt_start_date": 1654041600000, "dmr_tracking": "Y", "dmr_nr_start_date": 1654041600000, "permit_design_flow": 9.9, "permit_avg_flow": 7.06, "perm_feature_nmbr": "009", "perm_feature_text": "Untreated CSO Southeast of Washington Street junction with Wapping Street", "pf_lat": 38.19694, "pf_lon": -84.88076, "pf_character": "CSO|DSW", "perm_feature_type_code": "EXO", "pf_state_waterbody_name": "Kentucky River", "pf_state_auto_name": "Kentucky River", "pf_reach_id": "5100205000053", "in_icis": "YES", "echo_dfr_link": "https://echo.epa.gov/detailed-facility-report?fid=110000732299", "name": "FRANKFORT MUNICIPAL STP", "feature_kind": "CSO outfall"}}, {"type": "Feature", "id": 249, "geometry": {"type": "Point", "coordinates": [-84.8793893384476, 38.2038892480002]}, "properties": {"OBJECTID": 249, "npdes_pfid": "KY0022861010", "npdes_id": "KY0022861", "permitting_state": "KY", "agency_type_code": "ST6", "facility_uin": "110000732299", "facility_name": "FRANKFORT MUNICIPAL STP", "location_address": "1200 KENTUCKY AVE", "supplemental_address_text": "", "facility_city": "FRANKFORT", "county_code": "KY073", "state_code": "KY", "epa_region_code": "04", "facility_type_code": "CTG", "facility_lat": 38.216111, "facility_lon": -84.874722, "permit_name": "Frankfort Municipal STP", "version_nmbr": 0, "permit_type_code": "NPD", "effective_date": 1654041600000, "expiration_date": 1811721600000, "permit_status_code": "EFF", "facility_type_indicator": "POTW", "major_minor_status_flag": "M", "permit_tracking": "Y", "pt_start_date": 1654041600000, "dmr_tracking": "Y", "dmr_nr_start_date": 1654041600000, "permit_design_flow": 9.9, "permit_avg_flow": 7.06, "perm_feature_nmbr": "010", "perm_feature_text": "Untreated CSO West of Wilkinson Blvd junction with West Plaza Connector Road", "pf_lat": 38.203889, "pf_lon": -84.879389, "pf_character": "CSO|DSW", "perm_feature_type_code": "EXO", "pf_state_waterbody_name": "Kentucky River", "pf_state_auto_name": "Kentucky River", "pf_reach_id": "5100205000042", "in_icis": "YES", "echo_dfr_link": "https://echo.epa.gov/detailed-facility-report?fid=110000732299", "name": "FRANKFORT MUNICIPAL STP", "feature_kind": "CSO outfall"}}, {"type": "Feature", "id": 250, "geometry": {"type": "Point", "coordinates": [-84.8783302247276, 38.2069401251333]}, "properties": {"OBJECTID": 250, "npdes_pfid": "KY0022861011", "npdes_id": "KY0022861", "permitting_state": "KY", "agency_type_code": "ST6", "facility_uin": "110000732299", "facility_name": "FRANKFORT MUNICIPAL STP", "location_address": "1200 KENTUCKY AVE", "supplemental_address_text": "", "facility_city": "FRANKFORT", "county_code": "KY073", "state_code": "KY", "epa_region_code": "04", "facility_type_code": "CTG", "facility_lat": 38.216111, "facility_lon": -84.874722, "permit_name": "Frankfort Municipal STP", "version_nmbr": 0, "permit_type_code": "NPD", "effective_date": 1654041600000, "expiration_date": 1811721600000, "permit_status_code": "EFF", "facility_type_indicator": "POTW", "major_minor_status_flag": "M", "permit_tracking": "Y", "pt_start_date": 1654041600000, "dmr_tracking": "Y", "dmr_nr_start_date": 1654041600000, "permit_design_flow": 9.9, "permit_avg_flow": 7.06, "perm_feature_nmbr": "011", "perm_feature_text": "Untreated CSO Southwest Major Street junction with Kentucky Avenue", "pf_lat": 38.20694, "pf_lon": -84.87833, "pf_character": "CSO|DSW", "perm_feature_type_code": "EXO", "pf_state_waterbody_name": "Kentucky River", "pf_state_auto_name": "Kentucky River", "pf_reach_id": "5100205000042", "in_icis": "YES", "echo_dfr_link": "https://echo.epa.gov/detailed-facility-report?fid=110000732299", "name": "FRANKFORT MUNICIPAL STP", "feature_kind": "CSO outfall"}}, {"type": "Feature", "id": 251, "geometry": {"type": "Point", "coordinates": [-84.8741602451787, 38.2093697234187]}, "properties": {"OBJECTID": 251, "npdes_pfid": "KY0022861013", "npdes_id": "KY0022861", "permitting_state": "KY", "agency_type_code": "ST6", "facility_uin": "110000732299", "facility_name": "FRANKFORT MUNICIPAL STP", "location_address": "1200 KENTUCKY AVE", "supplemental_address_text": "", "facility_city": "FRANKFORT", "county_code": "KY073", "state_code": "KY", "epa_region_code": "04", "facility_type_code": "CTG", "facility_lat": 38.216111, "facility_lon": -84.874722, "permit_name": "Frankfort Municipal STP", "version_nmbr": 0, "permit_type_code": "NPD", "effective_date": 1654041600000, "expiration_date": 1811721600000, "permit_status_code": "EFF", "facility_type_indicator": "POTW", "major_minor_status_flag": "M", "permit_tracking": "Y", "pt_start_date": 1654041600000, "dmr_tracking": "Y", "dmr_nr_start_date": 1654041600000, "permit_design_flow": 9.9, "permit_avg_flow": 7.06, "perm_feature_nmbr": "013", "perm_feature_text": "Untreated CSO Southwest of Wilkinson Blvd junction with Glenmurray Court", "pf_lat": 38.20937, "pf_lon": -84.87416, "pf_character": "CSO|DSW", "perm_feature_type_code": "EXO", "pf_state_waterbody_name": "Kentucky River", "pf_state_auto_name": "Kentucky River", "pf_reach_id": "5100205000042", "in_icis": "YES", "echo_dfr_link": "https://echo.epa.gov/detailed-facility-report?fid=110000732299", "name": "FRANKFORT MUNICIPAL STP", "feature_kind": "CSO outfall"}}, {"type": "Feature", "id": 252, "geometry": {"type": "Point", "coordinates": [-84.8817797554186, 38.2016303024026]}, "properties": {"OBJECTID": 252, "npdes_pfid": "KY0022861014", "npdes_id": "KY0022861", "permitting_state": "KY", "agency_type_code": "ST6", "facility_uin": "110000732299", "facility_name": "FRANKFORT MUNICIPAL STP", "location_address": "1200 KENTUCKY AVE", "supplemental_address_text": "", "facility_city": "FRANKFORT", "county_code": "KY073", "state_code": "KY", "epa_region_code": "04", "facility_type_code": "CTG", "facility_lat": 38.216111, "facility_lon": -84.874722, "permit_name": "Frankfort Municipal STP", "version_nmbr": 0, "permit_type_code": "NPD", "effective_date": 1654041600000, "expiration_date": 1811721600000, "permit_status_code": "EFF", "facility_type_indicator": "POTW", "major_minor_status_flag": "M", "permit_tracking": "Y", "pt_start_date": 1654041600000, "dmr_tracking": "Y", "dmr_nr_start_date": 1654041600000, "permit_design_flow": 9.9, "permit_avg_flow": 7.06, "perm_feature_nmbr": "014", "perm_feature_text": "Untreated CSO on West Broadway Street near Southwest corner of bridge over Kentucky River", "pf_lat": 38.20163, "pf_lon": -84.88178, "pf_character": "CSO|DSW", "perm_feature_type_code": "EXO", "pf_state_waterbody_name": "Kentucky River", "pf_state_auto_name": "Kentucky River", "pf_reach_id": "5100205000042", "in_icis": "YES", "echo_dfr_link": "https://echo.epa.gov/detailed-facility-report?fid=110000732299", "name": "FRANKFORT MUNICIPAL STP", "feature_kind": "CSO outfall"}}, {"type": "Feature", "id": 253, "geometry": {"type": "Point", "coordinates": [-84.875890400416, 38.2094897189082]}, "properties": {"OBJECTID": 253, "npdes_pfid": "KY0022861015", "npdes_id": "KY0022861", "permitting_state": "KY", "agency_type_code": "ST6", "facility_uin": "110000732299", "facility_name": "FRANKFORT MUNICIPAL STP", "location_address": "1200 KENTUCKY AVE", "supplemental_address_text": "", "facility_city": "FRANKFORT", "county_code": "KY073", "state_code": "KY", "epa_region_code": "04", "facility_type_code": "CTG", "facility_lat": 38.216111, "facility_lon": -84.874722, "permit_name": "Frankfort Municipal STP", "version_nmbr": 0, "permit_type_code": "NPD", "effective_date": 1654041600000, "expiration_date": 1811721600000, "permit_status_code": "EFF", "facility_type_indicator": "POTW", "major_minor_status_flag": "M", "permit_tracking": "Y", "pt_start_date": 1654041600000, "dmr_tracking": "Y", "dmr_nr_start_date": 1654041600000, "permit_design_flow": 9.9, "permit_avg_flow": 7.06, "perm_feature_nmbr": "015", "perm_feature_text": "Untreated CSO Northeast of Bosworth Street junction with Kentucky Avenue", "pf_lat": 38.20949, "pf_lon": -84.87589, "pf_character": "CSO|DSW", "perm_feature_type_code": "EXO", "pf_state_waterbody_name": "Kentucky River", "pf_state_auto_name": "Kentucky River", "pf_reach_id": "5100205000042", "in_icis": "YES", "echo_dfr_link": "https://echo.epa.gov/detailed-facility-report?fid=110000732299", "name": "FRANKFORT MUNICIPAL STP", "feature_kind": "CSO outfall"}}, {"type": "Feature", "id": 254, "geometry": {"type": "Point", "coordinates": [-84.8567499966572, 38.2073798870221]}, "properties": {"OBJECTID": 254, "npdes_pfid": "KY0022861016", "npdes_id": "KY0022861", "permitting_state": "KY", "agency_type_code": "ST6", "facility_uin": "110000732299", "facility_name": "FRANKFORT MUNICIPAL STP", "location_address": "1200 KENTUCKY AVE", "supplemental_address_text": "", "facility_city": "FRANKFORT", "county_code": "KY073", "state_code": "KY", "epa_region_code": "04", "facility_type_code": "CTG", "facility_lat": 38.216111, "facility_lon": -84.874722, "permit_name": "Frankfort Municipal STP", "version_nmbr": 0, "permit_type_code": "NPD", "effective_date": 1654041600000, "expiration_date": 1811721600000, "permit_status_code": "EFF", "facility_type_indicator": "POTW", "major_minor_status_flag": "M", "permit_tracking": "Y", "pt_start_date": 1654041600000, "dmr_tracking": "Y", "dmr_nr_start_date": 1654041600000, "permit_design_flow": 9.9, "permit_avg_flow": 7.06, "perm_feature_nmbr": "016", "perm_feature_text": "Untreated CSO Southwest of Holmes Street junction with Valley View", "pf_lat": 38.20738, "pf_lon": -84.85675, "pf_character": "CSO|DSW", "perm_feature_type_code": "EXO", "pf_state_waterbody_name": "UT of Penitentiary Branch", "pf_state_auto_name": "Kentucky River", "pf_reach_id": "5100205000042", "in_icis": "YES", "echo_dfr_link": "https://echo.epa.gov/detailed-facility-report?fid=110000732299", "name": "FRANKFORT MUNICIPAL STP", "feature_kind": "CSO outfall"}}, {"type": "Feature", "id": 255, "geometry": {"type": "Point", "coordinates": [-84.8760278426544, 38.206943654533]}, "properties": {"OBJECTID": 255, "npdes_pfid": "KY0022861017", "npdes_id": "KY0022861", "permitting_state": "KY", "agency_type_code": "ST6", "facility_uin": "110000732299", "facility_name": "FRANKFORT MUNICIPAL STP", "location_address": "1200 KENTUCKY AVE", "supplemental_address_text": "", "facility_city": "FRANKFORT", "county_code": "KY073", "state_code": "KY", "epa_region_code": "04", "facility_type_code": "CTG", "facility_lat": 38.216111, "facility_lon": -84.874722, "permit_name": "Frankfort Municipal STP", "version_nmbr": 0, "permit_type_code": "NPD", "effective_date": 1654041600000, "expiration_date": 1811721600000, "permit_status_code": "EFF", "facility_type_indicator": "POTW", "major_minor_status_flag": "M", "permit_tracking": "Y", "pt_start_date": 1654041600000, "dmr_tracking": "Y", "dmr_nr_start_date": 1654041600000, "permit_design_flow": 9.9, "permit_avg_flow": 7.06, "perm_feature_nmbr": "017", "perm_feature_text": "", "pf_lat": 38.206944, "pf_lon": -84.876028, "pf_character": "CSO|DSW", "perm_feature_type_code": "EXO", "pf_state_waterbody_name": "KENTUCKY RIVER", "pf_state_auto_name": "Kentucky River", "pf_reach_id": "5100205000042", "in_icis": "YES", "echo_dfr_link": "https://echo.epa.gov/detailed-facility-report?fid=110000732299", "name": "FRANKFORT MUNICIPAL STP", "feature_kind": "CSO outfall"}}, {"type": "Feature", "id": 256, "geometry": {"type": "Point", "coordinates": [-84.8805562500017, 38.2047222165007]}, "properties": {"OBJECTID": 256, "npdes_pfid": "KY0022861018", "npdes_id": "KY0022861", "permitting_state": "KY", "agency_type_code": "ST6", "facility_uin": "110000732299", "facility_name": "FRANKFORT MUNICIPAL STP", "location_address": "1200 KENTUCKY AVE", "supplemental_address_text": "", "facility_city": "FRANKFORT", "county_code": "KY073", "state_code": "KY", "epa_region_code": "04", "facility_type_code": "CTG", "facility_lat": 38.216111, "facility_lon": -84.874722, "permit_name": "Frankfort Municipal STP", "version_nmbr": 0, "permit_type_code": "NPD", "effective_date": 1654041600000, "expiration_date": 1811721600000, "permit_status_code": "EFF", "facility_type_indicator": "POTW", "major_minor_status_flag": "M", "permit_tracking": "Y", "pt_start_date": 1654041600000, "dmr_tracking": "Y", "dmr_nr_start_date": 1654041600000, "permit_design_flow": 9.9, "permit_avg_flow": 7.06, "perm_feature_nmbr": "018", "perm_feature_text": "", "pf_lat": 38.204722, "pf_lon": -84.880556, "pf_character": "CSO|DSW", "perm_feature_type_code": "EXO", "pf_state_waterbody_name": "KENTUCKY RIVER", "pf_state_auto_name": "Kentucky River", "pf_reach_id": "5100205000042", "in_icis": "YES", "echo_dfr_link": "https://echo.epa.gov/detailed-facility-report?fid=110000732299", "name": "FRANKFORT MUNICIPAL STP", "feature_kind": "CSO outfall"}}, {"type": "Feature", "id": 257, "geometry": {"type": "Point", "coordinates": [-84.8777795574585, 38.1972202150711]}, "properties": {"OBJECTID": 257, "npdes_pfid": "KY0022861019", "npdes_id": "KY0022861", "permitting_state": "KY", "agency_type_code": "ST6", "facility_uin": "110000732299", "facility_name": "FRANKFORT MUNICIPAL STP", "location_address": "1200 KENTUCKY AVE", "supplemental_address_text": "", "facility_city": "FRANKFORT", "county_code": "KY073", "state_code": "KY", "epa_region_code": "04", "facility_type_code": "CTG", "facility_lat": 38.216111, "facility_lon": -84.874722, "permit_name": "Frankfort Municipal STP", "version_nmbr": 0, "permit_type_code": "NPD", "effective_date": 1654041600000, "expiration_date": 1811721600000, "permit_status_code": "EFF", "facility_type_indicator": "POTW", "major_minor_status_flag": "M", "permit_tracking": "Y", "pt_start_date": 1654041600000, "dmr_tracking": "Y", "dmr_nr_start_date": 1654041600000, "permit_design_flow": 9.9, "permit_avg_flow": 7.06, "perm_feature_nmbr": "019", "perm_feature_text": "Untreated CSO at the Junction of Buffalo Alley and Wapping Street", "pf_lat": 38.19722, "pf_lon": -84.87778, "pf_character": "CSO|DSW", "perm_feature_type_code": "EXO", "pf_state_waterbody_name": "Kentucky River", "pf_state_auto_name": "Kentucky River", "pf_reach_id": "5100205000053", "in_icis": "YES", "echo_dfr_link": "https://echo.epa.gov/detailed-facility-report?fid=110000732299", "name": "FRANKFORT MUNICIPAL STP", "feature_kind": "CSO outfall"}}, {"type": "Feature", "id": 258, "geometry": {"type": "Point", "coordinates": [-84.8733302018562, 38.2147199182941]}, "properties": {"OBJECTID": 258, "npdes_pfid": "KY0022861021", "npdes_id": "KY0022861", "permitting_state": "KY", "agency_type_code": "ST6", "facility_uin": "110000732299", "facility_name": "FRANKFORT MUNICIPAL STP", "location_address": "1200 KENTUCKY AVE", "supplemental_address_text": "", "facility_city": "FRANKFORT", "county_code": "KY073", "state_code": "KY", "epa_region_code": "04", "facility_type_code": "CTG", "facility_lat": 38.216111, "facility_lon": -84.874722, "permit_name": "Frankfort Municipal STP", "version_nmbr": 0, "permit_type_code": "NPD", "effective_date": 1654041600000, "expiration_date": 1811721600000, "permit_status_code": "EFF", "facility_type_indicator": "POTW", "major_minor_status_flag": "M", "permit_tracking": "Y", "pt_start_date": 1654041600000, "dmr_tracking": "Y", "dmr_nr_start_date": 1654041600000, "permit_design_flow": 9.9, "permit_avg_flow": 7.06, "perm_feature_nmbr": "021", "perm_feature_text": "Untreated CSO related to Wet Weather Detention Center Southeast of POTW", "pf_lat": 38.21472, "pf_lon": -84.87333, "pf_character": "CSO|DSW", "perm_feature_type_code": "EXO", "pf_state_waterbody_name": "Kentucky River", "pf_state_auto_name": "Kentucky River", "pf_reach_id": "5100205000042", "in_icis": "YES", "echo_dfr_link": "https://echo.epa.gov/detailed-facility-report?fid=110000732299", "name": "FRANKFORT MUNICIPAL STP", "feature_kind": "CSO outfall"}}, {"type": "Feature", "id": 259, "geometry": {"type": "Point", "coordinates": [-83.7001106778599, 36.7650277632112]}, "properties": {"OBJECTID": 259, "npdes_pfid": "KY0024058002", "npdes_id": "KY0024058", "permitting_state": "KY", "agency_type_code": "ST6", "facility_uin": "110006752273", "facility_name": "PINEVILLE STP", "location_address": "900 STEWART BRANCH RD", "supplemental_address_text": "", "facility_city": "PINEVILLE", "county_code": "KY013", "state_code": "KY", "epa_region_code": "04", "facility_type_code": "MWD", "facility_lat": 36.771944, "facility_lon": -83.716944, "permit_name": "Pineville STP", "version_nmbr": 0, "permit_type_code": "NPD", "effective_date": 1646092800000, "expiration_date": 1803772800000, "permit_status_code": "EFF", "facility_type_indicator": "POTW", "major_minor_status_flag": "N", "permit_tracking": "Y", "pt_start_date": 1646092800000, "dmr_tracking": "Y", "dmr_nr_start_date": 1646092800000, "permit_design_flow": 0.721, "permit_avg_flow": 0.687, "perm_feature_nmbr": "002", "perm_feature_text": "Untreated CSO (CSO)", "pf_lat": 36.765028, "pf_lon": -83.700111, "pf_character": "CSO", "perm_feature_type_code": "EXO", "pf_state_waterbody_name": "Cumberland River", "pf_state_auto_name": "Cumberland River", "pf_reach_id": "5130101000249", "in_icis": "YES", "echo_dfr_link": "https://echo.epa.gov/detailed-facility-report?fid=110006752273", "name": "PINEVILLE STP", "feature_kind": "CSO outfall"}}, {"type": "Feature", "id": 260, "geometry": {"type": "Point", "coordinates": [-83.6997495551156, 36.7649723511]}, "properties": {"OBJECTID": 260, "npdes_pfid": "KY0024058003", "npdes_id": "KY0024058", "permitting_state": "KY", "agency_type_code": "ST6", "facility_uin": "110006752273", "facility_name": "PINEVILLE STP", "location_address": "900 STEWART BRANCH RD", "supplemental_address_text": "", "facility_city": "PINEVILLE", "county_code": "KY013", "state_code": "KY", "epa_region_code": "04", "facility_type_code": "MWD", "facility_lat": 36.771944, "facility_lon": -83.716944, "permit_name": "Pineville STP", "version_nmbr": 0, "permit_type_code": "NPD", "effective_date": 1646092800000, "expiration_date": 1803772800000, "permit_status_code": "EFF", "facility_type_indicator": "POTW", "major_minor_status_flag": "N", "permit_tracking": "Y", "pt_start_date": 1646092800000, "dmr_tracking": "Y", "dmr_nr_start_date": 1646092800000, "permit_design_flow": 0.721, "permit_avg_flow": 0.687, "perm_feature_nmbr": "003", "perm_feature_text": "Untreated CSO (CSO)", "pf_lat": 36.764972, "pf_lon": -83.69975, "pf_character": "CSO", "perm_feature_type_code": "EXO", "pf_state_waterbody_name": "Cumberland River", "pf_state_auto_name": "Cumberland River", "pf_reach_id": "5130101000249", "in_icis": "YES", "echo_dfr_link": "https://echo.epa.gov/detailed-facility-report?fid=110006752273", "name": "PINEVILLE STP", "feature_kind": "CSO outfall"}}, {"type": "Feature", "id": 261, "geometry": {"type": "Point", "coordinates": [-83.3242519697231, 36.845272805915]}, "properties": {"OBJECTID": 261, "npdes_pfid": "KY0026093002", "npdes_id": "KY0026093", "permitting_state": "KY", "agency_type_code": "ST6", "facility_uin": "110006751997", "facility_name": "HARLAN STP", "location_address": "1400 GOOD NEIGHBOR RD", "supplemental_address_text": "", "facility_city": "LOYALL", "county_code": "KY095", "state_code": "KY", "epa_region_code": "04", "facility_type_code": "CTG", "facility_lat": 36.85, "facility_lon": -83.370833, "permit_name": "Harlan STP", "version_nmbr": 0, "permit_type_code": "NPD", "effective_date": 1782864000000, "expiration_date": 1940544000000, "permit_status_code": "EFF", "facility_type_indicator": "POTW", "major_minor_status_flag": "M", "permit_tracking": "Y", "pt_start_date": 1782864000000, "dmr_tracking": "Y", "dmr_nr_start_date": 1782864000000, "permit_design_flow": 1.2, "permit_avg_flow": 1.065, "perm_feature_nmbr": "002", "perm_feature_text": "Untreated CSO or Storm Water from South Cumberland Ave CSO", "pf_lat": 36.845273, "pf_lon": -83.324252, "pf_character": "CSO|SW", "perm_feature_type_code": "EXO", "pf_state_waterbody_name": "UT to Martins Fork", "pf_state_auto_name": "Martins Fork Cumberland River", "pf_reach_id": "5130101000334", "in_icis": "YES", "echo_dfr_link": "https://echo.epa.gov/detailed-facility-report?fid=110006751997", "name": "HARLAN STP", "feature_kind": "CSO outfall"}}, {"type": "Feature", "id": 262, "geometry": {"type": "Point", "coordinates": [-83.3557199541258, 36.8484502063341]}, "properties": {"OBJECTID": 262, "npdes_pfid": "KY0026115007", "npdes_id": "KY0026115", "permitting_state": "KY", "agency_type_code": "ST6", "facility_uin": "110009939077", "facility_name": "LOYALL STP", "location_address": "GOOD NEIGHBOR RD", "supplemental_address_text": "", "facility_city": "LOYALL", "county_code": "KY095", "state_code": "KY", "epa_region_code": "04", "facility_type_code": "CTG", "facility_lat": 36.84449, "facility_lon": -83.36545, "permit_name": "Loyall STP", "version_nmbr": 0, "permit_type_code": "NPD", "effective_date": 1625097600000, "expiration_date": 1782777600000, "permit_status_code": "ADC", "facility_type_indicator": "POTW", "major_minor_status_flag": "N", "permit_tracking": "Y", "pt_start_date": 1625097600000, "dmr_tracking": "Y", "dmr_nr_start_date": 1625097600000, "permit_design_flow": 0.185, "permit_avg_flow": 0.179, "perm_feature_nmbr": "007", "perm_feature_text": "Untreated CSO from Mapother St", "pf_lat": 36.84845, "pf_lon": -83.35572, "pf_character": "CSO", "perm_feature_type_code": "EXO", "pf_state_waterbody_name": "UT to Cumberland River", "pf_state_auto_name": "Cumberland River", "pf_reach_id": "5130101000332", "in_icis": "YES", "echo_dfr_link": "https://echo.epa.gov/detailed-facility-report?fid=110009939077", "name": "LOYALL STP", "feature_kind": "CSO outfall"}}, {"type": "Feature", "id": 263, "geometry": {"type": "Point", "coordinates": [-83.3557100726577, 36.8519998246637]}, "properties": {"OBJECTID": 263, "npdes_pfid": "KY0026115008", "npdes_id": "KY0026115", "permitting_state": "KY", "agency_type_code": "ST6", "facility_uin": "110009939077", "facility_name": "LOYALL STP", "location_address": "GOOD NEIGHBOR RD", "supplemental_address_text": "", "facility_city": "LOYALL", "county_code": "KY095", "state_code": "KY", "epa_region_code": "04", "facility_type_code": "CTG", "facility_lat": 36.84449, "facility_lon": -83.36545, "permit_name": "Loyall STP", "version_nmbr": 0, "permit_type_code": "NPD", "effective_date": 1625097600000, "expiration_date": 1782777600000, "permit_status_code": "ADC", "facility_type_indicator": "POTW", "major_minor_status_flag": "N", "permit_tracking": "Y", "pt_start_date": 1625097600000, "dmr_tracking": "Y", "dmr_nr_start_date": 1625097600000, "permit_design_flow": 0.185, "permit_avg_flow": 0.179, "perm_feature_nmbr": "008", "perm_feature_text": "Untreated CSO from Chat St", "pf_lat": 36.852, "pf_lon": -83.35571, "pf_character": "CSO", "perm_feature_type_code": "EXO", "pf_state_waterbody_name": "UT to Cumberland River", "pf_state_auto_name": "Cumberland River", "pf_reach_id": "5130101000332", "in_icis": "YES", "echo_dfr_link": "https://echo.epa.gov/detailed-facility-report?fid=110009939077", "name": "LOYALL STP", "feature_kind": "CSO outfall"}}, {"type": "Feature", "id": 264, "geometry": {"type": "Point", "coordinates": [-82.5988830390481, 38.419866881639]}, "properties": {"OBJECTID": 264, "npdes_pfid": "KY0035467008", "npdes_id": "KY0035467", "permitting_state": "KY", "agency_type_code": "ST6", "facility_uin": "110006654147", "facility_name": "CATLETTSBURG STP", "location_address": "3701 PARK ST", "supplemental_address_text": "", "facility_city": "CATLETTSBURG", "county_code": "KY019", "state_code": "KY", "epa_region_code": "04", "facility_type_code": "CTG", "facility_lat": 38.404167, "facility_lon": -82.595833, "permit_name": "Catlettsburg STP", "version_nmbr": 0, "permit_type_code": "NPD", "effective_date": 1725148800000, "expiration_date": 1882828800000, "permit_status_code": "EFF", "facility_type_indicator": "POTW", "major_minor_status_flag": "N", "permit_tracking": "Y", "pt_start_date": 1725148800000, "dmr_tracking": "Y", "dmr_nr_start_date": 1725148800000, "permit_design_flow": 0.65, "permit_avg_flow": 0.56, "perm_feature_nmbr": "008", "perm_feature_text": "Untreated CSO (CSO)", "pf_lat": 38.419867, "pf_lon": -82.598883, "pf_character": "CSO", "perm_feature_type_code": "EXO", "pf_state_waterbody_name": "Catletts Creek", "pf_state_auto_name": "Catletts Creek", "pf_reach_id": "5090103000890", "in_icis": "YES", "echo_dfr_link": "https://echo.epa.gov/detailed-facility-report?fid=110006654147", "name": "CATLETTSBURG STP", "feature_kind": "CSO outfall"}}, {"type": "Feature", "id": 1577, "geometry": {"type": "Point", "coordinates": [-87.1021321684476, 37.7765092787541]}, "properties": {"OBJECTID": 1577, "npdes_pfid": "KY0020095002", "npdes_id": "KY0020095", "permitting_state": "KY", "agency_type_code": "ST6", "facility_uin": "110039998214", "facility_name": "RWRA MAX RHOADS WWTP", "location_address": "1201 EWING RD N", "supplemental_address_text": "", "facility_city": "OWENSBORO", "county_code": "KY059", "state_code": "KY", "epa_region_code": "04", "facility_type_code": "MWD", "facility_lat": 37.788333, "facility_lon": -87.143889, "permit_name": "Rwra Max Rhoads WWTP", "version_nmbr": 0, "permit_type_code": "NPD", "effective_date": 1483228800000, "expiration_date": 1640908800000, "permit_status_code": "ADC", "facility_type_indicator": "POTW", "major_minor_status_flag": "M", "permit_tracking": "Y", "pt_start_date": 1483228800000, "dmr_tracking": "Y", "dmr_nr_start_date": 1483228800000, "permit_design_flow": 15, "permit_avg_flow": 8.12, "perm_feature_nmbr": "002", "perm_feature_text": "Center Street CSO (Untreated CSO)", "pf_lat": 37.776509, "pf_lon": -87.102132, "pf_character": "CSO", "perm_feature_type_code": "EXO", "pf_state_waterbody_name": "OHIO RIVER", "pf_state_auto_name": "Ohio River", "pf_reach_id": "5140201000008", "in_icis": "YES", "echo_dfr_link": "https://echo.epa.gov/detailed-facility-report?fid=110039998214", "name": "RWRA MAX RHOADS WWTP", "feature_kind": "CSO outfall"}}, {"type": "Feature", "id": 1578, "geometry": {"type": "Point", "coordinates": [-87.1160901913323, 37.7765973229175]}, "properties": {"OBJECTID": 1578, "npdes_pfid": "KY0020095003", "npdes_id": "KY0020095", "permitting_state": "KY", "agency_type_code": "ST6", "facility_uin": "110039998214", "facility_name": "RWRA MAX RHOADS WWTP", "location_address": "1201 EWING RD N", "supplemental_address_text": "", "facility_city": "OWENSBORO", "county_code": "KY059", "state_code": "KY", "epa_region_code": "04", "facility_type_code": "MWD", "facility_lat": 37.788333, "facility_lon": -87.143889, "permit_name": "Rwra Max Rhoads WWTP", "version_nmbr": 0, "permit_type_code": "NPD", "effective_date": 1483228800000, "expiration_date": 1640908800000, "permit_status_code": "ADC", "facility_type_indicator": "POTW", "major_minor_status_flag": "M", "permit_tracking": "Y", "pt_start_date": 1483228800000, "dmr_tracking": "Y", "dmr_nr_start_date": 1483228800000, "permit_design_flow": 15, "permit_avg_flow": 8.12, "perm_feature_nmbr": "003", "perm_feature_text": "Locust Street West CSO (Untreated CSO)", "pf_lat": 37.776597, "pf_lon": -87.11609, "pf_character": "CSO", "perm_feature_type_code": "EXO", "pf_state_waterbody_name": "OHIO RIVER", "pf_state_auto_name": "Ohio River", "pf_reach_id": "5140201000008", "in_icis": "YES", "echo_dfr_link": "https://echo.epa.gov/detailed-facility-report?fid=110039998214", "name": "RWRA MAX RHOADS WWTP", "feature_kind": "CSO outfall"}}, {"type": "Feature", "id": 1579, "geometry": {"type": "Point", "coordinates": [-87.1159320878422, 37.7764787472859]}, "properties": {"OBJECTID": 1579, "npdes_pfid": "KY0020095004", "npdes_id": "KY0020095", "permitting_state": "KY", "agency_type_code": "ST6", "facility_uin": "110039998214", "facility_name": "RWRA MAX RHOADS WWTP", "location_address": "1201 EWING RD N", "supplemental_address_text": "", "facility_city": "OWENSBORO", "county_code": "KY059", "state_code": "KY", "epa_region_code": "04", "facility_type_code": "MWD", "facility_lat": 37.788333, "facility_lon": -87.143889, "permit_name": "Rwra Max Rhoads WWTP", "version_nmbr": 0, "permit_type_code": "NPD", "effective_date": 1483228800000, "expiration_date": 1640908800000, "permit_status_code": "ADC", "facility_type_indicator": "POTW", "major_minor_status_flag": "M", "permit_tracking": "Y", "pt_start_date": 1483228800000, "dmr_tracking": "Y", "dmr_nr_start_date": 1483228800000, "permit_design_flow": 15, "permit_avg_flow": 8.12, "perm_feature_nmbr": "004", "perm_feature_text": "Locust Street East CSO (Untreated CSO - Stormwater)", "pf_lat": 37.776479, "pf_lon": -87.115932, "pf_character": "CSO|SW", "perm_feature_type_code": "EXO", "pf_state_waterbody_name": "OHIO RIVER", "pf_state_auto_name": "Ohio River", "pf_reach_id": "5140201000008", "in_icis": "YES", "echo_dfr_link": "https://echo.epa.gov/detailed-facility-report?fid=110039998214", "name": "RWRA MAX RHOADS WWTP", "feature_kind": "CSO outfall"}}, {"type": "Feature", "id": 1580, "geometry": {"type": "Point", "coordinates": [-87.1324287497198, 37.7799699034625]}, "properties": {"OBJECTID": 1580, "npdes_pfid": "KY0020095005", "npdes_id": "KY0020095", "permitting_state": "KY", "agency_type_code": "ST6", "facility_uin": "110039998214", "facility_name": "RWRA MAX RHOADS WWTP", "location_address": "1201 EWING RD N", "supplemental_address_text": "", "facility_city": "OWENSBORO", "county_code": "KY059", "state_code": "KY", "epa_region_code": "04", "facility_type_code": "MWD", "facility_lat": 37.788333, "facility_lon": -87.143889, "permit_name": "Rwra Max Rhoads WWTP", "version_nmbr": 0, "permit_type_code": "NPD", "effective_date": 1483228800000, "expiration_date": 1640908800000, "permit_status_code": "ADC", "facility_type_indicator": "POTW", "major_minor_status_flag": "M", "permit_tracking": "Y", "pt_start_date": 1483228800000, "dmr_tracking": "Y", "dmr_nr_start_date": 1483228800000, "permit_design_flow": 15, "permit_avg_flow": 8.12, "perm_feature_nmbr": "005", "perm_feature_text": "Dublin Lane CSO (Untreated CSO - Stormwater)", "pf_lat": 37.77997, "pf_lon": -87.132429, "pf_character": "CSO|SW", "perm_feature_type_code": "EXO", "pf_state_waterbody_name": "OHIO RIVER", "pf_state_auto_name": "Ohio River", "pf_reach_id": "5140201000008", "in_icis": "YES", "echo_dfr_link": "https://echo.epa.gov/detailed-facility-report?fid=110039998214", "name": "RWRA MAX RHOADS WWTP", "feature_kind": "CSO outfall"}}, {"type": "Feature", "id": 1581, "geometry": {"type": "Point", "coordinates": [-87.1043662785592, 37.7764787472859]}, "properties": {"OBJECTID": 1581, "npdes_pfid": "KY0020095006", "npdes_id": "KY0020095", "permitting_state": "KY", "agency_type_code": "ST6", "facility_uin": "110039998214", "facility_name": "RWRA MAX RHOADS WWTP", "location_address": "1201 EWING RD N", "supplemental_address_text": "", "facility_city": "OWENSBORO", "county_code": "KY059", "state_code": "KY", "epa_region_code": "04", "facility_type_code": "MWD", "facility_lat": 37.788333, "facility_lon": -87.143889, "permit_name": "Rwra Max Rhoads WWTP", "version_nmbr": 0, "permit_type_code": "NPD", "effective_date": 1483228800000, "expiration_date": 1640908800000, "permit_status_code": "ADC", "facility_type_indicator": "POTW", "major_minor_status_flag": "M", "permit_tracking": "Y", "pt_start_date": 1483228800000, "dmr_tracking": "Y", "dmr_nr_start_date": 1483228800000, "permit_design_flow": 15, "permit_avg_flow": 8.12, "perm_feature_nmbr": "006", "perm_feature_text": "Triplett Street CSO (Untreated CSO)", "pf_lat": 37.776479, "pf_lon": -87.104366, "pf_character": "CSO", "perm_feature_type_code": "EXO", "pf_state_waterbody_name": "OHIO RIVER", "pf_state_auto_name": "Ohio River", "pf_reach_id": "5140201000008", "in_icis": "YES", "echo_dfr_link": "https://echo.epa.gov/detailed-facility-report?fid=110039998214", "name": "RWRA MAX RHOADS WWTP", "feature_kind": "CSO outfall"}}, {"type": "Feature", "id": 1582, "geometry": {"type": "Point", "coordinates": [-87.1126846780901, 37.7764283348339]}, "properties": {"OBJECTID": 1582, "npdes_pfid": "KY0020095007", "npdes_id": "KY0020095", "permitting_state": "KY", "agency_type_code": "ST6", "facility_uin": "110039998214", "facility_name": "RWRA MAX RHOADS WWTP", "location_address": "1201 EWING RD N", "supplemental_address_text": "", "facility_city": "OWENSBORO", "county_code": "KY059", "state_code": "KY", "epa_region_code": "04", "facility_type_code": "MWD", "facility_lat": 37.788333, "facility_lon": -87.143889, "permit_name": "Rwra Max Rhoads WWTP", "version_nmbr": 0, "permit_type_code": "NPD", "effective_date": 1483228800000, "expiration_date": 1640908800000, "permit_status_code": "ADC", "facility_type_indicator": "POTW", "major_minor_status_flag": "M", "permit_tracking": "Y", "pt_start_date": 1483228800000, "dmr_tracking": "Y", "dmr_nr_start_date": 1483228800000, "permit_design_flow": 15, "permit_avg_flow": 8.12, "perm_feature_nmbr": "007", "perm_feature_text": "Daviess Street CSO (Untreated CSO - Stormwater)", "pf_lat": 37.776428, "pf_lon": -87.112685, "pf_character": "CSO|SW", "perm_feature_type_code": "EXO", "pf_state_waterbody_name": "OHIO RIVER", "pf_state_auto_name": "Ohio River", "pf_reach_id": "5140201000008", "in_icis": "YES", "echo_dfr_link": "https://echo.epa.gov/detailed-facility-report?fid=110039998214", "name": "RWRA MAX RHOADS WWTP", "feature_kind": "CSO outfall"}}, {"type": "Feature", "id": 1583, "geometry": {"type": "Point", "coordinates": [-87.1139441161185, 37.7765000483115]}, "properties": {"OBJECTID": 1583, "npdes_pfid": "KY0020095008", "npdes_id": "KY0020095", "permitting_state": "KY", "agency_type_code": "ST6", "facility_uin": "110039998214", "facility_name": "RWRA MAX RHOADS WWTP", "location_address": "1201 EWING RD N", "supplemental_address_text": "", "facility_city": "OWENSBORO", "county_code": "KY059", "state_code": "KY", "epa_region_code": "04", "facility_type_code": "MWD", "facility_lat": 37.788333, "facility_lon": -87.143889, "permit_name": "Rwra Max Rhoads WWTP", "version_nmbr": 0, "permit_type_code": "NPD", "effective_date": 1483228800000, "expiration_date": 1640908800000, "permit_status_code": "ADC", "facility_type_indicator": "POTW", "major_minor_status_flag": "M", "permit_tracking": "Y", "pt_start_date": 1483228800000, "dmr_tracking": "Y", "dmr_nr_start_date": 1483228800000, "permit_design_flow": 15, "permit_avg_flow": 8.12, "perm_feature_nmbr": "008", "perm_feature_text": "Frederica Street CSO (Untreated CSO - Stormwater)", "pf_lat": 37.7765, "pf_lon": -87.113944, "pf_character": "CSO|SW", "perm_feature_type_code": "EXO", "pf_state_waterbody_name": "OHIO RIVER", "pf_state_auto_name": "Ohio River", "pf_reach_id": "5140201000008", "in_icis": "YES", "echo_dfr_link": "https://echo.epa.gov/detailed-facility-report?fid=110039998214", "name": "RWRA MAX RHOADS WWTP", "feature_kind": "CSO outfall"}}, {"type": "Feature", "id": 1584, "geometry": {"type": "Point", "coordinates": [-87.1217998832781, 37.7769502085524]}, "properties": {"OBJECTID": 1584, "npdes_pfid": "KY0020095009", "npdes_id": "KY0020095", "permitting_state": "KY", "agency_type_code": "ST6", "facility_uin": "110039998214", "facility_name": "RWRA MAX RHOADS WWTP", "location_address": "1201 EWING RD N", "supplemental_address_text": "", "facility_city": "OWENSBORO", "county_code": "KY059", "state_code": "KY", "epa_region_code": "04", "facility_type_code": "MWD", "facility_lat": 37.788333, "facility_lon": -87.143889, "permit_name": "Rwra Max Rhoads WWTP", "version_nmbr": 0, "permit_type_code": "NPD", "effective_date": 1483228800000, "expiration_date": 1640908800000, "permit_status_code": "ADC", "facility_type_indicator": "POTW", "major_minor_status_flag": "M", "permit_tracking": "Y", "pt_start_date": 1483228800000, "dmr_tracking": "Y", "dmr_nr_start_date": 1483228800000, "permit_design_flow": 15, "permit_avg_flow": 8.12, "perm_feature_nmbr": "009", "perm_feature_text": "Sycamore Street CSO - (Untreated CSO - Stormwater)", "pf_lat": 37.77695, "pf_lon": -87.1218, "pf_character": "CSO|SW", "perm_feature_type_code": "EXO", "pf_state_waterbody_name": "OHIO RIVER", "pf_state_auto_name": "Ohio River", "pf_reach_id": "5140201000008", "in_icis": "YES", "echo_dfr_link": "https://echo.epa.gov/detailed-facility-report?fid=110039998214", "name": "RWRA MAX RHOADS WWTP", "feature_kind": "CSO outfall"}}, {"type": "Feature", "id": 1585, "geometry": {"type": "Point", "coordinates": [-83.775499991449, 38.6568998269544]}, "properties": {"OBJECTID": 1585, "npdes_pfid": "KY0020257002", "npdes_id": "KY0020257", "permitting_state": "KY", "agency_type_code": "ST6", "facility_uin": "110000761104", "facility_name": "MAYSVILLE STP", "location_address": "1029 W 2ND ST", "supplemental_address_text": "", "facility_city": "MAYSVILLE", "county_code": "KY161", "state_code": "KY", "epa_region_code": "04", "facility_type_code": "MWD", "facility_lat": 38.686944, "facility_lon": -83.786389, "permit_name": "Maysville STP", "version_nmbr": 0, "permit_type_code": "NPD", "effective_date": 1785542400000, "expiration_date": 1943222400000, "permit_status_code": "EFF", "facility_type_indicator": "POTW", "major_minor_status_flag": "M", "permit_tracking": "Y", "pt_start_date": 1785542400000, "dmr_tracking": "Y", "dmr_nr_start_date": 1785542400000, "permit_design_flow": 3.4, "permit_avg_flow": 1.138, "perm_feature_nmbr": "002", "perm_feature_text": "Untreated CSO from West Second Street CSO", "pf_lat": 38.6569, "pf_lon": -83.7755, "pf_character": "CSO|DSW", "perm_feature_type_code": "EXO", "pf_state_waterbody_name": "Ohio River", "pf_state_auto_name": "Lawrence Creek-Ohio River", "pf_reach_id": "5090201002316", "in_icis": "YES", "echo_dfr_link": "https://echo.epa.gov/detailed-facility-report?fid=110000761104", "name": "MAYSVILLE STP", "feature_kind": "CSO outfall"}}, {"type": "Feature", "id": 1586, "geometry": {"type": "Point", "coordinates": [-83.775499991449, 38.6588001513521]}, "properties": {"OBJECTID": 1586, "npdes_pfid": "KY0020257003", "npdes_id": "KY0020257", "permitting_state": "KY", "agency_type_code": "ST6", "facility_uin": "110000761104", "facility_name": "MAYSVILLE STP", "location_address": "1029 W 2ND ST", "supplemental_address_text": "", "facility_city": "MAYSVILLE", "county_code": "KY161", "state_code": "KY", "epa_region_code": "04", "facility_type_code": "MWD", "facility_lat": 38.686944, "facility_lon": -83.786389, "permit_name": "Maysville STP", "version_nmbr": 0, "permit_type_code": "NPD", "effective_date": 1785542400000, "expiration_date": 1943222400000, "permit_status_code": "EFF", "facility_type_indicator": "POTW", "major_minor_status_flag": "M", "permit_tracking": "Y", "pt_start_date": 1785542400000, "dmr_tracking": "Y", "dmr_nr_start_date": 1785542400000, "permit_design_flow": 3.4, "permit_avg_flow": 1.138, "perm_feature_nmbr": "003", "perm_feature_text": "Untreated CSO from West Second Street CSO", "pf_lat": 38.6588, "pf_lon": -83.7755, "pf_character": "CSO|DSW", "perm_feature_type_code": "EXO", "pf_state_waterbody_name": "Ohio River", "pf_state_auto_name": "Ohio River", "pf_reach_id": "5090201000084", "in_icis": "YES", "echo_dfr_link": "https://echo.epa.gov/detailed-facility-report?fid=110000761104", "name": "MAYSVILLE STP", "feature_kind": "CSO outfall"}}, {"type": "Feature", "id": 1587, "geometry": {"type": "Point", "coordinates": [-83.7711000431874, 38.6519997176786]}, "properties": {"OBJECTID": 1587, "npdes_pfid": "KY0020257004", "npdes_id": "KY0020257", "permitting_state": "KY", "agency_type_code": "ST6", "facility_uin": "110000761104", "facility_name": "MAYSVILLE STP", "location_address": "1029 W 2ND ST", "supplemental_address_text": "", "facility_city": "MAYSVILLE", "county_code": "KY161", "state_code": "KY", "epa_region_code": "04", "facility_type_code": "MWD", "facility_lat": 38.686944, "facility_lon": -83.786389, "permit_name": "Maysville STP", "version_nmbr": 0, "permit_type_code": "NPD", "effective_date": 1785542400000, "expiration_date": 1943222400000, "permit_status_code": "EFF", "facility_type_indicator": "POTW", "major_minor_status_flag": "M", "permit_tracking": "Y", "pt_start_date": 1785542400000, "dmr_tracking": "Y", "dmr_nr_start_date": 1785542400000, "permit_design_flow": 3.4, "permit_avg_flow": 1.138, "perm_feature_nmbr": "004", "perm_feature_text": "Untreated CSO from Rosemary Clooney St./Depot CSO", "pf_lat": 38.652, "pf_lon": -83.7711, "pf_character": "CSO|DSW", "perm_feature_type_code": "EXO", "pf_state_waterbody_name": "Ohio River", "pf_state_auto_name": "", "pf_reach_id": "", "in_icis": "YES", "echo_dfr_link": "https://echo.epa.gov/detailed-facility-report?fid=110000761104", "name": "MAYSVILLE STP", "feature_kind": "CSO outfall"}}, {"type": "Feature", "id": 1588, "geometry": {"type": "Point", "coordinates": [-83.769299819358, 38.6511003340877]}, "properties": {"OBJECTID": 1588, "npdes_pfid": "KY0020257005", "npdes_id": "KY0020257", "permitting_state": "KY", "agency_type_code": "ST6", "facility_uin": "110000761104", "facility_name": "MAYSVILLE STP", "location_address": "1029 W 2ND ST", "supplemental_address_text": "", "facility_city": "MAYSVILLE", "county_code": "KY161", "state_code": "KY", "epa_region_code": "04", "facility_type_code": "MWD", "facility_lat": 38.686944, "facility_lon": -83.786389, "permit_name": "Maysville STP", "version_nmbr": 0, "permit_type_code": "NPD", "effective_date": 1785542400000, "expiration_date": 1943222400000, "permit_status_code": "EFF", "facility_type_indicator": "POTW", "major_minor_status_flag": "M", "permit_tracking": "Y", "pt_start_date": 1785542400000, "dmr_tracking": "Y", "dmr_nr_start_date": 1785542400000, "permit_design_flow": 3.4, "permit_avg_flow": 1.138, "perm_feature_nmbr": "005", "perm_feature_text": "Untreated CSO from Short Street Pump Station CSO", "pf_lat": 38.6511, "pf_lon": -83.7693, "pf_character": "CSO|DSW", "perm_feature_type_code": "EXO", "pf_state_waterbody_name": "Ohio River", "pf_state_auto_name": "", "pf_reach_id": "", "in_icis": "YES", "echo_dfr_link": "https://echo.epa.gov/detailed-facility-report?fid=110000761104", "name": "MAYSVILLE STP", "feature_kind": "CSO outfall"}}, {"type": "Feature", "id": 1589, "geometry": {"type": "Point", "coordinates": [-83.7671995582238, 38.6502002376454]}, "properties": {"OBJECTID": 1589, "npdes_pfid": "KY0020257006", "npdes_id": "KY0020257", "permitting_state": "KY", "agency_type_code": "ST6", "facility_uin": "110000761104", "facility_name": "MAYSVILLE STP", "location_address": "1029 W 2ND ST", "supplemental_address_text": "", "facility_city": "MAYSVILLE", "county_code": "KY161", "state_code": "KY", "epa_region_code": "04", "facility_type_code": "MWD", "facility_lat": 38.686944, "facility_lon": -83.786389, "permit_name": "Maysville STP", "version_nmbr": 0, "permit_type_code": "NPD", "effective_date": 1785542400000, "expiration_date": 1943222400000, "permit_status_code": "EFF", "facility_type_indicator": "POTW", "major_minor_status_flag": "M", "permit_tracking": "Y", "pt_start_date": 1785542400000, "dmr_tracking": "Y", "dmr_nr_start_date": 1785542400000, "permit_design_flow": 3.4, "permit_avg_flow": 1.138, "perm_feature_nmbr": "006", "perm_feature_text": "Untreated CSO or Stormwater from Wall Street Pump Station CSO", "pf_lat": 38.6502, "pf_lon": -83.7672, "pf_character": "CSO|DSW", "perm_feature_type_code": "EXO", "pf_state_waterbody_name": "Ohio River", "pf_state_auto_name": "Ohio River", "pf_reach_id": "5090201000084", "in_icis": "YES", "echo_dfr_link": "https://echo.epa.gov/detailed-facility-report?fid=110000761104", "name": "MAYSVILLE STP", "feature_kind": "CSO outfall"}}, {"type": "Feature", "id": 1590, "geometry": {"type": "Point", "coordinates": [-83.7622004336676, 38.6480001101978]}, "properties": {"OBJECTID": 1590, "npdes_pfid": "KY0020257007", "npdes_id": "KY0020257", "permitting_state": "KY", "agency_type_code": "ST6", "facility_uin": "110000761104", "facility_name": "MAYSVILLE STP", "location_address": "1029 W 2ND ST", "supplemental_address_text": "", "facility_city": "MAYSVILLE", "county_code": "KY161", "state_code": "KY", "epa_region_code": "04", "facility_type_code": "MWD", "facility_lat": 38.686944, "facility_lon": -83.786389, "permit_name": "Maysville STP", "version_nmbr": 0, "permit_type_code": "NPD", "effective_date": 1785542400000, "expiration_date": 1943222400000, "permit_status_code": "EFF", "facility_type_indicator": "POTW", "major_minor_status_flag": "M", "permit_tracking": "Y", "pt_start_date": 1785542400000, "dmr_tracking": "Y", "dmr_nr_start_date": 1785542400000, "permit_design_flow": 3.4, "permit_avg_flow": 1.138, "perm_feature_nmbr": "007", "perm_feature_text": "Untreated CSO from Limestone Pump Station CSO", "pf_lat": 38.648, "pf_lon": -83.7622, "pf_character": "CSO|DSW", "perm_feature_type_code": "EXO", "pf_state_waterbody_name": "Ohio River", "pf_state_auto_name": "Limestone Creek", "pf_reach_id": "5090201000820", "in_icis": "YES", "echo_dfr_link": "https://echo.epa.gov/detailed-facility-report?fid=110000761104", "name": "MAYSVILLE STP", "feature_kind": "CSO outfall"}}, {"type": "Feature", "id": 1591, "geometry": {"type": "Point", "coordinates": [-83.7525004252297, 38.6461107248961]}, "properties": {"OBJECTID": 1591, "npdes_pfid": "KY0020257008", "npdes_id": "KY0020257", "permitting_state": "KY", "agency_type_code": "ST6", "facility_uin": "110000761104", "facility_name": "MAYSVILLE STP", "location_address": "1029 W 2ND ST", "supplemental_address_text": "", "facility_city": "MAYSVILLE", "county_code": "KY161", "state_code": "KY", "epa_region_code": "04", "facility_type_code": "MWD", "facility_lat": 38.686944, "facility_lon": -83.786389, "permit_name": "Maysville STP", "version_nmbr": 0, "permit_type_code": "NPD", "effective_date": 1785542400000, "expiration_date": 1943222400000, "permit_status_code": "EFF", "facility_type_indicator": "POTW", "major_minor_status_flag": "M", "permit_tracking": "Y", "pt_start_date": 1785542400000, "dmr_tracking": "Y", "dmr_nr_start_date": 1785542400000, "permit_design_flow": 3.4, "permit_avg_flow": 1.138, "perm_feature_nmbr": "008", "perm_feature_text": "Untreated Stormwater from Rotary Park CSO", "pf_lat": 38.646111, "pf_lon": -83.7525, "pf_character": "CSO|DSW", "perm_feature_type_code": "EXO", "pf_state_waterbody_name": "Limestone Creek", "pf_state_auto_name": "Ohio River", "pf_reach_id": "5090201000086", "in_icis": "YES", "echo_dfr_link": "https://echo.epa.gov/detailed-facility-report?fid=110000761104", "name": "MAYSVILLE STP", "feature_kind": "CSO outfall"}}, {"type": "Feature", "id": 1592, "geometry": {"type": "Point", "coordinates": [-83.7546941111535, 38.6458062296216]}, "properties": {"OBJECTID": 1592, "npdes_pfid": "KY0020257009", "npdes_id": "KY0020257", "permitting_state": "KY", "agency_type_code": "ST6", "facility_uin": "110000761104", "facility_name": "MAYSVILLE STP", "location_address": "1029 W 2ND ST", "supplemental_address_text": "", "facility_city": "MAYSVILLE", "county_code": "KY161", "state_code": "KY", "epa_region_code": "04", "facility_type_code": "MWD", "facility_lat": 38.686944, "facility_lon": -83.786389, "permit_name": "Maysville STP", "version_nmbr": 0, "permit_type_code": "NPD", "effective_date": 1785542400000, "expiration_date": 1943222400000, "permit_status_code": "EFF", "facility_type_indicator": "POTW", "major_minor_status_flag": "M", "permit_tracking": "Y", "pt_start_date": 1785542400000, "dmr_tracking": "Y", "dmr_nr_start_date": 1785542400000, "permit_design_flow": 3.4, "permit_avg_flow": 1.138, "perm_feature_nmbr": "009", "perm_feature_text": "Untreated CSO from Commerce Street CSO", "pf_lat": 38.645806, "pf_lon": -83.754694, "pf_character": "CSO|DSW", "perm_feature_type_code": "EXO", "pf_state_waterbody_name": "Ohio River", "pf_state_auto_name": "Ohio River", "pf_reach_id": "5090201000086", "in_icis": "YES", "echo_dfr_link": "https://echo.epa.gov/detailed-facility-report?fid=110000761104", "name": "MAYSVILLE STP", "feature_kind": "CSO outfall"}}, {"type": "Feature", "id": 1593, "geometry": {"type": "Point", "coordinates": [-83.7526998512228, 38.6455003298401]}, "properties": {"OBJECTID": 1593, "npdes_pfid": "KY0020257010", "npdes_id": "KY0020257", "permitting_state": "KY", "agency_type_code": "ST6", "facility_uin": "110000761104", "facility_name": "MAYSVILLE STP", "location_address": "1029 W 2ND ST", "supplemental_address_text": "", "facility_city": "MAYSVILLE", "county_code": "KY161", "state_code": "KY", "epa_region_code": "04", "facility_type_code": "MWD", "facility_lat": 38.686944, "facility_lon": -83.786389, "permit_name": "Maysville STP", "version_nmbr": 0, "permit_type_code": "NPD", "effective_date": 1785542400000, "expiration_date": 1943222400000, "permit_status_code": "EFF", "facility_type_indicator": "POTW", "major_minor_status_flag": "M", "permit_tracking": "Y", "pt_start_date": 1785542400000, "dmr_tracking": "Y", "dmr_nr_start_date": 1785542400000, "permit_design_flow": 3.4, "permit_avg_flow": 1.138, "perm_feature_nmbr": "010", "perm_feature_text": "Untreated CSO from Poplar Street CSO", "pf_lat": 38.6455, "pf_lon": -83.7527, "pf_character": "CSO|DSW", "perm_feature_type_code": "EXO", "pf_state_waterbody_name": "Ohio River", "pf_state_auto_name": "Ohio River", "pf_reach_id": "5090201000086", "in_icis": "YES", "echo_dfr_link": "https://echo.epa.gov/detailed-facility-report?fid=110000761104", "name": "MAYSVILLE STP", "feature_kind": "CSO outfall"}}, {"type": "Feature", "id": 1594, "geometry": {"type": "Point", "coordinates": [-83.7460999288304, 38.6444002024019]}, "properties": {"OBJECTID": 1594, "npdes_pfid": "KY0020257012", "npdes_id": "KY0020257", "permitting_state": "KY", "agency_type_code": "ST6", "facility_uin": "110000761104", "facility_name": "MAYSVILLE STP", "location_address": "1029 W 2ND ST", "supplemental_address_text": "", "facility_city": "MAYSVILLE", "county_code": "KY161", "state_code": "KY", "epa_region_code": "04", "facility_type_code": "MWD", "facility_lat": 38.686944, "facility_lon": -83.786389, "permit_name": "Maysville STP", "version_nmbr": 0, "permit_type_code": "NPD", "effective_date": 1785542400000, "expiration_date": 1943222400000, "permit_status_code": "EFF", "facility_type_indicator": "POTW", "major_minor_status_flag": "M", "permit_tracking": "Y", "pt_start_date": 1785542400000, "dmr_tracking": "Y", "dmr_nr_start_date": 1785542400000, "permit_design_flow": 3.4, "permit_avg_flow": 1.138, "perm_feature_nmbr": "012", "perm_feature_text": "Untreated CSO from Washington Avenue CSO", "pf_lat": 38.6444, "pf_lon": -83.7461, "pf_character": "CSO|DSW", "perm_feature_type_code": "EXO", "pf_state_waterbody_name": "Ohio River", "pf_state_auto_name": "Ohio River", "pf_reach_id": "5090201000086", "in_icis": "YES", "echo_dfr_link": "https://echo.epa.gov/detailed-facility-report?fid=110000761104", "name": "MAYSVILLE STP", "feature_kind": "CSO outfall"}}, {"type": "Feature", "id": 1595, "geometry": {"type": "Point", "coordinates": [-83.7350003451798, 38.6435996526224]}, "properties": {"OBJECTID": 1595, "npdes_pfid": "KY0020257013", "npdes_id": "KY0020257", "permitting_state": "KY", "agency_type_code": "ST6", "facility_uin": "110000761104", "facility_name": "MAYSVILLE STP", "location_address": "1029 W 2ND ST", "supplemental_address_text": "", "facility_city": "MAYSVILLE", "county_code": "KY161", "state_code": "KY", "epa_region_code": "04", "facility_type_code": "MWD", "facility_lat": 38.686944, "facility_lon": -83.786389, "permit_name": "Maysville STP", "version_nmbr": 0, "permit_type_code": "NPD", "effective_date": 1785542400000, "expiration_date": 1943222400000, "permit_status_code": "EFF", "facility_type_indicator": "POTW", "major_minor_status_flag": "M", "permit_tracking": "Y", "pt_start_date": 1785542400000, "dmr_tracking": "Y", "dmr_nr_start_date": 1785542400000, "permit_design_flow": 3.4, "permit_avg_flow": 1.138, "perm_feature_nmbr": "013", "perm_feature_text": "Untreated CSO from Goose Creek CSO", "pf_lat": 38.6436, "pf_lon": -83.735, "pf_character": "CSO|DSW", "perm_feature_type_code": "EXO", "pf_state_waterbody_name": "Ohio River", "pf_state_auto_name": "Goose Creek", "pf_reach_id": "5090201002312", "in_icis": "YES", "echo_dfr_link": "https://echo.epa.gov/detailed-facility-report?fid=110000761104", "name": "MAYSVILLE STP", "feature_kind": "CSO outfall"}}, {"type": "Feature", "id": 1596, "geometry": {"type": "Point", "coordinates": [-83.7601935973229, 38.642999760642]}, "properties": {"OBJECTID": 1596, "npdes_pfid": "KY0020257014", "npdes_id": "KY0020257", "permitting_state": "KY", "agency_type_code": "ST6", "facility_uin": "110000761104", "facility_name": "MAYSVILLE STP", "location_address": "1029 W 2ND ST", "supplemental_address_text": "", "facility_city": "MAYSVILLE", "county_code": "KY161", "state_code": "KY", "epa_region_code": "04", "facility_type_code": "MWD", "facility_lat": 38.686944, "facility_lon": -83.786389, "permit_name": "Maysville STP", "version_nmbr": 0, "permit_type_code": "NPD", "effective_date": 1785542400000, "expiration_date": 1943222400000, "permit_status_code": "EFF", "facility_type_indicator": "POTW", "major_minor_status_flag": "M", "permit_tracking": "Y", "pt_start_date": 1785542400000, "dmr_tracking": "Y", "dmr_nr_start_date": 1785542400000, "permit_design_flow": 3.4, "permit_avg_flow": 1.138, "perm_feature_nmbr": "014", "perm_feature_text": "Untreated CSO from Diversion Manhole 3.1 CSO", "pf_lat": 38.643, "pf_lon": -83.760194, "pf_character": "CSO|DSW", "perm_feature_type_code": "EXO", "pf_state_waterbody_name": "Ohio River", "pf_state_auto_name": "", "pf_reach_id": "", "in_icis": "YES", "echo_dfr_link": "https://echo.epa.gov/detailed-facility-report?fid=110000761104", "name": "MAYSVILLE STP", "feature_kind": "CSO outfall"}}, {"type": "Feature", "id": 1597, "geometry": {"type": "Point", "coordinates": [-83.7601998855299, 38.0763002958944]}, "properties": {"OBJECTID": 1597, "npdes_pfid": "KY0020257015", "npdes_id": "KY0020257", "permitting_state": "KY", "agency_type_code": "ST6", "facility_uin": "110000761104", "facility_name": "MAYSVILLE STP", "location_address": "1029 W 2ND ST", "supplemental_address_text": "", "facility_city": "MAYSVILLE", "county_code": "KY161", "state_code": "KY", "epa_region_code": "04", "facility_type_code": "MWD", "facility_lat": 38.686944, "facility_lon": -83.786389, "permit_name": "Maysville STP", "version_nmbr": 0, "permit_type_code": "NPD", "effective_date": 1785542400000, "expiration_date": 1943222400000, "permit_status_code": "EFF", "facility_type_indicator": "POTW", "major_minor_status_flag": "M", "permit_tracking": "Y", "pt_start_date": 1785542400000, "dmr_tracking": "Y", "dmr_nr_start_date": 1785542400000, "permit_design_flow": 3.4, "permit_avg_flow": 1.138, "perm_feature_nmbr": "015", "perm_feature_text": "Untreated CSO from Diversion Manhole 5.1 Burley CSO", "pf_lat": 38.0763, "pf_lon": -83.7602, "pf_character": "CSO|DSW", "perm_feature_type_code": "EXO", "pf_state_waterbody_name": "Limestone Creek", "pf_state_auto_name": "Limestone Creek", "pf_reach_id": "5090201000820", "in_icis": "YES", "echo_dfr_link": "https://echo.epa.gov/detailed-facility-report?fid=110000761104", "name": "MAYSVILLE STP", "feature_kind": "CSO outfall"}}, {"type": "Feature", "id": 1598, "geometry": {"type": "Point", "coordinates": [-83.7596105907035, 38.643305671098]}, "properties": {"OBJECTID": 1598, "npdes_pfid": "KY0020257016", "npdes_id": "KY0020257", "permitting_state": "KY", "agency_type_code": "ST6", "facility_uin": "110000761104", "facility_name": "MAYSVILLE STP", "location_address": "1029 W 2ND ST", "supplemental_address_text": "", "facility_city": "MAYSVILLE", "county_code": "KY161", "state_code": "KY", "epa_region_code": "04", "facility_type_code": "MWD", "facility_lat": 38.686944, "facility_lon": -83.786389, "permit_name": "Maysville STP", "version_nmbr": 0, "permit_type_code": "NPD", "effective_date": 1785542400000, "expiration_date": 1943222400000, "permit_status_code": "EFF", "facility_type_indicator": "POTW", "major_minor_status_flag": "M", "permit_tracking": "Y", "pt_start_date": 1785542400000, "dmr_tracking": "Y", "dmr_nr_start_date": 1785542400000, "permit_design_flow": 3.4, "permit_avg_flow": 1.138, "perm_feature_nmbr": "016", "perm_feature_text": "Untreated CSO from Kehoe Viaduct CSO", "pf_lat": 38.643306, "pf_lon": -83.759611, "pf_character": "CSO|DSW", "perm_feature_type_code": "EXO", "pf_state_waterbody_name": "Ohio River", "pf_state_auto_name": "", "pf_reach_id": "", "in_icis": "YES", "echo_dfr_link": "https://echo.epa.gov/detailed-facility-report?fid=110000761104", "name": "MAYSVILLE STP", "feature_kind": "CSO outfall"}}, {"type": "Feature", "id": 1599, "geometry": {"type": "Point", "coordinates": [-87.6133328539203, 37.8230558036493]}, "properties": {"OBJECTID": 1599, "npdes_pfid": "KY0020711002", "npdes_id": "KY0020711", "permitting_state": "KY", "agency_type_code": "ST6", "facility_uin": "110000732235", "facility_name": "HENDERSON STP", "location_address": "205 DRURY LN", "supplemental_address_text": "", "facility_city": "HENDERSON", "county_code": "KY101", "state_code": "KY", "epa_region_code": "04", "facility_type_code": "MWD", "facility_lat": 37.816111, "facility_lon": -87.621389, "permit_name": "Henderson STP", "version_nmbr": 0, "permit_type_code": "NPD", "effective_date": 1262304000000, "expiration_date": 1419984000000, "permit_status_code": "ADC", "facility_type_indicator": "POTW", "major_minor_status_flag": "M", "permit_tracking": "Y", "pt_start_date": 1262304000000, "dmr_tracking": "Y", "dmr_nr_start_date": 1262304000000, "permit_design_flow": 15, "permit_avg_flow": 6.832, "perm_feature_nmbr": "002", "perm_feature_text": "", "pf_lat": 37.823056, "pf_lon": -87.613333, "pf_character": "CSO|DSW", "perm_feature_type_code": "EXO", "pf_state_waterbody_name": "OHIO RIVER", "pf_state_auto_name": "Ohio River", "pf_reach_id": "5140202000046", "in_icis": "YES", "echo_dfr_link": "https://echo.epa.gov/detailed-facility-report?fid=110000732235", "name": "HENDERSON STP", "feature_kind": "CSO outfall"}}, {"type": "Feature", "id": 1600, "geometry": {"type": "Point", "coordinates": [-87.6066673545122, 37.8288890854642]}, "properties": {"OBJECTID": 1600, "npdes_pfid": "KY0020711003", "npdes_id": "KY0020711", "permitting_state": "KY", "agency_type_code": "ST6", "facility_uin": "110000732235", "facility_name": "HENDERSON STP", "location_address": "205 DRURY LN", "supplemental_address_text": "", "facility_city": "HENDERSON", "county_code": "KY101", "state_code": "KY", "epa_region_code": "04", "facility_type_code": "MWD", "facility_lat": 37.816111, "facility_lon": -87.621389, "permit_name": "Henderson STP", "version_nmbr": 0, "permit_type_code": "NPD", "effective_date": 1262304000000, "expiration_date": 1419984000000, "permit_status_code": "ADC", "facility_type_indicator": "POTW", "major_minor_status_flag": "M", "permit_tracking": "Y", "pt_start_date": 1262304000000, "dmr_tracking": "Y", "dmr_nr_start_date": 1262304000000, "permit_design_flow": 15, "permit_avg_flow": 6.832, "perm_feature_nmbr": "003", "perm_feature_text": "", "pf_lat": 37.828889, "pf_lon": -87.606667, "pf_character": "CSO|DSW", "perm_feature_type_code": "EXO", "pf_state_waterbody_name": "OHIO RIVER", "pf_state_auto_name": "Ohio River", "pf_reach_id": "5140202000046", "in_icis": "YES", "echo_dfr_link": "https://echo.epa.gov/detailed-facility-report?fid=110000732235", "name": "HENDERSON STP", "feature_kind": "CSO outfall"}}, {"type": "Feature", "id": 1601, "geometry": {"type": "Point", "coordinates": [-87.6025000699092, 37.8327779203352]}, "properties": {"OBJECTID": 1601, "npdes_pfid": "KY0020711004", "npdes_id": "KY0020711", "permitting_state": "KY", "agency_type_code": "ST6", "facility_uin": "110000732235", "facility_name": "HENDERSON STP", "location_address": "205 DRURY LN", "supplemental_address_text": "", "facility_city": "HENDERSON", "county_code": "KY101", "state_code": "KY", "epa_region_code": "04", "facility_type_code": "MWD", "facility_lat": 37.816111, "facility_lon": -87.621389, "permit_name": "Henderson STP", "version_nmbr": 0, "permit_type_code": "NPD", "effective_date": 1262304000000, "expiration_date": 1419984000000, "permit_status_code": "ADC", "facility_type_indicator": "POTW", "major_minor_status_flag": "M", "permit_tracking": "Y", "pt_start_date": 1262304000000, "dmr_tracking": "Y", "dmr_nr_start_date": 1262304000000, "permit_design_flow": 15, "permit_avg_flow": 6.832, "perm_feature_nmbr": "004", "perm_feature_text": "", "pf_lat": 37.832778, "pf_lon": -87.6025, "pf_character": "CSO|DSW", "perm_feature_type_code": "EXO", "pf_state_waterbody_name": "OHIO RIVER", "pf_state_auto_name": "Ohio River", "pf_reach_id": "5140202000046", "in_icis": "YES", "echo_dfr_link": "https://echo.epa.gov/detailed-facility-report?fid=110000732235", "name": "HENDERSON STP", "feature_kind": "CSO outfall"}}]}