{"type": "FeatureCollection", "features": [{"type": "Feature", "properties": {"PWSID": "UTAH27015", "PWS_Name": "ST GEORGE CITY WATER SYSTEM", "Primacy_Agency": "UT", "Population_Served_Count": 105240, "Service_Connections_Count": 33106, "Service_Area_Type": "Residential Area", "Verification_Status": "", "Area_SqKM": 199.02004816705403}, "geometry": {"type": "Point", "coordinates": [-113.59450307897, 37.11600311026794]}}, {"type": "Feature", "properties": {"PWSID": "UTAH27007", "PWS_Name": "HURRICANE CITY", "Primacy_Agency": "UT", "Population_Served_Count": 25555, "Service_Connections_Count": 7448, "Service_Area_Type": "Residential Area", "Verification_Status": "", "Area_SqKM": 137.52774283854413}, "geometry": {"type": "Point", "coordinates": [-113.33518751338109, 37.153619798537015]}}, {"type": "Feature", "properties": {"PWSID": "UTAH27021", "PWS_Name": "WASHINGTON CITY", "Primacy_Agency": "UT", "Population_Served_Count": 45865, "Service_Connections_Count": 15730, "Service_Area_Type": "Residential Area", "Verification_Status": "", "Area_SqKM": 93.86456092492072}, "geometry": {"type": "Point", "coordinates": [-113.4829564202993, 37.1203562865298]}}, {"type": "Feature", "properties": {"PWSID": "UTAH27010", "PWS_Name": "LEEDS DOMESTIC WATER USERS ASSOCIATION", "Primacy_Agency": "UT", "Population_Served_Count": 800, "Service_Connections_Count": 382, "Service_Area_Type": "Residential Area", "Verification_Status": "", "Area_SqKM": 16.112564017245827}, "geometry": {"type": "Point", "coordinates": [-113.35319687067366, 37.24431125038656]}}, {"type": "Feature", "properties": {"PWSID": "UTAH27016", "PWS_Name": "SANTA CLARA CITY", "Primacy_Agency": "UT", "Population_Served_Count": 9000, "Service_Connections_Count": 3284, "Service_Area_Type": "Residential Area", "Verification_Status": "", "Area_SqKM": 15.916977627356587}, "geometry": {"type": "Point", "coordinates": [-113.64277375743595, 37.129853092520996]}}, {"type": "Feature", "properties": {"PWSID": "UTAH27019", "PWS_Name": "VEYO CULINARY WATER ASSN", "Primacy_Agency": "UT", "Population_Served_Count": 500, "Service_Connections_Count": 319, "Service_Area_Type": "Residential Area", "Verification_Status": "", "Area_SqKM": 15.527557459463853}, "geometry": {"type": "Point", "coordinates": [-113.69118934524911, 37.346915426951085]}}, {"type": "Feature", "properties": {"PWSID": "UTAH16004", "PWS_Name": "KINGSTON TOWN WATER SYSTEM", "Primacy_Agency": "UT", "Population_Served_Count": 180, "Service_Connections_Count": 94, "Service_Area_Type": "Residential Area", "Verification_Status": "", "Area_SqKM": 13.843548784771038}, "geometry": {"type": "Point", "coordinates": [-112.19051354001206, 38.21802464496658]}}, {"type": "Feature", "properties": {"PWSID": "UTAH01004", "PWS_Name": "MINERSVILLE WATER SYSTEM", "Primacy_Agency": "UT", "Population_Served_Count": 825, "Service_Connections_Count": 354, "Service_Area_Type": "Residential Area", "Verification_Status": "", "Area_SqKM": 13.560548153751022}, "geometry": {"type": "Point", "coordinates": [-112.93294957549386, 38.22024126222284]}}, {"type": "Feature", "properties": {"PWSID": "UTAH27077", "PWS_Name": "MOUNTAIN SPRINGS WATER CO", "Primacy_Agency": "UT", "Population_Served_Count": 660, "Service_Connections_Count": 259, "Service_Area_Type": "Residential Area", "Verification_Status": "", "Area_SqKM": 12.18570391900388}, "geometry": {"type": "Point", "coordinates": [-113.25435030276681, 37.436423710838724]}}, {"type": "Feature", "properties": {"PWSID": "UTAH11010", "PWS_Name": "PAROWAN CITY WATER SYSTEM", "Primacy_Agency": "UT", "Population_Served_Count": 3000, "Service_Connections_Count": 1653, "Service_Area_Type": "Residential Area", "Verification_Status": "", "Area_SqKM": 11.317109939442739}, "geometry": {"type": "Point", "coordinates": [-112.84147548165011, 37.84149826494804]}}, {"type": "Feature", "properties": {"PWSID": "UTAH27017", "PWS_Name": "SPRINGDALE TOWN WATER SYSTEM", "Primacy_Agency": "UT", "Population_Served_Count": 529, "Service_Connections_Count": 367, "Service_Area_Type": "Residential Area", "Verification_Status": "", "Area_SqKM": 11.202754773897563}, "geometry": {"type": "Point", "coordinates": [-113.01126787152789, 37.175207778589446]}}, {"type": "Feature", "properties": {"PWSID": "UTAH09005", "PWS_Name": "HATCH TOWN WATER SYSTEM", "Primacy_Agency": "UT", "Population_Served_Count": 234, "Service_Connections_Count": 111, "Service_Area_Type": "Residential Area", "Verification_Status": "", "Area_SqKM": 4.816677340701176}, "geometry": {"type": "Point", "coordinates": [-112.43404167371231, 37.652361489474245]}}, {"type": "Feature", "properties": {"PWSID": "UTAH27051", "PWS_Name": "ZION CANYON WATER SYSTEM", "Primacy_Agency": "UT", "Population_Served_Count": 3380, "Service_Connections_Count": 44, "Service_Area_Type": "Residential Area", "Verification_Status": "", "Area_SqKM": 3.3686872759613826}, "geometry": {"type": "Point", "coordinates": [-112.97273325901647, 37.22266678360321]}}, {"type": "Feature", "properties": {"PWSID": "UTAH11089", "PWS_Name": "BUMBLEBEE WATER SYSTEM", "Primacy_Agency": "UT", "Population_Served_Count": 75, "Service_Connections_Count": 56, "Service_Area_Type": "Residential Area", "Verification_Status": "", "Area_SqKM": 3.02073361218108}, "geometry": {"type": "Point", "coordinates": [-113.23710867519225, 37.61657923758671]}}, {"type": "Feature", "properties": {"PWSID": "UTAH27086", "PWS_Name": "NORTH VALLEY RANCHES SUB", "Primacy_Agency": "UT", "Population_Served_Count": 78, "Service_Connections_Count": 44, "Service_Area_Type": "Other Area", "Verification_Status": "", "Area_SqKM": 2.9957798937838542}, "geometry": {"type": "Point", "coordinates": [-113.28071429340366, 37.495501780005604]}}, {"type": "Feature", "properties": {"PWSID": "UTAH27003", "PWS_Name": "DIXIE DEER SSD", "Primacy_Agency": "UT", "Population_Served_Count": 482, "Service_Connections_Count": 350, "Service_Area_Type": "Residential Area", "Verification_Status": "", "Area_SqKM": 2.7971727352598914}, "geometry": {"type": "Point", "coordinates": [-113.62506270579742, 37.42124952527437]}}, {"type": "Feature", "properties": {"PWSID": "UTAH27049", "PWS_Name": "WINCHESTER HILLS WATER CO", "Primacy_Agency": "UT", "Population_Served_Count": 950, "Service_Connections_Count": 365, "Service_Area_Type": "Residential Area", "Verification_Status": "", "Area_SqKM": 2.3446048396463666}, "geometry": {"type": "Point", "coordinates": [-113.61639707784622, 37.205567849953205]}}, {"type": "Feature", "properties": {"PWSID": "UTAH09085", "PWS_Name": "PAUNSAUGUNT CLIFFS SSD", "Primacy_Agency": "UT", "Population_Served_Count": 56, "Service_Connections_Count": 52, "Service_Area_Type": "Other Area", "Verification_Status": "", "Area_SqKM": 2.117067894749701}, "geometry": {"type": "Point", "coordinates": [-112.38770673622209, 37.665741745308694]}}, {"type": "Feature", "properties": {"PWSID": "UTAH27079", "PWS_Name": "HARMONY FARMS WATER USERS", "Primacy_Agency": "UT", "Population_Served_Count": 314, "Service_Connections_Count": 138, "Service_Area_Type": "Residential Area", "Verification_Status": "", "Area_SqKM": 2.1156229104947655}, "geometry": {"type": "Point", "coordinates": [-113.23358973074656, 37.472729063421895]}}, {"type": "Feature", "properties": {"PWSID": "UTAH11014", "PWS_Name": "PARAGONAH TOWN WATER SYSTEM", "Primacy_Agency": "UT", "Population_Served_Count": 600, "Service_Connections_Count": 272, "Service_Area_Type": "Residential Area", "Verification_Status": "", "Area_SqKM": 2.0903553765951663}, "geometry": {"type": "Point", "coordinates": [-112.77144915002198, 37.886284677479196]}}, {"type": "Feature", "properties": {"PWSID": "UTAH27073", "PWS_Name": "WASHINGTON COUNTY WCD - SAND HOLLOW", "Primacy_Agency": "UT", "Population_Served_Count": 425, "Service_Connections_Count": 193, "Service_Area_Type": "Residential Area", "Verification_Status": "", "Area_SqKM": 1.998631447897255}, "geometry": {"type": "Point", "coordinates": [-113.31470699229966, 37.104369643579254]}}, {"type": "Feature", "properties": {"PWSID": "UTAH11042", "PWS_Name": "CEDAR HIGHLANDS SUBDIVISION", "Primacy_Agency": "UT", "Population_Served_Count": 100, "Service_Connections_Count": 100, "Service_Area_Type": "Recreation Area", "Verification_Status": "", "Area_SqKM": 1.7006291633092614}, "geometry": {"type": "Point", "coordinates": [-113.04098349998239, 37.63447609445197]}}, {"type": "Feature", "properties": {"PWSID": "UTAH27093", "PWS_Name": "BIG PLAINS WATER SSD - CANAAN RANCH", "Primacy_Agency": "UT", "Population_Served_Count": 62, "Service_Connections_Count": 15, "Service_Area_Type": "Residential Area", "Verification_Status": "", "Area_SqKM": 1.6926993240172326}, "geometry": {"type": "Point", "coordinates": [-113.03395134450727, 37.0393039554993]}}, {"type": "Feature", "properties": {"PWSID": "UTAH11052", "PWS_Name": "SPRING CREEK WATER USERS", "Primacy_Agency": "UT", "Population_Served_Count": 204, "Service_Connections_Count": 91, "Service_Area_Type": "Residential Area", "Verification_Status": "", "Area_SqKM": 0.871280079696995}, "geometry": {"type": "Point", "coordinates": [-113.1418510331819, 37.650950355572036]}}, {"type": "Feature", "properties": {"PWSID": "UTAH11015", "PWS_Name": "MID VALLEY ESTATES", "Primacy_Agency": "UT", "Population_Served_Count": 750, "Service_Connections_Count": 245, "Service_Area_Type": "Residential Area", "Verification_Status": "", "Area_SqKM": 0.8111955610724676}, "geometry": {"type": "Point", "coordinates": [-113.1059497897093, 37.7713163701567]}}, {"type": "Feature", "properties": {"PWSID": "UTAH11070", "PWS_Name": "IRONTOWN", "Primacy_Agency": "UT", "Population_Served_Count": 75, "Service_Connections_Count": 55, "Service_Area_Type": "Residential Area", "Verification_Status": "", "Area_SqKM": 0.6918263864394946}, "geometry": {"type": "Point", "coordinates": [-113.44619065308015, 37.6015618406642]}}, {"type": "Feature", "properties": {"PWSID": "UTAH11053", "PWS_Name": "BUENA VISTA COMMUNITY", "Primacy_Agency": "UT", "Population_Served_Count": 440, "Service_Connections_Count": 131, "Service_Area_Type": "Residential Area", "Verification_Status": "", "Area_SqKM": 0.6488702985775286}, "geometry": {"type": "Point", "coordinates": [-113.13650021478429, 37.688222385442906]}}, {"type": "Feature", "properties": {"PWSID": "UTAH11087", "PWS_Name": "CHEKSHANI CLIFFS HOA", "Primacy_Agency": "UT", "Population_Served_Count": 120, "Service_Connections_Count": 70, "Service_Area_Type": "Residential Area", "Verification_Status": "", "Area_SqKM": 0.6471400313444955}, "geometry": {"type": "Point", "coordinates": [-113.20240051654305, 37.500256805632844]}}, {"type": "Feature", "properties": {"PWSID": "UTAH11011", "PWS_Name": "SUMMIT CULINARY WATER", "Primacy_Agency": "UT", "Population_Served_Count": 220, "Service_Connections_Count": 87, "Service_Area_Type": "Residential Area", "Verification_Status": "", "Area_SqKM": 0.5235871067652892}, "geometry": {"type": "Point", "coordinates": [-112.93549969648448, 37.802559044875416]}}, {"type": "Feature", "properties": {"PWSID": "UTAH11037", "PWS_Name": "MOUNTAIN VIEW SSD", "Primacy_Agency": "UT", "Population_Served_Count": 120, "Service_Connections_Count": 76, "Service_Area_Type": "Residential Area", "Verification_Status": "", "Area_SqKM": 0.48449981467984676}, "geometry": {"type": "Point", "coordinates": [-113.18896730994891, 37.69994637991676]}}, {"type": "Feature", "properties": {"PWSID": "UTAH11058", "PWS_Name": "FLYING L SUBDIVISION", "Primacy_Agency": "UT", "Population_Served_Count": 220, "Service_Connections_Count": 66, "Service_Area_Type": "Residential Area", "Verification_Status": "", "Area_SqKM": 0.4820935787322786}, "geometry": {"type": "Point", "coordinates": [-113.08990933316134, 37.724026808352974]}}, {"type": "Feature", "properties": {"PWSID": "UTAH11048", "PWS_Name": "RAINBOW RANCHOS", "Primacy_Agency": "UT", "Population_Served_Count": 291, "Service_Connections_Count": 97, "Service_Area_Type": "Residential Area", "Verification_Status": "", "Area_SqKM": 0.4721549215750421}, "geometry": {"type": "Point", "coordinates": [-113.15812362833542, 37.615342814235575]}}, {"type": "Feature", "properties": {"PWSID": "UTAH27002", "PWS_Name": "CENTRAL CULINARY WATER CO", "Primacy_Agency": "UT", "Population_Served_Count": 35, "Service_Connections_Count": 31, "Service_Area_Type": "Residential Area", "Verification_Status": "", "Area_SqKM": 0.45427624218649376}, "geometry": {"type": "Point", "coordinates": [-113.62336676401935, 37.41557520812473]}}, {"type": "Feature", "properties": {"PWSID": "UTAH01005", "PWS_Name": "MANDERFIELD CULINARY WATER COMPANY", "Primacy_Agency": "UT", "Population_Served_Count": 35, "Service_Connections_Count": 23, "Service_Area_Type": "Residential Area", "Verification_Status": "", "Area_SqKM": 0.35067413168915096}, "geometry": {"type": "Point", "coordinates": [-112.6409348713515, 38.359010685569935]}}, {"type": "Feature", "properties": {"PWSID": "UTAH11043", "PWS_Name": "OLD MEADOWS WATER CO", "Primacy_Agency": "UT", "Population_Served_Count": 74, "Service_Connections_Count": 24, "Service_Area_Type": "Residential Area", "Verification_Status": "", "Area_SqKM": 0.34380673002609263}, "geometry": {"type": "Point", "coordinates": [-113.0977620797808, 37.77436441986494]}}, {"type": "Feature", "properties": {"PWSID": "UTAH11036", "PWS_Name": "MONTE VISTA COMMUNITY WATER CO", "Primacy_Agency": "UT", "Population_Served_Count": 150, "Service_Connections_Count": 57, "Service_Area_Type": "Residential Area", "Verification_Status": "", "Area_SqKM": 0.3429600273425647}, "geometry": {"type": "Point", "coordinates": [-113.1265947601778, 37.689483219799264]}}, {"type": "Feature", "properties": {"PWSID": "UTAH27071", "PWS_Name": "WASHINGTON COUNTY WCD - COTTAM", "Primacy_Agency": "UT", "Population_Served_Count": 130, "Service_Connections_Count": 69, "Service_Area_Type": "Residential Area", "Verification_Status": "", "Area_SqKM": 0.342022372781837}, "geometry": {"type": "Point", "coordinates": [-113.32681171095678, 37.25867432219766]}}, {"type": "Feature", "properties": {"PWSID": "UTAH13042", "PWS_Name": "ELKRIDGE WATER COMPANY", "Primacy_Agency": "UT", "Population_Served_Count": 178, "Service_Connections_Count": 200, "Service_Area_Type": "Residential Area", "Verification_Status": "", "Area_SqKM": 0.29321543777935005}, "geometry": {"type": "Point", "coordinates": [-112.5154733299125, 37.49142255007724]}}, {"type": "Feature", "properties": {"PWSID": "UTAH11067", "PWS_Name": "ALLARD RANCH WATER CO", "Primacy_Agency": "UT", "Population_Served_Count": 30, "Service_Connections_Count": 16, "Service_Area_Type": "Other Area", "Verification_Status": "", "Area_SqKM": 0.260349454082476}, "geometry": {"type": "Point", "coordinates": [-112.9011897497775, 37.81580444992895]}}, {"type": "Feature", "properties": {"PWSID": "UTAH11023", "PWS_Name": "ESCALANTE VALLEY SCHOOL", "Primacy_Agency": "UT", "Population_Served_Count": 210, "Service_Connections_Count": 9, "Service_Area_Type": "School", "Verification_Status": "", "Area_SqKM": 0.19945841766137454}, "geometry": {"type": "Point", "coordinates": [-113.6533198164595, 37.7116442499456]}}, {"type": "Feature", "properties": {"PWSID": "UTAH11099", "PWS_Name": "FOOTHILL WATER USERS ASSOCIATION", "Primacy_Agency": "UT", "Population_Served_Count": 28, "Service_Connections_Count": 13, "Service_Area_Type": "Mobile Home Park - Principal Residence", "Verification_Status": "", "Area_SqKM": 0.152731308726749}, "geometry": {"type": "Point", "coordinates": [-112.74648126107888, 37.915285961003796]}}, {"type": "Feature", "properties": {"PWSID": "UTAH27088", "PWS_Name": "THREE POINTS CENTER", "Primacy_Agency": "UT", "Population_Served_Count": 25, "Service_Connections_Count": 4, "Service_Area_Type": "Other Residential", "Verification_Status": "", "Area_SqKM": 0.10703449724300627}, "geometry": {"type": "Point", "coordinates": [-113.25557694274057, 37.12831533560501]}}, {"type": "Feature", "properties": {"PWSID": "UTAH11012", "PWS_Name": "ESCALANTE VALLEY HOUSING", "Primacy_Agency": "UT", "Population_Served_Count": 51, "Service_Connections_Count": 31, "Service_Area_Type": "Residential Area", "Verification_Status": "", "Area_SqKM": 0.04832522619647973}, "geometry": {"type": "Point", "coordinates": [-113.6502906397096, 37.70871068017554]}}, {"type": "Feature", "properties": {"PWSID": "UTAH21046", "PWS_Name": "COVE SPECIAL SERVICE DISTRICT", "Primacy_Agency": "UT", "Population_Served_Count": 115, "Service_Connections_Count": 70, "Service_Area_Type": "Residential Area", "Verification_Status": "", "Area_SqKM": 4.2102908027633115}, "geometry": {"type": "Point", "coordinates": [-112.24805117813678, 38.58996979372936]}}, {"type": "Feature", "properties": {"PWSID": "UTAH21009", "PWS_Name": "JOSEPH TOWN", "Primacy_Agency": "UT", "Population_Served_Count": 350, "Service_Connections_Count": 189, "Service_Area_Type": "Residential Area", "Verification_Status": "", "Area_SqKM": 3.419879865831736}, "geometry": {"type": "Point", "coordinates": [-112.2172638595008, 38.62991130938017]}}, {"type": "Feature", "properties": {"PWSID": "UTAH21011", "PWS_Name": "MONROE CITY", "Primacy_Agency": "UT", "Population_Served_Count": 2200, "Service_Connections_Count": 923, "Service_Area_Type": "Residential Area", "Verification_Status": "", "Area_SqKM": 8.81302818450695}, "geometry": {"type": "Point", "coordinates": [-112.12960340143344, 38.63583399507341]}}, {"type": "Feature", "properties": {"PWSID": "UTAH21017", "PWS_Name": "SOUTH MONROE CULINARY WATER CO", "Primacy_Agency": "UT", "Population_Served_Count": 25, "Service_Connections_Count": 14, "Service_Area_Type": "Residential Area", "Verification_Status": "", "Area_SqKM": 2.9188854055354994}, "geometry": {"type": "Point", "coordinates": [-112.12918016013387, 38.60414159998035]}}, {"type": "Feature", "properties": {"PWSID": "UTAH21004", "PWS_Name": "BROOKLYN TAPLINE CO INC", "Primacy_Agency": "UT", "Population_Served_Count": 155, "Service_Connections_Count": 58, "Service_Area_Type": "Residential Area", "Verification_Status": "", "Area_SqKM": 1.4336836070550734}, "geometry": {"type": "Point", "coordinates": [-112.15384233401826, 38.65477397798018]}}, {"type": "Feature", "properties": {"PWSID": "UTAH13037", "PWS_Name": "NEW PARIA SUBDIVISION", "Primacy_Agency": "UT", "Population_Served_Count": 40, "Service_Connections_Count": 26, "Service_Area_Type": "Residential Area", "Verification_Status": "", "Area_SqKM": 1.8016401132332929}, "geometry": {"type": "Point", "coordinates": [-111.92085555984991, 37.10466841002904]}}, {"type": "Feature", "properties": {"PWSID": "UTAH13003", "PWS_Name": "GLEN CANYON SSD OF BIG WATER", "Primacy_Agency": "UT", "Population_Served_Count": 480, "Service_Connections_Count": 338, "Service_Area_Type": "Residential Area", "Verification_Status": "", "Area_SqKM": 4.223535787760326}, "geometry": {"type": "Point", "coordinates": [-111.65430840702577, 37.06976891430616]}}, {"type": "Feature", "properties": {"PWSID": "UTAH13002", "PWS_Name": "CHURCH WELLS SSD", "Primacy_Agency": "UT", "Population_Served_Count": 200, "Service_Connections_Count": 95, "Service_Area_Type": "Residential Area", "Verification_Status": "", "Area_SqKM": 2.647070352510551}, "geometry": {"type": "Point", "coordinates": [-111.77209799994712, 37.1009661625949]}}, {"type": "Feature", "properties": {"PWSID": "UTAH13060", "PWS_Name": "CLARK BENCH WATER COMPANY", "Primacy_Agency": "UT", "Population_Served_Count": 45, "Service_Connections_Count": 17, "Service_Area_Type": "Other Area", "Verification_Status": "", "Area_SqKM": 1.3268151564318378}, "geometry": {"type": "Point", "coordinates": [-111.8276259202238, 37.11325217937844]}}, {"type": "Feature", "properties": {"PWSID": "UTAH09003", "PWS_Name": "CANNONVILLE TOWN WATER SYSTEM", "Primacy_Agency": "UT", "Population_Served_Count": 245, "Service_Connections_Count": 110, "Service_Area_Type": "Residential Area", "Verification_Status": "", "Area_SqKM": 6.65847902720951}, "geometry": {"type": "Point", "coordinates": [-112.05180176375603, 37.56604596240785]}}, {"type": "Feature", "properties": {"PWSID": "UTAH09012", "PWS_Name": "RUBYS INN", "Primacy_Agency": "UT", "Population_Served_Count": 700, "Service_Connections_Count": 60, "Service_Area_Type": "Hotel/Motel", "Verification_Status": "", "Area_SqKM": 5.295826884689705}, "geometry": {"type": "Point", "coordinates": [-112.15006932381273, 37.67624232367476]}}, {"type": "Feature", "properties": {"PWSID": "UTAH09045", "PWS_Name": "BRYCE CANYON NATIONAL PARK", "Primacy_Agency": "UT", "Population_Served_Count": 351, "Service_Connections_Count": 35, "Service_Area_Type": "Recreation Area", "Verification_Status": "", "Area_SqKM": 8.20201236487317}, "geometry": {"type": "Point", "coordinates": [-112.15927663240498, 37.63902196812932]}}, {"type": "Feature", "properties": {"PWSID": "UTAH09008", "PWS_Name": "TROPIC TOWN WATER SYSTEM", "Primacy_Agency": "UT", "Population_Served_Count": 586, "Service_Connections_Count": 262, "Service_Area_Type": "Residential Area", "Verification_Status": "", "Area_SqKM": 19.614733744895656}, "geometry": {"type": "Point", "coordinates": [-112.1003297632826, 37.6280664000209]}}, {"type": "Feature", "properties": {"PWSID": "UTAH11006", "PWS_Name": "KANARRAVILLE TOWN WATER SYSTEM", "Primacy_Agency": "UT", "Population_Served_Count": 355, "Service_Connections_Count": 238, "Service_Area_Type": "Residential Area", "Verification_Status": "", "Area_SqKM": 1.2140583283097608}, "geometry": {"type": "Point", "coordinates": [-113.18394354839373, 37.53699577579086]}}, {"type": "Feature", "properties": {"PWSID": "UTAH27061", "PWS_Name": "PINE VALLEY MT FARMS", "Primacy_Agency": "UT", "Population_Served_Count": 100, "Service_Connections_Count": 56, "Service_Area_Type": "Residential Area", "Verification_Status": "", "Area_SqKM": 1.2759667604800886}, "geometry": {"type": "Point", "coordinates": [-113.66248082396329, 37.36485410473444]}}, {"type": "Feature", "properties": {"PWSID": "UTAH27082", "PWS_Name": "HARMONY HEIGHTS WATER COMPANY", "Primacy_Agency": "UT", "Population_Served_Count": 120, "Service_Connections_Count": 75, "Service_Area_Type": "Residential Area", "Verification_Status": "", "Area_SqKM": 1.315321234589446}, "geometry": {"type": "Point", "coordinates": [-113.29208421247768, 37.46510467076762]}}, {"type": "Feature", "properties": {"PWSID": "UTAH11013", "PWS_Name": "NEW CASTLE WATER COMPANY", "Primacy_Agency": "UT", "Population_Served_Count": 350, "Service_Connections_Count": 126, "Service_Area_Type": "Residential Area", "Verification_Status": "", "Area_SqKM": 1.4635275988970975}, "geometry": {"type": "Point", "coordinates": [-113.55789934994786, 37.66396670260278]}}, {"type": "Feature", "properties": {"PWSID": "UTAH27074", "PWS_Name": "ANGELL SPRINGS SSD", "Primacy_Agency": "UT", "Population_Served_Count": 358, "Service_Connections_Count": 81, "Service_Area_Type": "Residential Area", "Verification_Status": "", "Area_SqKM": 1.5139404282303823}, "geometry": {"type": "Point", "coordinates": [-113.36934826791864, 37.238189460671535]}}, {"type": "Feature", "properties": {"PWSID": "UTAH27011", "PWS_Name": "NEW HARMONY WATER SYSTEM", "Primacy_Agency": "UT", "Population_Served_Count": 200, "Service_Connections_Count": 116, "Service_Area_Type": "Residential Area", "Verification_Status": "", "Area_SqKM": 1.6447529409516872}, "geometry": {"type": "Point", "coordinates": [-113.30895402726283, 37.47743870000505]}}, {"type": "Feature", "properties": {"PWSID": "UTAH13049", "PWS_Name": "BEST FRIENDS ANIMAL SOCIETY", "Primacy_Agency": "UT", "Population_Served_Count": 47, "Service_Connections_Count": 18, "Service_Area_Type": "Institution", "Verification_Status": "", "Area_SqKM": 4.88520631963075}, "geometry": {"type": "Point", "coordinates": [-112.54844219301681, 37.14094981271926]}}, {"type": "Feature", "properties": {"PWSID": "UTAH11071", "PWS_Name": "HARMONY MTN RANCHES", "Primacy_Agency": "UT", "Population_Served_Count": 40, "Service_Connections_Count": 33, "Service_Area_Type": "Other Area", "Verification_Status": "", "Area_SqKM": 4.926789221367411}, "geometry": {"type": "Point", "coordinates": [-113.23234332290242, 37.5578098116181]}}, {"type": "Feature", "properties": {"PWSID": "UTAH27065", "PWS_Name": "DIAMOND VALLEY ACRES", "Primacy_Agency": "UT", "Population_Served_Count": 1340, "Service_Connections_Count": 342, "Service_Area_Type": "Residential Area", "Verification_Status": "", "Area_SqKM": 4.983895881409317}, "geometry": {"type": "Point", "coordinates": [-113.61139353232164, 37.253667103212564]}}, {"type": "Feature", "properties": {"PWSID": "UTAH11004", "PWS_Name": "ENOCH CITY WATER SYSTEM", "Primacy_Agency": "UT", "Population_Served_Count": 6500, "Service_Connections_Count": 2491, "Service_Area_Type": "Residential Area", "Verification_Status": "", "Area_SqKM": 5.03090320852306}, "geometry": {"type": "Point", "coordinates": [-113.02850969141114, 37.76691292571629]}}, {"type": "Feature", "properties": {"PWSID": "UTAH27025", "PWS_Name": "PINE VALLEY IRRIGATION CO", "Primacy_Agency": "UT", "Population_Served_Count": 50, "Service_Connections_Count": 462, "Service_Area_Type": "Residential Area", "Verification_Status": "", "Area_SqKM": 5.552184308639303}, "geometry": {"type": "Point", "coordinates": [-113.51250797427875, 37.38944584614314]}}, {"type": "Feature", "properties": {"PWSID": "UTAH27089", "PWS_Name": "BIG PLAINS WATER SSD - CEDAR POINT", "Primacy_Agency": "UT", "Population_Served_Count": 232, "Service_Connections_Count": 149, "Service_Area_Type": "Residential Area", "Verification_Status": "", "Area_SqKM": 5.720628140417633}, "geometry": {"type": "Point", "coordinates": [-113.07681921920324, 37.04169666666979]}}, {"type": "Feature", "properties": {"PWSID": "UTAH13001", "PWS_Name": "ALTON TOWN WATER SYSTEM", "Primacy_Agency": "UT", "Population_Served_Count": 136, "Service_Connections_Count": 105, "Service_Area_Type": "Residential Area", "Verification_Status": "", "Area_SqKM": 6.0160716773922465}, "geometry": {"type": "Point", "coordinates": [-112.49972500706488, 37.435688179101554]}}, {"type": "Feature", "properties": {"PWSID": "UTAH27005", "PWS_Name": "GUNLOCK SPECIAL SERVICE DISTRICT", "Primacy_Agency": "UT", "Population_Served_Count": 118, "Service_Connections_Count": 76, "Service_Area_Type": "Residential Area", "Verification_Status": "", "Area_SqKM": 6.259001176309479}, "geometry": {"type": "Point", "coordinates": [-113.7492808783826, 37.29634154768587]}}, {"type": "Feature", "properties": {"PWSID": "UTAH27030", "PWS_Name": "DAMMERON VALLEY WATER WORKS LLC", "Primacy_Agency": "UT", "Population_Served_Count": 885, "Service_Connections_Count": 439, "Service_Area_Type": "Residential Area", "Verification_Status": "", "Area_SqKM": 6.662686447262308}, "geometry": {"type": "Point", "coordinates": [-113.6789069400892, 37.30671394654957]}}, {"type": "Feature", "properties": {"PWSID": "UTAH01003", "PWS_Name": "MILFORD CITY WATER SYSTEM", "Primacy_Agency": "UT", "Population_Served_Count": 1435, "Service_Connections_Count": 768, "Service_Area_Type": "Residential Area", "Verification_Status": "", "Area_SqKM": 6.8294309984530885}, "geometry": {"type": "Point", "coordinates": [-113.01671932637359, 38.39550369117328]}}, {"type": "Feature", "properties": {"PWSID": "UTAH09007", "PWS_Name": "PANGUITCH CITY WATER SYSTEM", "Primacy_Agency": "UT", "Population_Served_Count": 1800, "Service_Connections_Count": 876, "Service_Area_Type": "Residential Area", "Verification_Status": "", "Area_SqKM": 7.007978420932342}, "geometry": {"type": "Point", "coordinates": [-112.43316605743877, 37.81982732763786]}}, {"type": "Feature", "properties": {"PWSID": "UTAH27059", "PWS_Name": "KWU INC", "Primacy_Agency": "UT", "Population_Served_Count": 460, "Service_Connections_Count": 427, "Service_Area_Type": "Residential Area", "Verification_Status": "", "Area_SqKM": 7.361714381936416}, "geometry": {"type": "Point", "coordinates": [-113.69954261591555, 37.18254007492282]}}, {"type": "Feature", "properties": {"PWSID": "UTAH11001", "PWS_Name": "BRIAN HEAD TOWN WATER SYSTEM", "Primacy_Agency": "UT", "Population_Served_Count": 1038, "Service_Connections_Count": 1494, "Service_Area_Type": "Residential Area", "Verification_Status": "", "Area_SqKM": 7.844063386766718}, "geometry": {"type": "Point", "coordinates": [-112.84766305761852, 37.69714787002368]}}, {"type": "Feature", "properties": {"PWSID": "UTAH11045", "PWS_Name": "MEADOWS RANCH", "Primacy_Agency": "UT", "Population_Served_Count": 350, "Service_Connections_Count": 190, "Service_Area_Type": "Residential Area", "Verification_Status": "", "Area_SqKM": 8.28467978858032}, "geometry": {"type": "Point", "coordinates": [-113.16401334279242, 37.65726468573844]}}, {"type": "Feature", "properties": {"PWSID": "UTAH27069", "PWS_Name": "BIG PLAINS WATER SSD - APPLE VALLEY", "Primacy_Agency": "UT", "Population_Served_Count": 450, "Service_Connections_Count": 259, "Service_Area_Type": "Residential Area", "Verification_Status": "", "Area_SqKM": 9.522480843502667}, "geometry": {"type": "Point", "coordinates": [-113.12698610444399, 37.10789291341381]}}, {"type": "Feature", "properties": {"PWSID": "UTAH13057", "PWS_Name": "KANE COUNTY WCD - DUCK CREEK VILLAGE", "Primacy_Agency": "UT", "Population_Served_Count": 3029, "Service_Connections_Count": 2804, "Service_Area_Type": "Recreation Area", "Verification_Status": "", "Area_SqKM": 10.103758227821796}, "geometry": {"type": "Point", "coordinates": [-112.64544648050104, 37.499487951687136]}}, {"type": "Feature", "properties": {"PWSID": "UTAH27008", "PWS_Name": "IVINS", "Primacy_Agency": "UT", "Population_Served_Count": 10465, "Service_Connections_Count": 4234, "Service_Area_Type": "Residential Area", "Verification_Status": "", "Area_SqKM": 17.578637620141897}, "geometry": {"type": "Point", "coordinates": [-113.6786320625424, 37.17151762650958]}}, {"type": "Feature", "properties": {"PWSID": "UTAH13004", "PWS_Name": "GLENDALE TOWN WATER SYSTEM", "Primacy_Agency": "UT", "Population_Served_Count": 411, "Service_Connections_Count": 230, "Service_Area_Type": "Residential Area", "Verification_Status": "", "Area_SqKM": 18.122726137935175}, "geometry": {"type": "Point", "coordinates": [-112.6044756263933, 37.344734715812265]}}, {"type": "Feature", "properties": {"PWSID": "UTAH27014", "PWS_Name": "ROCKVILLE PIPELINE CO", "Primacy_Agency": "UT", "Population_Served_Count": 240, "Service_Connections_Count": 140, "Service_Area_Type": "Residential Area", "Verification_Status": "", "Area_SqKM": 20.97901851219105}, "geometry": {"type": "Point", "coordinates": [-113.05595915637983, 37.15277786417662]}}, {"type": "Feature", "properties": {"PWSID": "UTAH11085", "PWS_Name": "CENTRAL IRON COUNTY WCD", "Primacy_Agency": "UT", "Population_Served_Count": 3995, "Service_Connections_Count": 733, "Service_Area_Type": "Residential Area", "Verification_Status": "", "Area_SqKM": 21.53308635048819}, "geometry": {"type": "Point", "coordinates": [-113.12642835871365, 37.732690308773456]}}, {"type": "Feature", "properties": {"PWSID": "UTAH13008", "PWS_Name": "ORDERVILLE TOWN WATER SYSTEM", "Primacy_Agency": "UT", "Population_Served_Count": 805, "Service_Connections_Count": 371, "Service_Area_Type": "Residential Area", "Verification_Status": "", "Area_SqKM": 22.563631362254327}, "geometry": {"type": "Point", "coordinates": [-112.66070770608323, 37.25247729393808]}}, {"type": "Feature", "properties": {"PWSID": "UTAH01001", "PWS_Name": "BEAVER CITY WATER SYSTEM", "Primacy_Agency": "UT", "Population_Served_Count": 3240, "Service_Connections_Count": 1556, "Service_Area_Type": "Residential Area", "Verification_Status": "", "Area_SqKM": 22.982833714577932}, "geometry": {"type": "Point", "coordinates": [-112.63071710361929, 38.27313691224867]}}, {"type": "Feature", "properties": {"PWSID": "UTAH27004", "PWS_Name": "ENTERPRISE TOWN WATER SYSTEM", "Primacy_Agency": "UT", "Population_Served_Count": 2200, "Service_Connections_Count": 827, "Service_Area_Type": "Residential Area", "Verification_Status": "", "Area_SqKM": 23.137809943932307}, "geometry": {"type": "Point", "coordinates": [-113.72533761926955, 37.56930569783698]}}, {"type": "Feature", "properties": {"PWSID": "UTAH13038", "PWS_Name": "KANE COUNTY WCD - JOHNSON CANYON", "Primacy_Agency": "UT", "Population_Served_Count": 900, "Service_Connections_Count": 386, "Service_Area_Type": "Residential Area", "Verification_Status": "", "Area_SqKM": 27.72818521428411}, "geometry": {"type": "Point", "coordinates": [-112.39455115896183, 37.06929354439897]}}, {"type": "Feature", "properties": {"PWSID": "UTAH27020", "PWS_Name": "VIRGIN", "Primacy_Agency": "UT", "Population_Served_Count": 1512, "Service_Connections_Count": 286, "Service_Area_Type": "Residential Area", "Verification_Status": "", "Area_SqKM": 27.99245320466483}, "geometry": {"type": "Point", "coordinates": [-113.22093945173955, 37.197817622203296]}}, {"type": "Feature", "properties": {"PWSID": "UTAH16002", "PWS_Name": "CIRCLEVILLE TOWN WATER SYSTEM", "Primacy_Agency": "UT", "Population_Served_Count": 500, "Service_Connections_Count": 348, "Service_Area_Type": "Residential Area", "Verification_Status": "", "Area_SqKM": 29.30411908039273}, "geometry": {"type": "Point", "coordinates": [-112.2665655166664, 38.17542618343732]}}, {"type": "Feature", "properties": {"PWSID": "UTAH11002", "PWS_Name": "CEDAR CITY WATERWORKS", "Primacy_Agency": "UT", "Population_Served_Count": 37760, "Service_Connections_Count": 10139, "Service_Area_Type": "Residential Area", "Verification_Status": "", "Area_SqKM": 31.46780093202646}, "geometry": {"type": "Point", "coordinates": [-113.07215667474719, 37.69020585407188]}}, {"type": "Feature", "properties": {"PWSID": "UTAH16001", "PWS_Name": "JUNCTION TOWN", "Primacy_Agency": "UT", "Population_Served_Count": 215, "Service_Connections_Count": 130, "Service_Area_Type": "Residential Area", "Verification_Status": "", "Area_SqKM": 35.23888228696483}, "geometry": {"type": "Point", "coordinates": [-112.2043940280652, 38.22413404299251]}}, {"type": "Feature", "properties": {"PWSID": "UTAH27009", "PWS_Name": "LA VERKIN CITY WATER SYSTEM", "Primacy_Agency": "UT", "Population_Served_Count": 4500, "Service_Connections_Count": 1663, "Service_Area_Type": "Residential Area", "Verification_Status": "", "Area_SqKM": 35.32168990547957}, "geometry": {"type": "Point", "coordinates": [-113.25539663510013, 37.21814054891079]}}, {"type": "Feature", "properties": {"PWSID": "UTAH13005", "PWS_Name": "KANAB CITY", "Primacy_Agency": "UT", "Population_Served_Count": 4985, "Service_Connections_Count": 2723, "Service_Area_Type": "Residential Area", "Verification_Status": "", "Area_SqKM": 41.39669094996128}, "geometry": {"type": "Point", "coordinates": [-112.53762017680918, 37.04661086614472]}}, {"type": "Feature", "properties": {"PWSID": "UTAH27018", "PWS_Name": "TOQUERVILLE TOWN WATER SYSTEM", "Primacy_Agency": "UT", "Population_Served_Count": 1931, "Service_Connections_Count": 711, "Service_Area_Type": "Residential Area", "Verification_Status": "", "Area_SqKM": 44.69975464494918}, "geometry": {"type": "Point", "coordinates": [-113.30034788489412, 37.238865375481055]}}, {"type": "Feature", "properties": {"PWSID": "UTAH27006", "PWS_Name": "HILDALE - COLORADO CITY", "Primacy_Agency": "UT", "Population_Served_Count": 6000, "Service_Connections_Count": 888, "Service_Area_Type": "Residential Area", "Verification_Status": "", "Area_SqKM": 44.9347194526992}, "geometry": {"type": "Point", "coordinates": [-112.97426340401393, 37.01483226597752]}}, {"type": "Feature", "properties": {"PWSID": "UTAH16003", "PWS_Name": "MARYSVALE TOWN WATER SYSTEM", "Primacy_Agency": "UT", "Population_Served_Count": 380, "Service_Connections_Count": 338, "Service_Area_Type": "Residential Area", "Verification_Status": "", "Area_SqKM": 46.652431841502825}, "geometry": {"type": "Point", "coordinates": [-112.25553930483105, 38.44254243809541]}}, {"type": "Feature", "properties": {"PWSID": "UTAH23008", "PWS_Name": "WENDOVER CITY WATER SYSTEM", "Primacy_Agency": "UT", "Population_Served_Count": 1525, "Service_Connections_Count": 258, "Service_Area_Type": "Residential Area", "Verification_Status": "", "Area_SqKM": 16.268192536663843}, "geometry": {"type": "Point", "coordinates": [-114.01931609184668, 40.72112528358333]}}, {"type": "Feature", "properties": {"PWSID": "UTAH14029", "PWS_Name": "SHILOAH WELLS WATER CO", "Primacy_Agency": "UT", "Population_Served_Count": 40, "Service_Connections_Count": 27, "Service_Area_Type": "Residential Area", "Verification_Status": "", "Area_SqKM": 0.31233985751191445}, "geometry": {"type": "Point", "coordinates": [-113.95176539089583, 39.10552929975947]}}, {"type": "Feature", "properties": {"PWSID": "UTAH23054", "PWS_Name": "DUGWAY - ENGLISH VILLAGE", "Primacy_Agency": "UT", "Population_Served_Count": 600, "Service_Connections_Count": 277, "Service_Area_Type": "Residential Area", "Verification_Status": "", "Area_SqKM": 2.5229289831752135}, "geometry": {"type": "Point", "coordinates": [-112.74721329056833, 40.22235203790796]}}, {"type": "Feature", "properties": {"PWSID": "UTAH02010", "PWS_Name": "EAST GROUSE CREEK PIPELINE CO", "Primacy_Agency": "UT", "Population_Served_Count": 70, "Service_Connections_Count": 68, "Service_Area_Type": "Residential Area", "Verification_Status": "", "Area_SqKM": 1.7339366306558872}, "geometry": {"type": "Point", "coordinates": [-113.88717277785753, 41.71044863881471]}}, {"type": "Feature", "properties": {"PWSID": "UTAH09006", "PWS_Name": "HENRIEVILLE TOWN WATER SYSTEM", "Primacy_Agency": "UT", "Population_Served_Count": 221, "Service_Connections_Count": 130, "Service_Area_Type": "Residential Area", "Verification_Status": "", "Area_SqKM": 3.459701258910035}, "geometry": {"type": "Point", "coordinates": [-112.00249993331249, 37.56514020001559]}}, {"type": "Feature", "properties": {"PWSID": "UTAH16014", "PWS_Name": "COYOTES AND COWBOYS LINE CAMP", "Primacy_Agency": "UT", "Population_Served_Count": 29, "Service_Connections_Count": 56, "Service_Area_Type": "Residential Area", "Verification_Status": "", "Area_SqKM": 0.2186033198260585}, "geometry": {"type": "Point", "coordinates": [-112.01177245347914, 38.16390426678725]}}, {"type": "Feature", "properties": {"PWSID": "UTAH09001", "PWS_Name": "ANTIMONY TOWN WATER SYSTEM", "Primacy_Agency": "UT", "Population_Served_Count": 135, "Service_Connections_Count": 147, "Service_Area_Type": "Residential Area", "Verification_Status": "", "Area_SqKM": 26.609753097961303}, "geometry": {"type": "Point", "coordinates": [-111.97808295318332, 38.11841022346823]}}, {"type": "Feature", "properties": {"PWSID": "UTAH16009", "PWS_Name": "GREENWICH WATER ASSOCIATION", "Primacy_Agency": "UT", "Population_Served_Count": 75, "Service_Connections_Count": 37, "Service_Area_Type": "Residential Area", "Verification_Status": "", "Area_SqKM": 1.2465935541624875}, "geometry": {"type": "Point", "coordinates": [-111.92277589070775, 38.438883997625105]}}, {"type": "Feature", "properties": {"PWSID": "UTAH09002", "PWS_Name": "BOULDER FARMSTEAD WATER CO", "Primacy_Agency": "UT", "Population_Served_Count": 277, "Service_Connections_Count": 198, "Service_Area_Type": "Residential Area", "Verification_Status": "", "Area_SqKM": 54.237077118943425}, "geometry": {"type": "Point", "coordinates": [-111.4334874155293, 37.92778545380544]}}, {"type": "Feature", "properties": {"PWSID": "UTAH09004", "PWS_Name": "ESCALANTE TOWN WATER SYSTEM", "Primacy_Agency": "UT", "Population_Served_Count": 800, "Service_Connections_Count": 732, "Service_Area_Type": "Residential Area", "Verification_Status": "", "Area_SqKM": 24.33998486661418}, "geometry": {"type": "Point", "coordinates": [-111.60659665060109, 37.76351890632964]}}, {"type": "Feature", "properties": {"PWSID": "UTAH28007", "PWS_Name": "TORREY TOWN WATER SYSTEM", "Primacy_Agency": "UT", "Population_Served_Count": 550, "Service_Connections_Count": 448, "Service_Area_Type": "Residential Area", "Verification_Status": "", "Area_SqKM": 19.22369374970196}, "geometry": {"type": "Point", "coordinates": [-111.4228066586654, 38.29502803045687]}}, {"type": "Feature", "properties": {"PWSID": "UTAH28002", "PWS_Name": "FREMONT WATERWORKS CO", "Primacy_Agency": "UT", "Population_Served_Count": 350, "Service_Connections_Count": 212, "Service_Area_Type": "Residential Area", "Verification_Status": "", "Area_SqKM": 13.9008321770923}, "geometry": {"type": "Point", "coordinates": [-111.61079499226936, 38.444176889066235]}}, {"type": "Feature", "properties": {"PWSID": "UTAH28005", "PWS_Name": "LYMAN WATER SYSTEM", "Primacy_Agency": "UT", "Population_Served_Count": 225, "Service_Connections_Count": 162, "Service_Area_Type": "Residential Area", "Verification_Status": "", "Area_SqKM": 5.1728377023448}, "geometry": {"type": "Point", "coordinates": [-111.59697999647736, 38.40336093220719]}}, {"type": "Feature", "properties": {"PWSID": "UTAH28043", "PWS_Name": "BICKNELL BOTTOMS", "Primacy_Agency": "UT", "Population_Served_Count": 45, "Service_Connections_Count": 11, "Service_Area_Type": "Subdivision", "Verification_Status": "", "Area_SqKM": 4.641633277750248}, "geometry": {"type": "Point", "coordinates": [-111.53958187792946, 38.299941386378926]}}, {"type": "Feature", "properties": {"PWSID": "UTAH28004", "PWS_Name": "LOA TOWN WATER SYSTEM", "Primacy_Agency": "UT", "Population_Served_Count": 490, "Service_Connections_Count": 332, "Service_Area_Type": "Residential Area", "Verification_Status": "", "Area_SqKM": 3.327145293332003}, "geometry": {"type": "Point", "coordinates": [-111.6469693624636, 38.405720983278506]}}, {"type": "Feature", "properties": {"PWSID": "UTAH28006", "PWS_Name": "TEASDALE SSD", "Primacy_Agency": "UT", "Population_Served_Count": 180, "Service_Connections_Count": 150, "Service_Area_Type": "Residential Area", "Verification_Status": "", "Area_SqKM": 2.921369147889355}, "geometry": {"type": "Point", "coordinates": [-111.47504360006018, 38.28270715009331]}}, {"type": "Feature", "properties": {"PWSID": "UTAH28001", "PWS_Name": "BICKNELL TOWN WATER SYSTEM", "Primacy_Agency": "UT", "Population_Served_Count": 380, "Service_Connections_Count": 249, "Service_Area_Type": "Residential Area", "Verification_Status": "", "Area_SqKM": 2.5184302152872506}, "geometry": {"type": "Point", "coordinates": [-111.55011758154525, 38.33653537406816]}}, {"type": "Feature", "properties": {"PWSID": "UTAH28011", "PWS_Name": "CAPITOL REEF NATIONAL PARK", "Primacy_Agency": "UT", "Population_Served_Count": 1070, "Service_Connections_Count": 19, "Service_Area_Type": "Residential Area", "Verification_Status": "", "Area_SqKM": 0.4224007319747892}, "geometry": {"type": "Point", "coordinates": [-111.24889061060794, 38.28525225279647]}}, {"type": "Feature", "properties": {"PWSID": "UTAH21010", "PWS_Name": "KOOSHAREM", "Primacy_Agency": "UT", "Population_Served_Count": 400, "Service_Connections_Count": 210, "Service_Area_Type": "Residential Area", "Verification_Status": "", "Area_SqKM": 3.8773475452267947}, "geometry": {"type": "Point", "coordinates": [-111.88252508483961, 38.51178349506047]}}, {"type": "Feature", "properties": {"PWSID": "UTAH19008", "PWS_Name": "MEXICAN HAT SSD", "Primacy_Agency": "UT", "Population_Served_Count": 40, "Service_Connections_Count": 40, "Service_Area_Type": "Residential Area", "Verification_Status": "", "Area_SqKM": 0.8478276286873009}, "geometry": {"type": "Point", "coordinates": [-109.86021339279398, 37.151144483355694]}}, {"type": "Feature", "properties": {"PWSID": "UTAH13014", "PWS_Name": "GLEN CANYON NRA - BULLFROG", "Primacy_Agency": "UT", "Population_Served_Count": 690, "Service_Connections_Count": 126, "Service_Area_Type": "Residential Area", "Verification_Status": "", "Area_SqKM": 9.923006978132095}, "geometry": {"type": "Point", "coordinates": [-110.73136521120699, 37.51842215550497]}}, {"type": "Feature", "properties": {"PWSID": "UTAH19046", "PWS_Name": "GLEN CANYON NRA - HALLS CROSSING", "Primacy_Agency": "UT", "Population_Served_Count": 190, "Service_Connections_Count": 25, "Service_Area_Type": "Residential Area", "Verification_Status": "", "Area_SqKM": 6.39938771336105}, "geometry": {"type": "Point", "coordinates": [-110.7101297799386, 37.46412376002674]}}, {"type": "Feature", "properties": {"PWSID": "UTAH28003", "PWS_Name": "HANKSVILLE TOWN WATER SYSTEM", "Primacy_Agency": "UT", "Population_Served_Count": 210, "Service_Connections_Count": 90, "Service_Area_Type": "Residential Area", "Verification_Status": "", "Area_SqKM": 2.50504393279224}, "geometry": {"type": "Point", "coordinates": [-110.71493488257904, 38.37135380871572]}}, {"type": "Feature", "properties": {"PWSID": "UTAH09022", "PWS_Name": "TICABOO UTILITY IMPROVEMENT DISTRICT", "Primacy_Agency": "UT", "Population_Served_Count": 73, "Service_Connections_Count": 105, "Service_Area_Type": "School", "Verification_Status": "", "Area_SqKM": 1.753543987803933}, "geometry": {"type": "Point", "coordinates": [-110.69696934969517, 37.67607835002945]}}, {"type": "Feature", "properties": {"PWSID": "UTAH19004", "PWS_Name": "MONTICELLO CITY", "Primacy_Agency": "UT", "Population_Served_Count": 2393, "Service_Connections_Count": 940, "Service_Area_Type": "Residential Area", "Verification_Status": "", "Area_SqKM": 134.49886459920396}, "geometry": {"type": "Point", "coordinates": [-109.33578345990274, 37.87446502662927]}}, {"type": "Feature", "properties": {"PWSID": "UTAH19001", "PWS_Name": "BLANDING CITY", "Primacy_Agency": "UT", "Population_Served_Count": 3760, "Service_Connections_Count": 1450, "Service_Area_Type": "Residential Area", "Verification_Status": "", "Area_SqKM": 7.0344421303497775}, "geometry": {"type": "Point", "coordinates": [-109.47445904293713, 37.62012765510781]}}, {"type": "Feature", "properties": {"PWSID": "UTAH19013", "PWS_Name": "EASTLAND SPECIAL SERVICE DISTRICT", "Primacy_Agency": "UT", "Population_Served_Count": 90, "Service_Connections_Count": 33, "Service_Area_Type": "Residential Area", "Verification_Status": "", "Area_SqKM": 2.7593750899687}, "geometry": {"type": "Point", "coordinates": [-109.13764703677663, 37.78489369004117]}}, {"type": "Feature", "properties": {"PWSID": "UTAH19002", "PWS_Name": "BLUFF WATER WORKS SERVICE DISTRICT", "Primacy_Agency": "UT", "Population_Served_Count": 430, "Service_Connections_Count": 133, "Service_Area_Type": "Residential Area", "Verification_Status": "", "Area_SqKM": 2.7044370510454785}, "geometry": {"type": "Point", "coordinates": [-109.556056557051, 37.284786467872586]}}, {"type": "Feature", "properties": {"PWSID": "UTAH19064", "PWS_Name": "PACK CREEK WATER COMPANY", "Primacy_Agency": "UT", "Population_Served_Count": 75, "Service_Connections_Count": 42, "Service_Area_Type": "Recreation Area", "Verification_Status": "", "Area_SqKM": 1.226738823462694}, "geometry": {"type": "Point", "coordinates": [-109.35842800397667, 38.43911896262382]}}, {"type": "Feature", "properties": {"PWSID": "UTAH19069", "PWS_Name": "WILSON ARCH WATER & SEWER SSD", "Primacy_Agency": "UT", "Population_Served_Count": 37, "Service_Connections_Count": 20, "Service_Area_Type": "Residential Area", "Verification_Status": "", "Area_SqKM": 1.1351168808959895}, "geometry": {"type": "Point", "coordinates": [-109.379328971216, 38.2708275715176]}}, {"type": "Feature", "properties": {"PWSID": "UTAH19077", "PWS_Name": "ROCKLAND RANCH", "Primacy_Agency": "UT", "Population_Served_Count": 175, "Service_Connections_Count": 19, "Service_Area_Type": "Residential Area", "Verification_Status": "", "Area_SqKM": 0.16166559781848946}, "geometry": {"type": "Point", "coordinates": [-109.45896397639687, 38.22656179404948]}}, {"type": "Feature", "properties": {"PWSID": "UTAH10023", "PWS_Name": "GRAND WATER AND SEWER AGENCY", "Primacy_Agency": "UT", "Population_Served_Count": 4099, "Service_Connections_Count": 2283, "Service_Area_Type": "Residential Area", "Verification_Status": "", "Area_SqKM": 34.497500923985584}, "geometry": {"type": "Point", "coordinates": [-109.50070237118997, 38.54482358393661]}}, {"type": "Feature", "properties": {"PWSID": "UTAH19080", "PWS_Name": "SAN JUAN SPANISH VALLEY SSD", "Primacy_Agency": "UT", "Population_Served_Count": 550, "Service_Connections_Count": 238, "Service_Area_Type": "Residential Area", "Verification_Status": "", "Area_SqKM": 13.259543589626787}, "geometry": {"type": "Point", "coordinates": [-109.43611641909149, 38.47987727617126]}}, {"type": "Feature", "properties": {"PWSID": "UTAH10003", "PWS_Name": "MOAB CITY", "Primacy_Agency": "UT", "Population_Served_Count": 9000, "Service_Connections_Count": 2205, "Service_Area_Type": "Residential Area", "Verification_Status": "", "Area_SqKM": 10.556106304576373}, "geometry": {"type": "Point", "coordinates": [-109.55278609159649, 38.57457004060775]}}, {"type": "Feature", "properties": {"PWSID": "UTAH10021", "PWS_Name": "ARCHES NATIONAL PARK HQ", "Primacy_Agency": "UT", "Population_Served_Count": 116, "Service_Connections_Count": 10, "Service_Area_Type": "Recreation Area", "Verification_Status": "", "Area_SqKM": 0.09850241441166104}, "geometry": {"type": "Point", "coordinates": [-109.61800468173537, 38.61629003628676]}}, {"type": "Feature", "properties": {"PWSID": "UTAH10012", "PWS_Name": "DAY STAR ADVENTIST ACADEMY", "Primacy_Agency": "UT", "Population_Served_Count": 35, "Service_Connections_Count": 15, "Service_Area_Type": "Residential Area", "Verification_Status": "", "Area_SqKM": 0.22031041103303142}, "geometry": {"type": "Point", "coordinates": [-109.39809444154737, 38.649163471026014]}}, {"type": "Feature", "properties": {"PWSID": "UTAH14011", "PWS_Name": "SCIPIO TOWN", "Primacy_Agency": "UT", "Population_Served_Count": 325, "Service_Connections_Count": 295, "Service_Area_Type": "Residential Area", "Verification_Status": "", "Area_SqKM": 64.58232185756846}, "geometry": {"type": "Point", "coordinates": [-112.1050228267908, 39.254272319989774]}}, {"type": "Feature", "properties": {"PWSID": "UTAH14002", "PWS_Name": "FILLMORE CITY", "Primacy_Agency": "UT", "Population_Served_Count": 2725, "Service_Connections_Count": 1045, "Service_Area_Type": "Residential Area", "Verification_Status": "", "Area_SqKM": 19.463223742410385}, "geometry": {"type": "Point", "coordinates": [-112.33118572755924, 38.9634825138316]}}, {"type": "Feature", "properties": {"PWSID": "UTAH21013", "PWS_Name": "RICHFIELD CITY", "Primacy_Agency": "UT", "Population_Served_Count": 8360, "Service_Connections_Count": 2992, "Service_Area_Type": "Residential Area", "Verification_Status": "", "Area_SqKM": 16.13221323411963}, "geometry": {"type": "Point", "coordinates": [-112.0881641543629, 38.76019010796852]}}, {"type": "Feature", "properties": {"PWSID": "UTAH14004", "PWS_Name": "HINCKLEY TOWN WATER SYSTEM", "Primacy_Agency": "UT", "Population_Served_Count": 630, "Service_Connections_Count": 311, "Service_Area_Type": "Residential Area", "Verification_Status": "", "Area_SqKM": 13.248965353707115}, "geometry": {"type": "Point", "coordinates": [-112.65695941455128, 39.325761612231815]}}, {"type": "Feature", "properties": {"PWSID": "UTAH21006", "PWS_Name": "CENTRAL VALLEY TOWN", "Primacy_Agency": "UT", "Population_Served_Count": 675, "Service_Connections_Count": 244, "Service_Area_Type": "Residential Area", "Verification_Status": "", "Area_SqKM": 7.00174715642012}, "geometry": {"type": "Point", "coordinates": [-112.09401515243557, 38.70467968688219]}}, {"type": "Feature", "properties": {"PWSID": "UTAH14051", "PWS_Name": "DESERET - OASIS SSD", "Primacy_Agency": "UT", "Population_Served_Count": 490, "Service_Connections_Count": 213, "Service_Area_Type": "Residential Area", "Verification_Status": "", "Area_SqKM": 6.809345587690653}, "geometry": {"type": "Point", "coordinates": [-112.63319145250618, 39.29035649043409]}}, {"type": "Feature", "properties": {"PWSID": "UTAH21007", "PWS_Name": "ELSINORE TOWN WATER SYSTEM", "Primacy_Agency": "UT", "Population_Served_Count": 1105, "Service_Connections_Count": 511, "Service_Area_Type": "Residential Area", "Verification_Status": "", "Area_SqKM": 4.205824955909099}, "geometry": {"type": "Point", "coordinates": [-112.14665073028722, 38.68073866659825]}}, {"type": "Feature", "properties": {"PWSID": "UTAH14013", "PWS_Name": "HOLDEN TOWN WATER SYSTEM", "Primacy_Agency": "UT", "Population_Served_Count": 465, "Service_Connections_Count": 271, "Service_Area_Type": "Residential Area", "Verification_Status": "", "Area_SqKM": 2.1745087660102307}, "geometry": {"type": "Point", "coordinates": [-112.27410212434117, 39.102346782951436]}}, {"type": "Feature", "properties": {"PWSID": "UTAH14006", "PWS_Name": "KANOSH TOWN WATER SYSTEM", "Primacy_Agency": "UT", "Population_Served_Count": 555, "Service_Connections_Count": 290, "Service_Area_Type": "Residential Area", "Verification_Status": "", "Area_SqKM": 2.1665256080339628}, "geometry": {"type": "Point", "coordinates": [-112.44044750125484, 38.796365945019275]}}, {"type": "Feature", "properties": {"PWSID": "UTAH14009", "PWS_Name": "MEADOW TOWN WATER SYSTEM", "Primacy_Agency": "UT", "Population_Served_Count": 320, "Service_Connections_Count": 193, "Service_Area_Type": "Residential Area", "Verification_Status": "", "Area_SqKM": 1.523177468406847}, "geometry": {"type": "Point", "coordinates": [-112.40477878171671, 38.89063792391649]}}, {"type": "Feature", "properties": {"PWSID": "UTAH21003", "PWS_Name": "AUSTIN SSD", "Primacy_Agency": "UT", "Population_Served_Count": 150, "Service_Connections_Count": 50, "Service_Area_Type": "Residential Area", "Verification_Status": "", "Area_SqKM": 0.7238565300211988}, "geometry": {"type": "Point", "coordinates": [-112.11473998911637, 38.66993988801988]}}, {"type": "Feature", "properties": {"PWSID": "UTAH21050", "PWS_Name": "LIZARD BENCH WATER ASSOCIATION", "Primacy_Agency": "UT", "Population_Served_Count": 60, "Service_Connections_Count": 26, "Service_Area_Type": "Residential Area", "Verification_Status": "", "Area_SqKM": 0.5837817855885731}, "geometry": {"type": "Point", "coordinates": [-112.098439425024, 38.67782566060166]}}, {"type": "Feature", "properties": {"PWSID": "UTAH23002", "PWS_Name": "GRANTSVILLE CITY", "Primacy_Agency": "UT", "Population_Served_Count": 13400, "Service_Connections_Count": 4318, "Service_Area_Type": "Residential Area", "Verification_Status": "", "Area_SqKM": 82.62795172927608}, "geometry": {"type": "Point", "coordinates": [-112.49278134925413, 40.622353168829555]}}, {"type": "Feature", "properties": {"PWSID": "UTAH23004", "PWS_Name": "TOOELE CITY WATER SYSTEM", "Primacy_Agency": "UT", "Population_Served_Count": 37100, "Service_Connections_Count": 11647, "Service_Area_Type": "Residential Area", "Verification_Status": "", "Area_SqKM": 62.90094722508941}, "geometry": {"type": "Point", "coordinates": [-112.30233733741372, 40.523945806503654]}}, {"type": "Feature", "properties": {"PWSID": "UTAH25009", "PWS_Name": "CEDAR FORT WATER SYSTEM", "Primacy_Agency": "UT", "Population_Served_Count": 400, "Service_Connections_Count": 129, "Service_Area_Type": "Residential Area", "Verification_Status": "", "Area_SqKM": 54.6296912733122}, "geometry": {"type": "Point", "coordinates": [-112.10428317782126, 40.34387061112293]}}, {"type": "Feature", "properties": {"PWSID": "UTAH29006", "PWS_Name": "HOOPER WATER IMPROVEMENT DISTRICT", "Primacy_Agency": "UT", "Population_Served_Count": 20820, "Service_Connections_Count": 7223, "Service_Area_Type": "Residential Area", "Verification_Status": "", "Area_SqKM": 45.79812523104552}, "geometry": {"type": "Point", "coordinates": [-112.0920659372389, 41.17703637156246]}}, {"type": "Feature", "properties": {"PWSID": "UTAH29094", "PWS_Name": "WEST WARREN -WARREN IMPROVEMENT DISTRICT", "Primacy_Agency": "UT", "Population_Served_Count": 1375, "Service_Connections_Count": 437, "Service_Area_Type": "Residential Area", "Verification_Status": "", "Area_SqKM": 43.91686816352763}, "geometry": {"type": "Point", "coordinates": [-112.1225431814213, 41.25581740168628]}}, {"type": "Feature", "properties": {"PWSID": "UTAH23007", "PWS_Name": "VERNON WATERWORKS SPECIAL SERVICE DIST", "Primacy_Agency": "UT", "Population_Served_Count": 302, "Service_Connections_Count": 79, "Service_Area_Type": "Residential Area", "Verification_Status": "", "Area_SqKM": 21.488003994605492}, "geometry": {"type": "Point", "coordinates": [-112.451044890825, 40.10499654545342]}}, {"type": "Feature", "properties": {"PWSID": "UTAH23079", "PWS_Name": "SOUTH RIM WATER SYSTEM", "Primacy_Agency": "UT", "Population_Served_Count": 834, "Service_Connections_Count": 351, "Service_Area_Type": "Residential Area", "Verification_Status": "", "Area_SqKM": 20.24158736087037}, "geometry": {"type": "Point", "coordinates": [-112.42481456188405, 40.434584504760096]}}, {"type": "Feature", "properties": {"PWSID": "UTAH18005", "PWS_Name": "COPPERTON IMPROVEMENT DISTRICT", "Primacy_Agency": "UT", "Population_Served_Count": 990, "Service_Connections_Count": 310, "Service_Area_Type": "Residential Area", "Verification_Status": "", "Area_SqKM": 18.77067917176365}, "geometry": {"type": "Point", "coordinates": [-112.10824808519776, 40.57372875959297]}}, {"type": "Feature", "properties": {"PWSID": "UTAH23003", "PWS_Name": "STANSBURY PARK IMPROVEMENT DISTRICT", "Primacy_Agency": "UT", "Population_Served_Count": 9839, "Service_Connections_Count": 4531, "Service_Area_Type": "Residential Area", "Verification_Status": "", "Area_SqKM": 17.272484857273408}, "geometry": {"type": "Point", "coordinates": [-112.293051956098, 40.64907273687366]}}, {"type": "Feature", "properties": {"PWSID": "UTAH14001", "PWS_Name": "DELTA CITY", "Primacy_Agency": "UT", "Population_Served_Count": 3436, "Service_Connections_Count": 1662, "Service_Area_Type": "Residential Area", "Verification_Status": "", "Area_SqKM": 11.811000917140714}, "geometry": {"type": "Point", "coordinates": [-112.57634769148699, 39.354270194267535]}}, {"type": "Feature", "properties": {"PWSID": "UTAH06020", "PWS_Name": "WEST POINT CITY WATER SYSTEM", "Primacy_Agency": "UT", "Population_Served_Count": 9686, "Service_Connections_Count": 2630, "Service_Area_Type": "Residential Area", "Verification_Status": "", "Area_SqKM": 9.531188533453088}, "geometry": {"type": "Point", "coordinates": [-112.09516188973772, 41.125265117368656]}}, {"type": "Feature", "properties": {"PWSID": "UTAH14008", "PWS_Name": "LYNNDYL TOWN WATER SYSTEM", "Primacy_Agency": "UT", "Population_Served_Count": 130, "Service_Connections_Count": 79, "Service_Area_Type": "Residential Area", "Verification_Status": "", "Area_SqKM": 8.668705492092121}, "geometry": {"type": "Point", "coordinates": [-112.38544442501812, 39.514748281205016]}}, {"type": "Feature", "properties": {"PWSID": "UTAH12004", "PWS_Name": "EUREKA TOWN", "Primacy_Agency": "UT", "Population_Served_Count": 760, "Service_Connections_Count": 394, "Service_Area_Type": "Residential Area", "Verification_Status": "", "Area_SqKM": 7.425185479892693}, "geometry": {"type": "Point", "coordinates": [-112.1266434245512, 39.94405473692344]}}, {"type": "Feature", "properties": {"PWSID": "UTAH23076", "PWS_Name": "OQUIRRH MOUNTAIN WATER CO", "Primacy_Agency": "UT", "Population_Served_Count": 2020, "Service_Connections_Count": 606, "Service_Area_Type": "Service Station", "Verification_Status": "", "Area_SqKM": 6.4803704628995185}, "geometry": {"type": "Point", "coordinates": [-112.26227643640152, 40.67897528785737]}}, {"type": "Feature", "properties": {"PWSID": "UTAH23010", "PWS_Name": "STOCKTON TOWN WATER SYSTEM", "Primacy_Agency": "UT", "Population_Served_Count": 620, "Service_Connections_Count": 283, "Service_Area_Type": "Residential Area", "Verification_Status": "", "Area_SqKM": 6.138789729265339}, "geometry": {"type": "Point", "coordinates": [-112.35516010664895, 40.44016109115325]}}, {"type": "Feature", "properties": {"PWSID": "UTAH14012", "PWS_Name": "LEAMINGTON TOWN WATER SYSTEM", "Primacy_Agency": "UT", "Population_Served_Count": 265, "Service_Connections_Count": 115, "Service_Area_Type": "Residential Area", "Verification_Status": "", "Area_SqKM": 3.9657112764545412}, "geometry": {"type": "Point", "coordinates": [-112.28229399981498, 39.532490599940004]}}, {"type": "Feature", "properties": {"PWSID": "UTAH23009", "PWS_Name": "LINCOLN CULINARY WATER ASSN", "Primacy_Agency": "UT", "Population_Served_Count": 660, "Service_Connections_Count": 167, "Service_Area_Type": "Residential Area", "Verification_Status": "", "Area_SqKM": 3.904710555442095}, "geometry": {"type": "Point", "coordinates": [-112.26113649151982, 40.5588812372864]}}, {"type": "Feature", "properties": {"PWSID": "UTAH18147", "PWS_Name": "HI-COUNTRY ESTATES #1", "Primacy_Agency": "UT", "Population_Served_Count": 373, "Service_Connections_Count": 92, "Service_Area_Type": "Residential Area", "Verification_Status": "", "Area_SqKM": 3.0069581807556416}, "geometry": {"type": "Point", "coordinates": [-112.0790514535936, 40.50147161428879]}}, {"type": "Feature", "properties": {"PWSID": "UTAH14010", "PWS_Name": "OAK CITY WATER SYSTEM", "Primacy_Agency": "UT", "Population_Served_Count": 650, "Service_Connections_Count": 266, "Service_Area_Type": "Residential Area", "Verification_Status": "", "Area_SqKM": 2.8343958200063417}, "geometry": {"type": "Point", "coordinates": [-112.33742250953767, 39.371934128382]}}, {"type": "Feature", "properties": {"PWSID": "UTAH23053", "PWS_Name": "ERDA ACRES WATER CO", "Primacy_Agency": "UT", "Population_Served_Count": 1150, "Service_Connections_Count": 324, "Service_Area_Type": "Residential Area", "Verification_Status": "", "Area_SqKM": 1.030802016853309}, "geometry": {"type": "Point", "coordinates": [-112.31668771358714, 40.60000487721714]}}, {"type": "Feature", "properties": {"PWSID": "UTAH14055", "PWS_Name": "OAK MEADOWS SUBDIVISION", "Primacy_Agency": "UT", "Population_Served_Count": 125, "Service_Connections_Count": 39, "Service_Area_Type": "Residential Area", "Verification_Status": "", "Area_SqKM": 0.6248522323388984}, "geometry": {"type": "Point", "coordinates": [-112.31895316684444, 39.369024833315024]}}, {"type": "Feature", "properties": {"PWSID": "UTAH14056", "PWS_Name": "FOOL CREEK CULINARY WATER COMPANY", "Primacy_Agency": "UT", "Population_Served_Count": 38, "Service_Connections_Count": 28, "Service_Area_Type": "Other Area", "Verification_Status": "", "Area_SqKM": 0.5650499316467674}, "geometry": {"type": "Point", "coordinates": [-112.27041997776922, 39.47523909998924]}}, {"type": "Feature", "properties": {"PWSID": "UTAH14043", "PWS_Name": "COUNTRY ESTATES HOA", "Primacy_Agency": "UT", "Population_Served_Count": 52, "Service_Connections_Count": 21, "Service_Area_Type": "Residential Area", "Verification_Status": "", "Area_SqKM": 0.26394722653557856}, "geometry": {"type": "Point", "coordinates": [-112.61330414976617, 39.333528750087886]}}, {"type": "Feature", "properties": {"PWSID": "UTAH23071", "PWS_Name": "SILVER SPUR RANCHOS", "Primacy_Agency": "UT", "Population_Served_Count": 80, "Service_Connections_Count": 25, "Service_Area_Type": "Residential Area", "Verification_Status": "", "Area_SqKM": 0.22624916746482432}, "geometry": {"type": "Point", "coordinates": [-112.31854113307979, 40.59285454436649]}}, {"type": "Feature", "properties": {"PWSID": "UTAH23006", "PWS_Name": "OPHIR CANYON WATER ASSOCIATION", "Primacy_Agency": "UT", "Population_Served_Count": 108, "Service_Connections_Count": 40, "Service_Area_Type": "Residential Area", "Verification_Status": "", "Area_SqKM": 0.219808314445857}, "geometry": {"type": "Point", "coordinates": [-112.25140785870235, 40.371246594338785]}}, {"type": "Feature", "properties": {"PWSID": "UTAH14064", "PWS_Name": "SUNSET VIEW ESTATES WATER COMPANY", "Primacy_Agency": "UT", "Population_Served_Count": 65, "Service_Connections_Count": 28, "Service_Area_Type": "Residential Area", "Verification_Status": "", "Area_SqKM": 0.11268323449345326}, "geometry": {"type": "Point", "coordinates": [-112.52033664451878, 39.37751406116175]}}, {"type": "Feature", "properties": {"PWSID": "UTAH02022", "PWS_Name": "WEST CORINNE WATER CO", "Primacy_Agency": "UT", "Population_Served_Count": 1945, "Service_Connections_Count": 783, "Service_Area_Type": "Residential Area", "Verification_Status": "", "Area_SqKM": 149.55193501521126}, "geometry": {"type": "Point", "coordinates": [-112.15993785166081, 41.611727429663254]}}, {"type": "Feature", "properties": {"PWSID": "UTAH02001", "PWS_Name": "ACME WATER COMPANY", "Primacy_Agency": "UT", "Population_Served_Count": 880, "Service_Connections_Count": 384, "Service_Area_Type": "Residential Area", "Verification_Status": "", "Area_SqKM": 5.6062582925800175}, "geometry": {"type": "Point", "coordinates": [-112.11450653142565, 41.61183922667905]}}, {"type": "Feature", "properties": {"PWSID": "UTAH02016", "PWS_Name": "HONEYVILLE TOWN WATER SYSTEM", "Primacy_Agency": "UT", "Population_Served_Count": 1750, "Service_Connections_Count": 578, "Service_Area_Type": "Residential Area", "Verification_Status": "", "Area_SqKM": 30.302226791478958}, "geometry": {"type": "Point", "coordinates": [-112.10205998714646, 41.63156408715537]}}, {"type": "Feature", "properties": {"PWSID": "UTAH02005", "PWS_Name": "CORINNE CITY", "Primacy_Agency": "UT", "Population_Served_Count": 740, "Service_Connections_Count": 358, "Service_Area_Type": "Residential Area", "Verification_Status": "", "Area_SqKM": 9.263648978282356}, "geometry": {"type": "Point", "coordinates": [-112.10759235535, 41.54791275111186]}}, {"type": "Feature", "properties": {"PWSID": "UTAH21001", "PWS_Name": "ANNABELLA TOWN WATER SYSTEM", "Primacy_Agency": "UT", "Population_Served_Count": 860, "Service_Connections_Count": 351, "Service_Area_Type": "Residential Area", "Verification_Status": "", "Area_SqKM": 2.1052949742150737}, "geometry": {"type": "Point", "coordinates": [-112.06033590643398, 38.70943604359894]}}, {"type": "Feature", "properties": {"PWSID": "UTAH25142", "PWS_Name": "EAGLE MOUNTAIN CITY", "Primacy_Agency": "UT", "Population_Served_Count": 61266, "Service_Connections_Count": 14917, "Service_Area_Type": "Residential Area", "Verification_Status": "", "Area_SqKM": 131.35753934431634}, "geometry": {"type": "Point", "coordinates": [-112.01112946028643, 40.322465805973735]}}, {"type": "Feature", "properties": {"PWSID": "UTAH25011", "PWS_Name": "FAIRFIELD CULINARY WATER SYSTEM", "Primacy_Agency": "UT", "Population_Served_Count": 120, "Service_Connections_Count": 31, "Service_Area_Type": "Residential Area", "Verification_Status": "", "Area_SqKM": 63.880320392363714}, "geometry": {"type": "Point", "coordinates": [-112.06811035323639, 40.24013668662443]}}, {"type": "Feature", "properties": {"PWSID": "UTAH06012", "PWS_Name": "SYRACUSE CITY WATER SYSTEM", "Primacy_Agency": "UT", "Population_Served_Count": 35561, "Service_Connections_Count": 10091, "Service_Area_Type": "Residential Area", "Verification_Status": "", "Area_SqKM": 29.63867908680909}, "geometry": {"type": "Point", "coordinates": [-112.07416109751765, 41.08391009747796]}}, {"type": "Feature", "properties": {"PWSID": "UTAH18014", "PWS_Name": "MAGNA WATER DISTRICT", "Primacy_Agency": "UT", "Population_Served_Count": 32100, "Service_Connections_Count": 8277, "Service_Area_Type": "Residential Area", "Verification_Status": "", "Area_SqKM": 24.46270964495453}, "geometry": {"type": "Point", "coordinates": [-112.08737700515465, 40.70423158993642]}}, {"type": "Feature", "properties": {"PWSID": "UTAH18131", "PWS_Name": "HI-COUNTRY NUMBER 2", "Primacy_Agency": "UT", "Population_Served_Count": 722, "Service_Connections_Count": 193, "Service_Area_Type": "Residential Area", "Verification_Status": "", "Area_SqKM": 9.207501330345266}, "geometry": {"type": "Point", "coordinates": [-112.07634700447787, 40.47486492178455]}}, {"type": "Feature", "properties": {"PWSID": "UTAH29019", "PWS_Name": "TAYLOR-WEST WEBER WID", "Primacy_Agency": "UT", "Population_Served_Count": 8516, "Service_Connections_Count": 2863, "Service_Area_Type": "Residential Area", "Verification_Status": "", "Area_SqKM": 40.47726864477247}, "geometry": {"type": "Point", "coordinates": [-112.08055982265232, 41.22728736040488]}}, {"type": "Feature", "properties": {"PWSID": "UTAH29016", "PWS_Name": "ROY CITY WATER SYSTEM", "Primacy_Agency": "UT", "Population_Served_Count": 38800, "Service_Connections_Count": 11267, "Service_Area_Type": "Residential Area", "Verification_Status": "", "Area_SqKM": 20.095973365280628}, "geometry": {"type": "Point", "coordinates": [-112.05686849552168, 41.17842075592861]}}, {"type": "Feature", "properties": {"PWSID": "UTAH06003", "PWS_Name": "CLINTON CITY WATER SYSTEM", "Primacy_Agency": "UT", "Population_Served_Count": 23000, "Service_Connections_Count": 7100, "Service_Area_Type": "Residential Area", "Verification_Status": "", "Area_SqKM": 15.237886103227167}, "geometry": {"type": "Point", "coordinates": [-112.0597978303304, 41.130631321768625]}}, {"type": "Feature", "properties": {"PWSID": "UTAH29004", "PWS_Name": "BONA VISTA WATER DISTRICT", "Primacy_Agency": "UT", "Population_Served_Count": 29000, "Service_Connections_Count": 9331, "Service_Area_Type": "Residential Area", "Verification_Status": "", "Area_SqKM": 82.43465423418506}, "geometry": {"type": "Point", "coordinates": [-112.0440411526932, 41.266405704015654]}}, {"type": "Feature", "properties": {"PWSID": "UTAH02004", "PWS_Name": "BRIGHAM CITY WATER SYSTEM", "Primacy_Agency": "UT", "Population_Served_Count": 20540, "Service_Connections_Count": 6524, "Service_Area_Type": "Residential Area", "Verification_Status": "", "Area_SqKM": 67.66752893920192}, "geometry": {"type": "Point", "coordinates": [-112.04754239894046, 41.51587651996907]}}, {"type": "Feature", "properties": {"PWSID": "UTAH02019", "PWS_Name": "PERRY CITY", "Primacy_Agency": "UT", "Population_Served_Count": 4900, "Service_Connections_Count": 1691, "Service_Area_Type": "Residential Area", "Verification_Status": "", "Area_SqKM": 20.762721481331475}, "geometry": {"type": "Point", "coordinates": [-112.04413244207592, 41.46876331194997]}}, {"type": "Feature", "properties": {"PWSID": "UTAH02024", "PWS_Name": "WILLARD CITY WATER SYSTEM", "Primacy_Agency": "UT", "Population_Served_Count": 2036, "Service_Connections_Count": 708, "Service_Area_Type": "Residential Area", "Verification_Status": "", "Area_SqKM": 17.809066078196}, "geometry": {"type": "Point", "coordinates": [-112.0377955122786, 41.42158748467174]}}, {"type": "Feature", "properties": {"PWSID": "UTAH02068", "PWS_Name": "BEAR RIVER WCD-HARPER WARD", "Primacy_Agency": "UT", "Population_Served_Count": 390, "Service_Connections_Count": 94, "Service_Area_Type": "Residential Area", "Verification_Status": "", "Area_SqKM": 14.370720599265793}, "geometry": {"type": "Point", "coordinates": [-112.03349473126225, 41.57188045623734]}}, {"type": "Feature", "properties": {"PWSID": "UTAH02052", "PWS_Name": "FOX HILL MOBILE HOME COMMUNITY", "Primacy_Agency": "UT", "Population_Served_Count": 60, "Service_Connections_Count": 50, "Service_Area_Type": "Mobile Home Park", "Verification_Status": "", "Area_SqKM": 0.03628815631683883}, "geometry": {"type": "Point", "coordinates": [-112.03709051940442, 41.369422879608024]}}, {"type": "Feature", "properties": {"PWSID": "UTAH02055", "PWS_Name": "HOT SPRINGS TRAILER COURT", "Primacy_Agency": "UT", "Population_Served_Count": 120, "Service_Connections_Count": 45, "Service_Area_Type": "Mobile Home Park", "Verification_Status": "", "Area_SqKM": 0.029055060631196755}, "geometry": {"type": "Point", "coordinates": [-112.03779660033815, 41.35079173321331]}}, {"type": "Feature", "properties": {"PWSID": "UTAH02007", "PWS_Name": "ELWOOD TOWN", "Primacy_Agency": "UT", "Population_Served_Count": 1300, "Service_Connections_Count": 399, "Service_Area_Type": "Residential Area", "Verification_Status": "", "Area_SqKM": 21.28400519987375}, "geometry": {"type": "Point", "coordinates": [-112.13912099357086, 41.66954718719295]}}, {"type": "Feature", "properties": {"PWSID": "UTAH02011", "PWS_Name": "TREMONTON CITY", "Primacy_Agency": "UT", "Population_Served_Count": 10100, "Service_Connections_Count": 3485, "Service_Area_Type": "Residential Area", "Verification_Status": "", "Area_SqKM": 21.058293737652672}, "geometry": {"type": "Point", "coordinates": [-112.165429636838, 41.714795382161334]}}, {"type": "Feature", "properties": {"PWSID": "UTAH02003", "PWS_Name": "BOTHWELL TOWN WATER SYSTEM", "Primacy_Agency": "UT", "Population_Served_Count": 237, "Service_Connections_Count": 116, "Service_Area_Type": "Residential Area", "Verification_Status": "", "Area_SqKM": 10.685465163092278}, "geometry": {"type": "Point", "coordinates": [-112.25435041253522, 41.718364431188775]}}, {"type": "Feature", "properties": {"PWSID": "UTAH02025", "PWS_Name": "THATCHER-PENROSE SERVICE DISTRICT", "Primacy_Agency": "UT", "Population_Served_Count": 590, "Service_Connections_Count": 265, "Service_Area_Type": "Residential Area", "Verification_Status": "", "Area_SqKM": 7.803482677957807}, "geometry": {"type": "Point", "coordinates": [-112.30465091463337, 41.664331783312086]}}, {"type": "Feature", "properties": {"PWSID": "UTAH02009", "PWS_Name": "GARLAND CITY WATER SYSTEM", "Primacy_Agency": "UT", "Population_Served_Count": 2400, "Service_Connections_Count": 906, "Service_Area_Type": "Residential Area", "Verification_Status": "", "Area_SqKM": 5.880851030410065}, "geometry": {"type": "Point", "coordinates": [-112.15776414233261, 41.73499492503761]}}, {"type": "Feature", "properties": {"PWSID": "UTAH29010", "PWS_Name": "NORTH OGDEN CITY", "Primacy_Agency": "UT", "Population_Served_Count": 22000, "Service_Connections_Count": 7225, "Service_Area_Type": "Residential Area", "Verification_Status": "", "Area_SqKM": 20.470742744492068}, "geometry": {"type": "Point", "coordinates": [-111.96295029515393, 41.309847953134984]}}, {"type": "Feature", "properties": {"PWSID": "UTAH03022", "PWS_Name": "WELLSVILLE CITY WATER SYSTEM", "Primacy_Agency": "UT", "Population_Served_Count": 4190, "Service_Connections_Count": 1263, "Service_Area_Type": "Residential Area", "Verification_Status": "", "Area_SqKM": 18.63527332594693}, "geometry": {"type": "Point", "coordinates": [-111.92722367839733, 41.63320164306269]}}, {"type": "Feature", "properties": {"PWSID": "UTAH03005", "PWS_Name": "CORNISH TOWN WATER SYSTEM", "Primacy_Agency": "UT", "Population_Served_Count": 275, "Service_Connections_Count": 119, "Service_Area_Type": "Residential Area", "Verification_Status": "", "Area_SqKM": 14.947921312245093}, "geometry": {"type": "Point", "coordinates": [-111.95925860004995, 41.984325134218345]}}, {"type": "Feature", "properties": {"PWSID": "UTAH29014", "PWS_Name": "PLEASANT VIEW CULINARY WATER", "Primacy_Agency": "UT", "Population_Served_Count": 7880, "Service_Connections_Count": 2201, "Service_Area_Type": "Residential Area", "Verification_Status": "", "Area_SqKM": 13.87072112807474}, "geometry": {"type": "Point", "coordinates": [-111.99216713544513, 41.328096694167975]}}, {"type": "Feature", "properties": {"PWSID": "UTAH02021", "PWS_Name": "SOUTH WILLARD", "Primacy_Agency": "UT", "Population_Served_Count": 1500, "Service_Connections_Count": 487, "Service_Area_Type": "Residential Area", "Verification_Status": "", "Area_SqKM": 6.51231249306172}, "geometry": {"type": "Point", "coordinates": [-112.03112266673241, 41.359328769588856]}}, {"type": "Feature", "properties": {"PWSID": "UTAH03011", "PWS_Name": "MENDON CITY", "Primacy_Agency": "UT", "Population_Served_Count": 1640, "Service_Connections_Count": 441, "Service_Area_Type": "Residential Area", "Verification_Status": "", "Area_SqKM": 3.665463806006999}, "geometry": {"type": "Point", "coordinates": [-111.9776007933021, 41.707171357123045]}}, {"type": "Feature", "properties": {"PWSID": "UTAH02002", "PWS_Name": "BEAR RIVER WCD-BEAVER DAM", "Primacy_Agency": "UT", "Population_Served_Count": 176, "Service_Connections_Count": 29, "Service_Area_Type": "Residential Area", "Verification_Status": "", "Area_SqKM": 2.7715974734676463}, "geometry": {"type": "Point", "coordinates": [-112.04637784287893, 41.7965610714633]}}, {"type": "Feature", "properties": {"PWSID": "UTAH03004", "PWS_Name": "CLARKSTON TOWN WATER SYSTEM", "Primacy_Agency": "UT", "Population_Served_Count": 763, "Service_Connections_Count": 292, "Service_Area_Type": "Residential Area", "Verification_Status": "", "Area_SqKM": 2.7682658903904547}, "geometry": {"type": "Point", "coordinates": [-112.03712892148452, 41.92057674457682]}}, {"type": "Feature", "properties": {"PWSID": "UTAH03013", "PWS_Name": "NEWTON TOWN WATER SYSTEM", "Primacy_Agency": "UT", "Population_Served_Count": 810, "Service_Connections_Count": 280, "Service_Area_Type": "Residential Area", "Verification_Status": "", "Area_SqKM": 2.4819411839714083}, "geometry": {"type": "Point", "coordinates": [-111.99298204884522, 41.862013088492446]}}, {"type": "Feature", "properties": {"PWSID": "UTAH02062", "PWS_Name": "WILLOW CREEK WATER CO", "Primacy_Agency": "UT", "Population_Served_Count": 175, "Service_Connections_Count": 71, "Service_Area_Type": "Residential Area", "Verification_Status": "", "Area_SqKM": 0.9310017126237615}, "geometry": {"type": "Point", "coordinates": [-112.03061437716045, 41.76427935383144]}}, {"type": "Feature", "properties": {"PWSID": "UTAH29107", "PWS_Name": "POLE PATCH WATER SYSTEM", "Primacy_Agency": "UT", "Population_Served_Count": 68, "Service_Connections_Count": 27, "Service_Area_Type": "Residential Area", "Verification_Status": "", "Area_SqKM": 0.7342508369953441}, "geometry": {"type": "Point", "coordinates": [-111.98718278003408, 41.34713334665291]}}, {"type": "Feature", "properties": {"PWSID": "UTAH02077", "PWS_Name": "BEAR RIVER WCD-SO WILLARD", "Primacy_Agency": "UT", "Population_Served_Count": 0, "Service_Connections_Count": 6, "Service_Area_Type": "Wholesaler of Water", "Verification_Status": "", "Area_SqKM": 0.4365152050195856}, "geometry": {"type": "Point", "coordinates": [-112.03027025010947, 41.35755405829435]}}, {"type": "Feature", "properties": {"PWSID": "UTAH02053", "PWS_Name": "COLEMAN MOBILE HOME COURT", "Primacy_Agency": "UT", "Population_Served_Count": 65, "Service_Connections_Count": 26, "Service_Area_Type": "Mobile Home Park", "Verification_Status": "", "Area_SqKM": 0.02899918058519423}, "geometry": {"type": "Point", "coordinates": [-112.0322211002265, 41.353312383247264]}}, {"type": "Feature", "properties": {"PWSID": "UTAH29120", "PWS_Name": "WEST HAVEN SSD", "Primacy_Agency": "UT", "Population_Served_Count": 3360, "Service_Connections_Count": 375, "Service_Area_Type": "Subdivision", "Verification_Status": "", "Area_SqKM": 0.6986108312902843}, "geometry": {"type": "Point", "coordinates": [-112.03565337772456, 41.2005667666302]}}, {"type": "Feature", "properties": {"PWSID": "UTAH06011", "PWS_Name": "SUNSET CITY WATER SYSTEM", "Primacy_Agency": "UT", "Population_Served_Count": 5300, "Service_Connections_Count": 1719, "Service_Area_Type": "Residential Area", "Verification_Status": "", "Area_SqKM": 3.0214360269351084}, "geometry": {"type": "Point", "coordinates": [-112.02948248881545, 41.14205619993918]}}, {"type": "Feature", "properties": {"PWSID": "UTAH29022", "PWS_Name": "WASHINGTON TERRACE CITY WATER SYSTEM", "Primacy_Agency": "UT", "Population_Served_Count": 9260, "Service_Connections_Count": 3194, "Service_Area_Type": "Residential Area", "Verification_Status": "", "Area_SqKM": 5.1669684187773255}, "geometry": {"type": "Point", "coordinates": [-111.97633408444385, 41.16749363114021]}}, {"type": "Feature", "properties": {"PWSID": "UTAH29017", "PWS_Name": "SOUTH OGDEN CITY WATER SYSTEM", "Primacy_Agency": "UT", "Population_Served_Count": 17500, "Service_Connections_Count": 5600, "Service_Area_Type": "Residential Area", "Verification_Status": "", "Area_SqKM": 10.426806469168827}, "geometry": {"type": "Point", "coordinates": [-111.95399458722623, 41.167329817388925]}}, {"type": "Feature", "properties": {"PWSID": "UTAH29015", "PWS_Name": "RIVERDALE CITY WATER SYSTEM", "Primacy_Agency": "UT", "Population_Served_Count": 8945, "Service_Connections_Count": 2523, "Service_Area_Type": "Residential Area", "Verification_Status": "", "Area_SqKM": 10.48253404956188}, "geometry": {"type": "Point", "coordinates": [-111.99380344271172, 41.17963298563979]}}, {"type": "Feature", "properties": {"PWSID": "UTAH06024", "PWS_Name": "HILL AIR FORCE BASE", "Primacy_Agency": "UT", "Population_Served_Count": 25625, "Service_Connections_Count": 6636, "Service_Area_Type": "Residential Area", "Verification_Status": "", "Area_SqKM": 25.1717055039841}, "geometry": {"type": "Point", "coordinates": [-111.99296112113427, 41.12766767446651]}}, {"type": "Feature", "properties": {"PWSID": "UTAH29011", "PWS_Name": "OGDEN CITY WATER SYSTEM", "Primacy_Agency": "UT", "Population_Served_Count": 87267, "Service_Connections_Count": 26050, "Service_Area_Type": "Residential Area", "Verification_Status": "", "Area_SqKM": 66.30735002458772}, "geometry": {"type": "Point", "coordinates": [-111.96004492925088, 41.21676750256401]}}, {"type": "Feature", "properties": {"PWSID": "UTAH18183", "PWS_Name": "MUIRHOUSE HOMEOWNERS ASSOCIATION", "Primacy_Agency": "UT", "Population_Served_Count": 280, "Service_Connections_Count": 111, "Service_Area_Type": "Homeowners Association", "Verification_Status": "", "Area_SqKM": 0.030733663272380824}, "geometry": {"type": "Point", "coordinates": [-111.98341099998763, 40.6649947625382]}}, {"type": "Feature", "properties": {"PWSID": "UTAH25184", "PWS_Name": "BATEMANS MOSIDA FARMS", "Primacy_Agency": "UT", "Population_Served_Count": 90, "Service_Connections_Count": 15, "Service_Area_Type": "Other Residential", "Verification_Status": "", "Area_SqKM": 0.11413174919398653}, "geometry": {"type": "Point", "coordinates": [-111.98089158318261, 40.10729822216063]}}, {"type": "Feature", "properties": {"PWSID": "UTAH25044", "PWS_Name": "DESERET FEEDLOT", "Primacy_Agency": "UT", "Population_Served_Count": 60, "Service_Connections_Count": 10, "Service_Area_Type": "Summer Camp", "Verification_Status": "", "Area_SqKM": 0.309690614408557}, "geometry": {"type": "Point", "coordinates": [-111.94634242766628, 39.91307813440114]}}, {"type": "Feature", "properties": {"PWSID": "UTAH18178", "PWS_Name": "SUMMIT VISTA WATER COMPANY", "Primacy_Agency": "UT", "Population_Served_Count": 3000, "Service_Connections_Count": 404, "Service_Area_Type": "Residential Area", "Verification_Status": "", "Area_SqKM": 0.36626889679952057}, "geometry": {"type": "Point", "coordinates": [-111.97248276931238, 40.642960800121585]}}, {"type": "Feature", "properties": {"PWSID": "UTAH18051", "PWS_Name": "WEBB WELL WATER USERS", "Primacy_Agency": "UT", "Population_Served_Count": 250, "Service_Connections_Count": 49, "Service_Area_Type": "Residential Area", "Verification_Status": "", "Area_SqKM": 0.5859536187826002}, "geometry": {"type": "Point", "coordinates": [-111.9408368230547, 40.47829516535674]}}, {"type": "Feature", "properties": {"PWSID": "UTAH06048", "PWS_Name": "BOYER HILL MILITARY HOUSING", "Primacy_Agency": "UT", "Population_Served_Count": 3300, "Service_Connections_Count": 1086, "Service_Area_Type": "Residential Area", "Verification_Status": "", "Area_SqKM": 1.3592965553319238}, "geometry": {"type": "Point", "coordinates": [-112.0058378936944, 41.112767253151276]}}, {"type": "Feature", "properties": {"PWSID": "UTAH25010", "PWS_Name": "ELBERTA", "Primacy_Agency": "UT", "Population_Served_Count": 141, "Service_Connections_Count": 73, "Service_Area_Type": "Residential Area", "Verification_Status": "", "Area_SqKM": 10.610326339193591}, "geometry": {"type": "Point", "coordinates": [-111.9446918250545, 39.966822324690966]}}, {"type": "Feature", "properties": {"PWSID": "UTAH06010", "PWS_Name": "SOUTH WEBER WATER SYSTEM", "Primacy_Agency": "UT", "Population_Served_Count": 8125, "Service_Connections_Count": 2483, "Service_Area_Type": "Residential Area", "Verification_Status": "", "Area_SqKM": 12.172878794903891}, "geometry": {"type": "Point", "coordinates": [-111.93902114059703, 41.13401376243236]}}, {"type": "Feature", "properties": {"PWSID": "UTAH06002", "PWS_Name": "CLEARFIELD CITY WATER SYSTEM", "Primacy_Agency": "UT", "Population_Served_Count": 33540, "Service_Connections_Count": 7365, "Service_Area_Type": "Residential Area", "Verification_Status": "", "Area_SqKM": 18.275555706336355}, "geometry": {"type": "Point", "coordinates": [-112.02344622126691, 41.10578193176562]}}, {"type": "Feature", "properties": {"PWSID": "UTAH18004", "PWS_Name": "BLUFFDALE WATER SYSTEM", "Primacy_Agency": "UT", "Population_Served_Count": 20000, "Service_Connections_Count": 5505, "Service_Area_Type": "Residential Area", "Verification_Status": "", "Area_SqKM": 20.798963271502434}, "geometry": {"type": "Point", "coordinates": [-111.94110162074809, 40.47958914255483]}}, {"type": "Feature", "properties": {"PWSID": "UTAH06006", "PWS_Name": "KAYSVILLE CITY WATER SYSTEM", "Primacy_Agency": "UT", "Population_Served_Count": 32976, "Service_Connections_Count": 9346, "Service_Area_Type": "Residential Area", "Verification_Status": "", "Area_SqKM": 27.58078688200211}, "geometry": {"type": "Point", "coordinates": [-111.93740344887509, 41.03714293335586]}}, {"type": "Feature", "properties": {"PWSID": "UTAH18011", "PWS_Name": "KEARNS IMPROVEMENT DISTRICT", "Primacy_Agency": "UT", "Population_Served_Count": 55119, "Service_Connections_Count": 14242, "Service_Area_Type": "Residential Area", "Verification_Status": "", "Area_SqKM": 30.23143114217291}, "geometry": {"type": "Point", "coordinates": [-112.03118046108408, 40.64298203610597]}}, {"type": "Feature", "properties": {"PWSID": "UTAH18021", "PWS_Name": "TAYLORSVILLE-BENNION ID", "Primacy_Agency": "UT", "Population_Served_Count": 67098, "Service_Connections_Count": 17491, "Service_Area_Type": "Residential Area", "Verification_Status": "", "Area_SqKM": 30.283793840387645}, "geometry": {"type": "Point", "coordinates": [-111.95128120433242, 40.656674018665655]}}, {"type": "Feature", "properties": {"PWSID": "UTAH18025", "PWS_Name": "RIVERTON CITY WATER SYSTEM", "Primacy_Agency": "UT", "Population_Served_Count": 42838, "Service_Connections_Count": 10575, "Service_Area_Type": "Residential Area", "Verification_Status": "", "Area_SqKM": 31.828552119949062}, "geometry": {"type": "Point", "coordinates": [-111.94805361932309, 40.51749903747646]}}, {"type": "Feature", "properties": {"PWSID": "UTAH18157", "PWS_Name": "HERRIMAN CITY MUNICIPAL WATER DEPARTMENT", "Primacy_Agency": "UT", "Population_Served_Count": 60000, "Service_Connections_Count": 13989, "Service_Area_Type": "Residential Area", "Verification_Status": "", "Area_SqKM": 55.88652085628653}, "geometry": {"type": "Point", "coordinates": [-112.02427287016465, 40.50042757849614]}}, {"type": "Feature", "properties": {"PWSID": "UTAH18023", "PWS_Name": "SOUTH JORDAN CITY", "Primacy_Agency": "UT", "Population_Served_Count": 87356, "Service_Connections_Count": 25023, "Service_Area_Type": "Residential Area", "Verification_Status": "", "Area_SqKM": 57.693182710259}, "geometry": {"type": "Point", "coordinates": [-111.95685486307264, 40.559902484185336]}}, {"type": "Feature", "properties": {"PWSID": "UTAH06018", "PWS_Name": "LAYTON CITY WATER SYSTEM", "Primacy_Agency": "UT", "Population_Served_Count": 82000, "Service_Connections_Count": 20976, "Service_Area_Type": "Residential Area", "Verification_Status": "", "Area_SqKM": 58.34023872677087}, "geometry": {"type": "Point", "coordinates": [-111.95454553273896, 41.073383447098415]}}, {"type": "Feature", "properties": {"PWSID": "UTAH18007", "PWS_Name": "GRANGER-HUNTER IMPROVEMENT DISTRICT", "Primacy_Agency": "UT", "Population_Served_Count": 121083, "Service_Connections_Count": 27680, "Service_Area_Type": "Residential Area", "Verification_Status": "", "Area_SqKM": 64.05020840026448}, "geometry": {"type": "Point", "coordinates": [-111.9509793131665, 40.692683857817904]}}, {"type": "Feature", "properties": {"PWSID": "UTAH18020", "PWS_Name": "WEST JORDAN CITY WATER SYSTEM", "Primacy_Agency": "UT", "Population_Served_Count": 117025, "Service_Connections_Count": 30738, "Service_Area_Type": "Residential Area", "Verification_Status": "", "Area_SqKM": 78.3535614166002}, "geometry": {"type": "Point", "coordinates": [-111.98279899813869, 40.608768583950265]}}, {"type": "Feature", "properties": {"PWSID": "UTAH21008", "PWS_Name": "GLENWOOD TOWN WATER SYSTEM", "Primacy_Agency": "UT", "Population_Served_Count": 447, "Service_Connections_Count": 208, "Service_Area_Type": "Residential Area", "Verification_Status": "", "Area_SqKM": 1.346539830582133}, "geometry": {"type": "Point", "coordinates": [-111.98758830046924, 38.76206363740431]}}, {"type": "Feature", "properties": {"PWSID": "UTAH21016", "PWS_Name": "SIGURD TOWN WATER SYSTEM", "Primacy_Agency": "UT", "Population_Served_Count": 445, "Service_Connections_Count": 192, "Service_Area_Type": "Residential Area", "Verification_Status": "", "Area_SqKM": 3.113744043953352}, "geometry": {"type": "Point", "coordinates": [-111.97032476590242, 38.8561210204657]}}, {"type": "Feature", "properties": {"PWSID": "UTAH02078", "PWS_Name": "M & J TRAILER HOME COMMUNITY", "Primacy_Agency": "UT", "Population_Served_Count": 27, "Service_Connections_Count": 17, "Service_Area_Type": "Mobile Home Park", "Verification_Status": "", "Area_SqKM": 0.013085158351896938}, "geometry": {"type": "Point", "coordinates": [-112.12548264263872, 41.83907635713513]}}, {"type": "Feature", "properties": {"PWSID": "UTAH02051", "PWS_Name": "CEDAR RIDGE DISTRIBUTION COMPANY", "Primacy_Agency": "UT", "Population_Served_Count": 100, "Service_Connections_Count": 34, "Service_Area_Type": "Residential Area", "Verification_Status": "", "Area_SqKM": 0.3531969194864559}, "geometry": {"type": "Point", "coordinates": [-112.09602749251331, 41.73631231553747]}}, {"type": "Feature", "properties": {"PWSID": "UTAH02013", "PWS_Name": "PLYMOUTH TOWN WATER SYSTEM", "Primacy_Agency": "UT", "Population_Served_Count": 457, "Service_Connections_Count": 182, "Service_Area_Type": "Residential Area", "Verification_Status": "", "Area_SqKM": 3.501079583073955}, "geometry": {"type": "Point", "coordinates": [-112.15658305293903, 41.88245146119908]}}, {"type": "Feature", "properties": {"PWSID": "UTAH02020", "PWS_Name": "SNOWVILLE TOWN", "Primacy_Agency": "UT", "Population_Served_Count": 340, "Service_Connections_Count": 116, "Service_Area_Type": "Residential Area", "Verification_Status": "", "Area_SqKM": 4.594821135698471}, "geometry": {"type": "Point", "coordinates": [-112.71519163645453, 41.970637581867265]}}, {"type": "Feature", "properties": {"PWSID": "UTAH02012", "PWS_Name": "PORTAGE TOWN WATER SYSTEM", "Primacy_Agency": "UT", "Population_Served_Count": 275, "Service_Connections_Count": 120, "Service_Area_Type": "Residential Area", "Verification_Status": "", "Area_SqKM": 6.780676334788446}, "geometry": {"type": "Point", "coordinates": [-112.24150334391379, 41.986669647958436]}}, {"type": "Feature", "properties": {"PWSID": "UTAH02066", "PWS_Name": "BEAR RIVER WCD-BOTHWELL", "Primacy_Agency": "UT", "Population_Served_Count": 185, "Service_Connections_Count": 59, "Service_Area_Type": "Wholesaler of Water", "Verification_Status": "", "Area_SqKM": 15.179449186756484}, "geometry": {"type": "Point", "coordinates": [-112.26343459046268, 41.74099300476992]}}, {"type": "Feature", "properties": {"PWSID": "UTAH02006", "PWS_Name": "DEWEYVILLE TOWN", "Primacy_Agency": "UT", "Population_Served_Count": 420, "Service_Connections_Count": 162, "Service_Area_Type": "Residential Area", "Verification_Status": "", "Area_SqKM": 16.213044481550376}, "geometry": {"type": "Point", "coordinates": [-112.10172200253446, 41.69889284249361]}}, {"type": "Feature", "properties": {"PWSID": "UTAH02014", "PWS_Name": "UKON WATER COMPANY", "Primacy_Agency": "UT", "Population_Served_Count": 1133, "Service_Connections_Count": 437, "Service_Area_Type": "Residential Area", "Verification_Status": "", "Area_SqKM": 16.97865336164694}, "geometry": {"type": "Point", "coordinates": [-112.12068376270709, 41.78594662460751]}}, {"type": "Feature", "properties": {"PWSID": "UTAH02015", "PWS_Name": "RIVERSIDE-NORTH GARLAND WATER CO", "Primacy_Agency": "UT", "Population_Served_Count": 1193, "Service_Connections_Count": 457, "Service_Area_Type": "Residential Area", "Verification_Status": "", "Area_SqKM": 22.06907744876018}, "geometry": {"type": "Point", "coordinates": [-112.15440066919193, 41.79596293270533]}}, {"type": "Feature", "properties": {"PWSID": "UTAH02079", "PWS_Name": "BEAR RIVER WCD- COLLINSTON WATER SYSTEM", "Primacy_Agency": "UT", "Population_Served_Count": 102, "Service_Connections_Count": 71, "Service_Area_Type": "Other Area", "Verification_Status": "", "Area_SqKM": 23.48160281913043}, "geometry": {"type": "Point", "coordinates": [-112.11113405299022, 41.7416373960639]}}, {"type": "Feature", "properties": {"PWSID": "UTAH02017", "PWS_Name": "HOWELL TOWN WATER SYSTEM", "Primacy_Agency": "UT", "Population_Served_Count": 260, "Service_Connections_Count": 112, "Service_Area_Type": "Residential Area", "Verification_Status": "", "Area_SqKM": 90.65237047585613}, "geometry": {"type": "Point", "coordinates": [-112.435796499855, 41.784171300242136]}}, {"type": "Feature", "properties": {"PWSID": "UTAH02069", "PWS_Name": "SUNSET PARK WATER CO", "Primacy_Agency": "UT", "Population_Served_Count": 44, "Service_Connections_Count": 17, "Service_Area_Type": "Residential Area", "Verification_Status": "", "Area_SqKM": 0.48465370975692995}, "geometry": {"type": "Point", "coordinates": [-112.3022711501246, 41.67455697011459]}}, {"type": "Feature", "properties": {"PWSID": "UTAH02058", "PWS_Name": "THATCHER HILLS WATER COMPANY", "Primacy_Agency": "UT", "Population_Served_Count": 399, "Service_Connections_Count": 134, "Service_Area_Type": "Residential Area", "Verification_Status": "", "Area_SqKM": 0.5589288212473129}, "geometry": {"type": "Point", "coordinates": [-112.32362410008017, 41.7055187721093]}}, {"type": "Feature", "properties": {"PWSID": "UTAH21002", "PWS_Name": "AURORA CITY", "Primacy_Agency": "UT", "Population_Served_Count": 1000, "Service_Connections_Count": 423, "Service_Area_Type": "Residential Area", "Verification_Status": "", "Area_SqKM": 4.571753816606334}, "geometry": {"type": "Point", "coordinates": [-111.93630297058093, 38.922660980453934]}}, {"type": "Feature", "properties": {"PWSID": "UTAH15010", "PWS_Name": "PETERSON PIPELINE ASSOCIATION", "Primacy_Agency": "UT", "Population_Served_Count": 495, "Service_Connections_Count": 166, "Service_Area_Type": "Residential Area", "Verification_Status": "", "Area_SqKM": 0.08426011372584875}, "geometry": {"type": "Point", "coordinates": [-111.77117762355628, 41.10851589997556]}}, {"type": "Feature", "properties": {"PWSID": "UTAH22009", "PWS_Name": "WEBER MEADOWVIEW RANCH", "Primacy_Agency": "UT", "Population_Served_Count": 90, "Service_Connections_Count": 35, "Service_Area_Type": "Recreation Area", "Verification_Status": "", "Area_SqKM": 2.366173422729856}, "geometry": {"type": "Point", "coordinates": [-111.15535035693827, 40.78749757511019]}}, {"type": "Feature", "properties": {"PWSID": "UTAH25112", "PWS_Name": "CENTRAL UTAH WCD - UTAH VALLEY", "Primacy_Agency": "UT", "Population_Served_Count": 0, "Service_Connections_Count": 1, "Service_Area_Type": "Wholesaler of Water", "Verification_Status": "", "Area_SqKM": 0.6520554768346717}, "geometry": {"type": "Point", "coordinates": [-111.71619482197532, 40.11778511104675]}}, {"type": "Feature", "properties": {"PWSID": "UTAH26043", "PWS_Name": "OAK HAVEN WATER COMPANY", "Primacy_Agency": "UT", "Population_Served_Count": 388, "Service_Connections_Count": 116, "Service_Area_Type": "Recreation Area", "Verification_Status": "", "Area_SqKM": 0.15221313610885553}, "geometry": {"type": "Point", "coordinates": [-111.50740176669987, 40.52942092959215]}}, {"type": "Feature", "properties": {"PWSID": "UTAH26068", "PWS_Name": "SWISS OAKS HOA", "Primacy_Agency": "UT", "Population_Served_Count": 143, "Service_Connections_Count": 31, "Service_Area_Type": "Other Area", "Verification_Status": "", "Area_SqKM": 0.1312165617323175}, "geometry": {"type": "Point", "coordinates": [-111.78576411177954, 40.35979407342499]}}, {"type": "Feature", "properties": {"PWSID": "UTAH18026", "PWS_Name": "SALT LAKE CITY WATER SYSTEM", "Primacy_Agency": "UT", "Population_Served_Count": 381174, "Service_Connections_Count": 86503, "Service_Area_Type": "Residential Area", "Verification_Status": "", "Area_SqKM": 355.10126910332906}, "geometry": {"type": "Point", "coordinates": [-111.86006846644781, 40.69968833374327]}}, {"type": "Feature", "properties": {"PWSID": "UTAH08007", "PWS_Name": "NORTH EMERY SSD", "Primacy_Agency": "UT", "Population_Served_Count": 1452, "Service_Connections_Count": 534, "Service_Area_Type": "Residential Area", "Verification_Status": "", "Area_SqKM": 203.95739083670884}, "geometry": {"type": "Point", "coordinates": [-110.86505428737519, 39.3649049898501]}}, {"type": "Feature", "properties": {"PWSID": "UTAH25006", "PWS_Name": "PROVO CITY", "Primacy_Agency": "UT", "Population_Served_Count": 116288, "Service_Connections_Count": 19493, "Service_Area_Type": "Residential Area", "Verification_Status": "", "Area_SqKM": 116.34464388007368}, "geometry": {"type": "Point", "coordinates": [-111.65872607761898, 40.26808410354902]}}, {"type": "Feature", "properties": {"PWSID": "UTAH22137", "PWS_Name": "MOUNTAIN REGIONAL WATER SSD", "Primacy_Agency": "UT", "Population_Served_Count": 8245, "Service_Connections_Count": 5857, "Service_Area_Type": "Residential Area", "Verification_Status": "", "Area_SqKM": 99.63029579468112}, "geometry": {"type": "Point", "coordinates": [-111.5183009157537, 40.71022120743245]}}, {"type": "Feature", "properties": {"PWSID": "UTAH26086", "PWS_Name": "JORDANELLE SSD", "Primacy_Agency": "UT", "Population_Served_Count": 2345, "Service_Connections_Count": 1810, "Service_Area_Type": "Residential Area", "Verification_Status": "", "Area_SqKM": 99.28041467687906}, "geometry": {"type": "Point", "coordinates": [-111.3995942353501, 40.62871738576823]}}, {"type": "Feature", "properties": {"PWSID": "UTAH25015", "PWS_Name": "LEHI CITY", "Primacy_Agency": "UT", "Population_Served_Count": 79978, "Service_Connections_Count": 22793, "Service_Area_Type": "Residential Area", "Verification_Status": "", "Area_SqKM": 74.76718651001453}, "geometry": {"type": "Point", "coordinates": [-111.86835612372568, 40.40819751356006]}}, {"type": "Feature", "properties": {"PWSID": "UTAH18028", "PWS_Name": "SANDY CITY WATER SYSTEM", "Primacy_Agency": "UT", "Population_Served_Count": 99750, "Service_Connections_Count": 25816, "Service_Area_Type": "Residential Area", "Verification_Status": "", "Area_SqKM": 64.30424414881631}, "geometry": {"type": "Point", "coordinates": [-111.84429858113577, 40.585812288281744]}}, {"type": "Feature", "properties": {"PWSID": "UTAH25138", "PWS_Name": "SARATOGA SPRINGS CITY", "Primacy_Agency": "UT", "Population_Served_Count": 58000, "Service_Connections_Count": 11063, "Service_Area_Type": "Residential Area", "Verification_Status": "", "Area_SqKM": 55.63082758995565}, "geometry": {"type": "Point", "coordinates": [-111.90729308158846, 40.35848583288191]}}, {"type": "Feature", "properties": {"PWSID": "UTAH26091", "PWS_Name": "WOLF CREEK RANCH", "Primacy_Agency": "UT", "Population_Served_Count": 50, "Service_Connections_Count": 51, "Service_Area_Type": "Residential Area", "Verification_Status": "", "Area_SqKM": 52.7655309875265}, "geometry": {"type": "Point", "coordinates": [-111.25542555860494, 40.52803335151735]}}, {"type": "Feature", "properties": {"PWSID": "UTAH22011", "PWS_Name": "PARK CITY WATER SYSTEM", "Primacy_Agency": "UT", "Population_Served_Count": 8875, "Service_Connections_Count": 5649, "Service_Area_Type": "Residential Area", "Verification_Status": "", "Area_SqKM": 52.75364545947277}, "geometry": {"type": "Point", "coordinates": [-111.50972481946988, 40.641084277520115]}}, {"type": "Feature", "properties": {"PWSID": "UTAH25020", "PWS_Name": "OREM CITY WATER SYSTEM", "Primacy_Agency": "UT", "Population_Served_Count": 98129, "Service_Connections_Count": 23015, "Service_Area_Type": "Residential Area", "Verification_Status": "", "Area_SqKM": 48.45074589844915}, "geometry": {"type": "Point", "coordinates": [-111.69829349998236, 40.28869683483315]}}, {"type": "Feature", "properties": {"PWSID": "UTAH25003", "PWS_Name": "SPANISH FORK CITY", "Primacy_Agency": "UT", "Population_Served_Count": 47169, "Service_Connections_Count": 12180, "Service_Area_Type": "Residential Area", "Verification_Status": "", "Area_SqKM": 47.352658039829116}, "geometry": {"type": "Point", "coordinates": [-111.60766590260003, 40.07721272723336]}}, {"type": "Feature", "properties": {"PWSID": "UTAH25005", "PWS_Name": "SPRINGVILLE CITY", "Primacy_Agency": "UT", "Population_Served_Count": 35516, "Service_Connections_Count": 10056, "Service_Area_Type": "Residential Area", "Verification_Status": "", "Area_SqKM": 44.63778002299286}, "geometry": {"type": "Point", "coordinates": [-111.57270688253982, 40.16349797503134]}}, {"type": "Feature", "properties": {"PWSID": "UTAH25012", "PWS_Name": "GENOLA CITY", "Primacy_Agency": "UT", "Population_Served_Count": 1600, "Service_Connections_Count": 546, "Service_Area_Type": "Residential Area", "Verification_Status": "", "Area_SqKM": 36.74754952652269}, "geometry": {"type": "Point", "coordinates": [-111.83208919072322, 40.00414756104671]}}, {"type": "Feature", "properties": {"PWSID": "UTAH25018", "PWS_Name": "MAPLETON CITY", "Primacy_Agency": "UT", "Population_Served_Count": 14000, "Service_Connections_Count": 4386, "Service_Area_Type": "Residential Area", "Verification_Status": "", "Area_SqKM": 34.333149782641776}, "geometry": {"type": "Point", "coordinates": [-111.58668742170848, 40.13100940356203]}}, {"type": "Feature", "properties": {"PWSID": "UTAH18006", "PWS_Name": "WATERPRO INC", "Primacy_Agency": "UT", "Population_Served_Count": 28000, "Service_Connections_Count": 4830, "Service_Area_Type": "Residential Area", "Verification_Status": "", "Area_SqKM": 31.67159974772662}, "geometry": {"type": "Point", "coordinates": [-111.84137854416981, 40.513512614704894]}}, {"type": "Feature", "properties": {"PWSID": "UTAH25001", "PWS_Name": "SALEM CITY", "Primacy_Agency": "UT", "Population_Served_Count": 9298, "Service_Connections_Count": 3127, "Service_Area_Type": "Residential Area", "Verification_Status": "", "Area_SqKM": 31.65622964863469}, "geometry": {"type": "Point", "coordinates": [-111.65592024077908, 40.05287199122203]}}, {"type": "Feature", "properties": {"PWSID": "UTAH06015", "PWS_Name": "BOUNTIFUL CITY WATER SYSTEM", "Primacy_Agency": "UT", "Population_Served_Count": 37500, "Service_Connections_Count": 11458, "Service_Area_Type": "Residential Area", "Verification_Status": "", "Area_SqKM": 30.691221416035756}, "geometry": {"type": "Point", "coordinates": [-111.87117467133986, 40.875531074455786]}}, {"type": "Feature", "properties": {"PWSID": "UTAH26057", "PWS_Name": "TIMBER LAKES WATER SSD", "Primacy_Agency": "UT", "Population_Served_Count": 1000, "Service_Connections_Count": 830, "Service_Area_Type": "Recreation Area", "Verification_Status": "", "Area_SqKM": 30.101882096300248}, "geometry": {"type": "Point", "coordinates": [-111.24362025284552, 40.4776349060876]}}, {"type": "Feature", "properties": {"PWSID": "UTAH26080", "PWS_Name": "TWIN CREEKS SSD", "Primacy_Agency": "UT", "Population_Served_Count": 4530, "Service_Connections_Count": 1385, "Service_Area_Type": "Residential Area", "Verification_Status": "", "Area_SqKM": 27.896984942608746}, "geometry": {"type": "Point", "coordinates": [-111.34806291139738, 40.49643453026768]}}, {"type": "Feature", "properties": {"PWSID": "UTAH22059", "PWS_Name": "SUMMIT WATER DISTRIBUTION COMPANY", "Primacy_Agency": "UT", "Population_Served_Count": 6000, "Service_Connections_Count": 6065, "Service_Area_Type": "Residential Area", "Verification_Status": "", "Area_SqKM": 26.159389333037886}, "geometry": {"type": "Point", "coordinates": [-111.55601053927846, 40.716700638441075]}}, {"type": "Feature", "properties": {"PWSID": "UTAH06004", "PWS_Name": "FARMINGTON CITY WATER SYSTEM", "Primacy_Agency": "UT", "Population_Served_Count": 27860, "Service_Connections_Count": 6355, "Service_Area_Type": "Residential Area", "Verification_Status": "", "Area_SqKM": 26.027033655776087}, "geometry": {"type": "Point", "coordinates": [-111.91201316598432, 40.988118778431925]}}, {"type": "Feature", "properties": {"PWSID": "UTAH18133", "PWS_Name": "DRAPER CITY WATER SYSTEM", "Primacy_Agency": "UT", "Population_Served_Count": 23205, "Service_Connections_Count": 4850, "Service_Area_Type": "Residential Area", "Verification_Status": "", "Area_SqKM": 25.123698241809095}, "geometry": {"type": "Point", "coordinates": [-111.88103037309095, 40.49272049006415]}}, {"type": "Feature", "properties": {"PWSID": "UTAH25008", "PWS_Name": "AMERICAN FORK CITY", "Primacy_Agency": "UT", "Population_Served_Count": 39045, "Service_Connections_Count": 11923, "Service_Area_Type": "Residential Area", "Verification_Status": "", "Area_SqKM": 24.73793699725555}, "geometry": {"type": "Point", "coordinates": [-111.79542085584127, 40.37775931832267]}}, {"type": "Feature", "properties": {"PWSID": "UTAH25021", "PWS_Name": "PAYSON CITY WATER SYSTEM", "Primacy_Agency": "UT", "Population_Served_Count": 19000, "Service_Connections_Count": 6225, "Service_Area_Type": "Residential Area", "Verification_Status": "", "Area_SqKM": 24.5652443061447}, "geometry": {"type": "Point", "coordinates": [-111.72599724859056, 40.03385112562924]}}, {"type": "Feature", "properties": {"PWSID": "UTAH18024", "PWS_Name": "MURRAY CITY WATER SYSTEM", "Primacy_Agency": "UT", "Population_Served_Count": 38723, "Service_Connections_Count": 11590, "Service_Area_Type": "Residential Area", "Verification_Status": "", "Area_SqKM": 24.06633826369707}, "geometry": {"type": "Point", "coordinates": [-111.89383907782786, 40.655115872191864]}}, {"type": "Feature", "properties": {"PWSID": "UTAH25022", "PWS_Name": "PLEASANT GROVE CITY", "Primacy_Agency": "UT", "Population_Served_Count": 40000, "Service_Connections_Count": 9352, "Service_Area_Type": "Residential Area", "Verification_Status": "", "Area_SqKM": 23.362033412536086}, "geometry": {"type": "Point", "coordinates": [-111.7429752123524, 40.38585533386849]}}, {"type": "Feature", "properties": {"PWSID": "UTAH25014", "PWS_Name": "HIGHLAND CITY", "Primacy_Agency": "UT", "Population_Served_Count": 20000, "Service_Connections_Count": 5195, "Service_Area_Type": "Residential Area", "Verification_Status": "", "Area_SqKM": 22.27497157038168}, "geometry": {"type": "Point", "coordinates": [-111.80096636802419, 40.42320837151116]}}, {"type": "Feature", "properties": {"PWSID": "UTAH25016", "PWS_Name": "LINDON CITY", "Primacy_Agency": "UT", "Population_Served_Count": 11072, "Service_Connections_Count": 3428, "Service_Area_Type": "Residential Area", "Verification_Status": "", "Area_SqKM": 22.109850428544313}, "geometry": {"type": "Point", "coordinates": [-111.74304226099105, 40.33969991730547]}}, {"type": "Feature", "properties": {"PWSID": "UTAH06019", "PWS_Name": "NORTH SALT LAKE CITY WATER SYSTEM", "Primacy_Agency": "UT", "Population_Served_Count": 18655, "Service_Connections_Count": 6881, "Service_Area_Type": "Residential Area", "Verification_Status": "", "Area_SqKM": 20.916964360573957}, "geometry": {"type": "Point", "coordinates": [-111.91906756185085, 40.84426678261518]}}, {"type": "Feature", "properties": {"PWSID": "UTAH25007", "PWS_Name": "ALPINE CITY", "Primacy_Agency": "UT", "Population_Served_Count": 10200, "Service_Connections_Count": 2870, "Service_Area_Type": "Residential Area", "Verification_Status": "", "Area_SqKM": 20.315895875627195}, "geometry": {"type": "Point", "coordinates": [-111.7697562793858, 40.46331896038479]}}, {"type": "Feature", "properties": {"PWSID": "UTAH26008", "PWS_Name": "MIDWAY CITY WATER SYSTEM", "Primacy_Agency": "UT", "Population_Served_Count": 5200, "Service_Connections_Count": 2398, "Service_Area_Type": "Residential Area", "Verification_Status": "", "Area_SqKM": 19.465837403851815}, "geometry": {"type": "Point", "coordinates": [-111.4678095305945, 40.52466973514922]}}, {"type": "Feature", "properties": {"PWSID": "UTAH22010", "PWS_Name": "OAKLEY TOWN WATER SYSTEM", "Primacy_Agency": "UT", "Population_Served_Count": 1800, "Service_Connections_Count": 606, "Service_Area_Type": "Residential Area", "Verification_Status": "", "Area_SqKM": 18.313661528079}, "geometry": {"type": "Point", "coordinates": [-111.2704081345075, 40.7235744483446]}}, {"type": "Feature", "properties": {"PWSID": "UTAH26096", "PWS_Name": "NORTH VILLAGE SSD", "Primacy_Agency": "UT", "Population_Served_Count": 1280, "Service_Connections_Count": 434, "Service_Area_Type": "Residential Area", "Verification_Status": "", "Area_SqKM": 16.763601729051516}, "geometry": {"type": "Point", "coordinates": [-111.41439621042213, 40.56006499819732]}}, {"type": "Feature", "properties": {"PWSID": "UTAH18027", "PWS_Name": "JORDAN VALLEY WCD", "Primacy_Agency": "UT", "Population_Served_Count": 99335, "Service_Connections_Count": 8813, "Service_Area_Type": "Residential Area", "Verification_Status": "", "Area_SqKM": 16.58786500712972}, "geometry": {"type": "Point", "coordinates": [-111.86856539116201, 40.66042740838887]}}, {"type": "Feature", "properties": {"PWSID": "UTAH20004", "PWS_Name": "GUNNISON CITY", "Primacy_Agency": "UT", "Population_Served_Count": 3490, "Service_Connections_Count": 1419, "Service_Area_Type": "Residential Area", "Verification_Status": "", "Area_SqKM": 16.374544644942755}, "geometry": {"type": "Point", "coordinates": [-111.80870284397065, 39.16368017139065]}}, {"type": "Feature", "properties": {"PWSID": "UTAH21014", "PWS_Name": "SALINA CITY WATER SYSTEM", "Primacy_Agency": "UT", "Population_Served_Count": 2100, "Service_Connections_Count": 1018, "Service_Area_Type": "Residential Area", "Verification_Status": "", "Area_SqKM": 16.191641818147936}, "geometry": {"type": "Point", "coordinates": [-111.86203353540427, 38.94857497579647]}}, {"type": "Feature", "properties": {"PWSID": "UTAH18017", "PWS_Name": "MIDVALE CITY WATER SYSTEM", "Primacy_Agency": "UT", "Population_Served_Count": 33005, "Service_Connections_Count": 7908, "Service_Area_Type": "Residential Area", "Verification_Status": "", "Area_SqKM": 14.938791454725685}, "geometry": {"type": "Point", "coordinates": [-111.88538253054995, 40.613527777866466]}}, {"type": "Feature", "properties": {"PWSID": "UTAH26006", "PWS_Name": "HEBER CITY WATER SYSTEM", "Primacy_Agency": "UT", "Population_Served_Count": 19000, "Service_Connections_Count": 5209, "Service_Area_Type": "Residential Area", "Verification_Status": "", "Area_SqKM": 14.261094732531408}, "geometry": {"type": "Point", "coordinates": [-111.41291659183318, 40.50008189270378]}}, {"type": "Feature", "properties": {"PWSID": "UTAH12003", "PWS_Name": "NEPHI CITY", "Primacy_Agency": "UT", "Population_Served_Count": 7122, "Service_Connections_Count": 2609, "Service_Area_Type": "Residential Area", "Verification_Status": "", "Area_SqKM": 14.183003249485933}, "geometry": {"type": "Point", "coordinates": [-111.83696870106253, 39.70154383445476]}}, {"type": "Feature", "properties": {"PWSID": "UTAH20011", "PWS_Name": "EPHRAIM CITY", "Primacy_Agency": "UT", "Population_Served_Count": 7000, "Service_Connections_Count": 1571, "Service_Area_Type": "Residential Area", "Verification_Status": "", "Area_SqKM": 13.228188375595415}, "geometry": {"type": "Point", "coordinates": [-111.58018879019465, 39.35409844501826]}}, {"type": "Feature", "properties": {"PWSID": "UTAH25168", "PWS_Name": "VINEYARD CITY", "Primacy_Agency": "UT", "Population_Served_Count": 21431, "Service_Connections_Count": 3020, "Service_Area_Type": "Residential Area", "Verification_Status": "", "Area_SqKM": 12.720649958868263}, "geometry": {"type": "Point", "coordinates": [-111.75012552661866, 40.300795689890556]}}, {"type": "Feature", "properties": {"PWSID": "UTAH22105", "PWS_Name": "SUMMIT COUNTY SERVICE AREA #3", "Primacy_Agency": "UT", "Population_Served_Count": 600, "Service_Connections_Count": 221, "Service_Area_Type": "Residential Area", "Verification_Status": "", "Area_SqKM": 12.603120233337263}, "geometry": {"type": "Point", "coordinates": [-111.49919408526745, 40.74720001765613]}}, {"type": "Feature", "properties": {"PWSID": "UTAH20001", "PWS_Name": "CENTERFIELD TOWN WATER SYSTEM", "Primacy_Agency": "UT", "Population_Served_Count": 1700, "Service_Connections_Count": 562, "Service_Area_Type": "Residential Area", "Verification_Status": "", "Area_SqKM": 12.19170669368907}, "geometry": {"type": "Point", "coordinates": [-111.8169391980476, 39.11207141826622]}}, {"type": "Feature", "properties": {"PWSID": "UTAH20051", "PWS_Name": "AXTELL COMMUNITY SERVICE DISTRIBUTION", "Primacy_Agency": "UT", "Population_Served_Count": 300, "Service_Connections_Count": 113, "Service_Area_Type": "Residential Area", "Verification_Status": "", "Area_SqKM": 12.043281548823867}, "geometry": {"type": "Point", "coordinates": [-111.81948213345393, 39.05629929078732]}}, {"type": "Feature", "properties": {"PWSID": "UTAH06001", "PWS_Name": "CENTERVILLE CITY WATER SYSTEM", "Primacy_Agency": "UT", "Population_Served_Count": 17155, "Service_Connections_Count": 5267, "Service_Area_Type": "Residential Area", "Verification_Status": "", "Area_SqKM": 11.31293480839228}, "geometry": {"type": "Point", "coordinates": [-111.87679007473957, 40.92064800888258]}}, {"type": "Feature", "properties": {"PWSID": "UTAH18032", "PWS_Name": "SOUTH SALT LAKE CITY WATER SYSTEM", "Primacy_Agency": "UT", "Population_Served_Count": 23600, "Service_Connections_Count": 3373, "Service_Area_Type": "Residential Area", "Verification_Status": "", "Area_SqKM": 11.269515352108053}, "geometry": {"type": "Point", "coordinates": [-111.89492108013661, 40.706201878347294]}}, {"type": "Feature", "properties": {"PWSID": "UTAH26100", "PWS_Name": "HIDEOUT TOWN WATER SYSTEM", "Primacy_Agency": "UT", "Population_Served_Count": 1300, "Service_Connections_Count": 564, "Service_Area_Type": "Residential Area", "Verification_Status": "", "Area_SqKM": 10.51185803709844}, "geometry": {"type": "Point", "coordinates": [-111.4026617488536, 40.65052250469698]}}, {"type": "Feature", "properties": {"PWSID": "UTAH22008", "PWS_Name": "MARION WATERWORKS CO", "Primacy_Agency": "UT", "Population_Served_Count": 380, "Service_Connections_Count": 136, "Service_Area_Type": "Residential Area", "Verification_Status": "", "Area_SqKM": 10.489304335962395}, "geometry": {"type": "Point", "coordinates": [-111.28232822017672, 40.67708712671847]}}, {"type": "Feature", "properties": {"PWSID": "UTAH25002", "PWS_Name": "SANTAQUIN CITY", "Primacy_Agency": "UT", "Population_Served_Count": 17532, "Service_Connections_Count": 5482, "Service_Area_Type": "Residential Area", "Verification_Status": "", "Area_SqKM": 10.216762139273278}, "geometry": {"type": "Point", "coordinates": [-111.7912616573457, 39.971418225659015]}}, {"type": "Feature", "properties": {"PWSID": "UTAH22004", "PWS_Name": "FRANCIS TOWN WATER SYSTEM", "Primacy_Agency": "UT", "Population_Served_Count": 1565, "Service_Connections_Count": 585, "Service_Area_Type": "Residential Area", "Verification_Status": "", "Area_SqKM": 10.093698429970388}, "geometry": {"type": "Point", "coordinates": [-111.2765246149898, 40.608216029158235]}}, {"type": "Feature", "properties": {"PWSID": "UTAH22002", "PWS_Name": "COALVILLE CITY WATER SYSTEM", "Primacy_Agency": "UT", "Population_Served_Count": 1590, "Service_Connections_Count": 610, "Service_Area_Type": "Residential Area", "Verification_Status": "", "Area_SqKM": 9.936908405188884}, "geometry": {"type": "Point", "coordinates": [-111.38991348211562, 40.910176643572484]}}, {"type": "Feature", "properties": {"PWSID": "UTAH22007", "PWS_Name": "KAMAS CITY WATER SYSTEM", "Primacy_Agency": "UT", "Population_Served_Count": 2200, "Service_Connections_Count": 862, "Service_Area_Type": "Residential Area", "Verification_Status": "", "Area_SqKM": 9.508837707642275}, "geometry": {"type": "Point", "coordinates": [-111.27570271268685, 40.64298849819472]}}, {"type": "Feature", "properties": {"PWSID": "UTAH06021", "PWS_Name": "WOODS CROSS CITY WATER SYSTEM", "Primacy_Agency": "UT", "Population_Served_Count": 13110, "Service_Connections_Count": 3539, "Service_Area_Type": "Residential Area", "Verification_Status": "", "Area_SqKM": 9.324615228265527}, "geometry": {"type": "Point", "coordinates": [-111.91340422881377, 40.874765848793444]}}, {"type": "Feature", "properties": {"PWSID": "UTAH20005", "PWS_Name": "MANTI CITY", "Primacy_Agency": "UT", "Population_Served_Count": 3429, "Service_Connections_Count": 1262, "Service_Area_Type": "Residential Area", "Verification_Status": "", "Area_SqKM": 8.869412474582097}, "geometry": {"type": "Point", "coordinates": [-111.64277207537909, 39.26783162888726]}}, {"type": "Feature", "properties": {"PWSID": "UTAH06014", "PWS_Name": "WEST BOUNTIFUL CITY WATER SYSTEM", "Primacy_Agency": "UT", "Population_Served_Count": 5600, "Service_Connections_Count": 1897, "Service_Area_Type": "Residential Area", "Verification_Status": "", "Area_SqKM": 8.654449394381087}, "geometry": {"type": "Point", "coordinates": [-111.91486026074199, 40.899906015927094]}}, {"type": "Feature", "properties": {"PWSID": "UTAH18031", "PWS_Name": "SL COUNTY SERVICE AREA NO 3 - SNOWBIRD", "Primacy_Agency": "UT", "Population_Served_Count": 5110, "Service_Connections_Count": 170, "Service_Area_Type": "Residential Area", "Verification_Status": "", "Area_SqKM": 8.641617889834007}, "geometry": {"type": "Point", "coordinates": [-111.65131577831144, 40.57329239066682]}}, {"type": "Feature", "properties": {"PWSID": "UTAH20003", "PWS_Name": "FOUNTAIN GREEN", "Primacy_Agency": "UT", "Population_Served_Count": 1275, "Service_Connections_Count": 468, "Service_Area_Type": "Residential Area", "Verification_Status": "", "Area_SqKM": 8.618230031266297}, "geometry": {"type": "Point", "coordinates": [-111.64086755048591, 39.623856169680394]}}, {"type": "Feature", "properties": {"PWSID": "UTAH20007", "PWS_Name": "MOUNT PLEASANT CITY", "Primacy_Agency": "UT", "Population_Served_Count": 3660, "Service_Connections_Count": 1532, "Service_Area_Type": "Residential Area", "Verification_Status": "", "Area_SqKM": 8.313349645399839}, "geometry": {"type": "Point", "coordinates": [-111.44940517119088, 39.54587412878773]}}, {"type": "Feature", "properties": {"PWSID": "UTAH15008", "PWS_Name": "MORGAN CITY WATER SYSTEM", "Primacy_Agency": "UT", "Population_Served_Count": 4520, "Service_Connections_Count": 1264, "Service_Area_Type": "Residential Area", "Verification_Status": "", "Area_SqKM": 7.8655075562567305}, "geometry": {"type": "Point", "coordinates": [-111.67933673601398, 41.04225812625692]}}, {"type": "Feature", "properties": {"PWSID": "UTAH18010", "PWS_Name": "HOLLIDAY WATER COMPANY", "Primacy_Agency": "UT", "Population_Served_Count": 15000, "Service_Connections_Count": 4025, "Service_Area_Type": "Residential Area", "Verification_Status": "", "Area_SqKM": 7.587835499063242}, "geometry": {"type": "Point", "coordinates": [-111.82104403903814, 40.66655179595568]}}, {"type": "Feature", "properties": {"PWSID": "UTAH12002", "PWS_Name": "MONA TOWN WATER SYSTEM", "Primacy_Agency": "UT", "Population_Served_Count": 2100, "Service_Connections_Count": 602, "Service_Area_Type": "Residential Area", "Verification_Status": "", "Area_SqKM": 7.510409799196564}, "geometry": {"type": "Point", "coordinates": [-111.84308610199606, 39.81469614078903]}}, {"type": "Feature", "properties": {"PWSID": "UTAH25137", "PWS_Name": "CEDAR HILLS TOWN WATER SYSTEM", "Primacy_Agency": "UT", "Population_Served_Count": 10015, "Service_Connections_Count": 2594, "Service_Area_Type": "Residential Area", "Verification_Status": "", "Area_SqKM": 7.383099858959567}, "geometry": {"type": "Point", "coordinates": [-111.75508395996647, 40.41018290001983]}}, {"type": "Feature", "properties": {"PWSID": "UTAH25031", "PWS_Name": "ELK RIDGE TOWN", "Primacy_Agency": "UT", "Population_Served_Count": 4900, "Service_Connections_Count": 1262, "Service_Area_Type": "Residential Area", "Verification_Status": "", "Area_SqKM": 7.143108652892002}, "geometry": {"type": "Point", "coordinates": [-111.68280880282265, 40.01277038250496]}}, {"type": "Feature", "properties": {"PWSID": "UTAH20048", "PWS_Name": "WHISPERING PINES WATER CO", "Primacy_Agency": "UT", "Population_Served_Count": 93, "Service_Connections_Count": 51, "Service_Area_Type": "Residential Area", "Verification_Status": "", "Area_SqKM": 6.841540789623926}, "geometry": {"type": "Point", "coordinates": [-111.40943930013366, 39.478874749837516]}}, {"type": "Feature", "properties": {"PWSID": "UTAH18143", "PWS_Name": "EMIGRATION IMPROVEMENT DISTRICT", "Primacy_Agency": "UT", "Population_Served_Count": 1000, "Service_Connections_Count": 331, "Service_Area_Type": "Residential Area", "Verification_Status": "", "Area_SqKM": 6.803741676144062}, "geometry": {"type": "Point", "coordinates": [-111.73306478108042, 40.78320681034814]}}, {"type": "Feature", "properties": {"PWSID": "UTAH22030", "PWS_Name": "GORGOZA MUTUAL WATER CO", "Primacy_Agency": "UT", "Population_Served_Count": 4305, "Service_Connections_Count": 1681, "Service_Area_Type": "Residential Area", "Verification_Status": "", "Area_SqKM": 6.6010088298755}, "geometry": {"type": "Point", "coordinates": [-111.57338976289738, 40.74490170016061]}}, {"type": "Feature", "properties": {"PWSID": "UTAH25028", "PWS_Name": "WOODLAND HILLS CITY", "Primacy_Agency": "UT", "Population_Served_Count": 1605, "Service_Connections_Count": 503, "Service_Area_Type": "Residential Area", "Verification_Status": "", "Area_SqKM": 6.574074893789302}, "geometry": {"type": "Point", "coordinates": [-111.65371843607576, 40.01695508458922]}}, {"type": "Feature", "properties": {"PWSID": "UTAH26005", "PWS_Name": "DANIEL MUNICIPAL WATER", "Primacy_Agency": "UT", "Population_Served_Count": 559, "Service_Connections_Count": 238, "Service_Area_Type": "Residential Area", "Verification_Status": "", "Area_SqKM": 6.30353458410021}, "geometry": {"type": "Point", "coordinates": [-111.41645938751404, 40.46963102252615]}}, {"type": "Feature", "properties": {"PWSID": "UTAH08004", "PWS_Name": "FERRON - CASTLE VALLEY SSD", "Primacy_Agency": "UT", "Population_Served_Count": 1660, "Service_Connections_Count": 698, "Service_Area_Type": "Residential Area", "Verification_Status": "", "Area_SqKM": 6.24736162308793}, "geometry": {"type": "Point", "coordinates": [-111.1325898035454, 39.08920981403053]}}, {"type": "Feature", "properties": {"PWSID": "UTAH20043", "PWS_Name": "SKYLINE MTN SSD", "Primacy_Agency": "UT", "Population_Served_Count": 271, "Service_Connections_Count": 241, "Service_Area_Type": "Recreation Area", "Verification_Status": "", "Area_SqKM": 6.19152009679007}, "geometry": {"type": "Point", "coordinates": [-111.37769928321961, 39.60549660190223]}}, {"type": "Feature", "properties": {"PWSID": "UTAH18019", "PWS_Name": "WHITE CITY WID", "Primacy_Agency": "UT", "Population_Served_Count": 15800, "Service_Connections_Count": 4185, "Service_Area_Type": "Residential Area", "Verification_Status": "", "Area_SqKM": 6.13083469494568}, "geometry": {"type": "Point", "coordinates": [-111.85042115786767, 40.576204919311095]}}, {"type": "Feature", "properties": {"PWSID": "UTAH08006", "PWS_Name": "HUNTINGTON - CASTLE VALLEY SSD", "Primacy_Agency": "UT", "Population_Served_Count": 2129, "Service_Connections_Count": 924, "Service_Area_Type": "Residential Area", "Verification_Status": "", "Area_SqKM": 6.096814156999718}, "geometry": {"type": "Point", "coordinates": [-110.95914688240953, 39.33046270981545]}}, {"type": "Feature", "properties": {"PWSID": "UTAH06017", "PWS_Name": "FRUIT HEIGHTS CITY WATER SYSTEM", "Primacy_Agency": "UT", "Population_Served_Count": 6075, "Service_Connections_Count": 1712, "Service_Area_Type": "Residential Area", "Verification_Status": "", "Area_SqKM": 5.973340978249261}, "geometry": {"type": "Point", "coordinates": [-111.90948853841738, 41.03018225542814]}}, {"type": "Feature", "properties": {"PWSID": "UTAH18046", "PWS_Name": "SILVER LAKE COMPANY", "Primacy_Agency": "UT", "Population_Served_Count": 522, "Service_Connections_Count": 106, "Service_Area_Type": "Residential Area", "Verification_Status": "", "Area_SqKM": 5.783062649302297}, "geometry": {"type": "Point", "coordinates": [-111.57329691106673, 40.59387717040027]}}, {"type": "Feature", "properties": {"PWSID": "UTAH20012", "PWS_Name": "FAIRVIEW CITY WATER SYSTEM", "Primacy_Agency": "UT", "Population_Served_Count": 2092, "Service_Connections_Count": 713, "Service_Area_Type": "Residential Area", "Verification_Status": "", "Area_SqKM": 5.663878915844625}, "geometry": {"type": "Point", "coordinates": [-111.431884071911, 39.62733815283476]}}, {"type": "Feature", "properties": {"PWSID": "UTAH08001", "PWS_Name": "CASTLEDALE", "Primacy_Agency": "UT", "Population_Served_Count": 1700, "Service_Connections_Count": 677, "Service_Area_Type": "Residential Area", "Verification_Status": "", "Area_SqKM": 5.6616662051445745}, "geometry": {"type": "Point", "coordinates": [-111.01970293663595, 39.22104607071481]}}, {"type": "Feature", "properties": {"PWSID": "UTAH22079", "PWS_Name": "PINE MEADOW MUTUAL WATER", "Primacy_Agency": "UT", "Population_Served_Count": 1251, "Service_Connections_Count": 502, "Service_Area_Type": "Recreation Area", "Verification_Status": "", "Area_SqKM": 5.560457607329962}, "geometry": {"type": "Point", "coordinates": [-111.49424554352922, 40.808025844655646]}}, {"type": "Feature", "properties": {"PWSID": "UTAH04004", "PWS_Name": "HELPER CITY", "Primacy_Agency": "UT", "Population_Served_Count": 2000, "Service_Connections_Count": 1050, "Service_Area_Type": "Residential Area", "Verification_Status": "", "Area_SqKM": 5.526222834409896}, "geometry": {"type": "Point", "coordinates": [-110.86718637874773, 39.6952395969131]}}, {"type": "Feature", "properties": {"PWSID": "UTAH22117", "PWS_Name": "BRIDGE HOLLOW WATER ASSOCIATION", "Primacy_Agency": "UT", "Population_Served_Count": 85, "Service_Connections_Count": 37, "Service_Area_Type": "Residential Area", "Verification_Status": "", "Area_SqKM": 5.102174887119435}, "geometry": {"type": "Point", "coordinates": [-111.41574932727836, 40.79727630016429]}}, {"type": "Feature", "properties": {"PWSID": "UTAH20008", "PWS_Name": "SPRING CITY", "Primacy_Agency": "UT", "Population_Served_Count": 1050, "Service_Connections_Count": 517, "Service_Area_Type": "Residential Area", "Verification_Status": "", "Area_SqKM": 4.88330707196739}, "geometry": {"type": "Point", "coordinates": [-111.49833238156047, 39.4781187895324]}}, {"type": "Feature", "properties": {"PWSID": "UTAH25013", "PWS_Name": "GOSHEN TOWN WATER SYSTEM", "Primacy_Agency": "UT", "Population_Served_Count": 925, "Service_Connections_Count": 352, "Service_Area_Type": "Residential Area", "Verification_Status": "", "Area_SqKM": 4.855391283909543}, "geometry": {"type": "Point", "coordinates": [-111.90174671845527, 39.94083533284942]}}, {"type": "Feature", "properties": {"PWSID": "UTAH26003", "PWS_Name": "CHARLESTON WCD", "Primacy_Agency": "UT", "Population_Served_Count": 484, "Service_Connections_Count": 255, "Service_Area_Type": "Residential Area", "Verification_Status": "", "Area_SqKM": 4.720068253043422}, "geometry": {"type": "Point", "coordinates": [-111.4600038212308, 40.47500767451545]}}, {"type": "Feature", "properties": {"PWSID": "UTAH06009", "PWS_Name": "SOUTH DAVIS WATER DISTRICT", "Primacy_Agency": "UT", "Population_Served_Count": 10565, "Service_Connections_Count": 3241, "Service_Area_Type": "Residential Area", "Verification_Status": "", "Area_SqKM": 4.694305355399796}, "geometry": {"type": "Point", "coordinates": [-111.89108446064951, 40.84953178486667]}}, {"type": "Feature", "properties": {"PWSID": "UTAH12019", "PWS_Name": "ROCKY RIDGE TOWN WATER SYSTEM", "Primacy_Agency": "UT", "Population_Served_Count": 1297, "Service_Connections_Count": 143, "Service_Area_Type": "Residential Area", "Verification_Status": "", "Area_SqKM": 4.3902057291131715}, "geometry": {"type": "Point", "coordinates": [-111.82539244780673, 39.919621386961964]}}, {"type": "Feature", "properties": {"PWSID": "UTAH22018", "PWS_Name": "WOODLAND MUTUAL WATER CO", "Primacy_Agency": "UT", "Population_Served_Count": 190, "Service_Connections_Count": 91, "Service_Area_Type": "Residential Area", "Verification_Status": "", "Area_SqKM": 3.960794624978765}, "geometry": {"type": "Point", "coordinates": [-111.23639642998822, 40.58621715249574]}}, {"type": "Feature", "properties": {"PWSID": "UTAH08008", "PWS_Name": "ORANGEVILLE", "Primacy_Agency": "UT", "Population_Served_Count": 1420, "Service_Connections_Count": 507, "Service_Area_Type": "Residential Area", "Verification_Status": "", "Area_SqKM": 3.762232277465122}, "geometry": {"type": "Point", "coordinates": [-111.05979450954307, 39.23118421266648]}}, {"type": "Feature", "properties": {"PWSID": "UTAH25109", "PWS_Name": "NORTH FORK SSD", "Primacy_Agency": "UT", "Population_Served_Count": 1480, "Service_Connections_Count": 247, "Service_Area_Type": "Residential Area", "Verification_Status": "", "Area_SqKM": 3.5873609957135764}, "geometry": {"type": "Point", "coordinates": [-111.58733131475671, 40.39421660730079]}}, {"type": "Feature", "properties": {"PWSID": "UTAH18049", "PWS_Name": "ALTA TOWN WATER SYSTEM", "Primacy_Agency": "UT", "Population_Served_Count": 3883, "Service_Connections_Count": 88, "Service_Area_Type": "Residential Area", "Verification_Status": "", "Area_SqKM": 3.3945701931579837}, "geometry": {"type": "Point", "coordinates": [-111.63040262323001, 40.59496152325097]}}, {"type": "Feature", "properties": {"PWSID": "UTAH08003", "PWS_Name": "EMERY", "Primacy_Agency": "UT", "Population_Served_Count": 315, "Service_Connections_Count": 182, "Service_Area_Type": "Residential Area", "Verification_Status": "", "Area_SqKM": 3.2041818096196404}, "geometry": {"type": "Point", "coordinates": [-111.24860534443668, 38.9264670777359]}}, {"type": "Feature", "properties": {"PWSID": "UTAH22013", "PWS_Name": "PEOA PIPELINE COMPANY", "Primacy_Agency": "UT", "Population_Served_Count": 141, "Service_Connections_Count": 40, "Service_Area_Type": "Residential Area", "Verification_Status": "", "Area_SqKM": 3.151673878713571}, "geometry": {"type": "Point", "coordinates": [-111.33105250000719, 40.72782408010118]}}, {"type": "Feature", "properties": {"PWSID": "UTAH08002", "PWS_Name": "CLAWSON WATER SYSTEM", "Primacy_Agency": "UT", "Population_Served_Count": 200, "Service_Connections_Count": 114, "Service_Area_Type": "Residential Area", "Verification_Status": "", "Area_SqKM": 3.1143556868686337}, "geometry": {"type": "Point", "coordinates": [-111.09563827257595, 39.13755112352942]}}, {"type": "Feature", "properties": {"PWSID": "UTAH21012", "PWS_Name": "REDMOND TOWN WATER SYSTEM", "Primacy_Agency": "UT", "Population_Served_Count": 850, "Service_Connections_Count": 317, "Service_Area_Type": "Residential Area", "Verification_Status": "", "Area_SqKM": 3.0997255522777785}, "geometry": {"type": "Point", "coordinates": [-111.8624589731708, 39.00782138172886]}}, {"type": "Feature", "properties": {"PWSID": "UTAH20014", "PWS_Name": "TWIN OAKS LOCAL DISTRICT", "Primacy_Agency": "UT", "Population_Served_Count": 270, "Service_Connections_Count": 82, "Service_Area_Type": "Recreation Area", "Verification_Status": "", "Area_SqKM": 3.0232685861268305}, "geometry": {"type": "Point", "coordinates": [-111.4162606214789, 39.499729057627704]}}, {"type": "Feature", "properties": {"PWSID": "UTAH26002", "PWS_Name": "CENTER CREEK WATER SYSTEM", "Primacy_Agency": "UT", "Population_Served_Count": 270, "Service_Connections_Count": 87, "Service_Area_Type": "Residential Area", "Verification_Status": "", "Area_SqKM": 2.8819884431940377}, "geometry": {"type": "Point", "coordinates": [-111.3588713335271, 40.478814752403494]}}, {"type": "Feature", "properties": {"PWSID": "UTAH20013", "PWS_Name": "MORONI CITY", "Primacy_Agency": "UT", "Population_Served_Count": 1600, "Service_Connections_Count": 571, "Service_Area_Type": "Residential Area", "Verification_Status": "", "Area_SqKM": 2.6877250310908107}, "geometry": {"type": "Point", "coordinates": [-111.58291441450463, 39.52665575629572]}}, {"type": "Feature", "properties": {"PWSID": "UTAH20006", "PWS_Name": "MAYFIELD TOWN WATER SYSTEM", "Primacy_Agency": "UT", "Population_Served_Count": 617, "Service_Connections_Count": 275, "Service_Area_Type": "Residential Area", "Verification_Status": "", "Area_SqKM": 2.581069151481924}, "geometry": {"type": "Point", "coordinates": [-111.70458770559378, 39.118081581457346]}}, {"type": "Feature", "properties": {"PWSID": "UTAH22005", "PWS_Name": "HENEFER TOWN WATER SYSTEM", "Primacy_Agency": "UT", "Population_Served_Count": 882, "Service_Connections_Count": 323, "Service_Area_Type": "Residential Area", "Verification_Status": "", "Area_SqKM": 2.3754455096778155}, "geometry": {"type": "Point", "coordinates": [-111.49844329263286, 41.019454342846316]}}, {"type": "Feature", "properties": {"PWSID": "UTAH18057", "PWS_Name": "UNIVERSITY OF UTAH", "Primacy_Agency": "UT", "Population_Served_Count": 57080, "Service_Connections_Count": 364, "Service_Area_Type": "School", "Verification_Status": "", "Area_SqKM": 2.361810651943529}, "geometry": {"type": "Point", "coordinates": [-111.83952936200797, 40.76637689032453]}}, {"type": "Feature", "properties": {"PWSID": "UTAH08039", "PWS_Name": "CLEVELAND WATER SYSTEM", "Primacy_Agency": "UT", "Population_Served_Count": 509, "Service_Connections_Count": 208, "Service_Area_Type": "Residential Area", "Verification_Status": "", "Area_SqKM": 2.212599553260567}, "geometry": {"type": "Point", "coordinates": [-110.85471021886538, 39.35073603134114]}}, {"type": "Feature", "properties": {"PWSID": "UTAH12001", "PWS_Name": "LEVAN TOWN WATER SYSTEM", "Primacy_Agency": "UT", "Population_Served_Count": 851, "Service_Connections_Count": 349, "Service_Area_Type": "Residential Area", "Verification_Status": "", "Area_SqKM": 2.0879335910309615}, "geometry": {"type": "Point", "coordinates": [-111.85639458637434, 39.552743619905776]}}, {"type": "Feature", "properties": {"PWSID": "UTAH25024", "PWS_Name": "COVERED BRIDGE CANYON HOA", "Primacy_Agency": "UT", "Population_Served_Count": 240, "Service_Connections_Count": 73, "Service_Area_Type": "Residential Area", "Verification_Status": "", "Area_SqKM": 2.0762168854728897}, "geometry": {"type": "Point", "coordinates": [-111.554207599888, 40.031250877859875]}}, {"type": "Feature", "properties": {"PWSID": "UTAH22001", "PWS_Name": "CLUFF WARD PIPELINE CO", "Primacy_Agency": "UT", "Population_Served_Count": 188, "Service_Connections_Count": 90, "Service_Area_Type": "Residential Area", "Verification_Status": "", "Area_SqKM": 2.0562774967051385}, "geometry": {"type": "Point", "coordinates": [-111.3632704959973, 40.923224322031125]}}, {"type": "Feature", "properties": {"PWSID": "UTAH22006", "PWS_Name": "HOYTSVILLE PIPE WATER CO", "Primacy_Agency": "UT", "Population_Served_Count": 440, "Service_Connections_Count": 202, "Service_Area_Type": "Residential Area", "Verification_Status": "", "Area_SqKM": 1.8953187799682034}, "geometry": {"type": "Point", "coordinates": [-111.38454907763867, 40.882594944393624]}}, {"type": "Feature", "properties": {"PWSID": "UTAH06007", "PWS_Name": "MUTTON HOLLOW IMPROVEMENT DISTRICT", "Primacy_Agency": "UT", "Population_Served_Count": 695, "Service_Connections_Count": 215, "Service_Area_Type": "Residential Area", "Verification_Status": "", "Area_SqKM": 1.5204609840937964}, "geometry": {"type": "Point", "coordinates": [-111.92761807459802, 41.052973733397344]}}, {"type": "Feature", "properties": {"PWSID": "UTAH25004", "PWS_Name": "SPRING LAKE", "Primacy_Agency": "UT", "Population_Served_Count": 475, "Service_Connections_Count": 139, "Service_Area_Type": "Residential Area", "Verification_Status": "", "Area_SqKM": 1.4735871897639998}, "geometry": {"type": "Point", "coordinates": [-111.74555759537242, 40.004555384106965]}}, {"type": "Feature", "properties": {"PWSID": "UTAH25144", "PWS_Name": "HIDDEN CREEK WATER CO", "Primacy_Agency": "UT", "Population_Served_Count": 109, "Service_Connections_Count": 30, "Service_Area_Type": "Residential Area", "Verification_Status": "", "Area_SqKM": 1.4438177692818146}, "geometry": {"type": "Point", "coordinates": [-111.48058753061899, 40.22614333481102]}}, {"type": "Feature", "properties": {"PWSID": "UTAH22021", "PWS_Name": "HIGH VALLEY WATER CO", "Primacy_Agency": "UT", "Population_Served_Count": 850, "Service_Connections_Count": 248, "Service_Area_Type": "Residential Area", "Verification_Status": "", "Area_SqKM": 1.3280470810094689}, "geometry": {"type": "Point", "coordinates": [-111.498012320019, 40.72141854005577]}}, {"type": "Feature", "properties": {"PWSID": "UTAH26052", "PWS_Name": "WOODLAND SOUTH HILLS IRRIGATION", "Primacy_Agency": "UT", "Population_Served_Count": 198, "Service_Connections_Count": 47, "Service_Area_Type": "Recreation Area", "Verification_Status": "", "Area_SqKM": 1.308270271187455}, "geometry": {"type": "Point", "coordinates": [-111.25827773176196, 40.579701990930324]}}, {"type": "Feature", "properties": {"PWSID": "UTAH25146", "PWS_Name": "EAGLES LANDING", "Primacy_Agency": "UT", "Population_Served_Count": 50, "Service_Connections_Count": 75, "Service_Area_Type": "Residential Area", "Verification_Status": "", "Area_SqKM": 1.2482200723370342}, "geometry": {"type": "Point", "coordinates": [-111.52535768185508, 39.873999863741645]}}, {"type": "Feature", "properties": {"PWSID": "UTAH20002", "PWS_Name": "FAYETTE TOWN", "Primacy_Agency": "UT", "Population_Served_Count": 265, "Service_Connections_Count": 111, "Service_Area_Type": "Residential Area", "Verification_Status": "", "Area_SqKM": 1.0971257665579441}, "geometry": {"type": "Point", "coordinates": [-111.85112342102597, 39.224463300014754]}}, {"type": "Feature", "properties": {"PWSID": "UTAH20009", "PWS_Name": "STERLING TOWN WATER SYSTEM", "Primacy_Agency": "UT", "Population_Served_Count": 300, "Service_Connections_Count": 147, "Service_Area_Type": "Residential Area", "Verification_Status": "", "Area_SqKM": 1.075512703897135}, "geometry": {"type": "Point", "coordinates": [-111.6880615130412, 39.1951456607809]}}, {"type": "Feature", "properties": {"PWSID": "UTAH15012", "PWS_Name": "RICHVILLE", "Primacy_Agency": "UT", "Population_Served_Count": 254, "Service_Connections_Count": 68, "Service_Area_Type": "Residential Area", "Verification_Status": "", "Area_SqKM": 1.0666981781039115}, "geometry": {"type": "Point", "coordinates": [-111.68747853740594, 41.007018574826176]}}, {"type": "Feature", "properties": {"PWSID": "UTAH20010", "PWS_Name": "WALES TOWN WATER SYSTEM", "Primacy_Agency": "UT", "Population_Served_Count": 300, "Service_Connections_Count": 128, "Service_Area_Type": "Residential Area", "Verification_Status": "", "Area_SqKM": 1.0234534543018639}, "geometry": {"type": "Point", "coordinates": [-111.63696869992259, 39.4842969200032]}}, {"type": "Feature", "properties": {"PWSID": "UTAH26049", "PWS_Name": "SWISS ALPINE WATER CO", "Primacy_Agency": "UT", "Population_Served_Count": 300, "Service_Connections_Count": 101, "Service_Area_Type": "Recreation Area", "Verification_Status": "", "Area_SqKM": 1.0214311564635983}, "geometry": {"type": "Point", "coordinates": [-111.5010066926813, 40.51690266667577]}}, {"type": "Feature", "properties": {"PWSID": "UTAH22058", "PWS_Name": "WOODENSHOE WATER COMPANY", "Primacy_Agency": "UT", "Population_Served_Count": 76, "Service_Connections_Count": 23, "Service_Area_Type": "Residential Area", "Verification_Status": "", "Area_SqKM": 0.9597006450592221}, "geometry": {"type": "Point", "coordinates": [-111.33603494277143, 40.7111248574234]}}, {"type": "Feature", "properties": {"PWSID": "UTAH15004", "PWS_Name": "CENTRAL ENTERPRISE WATER CO", "Primacy_Agency": "UT", "Population_Served_Count": 425, "Service_Connections_Count": 113, "Service_Area_Type": "Residential Area", "Verification_Status": "", "Area_SqKM": 0.9534214802267398}, "geometry": {"type": "Point", "coordinates": [-111.73979028478243, 41.10548785254407]}}, {"type": "Feature", "properties": {"PWSID": "UTAH18029", "PWS_Name": "SILVER FORK PIPELINE CORP", "Primacy_Agency": "UT", "Population_Served_Count": 300, "Service_Connections_Count": 249, "Service_Area_Type": "Residential Area", "Verification_Status": "", "Area_SqKM": 0.8496867015362043}, "geometry": {"type": "Point", "coordinates": [-111.61148532844001, 40.628774957065225]}}, {"type": "Feature", "properties": {"PWSID": "UTAH26009", "PWS_Name": "WALLSBURG TOWN WATER SYSTEM", "Primacy_Agency": "UT", "Population_Served_Count": 440, "Service_Connections_Count": 134, "Service_Area_Type": "Residential Area", "Verification_Status": "", "Area_SqKM": 0.8150789470054944}, "geometry": {"type": "Point", "coordinates": [-111.42158146134243, 40.38658465960301]}}, {"type": "Feature", "properties": {"PWSID": "UTAH22017", "PWS_Name": "WANSHIP MUTUAL WATER CO", "Primacy_Agency": "UT", "Population_Served_Count": 325, "Service_Connections_Count": 77, "Service_Area_Type": "Residential Area", "Verification_Status": "", "Area_SqKM": 0.7880282848175206}, "geometry": {"type": "Point", "coordinates": [-111.40606377177672, 40.809174200030874]}}, {"type": "Feature", "properties": {"PWSID": "UTAH26023", "PWS_Name": "STORM HAVEN RESIDENTS", "Primacy_Agency": "UT", "Population_Served_Count": 190, "Service_Connections_Count": 54, "Service_Area_Type": "Residential Area", "Verification_Status": "", "Area_SqKM": 0.6152080563425698}, "geometry": {"type": "Point", "coordinates": [-111.3762493650318, 40.454132120132115]}}, {"type": "Feature", "properties": {"PWSID": "UTAH26055", "PWS_Name": "INTERLAKEN TOWN", "Primacy_Agency": "UT", "Population_Served_Count": 350, "Service_Connections_Count": 148, "Service_Area_Type": "Residential Area", "Verification_Status": "", "Area_SqKM": 0.6084432096824104}, "geometry": {"type": "Point", "coordinates": [-111.47390347207562, 40.54022726092527]}}, {"type": "Feature", "properties": {"PWSID": "UTAH25153", "PWS_Name": "HOBBLE CREEK HAVEN DEVELOPMENT", "Primacy_Agency": "UT", "Population_Served_Count": 151, "Service_Connections_Count": 48, "Service_Area_Type": "Residential Area", "Verification_Status": "", "Area_SqKM": 0.5384066906648037}, "geometry": {"type": "Point", "coordinates": [-111.50139231817246, 40.20374172725087]}}, {"type": "Feature", "properties": {"PWSID": "UTAH18050", "PWS_Name": "BOUNDARY SPRING WATER CO", "Primacy_Agency": "UT", "Population_Served_Count": 150, "Service_Connections_Count": 56, "Service_Area_Type": "Residential Area", "Verification_Status": "", "Area_SqKM": 0.4845560742067917}, "geometry": {"type": "Point", "coordinates": [-111.79287050004457, 40.69128098326121]}}, {"type": "Feature", "properties": {"PWSID": "UTAH15041", "PWS_Name": "HIDDEN HOLLOW WATER COMPANY", "Primacy_Agency": "UT", "Population_Served_Count": 99, "Service_Connections_Count": 33, "Service_Area_Type": "Homeowners Association", "Verification_Status": "", "Area_SqKM": 0.4693465354947043}, "geometry": {"type": "Point", "coordinates": [-111.70600612501975, 41.06923876888564]}}, {"type": "Feature", "properties": {"PWSID": "UTAH26069", "PWS_Name": "CANYON MEADOWS MUTUAL WATER COMPANY", "Primacy_Agency": "UT", "Population_Served_Count": 85, "Service_Connections_Count": 31, "Service_Area_Type": "Residential Area", "Verification_Status": "", "Area_SqKM": 0.4548320161997486}, "geometry": {"type": "Point", "coordinates": [-111.54704075003119, 40.3980605100915]}}, {"type": "Feature", "properties": {"PWSID": "UTAH22088", "PWS_Name": "WOODLAND HILLS SUBDIVISION", "Primacy_Agency": "UT", "Population_Served_Count": 100, "Service_Connections_Count": 49, "Service_Area_Type": "Residential Area", "Verification_Status": "", "Area_SqKM": 0.4511024388381654}, "geometry": {"type": "Point", "coordinates": [-111.22886623479044, 40.585980820115516]}}, {"type": "Feature", "properties": {"PWSID": "UTAH25092", "PWS_Name": "UTAH STATE HOSPITAL", "Primacy_Agency": "UT", "Population_Served_Count": 350, "Service_Connections_Count": 15, "Service_Area_Type": "Residential Area", "Verification_Status": "", "Area_SqKM": 0.44540982199583057}, "geometry": {"type": "Point", "coordinates": [-111.63493448114262, 40.233121387500184]}}, {"type": "Feature", "properties": {"PWSID": "UTAH25034", "PWS_Name": "GOOSENEST WATER COMPANY", "Primacy_Agency": "UT", "Population_Served_Count": 97, "Service_Connections_Count": 32, "Service_Area_Type": "Residential Area", "Verification_Status": "", "Area_SqKM": 0.41307810190635325}, "geometry": {"type": "Point", "coordinates": [-111.69600542322213, 40.01826307671787]}}, {"type": "Feature", "properties": {"PWSID": "UTAH22101", "PWS_Name": "DEEP SPRINGS WATER CO", "Primacy_Agency": "UT", "Population_Served_Count": 75, "Service_Connections_Count": 33, "Service_Area_Type": "Residential Area", "Verification_Status": "", "Area_SqKM": 0.38756434331922573}, "geometry": {"type": "Point", "coordinates": [-111.314014346156, 40.642196676909535]}}, {"type": "Feature", "properties": {"PWSID": "UTAH18173", "PWS_Name": "VA MEDICAL CENTER SLC", "Primacy_Agency": "UT", "Population_Served_Count": 2798, "Service_Connections_Count": 24, "Service_Area_Type": "Medical Facility", "Verification_Status": "", "Area_SqKM": 0.33968074399392056}, "geometry": {"type": "Point", "coordinates": [-111.83735633617674, 40.75576794555704]}}, {"type": "Feature", "properties": {"PWSID": "UTAH25124", "PWS_Name": "ALPINE COVE WATER SSD", "Primacy_Agency": "UT", "Population_Served_Count": 230, "Service_Connections_Count": 63, "Service_Area_Type": "Residential Area", "Verification_Status": "", "Area_SqKM": 0.3398518383331113}, "geometry": {"type": "Point", "coordinates": [-111.75983206693816, 40.476921274955394]}}, {"type": "Feature", "properties": {"PWSID": "UTAH18162", "PWS_Name": "MOUNTAIN VALLEY WATER CO", "Primacy_Agency": "UT", "Population_Served_Count": 65, "Service_Connections_Count": 10, "Service_Area_Type": "Residential Area", "Verification_Status": "", "Area_SqKM": 0.3258598504360351}, "geometry": {"type": "Point", "coordinates": [-111.92971589453825, 40.45350609994771]}}, {"type": "Feature", "properties": {"PWSID": "UTAH22003", "PWS_Name": "ECHO MUTUAL WATER SYSTEM", "Primacy_Agency": "UT", "Population_Served_Count": 70, "Service_Connections_Count": 37, "Service_Area_Type": "Residential Area", "Verification_Status": "", "Area_SqKM": 0.30860032581568886}, "geometry": {"type": "Point", "coordinates": [-111.44193441531962, 40.97572366909387]}}, {"type": "Feature", "properties": {"PWSID": "UTAH15001", "PWS_Name": "CROYDON PIPELINE CORPORATION", "Primacy_Agency": "UT", "Population_Served_Count": 92, "Service_Connections_Count": 31, "Service_Area_Type": "Residential Area", "Verification_Status": "", "Area_SqKM": 0.3004232171660236}, "geometry": {"type": "Point", "coordinates": [-111.50989809066151, 41.073727492503984]}}, {"type": "Feature", "properties": {"PWSID": "UTAH25058", "PWS_Name": "BRADFORD ACRES WATER ASSOCIATION", "Primacy_Agency": "UT", "Population_Served_Count": 25, "Service_Connections_Count": 11, "Service_Area_Type": "Residential Area", "Verification_Status": "", "Area_SqKM": 0.29097567382325806}, "geometry": {"type": "Point", "coordinates": [-111.62922889996601, 40.073056949897556]}}, {"type": "Feature", "properties": {"PWSID": "UTAH25033", "PWS_Name": "SPRINGDELL PLAT A AND B", "Primacy_Agency": "UT", "Population_Served_Count": 100, "Service_Connections_Count": 26, "Service_Area_Type": "Residential Area", "Verification_Status": "", "Area_SqKM": 0.27189249426693957}, "geometry": {"type": "Point", "coordinates": [-111.62376395299952, 40.32753250604099]}}, {"type": "Feature", "properties": {"PWSID": "UTAH20063", "PWS_Name": "PALISADES WATER COMPANY", "Primacy_Agency": "UT", "Population_Served_Count": 49, "Service_Connections_Count": 59, "Service_Area_Type": "Residential Area", "Verification_Status": "", "Area_SqKM": 0.23007115441271206}, "geometry": {"type": "Point", "coordinates": [-111.66660401123173, 39.20082490548982]}}, {"type": "Feature", "properties": {"PWSID": "UTAH08043", "PWS_Name": "TRAIL CYN RESIDENTS ASSN", "Primacy_Agency": "UT", "Population_Served_Count": 62, "Service_Connections_Count": 15, "Service_Area_Type": "Residential Area", "Verification_Status": "", "Area_SqKM": 0.21990842433627367}, "geometry": {"type": "Point", "coordinates": [-111.11801975020751, 39.41918086667418]}}, {"type": "Feature", "properties": {"PWSID": "UTAH25096", "PWS_Name": "VIVIAN PARK HOMEOWNERS", "Primacy_Agency": "UT", "Population_Served_Count": 365, "Service_Connections_Count": 65, "Service_Area_Type": "Residential Area", "Verification_Status": "", "Area_SqKM": 0.10744362911074243}, "geometry": {"type": "Point", "coordinates": [-111.57247449159634, 40.35370356654737]}}, {"type": "Feature", "properties": {"PWSID": "UTAH18172", "PWS_Name": "COTTONWOOD COVES INC", "Primacy_Agency": "UT", "Population_Served_Count": 350, "Service_Connections_Count": 177, "Service_Area_Type": "Mobile Home Park", "Verification_Status": "", "Area_SqKM": 0.10373350054049423}, "geometry": {"type": "Point", "coordinates": [-111.88457852479326, 40.676736783465365]}}, {"type": "Feature", "properties": {"PWSID": "UTAH25035", "PWS_Name": "WILDWOOD SUBDIVISION", "Primacy_Agency": "UT", "Population_Served_Count": 177, "Service_Connections_Count": 47, "Service_Area_Type": "Recreation Area", "Verification_Status": "", "Area_SqKM": 0.06635275457193958}, "geometry": {"type": "Point", "coordinates": [-111.55897155703121, 40.36601985716673]}}, {"type": "Feature", "properties": {"PWSID": "UTAH15018", "PWS_Name": "SOUTH ROBINSON SPRINGS WATER USERS", "Primacy_Agency": "UT", "Population_Served_Count": 28, "Service_Connections_Count": 12, "Service_Area_Type": "Residential Area", "Verification_Status": "", "Area_SqKM": 0.052540693299766024}, "geometry": {"type": "Point", "coordinates": [-111.67243251116322, 41.048183666770015]}}, {"type": "Feature", "properties": {"PWSID": "UTAH26060", "PWS_Name": "COUNTRY ESTATES MOBILE HOME PARK", "Primacy_Agency": "UT", "Population_Served_Count": 200, "Service_Connections_Count": 74, "Service_Area_Type": "Mobile Home Park", "Verification_Status": "", "Area_SqKM": 0.048585430794085255}, "geometry": {"type": "Point", "coordinates": [-111.38971614977284, 40.4717372166299]}}, {"type": "Feature", "properties": {"PWSID": "UTAH18043", "PWS_Name": "SPRING GLEN WATER COMPANY", "Primacy_Agency": "UT", "Population_Served_Count": 50, "Service_Connections_Count": 13, "Service_Area_Type": "Residential Area", "Verification_Status": "", "Area_SqKM": 0.041972833109116287}, "geometry": {"type": "Point", "coordinates": [-111.7647184398708, 40.7671881999418]}}, {"type": "Feature", "properties": {"PWSID": "UTAH20060", "PWS_Name": "CHESTER PARK WATER SYSTEM", "Primacy_Agency": "UT", "Population_Served_Count": 152, "Service_Connections_Count": 44, "Service_Area_Type": "Residential Area", "Verification_Status": "", "Area_SqKM": 0.03187655923139022}, "geometry": {"type": "Point", "coordinates": [-111.5338130000702, 39.48088126011284]}}, {"type": "Feature", "properties": {"PWSID": "UTAH26059", "PWS_Name": "WASATCH MOBILE HOME PARK", "Primacy_Agency": "UT", "Population_Served_Count": 31, "Service_Connections_Count": 10, "Service_Area_Type": "Mobile Home Park", "Verification_Status": "", "Area_SqKM": 0.005666170757850419}, "geometry": {"type": "Point", "coordinates": [-111.41504572000261, 40.47105886029482]}}, {"type": "Feature", "properties": {"PWSID": "UTAH25164", "PWS_Name": "MAPLE LAKE ACADEMY", "Primacy_Agency": "UT", "Population_Served_Count": 36, "Service_Connections_Count": 1, "Service_Area_Type": "School", "Verification_Status": "", "Area_SqKM": 0.001820858596178162}, "geometry": {"type": "Point", "coordinates": [-111.7106060001078, 40.11907761981166]}}, {"type": "Feature", "properties": {"PWSID": "UTAH22019", "PWS_Name": "WANSHIP WATER CO. LLC", "Primacy_Agency": "UT", "Population_Served_Count": 79, "Service_Connections_Count": 28, "Service_Area_Type": "Residential Area", "Verification_Status": "", "Area_SqKM": 0.06324378694307907}, "geometry": {"type": "Point", "coordinates": [-111.40428103314106, 40.79655262426765]}}, {"type": "Feature", "properties": {"PWSID": "UTAH07069", "PWS_Name": "DUCHESNE CO WCD", "Primacy_Agency": "UT", "Population_Served_Count": 0, "Service_Connections_Count": 6, "Service_Area_Type": "Wholesaler of Water", "Verification_Status": "", "Area_SqKM": 0.17211086042320267}, "geometry": {"type": "Point", "coordinates": [-110.733276200874, 40.351926949605186]}}, {"type": "Feature", "properties": {"PWSID": "UTAH04020", "PWS_Name": "PRICE RIVER WID", "Primacy_Agency": "UT", "Population_Served_Count": 5790, "Service_Connections_Count": 2772, "Service_Area_Type": "Residential Area", "Verification_Status": "", "Area_SqKM": 476.6997789372081}, "geometry": {"type": "Point", "coordinates": [-110.78767986444807, 39.58299467859667]}}, {"type": "Feature", "properties": {"PWSID": "UTAH07058", "PWS_Name": "FRUITLAND WATER SSD", "Primacy_Agency": "UT", "Population_Served_Count": 1162, "Service_Connections_Count": 226, "Service_Area_Type": "Residential Area", "Verification_Status": "", "Area_SqKM": 91.94859887124498}, "geometry": {"type": "Point", "coordinates": [-110.8534933299898, 40.22553215248494]}}, {"type": "Feature", "properties": {"PWSID": "UTAH07062", "PWS_Name": "HANNA WATER & SEWER IMPROVEMENT DISTRICT", "Primacy_Agency": "UT", "Population_Served_Count": 405, "Service_Connections_Count": 248, "Service_Area_Type": "Residential Area", "Verification_Status": "", "Area_SqKM": 87.33850032218898}, "geometry": {"type": "Point", "coordinates": [-110.80549761521947, 40.42471155439878]}}, {"type": "Feature", "properties": {"PWSID": "UTAH04007", "PWS_Name": "PRICE MUNICIPAL CORPORATION", "Primacy_Agency": "UT", "Population_Served_Count": 8867, "Service_Connections_Count": 4047, "Service_Area_Type": "Residential Area", "Verification_Status": "", "Area_SqKM": 17.483520981048635}, "geometry": {"type": "Point", "coordinates": [-110.8316918045077, 39.61732439217404]}}, {"type": "Feature", "properties": {"PWSID": "UTAH04011", "PWS_Name": "WELLINGTON CITY", "Primacy_Agency": "UT", "Population_Served_Count": 1676, "Service_Connections_Count": 764, "Service_Area_Type": "Residential Area", "Verification_Status": "", "Area_SqKM": 12.955968432824944}, "geometry": {"type": "Point", "coordinates": [-110.72643960840298, 39.54190303300576]}}, {"type": "Feature", "properties": {"PWSID": "UTAH08040", "PWS_Name": "ELMO TOWN", "Primacy_Agency": "UT", "Population_Served_Count": 368, "Service_Connections_Count": 150, "Service_Area_Type": "Residential Area", "Verification_Status": "", "Area_SqKM": 1.8424213448730244}, "geometry": {"type": "Point", "coordinates": [-110.81571665942384, 39.388000106247006]}}, {"type": "Feature", "properties": {"PWSID": "UTAH15013", "PWS_Name": "COTTONWOOD MUTUAL", "Primacy_Agency": "UT", "Population_Served_Count": 3145, "Service_Connections_Count": 918, "Service_Area_Type": "Residential Area", "Verification_Status": "", "Area_SqKM": 9.14355888700764}, "geometry": {"type": "Point", "coordinates": [-111.77607437993517, 41.14611697267901]}}, {"type": "Feature", "properties": {"PWSID": "UTAH15005", "PWS_Name": "HIGHLANDS WATER COMPANY INC", "Primacy_Agency": "UT", "Population_Served_Count": 1200, "Service_Connections_Count": 428, "Service_Area_Type": "Residential Area", "Verification_Status": "", "Area_SqKM": 7.197244834887676}, "geometry": {"type": "Point", "coordinates": [-111.81109101508152, 41.14704366452319]}}, {"type": "Feature", "properties": {"PWSID": "UTAH29007", "PWS_Name": "HUNTSVILLE TOWN WATER SYSTEM", "Primacy_Agency": "UT", "Population_Served_Count": 750, "Service_Connections_Count": 351, "Service_Area_Type": "Residential Area", "Verification_Status": "", "Area_SqKM": 4.502097891482449}, "geometry": {"type": "Point", "coordinates": [-111.76016026845645, 41.25130009738384]}}, {"type": "Feature", "properties": {"PWSID": "UTAH29021", "PWS_Name": "UINTAH HIGHLANDS IMPROVEMENT DISTRICT", "Primacy_Agency": "UT", "Population_Served_Count": 2480, "Service_Connections_Count": 964, "Service_Area_Type": "Residential Area", "Verification_Status": "", "Area_SqKM": 4.410095956196855}, "geometry": {"type": "Point", "coordinates": [-111.92313988619466, 41.15354958951996]}}, {"type": "Feature", "properties": {"PWSID": "UTAH29020", "PWS_Name": "UINTAH TOWN WATER SYSTEM", "Primacy_Agency": "UT", "Population_Served_Count": 1300, "Service_Connections_Count": 396, "Service_Area_Type": "Residential Area", "Verification_Status": "", "Area_SqKM": 3.2296661845339436}, "geometry": {"type": "Point", "coordinates": [-111.92978504669212, 41.14083848337908]}}, {"type": "Feature", "properties": {"PWSID": "UTAH29024", "PWS_Name": "LAKEVIEW WATER COMPANY", "Primacy_Agency": "UT", "Population_Served_Count": 350, "Service_Connections_Count": 209, "Service_Area_Type": "Residential Area", "Verification_Status": "", "Area_SqKM": 1.4204564083498095}, "geometry": {"type": "Point", "coordinates": [-111.7947470558136, 41.248224372098036]}}, {"type": "Feature", "properties": {"PWSID": "UTAH29029", "PWS_Name": "PINEVIEW WEST WATER CO", "Primacy_Agency": "UT", "Population_Served_Count": 208, "Service_Connections_Count": 92, "Service_Area_Type": "Residential Area", "Verification_Status": "", "Area_SqKM": 0.655339467486222}, "geometry": {"type": "Point", "coordinates": [-111.8260070086097, 41.27437461735906]}}, {"type": "Feature", "properties": {"PWSID": "UTAH29086", "PWS_Name": "PINE VIEW HOMEOWNERS ASSOCIATION", "Primacy_Agency": "UT", "Population_Served_Count": 105, "Service_Connections_Count": 90, "Service_Area_Type": "Recreation Area", "Verification_Status": "", "Area_SqKM": 0.17261762500490277}, "geometry": {"type": "Point", "coordinates": [-111.8194702916645, 41.25676973353159]}}, {"type": "Feature", "properties": {"PWSID": "UTAH29126", "PWS_Name": "COBBLES CONDOMINIUM HOA", "Primacy_Agency": "UT", "Population_Served_Count": 31, "Service_Connections_Count": 17, "Service_Area_Type": "Homeowners Association", "Verification_Status": "", "Area_SqKM": 0.16123022866388664}, "geometry": {"type": "Point", "coordinates": [-111.88207046883176, 41.25153318765899]}}, {"type": "Feature", "properties": {"PWSID": "UTAH29093", "PWS_Name": "CASEY ACRES WATER COMPANY", "Primacy_Agency": "UT", "Population_Served_Count": 36, "Service_Connections_Count": 14, "Service_Area_Type": "Residential Area", "Verification_Status": "", "Area_SqKM": 0.06370450254335486}, "geometry": {"type": "Point", "coordinates": [-111.77465621221963, 41.276174599905026]}}, {"type": "Feature", "properties": {"PWSID": "UTAH29124", "PWS_Name": "WILDWOOD WATER LLC", "Primacy_Agency": "UT", "Population_Served_Count": 32, "Service_Connections_Count": 15, "Service_Area_Type": "Homeowners Association", "Verification_Status": "", "Area_SqKM": 0.026827793387587544}, "geometry": {"type": "Point", "coordinates": [-111.8697075558449, 41.254298045519334]}}, {"type": "Feature", "properties": {"PWSID": "UTAH29119", "PWS_Name": "CASCADE ACADEMY", "Primacy_Agency": "UT", "Population_Served_Count": 75, "Service_Connections_Count": 3, "Service_Area_Type": "School", "Verification_Status": "", "Area_SqKM": 0.03043147491157156}, "geometry": {"type": "Point", "coordinates": [-111.73082902002962, 41.259695679879215]}}, {"type": "Feature", "properties": {"PWSID": "UTAH15007", "PWS_Name": "MONTE VERDE", "Primacy_Agency": "UT", "Population_Served_Count": 93, "Service_Connections_Count": 28, "Service_Area_Type": "Residential Area", "Verification_Status": "", "Area_SqKM": 0.09576621015922543}, "geometry": {"type": "Point", "coordinates": [-111.82398291231813, 41.142044637461886]}}, {"type": "Feature", "properties": {"PWSID": "UTAH15015", "PWS_Name": "MOUNTAIN GREEN WATER ASSOCIATION", "Primacy_Agency": "UT", "Population_Served_Count": 47, "Service_Connections_Count": 18, "Service_Area_Type": "Residential Area", "Verification_Status": "", "Area_SqKM": 0.10703291168872614}, "geometry": {"type": "Point", "coordinates": [-111.81599299097871, 41.14271243634333]}}, {"type": "Feature", "properties": {"PWSID": "UTAH08005", "PWS_Name": "GREEN RIVER CITY", "Primacy_Agency": "UT", "Population_Served_Count": 910, "Service_Connections_Count": 449, "Service_Area_Type": "Residential Area", "Verification_Status": "", "Area_SqKM": 38.054048491076855}, "geometry": {"type": "Point", "coordinates": [-110.12888214472777, 38.99602172234499]}}, {"type": "Feature", "properties": {"PWSID": "UTAH04012", "PWS_Name": "EAST CARBON CITY", "Primacy_Agency": "UT", "Population_Served_Count": 1460, "Service_Connections_Count": 1010, "Service_Area_Type": "Residential Area", "Verification_Status": "", "Area_SqKM": 29.335861832241033}, "geometry": {"type": "Point", "coordinates": [-110.42741365238415, 39.53759232700739]}}, {"type": "Feature", "properties": {"PWSID": "UTAH10004", "PWS_Name": "THOMPSON SPECIAL SERVICES DISTRICT", "Primacy_Agency": "UT", "Population_Served_Count": 85, "Service_Connections_Count": 55, "Service_Area_Type": "Residential Area", "Verification_Status": "", "Area_SqKM": 1.480092497297229}, "geometry": {"type": "Point", "coordinates": [-109.76278704130176, 38.95955185282246]}}, {"type": "Feature", "properties": {"PWSID": "UTAH10033", "PWS_Name": "SORREL RIVER RANCH WATER", "Primacy_Agency": "UT", "Population_Served_Count": 260, "Service_Connections_Count": 48, "Service_Area_Type": "Restaurant", "Verification_Status": "", "Area_SqKM": 0.666617085270239}, "geometry": {"type": "Point", "coordinates": [-109.39955404993525, 38.69920102496628]}}, {"type": "Feature", "properties": {"PWSID": "UTAH07073", "PWS_Name": "PINION FOREST SSD", "Primacy_Agency": "UT", "Population_Served_Count": 640, "Service_Connections_Count": 210, "Service_Area_Type": "Secondary Residences", "Verification_Status": "", "Area_SqKM": 420.24333819453466}, "geometry": {"type": "Point", "coordinates": [-110.69049311856844, 40.18486666768915]}}, {"type": "Feature", "properties": {"PWSID": "UTAH07003", "PWS_Name": "TABIONA TOWN WATER SYSTEM", "Primacy_Agency": "UT", "Population_Served_Count": 380, "Service_Connections_Count": 130, "Service_Area_Type": "Residential Area", "Verification_Status": "", "Area_SqKM": 0.2696938443428599}, "geometry": {"type": "Point", "coordinates": [-110.70832469998365, 40.353847821407804]}}, {"type": "Feature", "properties": {"PWSID": "UTAH07059", "PWS_Name": "DUCHESNE COUNTY UPPER COUNTRY WID", "Primacy_Agency": "UT", "Population_Served_Count": 2100, "Service_Connections_Count": 836, "Service_Area_Type": "Residential Area", "Verification_Status": "", "Area_SqKM": 306.5428144738885}, "geometry": {"type": "Point", "coordinates": [-110.2886551546856, 40.3407427326319]}}, {"type": "Feature", "properties": {"PWSID": "UTAH07051", "PWS_Name": "EAST DUCHESNE CULINARY WID", "Primacy_Agency": "UT", "Population_Served_Count": 1000, "Service_Connections_Count": 427, "Service_Area_Type": "Residential Area", "Verification_Status": "", "Area_SqKM": 284.394518614702}, "geometry": {"type": "Point", "coordinates": [-110.26737454195637, 40.1992919948434]}}, {"type": "Feature", "properties": {"PWSID": "UTAH07006", "PWS_Name": "JOHNSON WATER DISTRICT", "Primacy_Agency": "UT", "Population_Served_Count": 1895, "Service_Connections_Count": 947, "Service_Area_Type": "Residential Area", "Verification_Status": "", "Area_SqKM": 261.93260523875637}, "geometry": {"type": "Point", "coordinates": [-110.074495259032, 40.2251761461467]}}, {"type": "Feature", "properties": {"PWSID": "UTAH07072", "PWS_Name": "CEDARVIEW MONTWELL SSD", "Primacy_Agency": "UT", "Population_Served_Count": 445, "Service_Connections_Count": 102, "Service_Area_Type": "Other Area", "Verification_Status": "", "Area_SqKM": 179.04896218441382}, "geometry": {"type": "Point", "coordinates": [-110.02990955989988, 40.39019956697262]}}, {"type": "Feature", "properties": {"PWSID": "UTAH24014", "PWS_Name": "OURAY PARK WATER IMPROVEMENT DISTRICT", "Primacy_Agency": "UT", "Population_Served_Count": 300, "Service_Connections_Count": 131, "Service_Area_Type": "Residential Area", "Verification_Status": "", "Area_SqKM": 173.7193157177447}, "geometry": {"type": "Point", "coordinates": [-109.70952325971862, 40.20744158090677]}}, {"type": "Feature", "properties": {"PWSID": "UTAH24009", "PWS_Name": "TRIDELL LAPOINT WID", "Primacy_Agency": "UT", "Population_Served_Count": 1525, "Service_Connections_Count": 529, "Service_Area_Type": "Residential Area", "Verification_Status": "", "Area_SqKM": 127.14565933696741}, "geometry": {"type": "Point", "coordinates": [-109.80344572178227, 40.392483230435666]}}, {"type": "Feature", "properties": {"PWSID": "UTAH07004", "PWS_Name": "ROOSEVELT CITY WATER SYSTEM", "Primacy_Agency": "UT", "Population_Served_Count": 8000, "Service_Connections_Count": 2722, "Service_Area_Type": "Residential Area", "Verification_Status": "", "Area_SqKM": 51.24764654258289}, "geometry": {"type": "Point", "coordinates": [-110.01978561642873, 40.300569032880865]}}, {"type": "Feature", "properties": {"PWSID": "UTAH24001", "PWS_Name": "BALLARD WATER IMPROVEMENT DISTRICT", "Primacy_Agency": "UT", "Population_Served_Count": 1005, "Service_Connections_Count": 513, "Service_Area_Type": "Residential Area", "Verification_Status": "", "Area_SqKM": 49.20753425946406}, "geometry": {"type": "Point", "coordinates": [-109.93391739578436, 40.30117723612897]}}, {"type": "Feature", "properties": {"PWSID": "UTAH24042", "PWS_Name": "JOHNSON WATER DISTRICT - INDEPENDENCE", "Primacy_Agency": "UT", "Population_Served_Count": 170, "Service_Connections_Count": 51, "Service_Area_Type": "Residential Area", "Verification_Status": "", "Area_SqKM": 38.475129376605075}, "geometry": {"type": "Point", "coordinates": [-109.92889204557909, 40.2648230978213]}}, {"type": "Feature", "properties": {"PWSID": "UTAH05003", "PWS_Name": "MANILA TOWN WATER SYSTEM", "Primacy_Agency": "UT", "Population_Served_Count": 701, "Service_Connections_Count": 980, "Service_Area_Type": "Residential Area", "Verification_Status": "", "Area_SqKM": 22.39239339640583}, "geometry": {"type": "Point", "coordinates": [-109.74620123455, 40.981310611452116]}}, {"type": "Feature", "properties": {"PWSID": "UTAH07067", "PWS_Name": "SOUTH DUCHESNE CULINARY WATER", "Primacy_Agency": "UT", "Population_Served_Count": 286, "Service_Connections_Count": 91, "Service_Area_Type": "Residential Area", "Verification_Status": "", "Area_SqKM": 16.065364771101713}, "geometry": {"type": "Point", "coordinates": [-110.35738103445335, 40.143628173215184]}}, {"type": "Feature", "properties": {"PWSID": "UTAH07005", "PWS_Name": "NEOLA  WATER AND SEWER DISTRICT", "Primacy_Agency": "UT", "Population_Served_Count": 490, "Service_Connections_Count": 240, "Service_Area_Type": "Residential Area", "Verification_Status": "", "Area_SqKM": 14.578992452775609}, "geometry": {"type": "Point", "coordinates": [-110.02582014328998, 40.39841646998773]}}, {"type": "Feature", "properties": {"PWSID": "UTAH07001", "PWS_Name": "DUCHESNE WATER SYSTEM", "Primacy_Agency": "UT", "Population_Served_Count": 2000, "Service_Connections_Count": 687, "Service_Area_Type": "Residential Area", "Verification_Status": "", "Area_SqKM": 10.116783701561694}, "geometry": {"type": "Point", "coordinates": [-110.39876424880576, 40.16980870005008]}}, {"type": "Feature", "properties": {"PWSID": "UTAH07002", "PWS_Name": "MYTON CITY", "Primacy_Agency": "UT", "Population_Served_Count": 1075, "Service_Connections_Count": 365, "Service_Area_Type": "Residential Area", "Verification_Status": "", "Area_SqKM": 4.1106722896700605}, "geometry": {"type": "Point", "coordinates": [-110.0678244158399, 40.199468394682285]}}, {"type": "Feature", "properties": {"PWSID": "UTAH24010", "PWS_Name": "JENSEN WID", "Primacy_Agency": "UT", "Population_Served_Count": 1375, "Service_Connections_Count": 595, "Service_Area_Type": "Residential Area", "Verification_Status": "", "Area_SqKM": 280.8757651916459}, "geometry": {"type": "Point", "coordinates": [-109.37920053389058, 40.41305241444846]}}, {"type": "Feature", "properties": {"PWSID": "UTAH24013", "PWS_Name": "ASHLEY VALLEY WATER AND SEWER ID", "Primacy_Agency": "UT", "Population_Served_Count": 13740, "Service_Connections_Count": 5012, "Service_Area_Type": "Residential Area", "Verification_Status": "", "Area_SqKM": 208.2742663158227}, "geometry": {"type": "Point", "coordinates": [-109.53256131006333, 40.4479866435678]}}, {"type": "Feature", "properties": {"PWSID": "UTAH24004", "PWS_Name": "MAESER IMPROVEMENT DISTRICT", "Primacy_Agency": "UT", "Population_Served_Count": 4152, "Service_Connections_Count": 1395, "Service_Area_Type": "Residential Area", "Verification_Status": "", "Area_SqKM": 31.752915419679045}, "geometry": {"type": "Point", "coordinates": [-109.58924482741745, 40.48836509496326]}}, {"type": "Feature", "properties": {"PWSID": "UTAH05001", "PWS_Name": "DUTCH JOHN TOWN WATER SYSTEM", "Primacy_Agency": "UT", "Population_Served_Count": 144, "Service_Connections_Count": 136, "Service_Area_Type": "Residential Area", "Verification_Status": "", "Area_SqKM": 16.5855421088431}, "geometry": {"type": "Point", "coordinates": [-109.40837724122694, 40.92477559414992]}}, {"type": "Feature", "properties": {"PWSID": "UTAH24012", "PWS_Name": "VERNAL CITY WATER SYSTEM", "Primacy_Agency": "UT", "Population_Served_Count": 10000, "Service_Connections_Count": 3229, "Service_Area_Type": "Residential Area", "Verification_Status": "", "Area_SqKM": 11.998947653099211}, "geometry": {"type": "Point", "coordinates": [-109.53446117543047, 40.45202887744733]}}, {"type": "Feature", "properties": {"PWSID": "UTAH05004", "PWS_Name": "GREENDALE WATER COMPANY", "Primacy_Agency": "UT", "Population_Served_Count": 467, "Service_Connections_Count": 129, "Service_Area_Type": "Residential Area", "Verification_Status": "", "Area_SqKM": 8.765725469226817}, "geometry": {"type": "Point", "coordinates": [-109.46729430005908, 40.883017336451445]}}, {"type": "Feature", "properties": {"PWSID": "UTAH05036", "PWS_Name": "MOUNTAINWEST PIPELINE CLAY BASIN CAMP", "Primacy_Agency": "UT", "Population_Served_Count": 37, "Service_Connections_Count": 19, "Service_Area_Type": "Industrial/Agricultural", "Verification_Status": "", "Area_SqKM": 4.130623357345997}, "geometry": {"type": "Point", "coordinates": [-109.20808830018383, 40.99075463294859]}}, {"type": "Feature", "properties": {"PWSID": "UTAH24051", "PWS_Name": "DESERT SAGE HOA", "Primacy_Agency": "UT", "Population_Served_Count": 55, "Service_Connections_Count": 16, "Service_Area_Type": "Homeowners Association", "Verification_Status": "", "Area_SqKM": 0.06939283621618675}, "geometry": {"type": "Point", "coordinates": [-109.5007771206634, 40.369190640148624]}}, {"type": "Feature", "properties": {"PWSID": "UTAH24049", "PWS_Name": "PINE MEADOWS PUD", "Primacy_Agency": "UT", "Population_Served_Count": 224, "Service_Connections_Count": 71, "Service_Area_Type": "Mobile Home Park", "Verification_Status": "", "Area_SqKM": 0.04657029712623152}, "geometry": {"type": "Point", "coordinates": [-109.5220355197376, 40.466606539956295]}}, {"type": "Feature", "properties": {"PWSID": "UTAH17022", "PWS_Name": "MOUNTAIN MEADOW IMPROVEMENT DISTRICT", "Primacy_Agency": "UT", "Population_Served_Count": 80, "Service_Connections_Count": 22, "Service_Area_Type": "Residential Area", "Verification_Status": "", "Area_SqKM": 0.20694539363079678}, "geometry": {"type": "Point", "coordinates": [-111.17123020021734, 41.58715944971478]}}, {"type": "Feature", "properties": {"PWSID": "UTAH17016", "PWS_Name": "DESERET LAND AND LIVESTOCK", "Primacy_Agency": "UT", "Population_Served_Count": 29, "Service_Connections_Count": 17, "Service_Area_Type": "Other Area", "Verification_Status": "", "Area_SqKM": 0.5150542711611462}, "geometry": {"type": "Point", "coordinates": [-111.2204986501845, 41.414854749850534]}}, {"type": "Feature", "properties": {"PWSID": "UTAH17027", "PWS_Name": "SWAN CREEK VILLAGE WATER COMPANY LLC", "Primacy_Agency": "UT", "Population_Served_Count": 55, "Service_Connections_Count": 124, "Service_Area_Type": "Recreation Area", "Verification_Status": "", "Area_SqKM": 1.3372031146866477}, "geometry": {"type": "Point", "coordinates": [-111.41344079459239, 41.97486869161433]}}, {"type": "Feature", "properties": {"PWSID": "UTAH17008", "PWS_Name": "WOODRUFF TOWN WATER SYSTEM", "Primacy_Agency": "UT", "Population_Served_Count": 200, "Service_Connections_Count": 92, "Service_Area_Type": "Residential Area", "Verification_Status": "", "Area_SqKM": 1.857705489493228}, "geometry": {"type": "Point", "coordinates": [-111.16377267255615, 41.519599872740685]}}, {"type": "Feature", "properties": {"PWSID": "UTAH03086", "PWS_Name": "HIGH CREEK WATER CO", "Primacy_Agency": "UT", "Population_Served_Count": 120, "Service_Connections_Count": 38, "Service_Area_Type": "Residential Area", "Verification_Status": "", "Area_SqKM": 2.8257891965643003}, "geometry": {"type": "Point", "coordinates": [-111.79020442818822, 41.9577652281645]}}, {"type": "Feature", "properties": {"PWSID": "UTAH17005", "PWS_Name": "RANDOLPH TOWN WATER SYSTEM", "Primacy_Agency": "UT", "Population_Served_Count": 470, "Service_Connections_Count": 236, "Service_Area_Type": "Residential Area", "Verification_Status": "", "Area_SqKM": 3.315158037958265}, "geometry": {"type": "Point", "coordinates": [-111.18992496526944, 41.665346334668754]}}, {"type": "Feature", "properties": {"PWSID": "UTAH17003", "PWS_Name": "LAKETOWN", "Primacy_Agency": "UT", "Population_Served_Count": 380, "Service_Connections_Count": 169, "Service_Area_Type": "Residential Area", "Verification_Status": "", "Area_SqKM": 6.724736559705906}, "geometry": {"type": "Point", "coordinates": [-111.32788441712151, 41.827408016990674]}}, {"type": "Feature", "properties": {"PWSID": "UTAH17001", "PWS_Name": "BRIDGERLAND WATER CO", "Primacy_Agency": "UT", "Population_Served_Count": 240, "Service_Connections_Count": 179, "Service_Area_Type": "Recreation Area", "Verification_Status": "", "Area_SqKM": 7.126447692346976}, "geometry": {"type": "Point", "coordinates": [-111.42762511659684, 41.922463461179625]}}, {"type": "Feature", "properties": {"PWSID": "UTAH29053", "PWS_Name": "GREEN HILLS COUNTRY ESTATES", "Primacy_Agency": "UT", "Population_Served_Count": 237, "Service_Connections_Count": 103, "Service_Area_Type": "Residential Area", "Verification_Status": "", "Area_SqKM": 9.807473598584764}, "geometry": {"type": "Point", "coordinates": [-111.73249274691759, 41.27740519067808]}}, {"type": "Feature", "properties": {"PWSID": "UTAH17002", "PWS_Name": "GARDEN CITY", "Primacy_Agency": "UT", "Population_Served_Count": 658, "Service_Connections_Count": 858, "Service_Area_Type": "Residential Area", "Verification_Status": "", "Area_SqKM": 18.868649728166893}, "geometry": {"type": "Point", "coordinates": [-111.40547899695198, 41.933082179649006]}}, {"type": "Feature", "properties": {"PWSID": "UTAH29085", "PWS_Name": "SPRING MOUNTAIN MUTUAL WATER CO", "Primacy_Agency": "UT", "Population_Served_Count": 85, "Service_Connections_Count": 33, "Service_Area_Type": "Recreation Area", "Verification_Status": "", "Area_SqKM": 0.29210828373903397}, "geometry": {"type": "Point", "coordinates": [-111.87868393468247, 41.32083448685412]}}, {"type": "Feature", "properties": {"PWSID": "UTAH03014", "PWS_Name": "GOASLIND SPRING W W CO", "Primacy_Agency": "UT", "Population_Served_Count": 45, "Service_Connections_Count": 17, "Service_Area_Type": "Residential Area", "Verification_Status": "", "Area_SqKM": 0.36058213344234374}, "geometry": {"type": "Point", "coordinates": [-111.80451552967307, 41.968952462985825]}}, {"type": "Feature", "properties": {"PWSID": "UTAH03103", "PWS_Name": "PARADISE WEST SUBDIVISION", "Primacy_Agency": "UT", "Population_Served_Count": 27, "Service_Connections_Count": 14, "Service_Area_Type": "Homeowners Association", "Verification_Status": "", "Area_SqKM": 0.3662112227021928}, "geometry": {"type": "Point", "coordinates": [-111.85887782213143, 41.578072877643834]}}, {"type": "Feature", "properties": {"PWSID": "UTAH03006", "PWS_Name": "COVE  WATERWORKS", "Primacy_Agency": "UT", "Population_Served_Count": 60, "Service_Connections_Count": 27, "Service_Area_Type": "Residential Area", "Verification_Status": "", "Area_SqKM": 0.579984407365507}, "geometry": {"type": "Point", "coordinates": [-111.80760974708753, 41.96284832357441]}}, {"type": "Feature", "properties": {"PWSID": "UTAH29092", "PWS_Name": "COLE CANYON WATER COMPANY", "Primacy_Agency": "UT", "Population_Served_Count": 39, "Service_Connections_Count": 40, "Service_Area_Type": "Residential Area", "Verification_Status": "", "Area_SqKM": 1.8630152990726672}, "geometry": {"type": "Point", "coordinates": [-111.89579391430932, 41.36469491423507]}}, {"type": "Feature", "properties": {"PWSID": "UTAH03019", "PWS_Name": "RIVER HEIGHTS CITY", "Primacy_Agency": "UT", "Population_Served_Count": 2195, "Service_Connections_Count": 726, "Service_Area_Type": "Residential Area", "Verification_Status": "", "Area_SqKM": 2.328236286264474}, "geometry": {"type": "Point", "coordinates": [-111.81761487026765, 41.72187544840599]}}, {"type": "Feature", "properties": {"PWSID": "UTAH03016", "PWS_Name": "PARADISE TOWN WATER SYSTEM", "Primacy_Agency": "UT", "Population_Served_Count": 1014, "Service_Connections_Count": 339, "Service_Area_Type": "Residential Area", "Verification_Status": "", "Area_SqKM": 3.764204006548111}, "geometry": {"type": "Point", "coordinates": [-111.83610397215337, 41.56474493728608]}}, {"type": "Feature", "properties": {"PWSID": "UTAH03012", "PWS_Name": "MILLVILLE CITY", "Primacy_Agency": "UT", "Population_Served_Count": 1900, "Service_Connections_Count": 661, "Service_Area_Type": "Residential Area", "Verification_Status": "", "Area_SqKM": 5.033974268868961}, "geometry": {"type": "Point", "coordinates": [-111.81725345544213, 41.68314322007414]}}, {"type": "Feature", "properties": {"PWSID": "UTAH29009", "PWS_Name": "NORDIC MTN WATER COMPANY", "Primacy_Agency": "UT", "Population_Served_Count": 570, "Service_Connections_Count": 286, "Service_Area_Type": "Residential Area", "Verification_Status": "", "Area_SqKM": 6.299977023576374}, "geometry": {"type": "Point", "coordinates": [-111.85223617773511, 41.302399113993516]}}, {"type": "Feature", "properties": {"PWSID": "UTAH29013", "PWS_Name": "WOLF CREEK WATER AND SEWER ID", "Primacy_Agency": "UT", "Population_Served_Count": 1345, "Service_Connections_Count": 1218, "Service_Area_Type": "Residential Area", "Verification_Status": "", "Area_SqKM": 8.758939086964011}, "geometry": {"type": "Point", "coordinates": [-111.82826379580517, 41.32780735922222]}}, {"type": "Feature", "properties": {"PWSID": "UTAH03018", "PWS_Name": "RICHMOND CITY WATER SYSTEM", "Primacy_Agency": "UT", "Population_Served_Count": 2967, "Service_Connections_Count": 865, "Service_Area_Type": "Residential Area", "Verification_Status": "", "Area_SqKM": 8.966332053230921}, "geometry": {"type": "Point", "coordinates": [-111.80515200930719, 41.927773268696484]}}, {"type": "Feature", "properties": {"PWSID": "UTAH03002", "PWS_Name": "AMALGA TOWN WATER SYSTEM", "Primacy_Agency": "UT", "Population_Served_Count": 495, "Service_Connections_Count": 162, "Service_Area_Type": "Residential Area", "Verification_Status": "", "Area_SqKM": 9.272740920469646}, "geometry": {"type": "Point", "coordinates": [-111.89525743030879, 41.85903636966462]}}, {"type": "Feature", "properties": {"PWSID": "UTAH03017", "PWS_Name": "PROVIDENCE CITY WATER SYSTEM", "Primacy_Agency": "UT", "Population_Served_Count": 8830, "Service_Connections_Count": 2460, "Service_Area_Type": "Residential Area", "Verification_Status": "", "Area_SqKM": 10.13561567060202}, "geometry": {"type": "Point", "coordinates": [-111.81691417495585, 41.705758920368694]}}, {"type": "Feature", "properties": {"PWSID": "UTAH29008", "PWS_Name": "LIBERTY PIPELINE COMPANY", "Primacy_Agency": "UT", "Population_Served_Count": 1750, "Service_Connections_Count": 577, "Service_Area_Type": "Residential Area", "Verification_Status": "", "Area_SqKM": 10.747533577254558}, "geometry": {"type": "Point", "coordinates": [-111.87162568094135, 41.34708414572975]}}, {"type": "Feature", "properties": {"PWSID": "UTAH03001", "PWS_Name": "NIBLEY CITY WATER", "Primacy_Agency": "UT", "Population_Served_Count": 7926, "Service_Connections_Count": 2202, "Service_Area_Type": "Residential Area", "Verification_Status": "", "Area_SqKM": 11.589804794398615}, "geometry": {"type": "Point", "coordinates": [-111.84310335258203, 41.66769373794771]}}, {"type": "Feature", "properties": {"PWSID": "UTAH03007", "PWS_Name": "HYDE PARK CITY WATER SYSTEM", "Primacy_Agency": "UT", "Population_Served_Count": 5200, "Service_Connections_Count": 1584, "Service_Area_Type": "Residential Area", "Verification_Status": "", "Area_SqKM": 12.176601480371591}, "geometry": {"type": "Point", "coordinates": [-111.81559245059542, 41.801310116139724]}}, {"type": "Feature", "properties": {"PWSID": "UTAH02018", "PWS_Name": "MANTUA TOWN WATER SYSTEM", "Primacy_Agency": "UT", "Population_Served_Count": 1200, "Service_Connections_Count": 437, "Service_Area_Type": "Residential Area", "Verification_Status": "", "Area_SqKM": 14.833420361586484}, "geometry": {"type": "Point", "coordinates": [-111.94145270930716, 41.49646191557426]}}, {"type": "Feature", "properties": {"PWSID": "UTAH03020", "PWS_Name": "SMITHFIELD CITY", "Primacy_Agency": "UT", "Population_Served_Count": 10223, "Service_Connections_Count": 4347, "Service_Area_Type": "Residential Area", "Verification_Status": "", "Area_SqKM": 15.471729492699858}, "geometry": {"type": "Point", "coordinates": [-111.82448006221675, 41.83941693396172]}}, {"type": "Feature", "properties": {"PWSID": "UTAH03008", "PWS_Name": "HYRUM CITY", "Primacy_Agency": "UT", "Population_Served_Count": 10200, "Service_Connections_Count": 3194, "Service_Area_Type": "Residential Area", "Verification_Status": "", "Area_SqKM": 16.66438756484317}, "geometry": {"type": "Point", "coordinates": [-111.8437315005851, 41.62900505089399]}}, {"type": "Feature", "properties": {"PWSID": "UTAH29005", "PWS_Name": "EDEN WATERWORKS SYSTEM", "Primacy_Agency": "UT", "Population_Served_Count": 1180, "Service_Connections_Count": 558, "Service_Area_Type": "Residential Area", "Verification_Status": "", "Area_SqKM": 17.020753312654154}, "geometry": {"type": "Point", "coordinates": [-111.8073471380096, 41.29423581549277]}}, {"type": "Feature", "properties": {"PWSID": "UTAH03015", "PWS_Name": "NORTH LOGAN CITY", "Primacy_Agency": "UT", "Population_Served_Count": 8500, "Service_Connections_Count": 3223, "Service_Area_Type": "Residential Area", "Verification_Status": "", "Area_SqKM": 17.834858319912545}, "geometry": {"type": "Point", "coordinates": [-111.81203498849983, 41.77493024615529]}}, {"type": "Feature", "properties": {"PWSID": "UTAH03021", "PWS_Name": "TRENTON TOWN WATER SYSTEM", "Primacy_Agency": "UT", "Population_Served_Count": 490, "Service_Connections_Count": 198, "Service_Area_Type": "Residential Area", "Verification_Status": "", "Area_SqKM": 21.296315749091548}, "geometry": {"type": "Point", "coordinates": [-111.92386196019001, 41.921455686898554]}}, {"type": "Feature", "properties": {"PWSID": "UTAH03097", "PWS_Name": "BENSON CULINARY IMPROVEMENT DISTRICT", "Primacy_Agency": "UT", "Population_Served_Count": 743, "Service_Connections_Count": 257, "Service_Area_Type": "Residential Area", "Verification_Status": "", "Area_SqKM": 36.59857448136104}, "geometry": {"type": "Point", "coordinates": [-111.90984627728518, 41.81737794993198]}}, {"type": "Feature", "properties": {"PWSID": "UTAH03010", "PWS_Name": "LOGAN CITY WATER SYSTEM", "Primacy_Agency": "UT", "Population_Served_Count": 55540, "Service_Connections_Count": 12256, "Service_Area_Type": "Residential Area", "Verification_Status": "", "Area_SqKM": 49.46502140839253}, "geometry": {"type": "Point", "coordinates": [-111.81776011505696, 41.734577920146755]}}, {"type": "Feature", "properties": {"PWSID": "UTAH03009", "PWS_Name": "LEWISTON CITY", "Primacy_Agency": "UT", "Population_Served_Count": 2078, "Service_Connections_Count": 732, "Service_Area_Type": "Residential Area", "Verification_Status": "", "Area_SqKM": 65.89982246143724}, "geometry": {"type": "Point", "coordinates": [-111.86122264518899, 41.957025477606855]}}]}