{"type": "FeatureCollection", "features": [{"type": "Feature", "properties": {"PWSID": "SC3710001", "PWS_Name": "SALEM TOWN OF (SC3710001)", "Primacy_Agency": "SC", "Population_Served_Count": 6444, "Service_Connections_Count": 2774, "Service_Area_Type": "Wholesaler of Water", "Verification_Status": "", "Area_SqKM": 8.74756997042277}, "geometry": {"type": "Point", "coordinates": [-82.98352767582196, 34.880316384343786]}}, {"type": "Feature", "properties": {"PWSID": "SC3750006", "PWS_Name": "TIMBER LAKE I (SC3750006)", "Primacy_Agency": "SC", "Population_Served_Count": 283, "Service_Connections_Count": 118, "Service_Area_Type": "Residential Area", "Verification_Status": "", "Area_SqKM": 8.41048336264087}, "geometry": {"type": "Point", "coordinates": [-82.9282860953035, 34.59351214492948]}}, {"type": "Feature", "properties": {"PWSID": "SC3750027", "PWS_Name": "BAY RIDGE S/D (SC3750027)", "Primacy_Agency": "SC", "Population_Served_Count": 62, "Service_Connections_Count": 31, "Service_Area_Type": "Residential Area", "Verification_Status": "", "Area_SqKM": 0.019336813185642284}, "geometry": {"type": "Point", "coordinates": [-82.93292164611152, 34.91266200780721]}}, {"type": "Feature", "properties": {"PWSID": "SC3750010", "PWS_Name": "CHICKASAW POINT (SC3750010)", "Primacy_Agency": "SC", "Population_Served_Count": 823, "Service_Connections_Count": 483, "Service_Area_Type": "Residential Area", "Verification_Status": "", "Area_SqKM": 7.713279115536179}, "geometry": {"type": "Point", "coordinates": [-83.06682219403329, 34.54350601984193]}}, {"type": "Feature", "properties": {"PWSID": "SC3720001", "PWS_Name": "PIONEER RURAL WATER DIST (SC3720001)", "Primacy_Agency": "SC", "Population_Served_Count": 17121, "Service_Connections_Count": 7317, "Service_Area_Type": "Residential Area", "Verification_Status": "", "Area_SqKM": 92.91647371921135}, "geometry": {"type": "Point", "coordinates": [-82.96339412325199, 34.56204008216236]}}, {"type": "Feature", "properties": {"PWSID": "SC3710005", "PWS_Name": "WEST UNION TOWN OF (3710005)", "Primacy_Agency": "SC", "Population_Served_Count": 468, "Service_Connections_Count": 240, "Service_Area_Type": "Residential Area", "Verification_Status": "", "Area_SqKM": 0.0466895661084993}, "geometry": {"type": "Point", "coordinates": [-83.03451593859184, 34.75690193072714]}}, {"type": "Feature", "properties": {"PWSID": "SC3710004", "PWS_Name": "WALHALLA CITY OF (SC3710004)", "Primacy_Agency": "SC", "Population_Served_Count": 18511, "Service_Connections_Count": 8170, "Service_Area_Type": "Residential Area", "Verification_Status": "", "Area_SqKM": 93.6367169049743}, "geometry": {"type": "Point", "coordinates": [-83.00048349289465, 34.76061977201186]}}, {"type": "Feature", "properties": {"PWSID": "SC3710003", "PWS_Name": "WESTMINSTER CITY OF (3710003)", "Primacy_Agency": "SC", "Population_Served_Count": 8085, "Service_Connections_Count": 3428, "Service_Area_Type": "Residential Area", "Verification_Status": "", "Area_SqKM": 42.56770447567299}, "geometry": {"type": "Point", "coordinates": [-83.10684162761791, 34.67604022510428]}}, {"type": "Feature", "properties": {"PWSID": "SC3710002", "PWS_Name": "SENECA CITY OF (3710002)", "Primacy_Agency": "SC", "Population_Served_Count": 37478, "Service_Connections_Count": 17079, "Service_Area_Type": "Wholesaler of Water", "Verification_Status": "", "Area_SqKM": 64.81049029033953}, "geometry": {"type": "Point", "coordinates": [-82.94982609796425, 34.695061159560076]}}, {"type": "Feature", "properties": {"PWSID": "SC0410009", "PWS_Name": "WEST PELZER TOWN OF (SC0410009)", "Primacy_Agency": "SC", "Population_Served_Count": 0, "Service_Connections_Count": 547, "Service_Area_Type": "Residential Area", "Verification_Status": "", "Area_SqKM": 5.6179373327645585}, "geometry": {"type": "Point", "coordinates": [-82.46516806777014, 34.64377674030089]}}, {"type": "Feature", "properties": {"PWSID": "SC0410004", "PWS_Name": "BELTON CITY OF (SC0410004)", "Primacy_Agency": "SC", "Population_Served_Count": 6762, "Service_Connections_Count": 2904, "Service_Area_Type": "Residential Area", "Verification_Status": "", "Area_SqKM": 13.459975065090056}, "geometry": {"type": "Point", "coordinates": [-82.50190665074332, 34.526093601494296]}}, {"type": "Feature", "properties": {"PWSID": "SC1120001", "PWS_Name": "DANIEL MORGAN WATER DISTRICT (1120001)", "Primacy_Agency": "SC", "Population_Served_Count": 5314, "Service_Connections_Count": 2041, "Service_Area_Type": "Residential Area", "Verification_Status": "", "Area_SqKM": 30.49248438289695}, "geometry": {"type": "Point", "coordinates": [-81.7535642160061, 35.12803816334985]}}, {"type": "Feature", "properties": {"PWSID": "SC4210003", "PWS_Name": "SWS-LANDRUM WTP (SC4210003)", "Primacy_Agency": "SC", "Population_Served_Count": 4419, "Service_Connections_Count": 2203, "Service_Area_Type": "Residential Area", "Verification_Status": "", "Area_SqKM": 12.296352755589272}, "geometry": {"type": "Point", "coordinates": [-82.18179429865384, 35.174661552060265]}}, {"type": "Feature", "properties": {"PWSID": "SC0210002", "PWS_Name": "JACKSON TOWN OF (0210002)", "Primacy_Agency": "SC", "Population_Served_Count": 3660, "Service_Connections_Count": 1641, "Service_Area_Type": "Residential Area", "Verification_Status": "", "Area_SqKM": 10.821671670797587}, "geometry": {"type": "Point", "coordinates": [-81.7945368631596, 33.333433383876304]}}, {"type": "Feature", "properties": {"PWSID": "SC0210003", "PWS_Name": "NORTH AUGUSTA CITY OF (SC0210003)", "Primacy_Agency": "SC", "Population_Served_Count": 33185, "Service_Connections_Count": 13659, "Service_Area_Type": "Residential Area", "Verification_Status": "", "Area_SqKM": 49.04828929040587}, "geometry": {"type": "Point", "coordinates": [-81.95421852527338, 33.53073793110295]}}, {"type": "Feature", "properties": {"PWSID": "SC0220001", "PWS_Name": "LANGLEY W/D (SC0220001)", "Primacy_Agency": "SC", "Population_Served_Count": 753, "Service_Connections_Count": 330, "Service_Area_Type": "Residential Area", "Verification_Status": "", "Area_SqKM": 1.7010555379254264}, "geometry": {"type": "Point", "coordinates": [-81.8551878833498, 33.51222740400963]}}, {"type": "Feature", "properties": {"PWSID": "SC0220003", "PWS_Name": "BATH W&SD (SC0220003)", "Primacy_Agency": "SC", "Population_Served_Count": 757, "Service_Connections_Count": 309, "Service_Area_Type": "Residential Area", "Verification_Status": "", "Area_SqKM": 1.4899006404009578}, "geometry": {"type": "Point", "coordinates": [-81.86991378034068, 33.50045837449866]}}, {"type": "Feature", "properties": {"PWSID": "SC0220004", "PWS_Name": "BEECH ISLAND W/D (SC0220004)", "Primacy_Agency": "SC", "Population_Served_Count": 8935, "Service_Connections_Count": 3647, "Service_Area_Type": "Residential Area", "Verification_Status": "", "Area_SqKM": 61.916570310449}, "geometry": {"type": "Point", "coordinates": [-81.850249761953, 33.449485492393684]}}, {"type": "Feature", "properties": {"PWSID": "SC0220007", "PWS_Name": "BURNETTOWN W/D (SC0220007)", "Primacy_Agency": "SC", "Population_Served_Count": 1090, "Service_Connections_Count": 445, "Service_Area_Type": "Residential Area", "Verification_Status": "", "Area_SqKM": 2.384253810317604}, "geometry": {"type": "Point", "coordinates": [-81.8614451776761, 33.510365403126215]}}, {"type": "Feature", "properties": {"PWSID": "SC0220012", "PWS_Name": "VALLEY PSA (SC0220012)", "Primacy_Agency": "SC", "Population_Served_Count": 7752, "Service_Connections_Count": 3465, "Service_Area_Type": "Residential Area", "Verification_Status": "", "Area_SqKM": 22.05872054302282}, "geometry": {"type": "Point", "coordinates": [-81.80864868555598, 33.52525175451699]}}, {"type": "Feature", "properties": {"PWSID": "SC0220015", "PWS_Name": "CLEARWATER WS DIST (SC0220015)", "Primacy_Agency": "SC", "Population_Served_Count": 529, "Service_Connections_Count": 222, "Service_Area_Type": "Residential Area", "Verification_Status": "", "Area_SqKM": 2.31072545754509}, "geometry": {"type": "Point", "coordinates": [-81.8984170211417, 33.49675035913679]}}, {"type": "Feature", "properties": {"PWSID": "SC0220016", "PWS_Name": "TROLLEY RUN STATION DEVELOPMENT(0220016)", "Primacy_Agency": "SC", "Population_Served_Count": 2592, "Service_Connections_Count": 1062, "Service_Area_Type": "Other Residential", "Verification_Status": "", "Area_SqKM": 32.72478259725758}, "geometry": {"type": "Point", "coordinates": [-81.7656506913754, 33.58445721729784]}}, {"type": "Feature", "properties": {"PWSID": "SC0240002", "PWS_Name": "AVONDALE MILLS INC (SC0240002)", "Primacy_Agency": "SC", "Population_Served_Count": 0, "Service_Connections_Count": 606, "Service_Area_Type": "Other Non-transient Area", "Verification_Status": "", "Area_SqKM": 0.12872611466458342}, "geometry": {"type": "Point", "coordinates": [-81.80715609653839, 33.54836419638395]}}, {"type": "Feature", "properties": {"PWSID": "SC0260038", "PWS_Name": "CAMERON MHP (SC0260038)", "Primacy_Agency": "SC", "Population_Served_Count": 83, "Service_Connections_Count": 33, "Service_Area_Type": "Mobile Home Park", "Verification_Status": "", "Area_SqKM": 4.089322676049367}, "geometry": {"type": "Point", "coordinates": [-81.74468216117104, 33.60055416171171]}}, {"type": "Feature", "properties": {"PWSID": "SC0260016", "PWS_Name": "CLAXTON HILLVIEW MANOR (SC0260016)", "Primacy_Agency": "SC", "Population_Served_Count": 47, "Service_Connections_Count": 19, "Service_Area_Type": "Mobile Home Park", "Verification_Status": "", "Area_SqKM": 0.026549282105922115}, "geometry": {"type": "Point", "coordinates": [-81.76870047484543, 33.59336842501365]}}, {"type": "Feature", "properties": {"PWSID": "SC3750007", "PWS_Name": "TIMBER LAKE II (SC3750007)", "Primacy_Agency": "SC", "Population_Served_Count": 93, "Service_Connections_Count": 39, "Service_Area_Type": "Residential Area", "Verification_Status": "", "Area_SqKM": 0.34261891884931905}, "geometry": {"type": "Point", "coordinates": [-82.9115375359271, 34.586897473510625]}}, {"type": "Feature", "properties": {"PWSID": "SC3750022", "PWS_Name": "TURTLEHEAD AT KEOWEE S/D (SC3750022)", "Primacy_Agency": "SC", "Population_Served_Count": 32, "Service_Connections_Count": 28, "Service_Area_Type": "Residential Area", "Verification_Status": "", "Area_SqKM": 0.10220553384944099}, "geometry": {"type": "Point", "coordinates": [-82.87454148860654, 34.95426251970796]}}, {"type": "Feature", "properties": {"PWSID": "SC3750023", "PWS_Name": "KEOWEE KEY UTILITY SYSTEM INC (3750023)", "Primacy_Agency": "SC", "Population_Served_Count": 4108, "Service_Connections_Count": 1770, "Service_Area_Type": "Residential Area", "Verification_Status": "", "Area_SqKM": 15.916815365650372}, "geometry": {"type": "Point", "coordinates": [-82.90391339779902, 34.82027072583437]}}, {"type": "Feature", "properties": {"PWSID": "SC3750029", "PWS_Name": "HARTS COVE AND TORY POINTE (SC3750029)", "Primacy_Agency": "SC", "Population_Served_Count": 560, "Service_Connections_Count": 206, "Service_Area_Type": "Residential Area", "Verification_Status": "", "Area_SqKM": 8.039713342587184}, "geometry": {"type": "Point", "coordinates": [-82.87391791371806, 34.699370435571815]}}, {"type": "Feature", "properties": {"PWSID": "SC3770300", "PWS_Name": "VIEW AT THE PIER THE (SC3770300)", "Primacy_Agency": "SC", "Population_Served_Count": 864, "Service_Connections_Count": 228, "Service_Area_Type": "Residential Area", "Verification_Status": "", "Area_SqKM": 4.919930371291496}, "geometry": {"type": "Point", "coordinates": [-82.87797122992109, 34.64843524715029]}}, {"type": "Feature", "properties": {"PWSID": "SC3910006", "PWS_Name": "CLEMSON UNIVERSITY (SC3910006)", "Primacy_Agency": "SC", "Population_Served_Count": 8320, "Service_Connections_Count": 298, "Service_Area_Type": "Residential Area", "Verification_Status": "", "Area_SqKM": 6.095594285281236}, "geometry": {"type": "Point", "coordinates": [-82.88577286892878, 34.66599811893225]}}, {"type": "Feature", "properties": {"PWSID": "SC0110002", "PWS_Name": "CALHOUN FALLS TOWN OF (SC0110002)", "Primacy_Agency": "SC", "Population_Served_Count": 2473, "Service_Connections_Count": 809, "Service_Area_Type": "Residential Area", "Verification_Status": "", "Area_SqKM": 5.223165205161245}, "geometry": {"type": "Point", "coordinates": [-82.58761616926486, 34.091935358306635]}}, {"type": "Feature", "properties": {"PWSID": "SC0150014", "PWS_Name": "BGWC PURDY SHORES (0150014)", "Primacy_Agency": "SC", "Population_Served_Count": 268, "Service_Connections_Count": 107, "Service_Area_Type": "Residential Area", "Verification_Status": "", "Area_SqKM": 0.4800400606344025}, "geometry": {"type": "Point", "coordinates": [-82.57734866836398, 34.31288951459499]}}, {"type": "Feature", "properties": {"PWSID": "SC0410001", "PWS_Name": "IVA TOWN OF (SC0410001)", "Primacy_Agency": "SC", "Population_Served_Count": 1874, "Service_Connections_Count": 811, "Service_Area_Type": "Residential Area", "Verification_Status": "", "Area_SqKM": 7.44913180869899}, "geometry": {"type": "Point", "coordinates": [-82.67274478522862, 34.315127239993345]}}, {"type": "Feature", "properties": {"PWSID": "SC0410006", "PWS_Name": "PENDLETON TOWN OF (SC0410006)", "Primacy_Agency": "SC", "Population_Served_Count": 5597, "Service_Connections_Count": 2322, "Service_Area_Type": "Residential Area", "Verification_Status": "", "Area_SqKM": 19.616502114768874}, "geometry": {"type": "Point", "coordinates": [-82.76759811499404, 34.646304986496055]}}, {"type": "Feature", "properties": {"PWSID": "SC0420001", "PWS_Name": "HOMELAND PARK W/D (SC0420001)", "Primacy_Agency": "SC", "Population_Served_Count": 7328, "Service_Connections_Count": 3125, "Service_Area_Type": "Residential Area", "Verification_Status": "", "Area_SqKM": 18.554124733776323}, "geometry": {"type": "Point", "coordinates": [-82.66150892411405, 34.475125963711776]}}, {"type": "Feature", "properties": {"PWSID": "SC0420003", "PWS_Name": "SANDY SPRINGS WATER CO INC (SC0420003)", "Primacy_Agency": "SC", "Population_Served_Count": 17311, "Service_Connections_Count": 7014, "Service_Area_Type": "Residential Area", "Verification_Status": "", "Area_SqKM": 56.691321153950156}, "geometry": {"type": "Point", "coordinates": [-82.69024699158078, 34.60460659253493]}}, {"type": "Feature", "properties": {"PWSID": "SC0420004", "PWS_Name": "HIGHWAY 88 W/D (SC0420004)", "Primacy_Agency": "SC", "Population_Served_Count": 3990, "Service_Connections_Count": 1565, "Service_Area_Type": "Residential Area", "Verification_Status": "", "Area_SqKM": 3.907322729783874}, "geometry": {"type": "Point", "coordinates": [-82.73400230274791, 34.690550694501816]}}, {"type": "Feature", "properties": {"PWSID": "SC0420005", "PWS_Name": "STARR-IVA W/D (SC0420005)", "Primacy_Agency": "SC", "Population_Served_Count": 11125, "Service_Connections_Count": 4516, "Service_Area_Type": "Residential Area", "Verification_Status": "", "Area_SqKM": 17.60040358600923}, "geometry": {"type": "Point", "coordinates": [-82.64772057641177, 34.418943224525414]}}, {"type": "Feature", "properties": {"PWSID": "SC0420006", "PWS_Name": "WEST ANDERSON W/D (0420006)", "Primacy_Agency": "SC", "Population_Served_Count": 17430, "Service_Connections_Count": 7295, "Service_Area_Type": "Residential Area", "Verification_Status": "", "Area_SqKM": 134.1628214001995}, "geometry": {"type": "Point", "coordinates": [-82.78794485191662, 34.518738113621275]}}, {"type": "Feature", "properties": {"PWSID": "SC0420007", "PWS_Name": "HAMMOND W/D (SC0420007)", "Primacy_Agency": "SC", "Population_Served_Count": 21193, "Service_Connections_Count": 8645, "Service_Area_Type": "Residential Area", "Verification_Status": "", "Area_SqKM": 36.8359851133434}, "geometry": {"type": "Point", "coordinates": [-82.61255388243369, 34.553325603917216]}}, {"type": "Feature", "properties": {"PWSID": "SC0420008", "PWS_Name": "BROADWAY W&S DISTRICT (SC0420008)", "Primacy_Agency": "SC", "Population_Served_Count": 9586, "Service_Connections_Count": 4023, "Service_Area_Type": "Residential Area", "Verification_Status": "", "Area_SqKM": 34.161728140002054}, "geometry": {"type": "Point", "coordinates": [-82.57877066286899, 34.47261583663727]}}, {"type": "Feature", "properties": {"PWSID": "SC0420011", "PWS_Name": "ANDERSON REGIONAL JOINT WS (SC0420011)", "Primacy_Agency": "SC", "Population_Served_Count": 25, "Service_Connections_Count": 42, "Service_Area_Type": "Wholesaler of Water", "Verification_Status": "", "Area_SqKM": 0.6456241313941125}, "geometry": {"type": "Point", "coordinates": [-82.67255470002323, 34.56252976667681]}}, {"type": "Feature", "properties": {"PWSID": "SC0450003", "PWS_Name": "BGWC TOWN CREEK (SC0450003)", "Primacy_Agency": "SC", "Population_Served_Count": 275, "Service_Connections_Count": 108, "Service_Area_Type": "Residential Area", "Verification_Status": "", "Area_SqKM": 0.1629467294551675}, "geometry": {"type": "Point", "coordinates": [-82.63612101484343, 34.51145784814187]}}, {"type": "Feature", "properties": {"PWSID": "SC0450007", "PWS_Name": "BGWC NEVITT FOREST (SC0450007)", "Primacy_Agency": "SC", "Population_Served_Count": 966, "Service_Connections_Count": 379, "Service_Area_Type": "Residential Area", "Verification_Status": "", "Area_SqKM": 1.7909618941410175}, "geometry": {"type": "Point", "coordinates": [-82.6133622856182, 34.67016196520264]}}, {"type": "Feature", "properties": {"PWSID": "SC0450029", "PWS_Name": "BGWC SHERWOOD FOREST (SC0450029)", "Primacy_Agency": "SC", "Population_Served_Count": 97, "Service_Connections_Count": 38, "Service_Area_Type": "Residential Area", "Verification_Status": "", "Area_SqKM": 3.260363339493515}, "geometry": {"type": "Point", "coordinates": [-82.67410542607095, 34.57607453787253]}}, {"type": "Feature", "properties": {"PWSID": "SC0450036", "PWS_Name": "BGWC HILL AND DALE (SC0450036)", "Primacy_Agency": "SC", "Population_Served_Count": 173, "Service_Connections_Count": 68, "Service_Area_Type": "Residential Area", "Verification_Status": "", "Area_SqKM": 0.47881814168417436}, "geometry": {"type": "Point", "coordinates": [-82.68385464082904, 34.564937523885696]}}, {"type": "Feature", "properties": {"PWSID": "SC0450076", "PWS_Name": "BGWC OAKWOOD ESTATES (0450076)", "Primacy_Agency": "SC", "Population_Served_Count": 132, "Service_Connections_Count": 52, "Service_Area_Type": "Residential Area", "Verification_Status": "", "Area_SqKM": 0.42818888376308967}, "geometry": {"type": "Point", "coordinates": [-82.6665235988302, 34.560372362889396]}}, {"type": "Feature", "properties": {"PWSID": "SC3910001", "PWS_Name": "PICKENS WTP (SC3910001)", "Primacy_Agency": "SC", "Population_Served_Count": 10263, "Service_Connections_Count": 4633, "Service_Area_Type": "Residential Area", "Verification_Status": "", "Area_SqKM": 32.804334059396226}, "geometry": {"type": "Point", "coordinates": [-82.73348617929722, 34.89164828693046]}}, {"type": "Feature", "properties": {"PWSID": "SC3910003", "PWS_Name": "LIBERTY CITY OF (SC3910003)", "Primacy_Agency": "SC", "Population_Served_Count": 3349, "Service_Connections_Count": 1633, "Service_Area_Type": "Residential Area", "Verification_Status": "", "Area_SqKM": 10.317559533934384}, "geometry": {"type": "Point", "coordinates": [-82.70364168261949, 34.79543853878844]}}, {"type": "Feature", "properties": {"PWSID": "SC3910004", "PWS_Name": "CLEMSON CITY OF (SC3910004)", "Primacy_Agency": "SC", "Population_Served_Count": 17896, "Service_Connections_Count": 10163, "Service_Area_Type": "Residential Area", "Verification_Status": "", "Area_SqKM": 24.59551003986399}, "geometry": {"type": "Point", "coordinates": [-82.82173095448013, 34.68469261182658]}}, {"type": "Feature", "properties": {"PWSID": "SC3910005", "PWS_Name": "CENTRAL TOWN OF (SC3910005)", "Primacy_Agency": "SC", "Population_Served_Count": 3495, "Service_Connections_Count": 2032, "Service_Area_Type": "Residential Area", "Verification_Status": "", "Area_SqKM": 14.259374859859859}, "geometry": {"type": "Point", "coordinates": [-82.7654295021134, 34.74177854989564]}}, {"type": "Feature", "properties": {"PWSID": "SC3920001", "PWS_Name": "EASLEY CENTRAL W/D #1 (SC3920001)", "Primacy_Agency": "SC", "Population_Served_Count": 2940, "Service_Connections_Count": 1307, "Service_Area_Type": "Residential Area", "Verification_Status": "", "Area_SqKM": 31.05254870315294}, "geometry": {"type": "Point", "coordinates": [-82.77001000747588, 34.767320364863174]}}, {"type": "Feature", "properties": {"PWSID": "SC3920002", "PWS_Name": "SIX MILE W/D (SC3920002)", "Primacy_Agency": "SC", "Population_Served_Count": 14845, "Service_Connections_Count": 6059, "Service_Area_Type": "Residential Area", "Verification_Status": "", "Area_SqKM": 34.76965317410368}, "geometry": {"type": "Point", "coordinates": [-82.82335937038498, 34.81536376295661]}}, {"type": "Feature", "properties": {"PWSID": "SC3920003", "PWS_Name": "BETHLEHEM-ROANOKE W/D (SC3920003)", "Primacy_Agency": "SC", "Population_Served_Count": 6334, "Service_Connections_Count": 2671, "Service_Area_Type": "Residential Area", "Verification_Status": "", "Area_SqKM": 27.41703780930728}, "geometry": {"type": "Point", "coordinates": [-82.69529712971692, 34.87065659527256]}}, {"type": "Feature", "properties": {"PWSID": "SC3920007", "PWS_Name": "EASLEY CENTRAL W/D #2 (SC3920007)", "Primacy_Agency": "SC", "Population_Served_Count": 3234, "Service_Connections_Count": 1426, "Service_Area_Type": "Residential Area", "Verification_Status": "", "Area_SqKM": 18.350890954621608}, "geometry": {"type": "Point", "coordinates": [-82.62171098268185, 34.814193708307876]}}, {"type": "Feature", "properties": {"PWSID": "SC3920008", "PWS_Name": "DACUSVILLE-CEDAR ROCK WT CO (SC3920008)", "Primacy_Agency": "SC", "Population_Served_Count": 8700, "Service_Connections_Count": 3657, "Service_Area_Type": "Residential Area", "Verification_Status": "", "Area_SqKM": 46.71061681904057}, "geometry": {"type": "Point", "coordinates": [-82.63655098717332, 34.89029134487434]}}, {"type": "Feature", "properties": {"PWSID": "SC3920010", "PWS_Name": "SOUTHSIDE W/D (3920010)", "Primacy_Agency": "SC", "Population_Served_Count": 9568, "Service_Connections_Count": 4213, "Service_Area_Type": "Residential Area", "Verification_Status": "", "Area_SqKM": 44.66021247010521}, "geometry": {"type": "Point", "coordinates": [-82.67736501563019, 34.78697111224194]}}, {"type": "Feature", "properties": {"PWSID": "SC3950004", "PWS_Name": "GAULEY FALLS W/S (SC3950004)", "Primacy_Agency": "SC", "Population_Served_Count": 36, "Service_Connections_Count": 17, "Service_Area_Type": "Residential Area", "Verification_Status": "", "Area_SqKM": 0.46389730421262704}, "geometry": {"type": "Point", "coordinates": [-82.75624024295378, 34.99502871437603]}}, {"type": "Feature", "properties": {"PWSID": "SC3950005", "PWS_Name": "RIVER BLUFF S/D (SC3950005)", "Primacy_Agency": "SC", "Population_Served_Count": 133, "Service_Connections_Count": 78, "Service_Area_Type": "Residential Area", "Verification_Status": "", "Area_SqKM": 0.5420692001321339}, "geometry": {"type": "Point", "coordinates": [-82.67240851428443, 35.05009889088812]}}, {"type": "Feature", "properties": {"PWSID": "SC3950007", "PWS_Name": "ROCK POINT HOA (SC3950007)", "Primacy_Agency": "SC", "Population_Served_Count": 70, "Service_Connections_Count": 35, "Service_Area_Type": "Residential Area", "Verification_Status": "", "Area_SqKM": 6.113922791877689}, "geometry": {"type": "Point", "coordinates": [-82.8107339295308, 34.94128428100153]}}, {"type": "Feature", "properties": {"PWSID": "SC3970300", "PWS_Name": "TABLE ROCK RESORT (SC3970300)", "Primacy_Agency": "SC", "Population_Served_Count": 33, "Service_Connections_Count": 38, "Service_Area_Type": "Other Residential", "Verification_Status": "", "Area_SqKM": 0.2917887737718769}, "geometry": {"type": "Point", "coordinates": [-82.7607238724232, 34.996868785506024]}}, {"type": "Feature", "properties": {"PWSID": "SC0110001", "PWS_Name": "ABBEVILLE CITY OF (0110001)", "Primacy_Agency": "SC", "Population_Served_Count": 5640, "Service_Connections_Count": 2689, "Service_Area_Type": "Residential Area", "Verification_Status": "", "Area_SqKM": 15.129306911117393}, "geometry": {"type": "Point", "coordinates": [-82.37510182689341, 34.176940909131794]}}, {"type": "Feature", "properties": {"PWSID": "SC0120001", "PWS_Name": "DONALDS-DUE WEST W&SA (SC0120001)", "Primacy_Agency": "SC", "Population_Served_Count": 5200, "Service_Connections_Count": 2547, "Service_Area_Type": "Residential Area", "Verification_Status": "", "Area_SqKM": 4.742350850341955}, "geometry": {"type": "Point", "coordinates": [-82.37771351320725, 34.33306241762806]}}, {"type": "Feature", "properties": {"PWSID": "SC0410003", "PWS_Name": "HONEA PATH TOWN OF (SC0410003)", "Primacy_Agency": "SC", "Population_Served_Count": 4386, "Service_Connections_Count": 1760, "Service_Area_Type": "Residential Area", "Verification_Status": "", "Area_SqKM": 9.778998960482951}, "geometry": {"type": "Point", "coordinates": [-82.3960491482023, 34.447404432546314]}}, {"type": "Feature", "properties": {"PWSID": "SC0410010", "PWS_Name": "WILLIAMSTON TOWN OF (0410010)", "Primacy_Agency": "SC", "Population_Served_Count": 6693, "Service_Connections_Count": 2582, "Service_Area_Type": "Residential Area", "Verification_Status": "", "Area_SqKM": 30.910058070099197}, "geometry": {"type": "Point", "coordinates": [-82.49400215897515, 34.60606552349138]}}, {"type": "Feature", "properties": {"PWSID": "SC0420002", "PWS_Name": "POWDERSVILLE WATER DISTRICT (SC0420002)", "Primacy_Agency": "SC", "Population_Served_Count": 34960, "Service_Connections_Count": 15019, "Service_Area_Type": "Residential Area", "Verification_Status": "", "Area_SqKM": 123.5642427432603}, "geometry": {"type": "Point", "coordinates": [-82.52194496766177, 34.74573846685788]}}, {"type": "Feature", "properties": {"PWSID": "SC0420009", "PWS_Name": "BIG CREEK W/S DISTRICT (0420009)", "Primacy_Agency": "SC", "Population_Served_Count": 13647, "Service_Connections_Count": 5468, "Service_Area_Type": "Residential Area", "Verification_Status": "", "Area_SqKM": 48.142108855794916}, "geometry": {"type": "Point", "coordinates": [-82.5126880314287, 34.66438205292149]}}, {"type": "Feature", "properties": {"PWSID": "SC0450016", "PWS_Name": "BGWC BELLE MEAD ACRES (SC0450016)", "Primacy_Agency": "SC", "Population_Served_Count": 175, "Service_Connections_Count": 69, "Service_Area_Type": "Residential Area", "Verification_Status": "", "Area_SqKM": 0.07182776514093393}, "geometry": {"type": "Point", "coordinates": [-82.40997786660877, 34.68178661679813]}}, {"type": "Feature", "properties": {"PWSID": "SC0450063", "PWS_Name": "BGWC HAYNIE BUILDERS (SC0450063)", "Primacy_Agency": "SC", "Population_Served_Count": 270, "Service_Connections_Count": 109, "Service_Area_Type": "Residential Area", "Verification_Status": "", "Area_SqKM": 1.3474586897893321}, "geometry": {"type": "Point", "coordinates": [-82.52109805690674, 34.51606846580086]}}, {"type": "Feature", "properties": {"PWSID": "SC0450065", "PWS_Name": "BGWC LAKEWOOD (SC0450065)", "Primacy_Agency": "SC", "Population_Served_Count": 183, "Service_Connections_Count": 72, "Service_Area_Type": "Residential Area", "Verification_Status": "", "Area_SqKM": 0.5972841550813978}, "geometry": {"type": "Point", "coordinates": [-82.38958971681, 34.722091128617144]}}, {"type": "Feature", "properties": {"PWSID": "SC2320004", "PWS_Name": "MARIETTA W/D (2320004)", "Primacy_Agency": "SC", "Population_Served_Count": 3255, "Service_Connections_Count": 1349, "Service_Area_Type": "Residential Area", "Verification_Status": "", "Area_SqKM": 16.87409836460228}, "geometry": {"type": "Point", "coordinates": [-82.51242967472803, 35.02367448867222]}}, {"type": "Feature", "properties": {"PWSID": "SC2350013", "PWS_Name": "BGWC WOODMONT ESTATE (2350013)", "Primacy_Agency": "SC", "Population_Served_Count": 59, "Service_Connections_Count": 23, "Service_Area_Type": "Residential Area", "Verification_Status": "", "Area_SqKM": 4.400412947863966}, "geometry": {"type": "Point", "coordinates": [-82.43166897300974, 34.72175104866681]}}, {"type": "Feature", "properties": {"PWSID": "SC3910002", "PWS_Name": "EASLEY COMBINED UTIL (SC3910002)", "Primacy_Agency": "SC", "Population_Served_Count": 33356, "Service_Connections_Count": 18016, "Service_Area_Type": "Wholesaler of Water", "Verification_Status": "", "Area_SqKM": 72.36140805339964}, "geometry": {"type": "Point", "coordinates": [-82.54081132958892, 34.83262685984396]}}, {"type": "Feature", "properties": {"PWSID": "SC2310001", "PWS_Name": "GREENVILLE WATER (2310001)", "Primacy_Agency": "SC", "Population_Served_Count": 396265, "Service_Connections_Count": 187695, "Service_Area_Type": "Residential Area", "Verification_Status": "", "Area_SqKM": 1288.5605788565001}, "geometry": {"type": "Point", "coordinates": [-82.40507854256886, 34.84375983847779]}}, {"type": "Feature", "properties": {"PWSID": "SC0410011", "PWS_Name": "BELTON-HONEA PATH WA (SC0410011)", "Primacy_Agency": "SC", "Population_Served_Count": 2277, "Service_Connections_Count": 925, "Service_Area_Type": "Wholesaler of Water", "Verification_Status": "", "Area_SqKM": 2.5267299804864445}, "geometry": {"type": "Point", "coordinates": [-82.3048708966081, 34.62644342702573]}}, {"type": "Feature", "properties": {"PWSID": "SC0450004", "PWS_Name": "BGWC EDGEBROOK (0450004)", "Primacy_Agency": "SC", "Population_Served_Count": 48, "Service_Connections_Count": 19, "Service_Area_Type": "Residential Area", "Verification_Status": "", "Area_SqKM": 0.037003360724119944}, "geometry": {"type": "Point", "coordinates": [-82.3522461324678, 34.75403064600012]}}, {"type": "Feature", "properties": {"PWSID": "SC0450033", "PWS_Name": "BGWC BRIDGEWATER (0450033)", "Primacy_Agency": "SC", "Population_Served_Count": 270, "Service_Connections_Count": 106, "Service_Area_Type": "Residential Area", "Verification_Status": "", "Area_SqKM": 0.06520895345765329}, "geometry": {"type": "Point", "coordinates": [-82.22099087905163, 34.901794544194495]}}, {"type": "Feature", "properties": {"PWSID": "SC1920001", "PWS_Name": "EDGEFIELD CO W&SA (1920001)", "Primacy_Agency": "SC", "Population_Served_Count": 29200, "Service_Connections_Count": 11711, "Service_Area_Type": "Wholesaler of Water", "Verification_Status": "", "Area_SqKM": 10.070298963570586}, "geometry": {"type": "Point", "coordinates": [-81.92049716978879, 33.789726668028756]}}, {"type": "Feature", "properties": {"PWSID": "SC1960002", "PWS_Name": "LONG CANE MHP (SC1960002)", "Primacy_Agency": "SC", "Population_Served_Count": 48, "Service_Connections_Count": 18, "Service_Area_Type": "Mobile Home Park", "Verification_Status": "", "Area_SqKM": 0.21799221817382147}, "geometry": {"type": "Point", "coordinates": [-81.79898536348387, 33.823941625781565]}}, {"type": "Feature", "properties": {"PWSID": "SC2310005", "PWS_Name": "GREER CPW (SC2310005)", "Primacy_Agency": "SC", "Population_Served_Count": 53602, "Service_Connections_Count": 23248, "Service_Area_Type": "Wholesaler of Water", "Verification_Status": "", "Area_SqKM": 107.5557491276589}, "geometry": {"type": "Point", "coordinates": [-82.24414695493752, 34.91432365952133]}}, {"type": "Feature", "properties": {"PWSID": "SC2320003", "PWS_Name": "BLUE RIDGE WATER CO INC (SC2320003)", "Primacy_Agency": "SC", "Population_Served_Count": 40006, "Service_Connections_Count": 15594, "Service_Area_Type": "Residential Area", "Verification_Status": "", "Area_SqKM": 49.21195798453888}, "geometry": {"type": "Point", "coordinates": [-82.29141927690607, 34.98442554022078]}}, {"type": "Feature", "properties": {"PWSID": "SC2350011", "PWS_Name": "BGWC KINGSWOOD S/D (SC2350011)", "Primacy_Agency": "SC", "Population_Served_Count": 77, "Service_Connections_Count": 30, "Service_Area_Type": "Residential Area", "Verification_Status": "", "Area_SqKM": 1.9501716806342078}, "geometry": {"type": "Point", "coordinates": [-82.16472986965637, 34.78829931515706]}}, {"type": "Feature", "properties": {"PWSID": "SC2350023", "PWS_Name": "CLIFFS AT GLASSY THE (SC2350023)", "Primacy_Agency": "SC", "Population_Served_Count": 1195, "Service_Connections_Count": 440, "Service_Area_Type": "Residential Area", "Verification_Status": "", "Area_SqKM": 14.361378723527087}, "geometry": {"type": "Point", "coordinates": [-82.29572847033631, 34.92629766965119]}}, {"type": "Feature", "properties": {"PWSID": "SC2410001", "PWS_Name": "GREENWOOD CPW (2410001)", "Primacy_Agency": "SC", "Population_Served_Count": 49632, "Service_Connections_Count": 22997, "Service_Area_Type": "Wholesaler of Water", "Verification_Status": "", "Area_SqKM": 85.91202269242915}, "geometry": {"type": "Point", "coordinates": [-82.14259054919386, 34.20748389144643]}}, {"type": "Feature", "properties": {"PWSID": "SC2410002", "PWS_Name": "NINETY SIX CPW (SC2410002)", "Primacy_Agency": "SC", "Population_Served_Count": 2880, "Service_Connections_Count": 1647, "Service_Area_Type": "Residential Area", "Verification_Status": "", "Area_SqKM": 6.063002606374058}, "geometry": {"type": "Point", "coordinates": [-82.02660237057817, 34.176134854455526]}}, {"type": "Feature", "properties": {"PWSID": "SC2410003", "PWS_Name": "WARE SHOALS TOWN OF (SC2410003)", "Primacy_Agency": "SC", "Population_Served_Count": 3174, "Service_Connections_Count": 1585, "Service_Area_Type": "Residential Area", "Verification_Status": "", "Area_SqKM": 18.87074582007545}, "geometry": {"type": "Point", "coordinates": [-82.25482084353386, 34.406783803684576]}}, {"type": "Feature", "properties": {"PWSID": "SC2450021", "PWS_Name": "MATHEWS HEIGHTS (SC2450021)", "Primacy_Agency": "SC", "Population_Served_Count": 73, "Service_Connections_Count": 30, "Service_Area_Type": "Residential Area", "Verification_Status": "", "Area_SqKM": 0.18066969236294536}, "geometry": {"type": "Point", "coordinates": [-82.13560908838107, 34.142618041848756]}}, {"type": "Feature", "properties": {"PWSID": "SC3010001", "PWS_Name": "LAURENS CPW (SC3010001)", "Primacy_Agency": "SC", "Population_Served_Count": 13902, "Service_Connections_Count": 6435, "Service_Area_Type": "Wholesaler of Water", "Verification_Status": "", "Area_SqKM": 11.582521584659299}, "geometry": {"type": "Point", "coordinates": [-81.98934037628395, 34.51301754705445]}}, {"type": "Feature", "properties": {"PWSID": "SC3010002", "PWS_Name": "CLINTON CITY OF (3010002)", "Primacy_Agency": "SC", "Population_Served_Count": 8938, "Service_Connections_Count": 4226, "Service_Area_Type": "Residential Area", "Verification_Status": "", "Area_SqKM": 43.33280652401777}, "geometry": {"type": "Point", "coordinates": [-81.88533794197429, 34.480208642814254]}}, {"type": "Feature", "properties": {"PWSID": "SC3010003", "PWS_Name": "GRAY COURT TOWN OF", "Primacy_Agency": "SC", "Population_Served_Count": 0, "Service_Connections_Count": 421, "Service_Area_Type": "Residential Area", "Verification_Status": "", "Area_SqKM": 12.013504695486391}, "geometry": {"type": "Point", "coordinates": [-82.10819026176986, 34.613985462784214]}}, {"type": "Feature", "properties": {"PWSID": "SC3020001", "PWS_Name": "LAURENS COUNTY W&S COMM (SC3020001)", "Primacy_Agency": "SC", "Population_Served_Count": 36314, "Service_Connections_Count": 15580, "Service_Area_Type": "Residential Area", "Verification_Status": "", "Area_SqKM": 143.66705209213112}, "geometry": {"type": "Point", "coordinates": [-82.18976171967249, 34.64332126799519]}}, {"type": "Feature", "properties": {"PWSID": "SC3050008", "PWS_Name": "RANCH ROAD WATER (SC3050008)", "Primacy_Agency": "SC", "Population_Served_Count": 40, "Service_Connections_Count": 25, "Service_Area_Type": "Residential Area", "Verification_Status": "", "Area_SqKM": 0.354395151647253}, "geometry": {"type": "Point", "coordinates": [-82.00486809054891, 34.521568152607415]}}, {"type": "Feature", "properties": {"PWSID": "SC3050013", "PWS_Name": "SUNSET POINTE S/D (SC3050013)", "Primacy_Agency": "SC", "Population_Served_Count": 60, "Service_Connections_Count": 26, "Service_Area_Type": "Residential Area", "Verification_Status": "", "Area_SqKM": 0.2606414850161048}, "geometry": {"type": "Point", "coordinates": [-82.27334676667179, 34.69501093421458]}}, {"type": "Feature", "properties": {"PWSID": "SC3510001", "PWS_Name": "MCCORMICK CPW (3510001)", "Primacy_Agency": "SC", "Population_Served_Count": 1818, "Service_Connections_Count": 901, "Service_Area_Type": "Residential Area", "Verification_Status": "", "Area_SqKM": 14.516875389477809}, "geometry": {"type": "Point", "coordinates": [-82.33925636050205, 33.88057428344587]}}, {"type": "Feature", "properties": {"PWSID": "SC3520002", "PWS_Name": "MCCORMICK CO W&SA (SC3520002)", "Primacy_Agency": "SC", "Population_Served_Count": 8500, "Service_Connections_Count": 11468, "Service_Area_Type": "Wholesaler of Water", "Verification_Status": "", "Area_SqKM": 7.986140580327013}, "geometry": {"type": "Point", "coordinates": [-82.32701599958169, 33.84783265855843]}}, {"type": "Feature", "properties": {"PWSID": "SC4110001", "PWS_Name": "SALUDA CPW (SC4110001)", "Primacy_Agency": "SC", "Population_Served_Count": 3390, "Service_Connections_Count": 1507, "Service_Area_Type": "Residential Area", "Verification_Status": "", "Area_SqKM": 6.991307173004887}, "geometry": {"type": "Point", "coordinates": [-81.77595131487364, 34.0034601176839]}}, {"type": "Feature", "properties": {"PWSID": "SC4120001", "PWS_Name": "SALUDA CO W&S AUTHORITY (4120001)", "Primacy_Agency": "SC", "Population_Served_Count": 4535, "Service_Connections_Count": 1555, "Service_Area_Type": "Residential Area", "Verification_Status": "", "Area_SqKM": 6.9494380540582625}, "geometry": {"type": "Point", "coordinates": [-81.7773885546897, 34.002505218170725]}}, {"type": "Feature", "properties": {"PWSID": "SC4220002", "PWS_Name": "INMAN CAMPOBELLO W/D (4220002)", "Primacy_Agency": "SC", "Population_Served_Count": 36685, "Service_Connections_Count": 15452, "Service_Area_Type": "Residential Area", "Verification_Status": "", "Area_SqKM": 60.86936158437163}, "geometry": {"type": "Point", "coordinates": [-82.1057691051718, 35.03042192870576]}}, {"type": "Feature", "properties": {"PWSID": "SC4160011", "PWS_Name": "RICHARD DEASON MHP (SC4160011)", "Primacy_Agency": "SC", "Population_Served_Count": 55, "Service_Connections_Count": 20, "Service_Area_Type": "Mobile Home Park", "Verification_Status": "", "Area_SqKM": 0.04074960176296118}, "geometry": {"type": "Point", "coordinates": [-81.85122393364888, 34.06962941675203]}}, {"type": "Feature", "properties": {"PWSID": "SC0310001", "PWS_Name": "ALLENDALE TOWN OF (SC0310001)", "Primacy_Agency": "SC", "Population_Served_Count": 3882, "Service_Connections_Count": 2151, "Service_Area_Type": "Residential Area", "Verification_Status": "", "Area_SqKM": 8.326783004752036}, "geometry": {"type": "Point", "coordinates": [-81.31082812107533, 33.01328862266434]}}, {"type": "Feature", "properties": {"PWSID": "SC3260138", "PWS_Name": "SUNNYVALE MHP (SC3260138)", "Primacy_Agency": "SC", "Population_Served_Count": 65, "Service_Connections_Count": 24, "Service_Area_Type": "Mobile Home Park", "Verification_Status": "", "Area_SqKM": 0.020636309543247047}, "geometry": {"type": "Point", "coordinates": [-81.2102947333064, 33.89943295011173]}}, {"type": "Feature", "properties": {"PWSID": "SC3260140", "PWS_Name": "HIDDEN OAKS MHP (SC3260140)", "Primacy_Agency": "SC", "Population_Served_Count": 40, "Service_Connections_Count": 23, "Service_Area_Type": "Mobile Home Park", "Verification_Status": "", "Area_SqKM": 0.028735564653292}, "geometry": {"type": "Point", "coordinates": [-81.202885833534, 33.90989411675423]}}, {"type": "Feature", "properties": {"PWSID": "SC3260164", "PWS_Name": "BASIN ROCK MHP (SC3260164)", "Primacy_Agency": "SC", "Population_Served_Count": 190, "Service_Connections_Count": 87, "Service_Area_Type": "Mobile Home Park", "Verification_Status": "", "Area_SqKM": 0.07596366985314676}, "geometry": {"type": "Point", "coordinates": [-81.2464531537724, 33.89612425612337]}}, {"type": "Feature", "properties": {"PWSID": "SC0750036", "PWS_Name": "DAUFUSKIE ISL UTIL-HAIG POINT (0750036)", "Primacy_Agency": "SC", "Population_Served_Count": 608, "Service_Connections_Count": 491, "Service_Area_Type": "Residential Area", "Verification_Status": "", "Area_SqKM": 0.26027523035525185}, "geometry": {"type": "Point", "coordinates": [-80.88616236531192, 32.10885007761731]}}, {"type": "Feature", "properties": {"PWSID": "SC3260207", "PWS_Name": "HIDDEN ACRES MHP (SC3260207)", "Primacy_Agency": "SC", "Population_Served_Count": 74, "Service_Connections_Count": 43, "Service_Area_Type": "Mobile Home Park", "Verification_Status": "", "Area_SqKM": 0.012220215665004017}, "geometry": {"type": "Point", "coordinates": [-81.12818804987349, 33.90107110006102]}}, {"type": "Feature", "properties": {"PWSID": "SC3260170", "PWS_Name": "REGENCY SQUARE 2 (SC3260170)", "Primacy_Agency": "SC", "Population_Served_Count": 99, "Service_Connections_Count": 33, "Service_Area_Type": "Mobile Home Park", "Verification_Status": "", "Area_SqKM": 0.4135988789109993}, "geometry": {"type": "Point", "coordinates": [-81.2051544930169, 33.90200111757703]}}, {"type": "Feature", "properties": {"PWSID": "SC3260157", "PWS_Name": "PINE RIDGE MHP (SC3260157)", "Primacy_Agency": "SC", "Population_Served_Count": 100, "Service_Connections_Count": 38, "Service_Area_Type": "Mobile Home Park", "Verification_Status": "", "Area_SqKM": 0.17318481979060027}, "geometry": {"type": "Point", "coordinates": [-81.11181851875055, 33.885436583073556]}}, {"type": "Feature", "properties": {"PWSID": "SC3260104", "PWS_Name": "HILLVIEW MHP (SC3260104)", "Primacy_Agency": "SC", "Population_Served_Count": 96, "Service_Connections_Count": 39, "Service_Area_Type": "Mobile Home Park", "Verification_Status": "", "Area_SqKM": 0.03503869807396245}, "geometry": {"type": "Point", "coordinates": [-81.19060525456953, 33.9172685089755]}}, {"type": "Feature", "properties": {"PWSID": "SC3260059", "PWS_Name": "MCGREGOR DOWNS (SC3260059)", "Primacy_Agency": "SC", "Population_Served_Count": 626, "Service_Connections_Count": 232, "Service_Area_Type": "Mobile Home Park", "Verification_Status": "", "Area_SqKM": 0.09129059109696602}, "geometry": {"type": "Point", "coordinates": [-81.12802363820029, 33.98036849706054]}}, {"type": "Feature", "properties": {"PWSID": "SC3260049", "PWS_Name": "TRIPLE ACRES MHP 1 (SC3260049)", "Primacy_Agency": "SC", "Population_Served_Count": 38, "Service_Connections_Count": 20, "Service_Area_Type": "Mobile Home Park", "Verification_Status": "", "Area_SqKM": 0.1894639190282401}, "geometry": {"type": "Point", "coordinates": [-81.13592900914551, 33.92466029092749]}}, {"type": "Feature", "properties": {"PWSID": "SC3260027", "PWS_Name": "ROLLING MEADOWS MHP (3260027)", "Primacy_Agency": "SC", "Population_Served_Count": 1056, "Service_Connections_Count": 295, "Service_Area_Type": "Mobile Home Park", "Verification_Status": "", "Area_SqKM": 0.250860340170217}, "geometry": {"type": "Point", "coordinates": [-81.04359154412458, 33.88663904694604]}}, {"type": "Feature", "properties": {"PWSID": "SC3260022", "PWS_Name": "SILVER LAKE MHP (SC3260022)", "Primacy_Agency": "SC", "Population_Served_Count": 122, "Service_Connections_Count": 92, "Service_Area_Type": "Mobile Home Park", "Verification_Status": "", "Area_SqKM": 0.018749201943441155}, "geometry": {"type": "Point", "coordinates": [-81.04545199990392, 33.87871045711546]}}, {"type": "Feature", "properties": {"PWSID": "SC3250057", "PWS_Name": "BGWC WINDY HILL (SC3250057)", "Primacy_Agency": "SC", "Population_Served_Count": 375, "Service_Connections_Count": 145, "Service_Area_Type": "Residential Area", "Verification_Status": "", "Area_SqKM": 0.9408318729811483}, "geometry": {"type": "Point", "coordinates": [-81.25009441519795, 33.93215137485464]}}, {"type": "Feature", "properties": {"PWSID": "SC3250052", "PWS_Name": "BGWC ROLLINGWOOD (SC3250052)", "Primacy_Agency": "SC", "Population_Served_Count": 493, "Service_Connections_Count": 190, "Service_Area_Type": "Residential Area", "Verification_Status": "", "Area_SqKM": 0.050639935176187596}, "geometry": {"type": "Point", "coordinates": [-81.27721561585996, 34.00847923167807]}}, {"type": "Feature", "properties": {"PWSID": "SC3250051", "PWS_Name": "BGWC INDIAN PINES (SC3250051)", "Primacy_Agency": "SC", "Population_Served_Count": 43, "Service_Connections_Count": 17, "Service_Area_Type": "Residential Area", "Verification_Status": "", "Area_SqKM": 0.09257584027609227}, "geometry": {"type": "Point", "coordinates": [-81.16085327503963, 33.9603051500853]}}, {"type": "Feature", "properties": {"PWSID": "SC3250029", "PWS_Name": "BGWC PARKWOOD S/D (3250029)", "Primacy_Agency": "SC", "Population_Served_Count": 311, "Service_Connections_Count": 123, "Service_Area_Type": "Residential Area", "Verification_Status": "", "Area_SqKM": 0.5385187004772561}, "geometry": {"type": "Point", "coordinates": [-81.15023706984493, 33.96543881781874]}}, {"type": "Feature", "properties": {"PWSID": "SC3250028", "PWS_Name": "BGWC DUTCHMAN ACRES (SC3250028)", "Primacy_Agency": "SC", "Population_Served_Count": 60, "Service_Connections_Count": 24, "Service_Area_Type": "Residential Area", "Verification_Status": "", "Area_SqKM": 0.06095344077111881}, "geometry": {"type": "Point", "coordinates": [-81.14266747391686, 33.9248182521704]}}, {"type": "Feature", "properties": {"PWSID": "SC3250027", "PWS_Name": "BGWC VANARSDALE S/D (3250027)", "Primacy_Agency": "SC", "Population_Served_Count": 509, "Service_Connections_Count": 201, "Service_Area_Type": "Residential Area", "Verification_Status": "", "Area_SqKM": 0.09274820444302152}, "geometry": {"type": "Point", "coordinates": [-81.1443740753147, 34.00367486448793]}}, {"type": "Feature", "properties": {"PWSID": "SC3250023", "PWS_Name": "BGWC TANYA TERRACE (SC3250023)", "Primacy_Agency": "SC", "Population_Served_Count": 54, "Service_Connections_Count": 22, "Service_Area_Type": "Residential Area", "Verification_Status": "", "Area_SqKM": 0.2152842789215784}, "geometry": {"type": "Point", "coordinates": [-81.20769574611228, 33.93731010765059]}}, {"type": "Feature", "properties": {"PWSID": "SC4060014", "PWS_Name": "MEADOW LANE MHP (SC4060014)", "Primacy_Agency": "SC", "Population_Served_Count": 70, "Service_Connections_Count": 35, "Service_Area_Type": "Interstate Carrier", "Verification_Status": "", "Area_SqKM": 0.034507161166520056}, "geometry": {"type": "Point", "coordinates": [-80.84185014735309, 33.95064965256821]}}, {"type": "Feature", "properties": {"PWSID": "SC0920002", "PWS_Name": "UPPER CALHOUN/SANDY RUN (SC0920002)", "Primacy_Agency": "SC", "Population_Served_Count": 1247, "Service_Connections_Count": 606, "Service_Area_Type": "Residential Area", "Verification_Status": "", "Area_SqKM": 0.2687186834316102}, "geometry": {"type": "Point", "coordinates": [-80.99196517619627, 33.80988611184188]}}, {"type": "Feature", "properties": {"PWSID": "SC0220010", "PWS_Name": "NEW HOLLAND W/D (SC0220010)", "Primacy_Agency": "SC", "Population_Served_Count": 301, "Service_Connections_Count": 124, "Service_Area_Type": "Residential Area", "Verification_Status": "", "Area_SqKM": 0.17222850378965834}, "geometry": {"type": "Point", "coordinates": [-81.49771943027157, 33.69251643935441]}}, {"type": "Feature", "properties": {"PWSID": "SC3810010", "PWS_Name": "NORTH TOWN OF (SC3810010)", "Primacy_Agency": "SC", "Population_Served_Count": 1378, "Service_Connections_Count": 575, "Service_Area_Type": "Residential Area", "Verification_Status": "", "Area_SqKM": 4.52264400204738}, "geometry": {"type": "Point", "coordinates": [-81.10384975806237, 33.614526053051335]}}, {"type": "Feature", "properties": {"PWSID": "SC3810009", "PWS_Name": "SPRINGFIELD TOWN OF (SC3810009)", "Primacy_Agency": "SC", "Population_Served_Count": 700, "Service_Connections_Count": 309, "Service_Area_Type": "Residential Area", "Verification_Status": "", "Area_SqKM": 2.7268716865809397}, "geometry": {"type": "Point", "coordinates": [-81.28193527291633, 33.49539398061932]}}, {"type": "Feature", "properties": {"PWSID": "SC0610004", "PWS_Name": "HILDA TOWN OF (SC0610004)", "Primacy_Agency": "SC", "Population_Served_Count": 318, "Service_Connections_Count": 138, "Service_Area_Type": "Residential Area", "Verification_Status": "", "Area_SqKM": 1.0570745563332264}, "geometry": {"type": "Point", "coordinates": [-81.24802759606652, 33.272139961959326]}}, {"type": "Feature", "properties": {"PWSID": "SC0610003", "PWS_Name": "BLACKVILLE TOWN OF (SC0610003)", "Primacy_Agency": "SC", "Population_Served_Count": 1934, "Service_Connections_Count": 889, "Service_Area_Type": "Residential Area", "Verification_Status": "", "Area_SqKM": 8.522795768009601}, "geometry": {"type": "Point", "coordinates": [-81.27162505705164, 33.36036102496424]}}, {"type": "Feature", "properties": {"PWSID": "SC0610002", "PWS_Name": "WILLISTON TOWN OF (SC0610002)", "Primacy_Agency": "SC", "Population_Served_Count": 3251, "Service_Connections_Count": 1435, "Service_Area_Type": "Residential Area", "Verification_Status": "", "Area_SqKM": 12.697625742436685}, "geometry": {"type": "Point", "coordinates": [-81.42017876598334, 33.40366603796397]}}, {"type": "Feature", "properties": {"PWSID": "SC0610001", "PWS_Name": "BARNWELL TOWN OF (SC0610001)", "Primacy_Agency": "SC", "Population_Served_Count": 4693, "Service_Connections_Count": 2088, "Service_Area_Type": "Residential Area", "Verification_Status": "", "Area_SqKM": 18.212692485858415}, "geometry": {"type": "Point", "coordinates": [-81.35902316282187, 33.246382089700525]}}, {"type": "Feature", "properties": {"PWSID": "SC0310004", "PWS_Name": "FAIRFAX TOWN OF (SC0310004)", "Primacy_Agency": "SC", "Population_Served_Count": 1962, "Service_Connections_Count": 837, "Service_Area_Type": "Residential Area", "Verification_Status": "", "Area_SqKM": 6.866399371835995}, "geometry": {"type": "Point", "coordinates": [-81.23918438339518, 32.95577475643329]}}, {"type": "Feature", "properties": {"PWSID": "SC0210007", "PWS_Name": "NEW ELLENTON CPW (SC0210007)", "Primacy_Agency": "SC", "Population_Served_Count": 7277, "Service_Connections_Count": 3102, "Service_Area_Type": "Residential Area", "Verification_Status": "", "Area_SqKM": 19.42732629040486}, "geometry": {"type": "Point", "coordinates": [-81.70012959054259, 33.42185369497094]}}, {"type": "Feature", "properties": {"PWSID": "SC0210006", "PWS_Name": "PERRY TOWN OF (0210006)", "Primacy_Agency": "SC", "Population_Served_Count": 784, "Service_Connections_Count": 328, "Service_Area_Type": "Residential Area", "Verification_Status": "", "Area_SqKM": 3.5893329495087674}, "geometry": {"type": "Point", "coordinates": [-81.31073947546888, 33.64172015496957]}}, {"type": "Feature", "properties": {"PWSID": "SC0920001", "PWS_Name": "UPPER CALHOUN/BELLEVILLE (0920001)", "Primacy_Agency": "SC", "Population_Served_Count": 1779, "Service_Connections_Count": 781, "Service_Area_Type": "Residential Area", "Verification_Status": "", "Area_SqKM": 0.25078936863944684}, "geometry": {"type": "Point", "coordinates": [-80.8739030084946, 33.65001739369306]}}, {"type": "Feature", "properties": {"PWSID": "SC1510001", "PWS_Name": "LODGE TOWN OF (1510001)", "Primacy_Agency": "SC", "Population_Served_Count": 121, "Service_Connections_Count": 49, "Service_Area_Type": "Residential Area", "Verification_Status": "", "Area_SqKM": 0.17328167646734036}, "geometry": {"type": "Point", "coordinates": [-80.95879481243605, 33.04791057501844]}}, {"type": "Feature", "properties": {"PWSID": "SC1510003", "PWS_Name": "WILLIAMS TOWN OF (SC1510003)", "Primacy_Agency": "SC", "Population_Served_Count": 103, "Service_Connections_Count": 65, "Service_Area_Type": "Residential Area", "Verification_Status": "", "Area_SqKM": 0.8233995180961504}, "geometry": {"type": "Point", "coordinates": [-80.84331126566254, 33.03458710699423]}}, {"type": "Feature", "properties": {"PWSID": "SC2750031", "PWS_Name": "BJW&SA PALM KEY (2750031)", "Primacy_Agency": "SC", "Population_Served_Count": 153, "Service_Connections_Count": 58, "Service_Area_Type": "Residential Area", "Verification_Status": "", "Area_SqKM": 0.013951498247567359}, "geometry": {"type": "Point", "coordinates": [-80.87040947484556, 32.53048025834991]}}, {"type": "Feature", "properties": {"PWSID": "SC4060038", "PWS_Name": "RICHLAND ESTATES (SC4060038)", "Primacy_Agency": "SC", "Population_Served_Count": 90, "Service_Connections_Count": 36, "Service_Area_Type": "Mobile Home Park", "Verification_Status": "", "Area_SqKM": 2.306701194383046}, "geometry": {"type": "Point", "coordinates": [-80.85334010409194, 33.98713160738771]}}, {"type": "Feature", "properties": {"PWSID": "SC0320002", "PWS_Name": "ALLENDALE INDUSTRIAL PARK (SC0320002)", "Primacy_Agency": "SC", "Population_Served_Count": 2694, "Service_Connections_Count": 16, "Service_Area_Type": "Other Non-transient Area", "Verification_Status": "", "Area_SqKM": 9.76816249662124}, "geometry": {"type": "Point", "coordinates": [-81.3109179416407, 33.01088070022884]}}, {"type": "Feature", "properties": {"PWSID": "SC2510008", "PWS_Name": "SCOTIA TOWN OF (SC2510008)", "Primacy_Agency": "SC", "Population_Served_Count": 161, "Service_Connections_Count": 67, "Service_Area_Type": "Residential Area", "Verification_Status": "", "Area_SqKM": 0.02615218087774508}, "geometry": {"type": "Point", "coordinates": [-81.24265919986108, 32.681575700109946]}}, {"type": "Feature", "properties": {"PWSID": "SC3260081", "PWS_Name": "SCENIC DRIVE MHP (SC3260081)", "Primacy_Agency": "SC", "Population_Served_Count": 50, "Service_Connections_Count": 15, "Service_Area_Type": "Mobile Home Park", "Verification_Status": "", "Area_SqKM": 0.007997789963996364}, "geometry": {"type": "Point", "coordinates": [-81.16642316015664, 33.88766311994056]}}, {"type": "Feature", "properties": {"PWSID": "SC3260127", "PWS_Name": "HIDEAWAY MHP (3260127)", "Primacy_Agency": "SC", "Population_Served_Count": 35, "Service_Connections_Count": 19, "Service_Area_Type": "Mobile Home Park", "Verification_Status": "", "Area_SqKM": 0.009002781692985932}, "geometry": {"type": "Point", "coordinates": [-81.20860984019382, 33.912791220166625]}}, {"type": "Feature", "properties": {"PWSID": "SC3260147", "PWS_Name": "PLEASANT RIDGE MHP (SC3260147)", "Primacy_Agency": "SC", "Population_Served_Count": 22, "Service_Connections_Count": 19, "Service_Area_Type": "Mobile Home Park", "Verification_Status": "", "Area_SqKM": 0.010973455643275539}, "geometry": {"type": "Point", "coordinates": [-81.1451101999275, 33.90566027990588]}}, {"type": "Feature", "properties": {"PWSID": "SC3260050", "PWS_Name": "MILLS MHP 1&2 (SC3260050)", "Primacy_Agency": "SC", "Population_Served_Count": 25, "Service_Connections_Count": 20, "Service_Area_Type": "Mobile Home Park", "Verification_Status": "", "Area_SqKM": 0.012762013239219666}, "geometry": {"type": "Point", "coordinates": [-81.2660128995724, 33.98033648013262]}}, {"type": "Feature", "properties": {"PWSID": "SC3260187", "PWS_Name": "COUNTRY PARK (SC3260187)", "Primacy_Agency": "SC", "Population_Served_Count": 36, "Service_Connections_Count": 26, "Service_Area_Type": "Mobile Home Park", "Verification_Status": "", "Area_SqKM": 0.014051554926328836}, "geometry": {"type": "Point", "coordinates": [-81.18804484996896, 33.87100415021665]}}, {"type": "Feature", "properties": {"PWSID": "SC3260183", "PWS_Name": "SAND MOUNTAIN MHP (SC3260183)", "Primacy_Agency": "SC", "Population_Served_Count": 40, "Service_Connections_Count": 20, "Service_Area_Type": "Mobile Home Park", "Verification_Status": "", "Area_SqKM": 0.017217980422023944}, "geometry": {"type": "Point", "coordinates": [-81.13289663342944, 33.865806366608304]}}, {"type": "Feature", "properties": {"PWSID": "SC3260090", "PWS_Name": "HALTER ACRES MHP (SC3260090)", "Primacy_Agency": "SC", "Population_Served_Count": 90, "Service_Connections_Count": 85, "Service_Area_Type": "Mobile Home Park", "Verification_Status": "", "Area_SqKM": 0.030553539109670885}, "geometry": {"type": "Point", "coordinates": [-81.14703668762948, 33.8838111623416]}}, {"type": "Feature", "properties": {"PWSID": "SC3260189", "PWS_Name": "HERMITAGE MHP (SC3260189)", "Primacy_Agency": "SC", "Population_Served_Count": 100, "Service_Connections_Count": 49, "Service_Area_Type": "Mobile Home Park", "Verification_Status": "", "Area_SqKM": 0.06486259923099005}, "geometry": {"type": "Point", "coordinates": [-81.29262816649963, 33.96854131652513]}}, {"type": "Feature", "properties": {"PWSID": "SC4110002", "PWS_Name": "RIDGE SPRING TOWN OF (SC4110002)", "Primacy_Agency": "SC", "Population_Served_Count": 1575, "Service_Connections_Count": 581, "Service_Area_Type": "Residential Area", "Verification_Status": "", "Area_SqKM": 4.461779940680834}, "geometry": {"type": "Point", "coordinates": [-81.65766548158345, 33.84384416796516]}}, {"type": "Feature", "properties": {"PWSID": "SC3260029", "PWS_Name": "TRIPLE ACRES MHP 2 (SC3260029)", "Primacy_Agency": "SC", "Population_Served_Count": 29, "Service_Connections_Count": 20, "Service_Area_Type": "Mobile Home Park", "Verification_Status": "", "Area_SqKM": 0.9882879455300991}, "geometry": {"type": "Point", "coordinates": [-81.16215501804946, 33.88828724498642]}}, {"type": "Feature", "properties": {"PWSID": "SC3250105", "PWS_Name": "RIDGE POINTE S/D (SC3250105)", "Primacy_Agency": "SC", "Population_Served_Count": 170, "Service_Connections_Count": 127, "Service_Area_Type": "Other Residential", "Verification_Status": "", "Area_SqKM": 6.921064694869773}, "geometry": {"type": "Point", "coordinates": [-81.14820505424873, 33.86002062115685]}}, {"type": "Feature", "properties": {"PWSID": "SC3250099", "PWS_Name": "ROCKFORD PLACE-CHARWOOD (3250099)", "Primacy_Agency": "SC", "Population_Served_Count": 174, "Service_Connections_Count": 87, "Service_Area_Type": "Residential Area", "Verification_Status": "", "Area_SqKM": 0.06701782086469116}, "geometry": {"type": "Point", "coordinates": [-81.11442754064927, 33.90873308145819]}}, {"type": "Feature", "properties": {"PWSID": "SC3250097", "PWS_Name": "WILD MEADOWS S/D (SC3250097)", "Primacy_Agency": "SC", "Population_Served_Count": 878, "Service_Connections_Count": 171, "Service_Area_Type": "Residential Area", "Verification_Status": "", "Area_SqKM": 2.979172041420465}, "geometry": {"type": "Point", "coordinates": [-81.13671157857665, 33.845131092837356]}}, {"type": "Feature", "properties": {"PWSID": "SC3250073", "PWS_Name": "BGWC HIDDEN VALLEY (SC3250073)", "Primacy_Agency": "SC", "Population_Served_Count": 480, "Service_Connections_Count": 206, "Service_Area_Type": "Residential Area", "Verification_Status": "", "Area_SqKM": 9.530204839615289}, "geometry": {"type": "Point", "coordinates": [-81.14468355268423, 33.82960411613544]}}, {"type": "Feature", "properties": {"PWSID": "SC3250069", "PWS_Name": "BGWC LEXINGTON FARMS (SC3250069)", "Primacy_Agency": "SC", "Population_Served_Count": 335, "Service_Connections_Count": 137, "Service_Area_Type": "Residential Area", "Verification_Status": "", "Area_SqKM": 0.41589338684325583}, "geometry": {"type": "Point", "coordinates": [-81.26173932785703, 33.803563350077006]}}, {"type": "Feature", "properties": {"PWSID": "SC3250058", "PWS_Name": "BGWC GLENN VILLAGE II (SC3250058)", "Primacy_Agency": "SC", "Population_Served_Count": 1116, "Service_Connections_Count": 489, "Service_Area_Type": "Mobile Home Park", "Verification_Status": "", "Area_SqKM": 2.593225133662385}, "geometry": {"type": "Point", "coordinates": [-81.09613587598993, 33.88264062362667]}}, {"type": "Feature", "properties": {"PWSID": "SC3250050", "PWS_Name": "BGWC LEXINGTON ESTATES (SC3250050)", "Primacy_Agency": "SC", "Population_Served_Count": 419, "Service_Connections_Count": 171, "Service_Area_Type": "Residential Area", "Verification_Status": "", "Area_SqKM": 1.0570334392959995}, "geometry": {"type": "Point", "coordinates": [-81.29733145000911, 33.97343498999809]}}, {"type": "Feature", "properties": {"PWSID": "SC3250047", "PWS_Name": "BGWC CEDARWOOD (SC3250047)", "Primacy_Agency": "SC", "Population_Served_Count": 300, "Service_Connections_Count": 122, "Service_Area_Type": "Residential Area", "Verification_Status": "", "Area_SqKM": 0.7389195700185179}, "geometry": {"type": "Point", "coordinates": [-81.1396588104081, 33.935799756326595]}}, {"type": "Feature", "properties": {"PWSID": "SC3250042", "PWS_Name": "BGWC CREEKWOOD (3250042)", "Primacy_Agency": "SC", "Population_Served_Count": 136, "Service_Connections_Count": 55, "Service_Area_Type": "Residential Area", "Verification_Status": "", "Area_SqKM": 0.09723164907733223}, "geometry": {"type": "Point", "coordinates": [-81.27147153078417, 33.96401298467312]}}, {"type": "Feature", "properties": {"PWSID": "SC3250035", "PWS_Name": "BGWC CHARWOOD S/D (3250035)", "Primacy_Agency": "SC", "Population_Served_Count": 683, "Service_Connections_Count": 281, "Service_Area_Type": "Residential Area", "Verification_Status": "", "Area_SqKM": 4.209490090326487}, "geometry": {"type": "Point", "coordinates": [-81.09168717894498, 33.902286295230084]}}, {"type": "Feature", "properties": {"PWSID": "SC3250031", "PWS_Name": "BGWC BELLEMEAD S/D (3250031)", "Primacy_Agency": "SC", "Population_Served_Count": 367, "Service_Connections_Count": 181, "Service_Area_Type": "Residential Area", "Verification_Status": "", "Area_SqKM": 0.9756667117830469}, "geometry": {"type": "Point", "coordinates": [-81.0409652571382, 33.89902741428983]}}, {"type": "Feature", "properties": {"PWSID": "SC3250022", "PWS_Name": "BGWC EMMA TERRACE (SC3250022)", "Primacy_Agency": "SC", "Population_Served_Count": 65, "Service_Connections_Count": 24, "Service_Area_Type": "Residential Area", "Verification_Status": "", "Area_SqKM": 0.1513727989419607}, "geometry": {"type": "Point", "coordinates": [-81.21882173014166, 33.92383691183683]}}, {"type": "Feature", "properties": {"PWSID": "SC3250019", "PWS_Name": "BGWC MURRAY PARK ESTATES (SC3250019)", "Primacy_Agency": "SC", "Population_Served_Count": 122, "Service_Connections_Count": 50, "Service_Area_Type": "Residential Area", "Verification_Status": "", "Area_SqKM": 0.03427490734199018}, "geometry": {"type": "Point", "coordinates": [-81.35599914214023, 34.00896537893064]}}, {"type": "Feature", "properties": {"PWSID": "SC3250016", "PWS_Name": "BGWC FALCON RANCHES (SC3250016)", "Primacy_Agency": "SC", "Population_Served_Count": 278, "Service_Connections_Count": 117, "Service_Area_Type": "Residential Area", "Verification_Status": "", "Area_SqKM": 0.14707363917400157}, "geometry": {"type": "Point", "coordinates": [-81.21073373991986, 33.84035851989516]}}, {"type": "Feature", "properties": {"PWSID": "SC3250015", "PWS_Name": "BGWC HEATHERWOOD-BLUE RIDGE (SC3250015)", "Primacy_Agency": "SC", "Population_Served_Count": 455, "Service_Connections_Count": 189, "Service_Area_Type": "Residential Area", "Verification_Status": "", "Area_SqKM": 2.1609073201653217}, "geometry": {"type": "Point", "coordinates": [-81.14580493765706, 33.9002454405797]}}, {"type": "Feature", "properties": {"PWSID": "SC3250012", "PWS_Name": "BGWC I-20 (SC3250012)", "Primacy_Agency": "SC", "Population_Served_Count": 6637, "Service_Connections_Count": 2714, "Service_Area_Type": "Residential Area", "Verification_Status": "", "Area_SqKM": 2.7386996531450847}, "geometry": {"type": "Point", "coordinates": [-81.1544340894656, 33.971962540799005]}}, {"type": "Feature", "properties": {"PWSID": "SC3250002", "PWS_Name": "BGWC WESTSIDE TERRACE (3250002)", "Primacy_Agency": "SC", "Population_Served_Count": 172, "Service_Connections_Count": 68, "Service_Area_Type": "Residential Area", "Verification_Status": "", "Area_SqKM": 0.014113192138966179}, "geometry": {"type": "Point", "coordinates": [-81.26484237071561, 33.982764350268205]}}, {"type": "Feature", "properties": {"PWSID": "SC3220003", "PWS_Name": "JOINT MUNICIPAL WSC (SC3220003)", "Primacy_Agency": "SC", "Population_Served_Count": 47838, "Service_Connections_Count": 19168, "Service_Area_Type": "Other Residential", "Verification_Status": "", "Area_SqKM": 6.215833208033754}, "geometry": {"type": "Point", "coordinates": [-81.21288189582104, 33.95198990395357]}}, {"type": "Feature", "properties": {"PWSID": "SC3220002", "PWS_Name": "GASTON RURAL WATER DIST (SC3220002)", "Primacy_Agency": "SC", "Population_Served_Count": 7550, "Service_Connections_Count": 3369, "Service_Area_Type": "Other Non-transient Area", "Verification_Status": "", "Area_SqKM": 35.723836895641604}, "geometry": {"type": "Point", "coordinates": [-81.11255080015476, 33.83195487794639]}}, {"type": "Feature", "properties": {"PWSID": "SC3220001", "PWS_Name": "GILBERT-SUMMIT WD (3220001)", "Primacy_Agency": "SC", "Population_Served_Count": 7795, "Service_Connections_Count": 3787, "Service_Area_Type": "Residential Area", "Verification_Status": "", "Area_SqKM": 24.817775940931135}, "geometry": {"type": "Point", "coordinates": [-81.40435987703009, 33.93768509472523]}}, {"type": "Feature", "properties": {"PWSID": "SC2510006", "PWS_Name": "YEMASSEE TOWN OF (SC2510006)", "Primacy_Agency": "SC", "Population_Served_Count": 1270, "Service_Connections_Count": 524, "Service_Area_Type": "Residential Area", "Verification_Status": "", "Area_SqKM": 10.955670610258762}, "geometry": {"type": "Point", "coordinates": [-80.85492787492518, 32.690031602010535]}}, {"type": "Feature", "properties": {"PWSID": "SC3210011", "PWS_Name": "BATESBURG-LEESVILLE #2 (3210011)", "Primacy_Agency": "SC", "Population_Served_Count": 595, "Service_Connections_Count": 248, "Service_Area_Type": "Residential Area", "Verification_Status": "", "Area_SqKM": 4.393647058474131}, "geometry": {"type": "Point", "coordinates": [-81.48885876429127, 33.94092106123614]}}, {"type": "Feature", "properties": {"PWSID": "SC3210010", "PWS_Name": "LCJMWSC-PELION TOWN OF (SC3210010)", "Primacy_Agency": "SC", "Population_Served_Count": 1001, "Service_Connections_Count": 392, "Service_Area_Type": "Residential Area", "Verification_Status": "", "Area_SqKM": 4.770337417160202}, "geometry": {"type": "Point", "coordinates": [-81.24120332176255, 33.77124261305591]}}, {"type": "Feature", "properties": {"PWSID": "SC3210006", "PWS_Name": "SWANSEA TOWN OF (SC3210006)", "Primacy_Agency": "SC", "Population_Served_Count": 1923, "Service_Connections_Count": 769, "Service_Area_Type": "Residential Area", "Verification_Status": "", "Area_SqKM": 7.767325713009688}, "geometry": {"type": "Point", "coordinates": [-81.10550148111524, 33.745871160033154]}}, {"type": "Feature", "properties": {"PWSID": "SC3810001", "PWS_Name": "ORANGEBURG DPU (SC3810001)", "Primacy_Agency": "SC", "Population_Served_Count": 46896, "Service_Connections_Count": 20730, "Service_Area_Type": "Residential Area", "Verification_Status": "", "Area_SqKM": 913.5642677119715}, "geometry": {"type": "Point", "coordinates": [-80.87419236742433, 33.448302534640725]}}, {"type": "Feature", "properties": {"PWSID": "SC3210004", "PWS_Name": "WEST COLUMBIA CITY OF (3210004)", "Primacy_Agency": "SC", "Population_Served_Count": 34028, "Service_Connections_Count": 15789, "Service_Area_Type": "Wholesaler of Water", "Verification_Status": "", "Area_SqKM": 40.65309313915931}, "geometry": {"type": "Point", "coordinates": [-81.09962045399183, 33.99021807649942]}}, {"type": "Feature", "properties": {"PWSID": "SC3210002", "PWS_Name": "BATESBURG LEESVILLE DPW (SC3210002)", "Primacy_Agency": "SC", "Population_Served_Count": 6202, "Service_Connections_Count": 2948, "Service_Area_Type": "Residential Area", "Verification_Status": "", "Area_SqKM": 17.56091724025168}, "geometry": {"type": "Point", "coordinates": [-81.53022786058762, 33.9099554530561]}}, {"type": "Feature", "properties": {"PWSID": "SC4020002", "PWS_Name": "HOPKINS COMMUNITY WATER SYSTEM (4020002)", "Primacy_Agency": "SC", "Population_Served_Count": 2200, "Service_Connections_Count": 545, "Service_Area_Type": "Municipality", "Verification_Status": "", "Area_SqKM": 13.531471592409863}, "geometry": {"type": "Point", "coordinates": [-80.93260334161971, 33.94124206726965]}}, {"type": "Feature", "properties": {"PWSID": "SC0210008", "PWS_Name": "MONETTA TOWN OF (SC0210008)", "Primacy_Agency": "SC", "Population_Served_Count": 1152, "Service_Connections_Count": 503, "Service_Area_Type": "Residential Area", "Verification_Status": "", "Area_SqKM": 5.052378209779209}, "geometry": {"type": "Point", "coordinates": [-81.6054165013564, 33.84973869869067]}}, {"type": "Feature", "properties": {"PWSID": "SC4060010", "PWS_Name": "MCDONALDS MHP (SC4060010)", "Primacy_Agency": "SC", "Population_Served_Count": 16, "Service_Connections_Count": 24, "Service_Area_Type": "Mobile Home Park", "Verification_Status": "", "Area_SqKM": 0.015576766388424167}, "geometry": {"type": "Point", "coordinates": [-80.83432294000151, 33.99162769990344]}}, {"type": "Feature", "properties": {"PWSID": "SC3820002", "PWS_Name": "SILVER SPRINGS W/D (SC3820002)", "Primacy_Agency": "SC", "Population_Served_Count": 2660, "Service_Connections_Count": 1075, "Service_Area_Type": "Residential Area", "Verification_Status": "", "Area_SqKM": 2.6736210633315474}, "geometry": {"type": "Point", "coordinates": [-81.11231805151328, 33.56576209896135]}}, {"type": "Feature", "properties": {"PWSID": "SC3820001", "PWS_Name": "BULL SWAMP RURAL WTR CO (SC3820001)", "Primacy_Agency": "SC", "Population_Served_Count": 2350, "Service_Connections_Count": 950, "Service_Area_Type": "Residential Area", "Verification_Status": "", "Area_SqKM": 4.813077480035344}, "geometry": {"type": "Point", "coordinates": [-80.98812150197412, 33.60808620392222]}}, {"type": "Feature", "properties": {"PWSID": "SC3810008", "PWS_Name": "NORWAY TOWN OF (3810008)", "Primacy_Agency": "SC", "Population_Served_Count": 775, "Service_Connections_Count": 347, "Service_Area_Type": "Residential Area", "Verification_Status": "", "Area_SqKM": 3.582125913774766}, "geometry": {"type": "Point", "coordinates": [-81.12295707764338, 33.44645815395278]}}, {"type": "Feature", "properties": {"PWSID": "SC2760013", "PWS_Name": "PALMETTO MHP 2 (SC2760013)", "Primacy_Agency": "SC", "Population_Served_Count": 48, "Service_Connections_Count": 19, "Service_Area_Type": "Mobile Home Park", "Verification_Status": "", "Area_SqKM": 0.012873827995299493}, "geometry": {"type": "Point", "coordinates": [-81.01826702622688, 32.50063169128074]}}, {"type": "Feature", "properties": {"PWSID": "SC2710001", "PWS_Name": "RIDGELAND TOWN OF (2710001)", "Primacy_Agency": "SC", "Population_Served_Count": 2678, "Service_Connections_Count": 1761, "Service_Area_Type": "Residential Area", "Verification_Status": "", "Area_SqKM": 5.780961428965502}, "geometry": {"type": "Point", "coordinates": [-80.9788789788862, 32.479715186471346]}}, {"type": "Feature", "properties": {"PWSID": "SC2510009", "PWS_Name": "GIFFORD TOWN OF (2510009)", "Primacy_Agency": "SC", "Population_Served_Count": 260, "Service_Connections_Count": 125, "Service_Area_Type": "Residential Area", "Verification_Status": "", "Area_SqKM": 1.1399753607375114}, "geometry": {"type": "Point", "coordinates": [-81.24024792217635, 32.862397936116004]}}, {"type": "Feature", "properties": {"PWSID": "SC2510007", "PWS_Name": "FURMAN TOWN OF (SC2510007)", "Primacy_Agency": "SC", "Population_Served_Count": 238, "Service_Connections_Count": 97, "Service_Area_Type": "Residential Area", "Verification_Status": "", "Area_SqKM": 0.09856785772077682}, "geometry": {"type": "Point", "coordinates": [-81.18466405003159, 32.68146409996666]}}, {"type": "Feature", "properties": {"PWSID": "SC2510005", "PWS_Name": "VARNVILLE TOWN OF (2510005)", "Primacy_Agency": "SC", "Population_Served_Count": 1865, "Service_Connections_Count": 850, "Service_Area_Type": "Residential Area", "Verification_Status": "", "Area_SqKM": 6.038510079205104}, "geometry": {"type": "Point", "coordinates": [-81.07734310265288, 32.854811742953316]}}, {"type": "Feature", "properties": {"PWSID": "SC2510004", "PWS_Name": "BRUNSON TOWN OF (SC2510004)", "Primacy_Agency": "SC", "Population_Served_Count": 649, "Service_Connections_Count": 242, "Service_Area_Type": "Residential Area", "Verification_Status": "", "Area_SqKM": 2.1794189997563924}, "geometry": {"type": "Point", "coordinates": [-81.18795609408326, 32.92467898827048]}}, {"type": "Feature", "properties": {"PWSID": "SC2510002", "PWS_Name": "ESTILL TOWN OF (SC2510002)", "Primacy_Agency": "SC", "Population_Served_Count": 2120, "Service_Connections_Count": 1592, "Service_Area_Type": "Residential Area", "Verification_Status": "", "Area_SqKM": 7.971153766390538}, "geometry": {"type": "Point", "coordinates": [-81.23970325093573, 32.753460886160354]}}, {"type": "Feature", "properties": {"PWSID": "SC2510001", "PWS_Name": "HAMPTON TOWN OF (2510001)", "Primacy_Agency": "SC", "Population_Served_Count": 3141, "Service_Connections_Count": 1431, "Service_Area_Type": "Residential Area", "Verification_Status": "", "Area_SqKM": 10.62982544529837}, "geometry": {"type": "Point", "coordinates": [-81.10977462292311, 32.8672392491969]}}, {"type": "Feature", "properties": {"PWSID": "SC0610005", "PWS_Name": "ELKO TOWN OF (0610005)", "Primacy_Agency": "SC", "Population_Served_Count": 340, "Service_Connections_Count": 138, "Service_Area_Type": "Residential Area", "Verification_Status": "", "Area_SqKM": 0.5718112398550581}, "geometry": {"type": "Point", "coordinates": [-81.38020847807229, 33.38167508217373]}}, {"type": "Feature", "properties": {"PWSID": "SC0510004", "PWS_Name": "OLAR GOVAN WATER SYSTEM (0510004)", "Primacy_Agency": "SC", "Population_Served_Count": 296, "Service_Connections_Count": 138, "Service_Area_Type": "Residential Area", "Verification_Status": "", "Area_SqKM": 1.8469412523270865}, "geometry": {"type": "Point", "coordinates": [-81.18031804212063, 33.19616864343763]}}, {"type": "Feature", "properties": {"PWSID": "SC0510003", "PWS_Name": "EHRHARDT TOWN OF (SC0510003)", "Primacy_Agency": "SC", "Population_Served_Count": 507, "Service_Connections_Count": 247, "Service_Area_Type": "Residential Area", "Verification_Status": "", "Area_SqKM": 2.1410956540637995}, "geometry": {"type": "Point", "coordinates": [-81.01652699617321, 33.0947129669118]}}, {"type": "Feature", "properties": {"PWSID": "SC0510002", "PWS_Name": "DENMARK TOWN OF (SC0510002)", "Primacy_Agency": "SC", "Population_Served_Count": 3500, "Service_Connections_Count": 1375, "Service_Area_Type": "Residential Area", "Verification_Status": "", "Area_SqKM": 8.371498930197806}, "geometry": {"type": "Point", "coordinates": [-81.13901767324697, 33.31740192536323]}}, {"type": "Feature", "properties": {"PWSID": "SC0510001", "PWS_Name": "BAMBERG PUBLIC WORKS (SC0510001)", "Primacy_Agency": "SC", "Population_Served_Count": 3735, "Service_Connections_Count": 1699, "Service_Area_Type": "Residential Area", "Verification_Status": "", "Area_SqKM": 11.169501172742029}, "geometry": {"type": "Point", "coordinates": [-81.02973518884589, 33.300030702794004]}}, {"type": "Feature", "properties": {"PWSID": "SC0310002", "PWS_Name": "ULMER TOWN OF (SC0310002)", "Primacy_Agency": "SC", "Population_Served_Count": 245, "Service_Connections_Count": 97, "Service_Area_Type": "Residential Area", "Verification_Status": "", "Area_SqKM": 0.3815739587590182}, "geometry": {"type": "Point", "coordinates": [-81.20662043078742, 33.0950021273116]}}, {"type": "Feature", "properties": {"PWSID": "SC0250009", "PWS_Name": "AIKEN-VALE SVC C CITY OF (SC0250009)", "Primacy_Agency": "SC", "Population_Served_Count": 145, "Service_Connections_Count": 58, "Service_Area_Type": "Residential Area", "Verification_Status": "", "Area_SqKM": 0.107753437450567}, "geometry": {"type": "Point", "coordinates": [-81.66396110309121, 33.499329609386216]}}, {"type": "Feature", "properties": {"PWSID": "SC0250005", "PWS_Name": "BGWC HUNTERS GLEN S/D (0250005)", "Primacy_Agency": "SC", "Population_Served_Count": 97, "Service_Connections_Count": 101, "Service_Area_Type": "Residential Area", "Verification_Status": "", "Area_SqKM": 0.8988365987769509}, "geometry": {"type": "Point", "coordinates": [-81.6903052972676, 33.495292408577576]}}, {"type": "Feature", "properties": {"PWSID": "SC0250004", "PWS_Name": "OAKHILL S/D (SC0250004)", "Primacy_Agency": "SC", "Population_Served_Count": 243, "Service_Connections_Count": 98, "Service_Area_Type": "Residential Area", "Verification_Status": "", "Area_SqKM": 0.019206737533357207}, "geometry": {"type": "Point", "coordinates": [-81.68826061062639, 33.44128686853181]}}, {"type": "Feature", "properties": {"PWSID": "SC0220008", "PWS_Name": "MONTMORENCI W/D (SC0220008)", "Primacy_Agency": "SC", "Population_Served_Count": 3837, "Service_Connections_Count": 1619, "Service_Area_Type": "Residential Area", "Verification_Status": "", "Area_SqKM": 28.51757630219277}, "geometry": {"type": "Point", "coordinates": [-81.66272785619057, 33.58872706304107]}}, {"type": "Feature", "properties": {"PWSID": "SC0220002", "PWS_Name": "COLLEGE ACRES PUBLIC W/D (SC0220002)", "Primacy_Agency": "SC", "Population_Served_Count": 1360, "Service_Connections_Count": 563, "Service_Area_Type": "Residential Area", "Verification_Status": "", "Area_SqKM": 2.8377635653731113}, "geometry": {"type": "Point", "coordinates": [-81.6941644504138, 33.498177641123696]}}, {"type": "Feature", "properties": {"PWSID": "SC0210005", "PWS_Name": "SALLEY TOWN OF (SC0210005)", "Primacy_Agency": "SC", "Population_Served_Count": 456, "Service_Connections_Count": 218, "Service_Area_Type": "Residential Area", "Verification_Status": "", "Area_SqKM": 1.6809121274584264}, "geometry": {"type": "Point", "coordinates": [-81.3042200072707, 33.56892764631635]}}, {"type": "Feature", "properties": {"PWSID": "SC0210004", "PWS_Name": "WAGENER TOWN OF (SC0210004)", "Primacy_Agency": "SC", "Population_Served_Count": 1090, "Service_Connections_Count": 485, "Service_Area_Type": "Residential Area", "Verification_Status": "", "Area_SqKM": 2.8435828342166145}, "geometry": {"type": "Point", "coordinates": [-81.3653297877102, 33.65612480743755]}}, {"type": "Feature", "properties": {"PWSID": "SC0750041", "PWS_Name": "CALLAWASSIE ISLAND (SC0750041)", "Primacy_Agency": "SC", "Population_Served_Count": 900, "Service_Connections_Count": 825, "Service_Area_Type": "Residential Area", "Verification_Status": "", "Area_SqKM": 4.900036560366998}, "geometry": {"type": "Point", "coordinates": [-80.85669085458274, 32.328250645062504]}}, {"type": "Feature", "properties": {"PWSID": "SC4060009", "PWS_Name": "BEL AIR MHP (SC4060009)", "Primacy_Agency": "SC", "Population_Served_Count": 34, "Service_Connections_Count": 28, "Service_Area_Type": "Mobile Home Park", "Verification_Status": "", "Area_SqKM": 0.4933193550331316}, "geometry": {"type": "Point", "coordinates": [-80.8607410767832, 33.99165280549721]}}, {"type": "Feature", "properties": {"PWSID": "SC4060012", "PWS_Name": "611 HARMON LLC (SC4060012)", "Primacy_Agency": "SC", "Population_Served_Count": 24, "Service_Connections_Count": 21, "Service_Area_Type": "Mobile Home Park", "Verification_Status": "", "Area_SqKM": 2.425163298573787}, "geometry": {"type": "Point", "coordinates": [-80.83033058232198, 33.96458049077696]}}, {"type": "Feature", "properties": {"PWSID": "SC4650031", "PWS_Name": "BGWC RIDGEWOOD (SC4650031)", "Primacy_Agency": "SC", "Population_Served_Count": 175, "Service_Connections_Count": 70, "Service_Area_Type": "Residential Area", "Verification_Status": "", "Area_SqKM": 1.0838565123766057}, "geometry": {"type": "Point", "coordinates": [-81.1538178498466, 35.13750374499446]}}, {"type": "Feature", "properties": {"PWSID": "SC4650037", "PWS_Name": "PINEHAVEN S/D (SC4650037)", "Primacy_Agency": "SC", "Population_Served_Count": 81, "Service_Connections_Count": 29, "Service_Area_Type": "Residential Area", "Verification_Status": "", "Area_SqKM": 0.7172659783509691}, "geometry": {"type": "Point", "coordinates": [-81.21506341954895, 35.089513832617584]}}, {"type": "Feature", "properties": {"PWSID": "SC1820002", "PWS_Name": "DCWS REEVESVILLE (SC1820002)", "Primacy_Agency": "SC", "Population_Served_Count": 300, "Service_Connections_Count": 109, "Service_Area_Type": "Residential Area", "Verification_Status": "", "Area_SqKM": 1.0390904071519298}, "geometry": {"type": "Point", "coordinates": [-80.5952770136583, 33.14532292940438]}}, {"type": "Feature", "properties": {"PWSID": "SC1820007", "PWS_Name": "DCWS CONOFLOW (SC1820007)", "Primacy_Agency": "SC", "Population_Served_Count": 150, "Service_Connections_Count": 19, "Service_Area_Type": "Residential Area", "Verification_Status": "", "Area_SqKM": 0.012695876508056854}, "geometry": {"type": "Point", "coordinates": [-80.53471244111174, 33.24286822738972]}}, {"type": "Feature", "properties": {"PWSID": "SC1820001", "PWS_Name": "DCWA KNIGHTSVILLE (1820001)", "Primacy_Agency": "SC", "Population_Served_Count": 34877, "Service_Connections_Count": 12528, "Service_Area_Type": "Residential Area", "Verification_Status": "", "Area_SqKM": 43.6583840106247}, "geometry": {"type": "Point", "coordinates": [-80.2277675676635, 32.99521133421002]}}, {"type": "Feature", "properties": {"PWSID": "SC1850009", "PWS_Name": "DCWA CALOMET VALLEY (1850009)", "Primacy_Agency": "SC", "Population_Served_Count": 275, "Service_Connections_Count": 97, "Service_Area_Type": "Residential Area", "Verification_Status": "", "Area_SqKM": 0.48111145953669243}, "geometry": {"type": "Point", "coordinates": [-80.1867240738971, 32.9669317478626]}}, {"type": "Feature", "properties": {"PWSID": "SC1850010", "PWS_Name": "DCWS EDISTO TRIBAL COUNCIL (1850010)", "Primacy_Agency": "SC", "Population_Served_Count": 925, "Service_Connections_Count": 327, "Service_Area_Type": "Residential Area", "Verification_Status": "", "Area_SqKM": 0.2817586786977645}, "geometry": {"type": "Point", "coordinates": [-80.33484805128776, 33.025292592270226]}}, {"type": "Feature", "properties": {"PWSID": "SC1850011", "PWS_Name": "DCWS SOUTHERN PALMS (SC1850011)", "Primacy_Agency": "SC", "Population_Served_Count": 1494, "Service_Connections_Count": 532, "Service_Area_Type": "Residential Area", "Verification_Status": "", "Area_SqKM": 0.8934540782165963}, "geometry": {"type": "Point", "coordinates": [-80.12727476164596, 32.975578485013855]}}, {"type": "Feature", "properties": {"PWSID": "SC1870050", "PWS_Name": "LIEBER CORRECTIONAL INSTITUTE (1870050)", "Primacy_Agency": "SC", "Population_Served_Count": 1646, "Service_Connections_Count": 32, "Service_Area_Type": "Institution", "Verification_Status": "", "Area_SqKM": 2.363830224301483}, "geometry": {"type": "Point", "coordinates": [-80.25217190003961, 33.13726773324888]}}, {"type": "Feature", "properties": {"PWSID": "SC1810004", "PWS_Name": "RIDGEVILLE TOWN OF (SC1810004)", "Primacy_Agency": "SC", "Population_Served_Count": 710, "Service_Connections_Count": 292, "Service_Area_Type": "Residential Area", "Verification_Status": "", "Area_SqKM": 4.101552518040015}, "geometry": {"type": "Point", "coordinates": [-80.30628624968935, 33.08955211951397]}}, {"type": "Feature", "properties": {"PWSID": "SC1610004", "PWS_Name": "LAMAR TOWN OF (SC1610004)", "Primacy_Agency": "SC", "Population_Served_Count": 1034, "Service_Connections_Count": 489, "Service_Area_Type": "Residential Area", "Verification_Status": "", "Area_SqKM": 3.369059978344862}, "geometry": {"type": "Point", "coordinates": [-80.0566820755243, 34.16805964459116]}}, {"type": "Feature", "properties": {"PWSID": "SC1570924", "PWS_Name": "FAITH CATHEDRAL FELLOWSHIP INC (1570924)", "Primacy_Agency": "SC", "Population_Served_Count": 54, "Service_Connections_Count": 50, "Service_Area_Type": "Other Residential", "Verification_Status": "", "Area_SqKM": 2.9225804434416385}, "geometry": {"type": "Point", "coordinates": [-80.64033488830975, 33.063815232121115]}}, {"type": "Feature", "properties": {"PWSID": "SC1510006", "PWS_Name": "EDISTO BEACH TOWN OF (SC1510006)", "Primacy_Agency": "SC", "Population_Served_Count": 5848, "Service_Connections_Count": 2466, "Service_Area_Type": "Residential Area", "Verification_Status": "", "Area_SqKM": 6.6942865088762264}, "geometry": {"type": "Point", "coordinates": [-80.30884140826615, 32.50206292366669]}}, {"type": "Feature", "properties": {"PWSID": "SC1510004", "PWS_Name": "WALTERBORO CITY OF (1510004)", "Primacy_Agency": "SC", "Population_Served_Count": 11829, "Service_Connections_Count": 5785, "Service_Area_Type": "Residential Area", "Verification_Status": "", "Area_SqKM": 46.23692822947221}, "geometry": {"type": "Point", "coordinates": [-80.66164224758384, 32.90455500645649]}}, {"type": "Feature", "properties": {"PWSID": "SC1510002", "PWS_Name": "SMOAKS TOWN OF (1510002)", "Primacy_Agency": "SC", "Population_Served_Count": 176, "Service_Connections_Count": 72, "Service_Area_Type": "Residential Area", "Verification_Status": "", "Area_SqKM": 0.6664668977777037}, "geometry": {"type": "Point", "coordinates": [-80.81032503844354, 33.08875709232751]}}, {"type": "Feature", "properties": {"PWSID": "SC1470863", "PWS_Name": "NORTH SHORE WATER SYS (SC1470863)", "Primacy_Agency": "SC", "Population_Served_Count": 272, "Service_Connections_Count": 136, "Service_Area_Type": "Recreation Area", "Verification_Status": "", "Area_SqKM": 0.19781455332745498}, "geometry": {"type": "Point", "coordinates": [-80.41552256095916, 33.50701410166816]}}, {"type": "Feature", "properties": {"PWSID": "SC1470304", "PWS_Name": "CYPRESS POINTE CONDOS (SC1470304)", "Primacy_Agency": "SC", "Population_Served_Count": 154, "Service_Connections_Count": 75, "Service_Area_Type": "Other Residential", "Verification_Status": "", "Area_SqKM": 0.137336485909282}, "geometry": {"type": "Point", "coordinates": [-80.19698620471249, 33.52285016141051]}}, {"type": "Feature", "properties": {"PWSID": "SC1450013", "PWS_Name": "CLARENDON CO W&S HWY 260 (SC1450013)", "Primacy_Agency": "SC", "Population_Served_Count": 3521, "Service_Connections_Count": 1918, "Service_Area_Type": "Residential Area", "Verification_Status": "", "Area_SqKM": 0.5176867502980734}, "geometry": {"type": "Point", "coordinates": [-80.2388155814201, 33.6565041058623]}}, {"type": "Feature", "properties": {"PWSID": "SC1450009", "PWS_Name": "WYBOO WATER DEPT INC (SC1450009)", "Primacy_Agency": "SC", "Population_Served_Count": 618, "Service_Connections_Count": 275, "Service_Area_Type": "Residential Area", "Verification_Status": "", "Area_SqKM": 6.181403005119222}, "geometry": {"type": "Point", "coordinates": [-80.20756903285547, 33.52641474645009]}}, {"type": "Feature", "properties": {"PWSID": "SC1450006", "PWS_Name": "SIGFIELD WATER CO INC (SC1450006)", "Primacy_Agency": "SC", "Population_Served_Count": 271, "Service_Connections_Count": 186, "Service_Area_Type": "Residential Area", "Verification_Status": "", "Area_SqKM": 1.5291742679969498}, "geometry": {"type": "Point", "coordinates": [-80.32008367125492, 33.52752532712052]}}, {"type": "Feature", "properties": {"PWSID": "SC1450005", "PWS_Name": "GIN POND SHORES WATER CO (SC1450005)", "Primacy_Agency": "SC", "Population_Served_Count": 72, "Service_Connections_Count": 59, "Service_Area_Type": "Residential Area", "Verification_Status": "", "Area_SqKM": 0.07089079626416118}, "geometry": {"type": "Point", "coordinates": [-80.32313622996035, 33.54911005172136]}}, {"type": "Feature", "properties": {"PWSID": "SC1420002", "PWS_Name": "BARRINEAU WATER SYSTEM (1420002)", "Primacy_Agency": "SC", "Population_Served_Count": 1879, "Service_Connections_Count": 860, "Service_Area_Type": "Residential Area", "Verification_Status": "", "Area_SqKM": 1.5280999407835676}, "geometry": {"type": "Point", "coordinates": [-79.89098175330739, 33.874774231122565]}}, {"type": "Feature", "properties": {"PWSID": "SC1410004", "PWS_Name": "TURBEVILLE TOWN OF (SC1410004)", "Primacy_Agency": "SC", "Population_Served_Count": 723, "Service_Connections_Count": 707, "Service_Area_Type": "Residential Area", "Verification_Status": "", "Area_SqKM": 1.7672863567930042}, "geometry": {"type": "Point", "coordinates": [-80.01468483054451, 33.88808894377595]}}, {"type": "Feature", "properties": {"PWSID": "SC1410003", "PWS_Name": "SUMMERTON TOWN OF (SC1410003)", "Primacy_Agency": "SC", "Population_Served_Count": 2096, "Service_Connections_Count": 825, "Service_Area_Type": "Residential Area", "Verification_Status": "", "Area_SqKM": 3.233169843512758}, "geometry": {"type": "Point", "coordinates": [-80.35315005588102, 33.60434172942708]}}, {"type": "Feature", "properties": {"PWSID": "SC1410002", "PWS_Name": "MANNING CITY OF (SC1410002)", "Primacy_Agency": "SC", "Population_Served_Count": 5908, "Service_Connections_Count": 3587, "Service_Area_Type": "Residential Area", "Verification_Status": "", "Area_SqKM": 13.00415793491154}, "geometry": {"type": "Point", "coordinates": [-80.2242547528382, 33.68982966929166]}}, {"type": "Feature", "properties": {"PWSID": "SC2220007", "PWS_Name": "GCWSD RED HILL (2220007)", "Primacy_Agency": "SC", "Population_Served_Count": 726, "Service_Connections_Count": 301, "Service_Area_Type": "Residential Area", "Verification_Status": "", "Area_SqKM": 0.047377134795228384}, "geometry": {"type": "Point", "coordinates": [-79.4279577332945, 33.57621370003021]}}, {"type": "Feature", "properties": {"PWSID": "SC2220010", "PWS_Name": "GCWSD WACCAMAW NECK (SC2220010)", "Primacy_Agency": "SC", "Population_Served_Count": 37790, "Service_Connections_Count": 18118, "Service_Area_Type": "Residential Area", "Verification_Status": "", "Area_SqKM": 66.34858750136186}, "geometry": {"type": "Point", "coordinates": [-79.12025886903683, 33.47611644129634]}}, {"type": "Feature", "properties": {"PWSID": "SC1050011", "PWS_Name": "DEWEES UTILITIES (SC1050011)", "Primacy_Agency": "SC", "Population_Served_Count": 55, "Service_Connections_Count": 79, "Service_Area_Type": "Residential Area", "Verification_Status": "", "Area_SqKM": 41.86600205318948}, "geometry": {"type": "Point", "coordinates": [-79.66291411746558, 32.88568355937517]}}, {"type": "Feature", "properties": {"PWSID": "SC2220013", "PWS_Name": "GCWSD CARVERS BAY (SC2220013)", "Primacy_Agency": "SC", "Population_Served_Count": 3133, "Service_Connections_Count": 1357, "Service_Area_Type": "Residential Area", "Verification_Status": "", "Area_SqKM": 1.834770436320299}, "geometry": {"type": "Point", "coordinates": [-79.18962913689859, 33.57483420501134]}}, {"type": "Feature", "properties": {"PWSID": "SC1020002", "PWS_Name": "ST JOHN'S WATER (SC1020002)", "Primacy_Agency": "SC", "Population_Served_Count": 22592, "Service_Connections_Count": 9724, "Service_Area_Type": "Residential Area", "Verification_Status": "", "Area_SqKM": 68.77044862778433}, "geometry": {"type": "Point", "coordinates": [-80.07102798183212, 32.72172740916134]}}, {"type": "Feature", "properties": {"PWSID": "SC2920002", "PWS_Name": "CATAWBA RIVER WSP (2920002)", "Primacy_Agency": "SC", "Population_Served_Count": 25, "Service_Connections_Count": 4, "Service_Area_Type": "Interstate Carrier", "Verification_Status": "", "Area_SqKM": 3.7260912560479853}, "geometry": {"type": "Point", "coordinates": [-80.88276572005351, 34.842199963067365]}}, {"type": "Feature", "properties": {"PWSID": "SC3810003", "PWS_Name": "ELLOREE WATER SYSTEM (SC3810003)", "Primacy_Agency": "SC", "Population_Served_Count": 1498, "Service_Connections_Count": 676, "Service_Area_Type": "Residential Area", "Verification_Status": "", "Area_SqKM": 2.2654388842465814}, "geometry": {"type": "Point", "coordinates": [-80.57403877393332, 33.52909185718174]}}, {"type": "Feature", "properties": {"PWSID": "SC1010504", "PWS_Name": "AWENDAW TOWN OF (SC1010504)", "Primacy_Agency": "SC", "Population_Served_Count": 700, "Service_Connections_Count": 326, "Service_Area_Type": "Municipality", "Verification_Status": "", "Area_SqKM": 0.9384779094288739}, "geometry": {"type": "Point", "coordinates": [-79.6415218719149, 33.08674435655005]}}, {"type": "Feature", "properties": {"PWSID": "SC1010009", "PWS_Name": "SEABROOK ISLAND TOWN OF (1010009)", "Primacy_Agency": "SC", "Population_Served_Count": 5939, "Service_Connections_Count": 2619, "Service_Area_Type": "Residential Area", "Verification_Status": "", "Area_SqKM": 21.250881349569145}, "geometry": {"type": "Point", "coordinates": [-80.15459363499431, 32.598726251676695]}}, {"type": "Feature", "properties": {"PWSID": "SC1010008", "PWS_Name": "KIAWAH ISLAND UTILITY (SC1010008)", "Primacy_Agency": "SC", "Population_Served_Count": 9550, "Service_Connections_Count": 4553, "Service_Area_Type": "Residential Area", "Verification_Status": "", "Area_SqKM": 35.3331273531784}, "geometry": {"type": "Point", "coordinates": [-80.08311334644601, 32.61792277930607]}}, {"type": "Feature", "properties": {"PWSID": "SC4050008", "PWS_Name": "BGWC CHARLESWOOD S/D (4050008)", "Primacy_Agency": "SC", "Population_Served_Count": 484, "Service_Connections_Count": 196, "Service_Area_Type": "Residential Area", "Verification_Status": "", "Area_SqKM": 8.821924727996617}, "geometry": {"type": "Point", "coordinates": [-80.93804086881688, 34.122483563873395]}}, {"type": "Feature", "properties": {"PWSID": "SC1010004", "PWS_Name": "ISLE OF PALMS W/S COMM (SC1010004)", "Primacy_Agency": "SC", "Population_Served_Count": 9530, "Service_Connections_Count": 4811, "Service_Area_Type": "Residential Area", "Verification_Status": "", "Area_SqKM": 12.973162622229514}, "geometry": {"type": "Point", "coordinates": [-79.76754591196242, 32.80089999287518]}}, {"type": "Feature", "properties": {"PWSID": "SC1010003", "PWS_Name": "SULLIVANS ISLAND TOWN OF (1010003)", "Primacy_Agency": "SC", "Population_Served_Count": 2521, "Service_Connections_Count": 1082, "Service_Area_Type": "Residential Area", "Verification_Status": "", "Area_SqKM": 8.206268151012061}, "geometry": {"type": "Point", "coordinates": [-79.8368233281452, 32.769201714674146]}}, {"type": "Feature", "properties": {"PWSID": "SC4050042", "PWS_Name": "RICHLAND CO/POND DRIVE (SC4050042)", "Primacy_Agency": "SC", "Population_Served_Count": 55, "Service_Connections_Count": 33, "Service_Area_Type": "Residential Area", "Verification_Status": "", "Area_SqKM": 0.3332510957567835}, "geometry": {"type": "Point", "coordinates": [-80.96079315832392, 34.130524350000385]}}, {"type": "Feature", "properties": {"PWSID": "SC4060019", "PWS_Name": "SILVER HILL MANUF HOME COMM. (SC4060019)", "Primacy_Agency": "SC", "Population_Served_Count": 180, "Service_Connections_Count": 110, "Service_Area_Type": "Mobile Home Park", "Verification_Status": "", "Area_SqKM": 0.33990007728118365}, "geometry": {"type": "Point", "coordinates": [-80.87908561968517, 34.08740843931131]}}, {"type": "Feature", "properties": {"PWSID": "SC0920003", "PWS_Name": "LOWER CALHOUN (SC0920003)", "Primacy_Agency": "SC", "Population_Served_Count": 504, "Service_Connections_Count": 253, "Service_Area_Type": "Residential Area", "Verification_Status": "", "Area_SqKM": 0.08754389728028421}, "geometry": {"type": "Point", "coordinates": [-80.5349784635655, 33.576665363646285]}}, {"type": "Feature", "properties": {"PWSID": "SC0870305", "PWS_Name": "PRESERVE AT RIDGEVILLE (SC0870305)", "Primacy_Agency": "SC", "Population_Served_Count": 0, "Service_Connections_Count": 241, "Service_Area_Type": "Residential Area", "Verification_Status": "", "Area_SqKM": 8.320240305409877}, "geometry": {"type": "Point", "coordinates": [-80.30393205607498, 33.155948433164895]}}, {"type": "Feature", "properties": {"PWSID": "SC0850018", "PWS_Name": "BCWSA SINEATH MHP (0850018)", "Primacy_Agency": "SC", "Population_Served_Count": 594, "Service_Connections_Count": 242, "Service_Area_Type": "Mobile Home Park", "Verification_Status": "", "Area_SqKM": 0.058407009753634304}, "geometry": {"type": "Point", "coordinates": [-80.11477386872185, 33.000535993788986]}}, {"type": "Feature", "properties": {"PWSID": "SC0760016", "PWS_Name": "BEAUFORT MHP (0760016)", "Primacy_Agency": "SC", "Population_Served_Count": 107, "Service_Connections_Count": 46, "Service_Area_Type": "Mobile Home Park", "Verification_Status": "", "Area_SqKM": 0.0026160987428495894}, "geometry": {"type": "Point", "coordinates": [-80.73510789992817, 32.40537020019517]}}, {"type": "Feature", "properties": {"PWSID": "SC0750026", "PWS_Name": "WELLS EAST S/D (SC0750026)", "Primacy_Agency": "SC", "Population_Served_Count": 60, "Service_Connections_Count": 24, "Service_Area_Type": "Residential Area", "Verification_Status": "", "Area_SqKM": 0.012369598621421816}, "geometry": {"type": "Point", "coordinates": [-80.77421605246003, 32.19100967627518]}}, {"type": "Feature", "properties": {"PWSID": "SC4660095", "PWS_Name": "BGWC LESSLIEDALE (SC4660095)", "Primacy_Agency": "SC", "Population_Served_Count": 75, "Service_Connections_Count": 30, "Service_Area_Type": "Mobile Home Park", "Verification_Status": "", "Area_SqKM": 0.3582833496637946}, "geometry": {"type": "Point", "coordinates": [-80.9572875827204, 34.893735473922554]}}, {"type": "Feature", "properties": {"PWSID": "SC4660108", "PWS_Name": "LAMBERT MHP (SC4660108)", "Primacy_Agency": "SC", "Population_Served_Count": 50, "Service_Connections_Count": 22, "Service_Area_Type": "Mobile Home Park", "Verification_Status": "", "Area_SqKM": 0.09180473768785032}, "geometry": {"type": "Point", "coordinates": [-80.9075178963446, 34.8922298347337]}}, {"type": "Feature", "properties": {"PWSID": "SC4660111", "PWS_Name": "HENSON MHP (4660111)", "Primacy_Agency": "SC", "Population_Served_Count": 65, "Service_Connections_Count": 22, "Service_Area_Type": "Mobile Home Park", "Verification_Status": "", "Area_SqKM": 0.1402066098131491}, "geometry": {"type": "Point", "coordinates": [-80.9299884576388, 34.864061419652415]}}, {"type": "Feature", "properties": {"PWSID": "SC4660077", "PWS_Name": "CHUCKS MHP (SC4660077)", "Primacy_Agency": "SC", "Population_Served_Count": 168, "Service_Connections_Count": 66, "Service_Area_Type": "Mobile Home Park", "Verification_Status": "", "Area_SqKM": 0.10771126495545166}, "geometry": {"type": "Point", "coordinates": [-81.11693000010227, 35.09798020826722]}}, {"type": "Feature", "properties": {"PWSID": "SC4660081", "PWS_Name": "LAKE WYLIE MHP (SC4660081)", "Primacy_Agency": "SC", "Population_Served_Count": 1225, "Service_Connections_Count": 350, "Service_Area_Type": "Mobile Home Park", "Verification_Status": "", "Area_SqKM": 0.1983676571659586}, "geometry": {"type": "Point", "coordinates": [-81.09956581561646, 35.14760516150057]}}, {"type": "Feature", "properties": {"PWSID": "SC4660064", "PWS_Name": "GLEN AT CLOVER LLC THE (SC4660064)", "Primacy_Agency": "SC", "Population_Served_Count": 300, "Service_Connections_Count": 97, "Service_Area_Type": "Mobile Home Park", "Verification_Status": "", "Area_SqKM": 0.36727080448352223}, "geometry": {"type": "Point", "coordinates": [-81.24084604591359, 35.156868746824706]}}, {"type": "Feature", "properties": {"PWSID": "SC4650059", "PWS_Name": "BGWC CAMERON ACRES (SC4650059)", "Primacy_Agency": "SC", "Population_Served_Count": 70, "Service_Connections_Count": 30, "Service_Area_Type": "Residential Area", "Verification_Status": "", "Area_SqKM": 1.2972724004355638}, "geometry": {"type": "Point", "coordinates": [-81.18683680009764, 35.10478179313871]}}, {"type": "Feature", "properties": {"PWSID": "SC1110001", "PWS_Name": "GAFFNEY BPW (1110001)", "Primacy_Agency": "SC", "Population_Served_Count": 24290, "Service_Connections_Count": 11666, "Service_Area_Type": "Residential Area", "Verification_Status": "", "Area_SqKM": 50.31034212624118}, "geometry": {"type": "Point", "coordinates": [-81.63046548615795, 35.08038853772015]}}, {"type": "Feature", "properties": {"PWSID": "SC1110002", "PWS_Name": "BLACKSBURG TOWN OF (SC1110002)", "Primacy_Agency": "SC", "Population_Served_Count": 4496, "Service_Connections_Count": 1757, "Service_Area_Type": "Residential Area", "Verification_Status": "", "Area_SqKM": 8.453816001496918}, "geometry": {"type": "Point", "coordinates": [-81.52799815618077, 35.1159106021232]}}, {"type": "Feature", "properties": {"PWSID": "SC2910001", "PWS_Name": "LANCASTER CITY OF (SC2910001)", "Primacy_Agency": "SC", "Population_Served_Count": 14074, "Service_Connections_Count": 6599, "Service_Area_Type": "Residential Area", "Verification_Status": "", "Area_SqKM": 88.81515851638545}, "geometry": {"type": "Point", "coordinates": [-80.76105610662889, 34.723280527299174]}}, {"type": "Feature", "properties": {"PWSID": "SC2810001", "PWS_Name": "CAMDEN CITY OF (2810001)", "Primacy_Agency": "SC", "Population_Served_Count": 13993, "Service_Connections_Count": 6449, "Service_Area_Type": "Interstate Carrier", "Verification_Status": "", "Area_SqKM": 18.244472716223033}, "geometry": {"type": "Point", "coordinates": [-80.60311283931006, 34.2655872530782]}}, {"type": "Feature", "properties": {"PWSID": "SC2610010", "PWS_Name": "LORIS CITY OF (SC2610010)", "Primacy_Agency": "SC", "Population_Served_Count": 3428, "Service_Connections_Count": 1658, "Service_Area_Type": "Wholesaler of Water", "Verification_Status": "", "Area_SqKM": 10.797410898808995}, "geometry": {"type": "Point", "coordinates": [-78.88832634749241, 34.058371721522875]}}, {"type": "Feature", "properties": {"PWSID": "SC2610001", "PWS_Name": "MYRTLE BEACH CITY OF (SC2610001)", "Primacy_Agency": "SC", "Population_Served_Count": 50930, "Service_Connections_Count": 26462, "Service_Area_Type": "Wholesaler of Water", "Verification_Status": "", "Area_SqKM": 62.06746765787851}, "geometry": {"type": "Point", "coordinates": [-78.88702112383642, 33.70643631528112]}}, {"type": "Feature", "properties": {"PWSID": "SC1720001", "PWS_Name": "TRICO WATER COMPANY (SC1720001)", "Primacy_Agency": "SC", "Population_Served_Count": 17963, "Service_Connections_Count": 6667, "Service_Area_Type": "Residential Area", "Verification_Status": "", "Area_SqKM": 17.273070367416768}, "geometry": {"type": "Point", "coordinates": [-79.34584842129064, 34.414576581530575]}}, {"type": "Feature", "properties": {"PWSID": "SC1360008", "PWS_Name": "COUNTRY VILLAGE MHP (SC1360008)", "Primacy_Agency": "SC", "Population_Served_Count": 96, "Service_Connections_Count": 37, "Service_Area_Type": "Mobile Home Park", "Verification_Status": "", "Area_SqKM": 0.11422217645559846}, "geometry": {"type": "Point", "coordinates": [-79.92573181958218, 34.701057708104386]}}, {"type": "Feature", "properties": {"PWSID": "SC1060063", "PWS_Name": "BURBAGE MHP (SC1060063)", "Primacy_Agency": "SC", "Population_Served_Count": 171, "Service_Connections_Count": 70, "Service_Area_Type": "Mobile Home Park", "Verification_Status": "", "Area_SqKM": 0.01269463716105126}, "geometry": {"type": "Point", "coordinates": [-80.23524709989985, 32.779815516829565]}}, {"type": "Feature", "properties": {"PWSID": "SC1060014", "PWS_Name": "WA BURBAGE TRAILER PARK 1 (1060014)", "Primacy_Agency": "SC", "Population_Served_Count": 81, "Service_Connections_Count": 34, "Service_Area_Type": "Mobile Home Park", "Verification_Status": "", "Area_SqKM": 0.021766835153828996}, "geometry": {"type": "Point", "coordinates": [-80.23393350016732, 32.77629596055946]}}, {"type": "Feature", "properties": {"PWSID": "SC4660063", "PWS_Name": "QUAIL MEADOWS PARK LLC (SC4660063)", "Primacy_Agency": "SC", "Population_Served_Count": 221, "Service_Connections_Count": 71, "Service_Area_Type": "Mobile Home Park", "Verification_Status": "", "Area_SqKM": 0.02327430273490721}, "geometry": {"type": "Point", "coordinates": [-80.93140841966895, 34.93100148047688]}}, {"type": "Feature", "properties": {"PWSID": "SC1060061", "PWS_Name": "JERICHO TRAILER PARK (1060061)", "Primacy_Agency": "SC", "Population_Served_Count": 103, "Service_Connections_Count": 42, "Service_Area_Type": "Mobile Home Park", "Verification_Status": "", "Area_SqKM": 0.04692803070862029}, "geometry": {"type": "Point", "coordinates": [-80.29564671123356, 32.768100711343045]}}, {"type": "Feature", "properties": {"PWSID": "SC4660003", "PWS_Name": "PECAN GROVE COMMONS (SC4660003)", "Primacy_Agency": "SC", "Population_Served_Count": 58, "Service_Connections_Count": 49, "Service_Area_Type": "Mobile Home Park", "Verification_Status": "", "Area_SqKM": 0.04736154663968093}, "geometry": {"type": "Point", "coordinates": [-80.9732854742739, 34.90943767114889]}}, {"type": "Feature", "properties": {"PWSID": "SC4650052", "PWS_Name": "BGWC MIDDLESTREAM (SC4650052)", "Primacy_Agency": "SC", "Population_Served_Count": 88, "Service_Connections_Count": 34, "Service_Area_Type": "Mobile Home Park", "Verification_Status": "", "Area_SqKM": 0.17416665522546754}, "geometry": {"type": "Point", "coordinates": [-80.91283496655127, 34.84514554271452]}}, {"type": "Feature", "properties": {"PWSID": "SC4650008", "PWS_Name": "BGWC FOXWOOD (SC4650008)", "Primacy_Agency": "SC", "Population_Served_Count": 570, "Service_Connections_Count": 221, "Service_Area_Type": "Residential Area", "Verification_Status": "", "Area_SqKM": 0.6704283561217228}, "geometry": {"type": "Point", "coordinates": [-80.90808575450494, 35.02643375082262]}}, {"type": "Feature", "properties": {"PWSID": "SC1120002", "PWS_Name": "GRASSY POND WATER CO INC (SC1120002)", "Primacy_Agency": "SC", "Population_Served_Count": 9458, "Service_Connections_Count": 3713, "Service_Area_Type": "Residential Area", "Verification_Status": "", "Area_SqKM": 5.278942335075685}, "geometry": {"type": "Point", "coordinates": [-81.61168298155647, 34.9941744399143]}}, {"type": "Feature", "properties": {"PWSID": "SC1120003", "PWS_Name": "DRAYTONVILLE WATER DIST (SC1120003)", "Primacy_Agency": "SC", "Population_Served_Count": 5347, "Service_Connections_Count": 2009, "Service_Area_Type": "Residential Area", "Verification_Status": "", "Area_SqKM": 9.50760918290384}, "geometry": {"type": "Point", "coordinates": [-81.6216561597284, 35.02598721043424]}}, {"type": "Feature", "properties": {"PWSID": "SC4360037", "PWS_Name": "HIBISCUS HOMES (SC4360037)", "Primacy_Agency": "SC", "Population_Served_Count": 280, "Service_Connections_Count": 104, "Service_Area_Type": "Mobile Home Park", "Verification_Status": "", "Area_SqKM": 0.5163107854137812}, "geometry": {"type": "Point", "coordinates": [-80.46117788260395, 33.952509871730825]}}, {"type": "Feature", "properties": {"PWSID": "SC4360021", "PWS_Name": "WHISPERING PINES MHP (SC4360021)", "Primacy_Agency": "SC", "Population_Served_Count": 80, "Service_Connections_Count": 40, "Service_Area_Type": "Residential Area", "Verification_Status": "", "Area_SqKM": 0.03133379196544536}, "geometry": {"type": "Point", "coordinates": [-80.39293217646052, 33.830795188158476]}}, {"type": "Feature", "properties": {"PWSID": "SC1220002", "PWS_Name": "CHESTER METROPOLITAN DISTRICT (1220002)", "Primacy_Agency": "SC", "Population_Served_Count": 15668, "Service_Connections_Count": 7380, "Service_Area_Type": "Residential Area", "Verification_Status": "", "Area_SqKM": 20.1378746167334}, "geometry": {"type": "Point", "coordinates": [-81.2186571821791, 34.71283618633563]}}, {"type": "Feature", "properties": {"PWSID": "SC4350016", "PWS_Name": "SUMTER-WESSEX S/D (SC4350016)", "Primacy_Agency": "SC", "Population_Served_Count": 412, "Service_Connections_Count": 119, "Service_Area_Type": "Residential Area", "Verification_Status": "", "Area_SqKM": 0.4260052966188736}, "geometry": {"type": "Point", "coordinates": [-80.4553628319174, 33.89755036288248]}}, {"type": "Feature", "properties": {"PWSID": "SC2010001", "PWS_Name": "WINNSBORO TOWN OF (2010001)", "Primacy_Agency": "SC", "Population_Served_Count": 7888, "Service_Connections_Count": 5898, "Service_Area_Type": "Residential Area", "Verification_Status": "", "Area_SqKM": 15.665290970848577}, "geometry": {"type": "Point", "coordinates": [-81.0777237185282, 34.365197545514846]}}, {"type": "Feature", "properties": {"PWSID": "SC4350008", "PWS_Name": "GRANADA SUBDIVISION (SC4350008)", "Primacy_Agency": "SC", "Population_Served_Count": 150, "Service_Connections_Count": 61, "Service_Area_Type": "Residential Area", "Verification_Status": "", "Area_SqKM": 0.9553259229981675}, "geometry": {"type": "Point", "coordinates": [-80.45718072361362, 33.92897404092138]}}, {"type": "Feature", "properties": {"PWSID": "SC2020001", "PWS_Name": "JENKINSVILLE WATER COMPANY (SC2020001)", "Primacy_Agency": "SC", "Population_Served_Count": 2550, "Service_Connections_Count": 794, "Service_Area_Type": "Residential Area", "Verification_Status": "", "Area_SqKM": 6.204474297532926}, "geometry": {"type": "Point", "coordinates": [-81.3027287597692, 34.30162220629422]}}, {"type": "Feature", "properties": {"PWSID": "SC2020002", "PWS_Name": "MIDCOUNTY WATER DIST 1 (2020002)", "Primacy_Agency": "SC", "Population_Served_Count": 1487, "Service_Connections_Count": 500, "Service_Area_Type": "Other Residential", "Verification_Status": "", "Area_SqKM": 0.3676255239960832}, "geometry": {"type": "Point", "coordinates": [-81.15465259253597, 34.47164923064356]}}, {"type": "Feature", "properties": {"PWSID": "SC2020004", "PWS_Name": "MIDCOUNTY WATER DIST 2 (SC2020004)", "Primacy_Agency": "SC", "Population_Served_Count": 3500, "Service_Connections_Count": 1100, "Service_Area_Type": "Other Residential", "Verification_Status": "", "Area_SqKM": 0.38142470747246804}, "geometry": {"type": "Point", "coordinates": [-81.0998763089835, 34.38920801535549]}}, {"type": "Feature", "properties": {"PWSID": "SC4320003", "PWS_Name": "HIGH HILLS RURAL WATER CO INC (4320003)", "Primacy_Agency": "SC", "Population_Served_Count": 12545, "Service_Connections_Count": 5224, "Service_Area_Type": "Residential Area", "Verification_Status": "", "Area_SqKM": 5.499392894232728}, "geometry": {"type": "Point", "coordinates": [-80.508713985798, 34.0343591766238]}}, {"type": "Feature", "properties": {"PWSID": "SC4320002", "PWS_Name": "SUMTER CO-WEDGEFIELD-STATEBURG WD", "Primacy_Agency": "SC", "Population_Served_Count": 1200, "Service_Connections_Count": 574, "Service_Area_Type": "Residential Area", "Verification_Status": "", "Area_SqKM": 1.1959322979492537}, "geometry": {"type": "Point", "coordinates": [-80.50230946734845, 33.882738763249385]}}, {"type": "Feature", "properties": {"PWSID": "SC4320001", "PWS_Name": "DALZELL WATER DISTRICT (SC4320001)", "Primacy_Agency": "SC", "Population_Served_Count": 3912, "Service_Connections_Count": 1737, "Service_Area_Type": "Residential Area", "Verification_Status": "", "Area_SqKM": 14.646678503682036}, "geometry": {"type": "Point", "coordinates": [-80.42338937915444, 34.01477670420249]}}, {"type": "Feature", "properties": {"PWSID": "SC4310501", "PWS_Name": "SHAW AFB (SC4310501)", "Primacy_Agency": "SC", "Population_Served_Count": 5125, "Service_Connections_Count": 982, "Service_Area_Type": "Residential Area", "Verification_Status": "", "Area_SqKM": 12.421865196220848}, "geometry": {"type": "Point", "coordinates": [-80.48838710110462, 33.974506971051085]}}, {"type": "Feature", "properties": {"PWSID": "SC4310002", "PWS_Name": "PINEWOOD TOWN OF (SC4310002)", "Primacy_Agency": "SC", "Population_Served_Count": 455, "Service_Connections_Count": 289, "Service_Area_Type": "Residential Area", "Verification_Status": "", "Area_SqKM": 2.30833645456608}, "geometry": {"type": "Point", "coordinates": [-80.46416443222583, 33.73741811610029]}}, {"type": "Feature", "properties": {"PWSID": "SC4310001", "PWS_Name": "SUMTER CITY OF (SC4310001)", "Primacy_Agency": "SC", "Population_Served_Count": 53070, "Service_Connections_Count": 24550, "Service_Area_Type": "Residential Area", "Verification_Status": "", "Area_SqKM": 111.52489121010368}, "geometry": {"type": "Point", "coordinates": [-80.38831991721518, 33.92324901785294]}}, {"type": "Feature", "properties": {"PWSID": "SC4060064", "PWS_Name": "SANDY HILL MHP (SC4060064)", "Primacy_Agency": "SC", "Population_Served_Count": 81, "Service_Connections_Count": 39, "Service_Area_Type": "Mobile Home Park", "Verification_Status": "", "Area_SqKM": 0.03838323596158358}, "geometry": {"type": "Point", "coordinates": [-80.89445046419132, 34.07716409065853]}}, {"type": "Feature", "properties": {"PWSID": "SC4060035", "PWS_Name": "CEDAR CREEK MHP (4060035)", "Primacy_Agency": "SC", "Population_Served_Count": 26, "Service_Connections_Count": 62, "Service_Area_Type": "Mobile Home Park", "Verification_Status": "", "Area_SqKM": 0.03156005925316391}, "geometry": {"type": "Point", "coordinates": [-80.82500151566573, 33.950332758010425]}}, {"type": "Feature", "properties": {"PWSID": "SC4060006", "PWS_Name": "PALMETTO PARK (4060006)", "Primacy_Agency": "SC", "Population_Served_Count": 132, "Service_Connections_Count": 45, "Service_Area_Type": "Mobile Home Park", "Verification_Status": "", "Area_SqKM": 0.023846862173643065}, "geometry": {"type": "Point", "coordinates": [-80.89572138369765, 34.07589051841575]}}, {"type": "Feature", "properties": {"PWSID": "SC4060005", "PWS_Name": "FREEWAY MHP (SC4060005)", "Primacy_Agency": "SC", "Population_Served_Count": 80, "Service_Connections_Count": 52, "Service_Area_Type": "Mobile Home Park", "Verification_Status": "", "Area_SqKM": 0.012886424043544106}, "geometry": {"type": "Point", "coordinates": [-80.8036682870934, 34.11942986094897]}}, {"type": "Feature", "properties": {"PWSID": "SC4060001", "PWS_Name": "CRESTHAVEN MHP (SC4060001)", "Primacy_Agency": "SC", "Population_Served_Count": 37, "Service_Connections_Count": 25, "Service_Area_Type": "Mobile Home Park", "Verification_Status": "", "Area_SqKM": 0.38273084745141295}, "geometry": {"type": "Point", "coordinates": [-80.81673159129447, 33.997289556625944]}}, {"type": "Feature", "properties": {"PWSID": "SC4010002", "PWS_Name": "EASTOVER TOWN OF (SC4010002)", "Primacy_Agency": "SC", "Population_Served_Count": 700, "Service_Connections_Count": 370, "Service_Area_Type": "Residential Area", "Verification_Status": "", "Area_SqKM": 3.007305330565087}, "geometry": {"type": "Point", "coordinates": [-80.694469563636, 33.87897779096142]}}, {"type": "Feature", "properties": {"PWSID": "SC3810012", "PWS_Name": "ORANGEBURG COUNTY (SC3810012)", "Primacy_Agency": "SC", "Population_Served_Count": 280, "Service_Connections_Count": 112, "Service_Area_Type": "Municipality", "Verification_Status": "", "Area_SqKM": 0.14758822545586636}, "geometry": {"type": "Point", "coordinates": [-80.62061889997693, 33.457704820123276]}}, {"type": "Feature", "properties": {"PWSID": "SC3810011", "PWS_Name": "SANTEE TOWN OF (3810011)", "Primacy_Agency": "SC", "Population_Served_Count": 2388, "Service_Connections_Count": 1237, "Service_Area_Type": "Residential Area", "Verification_Status": "", "Area_SqKM": 8.331032847380973}, "geometry": {"type": "Point", "coordinates": [-80.46622134575642, 33.483003575573264]}}, {"type": "Feature", "properties": {"PWSID": "SC3810004", "PWS_Name": "BOWMAN TOWN OF (SC3810004)", "Primacy_Agency": "SC", "Population_Served_Count": 1274, "Service_Connections_Count": 499, "Service_Area_Type": "Residential Area", "Verification_Status": "", "Area_SqKM": 2.7630354716835406}, "geometry": {"type": "Point", "coordinates": [-80.68512835709483, 33.34631683139174]}}, {"type": "Feature", "properties": {"PWSID": "SC3810002", "PWS_Name": "HOLLY HILL TOWN OF (SC3810002)", "Primacy_Agency": "SC", "Population_Served_Count": 1710, "Service_Connections_Count": 742, "Service_Area_Type": "Residential Area", "Verification_Status": "", "Area_SqKM": 3.717316606916046}, "geometry": {"type": "Point", "coordinates": [-80.40863537871192, 33.32439067660869]}}, {"type": "Feature", "properties": {"PWSID": "SC3110002", "PWS_Name": "LYNCHBURG TOWN OF (SC3110002)", "Primacy_Agency": "SC", "Population_Served_Count": 373, "Service_Connections_Count": 214, "Service_Area_Type": "Residential Area", "Verification_Status": "", "Area_SqKM": 2.01555595357384}, "geometry": {"type": "Point", "coordinates": [-80.07780625901532, 34.06107381999923]}}, {"type": "Feature", "properties": {"PWSID": "SC2660049", "PWS_Name": "LAKEWOOD CAMPGROUND (SC2660049)", "Primacy_Agency": "SC", "Population_Served_Count": 4415, "Service_Connections_Count": 1796, "Service_Area_Type": "Recreation Area", "Verification_Status": "", "Area_SqKM": 1.1259376089063662}, "geometry": {"type": "Point", "coordinates": [-78.9471569446171, 33.637012059638764]}}, {"type": "Feature", "properties": {"PWSID": "SC2660048", "PWS_Name": "OCEAN LAKES LTD (SC2660048)", "Primacy_Agency": "SC", "Population_Served_Count": 10727, "Service_Connections_Count": 3457, "Service_Area_Type": "Recreation Area", "Verification_Status": "", "Area_SqKM": 1.071811576276863}, "geometry": {"type": "Point", "coordinates": [-78.95973806936684, 33.627194403565724]}}, {"type": "Feature", "properties": {"PWSID": "SC2660045", "PWS_Name": "THOMPKINS MHP (SC2660045)", "Primacy_Agency": "SC", "Population_Served_Count": 42, "Service_Connections_Count": 18, "Service_Area_Type": "Mobile Home Park", "Verification_Status": "", "Area_SqKM": 0.03670469749566275}, "geometry": {"type": "Point", "coordinates": [-79.01835457444899, 33.677134317124626]}}, {"type": "Feature", "properties": {"PWSID": "SC2620003", "PWS_Name": "BUCKSPORT WATER COMPANY (SC2620003)", "Primacy_Agency": "SC", "Population_Served_Count": 17123, "Service_Connections_Count": 7943, "Service_Area_Type": "Residential Area", "Verification_Status": "", "Area_SqKM": 31.044317598889116}, "geometry": {"type": "Point", "coordinates": [-79.13259964619733, 33.79261071103113]}}, {"type": "Feature", "properties": {"PWSID": "SC3250005", "PWS_Name": "BGWC LAKEWOOD ESTATES (SC3250005)", "Primacy_Agency": "SC", "Population_Served_Count": 492, "Service_Connections_Count": 283, "Service_Area_Type": "Residential Area", "Verification_Status": "", "Area_SqKM": 4.904736443297446}, "geometry": {"type": "Point", "coordinates": [-81.4305318401731, 34.127254692909354]}}, {"type": "Feature", "properties": {"PWSID": "SC3250013", "PWS_Name": "BGWC MURRAY LODGE (3250013)", "Primacy_Agency": "SC", "Population_Served_Count": 146, "Service_Connections_Count": 62, "Service_Area_Type": "Residential Area", "Verification_Status": "", "Area_SqKM": 0.4101999712009058}, "geometry": {"type": "Point", "coordinates": [-81.34521945136247, 34.10322143553122]}}, {"type": "Feature", "properties": {"PWSID": "SC3250014", "PWS_Name": "MURRAY HILL ESTATES (SC3250014)", "Primacy_Agency": "SC", "Population_Served_Count": 134, "Service_Connections_Count": 48, "Service_Area_Type": "Residential Area", "Verification_Status": "", "Area_SqKM": 0.327626994458802}, "geometry": {"type": "Point", "coordinates": [-81.430624126233, 34.01418513575701]}}, {"type": "Feature", "properties": {"PWSID": "SC3250018", "PWS_Name": "STEPHENSON'S LAKE (SC3250018)", "Primacy_Agency": "SC", "Population_Served_Count": 55, "Service_Connections_Count": 56, "Service_Area_Type": "Residential Area", "Verification_Status": "", "Area_SqKM": 0.09523253532642963}, "geometry": {"type": "Point", "coordinates": [-81.45619231991591, 34.28985858004331]}}, {"type": "Feature", "properties": {"PWSID": "SC3250021", "PWS_Name": "BGWC DUTCHMAN SHORES (SC3250021)", "Primacy_Agency": "SC", "Population_Served_Count": 335, "Service_Connections_Count": 168, "Service_Area_Type": "Residential Area", "Verification_Status": "", "Area_SqKM": 4.328903548960886}, "geometry": {"type": "Point", "coordinates": [-81.34355993875279, 34.12472057866247]}}, {"type": "Feature", "properties": {"PWSID": "SC3250025", "PWS_Name": "BGWC MILMONT SHORES (SC3250025)", "Primacy_Agency": "SC", "Population_Served_Count": 57, "Service_Connections_Count": 21, "Service_Area_Type": "Residential Area", "Verification_Status": "", "Area_SqKM": 4.939796432203004}, "geometry": {"type": "Point", "coordinates": [-81.39040107614449, 34.11460570828161]}}, {"type": "Feature", "properties": {"PWSID": "SC3250038", "PWS_Name": "BGWC FOX TRAIL (SC3250038)", "Primacy_Agency": "SC", "Population_Served_Count": 94, "Service_Connections_Count": 38, "Service_Area_Type": "Residential Area", "Verification_Status": "", "Area_SqKM": 3.5457576331269243}, "geometry": {"type": "Point", "coordinates": [-81.34655302391681, 34.015629928341184]}}, {"type": "Feature", "properties": {"PWSID": "SC1820003", "PWS_Name": "DCWA TRANQUIL ACRES (1820003)", "Primacy_Agency": "SC", "Population_Served_Count": 858, "Service_Connections_Count": 312, "Service_Area_Type": "Residential Area", "Verification_Status": "", "Area_SqKM": 0.18711434740218316}, "geometry": {"type": "Point", "coordinates": [-80.1533330463747, 32.96142183904101]}}, {"type": "Feature", "properties": {"PWSID": "SC3250054", "PWS_Name": "BGWC LAKE VILLAGE (SC3250054)", "Primacy_Agency": "SC", "Population_Served_Count": 197, "Service_Connections_Count": 100, "Service_Area_Type": "Residential Area", "Verification_Status": "", "Area_SqKM": 2.5729831410295656}, "geometry": {"type": "Point", "coordinates": [-81.44154367846131, 34.02453240771562]}}, {"type": "Feature", "properties": {"PWSID": "SC1810003", "PWS_Name": "SUMMERVILLE CPW (SC1810003)", "Primacy_Agency": "SC", "Population_Served_Count": 81750, "Service_Connections_Count": 28305, "Service_Area_Type": "Residential Area", "Verification_Status": "", "Area_SqKM": 83.96945706626636}, "geometry": {"type": "Point", "coordinates": [-80.18430663573255, 32.998305307985625]}}, {"type": "Feature", "properties": {"PWSID": "SC1810002", "PWS_Name": "HARLEYVILLE TOWN OF (SC1810002)", "Primacy_Agency": "SC", "Population_Served_Count": 946, "Service_Connections_Count": 330, "Service_Area_Type": "Residential Area", "Verification_Status": "", "Area_SqKM": 2.230388530905368}, "geometry": {"type": "Point", "coordinates": [-80.44490843212793, 33.21189800599773]}}, {"type": "Feature", "properties": {"PWSID": "SC1810001", "PWS_Name": "ST GEORGE TOWN OF (1810001)", "Primacy_Agency": "SC", "Population_Served_Count": 2148, "Service_Connections_Count": 1058, "Service_Area_Type": "Residential Area", "Verification_Status": "", "Area_SqKM": 5.769553371251529}, "geometry": {"type": "Point", "coordinates": [-80.58252998141704, 33.189437342258216]}}, {"type": "Feature", "properties": {"PWSID": "SC3250060", "PWS_Name": "SHADY ACRES (SC3250060)", "Primacy_Agency": "SC", "Population_Served_Count": 73, "Service_Connections_Count": 31, "Service_Area_Type": "Residential Area", "Verification_Status": "", "Area_SqKM": 2.753709824535382}, "geometry": {"type": "Point", "coordinates": [-81.3672257576332, 34.11231810847555]}}, {"type": "Feature", "properties": {"PWSID": "SC3250063", "PWS_Name": "BGWC THE LANDINGS (3250063)", "Primacy_Agency": "SC", "Population_Served_Count": 430, "Service_Connections_Count": 169, "Service_Area_Type": "Residential Area", "Verification_Status": "", "Area_SqKM": 0.005774434158546446}, "geometry": {"type": "Point", "coordinates": [-81.28255906916696, 34.03436844622436]}}, {"type": "Feature", "properties": {"PWSID": "SC3250065", "PWS_Name": "CRYSTAL PINES (SC3250065)", "Primacy_Agency": "SC", "Population_Served_Count": 69, "Service_Connections_Count": 38, "Service_Area_Type": "Residential Area", "Verification_Status": "", "Area_SqKM": 13.54930854788607}, "geometry": {"type": "Point", "coordinates": [-81.35862429661314, 34.08882322340384]}}, {"type": "Feature", "properties": {"PWSID": "SC3250066", "PWS_Name": "BGWC INDIAN FORK-40 LOVE (3250066)", "Primacy_Agency": "SC", "Population_Served_Count": 367, "Service_Connections_Count": 226, "Service_Area_Type": "Residential Area", "Verification_Status": "", "Area_SqKM": 1.1474478111095832}, "geometry": {"type": "Point", "coordinates": [-81.29706173624804, 34.1304117611462]}}, {"type": "Feature", "properties": {"PWSID": "SC3250072", "PWS_Name": "BGWC HILTON PLACE (SC3250072)", "Primacy_Agency": "SC", "Population_Served_Count": 87, "Service_Connections_Count": 36, "Service_Area_Type": "Residential Area", "Verification_Status": "", "Area_SqKM": 8.130860533661107}, "geometry": {"type": "Point", "coordinates": [-81.34326450354553, 34.10511193759557]}}, {"type": "Feature", "properties": {"PWSID": "SC3250077", "PWS_Name": "AMICKS FERRY WTR SYSTEM (SC3250077)", "Primacy_Agency": "SC", "Population_Served_Count": 3671, "Service_Connections_Count": 1595, "Service_Area_Type": "Residential Area", "Verification_Status": "", "Area_SqKM": 9.886655425558388}, "geometry": {"type": "Point", "coordinates": [-81.34907576746804, 34.15146626868054]}}, {"type": "Feature", "properties": {"PWSID": "SC3250088", "PWS_Name": "EMERALD SHORES (SC3250088)", "Primacy_Agency": "SC", "Population_Served_Count": 36, "Service_Connections_Count": 18, "Service_Area_Type": "Residential Area", "Verification_Status": "", "Area_SqKM": 0.24011393219893612}, "geometry": {"type": "Point", "coordinates": [-81.37955652291672, 34.10139098765899]}}, {"type": "Feature", "properties": {"PWSID": "SC3250103", "PWS_Name": "BGWC ESTATES AT HILTON (SC3250103)", "Primacy_Agency": "SC", "Population_Served_Count": 67, "Service_Connections_Count": 27, "Service_Area_Type": "Residential Area", "Verification_Status": "", "Area_SqKM": 0.015950518230505174}, "geometry": {"type": "Point", "coordinates": [-81.2873974250655, 34.10236778746706]}}, {"type": "Feature", "properties": {"PWSID": "SC3260048", "PWS_Name": "JAKES LANDING (SC3260048)", "Primacy_Agency": "SC", "Population_Served_Count": 79, "Service_Connections_Count": 94, "Service_Area_Type": "Mobile Home Park", "Verification_Status": "", "Area_SqKM": 0.014965006156105961}, "geometry": {"type": "Point", "coordinates": [-81.22699577819144, 34.02788816516385]}}, {"type": "Feature", "properties": {"PWSID": "SC1010007", "PWS_Name": "LINCOLNVILLE TOWN OF (SC1010007)", "Primacy_Agency": "SC", "Population_Served_Count": 1980, "Service_Connections_Count": 730, "Service_Area_Type": "Residential Area", "Verification_Status": "", "Area_SqKM": 7.651776136301441}, "geometry": {"type": "Point", "coordinates": [-80.16859397626313, 33.06991837732281]}}, {"type": "Feature", "properties": {"PWSID": "SC1010005", "PWS_Name": "FOLLY BEACH CITY OF (1010005)", "Primacy_Agency": "SC", "Population_Served_Count": 5086, "Service_Connections_Count": 2141, "Service_Area_Type": "Residential Area", "Verification_Status": "", "Area_SqKM": 7.5598479696154595}, "geometry": {"type": "Point", "coordinates": [-79.92627336230336, 32.668139710544715]}}, {"type": "Feature", "properties": {"PWSID": "SC3270300", "PWS_Name": "BGWC LANDS END CONDOS (SC3270300)", "Primacy_Agency": "SC", "Population_Served_Count": 359, "Service_Connections_Count": 138, "Service_Area_Type": "Residential Area", "Verification_Status": "", "Area_SqKM": 0.25168150757388824}, "geometry": {"type": "Point", "coordinates": [-81.28115262088939, 34.038280338795374]}}, {"type": "Feature", "properties": {"PWSID": "SC3270301", "PWS_Name": "LAKE LODGE APARTMENTS (3270301)", "Primacy_Agency": "SC", "Population_Served_Count": 130, "Service_Connections_Count": 97, "Service_Area_Type": "Other Residential", "Verification_Status": "", "Area_SqKM": 0.0701957774154221}, "geometry": {"type": "Point", "coordinates": [-81.22251765489266, 34.02686753558152]}}, {"type": "Feature", "properties": {"PWSID": "SC3270302", "PWS_Name": "BGWC HARBORSIDE (3270302)", "Primacy_Agency": "SC", "Population_Served_Count": 286, "Service_Connections_Count": 115, "Service_Area_Type": "Residential Area", "Verification_Status": "", "Area_SqKM": 1.4453405236028178}, "geometry": {"type": "Point", "coordinates": [-81.27197183522703, 34.035299849139975]}}, {"type": "Feature", "properties": {"PWSID": "SC3270802", "PWS_Name": "SIESTA COVE RV PARK MARINA (SC3270802)", "Primacy_Agency": "SC", "Population_Served_Count": 40, "Service_Connections_Count": 43, "Service_Area_Type": "Recreation Area", "Verification_Status": "", "Area_SqKM": 0.09611764570405541}, "geometry": {"type": "Point", "coordinates": [-81.36594135883512, 34.04741196026892]}}, {"type": "Feature", "properties": {"PWSID": "SC0910001", "PWS_Name": "ST MATTHEWS TOWN OF (SC0910001)", "Primacy_Agency": "SC", "Population_Served_Count": 2644, "Service_Connections_Count": 1318, "Service_Area_Type": "Residential Area", "Verification_Status": "", "Area_SqKM": 6.087122718439164}, "geometry": {"type": "Point", "coordinates": [-80.78067675667289, 33.66788356023823]}}, {"type": "Feature", "properties": {"PWSID": "SC0870972", "PWS_Name": "MEPKIN ABBEY (SC0870972)", "Primacy_Agency": "SC", "Population_Served_Count": 30, "Service_Connections_Count": 42, "Service_Area_Type": "Other Residential", "Verification_Status": "", "Area_SqKM": 2.8911853032854076}, "geometry": {"type": "Point", "coordinates": [-79.96223955838238, 33.110200485129965]}}, {"type": "Feature", "properties": {"PWSID": "SC0870050", "PWS_Name": "MACDOUGALL CORRECTIONAL INST (SC0870050)", "Primacy_Agency": "SC", "Population_Served_Count": 790, "Service_Connections_Count": 15, "Service_Area_Type": "Institution", "Verification_Status": "", "Area_SqKM": 0.05655305983602438}, "geometry": {"type": "Point", "coordinates": [-80.1824336713233, 33.1527398399565]}}, {"type": "Feature", "properties": {"PWSID": "SC0860063", "PWS_Name": "BUTLERS MHP (SC0860063)", "Primacy_Agency": "SC", "Population_Served_Count": 77, "Service_Connections_Count": 31, "Service_Area_Type": "Mobile Home Park", "Verification_Status": "", "Area_SqKM": 0.04936560629936343}, "geometry": {"type": "Point", "coordinates": [-80.15005991054852, 33.38092496316731]}}, {"type": "Feature", "properties": {"PWSID": "SC0820009", "PWS_Name": "BCWSA EAST COOPER (SC0820009)", "Primacy_Agency": "SC", "Population_Served_Count": 11198, "Service_Connections_Count": 4933, "Service_Area_Type": "Residential Area", "Verification_Status": "", "Area_SqKM": 5.317620637112517}, "geometry": {"type": "Point", "coordinates": [-80.116138889281, 33.37061559637791]}}, {"type": "Feature", "properties": {"PWSID": "SC0810004", "PWS_Name": "GOOSE CREEK CITY OF (SC0810004)", "Primacy_Agency": "SC", "Population_Served_Count": 40628, "Service_Connections_Count": 12096, "Service_Area_Type": "Residential Area", "Verification_Status": "", "Area_SqKM": 39.03524171816114}, "geometry": {"type": "Point", "coordinates": [-79.97704958237209, 32.982705462453296]}}, {"type": "Feature", "properties": {"PWSID": "SC0810003", "PWS_Name": "JAMESTOWN TOWN OF (SC0810003)", "Primacy_Agency": "SC", "Population_Served_Count": 800, "Service_Connections_Count": 314, "Service_Area_Type": "Residential Area", "Verification_Status": "", "Area_SqKM": 4.041839625381944}, "geometry": {"type": "Point", "coordinates": [-79.69383665366193, 33.28880575197388]}}, {"type": "Feature", "properties": {"PWSID": "SC0810001", "PWS_Name": "MONCKS CORNER CITY OF (SC0810001)", "Primacy_Agency": "SC", "Population_Served_Count": 7440, "Service_Connections_Count": 3180, "Service_Area_Type": "Residential Area", "Verification_Status": "", "Area_SqKM": 32.47077295173176}, "geometry": {"type": "Point", "coordinates": [-80.02005427959365, 33.17558545814999]}}, {"type": "Feature", "properties": {"PWSID": "SC0760076", "PWS_Name": "BRIARWOOD MHP (SC0760076)", "Primacy_Agency": "SC", "Population_Served_Count": 39, "Service_Connections_Count": 19, "Service_Area_Type": "Residential Area", "Verification_Status": "", "Area_SqKM": 1.715331422693503}, "geometry": {"type": "Point", "coordinates": [-80.74182216427884, 32.38746559523827]}}, {"type": "Feature", "properties": {"PWSID": "SC3610001", "PWS_Name": "NEWBERRY CITY OF (3610001)", "Primacy_Agency": "SC", "Population_Served_Count": 9573, "Service_Connections_Count": 4682, "Service_Area_Type": "Wholesaler of Water", "Verification_Status": "", "Area_SqKM": 27.590000466370387}, "geometry": {"type": "Point", "coordinates": [-81.6047137319005, 34.28124523320848]}}, {"type": "Feature", "properties": {"PWSID": "SC0760015", "PWS_Name": "TAYLOR MH ESTATE (SC0760015)", "Primacy_Agency": "SC", "Population_Served_Count": 60, "Service_Connections_Count": 76, "Service_Area_Type": "Mobile Home Park", "Verification_Status": "", "Area_SqKM": 0.019194631329773986}, "geometry": {"type": "Point", "coordinates": [-80.73690727647713, 32.40352656490174]}}, {"type": "Feature", "properties": {"PWSID": "SC0760001", "PWS_Name": "LAKEVIEW MHP (SC0760001)", "Primacy_Agency": "SC", "Population_Served_Count": 114, "Service_Connections_Count": 49, "Service_Area_Type": "Mobile Home Park", "Verification_Status": "", "Area_SqKM": 0.00547378346871694}, "geometry": {"type": "Point", "coordinates": [-80.74932463859588, 32.42643576155498]}}, {"type": "Feature", "properties": {"PWSID": "SC3610004", "PWS_Name": "WHITMIRE TOWN OF (3610004)", "Primacy_Agency": "SC", "Population_Served_Count": 2256, "Service_Connections_Count": 1029, "Service_Area_Type": "Residential Area", "Verification_Status": "", "Area_SqKM": 4.989847363628853}, "geometry": {"type": "Point", "coordinates": [-81.61399885788316, 34.49517499213188]}}, {"type": "Feature", "properties": {"PWSID": "SC0750013", "PWS_Name": "HARBOR ISLAND (SC0750013)", "Primacy_Agency": "SC", "Population_Served_Count": 1039, "Service_Connections_Count": 470, "Service_Area_Type": "Residential Area", "Verification_Status": "", "Area_SqKM": 3.2845438999609327}, "geometry": {"type": "Point", "coordinates": [-80.43683644458773, 32.40615017018193]}}, {"type": "Feature", "properties": {"PWSID": "SC0720002", "PWS_Name": "FRIPP ISLAND PSD (SC0720002)", "Primacy_Agency": "SC", "Population_Served_Count": 3536, "Service_Connections_Count": 1642, "Service_Area_Type": "Residential Area", "Verification_Status": "", "Area_SqKM": 7.224399577241828}, "geometry": {"type": "Point", "coordinates": [-80.47292056246424, 32.3200225819154]}}, {"type": "Feature", "properties": {"PWSID": "SC3610005", "PWS_Name": "PROSPERITY TOWN OF (SC3610005)", "Primacy_Agency": "SC", "Population_Served_Count": 1292, "Service_Connections_Count": 680, "Service_Area_Type": "Residential Area", "Verification_Status": "", "Area_SqKM": 5.904837828445361}, "geometry": {"type": "Point", "coordinates": [-81.5213641737723, 34.20703121465689]}}, {"type": "Feature", "properties": {"PWSID": "SC0750002", "PWS_Name": "WATER OAK UTILITY CO (SC0750002)", "Primacy_Agency": "SC", "Population_Served_Count": 2318, "Service_Connections_Count": 1079, "Service_Area_Type": "Residential Area", "Verification_Status": "", "Area_SqKM": 2.0277292956000963}, "geometry": {"type": "Point", "coordinates": [-80.8136978030617, 32.25144318747372]}}, {"type": "Feature", "properties": {"PWSID": "SC3670108", "PWS_Name": "BOYS FARM INC (SC3670108)", "Primacy_Agency": "SC", "Population_Served_Count": 50, "Service_Connections_Count": 9, "Service_Area_Type": "Other Residential", "Verification_Status": "", "Area_SqKM": 0.052292800444516216}, "geometry": {"type": "Point", "coordinates": [-81.6215585128879, 34.27213087418944]}}, {"type": "Feature", "properties": {"PWSID": "SC1820008", "PWS_Name": "DCWS ASHLEY PHOSPHATE (SC1820008)", "Primacy_Agency": "SC", "Population_Served_Count": 26076, "Service_Connections_Count": 9477, "Service_Area_Type": "Residential Area", "Verification_Status": "", "Area_SqKM": 4.398485253914093}, "geometry": {"type": "Point", "coordinates": [-80.11485447140802, 32.96388818844896]}}, {"type": "Feature", "properties": {"PWSID": "SC1870914", "PWS_Name": "DCWS I-95 (SC1870914)", "Primacy_Agency": "SC", "Population_Served_Count": 102, "Service_Connections_Count": 44, "Service_Area_Type": "Service Station", "Verification_Status": "", "Area_SqKM": 0.08951212918308453}, "geometry": {"type": "Point", "coordinates": [-80.63634526116266, 33.29775275800148]}}, {"type": "Feature", "properties": {"PWSID": "SC2010002", "PWS_Name": "RIDGEWAY TOWN OF (SC2010002)", "Primacy_Agency": "SC", "Population_Served_Count": 950, "Service_Connections_Count": 342, "Service_Area_Type": "Residential Area", "Verification_Status": "", "Area_SqKM": 2.0737857254429426}, "geometry": {"type": "Point", "coordinates": [-80.95177983159863, 34.29905563523081]}}, {"type": "Feature", "properties": {"PWSID": "SC2020005", "PWS_Name": "MITFORD WATER DISTRICT (SC2020005)", "Primacy_Agency": "SC", "Population_Served_Count": 1878, "Service_Connections_Count": 1203, "Service_Area_Type": "Residential Area", "Verification_Status": "", "Area_SqKM": 8.941745244508924}, "geometry": {"type": "Point", "coordinates": [-80.90759328887034, 34.574433918806236]}}, {"type": "Feature", "properties": {"PWSID": "SC2070002", "PWS_Name": "RIDGEWAY MANOR  (SC2070002)", "Primacy_Agency": "SC", "Population_Served_Count": 158, "Service_Connections_Count": 6, "Service_Area_Type": "Medical Facility", "Verification_Status": "", "Area_SqKM": 0.09154058332258737}, "geometry": {"type": "Point", "coordinates": [-80.90847455168264, 34.31062564509594]}}, {"type": "Feature", "properties": {"PWSID": "SC2110006", "PWS_Name": "OLANTA TOWN OF (SC2110006)", "Primacy_Agency": "SC", "Population_Served_Count": 801, "Service_Connections_Count": 388, "Service_Area_Type": "Residential Area", "Verification_Status": "", "Area_SqKM": 3.5976371769889077}, "geometry": {"type": "Point", "coordinates": [-79.93980574506635, 33.93847363286472]}}, {"type": "Feature", "properties": {"PWSID": "SC2110007", "PWS_Name": "LAKE CITY CITY OF (SC2110007)", "Primacy_Agency": "SC", "Population_Served_Count": 9191, "Service_Connections_Count": 3914, "Service_Area_Type": "Residential Area", "Verification_Status": "", "Area_SqKM": 18.08569420176449}, "geometry": {"type": "Point", "coordinates": [-79.75215800318955, 33.86786355905154]}}, {"type": "Feature", "properties": {"PWSID": "SC2110009", "PWS_Name": "SCRANTON TOWN OF (SC2110009)", "Primacy_Agency": "SC", "Population_Served_Count": 1133, "Service_Connections_Count": 434, "Service_Area_Type": "Residential Area", "Verification_Status": "", "Area_SqKM": 3.030577927186465}, "geometry": {"type": "Point", "coordinates": [-79.74428157060956, 33.92153003138922]}}, {"type": "Feature", "properties": {"PWSID": "SC2110010", "PWS_Name": "PAMPLICO TOWN OF (SC2110010)", "Primacy_Agency": "SC", "Population_Served_Count": 1734, "Service_Connections_Count": 667, "Service_Area_Type": "Residential Area", "Verification_Status": "", "Area_SqKM": 4.2630593492675155}, "geometry": {"type": "Point", "coordinates": [-79.57180302066756, 33.98904177982797]}}, {"type": "Feature", "properties": {"PWSID": "SC2110011", "PWS_Name": "JOHNSONVILLE CITY OF (SC2110011)", "Primacy_Agency": "SC", "Population_Served_Count": 5083, "Service_Connections_Count": 2118, "Service_Area_Type": "Residential Area", "Verification_Status": "", "Area_SqKM": 16.798003916378413}, "geometry": {"type": "Point", "coordinates": [-79.46018738797385, 33.8136538836827]}}, {"type": "Feature", "properties": {"PWSID": "SC2110012", "PWS_Name": "COWARD TOWN OF (SC2110012)", "Primacy_Agency": "SC", "Population_Served_Count": 2283, "Service_Connections_Count": 933, "Service_Area_Type": "Residential Area", "Verification_Status": "", "Area_SqKM": 0.7380821465762608}, "geometry": {"type": "Point", "coordinates": [-79.75129495881201, 33.97760686464083]}}, {"type": "Feature", "properties": {"PWSID": "SC2210003", "PWS_Name": "ANDREWS TOWN OF (SC2210003)", "Primacy_Agency": "SC", "Population_Served_Count": 3450, "Service_Connections_Count": 1611, "Service_Area_Type": "Wholesaler of Water", "Verification_Status": "", "Area_SqKM": 9.140028361272616}, "geometry": {"type": "Point", "coordinates": [-79.55465248076086, 33.448521164470606]}}, {"type": "Feature", "properties": {"PWSID": "SC2220001", "PWS_Name": "GEORGETOWN RURAL COMM WA (2220001)", "Primacy_Agency": "SC", "Population_Served_Count": 4941, "Service_Connections_Count": 2268, "Service_Area_Type": "Wholesaler of Water", "Verification_Status": "", "Area_SqKM": 3.3158370904879875}, "geometry": {"type": "Point", "coordinates": [-79.29655238266129, 33.43523664423139]}}, {"type": "Feature", "properties": {"PWSID": "SC2220002", "PWS_Name": "GCWSD KILSOCK WATER SYS (SC2220002)", "Primacy_Agency": "SC", "Population_Served_Count": 4417, "Service_Connections_Count": 1946, "Service_Area_Type": "Residential Area", "Verification_Status": "", "Area_SqKM": 158.95990756700647}, "geometry": {"type": "Point", "coordinates": [-79.41295666913402, 33.29971383745655]}}, {"type": "Feature", "properties": {"PWSID": "SC2220003", "PWS_Name": "BROWNS FERRY WATER CO (SC2220003)", "Primacy_Agency": "SC", "Population_Served_Count": 2550, "Service_Connections_Count": 1111, "Service_Area_Type": "Residential Area", "Verification_Status": "", "Area_SqKM": 4.49638517065106}, "geometry": {"type": "Point", "coordinates": [-79.34333140849107, 33.512159916574035]}}, {"type": "Feature", "properties": {"PWSID": "SC2220004", "PWS_Name": "GCWSD PLANTERSVILLE SYS (2220004)", "Primacy_Agency": "SC", "Population_Served_Count": 1079, "Service_Connections_Count": 462, "Service_Area_Type": "Residential Area", "Verification_Status": "", "Area_SqKM": 0.913728982863423}, "geometry": {"type": "Point", "coordinates": [-79.21457513234213, 33.547262816316355]}}, {"type": "Feature", "properties": {"PWSID": "SC2220006", "PWS_Name": "GCWSD WEDGEFIELD PLANTATION (2220006)", "Primacy_Agency": "SC", "Population_Served_Count": 1132, "Service_Connections_Count": 481, "Service_Area_Type": "Residential Area", "Verification_Status": "", "Area_SqKM": 9.82571890923337}, "geometry": {"type": "Point", "coordinates": [-79.25466412727339, 33.42828267269988]}}, {"type": "Feature", "properties": {"PWSID": "SC2220011", "PWS_Name": "GCWSD GARDEN CITY POINT (SC2220011)", "Primacy_Agency": "SC", "Population_Served_Count": 1790, "Service_Connections_Count": 729, "Service_Area_Type": "Residential Area", "Verification_Status": "", "Area_SqKM": 1.0505029370426104}, "geometry": {"type": "Point", "coordinates": [-79.02082744721851, 33.589231058359324]}}, {"type": "Feature", "properties": {"PWSID": "SC2820001", "PWS_Name": "LUGOFF ELGIN WATER AUTH (SC2820001)", "Primacy_Agency": "SC", "Population_Served_Count": 22873, "Service_Connections_Count": 9566, "Service_Area_Type": "Residential Area", "Verification_Status": "", "Area_SqKM": 65.68417424256097}, "geometry": {"type": "Point", "coordinates": [-80.73717411602809, 34.200418523381785]}}, {"type": "Feature", "properties": {"PWSID": "SC3810005", "PWS_Name": "BRANCHVILLE TOWN OF (3810005)", "Primacy_Agency": "SC", "Population_Served_Count": 1218, "Service_Connections_Count": 566, "Service_Area_Type": "Residential Area", "Verification_Status": "", "Area_SqKM": 5.409908945730938}, "geometry": {"type": "Point", "coordinates": [-80.81554854676365, 33.25258280620575]}}, {"type": "Feature", "properties": {"PWSID": "SC3810006", "PWS_Name": "EUTAWVILLE TOWN OF (3810006)", "Primacy_Agency": "SC", "Population_Served_Count": 555, "Service_Connections_Count": 270, "Service_Area_Type": "Residential Area", "Verification_Status": "", "Area_SqKM": 2.8601496623281344}, "geometry": {"type": "Point", "coordinates": [-80.34008573193456, 33.39384720394345]}}, {"type": "Feature", "properties": {"PWSID": "SC4050006", "PWS_Name": "BGWC SPRINGFIELD ACRES (SC4050006)", "Primacy_Agency": "SC", "Population_Served_Count": 130, "Service_Connections_Count": 49, "Service_Area_Type": "Residential Area", "Verification_Status": "", "Area_SqKM": 1.481701494065508}, "geometry": {"type": "Point", "coordinates": [-80.90142055996364, 34.069570610488654]}}, {"type": "Feature", "properties": {"PWSID": "SC4050011", "PWS_Name": "BGWC HARMON HILL ESTATES (SC4050011)", "Primacy_Agency": "SC", "Population_Served_Count": 126, "Service_Connections_Count": 46, "Service_Area_Type": "Residential Area", "Verification_Status": "", "Area_SqKM": 0.42274998418249815}, "geometry": {"type": "Point", "coordinates": [-80.79782614851504, 33.99354551432527]}}, {"type": "Feature", "properties": {"PWSID": "SC4050012", "PWS_Name": "BGWC FARROWWOOD ESTATES (SC4050012)", "Primacy_Agency": "SC", "Population_Served_Count": 356, "Service_Connections_Count": 149, "Service_Area_Type": "Residential Area", "Verification_Status": "", "Area_SqKM": 3.517919974532304}, "geometry": {"type": "Point", "coordinates": [-80.95494402052049, 34.10412259742683]}}, {"type": "Feature", "properties": {"PWSID": "SC4050019", "PWS_Name": "BGWC OAKRIDGE HUNT CLUB (SC4050019)", "Primacy_Agency": "SC", "Population_Served_Count": 208, "Service_Connections_Count": 81, "Service_Area_Type": "Residential Area", "Verification_Status": "", "Area_SqKM": 2.2765989573774803}, "geometry": {"type": "Point", "coordinates": [-80.81037676110498, 33.952460389399796]}}, {"type": "Feature", "properties": {"PWSID": "SC4060008", "PWS_Name": "WINSOR VALLEY MHP (SC4060008)", "Primacy_Agency": "SC", "Population_Served_Count": 68, "Service_Connections_Count": 33, "Service_Area_Type": "Mobile Home Park", "Verification_Status": "", "Area_SqKM": 1.9946323044089393}, "geometry": {"type": "Point", "coordinates": [-80.92189217023686, 34.06183916507298]}}, {"type": "Feature", "properties": {"PWSID": "SC4060021", "PWS_Name": "PERCIVAL ESTATES MHP (SC4060021)", "Primacy_Agency": "SC", "Population_Served_Count": 12, "Service_Connections_Count": 22, "Service_Area_Type": "Mobile Home Park", "Verification_Status": "", "Area_SqKM": 0.03144366552876281}, "geometry": {"type": "Point", "coordinates": [-80.9550839143433, 34.0755356952454]}}, {"type": "Feature", "properties": {"PWSID": "SC4060032", "PWS_Name": "LAKEWOOD MHP (SC4060032)", "Primacy_Agency": "SC", "Population_Served_Count": 110, "Service_Connections_Count": 53, "Service_Area_Type": "Mobile Home Park", "Verification_Status": "", "Area_SqKM": 0.5296954259586275}, "geometry": {"type": "Point", "coordinates": [-80.89701625665073, 34.071840933331295]}}, {"type": "Feature", "properties": {"PWSID": "SC4060052", "PWS_Name": "PINEY LANE MHP (SC4060052)", "Primacy_Agency": "SC", "Population_Served_Count": 32, "Service_Connections_Count": 23, "Service_Area_Type": "Mobile Home Park", "Verification_Status": "", "Area_SqKM": 0.0053821293116834935}, "geometry": {"type": "Point", "coordinates": [-80.74270162951284, 33.94833248232457]}}, {"type": "Feature", "properties": {"PWSID": "SC4310003", "PWS_Name": "MAYESVILLE TOWN OF (SC4310003)", "Primacy_Agency": "SC", "Population_Served_Count": 665, "Service_Connections_Count": 289, "Service_Area_Type": "Residential Area", "Verification_Status": "", "Area_SqKM": 2.2900083065662713}, "geometry": {"type": "Point", "coordinates": [-80.20524768962943, 33.987342896596736]}}, {"type": "Feature", "properties": {"PWSID": "SC4320006", "PWS_Name": "OSWEGO RURAL WATER CO (SC4320006)", "Primacy_Agency": "SC", "Population_Served_Count": 3282, "Service_Connections_Count": 1361, "Service_Area_Type": "Other Residential", "Verification_Status": "", "Area_SqKM": 3.7979722757620142}, "geometry": {"type": "Point", "coordinates": [-80.32371870764266, 34.01334578462483]}}, {"type": "Feature", "properties": {"PWSID": "SC4350006", "PWS_Name": "BGWC OAKLAND PLANTATION (SC4350006)", "Primacy_Agency": "SC", "Population_Served_Count": 1180, "Service_Connections_Count": 409, "Service_Area_Type": "Residential Area", "Verification_Status": "", "Area_SqKM": 6.824909944941418}, "geometry": {"type": "Point", "coordinates": [-80.48990956194136, 33.994929749028714]}}, {"type": "Feature", "properties": {"PWSID": "SC4350007", "PWS_Name": "BGWC POCALLA DEVELOPMENT (SC4350007)", "Primacy_Agency": "SC", "Population_Served_Count": 327, "Service_Connections_Count": 103, "Service_Area_Type": "Residential Area", "Verification_Status": "", "Area_SqKM": 0.8114866112272641}, "geometry": {"type": "Point", "coordinates": [-80.3458545840172, 33.858693871962984]}}, {"type": "Feature", "properties": {"PWSID": "SC4350014", "PWS_Name": "QUAIL HOLLOW S/D (SC4350014)", "Primacy_Agency": "SC", "Population_Served_Count": 36, "Service_Connections_Count": 23, "Service_Area_Type": "Residential Area", "Verification_Status": "", "Area_SqKM": 1.1839343644791784}, "geometry": {"type": "Point", "coordinates": [-80.3842455116062, 33.84618843718997]}}, {"type": "Feature", "properties": {"PWSID": "SC4360010", "PWS_Name": "CEDAR HILL MHP (SC4360010)", "Primacy_Agency": "SC", "Population_Served_Count": 128, "Service_Connections_Count": 48, "Service_Area_Type": "Mobile Home Park", "Verification_Status": "", "Area_SqKM": 0.17674500348602357}, "geometry": {"type": "Point", "coordinates": [-80.4621635802933, 33.961681367327515]}}, {"type": "Feature", "properties": {"PWSID": "SC4360011", "PWS_Name": "CRESCENT MHP (SC4360011)", "Primacy_Agency": "SC", "Population_Served_Count": 259, "Service_Connections_Count": 100, "Service_Area_Type": "Mobile Home Park", "Verification_Status": "", "Area_SqKM": 0.5469425372659217}, "geometry": {"type": "Point", "coordinates": [-80.44326469575338, 33.96395488714661]}}, {"type": "Feature", "properties": {"PWSID": "SC4360012", "PWS_Name": "SHAW MOBILE HOME PARK (SC4360012)", "Primacy_Agency": "SC", "Population_Served_Count": 173, "Service_Connections_Count": 70, "Service_Area_Type": "Mobile Home Park", "Verification_Status": "", "Area_SqKM": 0.8794462916679348}, "geometry": {"type": "Point", "coordinates": [-80.45642275550134, 33.959287297538964]}}, {"type": "Feature", "properties": {"PWSID": "SC4510001", "PWS_Name": "GREELEYVILLE TOWN OF (SC4510001)", "Primacy_Agency": "SC", "Population_Served_Count": 850, "Service_Connections_Count": 403, "Service_Area_Type": "Residential Area", "Verification_Status": "", "Area_SqKM": 3.387459997622798}, "geometry": {"type": "Point", "coordinates": [-80.0017759401327, 33.57442915692546]}}, {"type": "Feature", "properties": {"PWSID": "SC4510002", "PWS_Name": "KINGSTREE TOWN OF (SC4510002)", "Primacy_Agency": "SC", "Population_Served_Count": 6009, "Service_Connections_Count": 2903, "Service_Area_Type": "Residential Area", "Verification_Status": "", "Area_SqKM": 11.031286877991134}, "geometry": {"type": "Point", "coordinates": [-79.8252513666541, 33.67684675334949]}}, {"type": "Feature", "properties": {"PWSID": "SC4510003", "PWS_Name": "STUCKEY TOWN OF (SC4510003)", "Primacy_Agency": "SC", "Population_Served_Count": 317, "Service_Connections_Count": 151, "Service_Area_Type": "Residential Area", "Verification_Status": "", "Area_SqKM": 1.0711971995769296}, "geometry": {"type": "Point", "coordinates": [-79.5162243362319, 33.73094725223204]}}, {"type": "Feature", "properties": {"PWSID": "SC4510004", "PWS_Name": "HEMINGWAY TOWN OF (SC4510004)", "Primacy_Agency": "SC", "Population_Served_Count": 3191, "Service_Connections_Count": 1605, "Service_Area_Type": "Residential Area", "Verification_Status": "", "Area_SqKM": 7.77646106035422}, "geometry": {"type": "Point", "coordinates": [-79.4436452027544, 33.75278710005535]}}, {"type": "Feature", "properties": {"PWSID": "SC4510005", "PWS_Name": "LANE TOWN OF (4510005)", "Primacy_Agency": "SC", "Population_Served_Count": 585, "Service_Connections_Count": 264, "Service_Area_Type": "Residential Area", "Verification_Status": "", "Area_SqKM": 1.0677737042957793}, "geometry": {"type": "Point", "coordinates": [-79.88397003155559, 33.52704036842249]}}, {"type": "Feature", "properties": {"PWSID": "SC4510007", "PWS_Name": "WCWSA (SC4510007)", "Primacy_Agency": "SC", "Population_Served_Count": 7099, "Service_Connections_Count": 3065, "Service_Area_Type": "Other Residential", "Verification_Status": "", "Area_SqKM": 1.0520101450562696}, "geometry": {"type": "Point", "coordinates": [-79.93245434185998, 33.40140501743357]}}, {"type": "Feature", "properties": {"PWSID": "SC4550001", "PWS_Name": "BGWC ROCK BLUFF S/D (4550001)", "Primacy_Agency": "SC", "Population_Served_Count": 45, "Service_Connections_Count": 21, "Service_Area_Type": "Residential Area", "Verification_Status": "", "Area_SqKM": 0.03590157659201702}, "geometry": {"type": "Point", "coordinates": [-79.81339883753637, 33.60611784982923]}}, {"type": "Feature", "properties": {"PWSID": "SC4650009", "PWS_Name": "BGWC SHANDON (SC4650009)", "Primacy_Agency": "SC", "Population_Served_Count": 183, "Service_Connections_Count": 71, "Service_Area_Type": "Residential Area", "Verification_Status": "", "Area_SqKM": 0.47686454642654513}, "geometry": {"type": "Point", "coordinates": [-80.92118536298496, 34.91087920583635]}}, {"type": "Feature", "properties": {"PWSID": "SC4650051", "PWS_Name": "BGWC LESSLIEWOODS 2 (SC4650051)", "Primacy_Agency": "SC", "Population_Served_Count": 41, "Service_Connections_Count": 16, "Service_Area_Type": "Residential Area", "Verification_Status": "", "Area_SqKM": 0.05586293768503098}, "geometry": {"type": "Point", "coordinates": [-80.93423971378522, 34.89742528259304]}}, {"type": "Feature", "properties": {"PWSID": "SC4650063", "PWS_Name": "CATAWBA INDIAN NATION CWS (SC4650063)", "Primacy_Agency": "SC", "Population_Served_Count": 446, "Service_Connections_Count": 186, "Service_Area_Type": "Residential Area", "Verification_Status": "", "Area_SqKM": 0.6876434688481344}, "geometry": {"type": "Point", "coordinates": [-80.89097208094593, 34.902271038186065]}}, {"type": "Feature", "properties": {"PWSID": "SC4660001", "PWS_Name": "FERN FOREST MHP (SC4660001)", "Primacy_Agency": "SC", "Population_Served_Count": 99, "Service_Connections_Count": 50, "Service_Area_Type": "Mobile Home Park", "Verification_Status": "", "Area_SqKM": 1.230506940354625}, "geometry": {"type": "Point", "coordinates": [-80.88127127103549, 35.014593542099156]}}, {"type": "Feature", "properties": {"PWSID": "SC4660007", "PWS_Name": "TWIN LAKES ESTATES (SC4660007)", "Primacy_Agency": "SC", "Population_Served_Count": 550, "Service_Connections_Count": 254, "Service_Area_Type": "Mobile Home Park", "Verification_Status": "", "Area_SqKM": 0.26557140522293426}, "geometry": {"type": "Point", "coordinates": [-80.92936658511279, 35.077966460650195]}}, {"type": "Feature", "properties": {"PWSID": "SC4660009", "PWS_Name": "CEDAR VALLEY MHP (SC4660009)", "Primacy_Agency": "SC", "Population_Served_Count": 290, "Service_Connections_Count": 100, "Service_Area_Type": "Mobile Home Park", "Verification_Status": "", "Area_SqKM": 0.18121584128919982}, "geometry": {"type": "Point", "coordinates": [-80.92437187702372, 34.85425168365107]}}, {"type": "Feature", "properties": {"PWSID": "SC4660103", "PWS_Name": "BGWC RIVERBEND ESTATES (SC4660103)", "Primacy_Agency": "SC", "Population_Served_Count": 93, "Service_Connections_Count": 36, "Service_Area_Type": "Mobile Home Park", "Verification_Status": "", "Area_SqKM": 3.9399412884582037}, "geometry": {"type": "Point", "coordinates": [-80.94881238330264, 34.90926612689584]}}, {"type": "Feature", "properties": {"PWSID": "SC1310001", "PWS_Name": "CHERAW TOWN OF (SC1310001)", "Primacy_Agency": "SC", "Population_Served_Count": 6325, "Service_Connections_Count": 2543, "Service_Area_Type": "Residential Area", "Verification_Status": "", "Area_SqKM": 14.379253403171495}, "geometry": {"type": "Point", "coordinates": [-79.89632241438892, 34.69971635725449]}}, {"type": "Feature", "properties": {"PWSID": "SC1310002", "PWS_Name": "CHESTERFIELD TOWN OF (1310002)", "Primacy_Agency": "SC", "Population_Served_Count": 1670, "Service_Connections_Count": 889, "Service_Area_Type": "Residential Area", "Verification_Status": "", "Area_SqKM": 11.59946132222957}, "geometry": {"type": "Point", "coordinates": [-80.08240486489308, 34.73418902891647]}}, {"type": "Feature", "properties": {"PWSID": "SC1310003", "PWS_Name": "PAGELAND CITY OF (SC1310003)", "Primacy_Agency": "SC", "Population_Served_Count": 3467, "Service_Connections_Count": 1756, "Service_Area_Type": "Residential Area", "Verification_Status": "", "Area_SqKM": 18.40117533763538}, "geometry": {"type": "Point", "coordinates": [-80.37371114383511, 34.773731330135725]}}, {"type": "Feature", "properties": {"PWSID": "SC1310004", "PWS_Name": "MCBEE TOWN OF (SC1310004)", "Primacy_Agency": "SC", "Population_Served_Count": 1239, "Service_Connections_Count": 460, "Service_Area_Type": "Residential Area", "Verification_Status": "", "Area_SqKM": 3.153300800219362}, "geometry": {"type": "Point", "coordinates": [-80.25891647148322, 34.46363480365785]}}, {"type": "Feature", "properties": {"PWSID": "SC1310005", "PWS_Name": "JEFFERSON TOWN OF (SC1310005)", "Primacy_Agency": "SC", "Population_Served_Count": 948, "Service_Connections_Count": 415, "Service_Area_Type": "Residential Area", "Verification_Status": "", "Area_SqKM": 1.662697414227032}, "geometry": {"type": "Point", "coordinates": [-80.3704186389144, 34.62885955503168]}}, {"type": "Feature", "properties": {"PWSID": "SC1320003", "PWS_Name": "CHESTERFIELD CO RURAL WATER (SC1320003)", "Primacy_Agency": "SC", "Population_Served_Count": 25691, "Service_Connections_Count": 10377, "Service_Area_Type": "Residential Area", "Verification_Status": "", "Area_SqKM": 2.45076698446518}, "geometry": {"type": "Point", "coordinates": [-80.2232531652889, 34.717080863543835]}}, {"type": "Feature", "properties": {"PWSID": "SC1320004", "PWS_Name": "ALLIGATOR RURAL WATER (SC1320004)", "Primacy_Agency": "SC", "Population_Served_Count": 4743, "Service_Connections_Count": 1603, "Service_Area_Type": "Residential Area", "Verification_Status": "", "Area_SqKM": 0.7265534002666563}, "geometry": {"type": "Point", "coordinates": [-80.31004664022943, 34.42612104757671]}}, {"type": "Feature", "properties": {"PWSID": "SC1370300", "PWS_Name": "WESTSIDE ESTATES APTS (SC1370300)", "Primacy_Agency": "SC", "Population_Served_Count": 87, "Service_Connections_Count": 35, "Service_Area_Type": "Residential Area", "Verification_Status": "", "Area_SqKM": 1.6941709511506449}, "geometry": {"type": "Point", "coordinates": [-80.41204476220975, 34.75724135556781]}}, {"type": "Feature", "properties": {"PWSID": "SC1610001", "PWS_Name": "DARLINGTON CITY OF (SC1610001)", "Primacy_Agency": "SC", "Population_Served_Count": 7142, "Service_Connections_Count": 3122, "Service_Area_Type": "Residential Area", "Verification_Status": "", "Area_SqKM": 16.16127626374594}, "geometry": {"type": "Point", "coordinates": [-79.86378267120466, 34.29996366548078]}}, {"type": "Feature", "properties": {"PWSID": "SC1610003", "PWS_Name": "HARTSVILLE CITY OF (SC1610003)", "Primacy_Agency": "SC", "Population_Served_Count": 8711, "Service_Connections_Count": 4377, "Service_Area_Type": "Residential Area", "Verification_Status": "", "Area_SqKM": 64.28923806542839}, "geometry": {"type": "Point", "coordinates": [-80.08199234753694, 34.38291413147368]}}, {"type": "Feature", "properties": {"PWSID": "SC1710001", "PWS_Name": "DILLON CITY OF (SC1710001)", "Primacy_Agency": "SC", "Population_Served_Count": 6998, "Service_Connections_Count": 2856, "Service_Area_Type": "Residential Area", "Verification_Status": "", "Area_SqKM": 21.016116362412316}, "geometry": {"type": "Point", "coordinates": [-79.35420243783629, 34.421497488030425]}}, {"type": "Feature", "properties": {"PWSID": "SC2810002", "PWS_Name": "BETHUNE TOWN OF (SC2810002)", "Primacy_Agency": "SC", "Population_Served_Count": 541, "Service_Connections_Count": 249, "Service_Area_Type": "Residential Area", "Verification_Status": "", "Area_SqKM": 4.511113620856829}, "geometry": {"type": "Point", "coordinates": [-80.35351861920209, 34.422473271716115]}}, {"type": "Feature", "properties": {"PWSID": "SC2820005", "PWS_Name": "CASSATT WTR KERSHAW-LEE CO RWA", "Primacy_Agency": "SC", "Population_Served_Count": 25485, "Service_Connections_Count": 10745, "Service_Area_Type": "Residential Area", "Verification_Status": "", "Area_SqKM": 23.178604981124124}, "geometry": {"type": "Point", "coordinates": [-80.5330284522464, 34.28575382346478]}}, {"type": "Feature", "properties": {"PWSID": "SC2820006", "PWS_Name": "BETHUNE RURAL WATER (SC2820006)", "Primacy_Agency": "SC", "Population_Served_Count": 3009, "Service_Connections_Count": 1189, "Service_Area_Type": "Residential Area", "Verification_Status": "", "Area_SqKM": 1.1468411008459145}, "geometry": {"type": "Point", "coordinates": [-80.4777267826421, 34.54043865239103]}}, {"type": "Feature", "properties": {"PWSID": "SC2910002", "PWS_Name": "HEATH SPRINGS TOWN OF (SC2910002)", "Primacy_Agency": "SC", "Population_Served_Count": 947, "Service_Connections_Count": 425, "Service_Area_Type": "Residential Area", "Verification_Status": "", "Area_SqKM": 6.316161775208844}, "geometry": {"type": "Point", "coordinates": [-80.68092325324831, 34.588812391809]}}, {"type": "Feature", "properties": {"PWSID": "SC2910003", "PWS_Name": "KERSHAW TOWN OF (SC2910003)", "Primacy_Agency": "SC", "Population_Served_Count": 2567, "Service_Connections_Count": 1231, "Service_Area_Type": "Residential Area", "Verification_Status": "", "Area_SqKM": 12.347208837290413}, "geometry": {"type": "Point", "coordinates": [-80.59009237397552, 34.5565993432916]}}, {"type": "Feature", "properties": {"PWSID": "SC2920001", "PWS_Name": "LANCASTER COUNTY W&SD (SC2920001)", "Primacy_Agency": "SC", "Population_Served_Count": 79107, "Service_Connections_Count": 36859, "Service_Area_Type": "Wholesaler of Water", "Verification_Status": "", "Area_SqKM": 48.96267935824183}, "geometry": {"type": "Point", "coordinates": [-80.71547060095025, 34.70071161861985]}}, {"type": "Feature", "properties": {"PWSID": "SC3110001", "PWS_Name": "BISHOPVILLE TOWN OF (SC3110001)", "Primacy_Agency": "SC", "Population_Served_Count": 3810, "Service_Connections_Count": 1805, "Service_Area_Type": "Residential Area", "Verification_Status": "", "Area_SqKM": 7.4184445913518}, "geometry": {"type": "Point", "coordinates": [-80.24268455617238, 34.21840359336551]}}, {"type": "Feature", "properties": {"PWSID": "SC3320001", "PWS_Name": "MARCO RURAL WATER CO (SC3320001)", "Primacy_Agency": "SC", "Population_Served_Count": 17120, "Service_Connections_Count": 6634, "Service_Area_Type": "Residential Area", "Verification_Status": "", "Area_SqKM": 3.1989679678655896}, "geometry": {"type": "Point", "coordinates": [-79.40282665650253, 34.253956937731104]}}, {"type": "Feature", "properties": {"PWSID": "SC3410001", "PWS_Name": "BENNETTSVILLE CITY OF (SC3410001)", "Primacy_Agency": "SC", "Population_Served_Count": 9070, "Service_Connections_Count": 4300, "Service_Area_Type": "Residential Area", "Verification_Status": "", "Area_SqKM": 20.55843801281316}, "geometry": {"type": "Point", "coordinates": [-79.68876398522738, 34.61889370480922]}}, {"type": "Feature", "properties": {"PWSID": "SC3410002", "PWS_Name": "CLIO TOWN OF (SC3410002)", "Primacy_Agency": "SC", "Population_Served_Count": 788, "Service_Connections_Count": 375, "Service_Area_Type": "Residential Area", "Verification_Status": "", "Area_SqKM": 2.767433042748824}, "geometry": {"type": "Point", "coordinates": [-79.53803129101786, 34.57279585086152]}}, {"type": "Feature", "properties": {"PWSID": "SC3410003", "PWS_Name": "MCCOLL TOWN OF (SC3410003)", "Primacy_Agency": "SC", "Population_Served_Count": 2445, "Service_Connections_Count": 982, "Service_Area_Type": "Residential Area", "Verification_Status": "", "Area_SqKM": 4.411876153468372}, "geometry": {"type": "Point", "coordinates": [-79.54017794632676, 34.66347606524813]}}, {"type": "Feature", "properties": {"PWSID": "SC3420001", "PWS_Name": "MARLBORO WATER CO (SC3420001)", "Primacy_Agency": "SC", "Population_Served_Count": 5360, "Service_Connections_Count": 2178, "Service_Area_Type": "Residential Area", "Verification_Status": "", "Area_SqKM": 1.940119561089102}, "geometry": {"type": "Point", "coordinates": [-79.65528365051618, 34.564115723099235]}}, {"type": "Feature", "properties": {"PWSID": "SC3420002", "PWS_Name": "WALLACE WATER COMPANY (SC3420002)", "Primacy_Agency": "SC", "Population_Served_Count": 3552, "Service_Connections_Count": 1428, "Service_Area_Type": "Residential Area", "Verification_Status": "", "Area_SqKM": 7.279464491128044}, "geometry": {"type": "Point", "coordinates": [-79.83722803484862, 34.7210821555168]}}, {"type": "Feature", "properties": {"PWSID": "SC2610011", "PWS_Name": "N MYRTLE BEACH CITY OF (SC2610011)", "Primacy_Agency": "SC", "Population_Served_Count": 40625, "Service_Connections_Count": 18909, "Service_Area_Type": "Wholesaler of Water", "Verification_Status": "", "Area_SqKM": 61.32509270868445}, "geometry": {"type": "Point", "coordinates": [-78.68770964658196, 33.83294745622124]}}, {"type": "Feature", "properties": {"PWSID": "SC2620001", "PWS_Name": "CONWAY RURAL (SC2620001)", "Primacy_Agency": "SC", "Population_Served_Count": 12740, "Service_Connections_Count": 6414, "Service_Area_Type": "Wholesaler of Water", "Verification_Status": "", "Area_SqKM": 10.182016044695635}, "geometry": {"type": "Point", "coordinates": [-78.6347166768701, 33.89977669319929]}}, {"type": "Feature", "properties": {"PWSID": "SC4050013", "PWS_Name": "BGWC WASHINGTON HEIGHTS (SC4050013)", "Primacy_Agency": "SC", "Population_Served_Count": 190, "Service_Connections_Count": 101, "Service_Area_Type": "Residential Area", "Verification_Status": "", "Area_SqKM": 2.1631919340707078}, "geometry": {"type": "Point", "coordinates": [-80.97883954070826, 34.1520476440764]}}, {"type": "Feature", "properties": {"PWSID": "SC4050014", "PWS_Name": "BGWC STONEGATE (SC4050014)", "Primacy_Agency": "SC", "Population_Served_Count": 352, "Service_Connections_Count": 146, "Service_Area_Type": "Residential Area", "Verification_Status": "", "Area_SqKM": 2.6517495728089124}, "geometry": {"type": "Point", "coordinates": [-81.1973719809002, 34.15260399198361]}}, {"type": "Feature", "properties": {"PWSID": "SC4050015", "PWS_Name": "BGWC RAINTREE ACRES (SC4050015)", "Primacy_Agency": "SC", "Population_Served_Count": 799, "Service_Connections_Count": 328, "Service_Area_Type": "Residential Area", "Verification_Status": "", "Area_SqKM": 1.9392268024193038}, "geometry": {"type": "Point", "coordinates": [-81.14756412707119, 34.11527094972482]}}, {"type": "Feature", "properties": {"PWSID": "SC4050031", "PWS_Name": "BAY CAPITAL WATER WORKS (SC4050031)", "Primacy_Agency": "SC", "Population_Served_Count": 647, "Service_Connections_Count": 202, "Service_Area_Type": "Residential Area", "Verification_Status": "", "Area_SqKM": 0.7604547805768165}, "geometry": {"type": "Point", "coordinates": [-81.01148949479914, 34.04109686488845]}}, {"type": "Feature", "properties": {"PWSID": "SC4150007", "PWS_Name": "AAA/PERRY WATER SYSTEM (SC4150007)", "Primacy_Agency": "SC", "Population_Served_Count": 0, "Service_Connections_Count": 33, "Service_Area_Type": "Residential Area", "Verification_Status": "", "Area_SqKM": 0.7831919940463571}, "geometry": {"type": "Point", "coordinates": [-81.51460182670206, 34.087875733521855]}}, {"type": "Feature", "properties": {"PWSID": "SC4410001", "PWS_Name": "UNION CITY OF (SC4410001)", "Primacy_Agency": "SC", "Population_Served_Count": 11873, "Service_Connections_Count": 5792, "Service_Area_Type": "Residential Area", "Verification_Status": "", "Area_SqKM": 35.08046433778374}, "geometry": {"type": "Point", "coordinates": [-81.61470441959518, 34.72595989271472]}}, {"type": "Feature", "properties": {"PWSID": "SC4410003", "PWS_Name": "CARLISLE TOWN OF (4410003)", "Primacy_Agency": "SC", "Population_Served_Count": 555, "Service_Connections_Count": 262, "Service_Area_Type": "Residential Area", "Verification_Status": "", "Area_SqKM": 2.0422196447943213}, "geometry": {"type": "Point", "coordinates": [-81.46509145155689, 34.59225320515279]}}, {"type": "Feature", "properties": {"PWSID": "SC4420002", "PWS_Name": "BROWNS CREEK W/D (SC4420002)", "Primacy_Agency": "SC", "Population_Served_Count": 2781, "Service_Connections_Count": 1226, "Service_Area_Type": "Residential Area", "Verification_Status": "", "Area_SqKM": 6.163986914535579}, "geometry": {"type": "Point", "coordinates": [-81.62979651384713, 34.76653456119416]}}, {"type": "Feature", "properties": {"PWSID": "SC4420007", "PWS_Name": "SANTUCK HEBRON WATER CO (4420007)", "Primacy_Agency": "SC", "Population_Served_Count": 3097, "Service_Connections_Count": 1336, "Service_Area_Type": "Residential Area", "Verification_Status": "", "Area_SqKM": 5.733007103657931}, "geometry": {"type": "Point", "coordinates": [-81.59147474707997, 34.69509365191885]}}, {"type": "Feature", "properties": {"PWSID": "SC4420010", "PWS_Name": "LOCKHART TOWN OF (SC4420010)", "Primacy_Agency": "SC", "Population_Served_Count": 520, "Service_Connections_Count": 241, "Service_Area_Type": "Residential Area", "Verification_Status": "", "Area_SqKM": 1.7868258938297783}, "geometry": {"type": "Point", "coordinates": [-81.46154679406536, 34.787849524150836]}}, {"type": "Feature", "properties": {"PWSID": "SC4610004", "PWS_Name": "HICKORY GROVE TOWN OF (SC4610004)", "Primacy_Agency": "SC", "Population_Served_Count": 654, "Service_Connections_Count": 284, "Service_Area_Type": "Residential Area", "Verification_Status": "", "Area_SqKM": 4.415809790356422}, "geometry": {"type": "Point", "coordinates": [-81.42222974920941, 34.97933275238439]}}, {"type": "Feature", "properties": {"PWSID": "SC4610005", "PWS_Name": "SHARON TOWN OF (SC4610005)", "Primacy_Agency": "SC", "Population_Served_Count": 573, "Service_Connections_Count": 197, "Service_Area_Type": "Residential Area", "Verification_Status": "", "Area_SqKM": 2.079892347498678}, "geometry": {"type": "Point", "coordinates": [-81.33902782565963, 34.95488590641377]}}, {"type": "Feature", "properties": {"PWSID": "SC4650004", "PWS_Name": "WILLWOOD S/D (4650004)", "Primacy_Agency": "SC", "Population_Served_Count": 122, "Service_Connections_Count": 59, "Service_Area_Type": "Residential Area", "Verification_Status": "", "Area_SqKM": 1.0392916423919727}, "geometry": {"type": "Point", "coordinates": [-80.97777685691183, 34.905734346310986]}}, {"type": "Feature", "properties": {"PWSID": "SC4650016", "PWS_Name": "BGWC WESLEYWOOD (SC4650016)", "Primacy_Agency": "SC", "Population_Served_Count": 65, "Service_Connections_Count": 26, "Service_Area_Type": "Residential Area", "Verification_Status": "", "Area_SqKM": 0.23450832773250851}, "geometry": {"type": "Point", "coordinates": [-81.06755966908152, 34.985764490513944]}}, {"type": "Feature", "properties": {"PWSID": "SC4650017", "PWS_Name": "BGWC WINTERCREST (SC4650017)", "Primacy_Agency": "SC", "Population_Served_Count": 503, "Service_Connections_Count": 196, "Service_Area_Type": "Residential Area", "Verification_Status": "", "Area_SqKM": 1.865601035215275}, "geometry": {"type": "Point", "coordinates": [-81.07605150157451, 34.95980605583213]}}, {"type": "Feature", "properties": {"PWSID": "SC4650018", "PWS_Name": "BGWC BARNEY RHETT (SC4650018)", "Primacy_Agency": "SC", "Population_Served_Count": 114, "Service_Connections_Count": 44, "Service_Area_Type": "Residential Area", "Verification_Status": "", "Area_SqKM": 0.3553359439796242}, "geometry": {"type": "Point", "coordinates": [-81.03755343851057, 34.9920890616081]}}, {"type": "Feature", "properties": {"PWSID": "SC4650019", "PWS_Name": "LOST COLONY S/D (SC4650019)", "Primacy_Agency": "SC", "Population_Served_Count": 54, "Service_Connections_Count": 25, "Service_Area_Type": "Residential Area", "Verification_Status": "", "Area_SqKM": 0.18911989501601537}, "geometry": {"type": "Point", "coordinates": [-81.06505836250109, 34.75198369585035]}}, {"type": "Feature", "properties": {"PWSID": "SC4650020", "PWS_Name": "BGWC COUNTRY OAKS (SC4650020)", "Primacy_Agency": "SC", "Population_Served_Count": 359, "Service_Connections_Count": 92, "Service_Area_Type": "Residential Area", "Verification_Status": "", "Area_SqKM": 0.1885790884613659}, "geometry": {"type": "Point", "coordinates": [-81.08809396909703, 34.968809908742465]}}, {"type": "Feature", "properties": {"PWSID": "SC4650025", "PWS_Name": "BGWC HICKORY HILL (SC4650025)", "Primacy_Agency": "SC", "Population_Served_Count": 95, "Service_Connections_Count": 37, "Service_Area_Type": "Residential Area", "Verification_Status": "", "Area_SqKM": 0.05386007542803226}, "geometry": {"type": "Point", "coordinates": [-81.0591672199891, 35.0080422799382]}}, {"type": "Feature", "properties": {"PWSID": "SC4650028", "PWS_Name": "BGWC WOODBRIDGE (SC4650028)", "Primacy_Agency": "SC", "Population_Served_Count": 173, "Service_Connections_Count": 67, "Service_Area_Type": "Residential Area", "Verification_Status": "", "Area_SqKM": 0.2857376913859731}, "geometry": {"type": "Point", "coordinates": [-81.1000006874853, 34.96457662499298]}}, {"type": "Feature", "properties": {"PWSID": "SC4650034", "PWS_Name": "BGWC SILVER LAKES-WINDWOOD (SC4650034)", "Primacy_Agency": "SC", "Population_Served_Count": 191, "Service_Connections_Count": 76, "Service_Area_Type": "Residential Area", "Verification_Status": "", "Area_SqKM": 0.36361774306151795}, "geometry": {"type": "Point", "coordinates": [-81.08355365359103, 34.983797946361356]}}, {"type": "Feature", "properties": {"PWSID": "SC4650035", "PWS_Name": "BGWC CAROWOOD (SC4650035)", "Primacy_Agency": "SC", "Population_Served_Count": 212, "Service_Connections_Count": 81, "Service_Area_Type": "Residential Area", "Verification_Status": "", "Area_SqKM": 3.1885968280845187}, "geometry": {"type": "Point", "coordinates": [-80.97595462943922, 35.06949227524976]}}, {"type": "Feature", "properties": {"PWSID": "SC4650040", "PWS_Name": "BGWC HIDDEN LAKES (SC4650040)", "Primacy_Agency": "SC", "Population_Served_Count": 121, "Service_Connections_Count": 47, "Service_Area_Type": "Residential Area", "Verification_Status": "", "Area_SqKM": 0.06879132745360288}, "geometry": {"type": "Point", "coordinates": [-81.19722735762902, 34.99076512690683]}}, {"type": "Feature", "properties": {"PWSID": "SC4650041", "PWS_Name": "BGWC KIMS ACRES (SC4650041)", "Primacy_Agency": "SC", "Population_Served_Count": 152, "Service_Connections_Count": 61, "Service_Area_Type": "Residential Area", "Verification_Status": "", "Area_SqKM": 0.2122254877071013}, "geometry": {"type": "Point", "coordinates": [-81.18709470000647, 34.90004230002937]}}, {"type": "Feature", "properties": {"PWSID": "SC4650046", "PWS_Name": "BGWC VALLEYMERE MH (SC4650046)", "Primacy_Agency": "SC", "Population_Served_Count": 59, "Service_Connections_Count": 23, "Service_Area_Type": "Residential Area", "Verification_Status": "", "Area_SqKM": 0.14121289660119268}, "geometry": {"type": "Point", "coordinates": [-81.09992692027187, 34.98507766522538]}}, {"type": "Feature", "properties": {"PWSID": "SC4650048", "PWS_Name": "BGWC WINDY RUN (SC4650048)", "Primacy_Agency": "SC", "Population_Served_Count": 90, "Service_Connections_Count": 35, "Service_Area_Type": "Residential Area", "Verification_Status": "", "Area_SqKM": 1.6810718493754613}, "geometry": {"type": "Point", "coordinates": [-81.12335567033185, 35.01010261480547]}}, {"type": "Feature", "properties": {"PWSID": "SC4650053", "PWS_Name": "BGWC OLYMPIC ACRES (SC4650053)", "Primacy_Agency": "SC", "Population_Served_Count": 209, "Service_Connections_Count": 82, "Service_Area_Type": "Residential Area", "Verification_Status": "", "Area_SqKM": 0.246996465367455}, "geometry": {"type": "Point", "coordinates": [-81.14566235278322, 35.0752242209782]}}, {"type": "Feature", "properties": {"PWSID": "SC4650057", "PWS_Name": "BGWC MALLARD LAKES (SC4650057)", "Primacy_Agency": "SC", "Population_Served_Count": 137, "Service_Connections_Count": 53, "Service_Area_Type": "Residential Area", "Verification_Status": "", "Area_SqKM": 0.05240420385932216}, "geometry": {"type": "Point", "coordinates": [-81.17931255711207, 34.89961065714198]}}, {"type": "Feature", "properties": {"PWSID": "SC4660055", "PWS_Name": "WHITLEY ESTATES (4660055)", "Primacy_Agency": "SC", "Population_Served_Count": 93, "Service_Connections_Count": 48, "Service_Area_Type": "Mobile Home Park", "Verification_Status": "", "Area_SqKM": 0.08840172452252765}, "geometry": {"type": "Point", "coordinates": [-80.9768298445602, 35.0493230405665]}}, {"type": "Feature", "properties": {"PWSID": "SC4660073", "PWS_Name": "BGWC POLLYS CIRCLE (SC4660073)", "Primacy_Agency": "SC", "Population_Served_Count": 114, "Service_Connections_Count": 44, "Service_Area_Type": "Mobile Home Park", "Verification_Status": "", "Area_SqKM": 0.04318415917859621}, "geometry": {"type": "Point", "coordinates": [-81.21271757278987, 34.90968248169673]}}, {"type": "Feature", "properties": {"PWSID": "SC4660098", "PWS_Name": "GOODS MHP (SC4660098)", "Primacy_Agency": "SC", "Population_Served_Count": 128, "Service_Connections_Count": 49, "Service_Area_Type": "Mobile Home Park", "Verification_Status": "", "Area_SqKM": 0.1778766662161144}, "geometry": {"type": "Point", "coordinates": [-81.16275005864723, 34.991475248253124]}}, {"type": "Feature", "properties": {"PWSID": "SC4660115", "PWS_Name": "ADNAH HILLS MHP (SC4660115)", "Primacy_Agency": "SC", "Population_Served_Count": 350, "Service_Connections_Count": 130, "Service_Area_Type": "Residential Area", "Verification_Status": "", "Area_SqKM": 0.10433593595738888}, "geometry": {"type": "Point", "coordinates": [-81.10411757650698, 34.98142562604162]}}, {"type": "Feature", "properties": {"PWSID": "SC4660105", "PWS_Name": "SCOTLAND YARD MHP (SC4660105)", "Primacy_Agency": "SC", "Population_Served_Count": 53, "Service_Connections_Count": 22, "Service_Area_Type": "Mobile Home Park", "Verification_Status": "", "Area_SqKM": 0.002083149517895468}, "geometry": {"type": "Point", "coordinates": [-81.10515381668347, 35.006885466817714]}}, {"type": "Feature", "properties": {"PWSID": "SC4010001", "PWS_Name": "COLUMBIA CITY OF (SC4010001)", "Primacy_Agency": "SC", "Population_Served_Count": 319500, "Service_Connections_Count": 153420, "Service_Area_Type": "Residential Area", "Verification_Status": "", "Area_SqKM": 1278.9313933680696}, "geometry": {"type": "Point", "coordinates": [-81.01599800533555, 34.07343455704336]}}, {"type": "Feature", "properties": {"PWSID": "SC1010001", "PWS_Name": "CHARLESTON WATER SYSTEM (SC1010001)", "Primacy_Agency": "SC", "Population_Served_Count": 327422, "Service_Connections_Count": 146569, "Service_Area_Type": "Residential Area", "Verification_Status": "", "Area_SqKM": 671.4384430292287}, "geometry": {"type": "Point", "coordinates": [-80.04235440916148, 32.79128458496506]}}, {"type": "Feature", "properties": {"PWSID": "SC4210001", "PWS_Name": "SPARTANBURG WATER SYSTEM (4210001)", "Primacy_Agency": "SC", "Population_Served_Count": 140024, "Service_Connections_Count": 68136, "Service_Area_Type": "Wholesaler of Water", "Verification_Status": "", "Area_SqKM": 683.9220526557741}, "geometry": {"type": "Point", "coordinates": [-81.96672217308017, 35.00542054983994]}}, {"type": "Feature", "properties": {"PWSID": "SC4410002", "PWS_Name": "JONESVILLE TOWN OF (SC4410002)", "Primacy_Agency": "SC", "Population_Served_Count": 1917, "Service_Connections_Count": 863, "Service_Area_Type": "Residential Area", "Verification_Status": "", "Area_SqKM": 144.87930883117127}, "geometry": {"type": "Point", "coordinates": [-81.68379389885578, 34.85257593960306]}}, {"type": "Feature", "properties": {"PWSID": "SC1120004", "PWS_Name": "GOUCHER WD (1120004)", "Primacy_Agency": "SC", "Population_Served_Count": 5323, "Service_Connections_Count": 1977, "Service_Area_Type": "Residential Area", "Verification_Status": "", "Area_SqKM": 200.16685149121537}, "geometry": {"type": "Point", "coordinates": [-81.6206552282871, 34.92186088252543]}}, {"type": "Feature", "properties": {"PWSID": "SC4420001", "PWS_Name": "MEANSVILLE RILEY W/D (SC4420001)", "Primacy_Agency": "SC", "Population_Served_Count": 7368, "Service_Connections_Count": 3315, "Service_Area_Type": "Residential Area", "Verification_Status": "", "Area_SqKM": 247.723461731804}, "geometry": {"type": "Point", "coordinates": [-81.89234980183946, 34.71522657095355]}}, {"type": "Feature", "properties": {"PWSID": "SC4220007", "PWS_Name": "WOODRUFF ROEBUCK W/D (4220007)", "Primacy_Agency": "SC", "Population_Served_Count": 28897, "Service_Connections_Count": 12686, "Service_Area_Type": "Residential Area", "Verification_Status": "", "Area_SqKM": 350.4744723189364}, "geometry": {"type": "Point", "coordinates": [-82.00274632056804, 34.78723788098006]}}, {"type": "Feature", "properties": {"PWSID": "SC4220003", "PWS_Name": "METRO SUBDISTRICT B (4220003)", "Primacy_Agency": "SC", "Population_Served_Count": 1905, "Service_Connections_Count": 957, "Service_Area_Type": "Residential Area", "Verification_Status": "", "Area_SqKM": 7.923959308261782}, "geometry": {"type": "Point", "coordinates": [-81.97427901646928, 34.99281680884832]}}, {"type": "Feature", "properties": {"PWSID": "SC4220010", "PWS_Name": "LCF WATER DISTRICT (SC4220010)", "Primacy_Agency": "SC", "Population_Served_Count": 17659, "Service_Connections_Count": 7322, "Service_Area_Type": "Residential Area", "Verification_Status": "", "Area_SqKM": 178.04120687290924}, "geometry": {"type": "Point", "coordinates": [-81.92401878463474, 35.08441599842355]}}, {"type": "Feature", "properties": {"PWSID": "SC1010002", "PWS_Name": "MT PLEASANT WATER WORKS (1010002)", "Primacy_Agency": "SC", "Population_Served_Count": 91500, "Service_Connections_Count": 44803, "Service_Area_Type": "Residential Area", "Verification_Status": "", "Area_SqKM": 126.05546466202927}, "geometry": {"type": "Point", "coordinates": [-79.819973959465, 32.854513138647235]}}]}