{"type": "FeatureCollection", "features": [{"type": "Feature", "properties": {"PWSID": "GA0270009", "PWS_Name": "JAMAR SUBDIVISION", "Primacy_Agency": "GA", "Population_Served_Count": 111, "Service_Connections_Count": 49, "Service_Area_Type": "Subdivision", "Verification_Status": "", "Area_SqKM": 0.07779430007193448}, "geometry": {"type": "Point", "coordinates": [-83.44845879991495, 30.84228799978173]}}, {"type": "Feature", "properties": {"PWSID": "GA0270010", "PWS_Name": "FERNWOOD MOBILE HOME COMMUNITY", "Primacy_Agency": "GA", "Population_Served_Count": 199, "Service_Connections_Count": 74, "Service_Area_Type": "Mobile Home Park - Principal Residence", "Verification_Status": "", "Area_SqKM": 0.031136665725785734}, "geometry": {"type": "Point", "coordinates": [-83.37070305019564, 30.85178455008014]}}, {"type": "Feature", "properties": {"PWSID": "GA0270027", "PWS_Name": "BROOKSIDE PRIME PROPERTIES-FHB", "Primacy_Agency": "GA", "Population_Served_Count": 158, "Service_Connections_Count": 1, "Service_Area_Type": "Other Residential", "Verification_Status": "", "Area_SqKM": 0.0856938530175303}, "geometry": {"type": "Point", "coordinates": [-83.43281739994453, 30.880790350009857]}}, {"type": "Feature", "properties": {"PWSID": "GA0270037", "PWS_Name": "TIMBERVIEW ESTATES MHP", "Primacy_Agency": "GA", "Population_Served_Count": 146, "Service_Connections_Count": 56, "Service_Area_Type": "Mobile Home Park - Principal Residence", "Verification_Status": "", "Area_SqKM": 0.01353111860101744}, "geometry": {"type": "Point", "coordinates": [-83.36846740005724, 30.854901499907868]}}, {"type": "Feature", "properties": {"PWSID": "GA0710017", "PWS_Name": "SPENCETON SUBDIVISION 2", "Primacy_Agency": "GA", "Population_Served_Count": 216, "Service_Connections_Count": 80, "Service_Area_Type": "Subdivision", "Verification_Status": "", "Area_SqKM": 0.30888310702132304}, "geometry": {"type": "Point", "coordinates": [-83.70921753644664, 31.155732657532546]}}, {"type": "Feature", "properties": {"PWSID": "GA0710021", "PWS_Name": "SPENCEFIELD AIRPORT", "Primacy_Agency": "GA", "Population_Served_Count": 528, "Service_Connections_Count": 171, "Service_Area_Type": "Other Residential", "Verification_Status": "", "Area_SqKM": 7.2925844110109495}, "geometry": {"type": "Point", "coordinates": [-83.71138465203352, 31.136982428415227]}}, {"type": "Feature", "properties": {"PWSID": "GA0710033", "PWS_Name": "COUNTRY CIRCLE SUBDIVISION", "Primacy_Agency": "GA", "Population_Served_Count": 76, "Service_Connections_Count": 28, "Service_Area_Type": "Subdivision", "Verification_Status": "", "Area_SqKM": 0.5231082702722947}, "geometry": {"type": "Point", "coordinates": [-83.7292702521522, 31.141620153474456]}}, {"type": "Feature", "properties": {"PWSID": "GA0870002", "PWS_Name": "BRINSON", "Primacy_Agency": "GA", "Population_Served_Count": 552, "Service_Connections_Count": 221, "Service_Area_Type": "Municipality", "Verification_Status": "", "Area_SqKM": 2.322074457701909}, "geometry": {"type": "Point", "coordinates": [-84.7399288111465, 30.98137545874782]}}, {"type": "Feature", "properties": {"PWSID": "GA0950011", "PWS_Name": "HOLLANDS AND HATCHER S/D", "Primacy_Agency": "GA", "Population_Served_Count": 65, "Service_Connections_Count": 24, "Service_Area_Type": "Subdivision", "Verification_Status": "", "Area_SqKM": 0.18246879014061457}, "geometry": {"type": "Point", "coordinates": [-84.11463007160562, 31.46767154298356]}}, {"type": "Feature", "properties": {"PWSID": "GA0950065", "PWS_Name": "CREEKSIDE RV PARK", "Primacy_Agency": "GA", "Population_Served_Count": 240, "Service_Connections_Count": 90, "Service_Area_Type": "Recreation Area", "Verification_Status": "", "Area_SqKM": 0.7578058845163556}, "geometry": {"type": "Point", "coordinates": [-84.12091841668905, 31.44541056667968]}}, {"type": "Feature", "properties": {"PWSID": "GA1310047", "PWS_Name": "SHADY GROVE VILLAGE", "Primacy_Agency": "GA", "Population_Served_Count": 62, "Service_Connections_Count": 23, "Service_Area_Type": "Subdivision", "Verification_Status": "", "Area_SqKM": 0.053077880987274825}, "geometry": {"type": "Point", "coordinates": [-84.14544537027824, 30.866909429682934]}}, {"type": "Feature", "properties": {"PWSID": "GA1310049", "PWS_Name": "TEMPLE TERRACE SUBDIVISION", "Primacy_Agency": "GA", "Population_Served_Count": 151, "Service_Connections_Count": 58, "Service_Area_Type": "Subdivision", "Verification_Status": "", "Area_SqKM": 0.29000736296227125}, "geometry": {"type": "Point", "coordinates": [-84.10482127995616, 30.85194443987812]}}, {"type": "Feature", "properties": {"PWSID": "GA1850015", "PWS_Name": "COUNTRYVIEW MOBILE HOME PARK", "Primacy_Agency": "GA", "Population_Served_Count": 176, "Service_Connections_Count": 65, "Service_Area_Type": "Mobile Home Park - Principal Residence", "Verification_Status": "", "Area_SqKM": 0.2146818199031031}, "geometry": {"type": "Point", "coordinates": [-83.28009971049823, 30.74256150402479]}}, {"type": "Feature", "properties": {"PWSID": "GA1850016", "PWS_Name": "LOWNDES CO.-NORTH LOWNDES CO. WS", "Primacy_Agency": "GA", "Population_Served_Count": 13190, "Service_Connections_Count": 5014, "Service_Area_Type": "Subdivision", "Verification_Status": "", "Area_SqKM": 7.628315523302133}, "geometry": {"type": "Point", "coordinates": [-83.350012891441, 30.913358300944225]}}, {"type": "Feature", "properties": {"PWSID": "GA1850022", "PWS_Name": "OAK STREET SUBDIVISION", "Primacy_Agency": "GA", "Population_Served_Count": 829, "Service_Connections_Count": 307, "Service_Area_Type": "Subdivision", "Verification_Status": "", "Area_SqKM": 0.5626923927705677}, "geometry": {"type": "Point", "coordinates": [-83.2801751961902, 30.886532639692415]}}, {"type": "Feature", "properties": {"PWSID": "GA1850055", "PWS_Name": "GREENBRIAR ESTATES", "Primacy_Agency": "GA", "Population_Served_Count": 92, "Service_Connections_Count": 34, "Service_Area_Type": "Subdivision", "Verification_Status": "", "Area_SqKM": 0.18046591059776876}, "geometry": {"type": "Point", "coordinates": [-83.24600491282665, 30.9219928425456]}}, {"type": "Feature", "properties": {"PWSID": "GA1850060", "PWS_Name": "COUNTRY ESTATES EAST & WEST", "Primacy_Agency": "GA", "Population_Served_Count": 359, "Service_Connections_Count": 133, "Service_Area_Type": "Subdivision", "Verification_Status": "", "Area_SqKM": 0.19118068578927946}, "geometry": {"type": "Point", "coordinates": [-83.36665971105818, 30.68926724443224]}}, {"type": "Feature", "properties": {"PWSID": "GA1850061", "PWS_Name": "HIDDEN HILLS SUBDIVISION", "Primacy_Agency": "GA", "Population_Served_Count": 373, "Service_Connections_Count": 138, "Service_Area_Type": "Subdivision", "Verification_Status": "", "Area_SqKM": 0.2465682054325298}, "geometry": {"type": "Point", "coordinates": [-83.24941590592746, 30.91990965291024]}}, {"type": "Feature", "properties": {"PWSID": "GA1850303", "PWS_Name": "TIGER CREEK MHP", "Primacy_Agency": "GA", "Population_Served_Count": 73, "Service_Connections_Count": 27, "Service_Area_Type": "Mobile Home Park - Principal Residence", "Verification_Status": "", "Area_SqKM": 0.11679724204208218}, "geometry": {"type": "Point", "coordinates": [-83.37872238668156, 30.805469537770005]}}, {"type": "Feature", "properties": {"PWSID": "GA1850313", "PWS_Name": "WIREGRASS MOBILE HOME PARK", "Primacy_Agency": "GA", "Population_Served_Count": 97, "Service_Connections_Count": 36, "Service_Area_Type": "Mobile Home Park", "Verification_Status": "", "Area_SqKM": 0.020958341369507718}, "geometry": {"type": "Point", "coordinates": [-83.34898289530713, 30.803523657210103]}}, {"type": "Feature", "properties": {"PWSID": "GA2750069", "PWS_Name": "PINE GROVE MHP/WHIPPOORWILL S/D", "Primacy_Agency": "GA", "Population_Served_Count": 65, "Service_Connections_Count": 24, "Service_Area_Type": "Mobile Home Park", "Verification_Status": "", "Area_SqKM": 0.0009290190617435622}, "geometry": {"type": "Point", "coordinates": [-84.02394485984459, 30.946486459957498]}}, {"type": "Feature", "properties": {"PWSID": "GA0190001", "PWS_Name": "ENIGMA", "Primacy_Agency": "GA", "Population_Served_Count": 1296, "Service_Connections_Count": 355, "Service_Area_Type": "Municipality", "Verification_Status": "", "Area_SqKM": 6.9629705806604285}, "geometry": {"type": "Point", "coordinates": [-83.32847385345815, 31.408563611659595]}}, {"type": "Feature", "properties": {"PWSID": "GA0810050", "PWS_Name": "TRULUCK-TIMBERLAND PLANTATION", "Primacy_Agency": "GA", "Population_Served_Count": 84, "Service_Connections_Count": 31, "Service_Area_Type": "Subdivision", "Verification_Status": "", "Area_SqKM": 0.07443968916176753}, "geometry": {"type": "Point", "coordinates": [-83.76002977491451, 31.93862426663759]}}, {"type": "Feature", "properties": {"PWSID": "GA1550002", "PWS_Name": "OCILLA", "Primacy_Agency": "GA", "Population_Served_Count": 3137, "Service_Connections_Count": 1370, "Service_Area_Type": "Municipality", "Verification_Status": "", "Area_SqKM": 4.695457656285654}, "geometry": {"type": "Point", "coordinates": [-83.24750710689842, 31.600741952774364]}}, {"type": "Feature", "properties": {"PWSID": "GA1550006", "PWS_Name": "FOREST ESTATE SUBDIVISION", "Primacy_Agency": "GA", "Population_Served_Count": 81, "Service_Connections_Count": 30, "Service_Area_Type": "Subdivision", "Verification_Status": "", "Area_SqKM": 0.14265748281351764}, "geometry": {"type": "Point", "coordinates": [-83.28463392196696, 31.652517878028764]}}, {"type": "Feature", "properties": {"PWSID": "GA1770068", "PWS_Name": "LEE COUNTY UTILITIES AUTHORITY", "Primacy_Agency": "GA", "Population_Served_Count": 20194, "Service_Connections_Count": 7952, "Service_Area_Type": "Residential Area", "Verification_Status": "", "Area_SqKM": 28.249764031798048}, "geometry": {"type": "Point", "coordinates": [-84.20517946359901, 31.634483766508623]}}, {"type": "Feature", "properties": {"PWSID": "GA2610001", "PWS_Name": "ANDERSONVILLE", "Primacy_Agency": "GA", "Population_Served_Count": 386, "Service_Connections_Count": 151, "Service_Area_Type": "Municipality", "Verification_Status": "", "Area_SqKM": 2.0739936995384936}, "geometry": {"type": "Point", "coordinates": [-84.14501292050323, 32.19414106797758]}}, {"type": "Feature", "properties": {"PWSID": "GA2610002", "PWS_Name": "DESOTO", "Primacy_Agency": "GA", "Population_Served_Count": 311, "Service_Connections_Count": 115, "Service_Area_Type": "Municipality", "Verification_Status": "", "Area_SqKM": 1.556151439089269}, "geometry": {"type": "Point", "coordinates": [-84.07134420748899, 31.95087150741167]}}, {"type": "Feature", "properties": {"PWSID": "GA1730012", "PWS_Name": "GRAND BAY RIDGE S/D", "Primacy_Agency": "GA", "Population_Served_Count": 112, "Service_Connections_Count": 43, "Service_Area_Type": "Subdivision", "Verification_Status": "", "Area_SqKM": 0.8920008001361694}, "geometry": {"type": "Point", "coordinates": [-83.16399241437672, 31.036719900054305]}}, {"type": "Feature", "properties": {"PWSID": "GA1730014", "PWS_Name": "SJ WATER, LLC", "Primacy_Agency": "GA", "Population_Served_Count": 764, "Service_Connections_Count": 283, "Service_Area_Type": "Subdivision", "Verification_Status": "", "Area_SqKM": 0.8244360922391285}, "geometry": {"type": "Point", "coordinates": [-83.19923293943134, 31.033720576050932]}}, {"type": "Feature", "properties": {"PWSID": "GA1730019", "PWS_Name": "BOYETTE FARMS", "Primacy_Agency": "GA", "Population_Served_Count": 254, "Service_Connections_Count": 94, "Service_Area_Type": "Subdivision", "Verification_Status": "", "Area_SqKM": 13.736135398005084}, "geometry": {"type": "Point", "coordinates": [-83.1764874437066, 31.02866418643214]}}, {"type": "Feature", "properties": {"PWSID": "GA1850001", "PWS_Name": "LAKE PARK", "Primacy_Agency": "GA", "Population_Served_Count": 729, "Service_Connections_Count": 328, "Service_Area_Type": "Municipality", "Verification_Status": "", "Area_SqKM": 2.4551359808472677}, "geometry": {"type": "Point", "coordinates": [-83.19427090827057, 30.68661962099778]}}, {"type": "Feature", "properties": {"PWSID": "GA1850012", "PWS_Name": "COFFMAN", "Primacy_Agency": "GA", "Population_Served_Count": 71, "Service_Connections_Count": 25, "Service_Area_Type": "Subdivision", "Verification_Status": "", "Area_SqKM": 0.14278722816908296}, "geometry": {"type": "Point", "coordinates": [-83.2392448449506, 30.788275452138873]}}, {"type": "Feature", "properties": {"PWSID": "GA1850049", "PWS_Name": "DEERWOOD TRAILER ESTATES HOA", "Primacy_Agency": "GA", "Population_Served_Count": 84, "Service_Connections_Count": 31, "Service_Area_Type": "Mobile Home Park - Principal Residence", "Verification_Status": "", "Area_SqKM": 1.595805451559274}, "geometry": {"type": "Point", "coordinates": [-83.19735071529894, 30.80419953326745]}}, {"type": "Feature", "properties": {"PWSID": "GA1850057", "PWS_Name": "BARRETTS MOBILE HOME COURT", "Primacy_Agency": "GA", "Population_Served_Count": 65, "Service_Connections_Count": 24, "Service_Area_Type": "Mobile Home Park - Principal Residence", "Verification_Status": "", "Area_SqKM": 0.03304073747115293}, "geometry": {"type": "Point", "coordinates": [-83.19873165468238, 31.002076127283427]}}, {"type": "Feature", "properties": {"PWSID": "GA1850065", "PWS_Name": "HIDDEN VILLAGE SUBDIVISION", "Primacy_Agency": "GA", "Population_Served_Count": 146, "Service_Connections_Count": 56, "Service_Area_Type": "Subdivision", "Verification_Status": "", "Area_SqKM": 0.019575057088444148}, "geometry": {"type": "Point", "coordinates": [-83.22573262595564, 30.97603401116772]}}, {"type": "Feature", "properties": {"PWSID": "GA1850066", "PWS_Name": "PEBBLE CREEK ESTATES", "Primacy_Agency": "GA", "Population_Served_Count": 432, "Service_Connections_Count": 160, "Service_Area_Type": "Subdivision", "Verification_Status": "", "Area_SqKM": 0.3424062446208925}, "geometry": {"type": "Point", "coordinates": [-83.24398479644246, 30.943036750882474]}}, {"type": "Feature", "properties": {"PWSID": "GA0190000", "PWS_Name": "ALAPAHA", "Primacy_Agency": "GA", "Population_Served_Count": 689, "Service_Connections_Count": 312, "Service_Area_Type": "Municipality", "Verification_Status": "", "Area_SqKM": 1.9599040736160043}, "geometry": {"type": "Point", "coordinates": [-83.22524289340181, 31.3810841833351]}}, {"type": "Feature", "properties": {"PWSID": "GA1450011", "PWS_Name": "HARRIS COUNTY WATER SYSTEM", "Primacy_Agency": "GA", "Population_Served_Count": 22922, "Service_Connections_Count": 8816, "Service_Area_Type": "Residential Area", "Verification_Status": "", "Area_SqKM": 36.47814153050483}, "geometry": {"type": "Point", "coordinates": [-85.04864254249621, 32.67352400214434]}}, {"type": "Feature", "properties": {"PWSID": "GA0450003", "PWS_Name": "MOUNT ZION", "Primacy_Agency": "GA", "Population_Served_Count": 1691, "Service_Connections_Count": 630, "Service_Area_Type": "Municipality", "Verification_Status": "", "Area_SqKM": 8.492566030375961}, "geometry": {"type": "Point", "coordinates": [-85.1545236598135, 33.636720063572376]}}, {"type": "Feature", "properties": {"PWSID": "GA0790012", "PWS_Name": "CRAWFORD CO.-MUSELLA WATER SYSTEM", "Primacy_Agency": "GA", "Population_Served_Count": 127, "Service_Connections_Count": 50, "Service_Area_Type": "Subdivision", "Verification_Status": "", "Area_SqKM": 0.28715228238040424}, "geometry": {"type": "Point", "coordinates": [-84.02946988142034, 32.79847353333555]}}, {"type": "Feature", "properties": {"PWSID": "GA0790017", "PWS_Name": "CRAWFORD COUNTY WATER SYSTEM", "Primacy_Agency": "GA", "Population_Served_Count": 2392, "Service_Connections_Count": 895, "Service_Area_Type": "Residential Area", "Verification_Status": "", "Area_SqKM": 0.7540727948953339}, "geometry": {"type": "Point", "coordinates": [-83.83000818182727, 32.62131036666796]}}, {"type": "Feature", "properties": {"PWSID": "GA1130000", "PWS_Name": "BROOKS", "Primacy_Agency": "GA", "Population_Served_Count": 595, "Service_Connections_Count": 124, "Service_Area_Type": "Municipality", "Verification_Status": "", "Area_SqKM": 0.18353816700479864}, "geometry": {"type": "Point", "coordinates": [-84.46017994993483, 33.296245225155666]}}, {"type": "Feature", "properties": {"PWSID": "GA1130001", "PWS_Name": "FAYETTE COUNTY", "Primacy_Agency": "GA", "Population_Served_Count": 86934, "Service_Connections_Count": 33436, "Service_Area_Type": "Residential Area", "Verification_Status": "", "Area_SqKM": 73.2456989658669}, "geometry": {"type": "Point", "coordinates": [-84.56496827705666, 33.40617267426756]}}, {"type": "Feature", "properties": {"PWSID": "GA1130003", "PWS_Name": "FAYETTEVILLE", "Primacy_Agency": "GA", "Population_Served_Count": 15281, "Service_Connections_Count": 6661, "Service_Area_Type": "Municipality", "Verification_Status": "", "Area_SqKM": 72.57352678418859}, "geometry": {"type": "Point", "coordinates": [-84.47558039496833, 33.446343512277274]}}, {"type": "Feature", "properties": {"PWSID": "GA1130007", "PWS_Name": "DIX LEE`ON ESTATES", "Primacy_Agency": "GA", "Population_Served_Count": 556, "Service_Connections_Count": 214, "Service_Area_Type": "Subdivision", "Verification_Status": "", "Area_SqKM": 21.602770383857244}, "geometry": {"type": "Point", "coordinates": [-84.48222474171321, 33.57094569883523]}}, {"type": "Feature", "properties": {"PWSID": "GA1130008", "PWS_Name": "NEWTON PLANTATION", "Primacy_Agency": "GA", "Population_Served_Count": 338, "Service_Connections_Count": 130, "Service_Area_Type": "Subdivision", "Verification_Status": "", "Area_SqKM": 2.302790433579323}, "geometry": {"type": "Point", "coordinates": [-84.44050793932263, 33.53918190854222]}}, {"type": "Feature", "properties": {"PWSID": "GA1130012", "PWS_Name": "LONG`S MOBILE HOME PARK", "Primacy_Agency": "GA", "Population_Served_Count": 78, "Service_Connections_Count": 35, "Service_Area_Type": "Mobile Home Park - Principal Residence", "Verification_Status": "", "Area_SqKM": 1.9634771498491923}, "geometry": {"type": "Point", "coordinates": [-84.5403653702508, 33.51034705423907]}}, {"type": "Feature", "properties": {"PWSID": "GA1130034", "PWS_Name": "LINE CREEK ESTATES", "Primacy_Agency": "GA", "Population_Served_Count": 252, "Service_Connections_Count": 97, "Service_Area_Type": "Subdivision", "Verification_Status": "", "Area_SqKM": 1.4674901032110674}, "geometry": {"type": "Point", "coordinates": [-84.51734999256203, 33.312736866669916]}}, {"type": "Feature", "properties": {"PWSID": "GA0070000", "PWS_Name": "NEWTON", "Primacy_Agency": "GA", "Population_Served_Count": 775, "Service_Connections_Count": 315, "Service_Area_Type": "Municipality", "Verification_Status": "", "Area_SqKM": 2.274127136479089}, "geometry": {"type": "Point", "coordinates": [-84.33905266913713, 31.32128192658028]}}, {"type": "Feature", "properties": {"PWSID": "GA0070006", "PWS_Name": "ICHAUWAY #2", "Primacy_Agency": "GA", "Population_Served_Count": 59, "Service_Connections_Count": 22, "Service_Area_Type": "Other Residential", "Verification_Status": "", "Area_SqKM": 55.99949743723609}, "geometry": {"type": "Point", "coordinates": [-84.49857438863005, 31.25497432509411]}}, {"type": "Feature", "properties": {"PWSID": "GA0270000", "PWS_Name": "BARWICK", "Primacy_Agency": "GA", "Population_Served_Count": 626, "Service_Connections_Count": 244, "Service_Area_Type": "Municipality", "Verification_Status": "", "Area_SqKM": 1.5508396895928729}, "geometry": {"type": "Point", "coordinates": [-83.74086108644262, 30.891783630525207]}}, {"type": "Feature", "properties": {"PWSID": "GA0270001", "PWS_Name": "MORVEN", "Primacy_Agency": "GA", "Population_Served_Count": 680, "Service_Connections_Count": 279, "Service_Area_Type": "Municipality", "Verification_Status": "", "Area_SqKM": 1.8053073885124669}, "geometry": {"type": "Point", "coordinates": [-83.5006652895314, 30.945711477095532]}}, {"type": "Feature", "properties": {"PWSID": "GA0270002", "PWS_Name": "QUITMAN", "Primacy_Agency": "GA", "Population_Served_Count": 5612, "Service_Connections_Count": 2590, "Service_Area_Type": "Municipality", "Verification_Status": "", "Area_SqKM": 10.749897763407718}, "geometry": {"type": "Point", "coordinates": [-83.55471473993238, 30.78450849610856]}}, {"type": "Feature", "properties": {"PWSID": "GA0270006", "PWS_Name": "SHADY ACRES SUBDIVISION", "Primacy_Agency": "GA", "Population_Served_Count": 451, "Service_Connections_Count": 167, "Service_Area_Type": "Subdivision", "Verification_Status": "", "Area_SqKM": 0.364168864699968}, "geometry": {"type": "Point", "coordinates": [-83.38163646669607, 30.86188127368164]}}, {"type": "Feature", "properties": {"PWSID": "GA0270029", "PWS_Name": "GREEN MEADOWS #2/QUAIL RUN", "Primacy_Agency": "GA", "Population_Served_Count": 367, "Service_Connections_Count": 136, "Service_Area_Type": "Subdivision", "Verification_Status": "", "Area_SqKM": 5.339542516638344}, "geometry": {"type": "Point", "coordinates": [-83.39100644323935, 30.861357187643215]}}, {"type": "Feature", "properties": {"PWSID": "GA0270036", "PWS_Name": "OAK RIDGE VILLAGE", "Primacy_Agency": "GA", "Population_Served_Count": 121, "Service_Connections_Count": 45, "Service_Area_Type": "Subdivision", "Verification_Status": "", "Area_SqKM": 1.7796477749163797}, "geometry": {"type": "Point", "coordinates": [-83.36859743156813, 30.85718303153604]}}, {"type": "Feature", "properties": {"PWSID": "GA0270039", "PWS_Name": "PEACHTREE ACRES SUBDIVISION PHASE IV", "Primacy_Agency": "GA", "Population_Served_Count": 108, "Service_Connections_Count": 40, "Service_Area_Type": "Subdivision", "Verification_Status": "", "Area_SqKM": 0.03295435979094532}, "geometry": {"type": "Point", "coordinates": [-83.46076184758347, 30.893658121456504]}}, {"type": "Feature", "properties": {"PWSID": "GA0370000", "PWS_Name": "ARLINGTON", "Primacy_Agency": "GA", "Population_Served_Count": 1220, "Service_Connections_Count": 537, "Service_Area_Type": "Municipality", "Verification_Status": "", "Area_SqKM": 4.91173774396723}, "geometry": {"type": "Point", "coordinates": [-84.72274074927408, 31.437764843649603]}}, {"type": "Feature", "properties": {"PWSID": "GA0370001", "PWS_Name": "EDISON", "Primacy_Agency": "GA", "Population_Served_Count": 1382, "Service_Connections_Count": 576, "Service_Area_Type": "Municipality", "Verification_Status": "", "Area_SqKM": 4.802576030510488}, "geometry": {"type": "Point", "coordinates": [-84.74089567832466, 31.561919247816313]}}, {"type": "Feature", "properties": {"PWSID": "GA0370003", "PWS_Name": "MORGAN", "Primacy_Agency": "GA", "Population_Served_Count": 321, "Service_Connections_Count": 149, "Service_Area_Type": "Municipality", "Verification_Status": "", "Area_SqKM": 1.9672016333764082}, "geometry": {"type": "Point", "coordinates": [-84.60118417792447, 31.53757214179814]}}, {"type": "Feature", "properties": {"PWSID": "GA0530002", "PWS_Name": "CHATTAHOOCHEE COUNTY", "Primacy_Agency": "GA", "Population_Served_Count": 3267, "Service_Connections_Count": 1228, "Service_Area_Type": "Residential Area", "Verification_Status": "", "Area_SqKM": 10.831056014998678}, "geometry": {"type": "Point", "coordinates": [-84.75424522358408, 32.3047170681556]}}, {"type": "Feature", "properties": {"PWSID": "GA0610001", "PWS_Name": "FORT GAINES", "Primacy_Agency": "GA", "Population_Served_Count": 1173, "Service_Connections_Count": 530, "Service_Area_Type": "Municipality", "Verification_Status": "", "Area_SqKM": 3.485644195590482}, "geometry": {"type": "Point", "coordinates": [-85.04620270624697, 31.6070772280945]}}, {"type": "Feature", "properties": {"PWSID": "GA0610029", "PWS_Name": "CLAY COUNTY WATER SYSTEM", "Primacy_Agency": "GA", "Population_Served_Count": 1085, "Service_Connections_Count": 373, "Service_Area_Type": "Municipality", "Verification_Status": "", "Area_SqKM": 6.27063304329323}, "geometry": {"type": "Point", "coordinates": [-85.08327942663978, 31.728570627916998]}}, {"type": "Feature", "properties": {"PWSID": "GA0710000", "PWS_Name": "BERLIN", "Primacy_Agency": "GA", "Population_Served_Count": 643, "Service_Connections_Count": 251, "Service_Area_Type": "Municipality", "Verification_Status": "", "Area_SqKM": 1.4716205245003011}, "geometry": {"type": "Point", "coordinates": [-83.6214614441176, 31.06965310586215]}}, {"type": "Feature", "properties": {"PWSID": "GA0710004", "PWS_Name": "MOULTRIE", "Primacy_Agency": "GA", "Population_Served_Count": 17067, "Service_Connections_Count": 7643, "Service_Area_Type": "Municipality", "Verification_Status": "", "Area_SqKM": 41.79098627297113}, "geometry": {"type": "Point", "coordinates": [-83.7789502942927, 31.16950955392324]}}, {"type": "Feature", "properties": {"PWSID": "GA0710014", "PWS_Name": "INDIAN LAKE SUBDIVISION", "Primacy_Agency": "GA", "Population_Served_Count": 367, "Service_Connections_Count": 137, "Service_Area_Type": "Subdivision", "Verification_Status": "", "Area_SqKM": 0.2283096929934001}, "geometry": {"type": "Point", "coordinates": [-83.7533919666776, 31.232343908374407]}}, {"type": "Feature", "properties": {"PWSID": "GA0710015", "PWS_Name": "SHADY GROVE SUBDIVISION", "Primacy_Agency": "GA", "Population_Served_Count": 154, "Service_Connections_Count": 61, "Service_Area_Type": "Subdivision", "Verification_Status": "", "Area_SqKM": 0.798481194590266}, "geometry": {"type": "Point", "coordinates": [-83.7764555842849, 31.211525347385898]}}, {"type": "Feature", "properties": {"PWSID": "GA0710016", "PWS_Name": "SPENCETON SUBDIVISION 1", "Primacy_Agency": "GA", "Population_Served_Count": 62, "Service_Connections_Count": 23, "Service_Area_Type": "Subdivision", "Verification_Status": "", "Area_SqKM": 0.1556972034825546}, "geometry": {"type": "Point", "coordinates": [-83.7294872600621, 31.14943589998677]}}, {"type": "Feature", "properties": {"PWSID": "GA0710023", "PWS_Name": "TALLOKAS TRAILS/CIRCLE", "Primacy_Agency": "GA", "Population_Served_Count": 443, "Service_Connections_Count": 164, "Service_Area_Type": "Subdivision", "Verification_Status": "", "Area_SqKM": 0.5100108682242446}, "geometry": {"type": "Point", "coordinates": [-83.76032115005333, 31.13689956256281]}}, {"type": "Feature", "properties": {"PWSID": "GA0710024", "PWS_Name": "BEAR CREEK SUBDIVISION", "Primacy_Agency": "GA", "Population_Served_Count": 464, "Service_Connections_Count": 186, "Service_Area_Type": "Subdivision", "Verification_Status": "", "Area_SqKM": 3.1962578280114498}, "geometry": {"type": "Point", "coordinates": [-83.70919043450449, 31.24822862410906]}}, {"type": "Feature", "properties": {"PWSID": "GA0710034", "PWS_Name": "GREEN ACRES MOBILE HOME EST", "Primacy_Agency": "GA", "Population_Served_Count": 49, "Service_Connections_Count": 18, "Service_Area_Type": "Subdivision", "Verification_Status": "", "Area_SqKM": 0.7924584929058954}, "geometry": {"type": "Point", "coordinates": [-83.8283984952847, 31.25605923326967]}}, {"type": "Feature", "properties": {"PWSID": "GA0710038", "PWS_Name": "PINEY GROVE SUBDIVISION", "Primacy_Agency": "GA", "Population_Served_Count": 81, "Service_Connections_Count": 30, "Service_Area_Type": "Subdivision", "Verification_Status": "", "Area_SqKM": 0.6810102921516619}, "geometry": {"type": "Point", "coordinates": [-83.70981694343479, 31.18389322616858]}}, {"type": "Feature", "properties": {"PWSID": "GA0710040", "PWS_Name": "RIVERWOOD SUBDIVISION", "Primacy_Agency": "GA", "Population_Served_Count": 413, "Service_Connections_Count": 153, "Service_Area_Type": "Subdivision", "Verification_Status": "", "Area_SqKM": 3.9469796013182767}, "geometry": {"type": "Point", "coordinates": [-83.76065889246067, 31.12135256288011]}}, {"type": "Feature", "properties": {"PWSID": "GA0710041", "PWS_Name": "SANDS MOBILE HOME PARK", "Primacy_Agency": "GA", "Population_Served_Count": 73, "Service_Connections_Count": 27, "Service_Area_Type": "Mobile Home Park - Principal Residence", "Verification_Status": "", "Area_SqKM": 0.42292796672721394}, "geometry": {"type": "Point", "coordinates": [-83.79302731667786, 31.211417788875053]}}, {"type": "Feature", "properties": {"PWSID": "GA0710072", "PWS_Name": "TALLOKAS ESTATES", "Primacy_Agency": "GA", "Population_Served_Count": 54, "Service_Connections_Count": 20, "Service_Area_Type": "Subdivision", "Verification_Status": "", "Area_SqKM": 1.18640490947434}, "geometry": {"type": "Point", "coordinates": [-83.74677867274785, 31.095396877291]}}, {"type": "Feature", "properties": {"PWSID": "GA0710077", "PWS_Name": "SOUTHLAKE SUBDIVISION", "Primacy_Agency": "GA", "Population_Served_Count": 146, "Service_Connections_Count": 54, "Service_Area_Type": "Subdivision", "Verification_Status": "", "Area_SqKM": 1.3882957970722707}, "geometry": {"type": "Point", "coordinates": [-83.80644542502002, 31.097668200047213]}}, {"type": "Feature", "properties": {"PWSID": "GA0710081", "PWS_Name": "PAVO ROAD FARM WS", "Primacy_Agency": "GA", "Population_Served_Count": 86, "Service_Connections_Count": 32, "Service_Area_Type": "Subdivision", "Verification_Status": "", "Area_SqKM": 0.009793722636209567}, "geometry": {"type": "Point", "coordinates": [-83.80799540015256, 31.08800506666155]}}, {"type": "Feature", "properties": {"PWSID": "GA0710082", "PWS_Name": "DEER RUN ESTATES MHP", "Primacy_Agency": "GA", "Population_Served_Count": 86, "Service_Connections_Count": 32, "Service_Area_Type": "Mobile Home Park - Principal Residence", "Verification_Status": "", "Area_SqKM": 4.516298485690405}, "geometry": {"type": "Point", "coordinates": [-83.74278632008284, 31.151607402969642]}}, {"type": "Feature", "properties": {"PWSID": "GA0710083", "PWS_Name": "HOWARD KNIGHT TRAILER PARKS", "Primacy_Agency": "GA", "Population_Served_Count": 151, "Service_Connections_Count": 56, "Service_Area_Type": "Mobile Home Park - Principal Residence", "Verification_Status": "", "Area_SqKM": 0.23459799326389255}, "geometry": {"type": "Point", "coordinates": [-83.81222602492139, 31.171945899973657]}}, {"type": "Feature", "properties": {"PWSID": "GA0710091", "PWS_Name": "HAVEN HILL ESTATES MHP", "Primacy_Agency": "GA", "Population_Served_Count": 327, "Service_Connections_Count": 121, "Service_Area_Type": "Mobile Home Park", "Verification_Status": "", "Area_SqKM": 0.03395641895139616}, "geometry": {"type": "Point", "coordinates": [-83.75795307255869, 31.21844779667794]}}, {"type": "Feature", "properties": {"PWSID": "GA0710097", "PWS_Name": "SHADOWOODS SUBDIVISION", "Primacy_Agency": "GA", "Population_Served_Count": 105, "Service_Connections_Count": 39, "Service_Area_Type": "Subdivision", "Verification_Status": "", "Area_SqKM": 0.05525435276514289}, "geometry": {"type": "Point", "coordinates": [-83.79524937552382, 31.11450991632422]}}, {"type": "Feature", "properties": {"PWSID": "GA0750000", "PWS_Name": "ADEL", "Primacy_Agency": "GA", "Population_Served_Count": 6560, "Service_Connections_Count": 2934, "Service_Area_Type": "Municipality", "Verification_Status": "", "Area_SqKM": 12.528702155624059}, "geometry": {"type": "Point", "coordinates": [-83.42127615546033, 31.142223072911182]}}, {"type": "Feature", "properties": {"PWSID": "GA0750001", "PWS_Name": "CECIL", "Primacy_Agency": "GA", "Population_Served_Count": 446, "Service_Connections_Count": 171, "Service_Area_Type": "Municipality", "Verification_Status": "", "Area_SqKM": 1.2913980249952846}, "geometry": {"type": "Point", "coordinates": [-83.39029789524811, 31.04652805872914]}}, {"type": "Feature", "properties": {"PWSID": "GA0750003", "PWS_Name": "SPARKS", "Primacy_Agency": "GA", "Population_Served_Count": 1887, "Service_Connections_Count": 735, "Service_Area_Type": "Municipality", "Verification_Status": "", "Area_SqKM": 5.002318168245392}, "geometry": {"type": "Point", "coordinates": [-83.43587687422068, 31.16909514607176]}}, {"type": "Feature", "properties": {"PWSID": "GA0750011", "PWS_Name": "TILLMANS MOBILE HOME PARK", "Primacy_Agency": "GA", "Population_Served_Count": 31, "Service_Connections_Count": 12, "Service_Area_Type": "Mobile Home Park - Principal Residence", "Verification_Status": "", "Area_SqKM": 0.01392274847563712}, "geometry": {"type": "Point", "coordinates": [-83.46735256909102, 31.149991592463415]}}, {"type": "Feature", "properties": {"PWSID": "GA0750044", "PWS_Name": "CIRCLESTONE CC SUBDIVISION", "Primacy_Agency": "GA", "Population_Served_Count": 51, "Service_Connections_Count": 19, "Service_Area_Type": "Subdivision", "Verification_Status": "", "Area_SqKM": 0.37752339987281375}, "geometry": {"type": "Point", "coordinates": [-83.3410320044287, 31.159113468704096]}}, {"type": "Feature", "properties": {"PWSID": "GA0870001", "PWS_Name": "BAINBRIDGE", "Primacy_Agency": "GA", "Population_Served_Count": 15125, "Service_Connections_Count": 5687, "Service_Area_Type": "Municipality", "Verification_Status": "", "Area_SqKM": 43.651899539250486}, "geometry": {"type": "Point", "coordinates": [-84.5798228577455, 30.89641294566507]}}, {"type": "Feature", "properties": {"PWSID": "GA0870004", "PWS_Name": "DECATUR COUNTY INDUSTRIAL PARK", "Primacy_Agency": "GA", "Population_Served_Count": 1100, "Service_Connections_Count": 40, "Service_Area_Type": "Other Residential", "Verification_Status": "", "Area_SqKM": 0.766858344350356}, "geometry": {"type": "Point", "coordinates": [-84.62281280686905, 30.979788920661182]}}, {"type": "Feature", "properties": {"PWSID": "GA0870007", "PWS_Name": "RBE II", "Primacy_Agency": "GA", "Population_Served_Count": 124, "Service_Connections_Count": 47, "Service_Area_Type": "Subdivision", "Verification_Status": "", "Area_SqKM": 0.02710536211575724}, "geometry": {"type": "Point", "coordinates": [-84.5664701665658, 30.955752866623985]}}, {"type": "Feature", "properties": {"PWSID": "GA0870030", "PWS_Name": "MEADOWBROOK SUBDIVISION", "Primacy_Agency": "GA", "Population_Served_Count": 68, "Service_Connections_Count": 25, "Service_Area_Type": "Subdivision", "Verification_Status": "", "Area_SqKM": 0.08866359459926494}, "geometry": {"type": "Point", "coordinates": [-84.6197359000423, 30.848817639853028]}}, {"type": "Feature", "properties": {"PWSID": "GA0870055", "PWS_Name": "RED BLUFF ENTERPRISES, LLC", "Primacy_Agency": "GA", "Population_Served_Count": 266, "Service_Connections_Count": 57, "Service_Area_Type": "Mobile Home Park - Principal Residence", "Verification_Status": "", "Area_SqKM": 0.11760274696583482}, "geometry": {"type": "Point", "coordinates": [-84.63602539991403, 30.929630350030646]}}, {"type": "Feature", "properties": {"PWSID": "GA0870061", "PWS_Name": "FEDERATED TRUST SUBDIVISION WATER SYS.", "Primacy_Agency": "GA", "Population_Served_Count": 130, "Service_Connections_Count": 48, "Service_Area_Type": "Subdivision", "Verification_Status": "", "Area_SqKM": 0.26598182915482615}, "geometry": {"type": "Point", "coordinates": [-84.41373320057598, 31.066600270331673]}}, {"type": "Feature", "properties": {"PWSID": "GA0950000", "PWS_Name": "ALBANY", "Primacy_Agency": "GA", "Population_Served_Count": 101245, "Service_Connections_Count": 37791, "Service_Area_Type": "Municipality", "Verification_Status": "", "Area_SqKM": 183.63639522052705}, "geometry": {"type": "Point", "coordinates": [-84.16387323726781, 31.587135092040473]}}, {"type": "Feature", "properties": {"PWSID": "GA0950010", "PWS_Name": "HOLLANDS FOLLY SUBDIVISION  #1", "Primacy_Agency": "GA", "Population_Served_Count": 356, "Service_Connections_Count": 138, "Service_Area_Type": "Subdivision", "Verification_Status": "", "Area_SqKM": 1.25378316256714}, "geometry": {"type": "Point", "coordinates": [-84.10305948910131, 31.45964880759228]}}, {"type": "Feature", "properties": {"PWSID": "GA1310001", "PWS_Name": "WHIGHAM", "Primacy_Agency": "GA", "Population_Served_Count": 957, "Service_Connections_Count": 400, "Service_Area_Type": "Municipality", "Verification_Status": "", "Area_SqKM": 2.963634972867043}, "geometry": {"type": "Point", "coordinates": [-84.33022429293179, 30.88505351715069]}}, {"type": "Feature", "properties": {"PWSID": "GA1310022", "PWS_Name": "PINE TERRACE MOBILE HOME PARK", "Primacy_Agency": "GA", "Population_Served_Count": 297, "Service_Connections_Count": 110, "Service_Area_Type": "Subdivision", "Verification_Status": "", "Area_SqKM": 2.6969644323179955}, "geometry": {"type": "Point", "coordinates": [-84.12404715272885, 30.865303050863798]}}, {"type": "Feature", "properties": {"PWSID": "GA1310023", "PWS_Name": "MONTERREY PARK", "Primacy_Agency": "GA", "Population_Served_Count": 57, "Service_Connections_Count": 22, "Service_Area_Type": "Mobile Home Park - Principal Residence", "Verification_Status": "", "Area_SqKM": 0.08819850187382561}, "geometry": {"type": "Point", "coordinates": [-84.27504610706258, 30.83687433560283]}}, {"type": "Feature", "properties": {"PWSID": "GA1310046", "PWS_Name": "LEWIS ESTATES SUBDIVISION", "Primacy_Agency": "GA", "Population_Served_Count": 97, "Service_Connections_Count": 36, "Service_Area_Type": "Subdivision", "Verification_Status": "", "Area_SqKM": 5.873907143862355}, "geometry": {"type": "Point", "coordinates": [-84.15143013542627, 30.81154704307225]}}, {"type": "Feature", "properties": {"PWSID": "GA1310048", "PWS_Name": "QUAIL RIDGE SOUTH SUBDIVISION", "Primacy_Agency": "GA", "Population_Served_Count": 289, "Service_Connections_Count": 107, "Service_Area_Type": "Subdivision", "Verification_Status": "", "Area_SqKM": 0.9925454857934549}, "geometry": {"type": "Point", "coordinates": [-84.36254017458438, 30.7119346181609]}}, {"type": "Feature", "properties": {"PWSID": "GA1770001", "PWS_Name": "SMITHVILLE", "Primacy_Agency": "GA", "Population_Served_Count": 699, "Service_Connections_Count": 263, "Service_Area_Type": "Municipality", "Verification_Status": "", "Area_SqKM": 3.385192189353511}, "geometry": {"type": "Point", "coordinates": [-84.25560696397017, 31.904857757336767]}}, {"type": "Feature", "properties": {"PWSID": "GA1770015", "PWS_Name": "LEE STATE PRISON", "Primacy_Agency": "GA", "Population_Served_Count": 886, "Service_Connections_Count": 16, "Service_Area_Type": "Other Residential", "Verification_Status": "", "Area_SqKM": 0.03943400032272453}, "geometry": {"type": "Point", "coordinates": [-84.18878999991435, 31.764860384692277]}}, {"type": "Feature", "properties": {"PWSID": "GA1770026", "PWS_Name": "NORTH DOUBLEGATE WATER SYSTEM", "Primacy_Agency": "GA", "Population_Served_Count": 92, "Service_Connections_Count": 35, "Service_Area_Type": "Subdivision", "Verification_Status": "", "Area_SqKM": 0.371960475522068}, "geometry": {"type": "Point", "coordinates": [-84.25362995865711, 31.635551086989278]}}, {"type": "Feature", "properties": {"PWSID": "GA1850000", "PWS_Name": "HAHIRA", "Primacy_Agency": "GA", "Population_Served_Count": 3572, "Service_Connections_Count": 1496, "Service_Area_Type": "Municipality", "Verification_Status": "", "Area_SqKM": 4.788322272508507}, "geometry": {"type": "Point", "coordinates": [-83.37139242921708, 30.98515772586414]}}, {"type": "Feature", "properties": {"PWSID": "GA1850009", "PWS_Name": "ACADEMY ACRES SUBDIVISION", "Primacy_Agency": "GA", "Population_Served_Count": 338, "Service_Connections_Count": 125, "Service_Area_Type": "Subdivision", "Verification_Status": "", "Area_SqKM": 1.9046718513458547}, "geometry": {"type": "Point", "coordinates": [-83.24754800726326, 30.892087123389505]}}, {"type": "Feature", "properties": {"PWSID": "GA1850027", "PWS_Name": "THE RIVER RV PARK", "Primacy_Agency": "GA", "Population_Served_Count": 219, "Service_Connections_Count": 80, "Service_Area_Type": "Mobile Home Park", "Verification_Status": "", "Area_SqKM": 0.05375318938916268}, "geometry": {"type": "Point", "coordinates": [-83.3344286001959, 30.849581929267387]}}, {"type": "Feature", "properties": {"PWSID": "GA1850050", "PWS_Name": "GSP SCHROER ESTATES", "Primacy_Agency": "GA", "Population_Served_Count": 281, "Service_Connections_Count": 126, "Service_Area_Type": "Residential Area", "Verification_Status": "", "Area_SqKM": 0.3057071935359633}, "geometry": {"type": "Point", "coordinates": [-83.26991421359311, 30.887591421538094]}}, {"type": "Feature", "properties": {"PWSID": "GA1850051", "PWS_Name": "WEST WINDS SUBDIVISION", "Primacy_Agency": "GA", "Population_Served_Count": 111, "Service_Connections_Count": 41, "Service_Area_Type": "Subdivision", "Verification_Status": "", "Area_SqKM": 0.17641243551732075}, "geometry": {"type": "Point", "coordinates": [-83.33753033659752, 30.80831506835051]}}, {"type": "Feature", "properties": {"PWSID": "GA1850054", "PWS_Name": "LOCH-WINN SUBDIVISION", "Primacy_Agency": "GA", "Population_Served_Count": 325, "Service_Connections_Count": 125, "Service_Area_Type": "Subdivision", "Verification_Status": "", "Area_SqKM": 0.24276956529649243}, "geometry": {"type": "Point", "coordinates": [-83.34220296421142, 30.809640993975126]}}, {"type": "Feature", "properties": {"PWSID": "GA1850064", "PWS_Name": "REMERTON", "Primacy_Agency": "GA", "Population_Served_Count": 1604, "Service_Connections_Count": 667, "Service_Area_Type": "Municipality", "Verification_Status": "", "Area_SqKM": 0.46760174650924197}, "geometry": {"type": "Point", "coordinates": [-83.30672891275464, 30.842967490111963]}}, {"type": "Feature", "properties": {"PWSID": "GA1850069", "PWS_Name": "ASHURST SUBDIVISION", "Primacy_Agency": "GA", "Population_Served_Count": 359, "Service_Connections_Count": 133, "Service_Area_Type": "Subdivision", "Verification_Status": "", "Area_SqKM": 0.2604483766533761}, "geometry": {"type": "Point", "coordinates": [-83.25771242272077, 30.9225794806672]}}, {"type": "Feature", "properties": {"PWSID": "GA1850081", "PWS_Name": "COPELAND HEIGHTS SUBDIVISION", "Primacy_Agency": "GA", "Population_Served_Count": 284, "Service_Connections_Count": 105, "Service_Area_Type": "Subdivision", "Verification_Status": "", "Area_SqKM": 0.2916978136340459}, "geometry": {"type": "Point", "coordinates": [-83.26627936671011, 30.792362957916964]}}, {"type": "Feature", "properties": {"PWSID": "GA1850127", "PWS_Name": "UNION CREEK HEIGHTS S/D", "Primacy_Agency": "GA", "Population_Served_Count": 119, "Service_Connections_Count": 44, "Service_Area_Type": "Subdivision", "Verification_Status": "", "Area_SqKM": 0.06351071928096066}, "geometry": {"type": "Point", "coordinates": [-83.37702145309487, 30.971588553015707]}}, {"type": "Feature", "properties": {"PWSID": "GA1850284", "PWS_Name": "MULLIGAN ROAD WATER SUPPLY", "Primacy_Agency": "GA", "Population_Served_Count": 905, "Service_Connections_Count": 335, "Service_Area_Type": "Subdivision", "Verification_Status": "", "Area_SqKM": 0.27807273434583}, "geometry": {"type": "Point", "coordinates": [-83.2539245648436, 30.916357556792274]}}, {"type": "Feature", "properties": {"PWSID": "GA1850285", "PWS_Name": "SPRING HILL SUBDIVISION", "Primacy_Agency": "GA", "Population_Served_Count": 535, "Service_Connections_Count": 198, "Service_Area_Type": "Subdivision", "Verification_Status": "", "Area_SqKM": 0.671840872778069}, "geometry": {"type": "Point", "coordinates": [-83.26004549785263, 30.93404156704375]}}, {"type": "Feature", "properties": {"PWSID": "GA1850288", "PWS_Name": "BETHANY HILLS WATER SYSTEM", "Primacy_Agency": "GA", "Population_Served_Count": 130, "Service_Connections_Count": 48, "Service_Area_Type": "Subdivision", "Verification_Status": "", "Area_SqKM": 0.0473034074340211}, "geometry": {"type": "Point", "coordinates": [-83.33292798191297, 30.948885990840065]}}, {"type": "Feature", "properties": {"PWSID": "GA1850293", "PWS_Name": "HAMPTON MEADOWS", "Primacy_Agency": "GA", "Population_Served_Count": 219, "Service_Connections_Count": 81, "Service_Area_Type": "Subdivision", "Verification_Status": "", "Area_SqKM": 0.054720387877971476}, "geometry": {"type": "Point", "coordinates": [-83.25342290001443, 30.92832960008992]}}, {"type": "Feature", "properties": {"PWSID": "GA1850299", "PWS_Name": "SUMMIT CHASE SUBDIVISION", "Primacy_Agency": "GA", "Population_Served_Count": 167, "Service_Connections_Count": 62, "Service_Area_Type": "Subdivision", "Verification_Status": "", "Area_SqKM": 0.16874465058494814}, "geometry": {"type": "Point", "coordinates": [-83.25887390338114, 30.919649122059624]}}, {"type": "Feature", "properties": {"PWSID": "GA1850301", "PWS_Name": "FARMBROOK SUBDIVISION", "Primacy_Agency": "GA", "Population_Served_Count": 216, "Service_Connections_Count": 80, "Service_Area_Type": "Subdivision", "Verification_Status": "", "Area_SqKM": 0.6785039617974965}, "geometry": {"type": "Point", "coordinates": [-83.25550282688476, 30.89321503945977]}}, {"type": "Feature", "properties": {"PWSID": "GA1850310", "PWS_Name": "CAINS RV AND MHP", "Primacy_Agency": "GA", "Population_Served_Count": 221, "Service_Connections_Count": 82, "Service_Area_Type": "Subdivision", "Verification_Status": "", "Area_SqKM": 9.33844357774645}, "geometry": {"type": "Point", "coordinates": [-83.37871283495446, 31.010177459778834]}}, {"type": "Feature", "properties": {"PWSID": "GA1850320", "PWS_Name": "QUARTERMAN CROSSING SUBDIVISION", "Primacy_Agency": "GA", "Population_Served_Count": 230, "Service_Connections_Count": 85, "Service_Area_Type": "Subdivision", "Verification_Status": "", "Area_SqKM": 10.196407012796998}, "geometry": {"type": "Point", "coordinates": [-83.28199150388916, 30.99790228908823]}}, {"type": "Feature", "properties": {"PWSID": "GA1850322", "PWS_Name": "LOWNDES CO.-CREEKSIDE WEST S/D", "Primacy_Agency": "GA", "Population_Served_Count": 667, "Service_Connections_Count": 247, "Service_Area_Type": "Subdivision", "Verification_Status": "", "Area_SqKM": 0.014457494747765224}, "geometry": {"type": "Point", "coordinates": [-83.40120574993975, 30.993530916615097]}}, {"type": "Feature", "properties": {"PWSID": "GA1850331", "PWS_Name": "NOTTINGHILL SUBDIVISION", "Primacy_Agency": "GA", "Population_Served_Count": 62, "Service_Connections_Count": 23, "Service_Area_Type": "Subdivision", "Verification_Status": "", "Area_SqKM": 2.396648937465775}, "geometry": {"type": "Point", "coordinates": [-83.2778946010826, 30.91967747369348]}}, {"type": "Feature", "properties": {"PWSID": "GA1970000", "PWS_Name": "BUENA VISTA", "Primacy_Agency": "GA", "Population_Served_Count": 1422, "Service_Connections_Count": 591, "Service_Area_Type": "Municipality", "Verification_Status": "", "Area_SqKM": 6.821916509046869}, "geometry": {"type": "Point", "coordinates": [-84.51156125389024, 32.31561048050387]}}, {"type": "Feature", "properties": {"PWSID": "GA1970003", "PWS_Name": "MARION COUNTY WATER SYSTEM", "Primacy_Agency": "GA", "Population_Served_Count": 5705, "Service_Connections_Count": 1601, "Service_Area_Type": "Residential Area", "Verification_Status": "", "Area_SqKM": 4.448462297326157}, "geometry": {"type": "Point", "coordinates": [-84.52085324655526, 32.31907558839632]}}, {"type": "Feature", "properties": {"PWSID": "GA2050002", "PWS_Name": "HINSONTON WATER ASSOCIATION", "Primacy_Agency": "GA", "Population_Served_Count": 57, "Service_Connections_Count": 22, "Service_Area_Type": "Homeowners Association", "Verification_Status": "", "Area_SqKM": 0.2434393550470132}, "geometry": {"type": "Point", "coordinates": [-84.03258481082652, 31.17852479183012]}}, {"type": "Feature", "properties": {"PWSID": "GA2390001", "PWS_Name": "BONAPARTE`S RETREAT, INC.", "Primacy_Agency": "GA", "Population_Served_Count": 554, "Service_Connections_Count": 205, "Service_Area_Type": "Subdivision", "Verification_Status": "", "Area_SqKM": 0.19431484827912335}, "geometry": {"type": "Point", "coordinates": [-85.12367809547342, 31.79064256814578]}}, {"type": "Feature", "properties": {"PWSID": "GA2390002", "PWS_Name": "CHATTAHOOCHEE PLANTATION ESTS.", "Primacy_Agency": "GA", "Population_Served_Count": 472, "Service_Connections_Count": 270, "Service_Area_Type": "Subdivision", "Verification_Status": "", "Area_SqKM": 9.540839215883409}, "geometry": {"type": "Point", "coordinates": [-85.11208419266701, 31.833614112982918]}}, {"type": "Feature", "properties": {"PWSID": "GA2390003", "PWS_Name": "BCB WATERWORKS", "Primacy_Agency": "GA", "Population_Served_Count": 392, "Service_Connections_Count": 145, "Service_Area_Type": "Subdivision", "Verification_Status": "", "Area_SqKM": 2.118400233188088}, "geometry": {"type": "Point", "coordinates": [-85.10712693228662, 31.864580877411854]}}, {"type": "Feature", "properties": {"PWSID": "GA2390008", "PWS_Name": "QUITMAN WATER & SEWER AUTH.", "Primacy_Agency": "GA", "Population_Served_Count": 996, "Service_Connections_Count": 370, "Service_Area_Type": "Municipality", "Verification_Status": "", "Area_SqKM": 0.14531107557635517}, "geometry": {"type": "Point", "coordinates": [-85.07597001427884, 31.86926680945174]}}, {"type": "Feature", "properties": {"PWSID": "GA2430000", "PWS_Name": "CUTHBERT", "Primacy_Agency": "GA", "Population_Served_Count": 2835, "Service_Connections_Count": 1150, "Service_Area_Type": "Municipality", "Verification_Status": "", "Area_SqKM": 7.644567300729271}, "geometry": {"type": "Point", "coordinates": [-84.79084070886391, 31.773780774686845]}}, {"type": "Feature", "properties": {"PWSID": "GA2430001", "PWS_Name": "SHELLMAN", "Primacy_Agency": "GA", "Population_Served_Count": 1080, "Service_Connections_Count": 392, "Service_Area_Type": "Municipality", "Verification_Status": "", "Area_SqKM": 4.293328511969576}, "geometry": {"type": "Point", "coordinates": [-84.61033288913966, 31.754112088071423]}}, {"type": "Feature", "properties": {"PWSID": "GA2430003", "PWS_Name": "RANDOLPH COUNTY WATER AUTHORITY", "Primacy_Agency": "GA", "Population_Served_Count": 246, "Service_Connections_Count": 91, "Service_Area_Type": "Municipality", "Verification_Status": "", "Area_SqKM": 0.52952603579745}, "geometry": {"type": "Point", "coordinates": [-84.89084052556245, 31.67437995352399]}}, {"type": "Feature", "properties": {"PWSID": "GA2490004", "PWS_Name": "SCHLEY COUNTY WATER SYSTEM", "Primacy_Agency": "GA", "Population_Served_Count": 1763, "Service_Connections_Count": 664, "Service_Area_Type": "Municipality", "Verification_Status": "", "Area_SqKM": 2.053583135521266}, "geometry": {"type": "Point", "coordinates": [-84.31785973011993, 32.23654146984814]}}, {"type": "Feature", "properties": {"PWSID": "GA2530004", "PWS_Name": "PARADISE ACRES SUBDIVISION", "Primacy_Agency": "GA", "Population_Served_Count": 192, "Service_Connections_Count": 71, "Service_Area_Type": "Subdivision", "Verification_Status": "", "Area_SqKM": 0.08321968276215973}, "geometry": {"type": "Point", "coordinates": [-84.87173769998799, 30.823980770623105]}}, {"type": "Feature", "properties": {"PWSID": "GA2530005", "PWS_Name": "RIVERSIDE ACRES SUBDIVISION", "Primacy_Agency": "GA", "Population_Served_Count": 159, "Service_Connections_Count": 59, "Service_Area_Type": "Subdivision", "Verification_Status": "", "Area_SqKM": 0.3371936671743134}, "geometry": {"type": "Point", "coordinates": [-84.92161748262582, 30.805401761946655]}}, {"type": "Feature", "properties": {"PWSID": "GA2530007", "PWS_Name": "HOLLY ISLES", "Primacy_Agency": "GA", "Population_Served_Count": 572, "Service_Connections_Count": 220, "Service_Area_Type": "Subdivision", "Verification_Status": "", "Area_SqKM": 1.030760473455052}, "geometry": {"type": "Point", "coordinates": [-84.77548418700535, 30.78225973055885]}}, {"type": "Feature", "properties": {"PWSID": "GA2590000", "PWS_Name": "LUMPKIN", "Primacy_Agency": "GA", "Population_Served_Count": 1136, "Service_Connections_Count": 487, "Service_Area_Type": "Municipality", "Verification_Status": "", "Area_SqKM": 3.5788597453984643}, "geometry": {"type": "Point", "coordinates": [-84.79518743896513, 32.050088784312095]}}, {"type": "Feature", "properties": {"PWSID": "GA2590001", "PWS_Name": "CITY OF OMAHA", "Primacy_Agency": "GA", "Population_Served_Count": 243, "Service_Connections_Count": 91, "Service_Area_Type": "Municipality", "Verification_Status": "", "Area_SqKM": 0.3899403144545731}, "geometry": {"type": "Point", "coordinates": [-85.01255111036616, 32.14573403100321]}}, {"type": "Feature", "properties": {"PWSID": "GA2590002", "PWS_Name": "RICHLAND", "Primacy_Agency": "GA", "Population_Served_Count": 1358, "Service_Connections_Count": 511, "Service_Area_Type": "Municipality", "Verification_Status": "", "Area_SqKM": 6.009847795426097}, "geometry": {"type": "Point", "coordinates": [-84.65983477052524, 32.08470014291742]}}, {"type": "Feature", "properties": {"PWSID": "GA2590010", "PWS_Name": "LOUVALE COMMUNITY", "Primacy_Agency": "GA", "Population_Served_Count": 388, "Service_Connections_Count": 144, "Service_Area_Type": "Municipality", "Verification_Status": "", "Area_SqKM": 0.023062820597336067}, "geometry": {"type": "Point", "coordinates": [-84.83898433697988, 32.15379024819533]}}, {"type": "Feature", "properties": {"PWSID": "GA2590012", "PWS_Name": "BROOKLYN WATER SYSTEM", "Primacy_Agency": "GA", "Population_Served_Count": 2429, "Service_Connections_Count": 200, "Service_Area_Type": "Residential Area", "Verification_Status": "", "Area_SqKM": 0.0285083242414369}, "geometry": {"type": "Point", "coordinates": [-84.72075396950666, 32.06590748468602]}}, {"type": "Feature", "properties": {"PWSID": "GA2610000", "PWS_Name": "AMERICUS", "Primacy_Agency": "GA", "Population_Served_Count": 15082, "Service_Connections_Count": 6349, "Service_Area_Type": "Municipality", "Verification_Status": "", "Area_SqKM": 27.923420868071698}, "geometry": {"type": "Point", "coordinates": [-84.23120335773042, 32.08297404053347]}}, {"type": "Feature", "properties": {"PWSID": "GA2750003", "PWS_Name": "OCHLOCKNEE", "Primacy_Agency": "GA", "Population_Served_Count": 905, "Service_Connections_Count": 340, "Service_Area_Type": "Municipality", "Verification_Status": "", "Area_SqKM": 2.0888579762715667}, "geometry": {"type": "Point", "coordinates": [-84.05209860998455, 30.981382799972245]}}, {"type": "Feature", "properties": {"PWSID": "GA2750005", "PWS_Name": "THOMASVILLE", "Primacy_Agency": "GA", "Population_Served_Count": 32613, "Service_Connections_Count": 12820, "Service_Area_Type": "Municipality", "Verification_Status": "", "Area_SqKM": 60.93891036243355}, "geometry": {"type": "Point", "coordinates": [-83.96623465784349, 30.839857916305352]}}, {"type": "Feature", "properties": {"PWSID": "GA2750018", "PWS_Name": "SUGARWOOD ESTATES MHP", "Primacy_Agency": "GA", "Population_Served_Count": 162, "Service_Connections_Count": 60, "Service_Area_Type": "Mobile Home Park - Principal Residence", "Verification_Status": "", "Area_SqKM": 0.07280277252843419}, "geometry": {"type": "Point", "coordinates": [-83.97583585446968, 30.89410798189385]}}, {"type": "Feature", "properties": {"PWSID": "GA2750020", "PWS_Name": "HIDDEN ACRES SUBDIVISION", "Primacy_Agency": "GA", "Population_Served_Count": 86, "Service_Connections_Count": 32, "Service_Area_Type": "Subdivision", "Verification_Status": "", "Area_SqKM": 5.418434184897846}, "geometry": {"type": "Point", "coordinates": [-83.91880554731023, 30.838909326309285]}}, {"type": "Feature", "properties": {"PWSID": "GA2750022", "PWS_Name": "PINE RUN SUBDIVISION", "Primacy_Agency": "GA", "Population_Served_Count": 149, "Service_Connections_Count": 56, "Service_Area_Type": "Subdivision", "Verification_Status": "", "Area_SqKM": 0.037229554080649034}, "geometry": {"type": "Point", "coordinates": [-83.91942545549196, 30.888534883363548]}}, {"type": "Feature", "properties": {"PWSID": "GA2750023", "PWS_Name": "LAKE RIVERSIDE SUBDIVISION", "Primacy_Agency": "GA", "Population_Served_Count": 726, "Service_Connections_Count": 269, "Service_Area_Type": "Subdivision", "Verification_Status": "", "Area_SqKM": 1.6655231486943938}, "geometry": {"type": "Point", "coordinates": [-83.96847765024059, 30.958380792054236]}}, {"type": "Feature", "properties": {"PWSID": "GA2750024", "PWS_Name": "RIVERWOOD ESTATES", "Primacy_Agency": "GA", "Population_Served_Count": 103, "Service_Connections_Count": 38, "Service_Area_Type": "Subdivision", "Verification_Status": "", "Area_SqKM": 0.8297377470856627}, "geometry": {"type": "Point", "coordinates": [-84.01125809524967, 30.935420490448614]}}, {"type": "Feature", "properties": {"PWSID": "GA2750027", "PWS_Name": "LAKE LILLIQUIN S/D", "Primacy_Agency": "GA", "Population_Served_Count": 113, "Service_Connections_Count": 42, "Service_Area_Type": "Subdivision", "Verification_Status": "", "Area_SqKM": 0.10790922278873619}, "geometry": {"type": "Point", "coordinates": [-83.93359841288282, 30.838821210247225]}}, {"type": "Feature", "properties": {"PWSID": "GA2750048", "PWS_Name": "SUNNYBELLE ACRES", "Primacy_Agency": "GA", "Population_Served_Count": 54, "Service_Connections_Count": 20, "Service_Area_Type": "Subdivision", "Verification_Status": "", "Area_SqKM": 0.5338250255219936}, "geometry": {"type": "Point", "coordinates": [-83.98800742355976, 30.877930138318654]}}, {"type": "Feature", "properties": {"PWSID": "GA2750055", "PWS_Name": "HOLLY SPRINGS SUBDIVISION", "Primacy_Agency": "GA", "Population_Served_Count": 156, "Service_Connections_Count": 58, "Service_Area_Type": "Subdivision", "Verification_Status": "", "Area_SqKM": 2.48680473422684}, "geometry": {"type": "Point", "coordinates": [-83.9801719206921, 30.897020101681953]}}, {"type": "Feature", "properties": {"PWSID": "GA2750059", "PWS_Name": "SANFORD HEIGHTS SUBDIVISION", "Primacy_Agency": "GA", "Population_Served_Count": 181, "Service_Connections_Count": 67, "Service_Area_Type": "Subdivision", "Verification_Status": "", "Area_SqKM": 1.1432582951045214}, "geometry": {"type": "Point", "coordinates": [-83.93987527508105, 30.89629042499814]}}, {"type": "Feature", "properties": {"PWSID": "GA2750063", "PWS_Name": "PECAN VILLAGE/OAK HILL MHP", "Primacy_Agency": "GA", "Population_Served_Count": 221, "Service_Connections_Count": 85, "Service_Area_Type": "Mobile Home Park - Principal Residence", "Verification_Status": "", "Area_SqKM": 1.904460413539987}, "geometry": {"type": "Point", "coordinates": [-83.93879681675902, 30.887087175055044]}}, {"type": "Feature", "properties": {"PWSID": "GA2750070", "PWS_Name": "HUNTER`S COVE SUBDIVISION", "Primacy_Agency": "GA", "Population_Served_Count": 167, "Service_Connections_Count": 62, "Service_Area_Type": "Subdivision", "Verification_Status": "", "Area_SqKM": 0.28645521011661174}, "geometry": {"type": "Point", "coordinates": [-83.98032091425844, 30.91640791907892]}}, {"type": "Feature", "properties": {"PWSID": "GA2750073", "PWS_Name": "SUGAR MILL RV PARK", "Primacy_Agency": "GA", "Population_Served_Count": 359, "Service_Connections_Count": 137, "Service_Area_Type": "Recreation Area", "Verification_Status": "", "Area_SqKM": 0.035905027289320525}, "geometry": {"type": "Point", "coordinates": [-84.02570677261777, 30.950647845442578]}}, {"type": "Feature", "properties": {"PWSID": "GA2750075", "PWS_Name": "WILLOW RIDGE SUBDIVISION", "Primacy_Agency": "GA", "Population_Served_Count": 111, "Service_Connections_Count": 41, "Service_Area_Type": "Subdivision", "Verification_Status": "", "Area_SqKM": 0.0724672141995075}, "geometry": {"type": "Point", "coordinates": [-83.96420912209105, 30.9278698889447]}}, {"type": "Feature", "properties": {"PWSID": "GA2750080", "PWS_Name": "SOUTHERN POINTE SUBDIVISION", "Primacy_Agency": "GA", "Population_Served_Count": 76, "Service_Connections_Count": 28, "Service_Area_Type": "Subdivision", "Verification_Status": "", "Area_SqKM": 0.06121600657048065}, "geometry": {"type": "Point", "coordinates": [-83.85018632539273, 30.896922246886263]}}, {"type": "Feature", "properties": {"PWSID": "GA2770003", "PWS_Name": "TY TY", "Primacy_Agency": "GA", "Population_Served_Count": 929, "Service_Connections_Count": 350, "Service_Area_Type": "Municipality", "Verification_Status": "", "Area_SqKM": 1.4260929205321604}, "geometry": {"type": "Point", "coordinates": [-83.64820242531611, 31.471214810136516]}}, {"type": "Feature", "properties": {"PWSID": "GA2770032", "PWS_Name": "BAR W MOBILE HOME PARK", "Primacy_Agency": "GA", "Population_Served_Count": 54, "Service_Connections_Count": 20, "Service_Area_Type": "Mobile Home Park - Principal Residence", "Verification_Status": "", "Area_SqKM": 9.721053175777385}, "geometry": {"type": "Point", "coordinates": [-83.60966182290305, 31.503169274687867]}}, {"type": "Feature", "properties": {"PWSID": "GA3210002", "PWS_Name": "SUMNER", "Primacy_Agency": "GA", "Population_Served_Count": 662, "Service_Connections_Count": 248, "Service_Area_Type": "Municipality", "Verification_Status": "", "Area_SqKM": 1.0994535688818343}, "geometry": {"type": "Point", "coordinates": [-83.7391915190576, 31.511959647650876]}}, {"type": "Feature", "properties": {"PWSID": "GA2050036", "PWS_Name": "BOYNTON GROVE MHP", "Primacy_Agency": "GA", "Population_Served_Count": 39, "Service_Connections_Count": 15, "Service_Area_Type": "Mobile Home Park - Principal Residence", "Verification_Status": "", "Area_SqKM": 0.03085272794931999}, "geometry": {"type": "Point", "coordinates": [-84.17683016646022, 31.30481472213949]}}, {"type": "Feature", "properties": {"PWSID": "GA0710002", "PWS_Name": "ELLENTON", "Primacy_Agency": "GA", "Population_Served_Count": 359, "Service_Connections_Count": 147, "Service_Area_Type": "Municipality", "Verification_Status": "", "Area_SqKM": 1.231207449018771}, "geometry": {"type": "Point", "coordinates": [-83.6020692763256, 31.17634876362943]}}, {"type": "Feature", "properties": {"PWSID": "GA0750002", "PWS_Name": "LENOX", "Primacy_Agency": "GA", "Population_Served_Count": 1083, "Service_Connections_Count": 457, "Service_Area_Type": "Municipality", "Verification_Status": "", "Area_SqKM": 2.176982265041435}, "geometry": {"type": "Point", "coordinates": [-83.4609643198252, 31.271273954469574]}}, {"type": "Feature", "properties": {"PWSID": "GA0750047", "PWS_Name": "CHASERVILLE MOBILE HOME PARK", "Primacy_Agency": "GA", "Population_Served_Count": 103, "Service_Connections_Count": 38, "Service_Area_Type": "Mobile Home Park", "Verification_Status": "", "Area_SqKM": 16.99700140178281}, "geometry": {"type": "Point", "coordinates": [-83.34884037343315, 31.22944578111179]}}, {"type": "Feature", "properties": {"PWSID": "GA0810000", "PWS_Name": "ARABI", "Primacy_Agency": "GA", "Population_Served_Count": 480, "Service_Connections_Count": 207, "Service_Area_Type": "Municipality", "Verification_Status": "", "Area_SqKM": 1.3145175166505347}, "geometry": {"type": "Point", "coordinates": [-83.73088152766796, 31.835124244734853]}}, {"type": "Feature", "properties": {"PWSID": "GA0810001", "PWS_Name": "CORDELE", "Primacy_Agency": "GA", "Population_Served_Count": 11880, "Service_Connections_Count": 5100, "Service_Area_Type": "Municipality", "Verification_Status": "", "Area_SqKM": 22.1184680788639}, "geometry": {"type": "Point", "coordinates": [-83.78338407057498, 31.973324689705848]}}, {"type": "Feature", "properties": {"PWSID": "GA0810006", "PWS_Name": "RICONNUCK KNOLL SUBDIVISION", "Primacy_Agency": "GA", "Population_Served_Count": 170, "Service_Connections_Count": 63, "Service_Area_Type": "Subdivision", "Verification_Status": "", "Area_SqKM": 0.08471924849502768}, "geometry": {"type": "Point", "coordinates": [-83.77329716318144, 31.948893679001834]}}, {"type": "Feature", "properties": {"PWSID": "GA0810007", "PWS_Name": "CEDAR LAKE ESTATES", "Primacy_Agency": "GA", "Population_Served_Count": 84, "Service_Connections_Count": 31, "Service_Area_Type": "Subdivision", "Verification_Status": "", "Area_SqKM": 0.048874039719915434}, "geometry": {"type": "Point", "coordinates": [-83.76916632872295, 31.93744112371666]}}, {"type": "Feature", "properties": {"PWSID": "GA0810021", "PWS_Name": "COMMUNITY WATER SYSTEM", "Primacy_Agency": "GA", "Population_Served_Count": 151, "Service_Connections_Count": 56, "Service_Area_Type": "Subdivision", "Verification_Status": "", "Area_SqKM": 0.04468699995213255}, "geometry": {"type": "Point", "coordinates": [-83.72666677495646, 31.940940850188717]}}, {"type": "Feature", "properties": {"PWSID": "GA0810064", "PWS_Name": "LAKE BLACKSHEAR AREA", "Primacy_Agency": "GA", "Population_Served_Count": 4018, "Service_Connections_Count": 1515, "Service_Area_Type": "Subdivision", "Verification_Status": "", "Area_SqKM": 1.5001629549305335}, "geometry": {"type": "Point", "coordinates": [-83.93185369644621, 31.9212633196683]}}, {"type": "Feature", "properties": {"PWSID": "GA0930000", "PWS_Name": "BYROMVILLE", "Primacy_Agency": "GA", "Population_Served_Count": 495, "Service_Connections_Count": 179, "Service_Area_Type": "Municipality", "Verification_Status": "", "Area_SqKM": 0.8975116251549378}, "geometry": {"type": "Point", "coordinates": [-83.9079561451195, 32.20269759993902]}}, {"type": "Feature", "properties": {"PWSID": "GA0930001", "PWS_Name": "LILLY", "Primacy_Agency": "GA", "Population_Served_Count": 200, "Service_Connections_Count": 78, "Service_Area_Type": "Municipality", "Verification_Status": "", "Area_SqKM": 1.3895978297213545}, "geometry": {"type": "Point", "coordinates": [-83.87701797593877, 32.14682210005351]}}, {"type": "Feature", "properties": {"PWSID": "GA0930002", "PWS_Name": "PINEHURST", "Primacy_Agency": "GA", "Population_Served_Count": 1649, "Service_Connections_Count": 132, "Service_Area_Type": "Municipality", "Verification_Status": "", "Area_SqKM": 1.249136793496828}, "geometry": {"type": "Point", "coordinates": [-83.76220952295421, 32.195315722917215]}}, {"type": "Feature", "properties": {"PWSID": "GA0930003", "PWS_Name": "UNADILLA", "Primacy_Agency": "GA", "Population_Served_Count": 3469, "Service_Connections_Count": 775, "Service_Area_Type": "Municipality", "Verification_Status": "", "Area_SqKM": 8.24492452587348}, "geometry": {"type": "Point", "coordinates": [-83.74199162701434, 32.25892433186485]}}, {"type": "Feature", "properties": {"PWSID": "GA0930004", "PWS_Name": "VIENNA", "Primacy_Agency": "GA", "Population_Served_Count": 3018, "Service_Connections_Count": 1254, "Service_Area_Type": "Municipality", "Verification_Status": "", "Area_SqKM": 16.51360380283235}, "geometry": {"type": "Point", "coordinates": [-83.80004700489502, 32.08523856230094]}}, {"type": "Feature", "properties": {"PWSID": "GA0930032", "PWS_Name": "DOOLING", "Primacy_Agency": "GA", "Population_Served_Count": 127, "Service_Connections_Count": 48, "Service_Area_Type": "Municipality", "Verification_Status": "", "Area_SqKM": 0.3869903002047767}, "geometry": {"type": "Point", "coordinates": [-83.92705949993353, 32.23017069376968]}}, {"type": "Feature", "properties": {"PWSID": "GA0950035", "PWS_Name": "USMC-LOGISTICS", "Primacy_Agency": "GA", "Population_Served_Count": 3350, "Service_Connections_Count": 320, "Service_Area_Type": "Other Residential", "Verification_Status": "", "Area_SqKM": 12.003236180942267}, "geometry": {"type": "Point", "coordinates": [-84.04160355476552, 31.5512730236878]}}, {"type": "Feature", "properties": {"PWSID": "GA1530005", "PWS_Name": "HOUSTON COUNTY-HENDERSON", "Primacy_Agency": "GA", "Population_Served_Count": 1253, "Service_Connections_Count": 464, "Service_Area_Type": "Residential Area", "Verification_Status": "", "Area_SqKM": 0.14244089550516267}, "geometry": {"type": "Point", "coordinates": [-83.70901886776846, 32.3303250580526]}}, {"type": "Feature", "properties": {"PWSID": "GA1550000", "PWS_Name": "IRWINVILLE WATER WORKS, INC.", "Primacy_Agency": "GA", "Population_Served_Count": 149, "Service_Connections_Count": 63, "Service_Area_Type": "Homeowners Association", "Verification_Status": "", "Area_SqKM": 0.15253655176503078}, "geometry": {"type": "Point", "coordinates": [-83.37981883645219, 31.648824117744432]}}, {"type": "Feature", "properties": {"PWSID": "GA1550001", "PWS_Name": "MYSTIC", "Primacy_Agency": "GA", "Population_Served_Count": 270, "Service_Connections_Count": 104, "Service_Area_Type": "Residential Area", "Verification_Status": "", "Area_SqKM": 1.0094291260678594}, "geometry": {"type": "Point", "coordinates": [-83.33296277556514, 31.623349548743263]}}, {"type": "Feature", "properties": {"PWSID": "GA1770003", "PWS_Name": "BIG OAK ESTATES", "Primacy_Agency": "GA", "Population_Served_Count": 116, "Service_Connections_Count": 43, "Service_Area_Type": "Subdivision", "Verification_Status": "", "Area_SqKM": 0.7018089707198918}, "geometry": {"type": "Point", "coordinates": [-84.1047688440901, 31.633994211025463]}}, {"type": "Feature", "properties": {"PWSID": "GA1770006", "PWS_Name": "LAKEVIEW MOBILE HOME PARK", "Primacy_Agency": "GA", "Population_Served_Count": 86, "Service_Connections_Count": 32, "Service_Area_Type": "Mobile Home Park - Principal Residence", "Verification_Status": "", "Area_SqKM": 0.10964154944369492}, "geometry": {"type": "Point", "coordinates": [-84.18426913794251, 31.722156396614796]}}, {"type": "Feature", "properties": {"PWSID": "GA1770022", "PWS_Name": "PHILEMA PARK SUBDIVISION", "Primacy_Agency": "GA", "Population_Served_Count": 397, "Service_Connections_Count": 147, "Service_Area_Type": "Subdivision", "Verification_Status": "", "Area_SqKM": 0.6737490062538929}, "geometry": {"type": "Point", "coordinates": [-84.1167763846212, 31.630659634638285]}}, {"type": "Feature", "properties": {"PWSID": "GA1770024", "PWS_Name": "COLONIAL ACRES S/D", "Primacy_Agency": "GA", "Population_Served_Count": 51, "Service_Connections_Count": 19, "Service_Area_Type": "Subdivision", "Verification_Status": "", "Area_SqKM": 2.127289406348742}, "geometry": {"type": "Point", "coordinates": [-84.17022437142718, 31.666271257210557]}}, {"type": "Feature", "properties": {"PWSID": "GA1930003", "PWS_Name": "OGLETHORPE", "Primacy_Agency": "GA", "Population_Served_Count": 4129, "Service_Connections_Count": 554, "Service_Area_Type": "Municipality", "Verification_Status": "", "Area_SqKM": 3.1529547286392687}, "geometry": {"type": "Point", "coordinates": [-84.0644301948279, 32.289358963615946]}}, {"type": "Feature", "properties": {"PWSID": "GA2350000", "PWS_Name": "HARTFORD WATER AUTHORITY", "Primacy_Agency": "GA", "Population_Served_Count": 446, "Service_Connections_Count": 180, "Service_Area_Type": "Municipality", "Verification_Status": "", "Area_SqKM": 10.274191265475093}, "geometry": {"type": "Point", "coordinates": [-83.43698141507313, 32.2909271406549]}}, {"type": "Feature", "properties": {"PWSID": "GA2610003", "PWS_Name": "LESLIE", "Primacy_Agency": "GA", "Population_Served_Count": 427, "Service_Connections_Count": 178, "Service_Area_Type": "Municipality", "Verification_Status": "", "Area_SqKM": 1.5625508055248123}, "geometry": {"type": "Point", "coordinates": [-84.08792846632151, 31.956673208787716]}}, {"type": "Feature", "properties": {"PWSID": "GA2610011", "PWS_Name": "A B C MOBILE HOME PARK", "Primacy_Agency": "GA", "Population_Served_Count": 78, "Service_Connections_Count": 29, "Service_Area_Type": "Mobile Home Park - Principal Residence", "Verification_Status": "", "Area_SqKM": 0.06872210527119113}, "geometry": {"type": "Point", "coordinates": [-84.1782708631083, 32.048824047229914]}}, {"type": "Feature", "properties": {"PWSID": "GA2610012", "PWS_Name": "BRIAR PATCH MOBILE HOME PARK", "Primacy_Agency": "GA", "Population_Served_Count": 162, "Service_Connections_Count": 60, "Service_Area_Type": "Mobile Home Park - Principal Residence", "Verification_Status": "", "Area_SqKM": 1.9569161918699904}, "geometry": {"type": "Point", "coordinates": [-84.17928270903488, 32.04437007749253]}}, {"type": "Feature", "properties": {"PWSID": "GA2610045", "PWS_Name": "GRAYSTONE VILLAGE", "Primacy_Agency": "GA", "Population_Served_Count": 70, "Service_Connections_Count": 26, "Service_Area_Type": "Subdivision", "Verification_Status": "", "Area_SqKM": 0.3604788464922137}, "geometry": {"type": "Point", "coordinates": [-84.17130291716987, 32.03357662442278]}}, {"type": "Feature", "properties": {"PWSID": "GA2770000", "PWS_Name": "OMEGA", "Primacy_Agency": "GA", "Population_Served_Count": 1436, "Service_Connections_Count": 560, "Service_Area_Type": "Municipality", "Verification_Status": "", "Area_SqKM": 2.975669534503528}, "geometry": {"type": "Point", "coordinates": [-83.59880972678125, 31.34148399448774]}}, {"type": "Feature", "properties": {"PWSID": "GA2770001", "PWS_Name": "TIFTON-TIFT COUNTY WATER SYSTEM", "Primacy_Agency": "GA", "Population_Served_Count": 27589, "Service_Connections_Count": 11951, "Service_Area_Type": "Municipality", "Verification_Status": "", "Area_SqKM": 50.89629929838654}, "geometry": {"type": "Point", "coordinates": [-83.51901484828468, 31.441629117942618]}}, {"type": "Feature", "properties": {"PWSID": "GA2770004", "PWS_Name": "ABRAHAM BALDWIN AGRI. COLLEGE", "Primacy_Agency": "GA", "Population_Served_Count": 4405, "Service_Connections_Count": 51, "Service_Area_Type": "Municipality", "Verification_Status": "", "Area_SqKM": 0.15165077978790653}, "geometry": {"type": "Point", "coordinates": [-83.46113956919598, 31.556601153925094]}}, {"type": "Feature", "properties": {"PWSID": "GA2770132", "PWS_Name": "RIVERBEND ESTATES", "Primacy_Agency": "GA", "Population_Served_Count": 221, "Service_Connections_Count": 82, "Service_Area_Type": "Subdivision", "Verification_Status": "", "Area_SqKM": 0.0939892141435387}, "geometry": {"type": "Point", "coordinates": [-83.57951616976726, 31.47692558735412]}}, {"type": "Feature", "properties": {"PWSID": "GA2770137", "PWS_Name": "PEBBLE HILL ESTATES S/D", "Primacy_Agency": "GA", "Population_Served_Count": 365, "Service_Connections_Count": 135, "Service_Area_Type": "Subdivision", "Verification_Status": "", "Area_SqKM": 3.001759896391785}, "geometry": {"type": "Point", "coordinates": [-83.56592969592623, 31.484695714304564]}}, {"type": "Feature", "properties": {"PWSID": "GA2870002", "PWS_Name": "SYCAMORE", "Primacy_Agency": "GA", "Population_Served_Count": 729, "Service_Connections_Count": 300, "Service_Area_Type": "Municipality", "Verification_Status": "", "Area_SqKM": 4.446471768991065}, "geometry": {"type": "Point", "coordinates": [-83.63084663909704, 31.674710586884498]}}, {"type": "Feature", "properties": {"PWSID": "GA2870003", "PWS_Name": "JIM-N-I", "Primacy_Agency": "GA", "Population_Served_Count": 204, "Service_Connections_Count": 64, "Service_Area_Type": "Mobile Home Park", "Verification_Status": "", "Area_SqKM": 0.0320293156841453}, "geometry": {"type": "Point", "coordinates": [-83.61527554708873, 31.684751705866635]}}, {"type": "Feature", "properties": {"PWSID": "GA3150000", "PWS_Name": "ABBEVILLE", "Primacy_Agency": "GA", "Population_Served_Count": 3042, "Service_Connections_Count": 476, "Service_Area_Type": "Municipality", "Verification_Status": "", "Area_SqKM": 5.5838348105619025}, "geometry": {"type": "Point", "coordinates": [-83.30414785366062, 31.993625226842973]}}, {"type": "Feature", "properties": {"PWSID": "GA3150003", "PWS_Name": "ROCHELLE", "Primacy_Agency": "GA", "Population_Served_Count": 1712, "Service_Connections_Count": 659, "Service_Area_Type": "Municipality", "Verification_Status": "", "Area_SqKM": 4.761244925144001}, "geometry": {"type": "Point", "coordinates": [-83.45486133718342, 31.94931581070484]}}, {"type": "Feature", "properties": {"PWSID": "GA3210001", "PWS_Name": "POULAN", "Primacy_Agency": "GA", "Population_Served_Count": 956, "Service_Connections_Count": 382, "Service_Area_Type": "Municipality", "Verification_Status": "", "Area_SqKM": 3.325851723370746}, "geometry": {"type": "Point", "coordinates": [-83.79108285069314, 31.51448933493106]}}, {"type": "Feature", "properties": {"PWSID": "GA3210003", "PWS_Name": "SYLVESTER", "Primacy_Agency": "GA", "Population_Served_Count": 7076, "Service_Connections_Count": 2994, "Service_Area_Type": "Municipality", "Verification_Status": "", "Area_SqKM": 12.431728255603325}, "geometry": {"type": "Point", "coordinates": [-83.83650657194329, 31.531347723141476]}}, {"type": "Feature", "properties": {"PWSID": "GA3210012", "PWS_Name": "WORTHY MANOR SUBDIVISION", "Primacy_Agency": "GA", "Population_Served_Count": 400, "Service_Connections_Count": 148, "Service_Area_Type": "Subdivision", "Verification_Status": "", "Area_SqKM": 1.5446566131987265}, "geometry": {"type": "Point", "coordinates": [-83.99850830254267, 31.62843762186108]}}, {"type": "Feature", "properties": {"PWSID": "GA3210043", "PWS_Name": "WOODCREST SUBDIVISION", "Primacy_Agency": "GA", "Population_Served_Count": 176, "Service_Connections_Count": 66, "Service_Area_Type": "Subdivision", "Verification_Status": "", "Area_SqKM": 0.3692531079275498}, "geometry": {"type": "Point", "coordinates": [-83.94270709753131, 31.553223963410932]}}, {"type": "Feature", "properties": {"PWSID": "GA3210044", "PWS_Name": "REDROCK ESTATES", "Primacy_Agency": "GA", "Population_Served_Count": 140, "Service_Connections_Count": 52, "Service_Area_Type": "Subdivision", "Verification_Status": "", "Area_SqKM": 16.66852016860655}, "geometry": {"type": "Point", "coordinates": [-83.91347736561666, 31.599956362016034]}}, {"type": "Feature", "properties": {"PWSID": "GA1550012", "PWS_Name": "WILLOW CREEK MOBILE HOME COMMUNITY", "Primacy_Agency": "GA", "Population_Served_Count": 51, "Service_Connections_Count": 19, "Service_Area_Type": "Mobile Home Park", "Verification_Status": "", "Area_SqKM": 0.11990204825807665}, "geometry": {"type": "Point", "coordinates": [-83.38490691689562, 31.621920650074617]}}, {"type": "Feature", "properties": {"PWSID": "GA0190003", "PWS_Name": "RAY CITY", "Primacy_Agency": "GA", "Population_Served_Count": 1345, "Service_Connections_Count": 504, "Service_Area_Type": "Municipality", "Verification_Status": "", "Area_SqKM": 3.0319296734667174}, "geometry": {"type": "Point", "coordinates": [-83.19583324417117, 31.077170738225764]}}, {"type": "Feature", "properties": {"PWSID": "GA1010000", "PWS_Name": "ECHOLS COUNTY WATER AUTHORITY", "Primacy_Agency": "GA", "Population_Served_Count": 972, "Service_Connections_Count": 364, "Service_Area_Type": "Municipality", "Verification_Status": "", "Area_SqKM": 0.25441629809458954}, "geometry": {"type": "Point", "coordinates": [-83.00757618485409, 30.705406709142526]}}, {"type": "Feature", "properties": {"PWSID": "GA1010001", "PWS_Name": "LITTLE RIVER ESTATES MHP", "Primacy_Agency": "GA", "Population_Served_Count": 54, "Service_Connections_Count": 20, "Service_Area_Type": "Mobile Home Park - Principal Residence", "Verification_Status": "", "Area_SqKM": 0.11957250813638688}, "geometry": {"type": "Point", "coordinates": [-83.13207034865349, 30.683762016209148]}}, {"type": "Feature", "properties": {"PWSID": "GA1730000", "PWS_Name": "LAKELAND", "Primacy_Agency": "GA", "Population_Served_Count": 2796, "Service_Connections_Count": 1177, "Service_Area_Type": "Municipality", "Verification_Status": "", "Area_SqKM": 6.223008878519954}, "geometry": {"type": "Point", "coordinates": [-83.06898697999596, 31.036823375546373]}}, {"type": "Feature", "properties": {"PWSID": "GA1730015", "PWS_Name": "BANKS LAKE POINTE SUBDIVISION", "Primacy_Agency": "GA", "Population_Served_Count": 198, "Service_Connections_Count": 76, "Service_Area_Type": "Subdivision", "Verification_Status": "", "Area_SqKM": 0.2517736747111757}, "geometry": {"type": "Point", "coordinates": [-83.13258609266524, 31.044949699109193]}}, {"type": "Feature", "properties": {"PWSID": "GA1730016", "PWS_Name": "MILL POND PLANTATION", "Primacy_Agency": "GA", "Population_Served_Count": 302, "Service_Connections_Count": 112, "Service_Area_Type": "Subdivision", "Verification_Status": "", "Area_SqKM": 0.19101318980940665}, "geometry": {"type": "Point", "coordinates": [-83.16400467416453, 31.058467441884503]}}, {"type": "Feature", "properties": {"PWSID": "GA1730018", "PWS_Name": "PALMETTO PINES PLANTATION", "Primacy_Agency": "GA", "Population_Served_Count": 70, "Service_Connections_Count": 27, "Service_Area_Type": "Subdivision", "Verification_Status": "", "Area_SqKM": 0.36510171610836856}, "geometry": {"type": "Point", "coordinates": [-83.19654521519575, 31.05587408190141]}}, {"type": "Feature", "properties": {"PWSID": "GA1850019", "PWS_Name": "LOWNDES CO-SOUTH LOWNDES", "Primacy_Agency": "GA", "Population_Served_Count": 8303, "Service_Connections_Count": 3307, "Service_Area_Type": "Residential Area", "Verification_Status": "", "Area_SqKM": 9.4497158209159}, "geometry": {"type": "Point", "coordinates": [-83.20398710855766, 30.68861127816428]}}, {"type": "Feature", "properties": {"PWSID": "GA1850024", "PWS_Name": "PINE BREEZE TRAILER PARK", "Primacy_Agency": "GA", "Population_Served_Count": 41, "Service_Connections_Count": 15, "Service_Area_Type": "Mobile Home Park - Principal Residence", "Verification_Status": "", "Area_SqKM": 0.08443991389056357}, "geometry": {"type": "Point", "coordinates": [-83.24466610677895, 30.97667918808642]}}, {"type": "Feature", "properties": {"PWSID": "GA1850032", "PWS_Name": "TELFAIR ACRES SUBDIVISION", "Primacy_Agency": "GA", "Population_Served_Count": 410, "Service_Connections_Count": 152, "Service_Area_Type": "Subdivision", "Verification_Status": "", "Area_SqKM": 0.19419933489397045}, "geometry": {"type": "Point", "coordinates": [-83.22069508465172, 30.66983560218265]}}, {"type": "Feature", "properties": {"PWSID": "GA1850053", "PWS_Name": "RAINTREE VILLAGE", "Primacy_Agency": "GA", "Population_Served_Count": 41, "Service_Connections_Count": 15, "Service_Area_Type": "Subdivision", "Verification_Status": "", "Area_SqKM": 1.436622273444219}, "geometry": {"type": "Point", "coordinates": [-83.22432910972161, 30.755551378255607]}}, {"type": "Feature", "properties": {"PWSID": "GA1850068", "PWS_Name": "INDIAN LAKE HEIGHTS S/D", "Primacy_Agency": "GA", "Population_Served_Count": 194, "Service_Connections_Count": 72, "Service_Area_Type": "Subdivision", "Verification_Status": "", "Area_SqKM": 0.13887187854211216}, "geometry": {"type": "Point", "coordinates": [-83.22982800501947, 30.674980816962794]}}, {"type": "Feature", "properties": {"PWSID": "GA1850070", "PWS_Name": "NORTH RIDGE WATER & LIGHT CO.", "Primacy_Agency": "GA", "Population_Served_Count": 354, "Service_Connections_Count": 131, "Service_Area_Type": "Subdivision", "Verification_Status": "", "Area_SqKM": 0.3230024747460343}, "geometry": {"type": "Point", "coordinates": [-83.23758438558728, 30.94505532856059]}}, {"type": "Feature", "properties": {"PWSID": "GA1850076", "PWS_Name": "HILLSIDE SUBDIVISION", "Primacy_Agency": "GA", "Population_Served_Count": 229, "Service_Connections_Count": 88, "Service_Area_Type": "Subdivision", "Verification_Status": "", "Area_SqKM": 0.09441368021538363}, "geometry": {"type": "Point", "coordinates": [-83.21191852598017, 30.800633408767748]}}, {"type": "Feature", "properties": {"PWSID": "GA1850078", "PWS_Name": "BEVEL CREEK SUBDIVISION", "Primacy_Agency": "GA", "Population_Served_Count": 140, "Service_Connections_Count": 52, "Service_Area_Type": "Subdivision", "Verification_Status": "", "Area_SqKM": 1.9146090522122075}, "geometry": {"type": "Point", "coordinates": [-83.23962130274568, 30.70229119719127]}}, {"type": "Feature", "properties": {"PWSID": "GA1850100", "PWS_Name": "DOGWOOD VILLAS", "Primacy_Agency": "GA", "Population_Served_Count": 54, "Service_Connections_Count": 20, "Service_Area_Type": "Subdivision", "Verification_Status": "", "Area_SqKM": 0.10765661922990998}, "geometry": {"type": "Point", "coordinates": [-83.23752873712658, 30.93771738158448]}}, {"type": "Feature", "properties": {"PWSID": "GA1850125", "PWS_Name": "USAF-MOODY AIR FORCE BASE-MAIN", "Primacy_Agency": "GA", "Population_Served_Count": 5325, "Service_Connections_Count": 724, "Service_Area_Type": "Other Residential", "Verification_Status": "", "Area_SqKM": 2.3462354458269354}, "geometry": {"type": "Point", "coordinates": [-83.2087645778214, 30.975628480153556]}}, {"type": "Feature", "properties": {"PWSID": "GA1850268", "PWS_Name": "POINT NORTH SUBDIVISION", "Primacy_Agency": "GA", "Population_Served_Count": 113, "Service_Connections_Count": 42, "Service_Area_Type": "Subdivision", "Verification_Status": "", "Area_SqKM": 0.029336572242445763}, "geometry": {"type": "Point", "coordinates": [-83.20207627584072, 30.988664900102943]}}, {"type": "Feature", "properties": {"PWSID": "GA1850273", "PWS_Name": "BEAR BRANCH MOBILE HOME PARK", "Primacy_Agency": "GA", "Population_Served_Count": 39, "Service_Connections_Count": 15, "Service_Area_Type": "Mobile Home Park - Principal Residence", "Verification_Status": "", "Area_SqKM": 0.05549130933318937}, "geometry": {"type": "Point", "coordinates": [-83.21352491743045, 30.767162408680598]}}, {"type": "Feature", "properties": {"PWSID": "GA1850274", "PWS_Name": "LOWNDES CO.-ALAPAHA PLANTATION S/D", "Primacy_Agency": "GA", "Population_Served_Count": 362, "Service_Connections_Count": 134, "Service_Area_Type": "Subdivision", "Verification_Status": "", "Area_SqKM": 0.4317043677431919}, "geometry": {"type": "Point", "coordinates": [-83.04966775504823, 30.905626567752844]}}, {"type": "Feature", "properties": {"PWSID": "GA1850278", "PWS_Name": "SUMMERFIELD SUBDIVISION", "Primacy_Agency": "GA", "Population_Served_Count": 556, "Service_Connections_Count": 206, "Service_Area_Type": "Subdivision", "Verification_Status": "", "Area_SqKM": 0.07489120019750782}, "geometry": {"type": "Point", "coordinates": [-83.23166933329631, 30.923721306671702]}}, {"type": "Feature", "properties": {"PWSID": "GA1850295", "PWS_Name": "TROTTER`S RIDGE SUBDIVISION", "Primacy_Agency": "GA", "Population_Served_Count": 491, "Service_Connections_Count": 182, "Service_Area_Type": "Subdivision", "Verification_Status": "", "Area_SqKM": 0.10339808136598196}, "geometry": {"type": "Point", "coordinates": [-83.23120851248629, 30.927583846935654]}}, {"type": "Feature", "properties": {"PWSID": "GA1850296", "PWS_Name": "WHIPPOORWILL SUBDIVISION", "Primacy_Agency": "GA", "Population_Served_Count": 127, "Service_Connections_Count": 47, "Service_Area_Type": "Subdivision", "Verification_Status": "", "Area_SqKM": 0.045763431309892535}, "geometry": {"type": "Point", "coordinates": [-83.21313396677036, 30.913686666745523]}}, {"type": "Feature", "properties": {"PWSID": "GA1850298", "PWS_Name": "CROSS CREEK SUBDIVISION", "Primacy_Agency": "GA", "Population_Served_Count": 219, "Service_Connections_Count": 81, "Service_Area_Type": "Subdivision", "Verification_Status": "", "Area_SqKM": 0.4620483420692158}, "geometry": {"type": "Point", "coordinates": [-83.24328918333289, 30.93579545587488]}}, {"type": "Feature", "properties": {"PWSID": "GA1850314", "PWS_Name": "STEEDLEY MOBILE HOME PARK", "Primacy_Agency": "GA", "Population_Served_Count": 105, "Service_Connections_Count": 39, "Service_Area_Type": "Mobile Home Park", "Verification_Status": "", "Area_SqKM": 0.14145732998268215}, "geometry": {"type": "Point", "coordinates": [-83.24049141630198, 30.96609772432546]}}, {"type": "Feature", "properties": {"PWSID": "GA1850317", "PWS_Name": "KINGSGATE SUBDIVISION", "Primacy_Agency": "GA", "Population_Served_Count": 140, "Service_Connections_Count": 52, "Service_Area_Type": "Subdivision", "Verification_Status": "", "Area_SqKM": 0.4196515797054963}, "geometry": {"type": "Point", "coordinates": [-83.22969599405934, 30.93924993531986]}}, {"type": "Feature", "properties": {"PWSID": "GA1850323", "PWS_Name": "LAUREN ESTATES SUBDIVISION", "Primacy_Agency": "GA", "Population_Served_Count": 184, "Service_Connections_Count": 68, "Service_Area_Type": "Subdivision", "Verification_Status": "", "Area_SqKM": 0.5106780114694521}, "geometry": {"type": "Point", "coordinates": [-83.23956636690411, 30.885912744420498]}}, {"type": "Feature", "properties": {"PWSID": "GA1850324", "PWS_Name": "COTTONWOOD SUBDIVISION", "Primacy_Agency": "GA", "Population_Served_Count": 311, "Service_Connections_Count": 115, "Service_Area_Type": "Subdivision", "Verification_Status": "", "Area_SqKM": 0.21003422243451997}, "geometry": {"type": "Point", "coordinates": [-83.22454049244038, 30.8851000925284]}}, {"type": "Feature", "properties": {"PWSID": "GA0030001", "PWS_Name": "WILLACOOCHEE WATER SYSTEM", "Primacy_Agency": "GA", "Population_Served_Count": 1435, "Service_Connections_Count": 629, "Service_Area_Type": "Municipality", "Verification_Status": "", "Area_SqKM": 7.188693485570795}, "geometry": {"type": "Point", "coordinates": [-83.04396736367141, 31.336075704020416]}}, {"type": "Feature", "properties": {"PWSID": "GA0170000", "PWS_Name": "FITZGERALD", "Primacy_Agency": "GA", "Population_Served_Count": 15382, "Service_Connections_Count": 5900, "Service_Area_Type": "Municipality", "Verification_Status": "", "Area_SqKM": 34.71335182490828}, "geometry": {"type": "Point", "coordinates": [-83.24781831499435, 31.719583593648533]}}, {"type": "Feature", "properties": {"PWSID": "GA0190002", "PWS_Name": "NASHVILLE", "Primacy_Agency": "GA", "Population_Served_Count": 4717, "Service_Connections_Count": 2167, "Service_Area_Type": "Municipality", "Verification_Status": "", "Area_SqKM": 11.422715067085056}, "geometry": {"type": "Point", "coordinates": [-83.24381076532339, 31.19955803806862]}}, {"type": "Feature", "properties": {"PWSID": "GA0690000", "PWS_Name": "AMBROSE", "Primacy_Agency": "GA", "Population_Served_Count": 332, "Service_Connections_Count": 126, "Service_Area_Type": "Municipality", "Verification_Status": "", "Area_SqKM": 0.9807378079913758}, "geometry": {"type": "Point", "coordinates": [-83.01698473949388, 31.595871368409725]}}, {"type": "Feature", "properties": {"PWSID": "GA0690070", "PWS_Name": "FOREST HILLS SUBDIVISION", "Primacy_Agency": "GA", "Population_Served_Count": 42, "Service_Connections_Count": 16, "Service_Area_Type": "Subdivision", "Verification_Status": "", "Area_SqKM": 0.04454848161328295}, "geometry": {"type": "Point", "coordinates": [-82.95389379531969, 31.469209904703934]}}, {"type": "Feature", "properties": {"PWSID": "GA0910000", "PWS_Name": "CHAUNCEY", "Primacy_Agency": "GA", "Population_Served_Count": 305, "Service_Connections_Count": 120, "Service_Area_Type": "Municipality", "Verification_Status": "", "Area_SqKM": 1.8704353268248524}, "geometry": {"type": "Point", "coordinates": [-83.06800647316466, 32.10192184792114]}}, {"type": "Feature", "properties": {"PWSID": "GA0910002", "PWS_Name": "EASTMAN", "Primacy_Agency": "GA", "Population_Served_Count": 8844, "Service_Connections_Count": 3144, "Service_Area_Type": "Municipality", "Verification_Status": "", "Area_SqKM": 20.616233601590892}, "geometry": {"type": "Point", "coordinates": [-83.1699004525915, 32.197562397075934]}}, {"type": "Feature", "properties": {"PWSID": "GA1750000", "PWS_Name": "CADWELL", "Primacy_Agency": "GA", "Population_Served_Count": 617, "Service_Connections_Count": 220, "Service_Area_Type": "Municipality", "Verification_Status": "", "Area_SqKM": 2.8846220471243296}, "geometry": {"type": "Point", "coordinates": [-83.04426748261598, 32.33960477975379]}}, {"type": "Feature", "properties": {"PWSID": "GA2710001", "PWS_Name": "JACKSONVILLE", "Primacy_Agency": "GA", "Population_Served_Count": 219, "Service_Connections_Count": 83, "Service_Area_Type": "Municipality", "Verification_Status": "", "Area_SqKM": 0.2250998116403338}, "geometry": {"type": "Point", "coordinates": [-82.97449688533632, 31.81433480374456]}}, {"type": "Feature", "properties": {"PWSID": "GA2710004", "PWS_Name": "MILAN", "Primacy_Agency": "GA", "Population_Served_Count": 791, "Service_Connections_Count": 305, "Service_Area_Type": "Municipality", "Verification_Status": "", "Area_SqKM": 4.725553021940835}, "geometry": {"type": "Point", "coordinates": [-83.06253412714142, 32.02261893334464]}}, {"type": "Feature", "properties": {"PWSID": "GA1450000", "PWS_Name": "HAMILTON", "Primacy_Agency": "GA", "Population_Served_Count": 2211, "Service_Connections_Count": 628, "Service_Area_Type": "Municipality", "Verification_Status": "", "Area_SqKM": 8.148107303566736}, "geometry": {"type": "Point", "coordinates": [-84.8793542502631, 32.76973272627419]}}, {"type": "Feature", "properties": {"PWSID": "GA1450002", "PWS_Name": "SHILOH", "Primacy_Agency": "GA", "Population_Served_Count": 504, "Service_Connections_Count": 195, "Service_Area_Type": "Municipality", "Verification_Status": "", "Area_SqKM": 2.1499385697033304}, "geometry": {"type": "Point", "coordinates": [-84.69862667670998, 32.805663096375575]}}, {"type": "Feature", "properties": {"PWSID": "GA1450003", "PWS_Name": "WAVERLY HALL", "Primacy_Agency": "GA", "Population_Served_Count": 746, "Service_Connections_Count": 316, "Service_Area_Type": "Municipality", "Verification_Status": "", "Area_SqKM": 6.716170830529282}, "geometry": {"type": "Point", "coordinates": [-84.72891379296468, 32.68792706664312]}}, {"type": "Feature", "properties": {"PWSID": "GA1450005", "PWS_Name": "PINE MOUNTAIN VALLEY", "Primacy_Agency": "GA", "Population_Served_Count": 1190, "Service_Connections_Count": 453, "Service_Area_Type": "Homeowners Association", "Verification_Status": "", "Area_SqKM": 4.030458104297983}, "geometry": {"type": "Point", "coordinates": [-84.79613096669806, 32.804717639100495]}}, {"type": "Feature", "properties": {"PWSID": "GA1450006", "PWS_Name": "CALLAWAY GARDENS RESORTS, INC.", "Primacy_Agency": "GA", "Population_Served_Count": 2685, "Service_Connections_Count": 438, "Service_Area_Type": "Other Non-transient Area", "Verification_Status": "", "Area_SqKM": 1.2281940741414203}, "geometry": {"type": "Point", "coordinates": [-84.84416035025451, 32.813769781018294]}}, {"type": "Feature", "properties": {"PWSID": "GA1450009", "PWS_Name": "PINE MOUNTAIN CLUB CHALETS", "Primacy_Agency": "GA", "Population_Served_Count": 280, "Service_Connections_Count": 106, "Service_Area_Type": "Recreation Area", "Verification_Status": "", "Area_SqKM": 0.09686515528380178}, "geometry": {"type": "Point", "coordinates": [-85.05193878903057, 32.81207751104922]}}, {"type": "Feature", "properties": {"PWSID": "GA1930000", "PWS_Name": "IDEAL", "Primacy_Agency": "GA", "Population_Served_Count": 550, "Service_Connections_Count": 177, "Service_Area_Type": "Municipality", "Verification_Status": "", "Area_SqKM": 2.650418876984953}, "geometry": {"type": "Point", "coordinates": [-84.19215759783403, 32.3774738403231]}}, {"type": "Feature", "properties": {"PWSID": "GA2630000", "PWS_Name": "TALBOTTON", "Primacy_Agency": "GA", "Population_Served_Count": 1454, "Service_Connections_Count": 383, "Service_Area_Type": "Municipality", "Verification_Status": "", "Area_SqKM": 5.751936536982359}, "geometry": {"type": "Point", "coordinates": [-84.55096734521635, 32.65338085014741]}}, {"type": "Feature", "properties": {"PWSID": "GA2630001", "PWS_Name": "WOODLAND", "Primacy_Agency": "GA", "Population_Served_Count": 529, "Service_Connections_Count": 205, "Service_Area_Type": "Municipality", "Verification_Status": "", "Area_SqKM": 1.2469238369523985}, "geometry": {"type": "Point", "coordinates": [-84.56119113523664, 32.787876468587335]}}, {"type": "Feature", "properties": {"PWSID": "GA2630002", "PWS_Name": "JUNCTION CITY", "Primacy_Agency": "GA", "Population_Served_Count": 156, "Service_Connections_Count": 63, "Service_Area_Type": "Municipality", "Verification_Status": "", "Area_SqKM": 1.0157774522711907}, "geometry": {"type": "Point", "coordinates": [-84.46324591068525, 32.60285999244262]}}, {"type": "Feature", "properties": {"PWSID": "GA2630003", "PWS_Name": "GENEVA", "Primacy_Agency": "GA", "Population_Served_Count": 248, "Service_Connections_Count": 101, "Service_Area_Type": "Municipality", "Verification_Status": "", "Area_SqKM": 2.5812338700477744}, "geometry": {"type": "Point", "coordinates": [-84.54914124500664, 32.57719421808508]}}, {"type": "Feature", "properties": {"PWSID": "GA2630005", "PWS_Name": "TALBOT COUNTY WATER WORKS", "Primacy_Agency": "GA", "Population_Served_Count": 4028, "Service_Connections_Count": 1500, "Service_Area_Type": "Residential Area", "Verification_Status": "", "Area_SqKM": 2.057438927131498}, "geometry": {"type": "Point", "coordinates": [-84.66615152142727, 32.54778918573391]}}, {"type": "Feature", "properties": {"PWSID": "GA2690000", "PWS_Name": "BUTLER", "Primacy_Agency": "GA", "Population_Served_Count": 4518, "Service_Connections_Count": 1197, "Service_Area_Type": "Municipality", "Verification_Status": "", "Area_SqKM": 13.61546629104125}, "geometry": {"type": "Point", "coordinates": [-84.24384910005203, 32.55811728089841]}}, {"type": "Feature", "properties": {"PWSID": "GA2930048", "PWS_Name": "UPSON CO.-LINCOLN PARK WS", "Primacy_Agency": "GA", "Population_Served_Count": 886, "Service_Connections_Count": 335, "Service_Area_Type": "Residential Area", "Verification_Status": "", "Area_SqKM": 0.036183557841639194}, "geometry": {"type": "Point", "coordinates": [-84.30616531046705, 32.842454515730665]}}, {"type": "Feature", "properties": {"PWSID": "GA0210012", "PWS_Name": "MACON MANOR ESTATES, LLC", "Primacy_Agency": "GA", "Population_Served_Count": 89, "Service_Connections_Count": 33, "Service_Area_Type": "Mobile Home Park - Principal Residence", "Verification_Status": "", "Area_SqKM": 0.3199159205510443}, "geometry": {"type": "Point", "coordinates": [-83.66717220823035, 32.75407283635067]}}, {"type": "Feature", "properties": {"PWSID": "GA0210075", "PWS_Name": "TIMBER RIDGE SUBDIVISION", "Primacy_Agency": "GA", "Population_Served_Count": 381, "Service_Connections_Count": 141, "Service_Area_Type": "Subdivision", "Verification_Status": "", "Area_SqKM": 0.15102242119012288}, "geometry": {"type": "Point", "coordinates": [-83.70717206516525, 32.749667265267306]}}, {"type": "Feature", "properties": {"PWSID": "GA0210078", "PWS_Name": "RUTLAND STATION", "Primacy_Agency": "GA", "Population_Served_Count": 103, "Service_Connections_Count": 38, "Service_Area_Type": "Subdivision", "Verification_Status": "", "Area_SqKM": 0.2537258978362558}, "geometry": {"type": "Point", "coordinates": [-83.6537942376457, 32.7381215420334]}}, {"type": "Feature", "properties": {"PWSID": "GA0230000", "PWS_Name": "COCHRAN", "Primacy_Agency": "GA", "Population_Served_Count": 8114, "Service_Connections_Count": 2241, "Service_Area_Type": "Municipality", "Verification_Status": "", "Area_SqKM": 11.068717933514543}, "geometry": {"type": "Point", "coordinates": [-83.34768008571554, 32.383146715939546]}}, {"type": "Feature", "properties": {"PWSID": "GA0230003", "PWS_Name": "MIDDLE GEORGIA STATE UNIVERSITY", "Primacy_Agency": "GA", "Population_Served_Count": 1500, "Service_Connections_Count": 30, "Service_Area_Type": "Other Residential", "Verification_Status": "", "Area_SqKM": 0.05741845643988825}, "geometry": {"type": "Point", "coordinates": [-83.29820327601833, 32.34032677137499]}}, {"type": "Feature", "properties": {"PWSID": "GA0350000", "PWS_Name": "FLOVILLA", "Primacy_Agency": "GA", "Population_Served_Count": 1292, "Service_Connections_Count": 511, "Service_Area_Type": "Municipality", "Verification_Status": "", "Area_SqKM": 4.529365668409467}, "geometry": {"type": "Point", "coordinates": [-83.90915802729882, 33.24803602904349]}}, {"type": "Feature", "properties": {"PWSID": "GA0350004", "PWS_Name": "FOREST GLEN ESTATES MHP", "Primacy_Agency": "GA", "Population_Served_Count": 351, "Service_Connections_Count": 135, "Service_Area_Type": "Mobile Home Park - Principal Residence", "Verification_Status": "", "Area_SqKM": 2.425584031239681}, "geometry": {"type": "Point", "coordinates": [-84.09240305015669, 33.24513122836301]}}, {"type": "Feature", "properties": {"PWSID": "GA0350009", "PWS_Name": "GEORGIA DIAGNOSTIC CENTER", "Primacy_Agency": "GA", "Population_Served_Count": 2800, "Service_Connections_Count": 21, "Service_Area_Type": "Other Residential", "Verification_Status": "", "Area_SqKM": 2.0959250264245197}, "geometry": {"type": "Point", "coordinates": [-84.06155749607589, 33.22388146914329]}}, {"type": "Feature", "properties": {"PWSID": "GA0350051", "PWS_Name": "BUTTS COUNTY/JACKSON/JENKINSBURG WS", "Primacy_Agency": "GA", "Population_Served_Count": 31171, "Service_Connections_Count": 8509, "Service_Area_Type": "Residential Area", "Verification_Status": "", "Area_SqKM": 20.4651295008243}, "geometry": {"type": "Point", "coordinates": [-83.9615112467014, 33.29586364560559]}}, {"type": "Feature", "properties": {"PWSID": "GA0450000", "PWS_Name": "BOWDON", "Primacy_Agency": "GA", "Population_Served_Count": 6180, "Service_Connections_Count": 2377, "Service_Area_Type": "Municipality", "Verification_Status": "", "Area_SqKM": 16.33451068263552}, "geometry": {"type": "Point", "coordinates": [-85.25706524019796, 33.53189371268194]}}, {"type": "Feature", "properties": {"PWSID": "GA0450001", "PWS_Name": "CARROLL COUNTY", "Primacy_Agency": "GA", "Population_Served_Count": 51592, "Service_Connections_Count": 19839, "Service_Area_Type": "Municipality", "Verification_Status": "", "Area_SqKM": 8.428467384104836}, "geometry": {"type": "Point", "coordinates": [-84.97989271329453, 33.630865757703376]}}, {"type": "Feature", "properties": {"PWSID": "GA0450002", "PWS_Name": "CARROLLTON", "Primacy_Agency": "GA", "Population_Served_Count": 25200, "Service_Connections_Count": 9859, "Service_Area_Type": "Municipality", "Verification_Status": "", "Area_SqKM": 105.85767040568477}, "geometry": {"type": "Point", "coordinates": [-85.04726854489336, 33.59093906788175]}}, {"type": "Feature", "properties": {"PWSID": "GA0450004", "PWS_Name": "ROOPVILLE", "Primacy_Agency": "GA", "Population_Served_Count": 252, "Service_Connections_Count": 97, "Service_Area_Type": "Municipality", "Verification_Status": "", "Area_SqKM": 1.854040784237334}, "geometry": {"type": "Point", "coordinates": [-85.12951447312447, 33.45660698299126]}}, {"type": "Feature", "properties": {"PWSID": "GA0450007", "PWS_Name": "WHITESBURG", "Primacy_Agency": "GA", "Population_Served_Count": 931, "Service_Connections_Count": 358, "Service_Area_Type": "Municipality", "Verification_Status": "", "Area_SqKM": 3.9395183514639003}, "geometry": {"type": "Point", "coordinates": [-84.91321591654312, 33.493454415045846]}}, {"type": "Feature", "properties": {"PWSID": "GA0450032", "PWS_Name": "COOKS MOBILE HOME PARK", "Primacy_Agency": "GA", "Population_Served_Count": 108, "Service_Connections_Count": 40, "Service_Area_Type": "Mobile Home Park - Principal Residence", "Verification_Status": "", "Area_SqKM": 0.33719622685440964}, "geometry": {"type": "Point", "coordinates": [-84.98939748814435, 33.53288362061059]}}, {"type": "Feature", "properties": {"PWSID": "GA0770001", "PWS_Name": "GRANTVILLE", "Primacy_Agency": "GA", "Population_Served_Count": 3221, "Service_Connections_Count": 1239, "Service_Area_Type": "Municipality", "Verification_Status": "", "Area_SqKM": 6.110393691967883}, "geometry": {"type": "Point", "coordinates": [-84.83434765747766, 33.23651224118903]}}, {"type": "Feature", "properties": {"PWSID": "GA0770003", "PWS_Name": "SENOIA", "Primacy_Agency": "GA", "Population_Served_Count": 6367, "Service_Connections_Count": 2370, "Service_Area_Type": "Municipality", "Verification_Status": "", "Area_SqKM": 15.349012340418659}, "geometry": {"type": "Point", "coordinates": [-84.54820431512232, 33.32297019391177]}}, {"type": "Feature", "properties": {"PWSID": "GA0770004", "PWS_Name": "TURIN", "Primacy_Agency": "GA", "Population_Served_Count": 671, "Service_Connections_Count": 258, "Service_Area_Type": "Municipality", "Verification_Status": "", "Area_SqKM": 26.50283954348246}, "geometry": {"type": "Point", "coordinates": [-84.67087057041114, 33.31695477444617]}}, {"type": "Feature", "properties": {"PWSID": "GA0770014", "PWS_Name": "MEADOWVIEW SUBDIVISION", "Primacy_Agency": "GA", "Population_Served_Count": 146, "Service_Connections_Count": 56, "Service_Area_Type": "Subdivision", "Verification_Status": "", "Area_SqKM": 0.3738121515787407}, "geometry": {"type": "Point", "coordinates": [-84.85344058881074, 33.39967889695445]}}, {"type": "Feature", "properties": {"PWSID": "GA0770021", "PWS_Name": "SOUTH OAKS MOBILE HOME PARK", "Primacy_Agency": "GA", "Population_Served_Count": 471, "Service_Connections_Count": 181, "Service_Area_Type": "Mobile Home Park - Principal Residence", "Verification_Status": "", "Area_SqKM": 0.22423465004667775}, "geometry": {"type": "Point", "coordinates": [-84.63581117509744, 33.50958477505483]}}, {"type": "Feature", "properties": {"PWSID": "GA0770030", "PWS_Name": "SWEETBRIAR MOBILE HOME PARK", "Primacy_Agency": "GA", "Population_Served_Count": 270, "Service_Connections_Count": 290, "Service_Area_Type": "Mobile Home Park - Principal Residence", "Verification_Status": "", "Area_SqKM": 0.04682666566677423}, "geometry": {"type": "Point", "coordinates": [-84.58429147758369, 33.487959955581715]}}, {"type": "Feature", "properties": {"PWSID": "GA0770037", "PWS_Name": "WEDGEWOOD ESTATES SUBDIVISION", "Primacy_Agency": "GA", "Population_Served_Count": 120, "Service_Connections_Count": 46, "Service_Area_Type": "Subdivision", "Verification_Status": "", "Area_SqKM": 0.08830474877493909}, "geometry": {"type": "Point", "coordinates": [-84.83661963348534, 33.38720185562651]}}, {"type": "Feature", "properties": {"PWSID": "GA0770103", "PWS_Name": "PINE HILL EST/HEARTHSTONE SUBDIVISION", "Primacy_Agency": "GA", "Population_Served_Count": 341, "Service_Connections_Count": 131, "Service_Area_Type": "Subdivision", "Verification_Status": "", "Area_SqKM": 0.2781434462707777}, "geometry": {"type": "Point", "coordinates": [-84.83913534307078, 33.367124472028614]}}, {"type": "Feature", "properties": {"PWSID": "GA0770114", "PWS_Name": "ASPEN WOODS LAKE", "Primacy_Agency": "GA", "Population_Served_Count": 88, "Service_Connections_Count": 34, "Service_Area_Type": "Subdivision", "Verification_Status": "", "Area_SqKM": 3.320786200166417}, "geometry": {"type": "Point", "coordinates": [-84.8809058999737, 33.38714573160666]}}, {"type": "Feature", "properties": {"PWSID": "GA0770117", "PWS_Name": "THE GATES SUBDIVISION", "Primacy_Agency": "GA", "Population_Served_Count": 369, "Service_Connections_Count": 142, "Service_Area_Type": "Subdivision", "Verification_Status": "", "Area_SqKM": 2.0731108975034007}, "geometry": {"type": "Point", "coordinates": [-84.63632228201318, 33.46137469339515]}}, {"type": "Feature", "properties": {"PWSID": "GA0770119", "PWS_Name": "PEACHTREE LANDING SUBDIVISION", "Primacy_Agency": "GA", "Population_Served_Count": 94, "Service_Connections_Count": 36, "Service_Area_Type": "Subdivision", "Verification_Status": "", "Area_SqKM": 0.6928795862008214}, "geometry": {"type": "Point", "coordinates": [-84.6709237516086, 33.39310157097656]}}, {"type": "Feature", "properties": {"PWSID": "GA0790000", "PWS_Name": "ROBERTA", "Primacy_Agency": "GA", "Population_Served_Count": 3221, "Service_Connections_Count": 604, "Service_Area_Type": "Municipality", "Verification_Status": "", "Area_SqKM": 5.786960919620896}, "geometry": {"type": "Point", "coordinates": [-84.01406426800587, 32.71850013464802]}}, {"type": "Feature", "properties": {"PWSID": "GA0790008", "PWS_Name": "CRAWFORD COUNTY ESTATES", "Primacy_Agency": "GA", "Population_Served_Count": 167, "Service_Connections_Count": 62, "Service_Area_Type": "Mobile Home Park - Principal Residence", "Verification_Status": "", "Area_SqKM": 0.11399419270460276}, "geometry": {"type": "Point", "coordinates": [-83.8488901428726, 32.76853972370667]}}, {"type": "Feature", "properties": {"PWSID": "GA1130005", "PWS_Name": "FAYETTE MOBILE HOME PARK", "Primacy_Agency": "GA", "Population_Served_Count": 78, "Service_Connections_Count": 30, "Service_Area_Type": "Mobile Home Park - Principal Residence", "Verification_Status": "", "Area_SqKM": 0.019002868279651034}, "geometry": {"type": "Point", "coordinates": [-84.51098714738883, 33.52194171576255]}}, {"type": "Feature", "properties": {"PWSID": "GA1130009", "PWS_Name": "ROLLING MEADOWS ESTATES", "Primacy_Agency": "GA", "Population_Served_Count": 299, "Service_Connections_Count": 115, "Service_Area_Type": "Subdivision", "Verification_Status": "", "Area_SqKM": 2.0079541543146404}, "geometry": {"type": "Point", "coordinates": [-84.48691704300317, 33.40460811076363]}}, {"type": "Feature", "properties": {"PWSID": "GA1130010", "PWS_Name": "FOUR SEASONS MOBILE HOME PARK", "Primacy_Agency": "GA", "Population_Served_Count": 600, "Service_Connections_Count": 210, "Service_Area_Type": "Mobile Home Park - Principal Residence", "Verification_Status": "", "Area_SqKM": 13.1434318889492}, "geometry": {"type": "Point", "coordinates": [-84.53317390130297, 33.50480385378038]}}, {"type": "Feature", "properties": {"PWSID": "GA1130019", "PWS_Name": "FERNWOOD MOBILE HOME PARK", "Primacy_Agency": "GA", "Population_Served_Count": 94, "Service_Connections_Count": 36, "Service_Area_Type": "Mobile Home Park - Principal Residence", "Verification_Status": "", "Area_SqKM": 0.3284659760467062}, "geometry": {"type": "Point", "coordinates": [-84.44963650132692, 33.494453147593596]}}, {"type": "Feature", "properties": {"PWSID": "GA1130033", "PWS_Name": "STARRS MILL RIDGE SUBDIVISION", "Primacy_Agency": "GA", "Population_Served_Count": 135, "Service_Connections_Count": 52, "Service_Area_Type": "Subdivision", "Verification_Status": "", "Area_SqKM": 0.10040266549446362}, "geometry": {"type": "Point", "coordinates": [-84.51218714618841, 33.32785639474163]}}, {"type": "Feature", "properties": {"PWSID": "GA1210004", "PWS_Name": "FAIRBURN", "Primacy_Agency": "GA", "Population_Served_Count": 14000, "Service_Connections_Count": 5170, "Service_Area_Type": "Municipality", "Verification_Status": "", "Area_SqKM": 47.662003822826165}, "geometry": {"type": "Point", "coordinates": [-84.59075038183683, 33.54690221336512]}}, {"type": "Feature", "properties": {"PWSID": "GA2610004", "PWS_Name": "PLAINS", "Primacy_Agency": "GA", "Population_Served_Count": 942, "Service_Connections_Count": 363, "Service_Area_Type": "Municipality", "Verification_Status": "", "Area_SqKM": 2.892961131703613}, "geometry": {"type": "Point", "coordinates": [-84.39356046272738, 32.031366550970674]}}, {"type": "Feature", "properties": {"PWSID": "GA2610013", "PWS_Name": "KOINONIA-FOREST PARK", "Primacy_Agency": "GA", "Population_Served_Count": 84, "Service_Connections_Count": 31, "Service_Area_Type": "Subdivision", "Verification_Status": "", "Area_SqKM": 0.1618137600071437}, "geometry": {"type": "Point", "coordinates": [-84.2978091679013, 31.978493845818267]}}, {"type": "Feature", "properties": {"PWSID": "GA2610017", "PWS_Name": "KOINONIA VILLAGE", "Primacy_Agency": "GA", "Population_Served_Count": 70, "Service_Connections_Count": 26, "Service_Area_Type": "Subdivision", "Verification_Status": "", "Area_SqKM": 0.8583515771876139}, "geometry": {"type": "Point", "coordinates": [-84.29931026664927, 31.984406296894218]}}, {"type": "Feature", "properties": {"PWSID": "GA2610039", "PWS_Name": "SOUTHERN HILLS MHP", "Primacy_Agency": "GA", "Population_Served_Count": 130, "Service_Connections_Count": 48, "Service_Area_Type": "Subdivision", "Verification_Status": "", "Area_SqKM": 4.1632629365278255}, "geometry": {"type": "Point", "coordinates": [-84.18665386469075, 32.060671313940574]}}, {"type": "Feature", "properties": {"PWSID": "GA2730000", "PWS_Name": "BRONWOOD", "Primacy_Agency": "GA", "Population_Served_Count": 529, "Service_Connections_Count": 199, "Service_Area_Type": "Municipality", "Verification_Status": "", "Area_SqKM": 1.5277377157799104}, "geometry": {"type": "Point", "coordinates": [-84.36427859367024, 31.8305365000367]}}, {"type": "Feature", "properties": {"PWSID": "GA2730001", "PWS_Name": "DAWSON", "Primacy_Agency": "GA", "Population_Served_Count": 4857, "Service_Connections_Count": 2019, "Service_Area_Type": "Municipality", "Verification_Status": "", "Area_SqKM": 10.184019746756793}, "geometry": {"type": "Point", "coordinates": [-84.43598631695599, 31.774796711866028]}}, {"type": "Feature", "properties": {"PWSID": "GA2730002", "PWS_Name": "PARROTT", "Primacy_Agency": "GA", "Population_Served_Count": 240, "Service_Connections_Count": 115, "Service_Area_Type": "Municipality", "Verification_Status": "", "Area_SqKM": 1.326085531357362}, "geometry": {"type": "Point", "coordinates": [-84.51266061722724, 31.893891510394724]}}, {"type": "Feature", "properties": {"PWSID": "GA2730003", "PWS_Name": "SASSER", "Primacy_Agency": "GA", "Population_Served_Count": 402, "Service_Connections_Count": 172, "Service_Area_Type": "Municipality", "Verification_Status": "", "Area_SqKM": 4.1396649950570525}, "geometry": {"type": "Point", "coordinates": [-84.34802002346677, 31.725535760201694]}}, {"type": "Feature", "properties": {"PWSID": "GA2730005", "PWS_Name": "WINDSOR SUBDIVISION", "Primacy_Agency": "GA", "Population_Served_Count": 95, "Service_Connections_Count": 35, "Service_Area_Type": "Subdivision", "Verification_Status": "", "Area_SqKM": 0.45017525079555354}, "geometry": {"type": "Point", "coordinates": [-84.30295235557509, 31.628074188820033]}}, {"type": "Feature", "properties": {"PWSID": "GA2350001", "PWS_Name": "HAWKINSVILLE", "Primacy_Agency": "GA", "Population_Served_Count": 7491, "Service_Connections_Count": 2266, "Service_Area_Type": "Municipality", "Verification_Status": "", "Area_SqKM": 6.540867645759836}, "geometry": {"type": "Point", "coordinates": [-83.47690513464666, 32.28085092269441]}}, {"type": "Feature", "properties": {"PWSID": "GA0050000", "PWS_Name": "ALMA", "Primacy_Agency": "GA", "Population_Served_Count": 4096, "Service_Connections_Count": 1517, "Service_Area_Type": "Municipality", "Verification_Status": "", "Area_SqKM": 8.997863575352024}, "geometry": {"type": "Point", "coordinates": [-82.465229642201, 31.546050027502233]}}, {"type": "Feature", "properties": {"PWSID": "GA2990000", "PWS_Name": "MANOR WATER ASSOCIATION", "Primacy_Agency": "GA", "Population_Served_Count": 611, "Service_Connections_Count": 235, "Service_Area_Type": "Municipality", "Verification_Status": "", "Area_SqKM": 20.937463321578573}, "geometry": {"type": "Point", "coordinates": [-82.5815896480636, 31.084912586087732]}}, {"type": "Feature", "properties": {"PWSID": "GA2830000", "PWS_Name": "SOPERTON", "Primacy_Agency": "GA", "Population_Served_Count": 3115, "Service_Connections_Count": 1081, "Service_Area_Type": "Municipality", "Verification_Status": "", "Area_SqKM": 8.954845999259614}, "geometry": {"type": "Point", "coordinates": [-82.59788126893739, 32.36880710346039]}}, {"type": "Feature", "properties": {"PWSID": "GA2710005", "PWS_Name": "SCOTLAND", "Primacy_Agency": "GA", "Population_Served_Count": 294, "Service_Connections_Count": 110, "Service_Area_Type": "Municipality", "Verification_Status": "", "Area_SqKM": 0.9981197840675164}, "geometry": {"type": "Point", "coordinates": [-82.82002129081694, 32.047947577316606]}}, {"type": "Feature", "properties": {"PWSID": "GA1610001", "PWS_Name": "HAZLEHURST WATER SYSTEM", "Primacy_Agency": "GA", "Population_Served_Count": 5778, "Service_Connections_Count": 2602, "Service_Area_Type": "Municipality", "Verification_Status": "", "Area_SqKM": 13.329596651904364}, "geometry": {"type": "Point", "coordinates": [-82.595166229116, 31.86476880031432]}}, {"type": "Feature", "properties": {"PWSID": "GA1610000", "PWS_Name": "DENTON", "Primacy_Agency": "GA", "Population_Served_Count": 253, "Service_Connections_Count": 107, "Service_Area_Type": "Municipality", "Verification_Status": "", "Area_SqKM": 1.2158448123108982}, "geometry": {"type": "Point", "coordinates": [-82.69832154110941, 31.724945061748766]}}, {"type": "Feature", "properties": {"PWSID": "GA0310215", "PWS_Name": "PULASKI POINTE SUBDIVISION", "Primacy_Agency": "GA", "Population_Served_Count": 120, "Service_Connections_Count": 57, "Service_Area_Type": "Subdivision", "Verification_Status": "", "Area_SqKM": 0.5220680925722823}, "geometry": {"type": "Point", "coordinates": [-81.8371772021926, 32.43883660691723]}}, {"type": "Feature", "properties": {"PWSID": "GA0310221", "PWS_Name": "SOUTH SIDE WATER SYSTEM", "Primacy_Agency": "GA", "Population_Served_Count": 55, "Service_Connections_Count": 18, "Service_Area_Type": "Other Residential", "Verification_Status": "", "Area_SqKM": 0.11508788270298691}, "geometry": {"type": "Point", "coordinates": [-81.76070390000099, 32.392522677265376]}}, {"type": "Feature", "properties": {"PWSID": "GA0010000", "PWS_Name": "BAXLEY", "Primacy_Agency": "GA", "Population_Served_Count": 5749, "Service_Connections_Count": 2576, "Service_Area_Type": "Municipality", "Verification_Status": "", "Area_SqKM": 25.397649097460775}, "geometry": {"type": "Point", "coordinates": [-82.34270272821351, 31.765186173637122]}}, {"type": "Feature", "properties": {"PWSID": "GA0250003", "PWS_Name": "SATILLA ESTATES", "Primacy_Agency": "GA", "Population_Served_Count": 234, "Service_Connections_Count": 83, "Service_Area_Type": "Mobile Home Park - Principal Residence", "Verification_Status": "", "Area_SqKM": 0.22761659522347089}, "geometry": {"type": "Point", "coordinates": [-81.85904561987648, 31.14879169995339]}}, {"type": "Feature", "properties": {"PWSID": "GA0250004", "PWS_Name": "DEERWOOD SUBDIVISION", "Primacy_Agency": "GA", "Population_Served_Count": 99, "Service_Connections_Count": 33, "Service_Area_Type": "Subdivision", "Verification_Status": "", "Area_SqKM": 0.09007878898026501}, "geometry": {"type": "Point", "coordinates": [-81.85813804456421, 31.204410680912336]}}, {"type": "Feature", "properties": {"PWSID": "GA0250006", "PWS_Name": "WHISPERING PINES SUBDIVISION", "Primacy_Agency": "GA", "Population_Served_Count": 187, "Service_Connections_Count": 75, "Service_Area_Type": "Subdivision", "Verification_Status": "", "Area_SqKM": 0.5199674831680882}, "geometry": {"type": "Point", "coordinates": [-82.21041560138883, 31.195438321926662]}}, {"type": "Feature", "properties": {"PWSID": "GA0250020", "PWS_Name": "HAPPY LANDING FISHING CLUB", "Primacy_Agency": "GA", "Population_Served_Count": 157, "Service_Connections_Count": 58, "Service_Area_Type": "Residential Area", "Verification_Status": "", "Area_SqKM": 0.09511121036524556}, "geometry": {"type": "Point", "coordinates": [-81.85526412260604, 31.16512456935341]}}, {"type": "Feature", "properties": {"PWSID": "GA0250021", "PWS_Name": "RIVER RIDGE SUBDIVISION", "Primacy_Agency": "GA", "Population_Served_Count": 107, "Service_Connections_Count": 41, "Service_Area_Type": "Residential Area", "Verification_Status": "", "Area_SqKM": 0.10299319919371426}, "geometry": {"type": "Point", "coordinates": [-81.85345932845401, 31.247682457159538]}}, {"type": "Feature", "properties": {"PWSID": "GA0250028", "PWS_Name": "HAWKS LANDING", "Primacy_Agency": "GA", "Population_Served_Count": 119, "Service_Connections_Count": 44, "Service_Area_Type": "Subdivision", "Verification_Status": "", "Area_SqKM": 0.27091993384267155}, "geometry": {"type": "Point", "coordinates": [-81.7875331363327, 31.225537036374767]}}, {"type": "Feature", "properties": {"PWSID": "GA2990001", "PWS_Name": "SATILLA REGIONAL WATER & SEWER AUTH.", "Primacy_Agency": "GA", "Population_Served_Count": 10657, "Service_Connections_Count": 4099, "Service_Area_Type": "Residential Area", "Verification_Status": "", "Area_SqKM": 6.674186602376644}, "geometry": {"type": "Point", "coordinates": [-82.36080886127193, 31.255100638711788]}}, {"type": "Feature", "properties": {"PWSID": "GA2990002", "PWS_Name": "WAYCROSS", "Primacy_Agency": "GA", "Population_Served_Count": 15987, "Service_Connections_Count": 5921, "Service_Area_Type": "Municipality", "Verification_Status": "", "Area_SqKM": 37.10424929477679}, "geometry": {"type": "Point", "coordinates": [-82.34834352117801, 31.212897221734924]}}, {"type": "Feature", "properties": {"PWSID": "GA3050087", "PWS_Name": "DILLON HILL SUBDIVISION", "Primacy_Agency": "GA", "Population_Served_Count": 39, "Service_Connections_Count": 15, "Service_Area_Type": "Subdivision", "Verification_Status": "", "Area_SqKM": 0.030243111788890695}, "geometry": {"type": "Point", "coordinates": [-81.91628769234988, 31.677346530773494]}}, {"type": "Feature", "properties": {"PWSID": "GA0310178", "PWS_Name": "BIRD ROAD TRAILER PARK", "Primacy_Agency": "GA", "Population_Served_Count": 107, "Service_Connections_Count": 42, "Service_Area_Type": "Mobile Home Park - Principal Residence", "Verification_Status": "", "Area_SqKM": 0.017862904433109686}, "geometry": {"type": "Point", "coordinates": [-81.7782030998122, 32.39884600031566]}}, {"type": "Feature", "properties": {"PWSID": "GA0310001", "PWS_Name": "NEVILS WATER ASSOCIATION", "Primacy_Agency": "GA", "Population_Served_Count": 146, "Service_Connections_Count": 57, "Service_Area_Type": "Homeowners Association", "Verification_Status": "", "Area_SqKM": 0.11285708930958756}, "geometry": {"type": "Point", "coordinates": [-81.79085124621396, 32.267184507676504]}}, {"type": "Feature", "properties": {"PWSID": "GA0310229", "PWS_Name": "PINE INN ESTATES", "Primacy_Agency": "GA", "Population_Served_Count": 109, "Service_Connections_Count": 42, "Service_Area_Type": "Mobile Home Park", "Verification_Status": "", "Area_SqKM": 0.02461336649929139}, "geometry": {"type": "Point", "coordinates": [-81.86824789986088, 32.36053899996418]}}, {"type": "Feature", "properties": {"PWSID": "GA0310230", "PWS_Name": "BEAVER CREEK - CROSSWAY COTTAGES", "Primacy_Agency": "GA", "Population_Served_Count": 403, "Service_Connections_Count": 155, "Service_Area_Type": "Subdivision", "Verification_Status": "", "Area_SqKM": 5.281116803633871}, "geometry": {"type": "Point", "coordinates": [-81.84471657690877, 32.38077651097549]}}, {"type": "Feature", "properties": {"PWSID": "GA0310273", "PWS_Name": "SANDALWOOD S/D", "Primacy_Agency": "GA", "Population_Served_Count": 166, "Service_Connections_Count": 64, "Service_Area_Type": "Subdivision", "Verification_Status": "", "Area_SqKM": 0.3026099972278154}, "geometry": {"type": "Point", "coordinates": [-81.81874821995096, 32.402153819994744]}}, {"type": "Feature", "properties": {"PWSID": "GA0310274", "PWS_Name": "COUNTRYSIDE-CYPRESS CROSSING-HAZELWOOD", "Primacy_Agency": "GA", "Population_Served_Count": 694, "Service_Connections_Count": 267, "Service_Area_Type": "Subdivision", "Verification_Status": "", "Area_SqKM": 0.13401609622787133}, "geometry": {"type": "Point", "coordinates": [-81.81972801119167, 32.42102481101968]}}, {"type": "Feature", "properties": {"PWSID": "GA0310276", "PWS_Name": "HINTERLAND TRAIL (NEVILS)", "Primacy_Agency": "GA", "Population_Served_Count": 62, "Service_Connections_Count": 24, "Service_Area_Type": "Subdivision", "Verification_Status": "", "Area_SqKM": 0.09116122712104728}, "geometry": {"type": "Point", "coordinates": [-81.80832996523677, 32.294849113058355]}}, {"type": "Feature", "properties": {"PWSID": "GA0390049", "PWS_Name": "CAMDEN CO.-FLEA HILL RECREATION, INC.", "Primacy_Agency": "GA", "Population_Served_Count": 70, "Service_Connections_Count": 30, "Service_Area_Type": "Subdivision", "Verification_Status": "", "Area_SqKM": 0.01122826375624242}, "geometry": {"type": "Point", "coordinates": [-81.83819358587928, 30.79829861443176]}}, {"type": "Feature", "properties": {"PWSID": "GA1070002", "PWS_Name": "OAK PARK", "Primacy_Agency": "GA", "Population_Served_Count": 350, "Service_Connections_Count": 114, "Service_Area_Type": "Municipality", "Verification_Status": "", "Area_SqKM": 1.9207116234211723}, "geometry": {"type": "Point", "coordinates": [-82.32358130103685, 32.37174373581456]}}, {"type": "Feature", "properties": {"PWSID": "GA2670003", "PWS_Name": "MANASSAS", "Primacy_Agency": "GA", "Population_Served_Count": 133, "Service_Connections_Count": 51, "Service_Area_Type": "Municipality", "Verification_Status": "", "Area_SqKM": 0.6722692573192532}, "geometry": {"type": "Point", "coordinates": [-82.0148098478591, 32.18917865838329]}}, {"type": "Feature", "properties": {"PWSID": "GA2670002", "PWS_Name": "GLENNVILLE WATER SYSTEM", "Primacy_Agency": "GA", "Population_Served_Count": 5173, "Service_Connections_Count": 1815, "Service_Area_Type": "Municipality", "Verification_Status": "", "Area_SqKM": 9.461221090523836}, "geometry": {"type": "Point", "coordinates": [-81.92956126179769, 31.933926512416264]}}, {"type": "Feature", "properties": {"PWSID": "GA2670005", "PWS_Name": "ROGERS STATE PRISON", "Primacy_Agency": "GA", "Population_Served_Count": 1588, "Service_Connections_Count": 120, "Service_Area_Type": "Other Residential", "Verification_Status": "", "Area_SqKM": 1.2373601621963886}, "geometry": {"type": "Point", "coordinates": [-82.16475542001918, 32.00072845194261]}}, {"type": "Feature", "properties": {"PWSID": "GA2670022", "PWS_Name": "BEARDS CREEK MHP", "Primacy_Agency": "GA", "Population_Served_Count": 307, "Service_Connections_Count": 120, "Service_Area_Type": "Mobile Home Park - Principal Residence", "Verification_Status": "", "Area_SqKM": 0.2086869677097824}, "geometry": {"type": "Point", "coordinates": [-81.91614655051046, 31.885845414744338]}}, {"type": "Feature", "properties": {"PWSID": "GA2670046", "PWS_Name": "THE OAKS SUBDIVISION", "Primacy_Agency": "GA", "Population_Served_Count": 57, "Service_Connections_Count": 22, "Service_Area_Type": "Subdivision", "Verification_Status": "", "Area_SqKM": 0.4066044374255287}, "geometry": {"type": "Point", "coordinates": [-82.15278569452892, 32.07599223886543]}}, {"type": "Feature", "properties": {"PWSID": "GA2790000", "PWS_Name": "LYONS", "Primacy_Agency": "GA", "Population_Served_Count": 4476, "Service_Connections_Count": 1933, "Service_Area_Type": "Municipality", "Verification_Status": "", "Area_SqKM": 16.10040444557964}, "geometry": {"type": "Point", "coordinates": [-82.31283512238721, 32.20350128622033]}}, {"type": "Feature", "properties": {"PWSID": "GA2670001", "PWS_Name": "COLLINS WATER SYSTEM", "Primacy_Agency": "GA", "Population_Served_Count": 780, "Service_Connections_Count": 302, "Service_Area_Type": "Municipality", "Verification_Status": "", "Area_SqKM": 2.84152312410014}, "geometry": {"type": "Point", "coordinates": [-82.10377525855178, 32.17858782070105]}}, {"type": "Feature", "properties": {"PWSID": "GA2670000", "PWS_Name": "COBBTOWN WATER SYSTEM", "Primacy_Agency": "GA", "Population_Served_Count": 596, "Service_Connections_Count": 209, "Service_Area_Type": "Municipality", "Verification_Status": "", "Area_SqKM": 1.9634783184615032}, "geometry": {"type": "Point", "coordinates": [-82.13669833291581, 32.28556714107255]}}, {"type": "Feature", "properties": {"PWSID": "GA2990051", "PWS_Name": "SATILLA REGIONAL WATER & SEWER AUTH-EAST", "Primacy_Agency": "GA", "Population_Served_Count": 3654, "Service_Connections_Count": 1406, "Service_Area_Type": "Residential Area", "Verification_Status": "", "Area_SqKM": 3.8870043574476467}, "geometry": {"type": "Point", "coordinates": [-82.29317811454536, 31.20787508228135]}}, {"type": "Feature", "properties": {"PWSID": "GA3050000", "PWS_Name": "JESUP WATER SYSTEM", "Primacy_Agency": "GA", "Population_Served_Count": 10055, "Service_Connections_Count": 3782, "Service_Area_Type": "Municipality", "Verification_Status": "", "Area_SqKM": 37.436345814489336}, "geometry": {"type": "Point", "coordinates": [-81.8869232678086, 31.596365474831423]}}, {"type": "Feature", "properties": {"PWSID": "GA3050001", "PWS_Name": "ODUM", "Primacy_Agency": "GA", "Population_Served_Count": 692, "Service_Connections_Count": 246, "Service_Area_Type": "Municipality", "Verification_Status": "", "Area_SqKM": 2.8427550790875236}, "geometry": {"type": "Point", "coordinates": [-82.02413009927999, 31.668946119599912]}}, {"type": "Feature", "properties": {"PWSID": "GA2290036", "PWS_Name": "PINE RIDGE PLANTATION", "Primacy_Agency": "GA", "Population_Served_Count": 192, "Service_Connections_Count": 71, "Service_Area_Type": "Subdivision", "Verification_Status": "", "Area_SqKM": 0.43326860415202795}, "geometry": {"type": "Point", "coordinates": [-82.24983188131193, 31.245349877154517]}}, {"type": "Feature", "properties": {"PWSID": "GA2290022", "PWS_Name": "OKEFENOKEE GOLF CLUB S/D", "Primacy_Agency": "GA", "Population_Served_Count": 208, "Service_Connections_Count": 80, "Service_Area_Type": "Subdivision", "Verification_Status": "", "Area_SqKM": 0.46174432986799646}, "geometry": {"type": "Point", "coordinates": [-82.35173433653966, 31.27179772596609]}}, {"type": "Feature", "properties": {"PWSID": "GA2290005", "PWS_Name": "OAK RIDGE EST/HACKLEBARNEY S/D", "Primacy_Agency": "GA", "Population_Served_Count": 530, "Service_Connections_Count": 197, "Service_Area_Type": "Subdivision", "Verification_Status": "", "Area_SqKM": 0.4370938776699738}, "geometry": {"type": "Point", "coordinates": [-82.30433248916304, 31.243143230500994]}}, {"type": "Feature", "properties": {"PWSID": "GA2290004", "PWS_Name": "ASPINWALL`S MOBILE HOME PARK", "Primacy_Agency": "GA", "Population_Served_Count": 125, "Service_Connections_Count": 42, "Service_Area_Type": "Mobile Home Park - Principal Residence", "Verification_Status": "", "Area_SqKM": 0.05221020075560119}, "geometry": {"type": "Point", "coordinates": [-82.22126826558048, 31.31588417184267]}}, {"type": "Feature", "properties": {"PWSID": "GA2290001", "PWS_Name": "PATTERSON", "Primacy_Agency": "GA", "Population_Served_Count": 905, "Service_Connections_Count": 347, "Service_Area_Type": "Municipality", "Verification_Status": "", "Area_SqKM": 2.988263472052529}, "geometry": {"type": "Point", "coordinates": [-82.14462467717715, 31.386719380414355]}}, {"type": "Feature", "properties": {"PWSID": "GA1830067", "PWS_Name": "BROOKHAVEN SUBDIVISION", "Primacy_Agency": "GA", "Population_Served_Count": 156, "Service_Connections_Count": 60, "Service_Area_Type": "Subdivision", "Verification_Status": "", "Area_SqKM": 8.829177707798022}, "geometry": {"type": "Point", "coordinates": [-81.72928532933587, 31.78311685733878]}}, {"type": "Feature", "properties": {"PWSID": "GA1830061", "PWS_Name": "TIMBERLAND-HUNTINGTON SUBDIVISION", "Primacy_Agency": "GA", "Population_Served_Count": 621, "Service_Connections_Count": 230, "Service_Area_Type": "Subdivision", "Verification_Status": "", "Area_SqKM": 0.0768469681240546}, "geometry": {"type": "Point", "coordinates": [-81.74674135546678, 31.82636740544865]}}, {"type": "Feature", "properties": {"PWSID": "GA1830054", "PWS_Name": "GARRISON PLACE-SUMMER HILL", "Primacy_Agency": "GA", "Population_Served_Count": 513, "Service_Connections_Count": 190, "Service_Area_Type": "Subdivision", "Verification_Status": "", "Area_SqKM": 13.526792612781085}, "geometry": {"type": "Point", "coordinates": [-81.77506357345626, 31.804735301750487]}}, {"type": "Feature", "properties": {"PWSID": "GA1830042", "PWS_Name": "SANDY RIDGE SUBDIVISION", "Primacy_Agency": "GA", "Population_Served_Count": 64, "Service_Connections_Count": 23, "Service_Area_Type": "Subdivision", "Verification_Status": "", "Area_SqKM": 0.177986218327301}, "geometry": {"type": "Point", "coordinates": [-81.87857840007047, 31.882153586628732]}}, {"type": "Feature", "properties": {"PWSID": "GA1830035", "PWS_Name": "RYE PATCH COMMUNITY WELL", "Primacy_Agency": "GA", "Population_Served_Count": 70, "Service_Connections_Count": 27, "Service_Area_Type": "Mobile Home Park - Principal Residence", "Verification_Status": "", "Area_SqKM": 3.5676714582314073}, "geometry": {"type": "Point", "coordinates": [-81.75387098298539, 31.817249728404146]}}, {"type": "Feature", "properties": {"PWSID": "GA1830033", "PWS_Name": "SANDHILL SUBDIVISION", "Primacy_Agency": "GA", "Population_Served_Count": 46, "Service_Connections_Count": 18, "Service_Area_Type": "Subdivision", "Verification_Status": "", "Area_SqKM": 0.021725350965105437}, "geometry": {"type": "Point", "coordinates": [-81.85009854312555, 31.822145671147915]}}, {"type": "Feature", "properties": {"PWSID": "GA1830000", "PWS_Name": "LUDOWICI WATER SYSTEM", "Primacy_Agency": "GA", "Population_Served_Count": 1651, "Service_Connections_Count": 623, "Service_Area_Type": "Municipality", "Verification_Status": "", "Area_SqKM": 6.337260953346347}, "geometry": {"type": "Point", "coordinates": [-81.74192157268094, 31.709324431825056]}}, {"type": "Feature", "properties": {"PWSID": "GA0310052", "PWS_Name": "COACH HOUSE ESTATES MHP", "Primacy_Agency": "GA", "Population_Served_Count": 200, "Service_Connections_Count": 180, "Service_Area_Type": "Mobile Home Park - Principal Residence", "Verification_Status": "", "Area_SqKM": 1.213199312031813}, "geometry": {"type": "Point", "coordinates": [-81.76270888348228, 32.47201585938453]}}, {"type": "Feature", "properties": {"PWSID": "GA0310060", "PWS_Name": "MILL CREEK ESTATES", "Primacy_Agency": "GA", "Population_Served_Count": 29, "Service_Connections_Count": 11, "Service_Area_Type": "Mobile Home Park - Principal Residence", "Verification_Status": "", "Area_SqKM": 0.021277543064183408}, "geometry": {"type": "Point", "coordinates": [-81.73728112240002, 32.47324286665159]}}, {"type": "Feature", "properties": {"PWSID": "GA0310061", "PWS_Name": "LAKESIDE ESTATES", "Primacy_Agency": "GA", "Population_Served_Count": 124, "Service_Connections_Count": 48, "Service_Area_Type": "Subdivision", "Verification_Status": "", "Area_SqKM": 0.08335684644607266}, "geometry": {"type": "Point", "coordinates": [-81.81930231303375, 32.47191428697115]}}, {"type": "Feature", "properties": {"PWSID": "GA0310071", "PWS_Name": "WESTCHESTER SUBDIVISION", "Primacy_Agency": "GA", "Population_Served_Count": 172, "Service_Connections_Count": 66, "Service_Area_Type": "Subdivision", "Verification_Status": "", "Area_SqKM": 0.04872409004252128}, "geometry": {"type": "Point", "coordinates": [-81.79460981650948, 32.47624378325043]}}, {"type": "Feature", "properties": {"PWSID": "GA0310169", "PWS_Name": "WESTRIDGE SUBDIVISION", "Primacy_Agency": "GA", "Population_Served_Count": 47, "Service_Connections_Count": 21, "Service_Area_Type": "Subdivision", "Verification_Status": "", "Area_SqKM": 0.7848304535507831}, "geometry": {"type": "Point", "coordinates": [-81.82134040004804, 32.46599008712677]}}, {"type": "Feature", "properties": {"PWSID": "GA0310242", "PWS_Name": "PARKVIEW SUBDIVISION", "Primacy_Agency": "GA", "Population_Served_Count": 62, "Service_Connections_Count": 24, "Service_Area_Type": "Subdivision", "Verification_Status": "", "Area_SqKM": 0.712454421773109}, "geometry": {"type": "Point", "coordinates": [-81.7393075836633, 32.453136648996576]}}, {"type": "Feature", "properties": {"PWSID": "GA0310260", "PWS_Name": "SPENWAY SUBDIVISION", "Primacy_Agency": "GA", "Population_Served_Count": 296, "Service_Connections_Count": 114, "Service_Area_Type": "Subdivision", "Verification_Status": "", "Area_SqKM": 0.21446300592731682}, "geometry": {"type": "Point", "coordinates": [-81.72883668003398, 32.42995200000744]}}, {"type": "Feature", "properties": {"PWSID": "GA0310266", "PWS_Name": "WILLIAMSBURG SUBDIVISION", "Primacy_Agency": "GA", "Population_Served_Count": 70, "Service_Connections_Count": 61, "Service_Area_Type": "Subdivision", "Verification_Status": "", "Area_SqKM": 0.12189281947997889}, "geometry": {"type": "Point", "coordinates": [-81.85087781560486, 32.502515063579494]}}, {"type": "Feature", "properties": {"PWSID": "GA1070024", "PWS_Name": "NUNEZ", "Primacy_Agency": "GA", "Population_Served_Count": 205, "Service_Connections_Count": 78, "Service_Area_Type": "Municipality", "Verification_Status": "", "Area_SqKM": 1.3495384500106622}, "geometry": {"type": "Point", "coordinates": [-82.34021635002264, 32.49469987499914]}}, {"type": "Feature", "properties": {"PWSID": "GA0310207", "PWS_Name": "GLEN OAKS SUBDIVISION", "Primacy_Agency": "GA", "Population_Served_Count": 174, "Service_Connections_Count": 70, "Service_Area_Type": "Subdivision", "Verification_Status": "", "Area_SqKM": 0.0575799530319683}, "geometry": {"type": "Point", "coordinates": [-81.8133745998532, 32.504470250157155]}}, {"type": "Feature", "properties": {"PWSID": "GA0310223", "PWS_Name": "EAGLE VILLAGE MHP", "Primacy_Agency": "GA", "Population_Served_Count": 205, "Service_Connections_Count": 79, "Service_Area_Type": "Mobile Home Park - Principal Residence", "Verification_Status": "", "Area_SqKM": 1.3354292709308353}, "geometry": {"type": "Point", "coordinates": [-81.7462448945754, 32.509055113244216]}}, {"type": "Feature", "properties": {"PWSID": "GA0310235", "PWS_Name": "OAKFIELD SUBDIVISION", "Primacy_Agency": "GA", "Population_Served_Count": 161, "Service_Connections_Count": 64, "Service_Area_Type": "Subdivision", "Verification_Status": "", "Area_SqKM": 0.09920542370860111}, "geometry": {"type": "Point", "coordinates": [-81.77756256671394, 32.508882425044135]}}, {"type": "Feature", "properties": {"PWSID": "GA0310292", "PWS_Name": "JOHNSON RUN PHASE III AND IV", "Primacy_Agency": "GA", "Population_Served_Count": 338, "Service_Connections_Count": 130, "Service_Area_Type": "Subdivision", "Verification_Status": "", "Area_SqKM": 0.4768786393460567}, "geometry": {"type": "Point", "coordinates": [-81.77260512224527, 32.54805139995923]}}, {"type": "Feature", "properties": {"PWSID": "GA1530042", "PWS_Name": "USAF-ROBINS AB MAIN", "Primacy_Agency": "GA", "Population_Served_Count": 22000, "Service_Connections_Count": 581, "Service_Area_Type": "Other Residential", "Verification_Status": "", "Area_SqKM": 24.605056401954474}, "geometry": {"type": "Point", "coordinates": [-83.57770391073164, 32.62177491535443]}}, {"type": "Feature", "properties": {"PWSID": "GA1690002", "PWS_Name": "JONES COUNTY", "Primacy_Agency": "GA", "Population_Served_Count": 12736, "Service_Connections_Count": 4470, "Service_Area_Type": "Residential Area", "Verification_Status": "", "Area_SqKM": 48.122559831952415}, "geometry": {"type": "Point", "coordinates": [-83.5815797373195, 32.89030578397034]}}, {"type": "Feature", "properties": {"PWSID": "GA2370000", "PWS_Name": "EATONTON PUTNAM WATER & SEWER AUTH", "Primacy_Agency": "GA", "Population_Served_Count": 12736, "Service_Connections_Count": 5687, "Service_Area_Type": "Municipality", "Verification_Status": "", "Area_SqKM": 11.564766462792509}, "geometry": {"type": "Point", "coordinates": [-83.38519312472067, 33.329362182245305]}}, {"type": "Feature", "properties": {"PWSID": "GA0310174", "PWS_Name": "CHANCE`S MOBILE HOME PARK", "Primacy_Agency": "GA", "Population_Served_Count": 146, "Service_Connections_Count": 71, "Service_Area_Type": "Mobile Home Park - Principal Residence", "Verification_Status": "", "Area_SqKM": 0.0018382618621885507}, "geometry": {"type": "Point", "coordinates": [-81.74262276009114, 32.50539827987656]}}, {"type": "Feature", "properties": {"PWSID": "GA0310201", "PWS_Name": "OAK HILL MOBILE HOME PARK", "Primacy_Agency": "GA", "Population_Served_Count": 26, "Service_Connections_Count": 28, "Service_Area_Type": "Mobile Home Park - Principal Residence", "Verification_Status": "", "Area_SqKM": 0.031184929193305448}, "geometry": {"type": "Point", "coordinates": [-81.72681915715609, 32.54003001417264]}}, {"type": "Feature", "properties": {"PWSID": "GA1090038", "PWS_Name": "LA CASA CARMEN S/D", "Primacy_Agency": "GA", "Population_Served_Count": 213, "Service_Connections_Count": 83, "Service_Area_Type": "Subdivision", "Verification_Status": "", "Area_SqKM": 0.38221212322564896}, "geometry": {"type": "Point", "coordinates": [-81.87208537801219, 32.23886361755399]}}, {"type": "Feature", "properties": {"PWSID": "GA1090037", "PWS_Name": "WINNMEIR SUBDIVISION", "Primacy_Agency": "GA", "Population_Served_Count": 127, "Service_Connections_Count": 49, "Service_Area_Type": "Subdivision", "Verification_Status": "", "Area_SqKM": 3.0673814935233628}, "geometry": {"type": "Point", "coordinates": [-81.91900415855281, 32.2108391658829]}}, {"type": "Feature", "properties": {"PWSID": "GA1090007", "PWS_Name": "CLAXTON-EVANS COUNTY IND. PARK", "Primacy_Agency": "GA", "Population_Served_Count": 88, "Service_Connections_Count": 47, "Service_Area_Type": "Municipality", "Verification_Status": "", "Area_SqKM": 0.11492080740411427}, "geometry": {"type": "Point", "coordinates": [-81.95200349093983, 32.147583872806166]}}, {"type": "Feature", "properties": {"PWSID": "GA3190004", "PWS_Name": "MCINTYRE", "Primacy_Agency": "GA", "Population_Served_Count": 826, "Service_Connections_Count": 327, "Service_Area_Type": "Municipality", "Verification_Status": "", "Area_SqKM": 2.087407124212728}, "geometry": {"type": "Point", "coordinates": [-83.19052787466742, 32.84365554714096]}}, {"type": "Feature", "properties": {"PWSID": "GA3190005", "PWS_Name": "TOOMSBORO", "Primacy_Agency": "GA", "Population_Served_Count": 597, "Service_Connections_Count": 200, "Service_Area_Type": "Municipality", "Verification_Status": "", "Area_SqKM": 3.3618188577443737}, "geometry": {"type": "Point", "coordinates": [-83.08204384738443, 32.82397827892757]}}, {"type": "Feature", "properties": {"PWSID": "GA0090001", "PWS_Name": "MILLEDGEVILLE", "Primacy_Agency": "GA", "Population_Served_Count": 20540, "Service_Connections_Count": 7900, "Service_Area_Type": "Municipality", "Verification_Status": "", "Area_SqKM": 59.04658151996555}, "geometry": {"type": "Point", "coordinates": [-83.22947903736754, 33.10131559800096]}}, {"type": "Feature", "properties": {"PWSID": "GA1090003", "PWS_Name": "HAGAN", "Primacy_Agency": "GA", "Population_Served_Count": 1404, "Service_Connections_Count": 540, "Service_Area_Type": "Municipality", "Verification_Status": "", "Area_SqKM": 0.3142092321206457}, "geometry": {"type": "Point", "coordinates": [-81.90404713681883, 32.08688498957781]}}, {"type": "Feature", "properties": {"PWSID": "GA1090002", "PWS_Name": "DAISY", "Primacy_Agency": "GA", "Population_Served_Count": 325, "Service_Connections_Count": 127, "Service_Area_Type": "Municipality", "Verification_Status": "", "Area_SqKM": 0.7955999120429847}, "geometry": {"type": "Point", "coordinates": [-81.82954237272394, 32.152720921062034]}}, {"type": "Feature", "properties": {"PWSID": "GA1090001", "PWS_Name": "CLAXTON", "Primacy_Agency": "GA", "Population_Served_Count": 3840, "Service_Connections_Count": 1663, "Service_Area_Type": "Municipality", "Verification_Status": "", "Area_SqKM": 12.245747229225747}, "geometry": {"type": "Point", "coordinates": [-81.91674671560679, 32.16440051870681]}}, {"type": "Feature", "properties": {"PWSID": "GA1330000", "PWS_Name": "GREENSBORO", "Primacy_Agency": "GA", "Population_Served_Count": 3156, "Service_Connections_Count": 1214, "Service_Area_Type": "Municipality", "Verification_Status": "", "Area_SqKM": 13.504658743297497}, "geometry": {"type": "Point", "coordinates": [-83.1727417226772, 33.57794809909166]}}, {"type": "Feature", "properties": {"PWSID": "GA1090000", "PWS_Name": "BELLVILLE", "Primacy_Agency": "GA", "Population_Served_Count": 365, "Service_Connections_Count": 151, "Service_Area_Type": "Municipality", "Verification_Status": "", "Area_SqKM": 2.165127169635921}, "geometry": {"type": "Point", "coordinates": [-81.97336581001856, 32.15334997827644]}}, {"type": "Feature", "properties": {"PWSID": "GA1070003", "PWS_Name": "STILLMORE", "Primacy_Agency": "GA", "Population_Served_Count": 520, "Service_Connections_Count": 380, "Service_Area_Type": "Municipality", "Verification_Status": "", "Area_SqKM": 3.9209663305473117}, "geometry": {"type": "Point", "coordinates": [-82.21848892946322, 32.43958667238336]}}, {"type": "Feature", "properties": {"PWSID": "GA1330003", "PWS_Name": "WHITE PLAINS", "Primacy_Agency": "GA", "Population_Served_Count": 437, "Service_Connections_Count": 172, "Service_Area_Type": "Municipality", "Verification_Status": "", "Area_SqKM": 3.6647326790950774}, "geometry": {"type": "Point", "coordinates": [-83.0386059421182, 33.46887817157111]}}, {"type": "Feature", "properties": {"PWSID": "GA1330004", "PWS_Name": "WOODVILLE", "Primacy_Agency": "GA", "Population_Served_Count": 380, "Service_Connections_Count": 148, "Service_Area_Type": "Municipality", "Verification_Status": "", "Area_SqKM": 1.5230481169913668}, "geometry": {"type": "Point", "coordinates": [-83.09845538824558, 33.66180249995983]}}, {"type": "Feature", "properties": {"PWSID": "GA1330007", "PWS_Name": "ROCKY CREEK SUBDIVISION", "Primacy_Agency": "GA", "Population_Served_Count": 58, "Service_Connections_Count": 22, "Service_Area_Type": "Subdivision", "Verification_Status": "", "Area_SqKM": 7.863230409719715}, "geometry": {"type": "Point", "coordinates": [-83.17414110783024, 33.42511534586616]}}, {"type": "Feature", "properties": {"PWSID": "GA1330012", "PWS_Name": "WALKER CHURCH WATER SYSTEM", "Primacy_Agency": "GA", "Population_Served_Count": 826, "Service_Connections_Count": 306, "Service_Area_Type": "Subdivision", "Verification_Status": "", "Area_SqKM": 4.847894656469614}, "geometry": {"type": "Point", "coordinates": [-83.18520563602118, 33.45328435140905]}}, {"type": "Feature", "properties": {"PWSID": "GA0310165", "PWS_Name": "GEORGIAN WALK SUBDIVISION", "Primacy_Agency": "GA", "Population_Served_Count": 372, "Service_Connections_Count": 198, "Service_Area_Type": "Subdivision", "Verification_Status": "", "Area_SqKM": 0.2696743741447012}, "geometry": {"type": "Point", "coordinates": [-81.77790191786755, 32.50332033571587]}}, {"type": "Feature", "properties": {"PWSID": "GA0310062", "PWS_Name": "NEWTONS MOBILE HOME VILLAGE", "Primacy_Agency": "GA", "Population_Served_Count": 36, "Service_Connections_Count": 25, "Service_Area_Type": "Mobile Home Park - Principal Residence", "Verification_Status": "", "Area_SqKM": 0.012097441279054261}, "geometry": {"type": "Point", "coordinates": [-81.74956052496049, 32.50530639382645]}}, {"type": "Feature", "properties": {"PWSID": "GA1330052", "PWS_Name": "HARBOR CLUB ON LAKE OCONEE", "Primacy_Agency": "GA", "Population_Served_Count": 1701, "Service_Connections_Count": 630, "Service_Area_Type": "Subdivision", "Verification_Status": "", "Area_SqKM": 0.35983884865777827}, "geometry": {"type": "Point", "coordinates": [-83.16528527139091, 33.485476671428266]}}, {"type": "Feature", "properties": {"PWSID": "GA1330065", "PWS_Name": "GREENE HILLS SUBDIVISION", "Primacy_Agency": "GA", "Population_Served_Count": 73, "Service_Connections_Count": 27, "Service_Area_Type": "Subdivision", "Verification_Status": "", "Area_SqKM": 8.881525181356661}, "geometry": {"type": "Point", "coordinates": [-83.109451025841, 33.5243505298045]}}, {"type": "Feature", "properties": {"PWSID": "GA0490017", "PWS_Name": "HOMELAND", "Primacy_Agency": "GA", "Population_Served_Count": 961, "Service_Connections_Count": 356, "Service_Area_Type": "Municipality", "Verification_Status": "", "Area_SqKM": 0.21590889777389688}, "geometry": {"type": "Point", "coordinates": [-82.02106577039059, 30.8588947148354]}}, {"type": "Feature", "properties": {"PWSID": "GA0490000", "PWS_Name": "FOLKSTON", "Primacy_Agency": "GA", "Population_Served_Count": 4641, "Service_Connections_Count": 1685, "Service_Area_Type": "Municipality", "Verification_Status": "", "Area_SqKM": 15.831775115174462}, "geometry": {"type": "Point", "coordinates": [-82.0012373144388, 30.838047390897408]}}, {"type": "Feature", "properties": {"PWSID": "GA0430029", "PWS_Name": "CREEKSIDE MANOR", "Primacy_Agency": "GA", "Population_Served_Count": 62, "Service_Connections_Count": 24, "Service_Area_Type": "Subdivision", "Verification_Status": "", "Area_SqKM": 0.8444875786469422}, "geometry": {"type": "Point", "coordinates": [-81.95517419305419, 32.38897257940328]}}, {"type": "Feature", "properties": {"PWSID": "GA0430026", "PWS_Name": "CANOE LAKE ESTATES S/D", "Primacy_Agency": "GA", "Population_Served_Count": 60, "Service_Connections_Count": 24, "Service_Area_Type": "Subdivision", "Verification_Status": "", "Area_SqKM": 3.9487795734587903}, "geometry": {"type": "Point", "coordinates": [-82.14835197370994, 32.408944575462165]}}, {"type": "Feature", "properties": {"PWSID": "GA0430025", "PWS_Name": "COLEMAN ESTATES MOBILE HOME PARK", "Primacy_Agency": "GA", "Population_Served_Count": 73, "Service_Connections_Count": 28, "Service_Area_Type": "Mobile Home Park - Principal Residence", "Verification_Status": "", "Area_SqKM": 0.11689708711794602}, "geometry": {"type": "Point", "coordinates": [-82.10361976702983, 32.35901178389941]}}, {"type": "Feature", "properties": {"PWSID": "GA0430024", "PWS_Name": "MAGNOLIA BLUFF SUBDIVISION", "Primacy_Agency": "GA", "Population_Served_Count": 107, "Service_Connections_Count": 41, "Service_Area_Type": "Subdivision", "Verification_Status": "", "Area_SqKM": 0.020846766898812975}, "geometry": {"type": "Point", "coordinates": [-82.05397915713623, 32.41921097149687]}}, {"type": "Feature", "properties": {"PWSID": "GA0430001", "PWS_Name": "PULASKI", "Primacy_Agency": "GA", "Population_Served_Count": 280, "Service_Connections_Count": 95, "Service_Area_Type": "Municipality", "Verification_Status": "", "Area_SqKM": 0.47645406258864437}, "geometry": {"type": "Point", "coordinates": [-81.95624923114484, 32.39141436881285]}}, {"type": "Feature", "properties": {"PWSID": "GA0430000", "PWS_Name": "METTER", "Primacy_Agency": "GA", "Population_Served_Count": 4776, "Service_Connections_Count": 2200, "Service_Area_Type": "Municipality", "Verification_Status": "", "Area_SqKM": 14.761661497106504}, "geometry": {"type": "Point", "coordinates": [-82.06252324222825, 32.405033929833415]}}, {"type": "Feature", "properties": {"PWSID": "GA0310271", "PWS_Name": "WEDGEFIELD PLANTATION SUBDIVISION", "Primacy_Agency": "GA", "Population_Served_Count": 49, "Service_Connections_Count": 45, "Service_Area_Type": "Subdivision", "Verification_Status": "", "Area_SqKM": 0.3454864532719484}, "geometry": {"type": "Point", "coordinates": [-81.76876419051796, 32.342216083705424]}}, {"type": "Feature", "properties": {"PWSID": "GA0310270", "PWS_Name": "ALEXANDER FARMS SUBDIVISION", "Primacy_Agency": "GA", "Population_Served_Count": 81, "Service_Connections_Count": 30, "Service_Area_Type": "Subdivision", "Verification_Status": "", "Area_SqKM": 0.06766298738589842}, "geometry": {"type": "Point", "coordinates": [-81.91953610006115, 32.428669000039655]}}, {"type": "Feature", "properties": {"PWSID": "GA0310261", "PWS_Name": "STONEBROOK SUBDIVISION", "Primacy_Agency": "GA", "Population_Served_Count": 299, "Service_Connections_Count": 115, "Service_Area_Type": "Subdivision", "Verification_Status": "", "Area_SqKM": 2.6040144464927737}, "geometry": {"type": "Point", "coordinates": [-81.75769886699646, 32.35185590329681]}}, {"type": "Feature", "properties": {"PWSID": "GA0310256", "PWS_Name": "WOODBRIDGE SUBDIVISION", "Primacy_Agency": "GA", "Population_Served_Count": 247, "Service_Connections_Count": 95, "Service_Area_Type": "Subdivision", "Verification_Status": "", "Area_SqKM": 0.3591260691376551}, "geometry": {"type": "Point", "coordinates": [-81.7564267049542, 32.35477035249422]}}, {"type": "Feature", "properties": {"PWSID": "GA2970008", "PWS_Name": "WALTON CO. WATER & SEWER AUTH.", "Primacy_Agency": "GA", "Population_Served_Count": 45230, "Service_Connections_Count": 16752, "Service_Area_Type": "Municipality", "Verification_Status": "", "Area_SqKM": 35.24463045583048}, "geometry": {"type": "Point", "coordinates": [-83.92883426330785, 33.8510005554945]}}, {"type": "Feature", "properties": {"PWSID": "GA0130000", "PWS_Name": "AUBURN", "Primacy_Agency": "GA", "Population_Served_Count": 10060, "Service_Connections_Count": 3844, "Service_Area_Type": "Municipality", "Verification_Status": "", "Area_SqKM": 21.985387035538885}, "geometry": {"type": "Point", "coordinates": [-83.82344261855306, 33.99876855125118]}}, {"type": "Feature", "properties": {"PWSID": "GA0130031", "PWS_Name": "BARROW COUNTY WATER SYSTEM", "Primacy_Agency": "GA", "Population_Served_Count": 17893, "Service_Connections_Count": 7039, "Service_Area_Type": "Municipality", "Verification_Status": "", "Area_SqKM": 14.50256839019741}, "geometry": {"type": "Point", "coordinates": [-83.76350104665228, 33.94827786644313]}}, {"type": "Feature", "properties": {"PWSID": "GA1170008", "PWS_Name": "COLONIAL CLUB ESTATES", "Primacy_Agency": "GA", "Population_Served_Count": 400, "Service_Connections_Count": 293, "Service_Area_Type": "Subdivision", "Verification_Status": "", "Area_SqKM": 0.0918442315836958}, "geometry": {"type": "Point", "coordinates": [-84.21389950903618, 34.29183181824733]}}, {"type": "Feature", "properties": {"PWSID": "GA1170047", "PWS_Name": "LANIER WOODS SUBDIVISION", "Primacy_Agency": "GA", "Population_Served_Count": 182, "Service_Connections_Count": 36, "Service_Area_Type": "Subdivision", "Verification_Status": "", "Area_SqKM": 0.47997401312543786}, "geometry": {"type": "Point", "coordinates": [-84.21495962306227, 34.3044086769237]}}, {"type": "Feature", "properties": {"PWSID": "GA0310251", "PWS_Name": "WAVERLY COVE SUBDIVISION", "Primacy_Agency": "GA", "Population_Served_Count": 68, "Service_Connections_Count": 25, "Service_Area_Type": "Subdivision", "Verification_Status": "", "Area_SqKM": 1.5230513393798915}, "geometry": {"type": "Point", "coordinates": [-81.77610105478526, 32.3871021404557]}}, {"type": "Feature", "properties": {"PWSID": "GA0310248", "PWS_Name": "CARRINGTON SOUTH SUBDIVISION", "Primacy_Agency": "GA", "Population_Served_Count": 227, "Service_Connections_Count": 84, "Service_Area_Type": "Subdivision", "Verification_Status": "", "Area_SqKM": 0.6566769650097197}, "geometry": {"type": "Point", "coordinates": [-81.73829953749939, 32.37356021244817]}}, {"type": "Feature", "properties": {"PWSID": "GA0310247", "PWS_Name": "SMITH CREEK SUBDIVISION", "Primacy_Agency": "GA", "Population_Served_Count": 75, "Service_Connections_Count": 29, "Service_Area_Type": "Subdivision", "Verification_Status": "", "Area_SqKM": 0.07627662930792652}, "geometry": {"type": "Point", "coordinates": [-81.83525206666198, 32.34406049631426]}}, {"type": "Feature", "properties": {"PWSID": "GA0310241", "PWS_Name": "SADDLE CREEK", "Primacy_Agency": "GA", "Population_Served_Count": 164, "Service_Connections_Count": 65, "Service_Area_Type": "Subdivision", "Verification_Status": "", "Area_SqKM": 0.2454033398863148}, "geometry": {"type": "Point", "coordinates": [-81.84362707538362, 32.41274138322444]}}, {"type": "Feature", "properties": {"PWSID": "GA0310237", "PWS_Name": "BEAUMONT PLANTATION", "Primacy_Agency": "GA", "Population_Served_Count": 143, "Service_Connections_Count": 55, "Service_Area_Type": "Subdivision", "Verification_Status": "", "Area_SqKM": 0.1143816416578577}, "geometry": {"type": "Point", "coordinates": [-81.85069172468219, 32.44264457662192]}}, {"type": "Feature", "properties": {"PWSID": "GA0310232", "PWS_Name": "BURKHALTER - SHADOWBROOK -TALON'S LAKE", "Primacy_Agency": "GA", "Population_Served_Count": 1885, "Service_Connections_Count": 700, "Service_Area_Type": "Subdivision", "Verification_Status": "", "Area_SqKM": 4.871663573809959}, "geometry": {"type": "Point", "coordinates": [-81.76869523985346, 32.38508932108171]}}, {"type": "Feature", "properties": {"PWSID": "GA0310228", "PWS_Name": "BERKSHIRE SUBDIVISION", "Primacy_Agency": "GA", "Population_Served_Count": 218, "Service_Connections_Count": 84, "Service_Area_Type": "Subdivision", "Verification_Status": "", "Area_SqKM": 0.05716134767589508}, "geometry": {"type": "Point", "coordinates": [-81.7312663131134, 32.4071892432348]}}, {"type": "Feature", "properties": {"PWSID": "GA0310219", "PWS_Name": "BROOK RUN SUBDIVISION", "Primacy_Agency": "GA", "Population_Served_Count": 55, "Service_Connections_Count": 21, "Service_Area_Type": "Subdivision", "Verification_Status": "", "Area_SqKM": 0.5093598712831463}, "geometry": {"type": "Point", "coordinates": [-81.91521093160962, 32.41152475697559]}}, {"type": "Feature", "properties": {"PWSID": "GA0310204", "PWS_Name": "WESTOVER SUBDIVISION", "Primacy_Agency": "GA", "Population_Served_Count": 179, "Service_Connections_Count": 69, "Service_Area_Type": "Subdivision", "Verification_Status": "", "Area_SqKM": 0.03521636594397663}, "geometry": {"type": "Point", "coordinates": [-81.86412443024554, 32.42597741218798]}}, {"type": "Feature", "properties": {"PWSID": "GA0310198", "PWS_Name": "HERITAGE MOBILE HOME PARK", "Primacy_Agency": "GA", "Population_Served_Count": 362, "Service_Connections_Count": 139, "Service_Area_Type": "Mobile Home Park - Principal Residence", "Verification_Status": "", "Area_SqKM": 0.14387224377624092}, "geometry": {"type": "Point", "coordinates": [-81.8031469925183, 32.39515562599866]}}, {"type": "Feature", "properties": {"PWSID": "GA0310192", "PWS_Name": "DRY BRANCH VILLAGE MOBILE HOME PARK", "Primacy_Agency": "GA", "Population_Served_Count": 206, "Service_Connections_Count": 79, "Service_Area_Type": "Subdivision", "Verification_Status": "", "Area_SqKM": 0.7521534925831127}, "geometry": {"type": "Point", "coordinates": [-81.85908177782323, 32.38993286664208]}}, {"type": "Feature", "properties": {"PWSID": "GA0310185", "PWS_Name": "ON THE POND SUBDIVISION", "Primacy_Agency": "GA", "Population_Served_Count": 159, "Service_Connections_Count": 64, "Service_Area_Type": "Subdivision", "Verification_Status": "", "Area_SqKM": 0.24673036550198113}, "geometry": {"type": "Point", "coordinates": [-81.81755135236352, 32.39564060467161]}}, {"type": "Feature", "properties": {"PWSID": "GA0310184", "PWS_Name": "SOUTHERN COMFORT SUBDIVISION", "Primacy_Agency": "GA", "Population_Served_Count": 159, "Service_Connections_Count": 61, "Service_Area_Type": "Subdivision", "Verification_Status": "", "Area_SqKM": 0.06828780918983735}, "geometry": {"type": "Point", "coordinates": [-81.8369946000678, 32.361639857148205]}}, {"type": "Feature", "properties": {"PWSID": "GA0310055", "PWS_Name": "CYPRESS LAKE MOBILE HOME PARK", "Primacy_Agency": "GA", "Population_Served_Count": 94, "Service_Connections_Count": 40, "Service_Area_Type": "Mobile Home Park - Principal Residence", "Verification_Status": "", "Area_SqKM": 0.02143877735602877}, "geometry": {"type": "Point", "coordinates": [-81.85958415766875, 32.39316918981078]}}, {"type": "Feature", "properties": {"PWSID": "GA0130001", "PWS_Name": "STATHAM", "Primacy_Agency": "GA", "Population_Served_Count": 3986, "Service_Connections_Count": 1533, "Service_Area_Type": "Municipality", "Verification_Status": "", "Area_SqKM": 11.653555295059368}, "geometry": {"type": "Point", "coordinates": [-83.59733622877343, 33.95524127223758]}}, {"type": "Feature", "properties": {"PWSID": "GA0130002", "PWS_Name": "WINDER", "Primacy_Agency": "GA", "Population_Served_Count": 51540, "Service_Connections_Count": 18579, "Service_Area_Type": "Municipality", "Verification_Status": "", "Area_SqKM": 52.82635536614015}, "geometry": {"type": "Point", "coordinates": [-83.71673838947977, 33.989413280161166]}}, {"type": "Feature", "properties": {"PWSID": "GA0130008", "PWS_Name": "BENT CREEK SUBDIVISION", "Primacy_Agency": "GA", "Population_Served_Count": 203, "Service_Connections_Count": 78, "Service_Area_Type": "Subdivision", "Verification_Status": "", "Area_SqKM": 4.359436536765197}, "geometry": {"type": "Point", "coordinates": [-83.65228477339281, 33.98606224669068]}}, {"type": "Feature", "properties": {"PWSID": "GA0310053", "PWS_Name": "COLONIAL HEIGHTS SUBDIVISION", "Primacy_Agency": "GA", "Population_Served_Count": 117, "Service_Connections_Count": 44, "Service_Area_Type": "Subdivision", "Verification_Status": "", "Area_SqKM": 0.052991927996384046}, "geometry": {"type": "Point", "coordinates": [-81.7484495112122, 32.42767264454005]}}, {"type": "Feature", "properties": {"PWSID": "GA0310041", "PWS_Name": "NEW HOPE SUBDIVISION", "Primacy_Agency": "GA", "Population_Served_Count": 78, "Service_Connections_Count": 30, "Service_Area_Type": "Subdivision", "Verification_Status": "", "Area_SqKM": 0.21942159148507862}, "geometry": {"type": "Point", "coordinates": [-81.88975502494237, 32.33307101250815]}}, {"type": "Feature", "properties": {"PWSID": "GA0310038", "PWS_Name": "COUNTRY LAKES ESTATES MHP", "Primacy_Agency": "GA", "Population_Served_Count": 229, "Service_Connections_Count": 92, "Service_Area_Type": "Mobile Home Park - Principal Residence", "Verification_Status": "", "Area_SqKM": 0.5423079198288447}, "geometry": {"type": "Point", "coordinates": [-81.84887209996609, 32.3709745499607]}}, {"type": "Feature", "properties": {"PWSID": "GA0310037", "PWS_Name": "FOREST HILLS SUBDIVISION", "Primacy_Agency": "GA", "Population_Served_Count": 215, "Service_Connections_Count": 89, "Service_Area_Type": "Subdivision", "Verification_Status": "", "Area_SqKM": 1.2042255706355596}, "geometry": {"type": "Point", "coordinates": [-81.82186217863256, 32.42867224919803]}}, {"type": "Feature", "properties": {"PWSID": "GA0310036", "PWS_Name": "COUNTRY CLUB HILLS/PINE FOREST", "Primacy_Agency": "GA", "Population_Served_Count": 250, "Service_Connections_Count": 96, "Service_Area_Type": "Subdivision", "Verification_Status": "", "Area_SqKM": 1.239806480942908}, "geometry": {"type": "Point", "coordinates": [-81.83200988947077, 32.432499269904866]}}, {"type": "Feature", "properties": {"PWSID": "GA0310025", "PWS_Name": "THE BARN MOBILE HOME PARK", "Primacy_Agency": "GA", "Population_Served_Count": 232, "Service_Connections_Count": 86, "Service_Area_Type": "Mobile Home Park - Principal Residence", "Verification_Status": "", "Area_SqKM": 0.03874857646594098}, "geometry": {"type": "Point", "coordinates": [-81.80633085006228, 32.41204030006874]}}, {"type": "Feature", "properties": {"PWSID": "GA0310015", "PWS_Name": "FOREST HEIGHTS SUBDIVISION", "Primacy_Agency": "GA", "Population_Served_Count": 835, "Service_Connections_Count": 370, "Service_Area_Type": "Subdivision", "Verification_Status": "", "Area_SqKM": 7.906849038993946}, "geometry": {"type": "Point", "coordinates": [-81.83079020369452, 32.41678468008254]}}, {"type": "Feature", "properties": {"PWSID": "GA0310004", "PWS_Name": "STATESBORO", "Primacy_Agency": "GA", "Population_Served_Count": 36846, "Service_Connections_Count": 14010, "Service_Area_Type": "Municipality", "Verification_Status": "", "Area_SqKM": 40.73541072750162}, "geometry": {"type": "Point", "coordinates": [-81.77527637407375, 32.44339451459026]}}, {"type": "Feature", "properties": {"PWSID": "GA0310003", "PWS_Name": "REGISTER WATER SYSTEM", "Primacy_Agency": "GA", "Population_Served_Count": 182, "Service_Connections_Count": 74, "Service_Area_Type": "Municipality", "Verification_Status": "", "Area_SqKM": 0.9824441132765759}, "geometry": {"type": "Point", "coordinates": [-81.88539860113086, 32.3656688760106]}}, {"type": "Feature", "properties": {"PWSID": "GA0250002", "PWS_Name": "NAHUNTA", "Primacy_Agency": "GA", "Population_Served_Count": 1315, "Service_Connections_Count": 638, "Service_Area_Type": "Municipality", "Verification_Status": "", "Area_SqKM": 5.100552763698977}, "geometry": {"type": "Point", "coordinates": [-81.9850862000335, 31.206714762207586]}}, {"type": "Feature", "properties": {"PWSID": "GA0010006", "PWS_Name": "GA BAPTIST CHILDREN`S HOME - BAXLEY", "Primacy_Agency": "GA", "Population_Served_Count": 58, "Service_Connections_Count": 15, "Service_Area_Type": "Other Residential", "Verification_Status": "", "Area_SqKM": 0.7452691411449497}, "geometry": {"type": "Point", "coordinates": [-82.24786739861383, 31.59810266673812]}}, {"type": "Feature", "properties": {"PWSID": "GA0010001", "PWS_Name": "SURRENCY", "Primacy_Agency": "GA", "Population_Served_Count": 491, "Service_Connections_Count": 184, "Service_Area_Type": "Municipality", "Verification_Status": "", "Area_SqKM": 2.2487621913955813}, "geometry": {"type": "Point", "coordinates": [-82.20084285216701, 31.718801898771172]}}, {"type": "Feature", "properties": {"PWSID": "GA1190002", "PWS_Name": "FRANKLIN SPRINGS", "Primacy_Agency": "GA", "Population_Served_Count": 702, "Service_Connections_Count": 370, "Service_Area_Type": "Municipality", "Verification_Status": "", "Area_SqKM": 1.0607123587918887}, "geometry": {"type": "Point", "coordinates": [-83.14112304764559, 34.28214699998667]}}, {"type": "Feature", "properties": {"PWSID": "GA1190004", "PWS_Name": "ROYSTON", "Primacy_Agency": "GA", "Population_Served_Count": 2800, "Service_Connections_Count": 1077, "Service_Area_Type": "Municipality", "Verification_Status": "", "Area_SqKM": 11.86987812644832}, "geometry": {"type": "Point", "coordinates": [-83.11861899251835, 34.289253463858586]}}, {"type": "Feature", "properties": {"PWSID": "GA1190051", "PWS_Name": "FRANKLIN COUNTY WATER SYSTEM", "Primacy_Agency": "GA", "Population_Served_Count": 5638, "Service_Connections_Count": 2150, "Service_Area_Type": "Residential Area", "Verification_Status": "", "Area_SqKM": 5.223720245203003}, "geometry": {"type": "Point", "coordinates": [-83.18088443574813, 34.37980619588334]}}, {"type": "Feature", "properties": {"PWSID": "GA1190052", "PWS_Name": "NAILS CREEK CROSSING", "Primacy_Agency": "GA", "Population_Served_Count": 89, "Service_Connections_Count": 33, "Service_Area_Type": "Subdivision", "Verification_Status": "", "Area_SqKM": 2.810337753628544}, "geometry": {"type": "Point", "coordinates": [-83.27349773572259, 34.28682391879541]}}, {"type": "Feature", "properties": {"PWSID": "GA1370000", "PWS_Name": "ALTO", "Primacy_Agency": "GA", "Population_Served_Count": 2737, "Service_Connections_Count": 1014, "Service_Area_Type": "Municipality", "Verification_Status": "", "Area_SqKM": 11.457311279133993}, "geometry": {"type": "Point", "coordinates": [-83.59843134109137, 34.45037590574871]}}, {"type": "Feature", "properties": {"PWSID": "GA1390002", "PWS_Name": "LULA", "Primacy_Agency": "GA", "Population_Served_Count": 3416, "Service_Connections_Count": 1265, "Service_Area_Type": "Municipality", "Verification_Status": "", "Area_SqKM": 10.934109073344285}, "geometry": {"type": "Point", "coordinates": [-83.67212926803418, 34.38512738832942]}}, {"type": "Feature", "properties": {"PWSID": "GA1390011", "PWS_Name": "LAKE SHORE FOREST SUBDIVISION", "Primacy_Agency": "GA", "Population_Served_Count": 284, "Service_Connections_Count": 105, "Service_Area_Type": "Subdivision", "Verification_Status": "", "Area_SqKM": 5.255766144299026}, "geometry": {"type": "Point", "coordinates": [-83.9807903933293, 34.41573059829161]}}, {"type": "Feature", "properties": {"PWSID": "GA1390127", "PWS_Name": "MOUNT SHORES CONDO ASSOCIATION", "Primacy_Agency": "GA", "Population_Served_Count": 219, "Service_Connections_Count": 84, "Service_Area_Type": "Subdivision", "Verification_Status": "", "Area_SqKM": 2.589398538391823}, "geometry": {"type": "Point", "coordinates": [-83.96772743006966, 34.420256378330855]}}, {"type": "Feature", "properties": {"PWSID": "GA1470000", "PWS_Name": "HARTWELL", "Primacy_Agency": "GA", "Population_Served_Count": 8129, "Service_Connections_Count": 2737, "Service_Area_Type": "Municipality", "Verification_Status": "", "Area_SqKM": 17.30064884709905}, "geometry": {"type": "Point", "coordinates": [-82.93618686835798, 34.35667135062435]}}, {"type": "Feature", "properties": {"PWSID": "GA1470077", "PWS_Name": "RIDGEVIEW ESTATES SD", "Primacy_Agency": "GA", "Population_Served_Count": 149, "Service_Connections_Count": 55, "Service_Area_Type": "Subdivision", "Verification_Status": "", "Area_SqKM": 2.272803482539509}, "geometry": {"type": "Point", "coordinates": [-83.08161091204072, 34.411730666238505]}}, {"type": "Feature", "properties": {"PWSID": "GA2210061", "PWS_Name": "PINE RIDGE SUBDIVISION", "Primacy_Agency": "GA", "Population_Served_Count": 313, "Service_Connections_Count": 116, "Service_Area_Type": "Subdivision", "Verification_Status": "", "Area_SqKM": 0.22681934854387253}, "geometry": {"type": "Point", "coordinates": [-83.22991812223752, 34.00511844441668]}}, {"type": "Feature", "properties": {"PWSID": "GA2210060", "PWS_Name": "THE ESTATES AT HAWKS LANDING WS", "Primacy_Agency": "GA", "Population_Served_Count": 157, "Service_Connections_Count": 58, "Service_Area_Type": "Subdivision", "Verification_Status": "", "Area_SqKM": 11.45298555142406}, "geometry": {"type": "Point", "coordinates": [-83.15047350103647, 33.971224480132605]}}, {"type": "Feature", "properties": {"PWSID": "GA2210056", "PWS_Name": "OAKWOOD SUBDIVISION", "Primacy_Agency": "GA", "Population_Served_Count": 122, "Service_Connections_Count": 48, "Service_Area_Type": "Subdivision", "Verification_Status": "", "Area_SqKM": 0.14697077274838635}, "geometry": {"type": "Point", "coordinates": [-83.17692027992534, 33.92668745998557]}}, {"type": "Feature", "properties": {"PWSID": "GA2210055", "PWS_Name": "FARM JUNCTION SUBDIVISION", "Primacy_Agency": "GA", "Population_Served_Count": 122, "Service_Connections_Count": 45, "Service_Area_Type": "Subdivision", "Verification_Status": "", "Area_SqKM": 9.51249506039944}, "geometry": {"type": "Point", "coordinates": [-83.19709831937465, 33.984951792249404]}}, {"type": "Feature", "properties": {"PWSID": "GA2210053", "PWS_Name": "WINTHORPE / PECAN RIDGE SUBDIVISION", "Primacy_Agency": "GA", "Population_Served_Count": 103, "Service_Connections_Count": 38, "Service_Area_Type": "Subdivision", "Verification_Status": "", "Area_SqKM": 1.0209293165266369}, "geometry": {"type": "Point", "coordinates": [-83.28251489997281, 33.97626399390688]}}, {"type": "Feature", "properties": {"PWSID": "GA2210052", "PWS_Name": "SULFUR SPRINGS COMMUNITY PWS", "Primacy_Agency": "GA", "Population_Served_Count": 51, "Service_Connections_Count": 19, "Service_Area_Type": "Residential Area", "Verification_Status": "", "Area_SqKM": 0.06849220962189004}, "geometry": {"type": "Point", "coordinates": [-83.2653292055849, 33.99864413889699]}}, {"type": "Feature", "properties": {"PWSID": "GA2210050", "PWS_Name": "MEYER`S LAKE SUBDIVISION", "Primacy_Agency": "GA", "Population_Served_Count": 59, "Service_Connections_Count": 22, "Service_Area_Type": "Subdivision", "Verification_Status": "", "Area_SqKM": 1.6288973758280314}, "geometry": {"type": "Point", "coordinates": [-83.27286856656535, 33.9637646413845]}}, {"type": "Feature", "properties": {"PWSID": "GA2210004", "PWS_Name": "ARNOLDSVILLE", "Primacy_Agency": "GA", "Population_Served_Count": 1391, "Service_Connections_Count": 535, "Service_Area_Type": "Municipality", "Verification_Status": "", "Area_SqKM": 3.095666872749879}, "geometry": {"type": "Point", "coordinates": [-83.21653545717267, 33.90995405721289]}}, {"type": "Feature", "properties": {"PWSID": "GA2190045", "PWS_Name": "ELDER HEIGHTS SUBDIVISION", "Primacy_Agency": "GA", "Population_Served_Count": 154, "Service_Connections_Count": 57, "Service_Area_Type": "Subdivision", "Verification_Status": "", "Area_SqKM": 0.11551685719888954}, "geometry": {"type": "Point", "coordinates": [-83.49119242895105, 33.83785674793869]}}, {"type": "Feature", "properties": {"PWSID": "GA2190035", "PWS_Name": "PINEHILL SUBDIVISION", "Primacy_Agency": "GA", "Population_Served_Count": 96, "Service_Connections_Count": 37, "Service_Area_Type": "Subdivision", "Verification_Status": "", "Area_SqKM": 0.059788048742450924}, "geometry": {"type": "Point", "coordinates": [-83.33823518940589, 33.83914618410564]}}, {"type": "Feature", "properties": {"PWSID": "GA2190026", "PWS_Name": "KILLARNEY WEST SUBDIVISION", "Primacy_Agency": "GA", "Population_Served_Count": 103, "Service_Connections_Count": 38, "Service_Area_Type": "Subdivision", "Verification_Status": "", "Area_SqKM": 0.10056231426186046}, "geometry": {"type": "Point", "coordinates": [-83.43570626549386, 33.87107744234163]}}, {"type": "Feature", "properties": {"PWSID": "GA2190023", "PWS_Name": "BIRCHMORE HILLS SUBDIVISION", "Primacy_Agency": "GA", "Population_Served_Count": 86, "Service_Connections_Count": 33, "Service_Area_Type": "Subdivision", "Verification_Status": "", "Area_SqKM": 0.2514258694237517}, "geometry": {"type": "Point", "coordinates": [-83.44303305391047, 33.90902775594679]}}, {"type": "Feature", "properties": {"PWSID": "GA2190015", "PWS_Name": "WOODLANDS SUBDIVISION/OCONEE VILLAGE APT", "Primacy_Agency": "GA", "Population_Served_Count": 234, "Service_Connections_Count": 87, "Service_Area_Type": "Subdivision", "Verification_Status": "", "Area_SqKM": 1.253499276017109}, "geometry": {"type": "Point", "coordinates": [-83.44628765953652, 33.881003248672435]}}, {"type": "Feature", "properties": {"PWSID": "GA0310208", "PWS_Name": "AMBERWOOD SUBDIVISION", "Primacy_Agency": "GA", "Population_Served_Count": 434, "Service_Connections_Count": 167, "Service_Area_Type": "Subdivision", "Verification_Status": "", "Area_SqKM": 0.08598343182964696}, "geometry": {"type": "Point", "coordinates": [-81.74726755794659, 32.38933167369879]}}, {"type": "Feature", "properties": {"PWSID": "GA0310205", "PWS_Name": "BRADFORD PLACE", "Primacy_Agency": "GA", "Population_Served_Count": 245, "Service_Connections_Count": 94, "Service_Area_Type": "Subdivision", "Verification_Status": "", "Area_SqKM": 0.2119990649245629}, "geometry": {"type": "Point", "coordinates": [-81.75078251763433, 32.415315935323946]}}, {"type": "Feature", "properties": {"PWSID": "GA0310170", "PWS_Name": "HODGES SUBDIVISION", "Primacy_Agency": "GA", "Population_Served_Count": 44, "Service_Connections_Count": 42, "Service_Area_Type": "Subdivision", "Verification_Status": "", "Area_SqKM": 0.1502043402089008}, "geometry": {"type": "Point", "coordinates": [-81.82157818438927, 32.448617278496975]}}, {"type": "Feature", "properties": {"PWSID": "GA0310168", "PWS_Name": "MEADOW LAKES PLANTATION SUBDIVISION", "Primacy_Agency": "GA", "Population_Served_Count": 429, "Service_Connections_Count": 165, "Service_Area_Type": "Subdivision", "Verification_Status": "", "Area_SqKM": 0.13648218969955508}, "geometry": {"type": "Point", "coordinates": [-81.77372160002909, 32.36289012301639]}}, {"type": "Feature", "properties": {"PWSID": "GA1950060", "PWS_Name": "MADISON COUNTY WATER SYSTEM", "Primacy_Agency": "GA", "Population_Served_Count": 4663, "Service_Connections_Count": 1727, "Service_Area_Type": "Municipality", "Verification_Status": "", "Area_SqKM": 2.2725886202298837}, "geometry": {"type": "Point", "coordinates": [-83.21673925444081, 34.120725842576164]}}, {"type": "Feature", "properties": {"PWSID": "GA1950052", "PWS_Name": "W & R FARMS MOBILE HOME PARK", "Primacy_Agency": "GA", "Population_Served_Count": 130, "Service_Connections_Count": 48, "Service_Area_Type": "Mobile Home Park - Principal Residence", "Verification_Status": "", "Area_SqKM": 0.10080385519544867}, "geometry": {"type": "Point", "coordinates": [-83.3034715521353, 34.02764493480675]}}, {"type": "Feature", "properties": {"PWSID": "GA0650004", "PWS_Name": "DUPONT WATER SYSTEM", "Primacy_Agency": "GA", "Population_Served_Count": 120, "Service_Connections_Count": 29, "Service_Area_Type": "Municipality", "Verification_Status": "", "Area_SqKM": 0.5849232141202544}, "geometry": {"type": "Point", "coordinates": [-82.86846862889784, 30.992803240364243]}}, {"type": "Feature", "properties": {"PWSID": "GA1950001", "PWS_Name": "COLBERT WATER SYSTEM", "Primacy_Agency": "GA", "Population_Served_Count": 1374, "Service_Connections_Count": 537, "Service_Area_Type": "Municipality", "Verification_Status": "", "Area_SqKM": 3.5972054408449945}, "geometry": {"type": "Point", "coordinates": [-83.20419123135707, 34.03900128105713]}}, {"type": "Feature", "properties": {"PWSID": "GA0030000", "PWS_Name": "PEARSON", "Primacy_Agency": "GA", "Population_Served_Count": 2200, "Service_Connections_Count": 825, "Service_Area_Type": "Municipality", "Verification_Status": "", "Area_SqKM": 6.3692618423911265}, "geometry": {"type": "Point", "coordinates": [-82.85104963048349, 31.296651070707473]}}, {"type": "Feature", "properties": {"PWSID": "GA0030004", "PWS_Name": "HERITAGE HILLS", "Primacy_Agency": "GA", "Population_Served_Count": 132, "Service_Connections_Count": 41, "Service_Area_Type": "Subdivision", "Verification_Status": "", "Area_SqKM": 0.06280644003753899}, "geometry": {"type": "Point", "coordinates": [-82.92973531525715, 31.398017076706846]}}, {"type": "Feature", "properties": {"PWSID": "GA0030005", "PWS_Name": "THE OAKS SUBDIVISION", "Primacy_Agency": "GA", "Population_Served_Count": 58, "Service_Connections_Count": 21, "Service_Area_Type": "Subdivision", "Verification_Status": "", "Area_SqKM": 7.034895082896758}, "geometry": {"type": "Point", "coordinates": [-82.86273504259734, 31.388699207109845]}}, {"type": "Feature", "properties": {"PWSID": "GA0030006", "PWS_Name": "TRIPLE O MOBILE HOME PARK", "Primacy_Agency": "GA", "Population_Served_Count": 73, "Service_Connections_Count": 28, "Service_Area_Type": "Mobile Home Park", "Verification_Status": "", "Area_SqKM": 0.11179997541543274}, "geometry": {"type": "Point", "coordinates": [-82.85338477399239, 31.261309529925104]}}, {"type": "Feature", "properties": {"PWSID": "GA0690002", "PWS_Name": "DOUGLAS", "Primacy_Agency": "GA", "Population_Served_Count": 12706, "Service_Connections_Count": 6570, "Service_Area_Type": "Municipality", "Verification_Status": "", "Area_SqKM": 32.01850688624227}, "geometry": {"type": "Point", "coordinates": [-82.85141770156362, 31.49713176437925]}}, {"type": "Feature", "properties": {"PWSID": "GA0470002", "PWS_Name": "RINGGOLD", "Primacy_Agency": "GA", "Population_Served_Count": 2743, "Service_Connections_Count": 1281, "Service_Area_Type": "Municipality", "Verification_Status": "", "Area_SqKM": 66.26318476396767}, "geometry": {"type": "Point", "coordinates": [-85.13015966579593, 34.92419395444176]}}, {"type": "Feature", "properties": {"PWSID": "GA1110000", "PWS_Name": "BLUE RIDGE WATER SYSTEM", "Primacy_Agency": "GA", "Population_Served_Count": 6112, "Service_Connections_Count": 2695, "Service_Area_Type": "Municipality", "Verification_Status": "", "Area_SqKM": 22.572249384426062}, "geometry": {"type": "Point", "coordinates": [-84.30273807626425, 34.87850255094626]}}, {"type": "Feature", "properties": {"PWSID": "GA0690009", "PWS_Name": "HILLSIDE TRAILER PARK", "Primacy_Agency": "GA", "Population_Served_Count": 185, "Service_Connections_Count": 70, "Service_Area_Type": "Mobile Home Park - Principal Residence", "Verification_Status": "", "Area_SqKM": 0.46340095552251914}, "geometry": {"type": "Point", "coordinates": [-82.88094836103087, 31.5159191695425]}}, {"type": "Feature", "properties": {"PWSID": "GA0690011", "PWS_Name": "TOWN & COUNTRY TRAILER PARK", "Primacy_Agency": "GA", "Population_Served_Count": 203, "Service_Connections_Count": 75, "Service_Area_Type": "Mobile Home Park - Principal Residence", "Verification_Status": "", "Area_SqKM": 2.362068869298234}, "geometry": {"type": "Point", "coordinates": [-82.86614353421521, 31.525586502566068]}}, {"type": "Feature", "properties": {"PWSID": "GA0250000", "PWS_Name": "HOBOKEN", "Primacy_Agency": "GA", "Population_Served_Count": 528, "Service_Connections_Count": 195, "Service_Area_Type": "Municipality", "Verification_Status": "", "Area_SqKM": 2.3202516672829288}, "geometry": {"type": "Point", "coordinates": [-82.13740618148653, 31.18716033701509]}}, {"type": "Feature", "properties": {"PWSID": "GA0690031", "PWS_Name": "BAY MEADOWS ESTATES", "Primacy_Agency": "GA", "Population_Served_Count": 1674, "Service_Connections_Count": 537, "Service_Area_Type": "Subdivision", "Verification_Status": "", "Area_SqKM": 2.3010108144093153}, "geometry": {"type": "Point", "coordinates": [-82.91986693913825, 31.457605550006]}}, {"type": "Feature", "properties": {"PWSID": "GA0690037", "PWS_Name": "GREENETREE LAKES", "Primacy_Agency": "GA", "Population_Served_Count": 247, "Service_Connections_Count": 95, "Service_Area_Type": "Subdivision", "Verification_Status": "", "Area_SqKM": 0.049900864146141116}, "geometry": {"type": "Point", "coordinates": [-82.85558292228741, 31.569262166709148]}}, {"type": "Feature", "properties": {"PWSID": "GA0690040", "PWS_Name": "BEAR CREEK MOBILE HOME PARK", "Primacy_Agency": "GA", "Population_Served_Count": 243, "Service_Connections_Count": 90, "Service_Area_Type": "Mobile Home Park - Principal Residence", "Verification_Status": "", "Area_SqKM": 3.433221930748708}, "geometry": {"type": "Point", "coordinates": [-82.88930849004866, 31.439090397819555]}}, {"type": "Feature", "properties": {"PWSID": "GA0690054", "PWS_Name": "CHEROKEE HEIGHTS MHP", "Primacy_Agency": "GA", "Population_Served_Count": 60, "Service_Connections_Count": 23, "Service_Area_Type": "Mobile Home Park - Principal Residence", "Verification_Status": "", "Area_SqKM": 0.953343265047925}, "geometry": {"type": "Point", "coordinates": [-82.8759271101043, 31.494421050356284]}}, {"type": "Feature", "properties": {"PWSID": "GA0690059", "PWS_Name": "T & H MOBILE HOME PARK", "Primacy_Agency": "GA", "Population_Served_Count": 324, "Service_Connections_Count": 120, "Service_Area_Type": "Mobile Home Park - Principal Residence", "Verification_Status": "", "Area_SqKM": 0.40677478731341243}, "geometry": {"type": "Point", "coordinates": [-82.8726874142871, 31.438879340637712]}}, {"type": "Feature", "properties": {"PWSID": "GA0690063", "PWS_Name": "POWELL MOBILE HOME PARK", "Primacy_Agency": "GA", "Population_Served_Count": 71, "Service_Connections_Count": 26, "Service_Area_Type": "Mobile Home Park - Principal Residence", "Verification_Status": "", "Area_SqKM": 0.03595487670272752}, "geometry": {"type": "Point", "coordinates": [-82.92235545751224, 31.53817912126267]}}, {"type": "Feature", "properties": {"PWSID": "GA1870086", "PWS_Name": "MILL CREEK STATION", "Primacy_Agency": "GA", "Population_Served_Count": 205, "Service_Connections_Count": 76, "Service_Area_Type": "Subdivision", "Verification_Status": "", "Area_SqKM": 0.0025333191939778425}, "geometry": {"type": "Point", "coordinates": [-84.11491330021241, 34.5019804198976]}}, {"type": "Feature", "properties": {"PWSID": "GA0690066", "PWS_Name": "COTTON HILL ESTATES MOBILE HOME PARK", "Primacy_Agency": "GA", "Population_Served_Count": 54, "Service_Connections_Count": 20, "Service_Area_Type": "Mobile Home Park - Principal Residence", "Verification_Status": "", "Area_SqKM": 0.021420222962849074}, "geometry": {"type": "Point", "coordinates": [-82.87246536666187, 31.44199371428243]}}, {"type": "Feature", "properties": {"PWSID": "GA0690075", "PWS_Name": "KINGSRIDGE SUBDIVISION", "Primacy_Agency": "GA", "Population_Served_Count": 57, "Service_Connections_Count": 22, "Service_Area_Type": "Subdivision", "Verification_Status": "", "Area_SqKM": 1.4279784217463574}, "geometry": {"type": "Point", "coordinates": [-82.85666602788474, 31.57427331148812]}}, {"type": "Feature", "properties": {"PWSID": "GA0690083", "PWS_Name": "UPTON JUNCTION PHASE 11", "Primacy_Agency": "GA", "Population_Served_Count": 185, "Service_Connections_Count": 71, "Service_Area_Type": "Subdivision", "Verification_Status": "", "Area_SqKM": 0.4963584368929064}, "geometry": {"type": "Point", "coordinates": [-82.90388563053548, 31.51954077084034]}}, {"type": "Feature", "properties": {"PWSID": "GA0690084", "PWS_Name": "CROSSWINDS SUBDIVISION", "Primacy_Agency": "GA", "Population_Served_Count": 65, "Service_Connections_Count": 24, "Service_Area_Type": "Subdivision", "Verification_Status": "", "Area_SqKM": 0.09114940576507176}, "geometry": {"type": "Point", "coordinates": [-82.91652690987743, 31.491334246900283]}}, {"type": "Feature", "properties": {"PWSID": "GA1750002", "PWS_Name": "DUBLIN", "Primacy_Agency": "GA", "Population_Served_Count": 17500, "Service_Connections_Count": 7604, "Service_Area_Type": "Municipality", "Verification_Status": "", "Area_SqKM": 35.452030478825236}, "geometry": {"type": "Point", "coordinates": [-82.92613708035901, 32.54636751138242]}}, {"type": "Feature", "properties": {"PWSID": "GA1750004", "PWS_Name": "EAST DUBLIN", "Primacy_Agency": "GA", "Population_Served_Count": 4536, "Service_Connections_Count": 1055, "Service_Area_Type": "Municipality", "Verification_Status": "", "Area_SqKM": 7.595182914522995}, "geometry": {"type": "Point", "coordinates": [-82.86393296461334, 32.54975875505653]}}, {"type": "Feature", "properties": {"PWSID": "GA2710003", "PWS_Name": "MCRAE-HELENA", "Primacy_Agency": "GA", "Population_Served_Count": 7857, "Service_Connections_Count": 1986, "Service_Area_Type": "Municipality", "Verification_Status": "", "Area_SqKM": 10.991068021546669}, "geometry": {"type": "Point", "coordinates": [-82.9046933507106, 32.06808027257567]}}, {"type": "Feature", "properties": {"PWSID": "GA0470001", "PWS_Name": "FORT OGLETHORPE", "Primacy_Agency": "GA", "Population_Served_Count": 8800, "Service_Connections_Count": 3400, "Service_Area_Type": "Municipality", "Verification_Status": "", "Area_SqKM": 43.46436826142913}, "geometry": {"type": "Point", "coordinates": [-85.2392518158758, 34.953160633414726]}}, {"type": "Feature", "properties": {"PWSID": "GA1110064", "PWS_Name": "COOPERS CREEK ESTATES", "Primacy_Agency": "GA", "Population_Served_Count": 83, "Service_Connections_Count": 32, "Service_Area_Type": "Subdivision", "Verification_Status": "", "Area_SqKM": 44.02784464390319}, "geometry": {"type": "Point", "coordinates": [-84.1204313146953, 34.76110884799599]}}, {"type": "Feature", "properties": {"PWSID": "GA1110074", "PWS_Name": "BEAR TRACK", "Primacy_Agency": "GA", "Population_Served_Count": 62, "Service_Connections_Count": 23, "Service_Area_Type": "Subdivision", "Verification_Status": "", "Area_SqKM": 1.6877220163613313}, "geometry": {"type": "Point", "coordinates": [-84.3442583196766, 34.9318792378785]}}, {"type": "Feature", "properties": {"PWSID": "GA1110087", "PWS_Name": "LAUREL SPRINGS SUBDIVISION", "Primacy_Agency": "GA", "Population_Served_Count": 67, "Service_Connections_Count": 26, "Service_Area_Type": "Subdivision", "Verification_Status": "", "Area_SqKM": 0.5803585851418293}, "geometry": {"type": "Point", "coordinates": [-84.27202719614908, 34.98223837703596]}}, {"type": "Feature", "properties": {"PWSID": "GA1110126", "PWS_Name": "FANNIN COUNTY, GEFA - RIVERWALK", "Primacy_Agency": "GA", "Population_Served_Count": 187, "Service_Connections_Count": 72, "Service_Area_Type": "Subdivision", "Verification_Status": "", "Area_SqKM": 0.6192334846547513}, "geometry": {"type": "Point", "coordinates": [-84.33102620003771, 34.862703033298075]}}, {"type": "Feature", "properties": {"PWSID": "GA1110127", "PWS_Name": "FANNIN COUNTY - LAKESIDE", "Primacy_Agency": "GA", "Population_Served_Count": 50, "Service_Connections_Count": 20, "Service_Area_Type": "Residential Area", "Verification_Status": "", "Area_SqKM": 0.24050937321402888}, "geometry": {"type": "Point", "coordinates": [-84.33254839997434, 34.87402340302757]}}, {"type": "Feature", "properties": {"PWSID": "GA1230004", "PWS_Name": "WALNUT MOUNTAIN S/D  POA", "Primacy_Agency": "GA", "Population_Served_Count": 1105, "Service_Connections_Count": 425, "Service_Area_Type": "Residential Area", "Verification_Status": "", "Area_SqKM": 2.6314504298649615}, "geometry": {"type": "Point", "coordinates": [-84.43404589262408, 34.71207251536484]}}, {"type": "Feature", "properties": {"PWSID": "GA0650000", "PWS_Name": "HOMERVILLE", "Primacy_Agency": "GA", "Population_Served_Count": 3210, "Service_Connections_Count": 1368, "Service_Area_Type": "Municipality", "Verification_Status": "", "Area_SqKM": 11.713795834950382}, "geometry": {"type": "Point", "coordinates": [-82.75297632320797, 31.042275522834792]}}, {"type": "Feature", "properties": {"PWSID": "GA0650001", "PWS_Name": "FARGO", "Primacy_Agency": "GA", "Population_Served_Count": 392, "Service_Connections_Count": 173, "Service_Area_Type": "Residential Area", "Verification_Status": "", "Area_SqKM": 1.1239560579406709}, "geometry": {"type": "Point", "coordinates": [-82.57774171432945, 30.680186240495335]}}, {"type": "Feature", "properties": {"PWSID": "GA0510249", "PWS_Name": "ARGYLE VILLAGE SUBDIVISION", "Primacy_Agency": "GA", "Population_Served_Count": 57, "Service_Connections_Count": 22, "Service_Area_Type": "Subdivision", "Verification_Status": "", "Area_SqKM": 0.4156796353586842}, "geometry": {"type": "Point", "coordinates": [-82.65093197705639, 31.070282572222645]}}, {"type": "Feature", "properties": {"PWSID": "GA0650013", "PWS_Name": "ARGYLE", "Primacy_Agency": "GA", "Population_Served_Count": 173, "Service_Connections_Count": 67, "Service_Area_Type": "Municipality", "Verification_Status": "", "Area_SqKM": 0.4156796353586842}, "geometry": {"type": "Point", "coordinates": [-82.65093197705639, 31.070282572222645]}}, {"type": "Feature", "properties": {"PWSID": "GA0690034", "PWS_Name": "SHADY PINES MOBILE HOME PARK", "Primacy_Agency": "GA", "Population_Served_Count": 189, "Service_Connections_Count": 70, "Service_Area_Type": "Mobile Home Park - Principal Residence", "Verification_Status": "", "Area_SqKM": 0.007670641507895298}, "geometry": {"type": "Point", "coordinates": [-82.80743331427325, 31.502391142761294]}}, {"type": "Feature", "properties": {"PWSID": "GA0690035", "PWS_Name": "COUNTRY MEADOWS S/D", "Primacy_Agency": "GA", "Population_Served_Count": 265, "Service_Connections_Count": 98, "Service_Area_Type": "Residential Area", "Verification_Status": "", "Area_SqKM": 7.682005581193052}, "geometry": {"type": "Point", "coordinates": [-82.74966375000352, 31.44136708530367]}}, {"type": "Feature", "properties": {"PWSID": "GA1230076", "PWS_Name": "LAKE BUCKHORN", "Primacy_Agency": "GA", "Population_Served_Count": 164, "Service_Connections_Count": 63, "Service_Area_Type": "Subdivision", "Verification_Status": "", "Area_SqKM": 0.4994376113008864}, "geometry": {"type": "Point", "coordinates": [-84.44002439234261, 34.781570089743134]}}, {"type": "Feature", "properties": {"PWSID": "GA1290021", "PWS_Name": "TALKING ROCK CREEK PROPERTIES", "Primacy_Agency": "GA", "Population_Served_Count": 650, "Service_Connections_Count": 300, "Service_Area_Type": "Subdivision", "Verification_Status": "", "Area_SqKM": 4.434717150149122}, "geometry": {"type": "Point", "coordinates": [-84.671993500294, 34.572909232751854]}}, {"type": "Feature", "properties": {"PWSID": "GA1870079", "PWS_Name": "LUMPKIN CO. - GREENWOOD PARK S/D", "Primacy_Agency": "GA", "Population_Served_Count": 190, "Service_Connections_Count": 73, "Service_Area_Type": "Subdivision", "Verification_Status": "", "Area_SqKM": 0.13229291270107435}, "geometry": {"type": "Point", "coordinates": [-84.22149737720257, 34.52787614430131]}}, {"type": "Feature", "properties": {"PWSID": "GA0690038", "PWS_Name": "PLANTATION ESTATES MHP", "Primacy_Agency": "GA", "Population_Served_Count": 91, "Service_Connections_Count": 35, "Service_Area_Type": "Mobile Home Park - Principal Residence", "Verification_Status": "", "Area_SqKM": 0.3218916108649459}, "geometry": {"type": "Point", "coordinates": [-82.8407226370211, 31.46111120375308]}}, {"type": "Feature", "properties": {"PWSID": "GA0690039", "PWS_Name": "SLEEPY HOLLOW MOBILE HOME PARK", "Primacy_Agency": "GA", "Population_Served_Count": 233, "Service_Connections_Count": 86, "Service_Area_Type": "Mobile Home Park - Principal Residence", "Verification_Status": "", "Area_SqKM": 0.7654033835195556}, "geometry": {"type": "Point", "coordinates": [-82.81856152992013, 31.44497489482182]}}, {"type": "Feature", "properties": {"PWSID": "GA0690071", "PWS_Name": "SOUTH POINTE S/D", "Primacy_Agency": "GA", "Population_Served_Count": 60, "Service_Connections_Count": 22, "Service_Area_Type": "Subdivision", "Verification_Status": "", "Area_SqKM": 0.017507436543764337}, "geometry": {"type": "Point", "coordinates": [-82.845638141637, 31.449059041688955]}}, {"type": "Feature", "properties": {"PWSID": "GA0690077", "PWS_Name": "GREENFIELD SUBDIVISION", "Primacy_Agency": "GA", "Population_Served_Count": 44, "Service_Connections_Count": 17, "Service_Area_Type": "Subdivision", "Verification_Status": "", "Area_SqKM": 0.35162268973404875}, "geometry": {"type": "Point", "coordinates": [-82.82308350382881, 31.389628846193503]}}, {"type": "Feature", "properties": {"PWSID": "GA1070000", "PWS_Name": "ADRIAN", "Primacy_Agency": "GA", "Population_Served_Count": 702, "Service_Connections_Count": 265, "Service_Area_Type": "Municipality", "Verification_Status": "", "Area_SqKM": 2.3079440652362537}, "geometry": {"type": "Point", "coordinates": [-82.58961753814692, 32.53219367420958]}}, {"type": "Feature", "properties": {"PWSID": "GA1610023", "PWS_Name": "PINE TREE MOBILE HOME PARK", "Primacy_Agency": "GA", "Population_Served_Count": 122, "Service_Connections_Count": 47, "Service_Area_Type": "Mobile Home Park - Principal Residence", "Verification_Status": "", "Area_SqKM": 0.35739319710313766}, "geometry": {"type": "Point", "coordinates": [-82.61588460006557, 31.900350918174414]}}, {"type": "Feature", "properties": {"PWSID": "GA1670001", "PWS_Name": "SCOTT WATER & SEWER AUTHORITY", "Primacy_Agency": "GA", "Population_Served_Count": 238, "Service_Connections_Count": 55, "Service_Area_Type": "Municipality", "Verification_Status": "", "Area_SqKM": 0.2683861480502972}, "geometry": {"type": "Point", "coordinates": [-82.66902333179948, 32.553327346347295]}}, {"type": "Feature", "properties": {"PWSID": "GA1750126", "PWS_Name": "ST. CHARLES SUBDIVISION", "Primacy_Agency": "GA", "Population_Served_Count": 84, "Service_Connections_Count": 31, "Service_Area_Type": "Subdivision", "Verification_Status": "", "Area_SqKM": 0.024891059931247062}, "geometry": {"type": "Point", "coordinates": [-82.82129095018963, 32.57035353332793]}}, {"type": "Feature", "properties": {"PWSID": "GA2090000", "PWS_Name": "AILEY", "Primacy_Agency": "GA", "Population_Served_Count": 537, "Service_Connections_Count": 190, "Service_Area_Type": "Municipality", "Verification_Status": "", "Area_SqKM": 1.1333948464860018}, "geometry": {"type": "Point", "coordinates": [-82.56884295644285, 32.1849343880781]}}, {"type": "Feature", "properties": {"PWSID": "GA0490020", "PWS_Name": "HOMELAND ROBIN LANE WATER SYSTEM", "Primacy_Agency": "GA", "Population_Served_Count": 35, "Service_Connections_Count": 13, "Service_Area_Type": "Residential Area", "Verification_Status": "", "Area_SqKM": 0.12397821598857829}, "geometry": {"type": "Point", "coordinates": [-82.0350508545362, 30.523348709046022]}}, {"type": "Feature", "properties": {"PWSID": "GA2090003", "PWS_Name": "MOUNT VERNON", "Primacy_Agency": "GA", "Population_Served_Count": 3243, "Service_Connections_Count": 988, "Service_Area_Type": "Municipality", "Verification_Status": "", "Area_SqKM": 6.569201513869209}, "geometry": {"type": "Point", "coordinates": [-82.59354848801577, 32.185228097882785]}}, {"type": "Feature", "properties": {"PWSID": "GA2090004", "PWS_Name": "TARRYTOWN", "Primacy_Agency": "GA", "Population_Served_Count": 115, "Service_Connections_Count": 42, "Service_Area_Type": "Municipality", "Verification_Status": "", "Area_SqKM": 0.10324542825831659}, "geometry": {"type": "Point", "coordinates": [-82.55975225218997, 32.32063054784222]}}, {"type": "Feature", "properties": {"PWSID": "GA2710002", "PWS_Name": "LUMBER CITY", "Primacy_Agency": "GA", "Population_Served_Count": 977, "Service_Connections_Count": 377, "Service_Area_Type": "Municipality", "Verification_Status": "", "Area_SqKM": 5.004260083541729}, "geometry": {"type": "Point", "coordinates": [-82.68128481388206, 31.93228298235966]}}, {"type": "Feature", "properties": {"PWSID": "GA3090000", "PWS_Name": "ALAMO", "Primacy_Agency": "GA", "Population_Served_Count": 3730, "Service_Connections_Count": 384, "Service_Area_Type": "Municipality", "Verification_Status": "", "Area_SqKM": 3.9814971468316847}, "geometry": {"type": "Point", "coordinates": [-82.77685483930895, 32.14616524921567]}}, {"type": "Feature", "properties": {"PWSID": "GA3090001", "PWS_Name": "GLENWOOD", "Primacy_Agency": "GA", "Population_Served_Count": 1034, "Service_Connections_Count": 375, "Service_Area_Type": "Municipality", "Verification_Status": "", "Area_SqKM": 3.9687389922977547}, "geometry": {"type": "Point", "coordinates": [-82.67114251954926, 32.178225702508705]}}, {"type": "Feature", "properties": {"PWSID": "GA0050007", "PWS_Name": "HIGHLAND PARK SUBDIVISION", "Primacy_Agency": "GA", "Population_Served_Count": 65, "Service_Connections_Count": 24, "Service_Area_Type": "Subdivision", "Verification_Status": "", "Area_SqKM": 0.037105812215346645}, "geometry": {"type": "Point", "coordinates": [-82.45993759093662, 31.59812377278323]}}, {"type": "Feature", "properties": {"PWSID": "GA1610021", "PWS_Name": "LAKE OWL HEAD SUBDIVISION", "Primacy_Agency": "GA", "Population_Served_Count": 161, "Service_Connections_Count": 65, "Service_Area_Type": "Subdivision", "Verification_Status": "", "Area_SqKM": 0.02880242622271444}, "geometry": {"type": "Point", "coordinates": [-82.54408406433811, 31.90019913566784]}}, {"type": "Feature", "properties": {"PWSID": "GA2090001", "PWS_Name": "ALSTON", "Primacy_Agency": "GA", "Population_Served_Count": 210, "Service_Connections_Count": 85, "Service_Area_Type": "Municipality", "Verification_Status": "", "Area_SqKM": 0.46442453015737967}, "geometry": {"type": "Point", "coordinates": [-82.47770691251024, 32.07902132498656]}}, {"type": "Feature", "properties": {"PWSID": "GA2090002", "PWS_Name": "CHARLOTTE WATER ASSOCIATION", "Primacy_Agency": "GA", "Population_Served_Count": 84, "Service_Connections_Count": 25, "Service_Area_Type": "Homeowners Association", "Verification_Status": "", "Area_SqKM": 0.24552233044470487}, "geometry": {"type": "Point", "coordinates": [-82.52301592778348, 32.01074014944977]}}, {"type": "Feature", "properties": {"PWSID": "GA2090005", "PWS_Name": "UVALDA", "Primacy_Agency": "GA", "Population_Served_Count": 747, "Service_Connections_Count": 270, "Service_Area_Type": "Municipality", "Verification_Status": "", "Area_SqKM": 3.1637290640997353}, "geometry": {"type": "Point", "coordinates": [-82.50763266991913, 32.037579923753526]}}, {"type": "Feature", "properties": {"PWSID": "GA2090007", "PWS_Name": "WILLIAMS MOBILE HOME PARK", "Primacy_Agency": "GA", "Population_Served_Count": 62, "Service_Connections_Count": 23, "Service_Area_Type": "Mobile Home Park - Principal Residence", "Verification_Status": "", "Area_SqKM": 0.07396386675832142}, "geometry": {"type": "Point", "coordinates": [-82.49020805839449, 32.2268751167551]}}, {"type": "Feature", "properties": {"PWSID": "GA2090014", "PWS_Name": "LAZY RIVER ESTATES", "Primacy_Agency": "GA", "Population_Served_Count": 105, "Service_Connections_Count": 39, "Service_Area_Type": "Subdivision", "Verification_Status": "", "Area_SqKM": 0.055537139015887596}, "geometry": {"type": "Point", "coordinates": [-82.548887364634, 31.98214657063773]}}, {"type": "Feature", "properties": {"PWSID": "GA2090015", "PWS_Name": "WILDWOOD", "Primacy_Agency": "GA", "Population_Served_Count": 125, "Service_Connections_Count": 46, "Service_Area_Type": "Mobile Home Park - Principal Residence", "Verification_Status": "", "Area_SqKM": 0.12967958638842395}, "geometry": {"type": "Point", "coordinates": [-82.44996296951092, 32.225201026069136]}}, {"type": "Feature", "properties": {"PWSID": "GA2090018", "PWS_Name": "THREE RIVERS ESTATES", "Primacy_Agency": "GA", "Population_Served_Count": 138, "Service_Connections_Count": 51, "Service_Area_Type": "Mobile Home Park - Principal Residence", "Verification_Status": "", "Area_SqKM": 6.092971536136113}, "geometry": {"type": "Point", "coordinates": [-82.53367377623452, 31.96939355208426]}}, {"type": "Feature", "properties": {"PWSID": "GA2290032", "PWS_Name": "SATILLA HILLS SUBDIVISION", "Primacy_Agency": "GA", "Population_Served_Count": 63, "Service_Connections_Count": 23, "Service_Area_Type": "Subdivision", "Verification_Status": "", "Area_SqKM": 0.5050196838367237}, "geometry": {"type": "Point", "coordinates": [-82.38256790219052, 31.317100337000184]}}, {"type": "Feature", "properties": {"PWSID": "GA3110090", "PWS_Name": "SKY MOUNTAIN ESTATES S/D, HOA", "Primacy_Agency": "GA", "Population_Served_Count": 86, "Service_Connections_Count": 41, "Service_Area_Type": "Subdivision", "Verification_Status": "", "Area_SqKM": 0.09674860441341698}, "geometry": {"type": "Point", "coordinates": [-83.71891429564148, 34.662806026087154]}}, {"type": "Feature", "properties": {"PWSID": "GA3110085", "PWS_Name": "RAINBOW RETREAT", "Primacy_Agency": "GA", "Population_Served_Count": 59, "Service_Connections_Count": 23, "Service_Area_Type": "Subdivision", "Verification_Status": "", "Area_SqKM": 0.6025123932391901}, "geometry": {"type": "Point", "coordinates": [-83.63494393456422, 34.62410847053649]}}, {"type": "Feature", "properties": {"PWSID": "GA2790004", "PWS_Name": "MCNATT FALLS SUBDIVISION", "Primacy_Agency": "GA", "Population_Served_Count": 91, "Service_Connections_Count": 35, "Service_Area_Type": "Subdivision", "Verification_Status": "", "Area_SqKM": 0.04817171670294274}, "geometry": {"type": "Point", "coordinates": [-82.42674888465311, 31.96712663840373]}}, {"type": "Feature", "properties": {"PWSID": "GA2790005", "PWS_Name": "PETROSS", "Primacy_Agency": "GA", "Population_Served_Count": 78, "Service_Connections_Count": 30, "Service_Area_Type": "Subdivision", "Verification_Status": "", "Area_SqKM": 0.2412427756206096}, "geometry": {"type": "Point", "coordinates": [-82.44951515561681, 32.168784355523336]}}, {"type": "Feature", "properties": {"PWSID": "GA2790010", "PWS_Name": "SUNNI PINES MOBILE HOME PARK", "Primacy_Agency": "GA", "Population_Served_Count": 41, "Service_Connections_Count": 15, "Service_Area_Type": "Mobile Home Park - Principal Residence", "Verification_Status": "", "Area_SqKM": 0.02966517527916531}, "geometry": {"type": "Point", "coordinates": [-82.40511509773876, 32.156797602392416]}}, {"type": "Feature", "properties": {"PWSID": "GA2790015", "PWS_Name": "PETROSS SUBDIVISION", "Primacy_Agency": "GA", "Population_Served_Count": 151, "Service_Connections_Count": 58, "Service_Area_Type": "Other Residential", "Verification_Status": "", "Area_SqKM": 1.155414937295687}, "geometry": {"type": "Point", "coordinates": [-82.4435178644215, 32.18217070411517]}}, {"type": "Feature", "properties": {"PWSID": "GA2790028", "PWS_Name": "KNOLLWOOD MOBILE HOME PARK", "Primacy_Agency": "GA", "Population_Served_Count": 156, "Service_Connections_Count": 67, "Service_Area_Type": "Mobile Home Park - Principal Residence", "Verification_Status": "", "Area_SqKM": 0.04696715487940556}, "geometry": {"type": "Point", "coordinates": [-82.39941052835223, 32.147834861386436]}}, {"type": "Feature", "properties": {"PWSID": "GA2790033", "PWS_Name": "MORRIS VILLAGE", "Primacy_Agency": "GA", "Population_Served_Count": 216, "Service_Connections_Count": 83, "Service_Area_Type": "Subdivision", "Verification_Status": "", "Area_SqKM": 0.2333430371389199}, "geometry": {"type": "Point", "coordinates": [-82.42063583803255, 32.24887634293807]}}, {"type": "Feature", "properties": {"PWSID": "GA2790034", "PWS_Name": "HILLDALE WATER SYSTEM", "Primacy_Agency": "GA", "Population_Served_Count": 88, "Service_Connections_Count": 34, "Service_Area_Type": "Subdivision", "Verification_Status": "", "Area_SqKM": 2.0602084139855914}, "geometry": {"type": "Point", "coordinates": [-82.42170597654984, 32.004955307951505]}}, {"type": "Feature", "properties": {"PWSID": "GA3110005", "PWS_Name": "SKYLAKE", "Primacy_Agency": "GA", "Population_Served_Count": 1173, "Service_Connections_Count": 451, "Service_Area_Type": "Subdivision", "Verification_Status": "", "Area_SqKM": 0.27236410918829995}, "geometry": {"type": "Point", "coordinates": [-83.67345604844411, 34.71886780002228]}}, {"type": "Feature", "properties": {"PWSID": "GA3110001", "PWS_Name": "HELEN", "Primacy_Agency": "GA", "Population_Served_Count": 1851, "Service_Connections_Count": 712, "Service_Area_Type": "Municipality", "Verification_Status": "", "Area_SqKM": 2.655623271151124}, "geometry": {"type": "Point", "coordinates": [-83.73345591076703, 34.70239660837605]}}, {"type": "Feature", "properties": {"PWSID": "GA3110000", "PWS_Name": "CLEVELAND WATERWORKS", "Primacy_Agency": "GA", "Population_Served_Count": 5587, "Service_Connections_Count": 3828, "Service_Area_Type": "Municipality", "Verification_Status": "", "Area_SqKM": 16.48735825309339}, "geometry": {"type": "Point", "coordinates": [-83.7637564834589, 34.582161475732825]}}, {"type": "Feature", "properties": {"PWSID": "GA2910104", "PWS_Name": "SMOKEY MOUNTAIN ESTATES SUBD", "Primacy_Agency": "GA", "Population_Served_Count": 127, "Service_Connections_Count": 49, "Service_Area_Type": "Subdivision", "Verification_Status": "", "Area_SqKM": 0.41591559912744286}, "geometry": {"type": "Point", "coordinates": [-83.93168745204314, 34.899931000969914]}}, {"type": "Feature", "properties": {"PWSID": "GA2790044", "PWS_Name": "WOODBRIDGE WATER SYSTEM", "Primacy_Agency": "GA", "Population_Served_Count": 49, "Service_Connections_Count": 19, "Service_Area_Type": "Subdivision", "Verification_Status": "", "Area_SqKM": 0.39186934170003307}, "geometry": {"type": "Point", "coordinates": [-82.40868102529916, 32.18054502760143]}}, {"type": "Feature", "properties": {"PWSID": "GA2790048", "PWS_Name": "THE PITTMAN PLANTATION", "Primacy_Agency": "GA", "Population_Served_Count": 57, "Service_Connections_Count": 23, "Service_Area_Type": "Subdivision", "Verification_Status": "", "Area_SqKM": 12.056364470866725}, "geometry": {"type": "Point", "coordinates": [-82.38957901863817, 32.268509897705115]}}, {"type": "Feature", "properties": {"PWSID": "GA0550000", "PWS_Name": "CHATTOOGA COUNTY", "Primacy_Agency": "GA", "Population_Served_Count": 7800, "Service_Connections_Count": 3000, "Service_Area_Type": "Residential Area", "Verification_Status": "", "Area_SqKM": 122.29453544818509}, "geometry": {"type": "Point", "coordinates": [-85.30706843786153, 34.55333301504785]}}, {"type": "Feature", "properties": {"PWSID": "GA2910051", "PWS_Name": "WILSON MTN SUBDIVISION", "Primacy_Agency": "GA", "Population_Served_Count": 348, "Service_Connections_Count": 129, "Service_Area_Type": "Subdivision", "Verification_Status": "", "Area_SqKM": 0.47775467255394105}, "geometry": {"type": "Point", "coordinates": [-83.92335524067343, 34.82154290596464]}}, {"type": "Feature", "properties": {"PWSID": "GA2910006", "PWS_Name": "COOSA WATER AUTHORITY", "Primacy_Agency": "GA", "Population_Served_Count": 4407, "Service_Connections_Count": 1745, "Service_Area_Type": "Municipality", "Verification_Status": "", "Area_SqKM": 21.381687996030838}, "geometry": {"type": "Point", "coordinates": [-84.01252863439677, 34.835382049587004]}}, {"type": "Feature", "properties": {"PWSID": "GA2910000", "PWS_Name": "BLAIRSVILLE", "Primacy_Agency": "GA", "Population_Served_Count": 4035, "Service_Connections_Count": 1552, "Service_Area_Type": "Municipality", "Verification_Status": "", "Area_SqKM": 16.248027915514793}, "geometry": {"type": "Point", "coordinates": [-83.98524608868318, 34.881706799308496]}}, {"type": "Feature", "properties": {"PWSID": "GA2810050", "PWS_Name": "HI-RIVER COUNTRY SUBDIVISION", "Primacy_Agency": "GA", "Population_Served_Count": 260, "Service_Connections_Count": 100, "Service_Area_Type": "Residential Area", "Verification_Status": "", "Area_SqKM": 0.2191950838241576}, "geometry": {"type": "Point", "coordinates": [-83.72054236656467, 34.84989616674493]}}, {"type": "Feature", "properties": {"PWSID": "GA0830000", "PWS_Name": "DADE COUNTY WATER AUTHORITY", "Primacy_Agency": "GA", "Population_Served_Count": 16285, "Service_Connections_Count": 7007, "Service_Area_Type": "Municipality", "Verification_Status": "", "Area_SqKM": 504.83844804082275}, "geometry": {"type": "Point", "coordinates": [-85.4576639311651, 34.82296146082826]}}, {"type": "Feature", "properties": {"PWSID": "GA0550003", "PWS_Name": "SUMMERVILLE", "Primacy_Agency": "GA", "Population_Served_Count": 9993, "Service_Connections_Count": 4539, "Service_Area_Type": "Municipality", "Verification_Status": "", "Area_SqKM": 35.451610069372535}, "geometry": {"type": "Point", "coordinates": [-85.36178813599443, 34.47867875505032]}}, {"type": "Feature", "properties": {"PWSID": "GA2810001", "PWS_Name": "YOUNG HARRIS", "Primacy_Agency": "GA", "Population_Served_Count": 2119, "Service_Connections_Count": 785, "Service_Area_Type": "Municipality", "Verification_Status": "", "Area_SqKM": 5.614022551553696}, "geometry": {"type": "Point", "coordinates": [-83.8338167268015, 34.962245361119756]}}, {"type": "Feature", "properties": {"PWSID": "GA2810000", "PWS_Name": "HIAWASSEE", "Primacy_Agency": "GA", "Population_Served_Count": 5496, "Service_Connections_Count": 2204, "Service_Area_Type": "Municipality", "Verification_Status": "", "Area_SqKM": 35.322038849503016}, "geometry": {"type": "Point", "coordinates": [-83.75008375236011, 34.941853428884684]}}, {"type": "Feature", "properties": {"PWSID": "GA0550002", "PWS_Name": "MENLO", "Primacy_Agency": "GA", "Population_Served_Count": 949, "Service_Connections_Count": 365, "Service_Area_Type": "Municipality", "Verification_Status": "", "Area_SqKM": 4.315575102640702}, "geometry": {"type": "Point", "coordinates": [-85.48497333335627, 34.50069483331492]}}, {"type": "Feature", "properties": {"PWSID": "GA3130000", "PWS_Name": "DALTON UTILITIES", "Primacy_Agency": "GA", "Population_Served_Count": 99315, "Service_Connections_Count": 36549, "Service_Area_Type": "Municipality", "Verification_Status": "", "Area_SqKM": 231.46534007964985}, "geometry": {"type": "Point", "coordinates": [-84.94358623096655, 34.807901687864984]}}, {"type": "Feature", "properties": {"PWSID": "GA2410127", "PWS_Name": "HEATHERSTONE AT FORD MOUNTAIN HOA", "Primacy_Agency": "GA", "Population_Served_Count": 62, "Service_Connections_Count": 57, "Service_Area_Type": "Subdivision", "Verification_Status": "", "Area_SqKM": 0.14055730286777152}, "geometry": {"type": "Point", "coordinates": [-83.31467107141117, 34.98118562857653]}}, {"type": "Feature", "properties": {"PWSID": "GA2570011", "PWS_Name": "TOCCOA FALLS COLLEGE", "Primacy_Agency": "GA", "Population_Served_Count": 850, "Service_Connections_Count": 152, "Service_Area_Type": "Other Residential", "Verification_Status": "", "Area_SqKM": 2.0563696245765923}, "geometry": {"type": "Point", "coordinates": [-83.35819892495275, 34.60242913525624]}}, {"type": "Feature", "properties": {"PWSID": "GA2570001", "PWS_Name": "TOCCOA", "Primacy_Agency": "GA", "Population_Served_Count": 24960, "Service_Connections_Count": 10500, "Service_Area_Type": "Municipality", "Verification_Status": "", "Area_SqKM": 64.60799532898805}, "geometry": {"type": "Point", "coordinates": [-83.30392506035292, 34.56346741582041]}}, {"type": "Feature", "properties": {"PWSID": "GA2570000", "PWS_Name": "MARTIN", "Primacy_Agency": "GA", "Population_Served_Count": 1769, "Service_Connections_Count": 655, "Service_Area_Type": "Municipality", "Verification_Status": "", "Area_SqKM": 6.84980593182525}, "geometry": {"type": "Point", "coordinates": [-83.19403138253445, 34.49768894615235]}}, {"type": "Feature", "properties": {"PWSID": "GA0150004", "PWS_Name": "WHITE", "Primacy_Agency": "GA", "Population_Served_Count": 900, "Service_Connections_Count": 366, "Service_Area_Type": "Municipality", "Verification_Status": "", "Area_SqKM": 8.566028041392167}, "geometry": {"type": "Point", "coordinates": [-84.70380053509034, 34.32565702985961]}}, {"type": "Feature", "properties": {"PWSID": "GA0150003", "PWS_Name": "KINGSTON", "Primacy_Agency": "GA", "Population_Served_Count": 1263, "Service_Connections_Count": 486, "Service_Area_Type": "Municipality", "Verification_Status": "", "Area_SqKM": 14.174601317727612}, "geometry": {"type": "Point", "coordinates": [-84.95479592792346, 34.226071514922154]}}, {"type": "Feature", "properties": {"PWSID": "GA2410118", "PWS_Name": "RABUN COUNTY WATER & SEWER AUTHORITY", "Primacy_Agency": "GA", "Population_Served_Count": 10276, "Service_Connections_Count": 3806, "Service_Area_Type": "Wholesaler of Water", "Verification_Status": "", "Area_SqKM": 5.880698086408394}, "geometry": {"type": "Point", "coordinates": [-83.41975231287466, 34.812962088016]}}, {"type": "Feature", "properties": {"PWSID": "GA0150002", "PWS_Name": "CARTERSVILLE", "Primacy_Agency": "GA", "Population_Served_Count": 24830, "Service_Connections_Count": 13465, "Service_Area_Type": "Municipality", "Verification_Status": "", "Area_SqKM": 40.55677517978088}, "geometry": {"type": "Point", "coordinates": [-84.81221866476541, 34.184452825043714]}}, {"type": "Feature", "properties": {"PWSID": "GA2410089", "PWS_Name": "CHARLIE MOUNTAIN WATER, LLC", "Primacy_Agency": "GA", "Population_Served_Count": 88, "Service_Connections_Count": 78, "Service_Area_Type": "Subdivision", "Verification_Status": "", "Area_SqKM": 0.06288670589765584}, "geometry": {"type": "Point", "coordinates": [-83.54417547582214, 34.84688356209358]}}, {"type": "Feature", "properties": {"PWSID": "GA0150000", "PWS_Name": "ADAIRSVILLE", "Primacy_Agency": "GA", "Population_Served_Count": 7306, "Service_Connections_Count": 2900, "Service_Area_Type": "Municipality", "Verification_Status": "", "Area_SqKM": 20.667615312576878}, "geometry": {"type": "Point", "coordinates": [-84.9243437766465, 34.36254521259374]}}, {"type": "Feature", "properties": {"PWSID": "GA1870087", "PWS_Name": "LUMPKIN CO. - SETTLERS BLUFF SUBDIVISION", "Primacy_Agency": "GA", "Population_Served_Count": 28, "Service_Connections_Count": 24, "Service_Area_Type": "Subdivision", "Verification_Status": "", "Area_SqKM": 1.4988496894066936}, "geometry": {"type": "Point", "coordinates": [-83.9667050717558, 34.572884933302106]}}, {"type": "Feature", "properties": {"PWSID": "GA1870081", "PWS_Name": "LUMPKIN CO. - ROCK POINTE S/D", "Primacy_Agency": "GA", "Population_Served_Count": 83, "Service_Connections_Count": 70, "Service_Area_Type": "Subdivision", "Verification_Status": "", "Area_SqKM": 3.216493298989674}, "geometry": {"type": "Point", "coordinates": [-83.93693406140207, 34.54605093861887]}}, {"type": "Feature", "properties": {"PWSID": "GA1870075", "PWS_Name": "LUMPKIN CO. - SHEPHERD`S COVE", "Primacy_Agency": "GA", "Population_Served_Count": 55, "Service_Connections_Count": 21, "Service_Area_Type": "Subdivision", "Verification_Status": "", "Area_SqKM": 4.077600842293494}, "geometry": {"type": "Point", "coordinates": [-83.94625564584246, 34.58104008268133]}}, {"type": "Feature", "properties": {"PWSID": "GA0670003", "PWS_Name": "COBB COUNTY", "Primacy_Agency": "GA", "Population_Served_Count": 695000, "Service_Connections_Count": 183518, "Service_Area_Type": "Municipality", "Verification_Status": "", "Area_SqKM": 773.9643628011091}, "geometry": {"type": "Point", "coordinates": [-84.49987574173366, 33.91665441619541]}}, {"type": "Feature", "properties": {"PWSID": "GA2330002", "PWS_Name": "ROCKMART", "Primacy_Agency": "GA", "Population_Served_Count": 4199, "Service_Connections_Count": 3083, "Service_Area_Type": "Municipality", "Verification_Status": "", "Area_SqKM": 52.3435580327716}, "geometry": {"type": "Point", "coordinates": [-85.0796351697753, 34.01449584939823]}}, {"type": "Feature", "properties": {"PWSID": "GA1870072", "PWS_Name": "LUMPKIN CO. - SHERWOOD FOREST SUBD.", "Primacy_Agency": "GA", "Population_Served_Count": 208, "Service_Connections_Count": 80, "Service_Area_Type": "Subdivision", "Verification_Status": "", "Area_SqKM": 4.036787287589125}, "geometry": {"type": "Point", "coordinates": [-83.79065953971985, 34.46458779654818]}}, {"type": "Feature", "properties": {"PWSID": "GA2330001", "PWS_Name": "POLK COUNTY WATER AUTHORITY", "Primacy_Agency": "GA", "Population_Served_Count": 23792, "Service_Connections_Count": 9151, "Service_Area_Type": "Municipality", "Verification_Status": "", "Area_SqKM": 19.235831998955316}, "geometry": {"type": "Point", "coordinates": [-85.21295699365825, 34.02590463013747]}}, {"type": "Feature", "properties": {"PWSID": "GA2330000", "PWS_Name": "CEDARTOWN", "Primacy_Agency": "GA", "Population_Served_Count": 9750, "Service_Connections_Count": 3687, "Service_Area_Type": "Municipality", "Verification_Status": "", "Area_SqKM": 50.40835671339851}, "geometry": {"type": "Point", "coordinates": [-85.25558235007267, 34.01256150811666]}}, {"type": "Feature", "properties": {"PWSID": "GA2230001", "PWS_Name": "HIRAM", "Primacy_Agency": "GA", "Population_Served_Count": 858, "Service_Connections_Count": 330, "Service_Area_Type": "Municipality", "Verification_Status": "", "Area_SqKM": 2.69561575008404}, "geometry": {"type": "Point", "coordinates": [-84.75242464303099, 33.873386471033704]}}, {"type": "Feature", "properties": {"PWSID": "GA1870066", "PWS_Name": "LUMPKIN CO. - STONEHENGE S/D", "Primacy_Agency": "GA", "Population_Served_Count": 135, "Service_Connections_Count": 52, "Service_Area_Type": "Subdivision", "Verification_Status": "", "Area_SqKM": 0.01739773799081105}, "geometry": {"type": "Point", "coordinates": [-83.792104100144, 34.46007388594079]}}, {"type": "Feature", "properties": {"PWSID": "GA2230000", "PWS_Name": "DALLAS", "Primacy_Agency": "GA", "Population_Served_Count": 13232, "Service_Connections_Count": 3361, "Service_Area_Type": "Municipality", "Verification_Status": "", "Area_SqKM": 18.740183945081572}, "geometry": {"type": "Point", "coordinates": [-84.8381023364472, 33.91775503501192]}}, {"type": "Feature", "properties": {"PWSID": "GA1870047", "PWS_Name": "TRAHLYTA TRACE SUBDIVISION", "Primacy_Agency": "GA", "Population_Served_Count": 54, "Service_Connections_Count": 21, "Service_Area_Type": "Subdivision", "Verification_Status": "", "Area_SqKM": 0.07355447429693411}, "geometry": {"type": "Point", "coordinates": [-84.02497520843427, 34.69230678642062]}}, {"type": "Feature", "properties": {"PWSID": "GA1870000", "PWS_Name": "DAHLONEGA", "Primacy_Agency": "GA", "Population_Served_Count": 7500, "Service_Connections_Count": 2390, "Service_Area_Type": "Municipality", "Verification_Status": "", "Area_SqKM": 13.062482264221623}, "geometry": {"type": "Point", "coordinates": [-83.97878836812063, 34.528486882421745]}}, {"type": "Feature", "properties": {"PWSID": "GA1470055", "PWS_Name": "CHATEAU ESTATES SUBDIVISION", "Primacy_Agency": "GA", "Population_Served_Count": 88, "Service_Connections_Count": 34, "Service_Area_Type": "Subdivision", "Verification_Status": "", "Area_SqKM": 0.06366427730307188}, "geometry": {"type": "Point", "coordinates": [-82.99438237838204, 34.46937510006558]}}, {"type": "Feature", "properties": {"PWSID": "GA1370068", "PWS_Name": "DEER TRAIL LAKES/HIGH MEADOWS SUBDIVISIO", "Primacy_Agency": "GA", "Population_Served_Count": 111, "Service_Connections_Count": 43, "Service_Area_Type": "Subdivision", "Verification_Status": "", "Area_SqKM": 14.487962770036354}, "geometry": {"type": "Point", "coordinates": [-83.54956860478345, 34.71067627536773]}}, {"type": "Feature", "properties": {"PWSID": "GA1370063", "PWS_Name": "PINECREST MOUNTAIN S/D", "Primacy_Agency": "GA", "Population_Served_Count": 67, "Service_Connections_Count": 26, "Service_Area_Type": "Subdivision", "Verification_Status": "", "Area_SqKM": 0.7263494112261248}, "geometry": {"type": "Point", "coordinates": [-83.4725623874211, 34.6992540648597]}}, {"type": "Feature", "properties": {"PWSID": "GA1430007", "PWS_Name": "HARALSON COUNTY WATER AUTHORITY", "Primacy_Agency": "GA", "Population_Served_Count": 12220, "Service_Connections_Count": 4700, "Service_Area_Type": "Municipality", "Verification_Status": "", "Area_SqKM": 276.68899967722507}, "geometry": {"type": "Point", "coordinates": [-85.17202232502753, 33.81247806880174]}}, {"type": "Feature", "properties": {"PWSID": "GA1430001", "PWS_Name": "BUCHANAN", "Primacy_Agency": "GA", "Population_Served_Count": 1326, "Service_Connections_Count": 489, "Service_Area_Type": "Municipality", "Verification_Status": "", "Area_SqKM": 4.429687287257587}, "geometry": {"type": "Point", "coordinates": [-85.18888514390214, 33.801942055496546]}}, {"type": "Feature", "properties": {"PWSID": "GA1430000", "PWS_Name": "BREMEN", "Primacy_Agency": "GA", "Population_Served_Count": 6200, "Service_Connections_Count": 3044, "Service_Area_Type": "Municipality", "Verification_Status": "", "Area_SqKM": 18.824991785180252}, "geometry": {"type": "Point", "coordinates": [-85.14454269815803, 33.71257566989125]}}, {"type": "Feature", "properties": {"PWSID": "GA2330017", "PWS_Name": "POLK COUNTY-VINSON MOUNTAIN WATER SYSTM", "Primacy_Agency": "GA", "Population_Served_Count": 905, "Service_Connections_Count": 348, "Service_Area_Type": "Residential Area", "Verification_Status": "", "Area_SqKM": 1.463627167362348}, "geometry": {"type": "Point", "coordinates": [-85.30483258806001, 34.003818147714796]}}, {"type": "Feature", "properties": {"PWSID": "GA1750130", "PWS_Name": "HUNTER'S POINT APARTMENTS", "Primacy_Agency": "GA", "Population_Served_Count": 208, "Service_Connections_Count": 76, "Service_Area_Type": "Other Area", "Verification_Status": "", "Area_SqKM": 0.24646452743573036}, "geometry": {"type": "Point", "coordinates": [-82.94484771663714, 32.57109038341528]}}, {"type": "Feature", "properties": {"PWSID": "GA1370004", "PWS_Name": "DEMOREST", "Primacy_Agency": "GA", "Population_Served_Count": 18049, "Service_Connections_Count": 6942, "Service_Area_Type": "Municipality", "Verification_Status": "", "Area_SqKM": 17.068757524541056}, "geometry": {"type": "Point", "coordinates": [-83.56894538647556, 34.53325587945092]}}, {"type": "Feature", "properties": {"PWSID": "GA1370003", "PWS_Name": "CORNELIA", "Primacy_Agency": "GA", "Population_Served_Count": 6130, "Service_Connections_Count": 2700, "Service_Area_Type": "Municipality", "Verification_Status": "", "Area_SqKM": 35.644669199388616}, "geometry": {"type": "Point", "coordinates": [-83.5212569443131, 34.53913558415354]}}, {"type": "Feature", "properties": {"PWSID": "GA1750129", "PWS_Name": "CLAXTON CROSSING APARTMENT", "Primacy_Agency": "GA", "Population_Served_Count": 67, "Service_Connections_Count": 25, "Service_Area_Type": "Residential Area", "Verification_Status": "", "Area_SqKM": 0.007630186490212886}, "geometry": {"type": "Point", "coordinates": [-82.95567205304553, 32.569454023557945]}}, {"type": "Feature", "properties": {"PWSID": "GA1750125", "PWS_Name": "PLANTATION AT EVERGREEN", "Primacy_Agency": "GA", "Population_Served_Count": 44, "Service_Connections_Count": 21, "Service_Area_Type": "Subdivision", "Verification_Status": "", "Area_SqKM": 0.3881253329019121}, "geometry": {"type": "Point", "coordinates": [-83.0037857951367, 32.56305996182583]}}, {"type": "Feature", "properties": {"PWSID": "GA1750110", "PWS_Name": "HITCHITI MOBILE HOME PARK", "Primacy_Agency": "GA", "Population_Served_Count": 122, "Service_Connections_Count": 45, "Service_Area_Type": "Mobile Home Park - Principal Residence", "Verification_Status": "", "Area_SqKM": 0.15473572172732578}, "geometry": {"type": "Point", "coordinates": [-83.03068907049916, 32.42216766299412]}}, {"type": "Feature", "properties": {"PWSID": "GA1750026", "PWS_Name": "PINEDALE ESTATES SUBDIVISION", "Primacy_Agency": "GA", "Population_Served_Count": 45, "Service_Connections_Count": 25, "Service_Area_Type": "Subdivision", "Verification_Status": "", "Area_SqKM": 0.14446811323428668}, "geometry": {"type": "Point", "coordinates": [-82.97396803342095, 32.54776514439203]}}, {"type": "Feature", "properties": {"PWSID": "GA2110003", "PWS_Name": "RUTLEDGE WATER SYSTEM", "Primacy_Agency": "GA", "Population_Served_Count": 993, "Service_Connections_Count": 434, "Service_Area_Type": "Municipality", "Verification_Status": "", "Area_SqKM": 4.1043472033111525}, "geometry": {"type": "Point", "coordinates": [-83.61456383079154, 33.62774593074301]}}, {"type": "Feature", "properties": {"PWSID": "GA1590015", "PWS_Name": "JASPER COUNTY WATER AND SEWER AUTHORITY", "Primacy_Agency": "GA", "Population_Served_Count": 1043, "Service_Connections_Count": 401, "Service_Area_Type": "Residential Area", "Verification_Status": "", "Area_SqKM": 1.2513217156193235}, "geometry": {"type": "Point", "coordinates": [-83.68398013022474, 33.30234629583447]}}, {"type": "Feature", "properties": {"PWSID": "GA1590004", "PWS_Name": "ALCOVY SHORES WATER AUTHORITY", "Primacy_Agency": "GA", "Population_Served_Count": 715, "Service_Connections_Count": 277, "Service_Area_Type": "Municipality", "Verification_Status": "", "Area_SqKM": 0.1148130964467793}, "geometry": {"type": "Point", "coordinates": [-83.83019786846691, 33.3867275183861]}}, {"type": "Feature", "properties": {"PWSID": "GA1590002", "PWS_Name": "TURTLE COVE POA", "Primacy_Agency": "GA", "Population_Served_Count": 2514, "Service_Connections_Count": 968, "Service_Area_Type": "Subdivision", "Verification_Status": "", "Area_SqKM": 11.442420741531853}, "geometry": {"type": "Point", "coordinates": [-83.84132249863332, 33.36535122631444]}}, {"type": "Feature", "properties": {"PWSID": "GA2550004", "PWS_Name": "PINE GLEN MOBILE HOME PARK LLC,", "Primacy_Agency": "GA", "Population_Served_Count": 303, "Service_Connections_Count": 116, "Service_Area_Type": "Mobile Home Park - Principal Residence", "Verification_Status": "", "Area_SqKM": 0.08126684612729776}, "geometry": {"type": "Point", "coordinates": [-84.19123632529055, 33.29511183736689]}}, {"type": "Feature", "properties": {"PWSID": "GA2930054", "PWS_Name": "STAGECOACH ESTATES", "Primacy_Agency": "GA", "Population_Served_Count": 46, "Service_Connections_Count": 17, "Service_Area_Type": "Subdivision", "Verification_Status": "", "Area_SqKM": 0.244437290987542}, "geometry": {"type": "Point", "coordinates": [-84.31646169091061, 32.98434514099742]}}, {"type": "Feature", "properties": {"PWSID": "GA2930017", "PWS_Name": "GRACE NEAL & VESTAVIA SD", "Primacy_Agency": "GA", "Population_Served_Count": 729, "Service_Connections_Count": 270, "Service_Area_Type": "Subdivision", "Verification_Status": "", "Area_SqKM": 1.608076028707516}, "geometry": {"type": "Point", "coordinates": [-84.26943653114341, 32.87802698768695]}}, {"type": "Feature", "properties": {"PWSID": "GA2930016", "PWS_Name": "COUNTRY VILLAGE SUBDIVISION", "Primacy_Agency": "GA", "Population_Served_Count": 486, "Service_Connections_Count": 180, "Service_Area_Type": "Subdivision", "Verification_Status": "", "Area_SqKM": 0.3701083087322497}, "geometry": {"type": "Point", "coordinates": [-84.13963401423591, 32.91836987146041]}}, {"type": "Feature", "properties": {"PWSID": "GA2930015", "PWS_Name": "BUFFINGTON", "Primacy_Agency": "GA", "Population_Served_Count": 170, "Service_Connections_Count": 63, "Service_Area_Type": "Subdivision", "Verification_Status": "", "Area_SqKM": 0.12228811845229293}, "geometry": {"type": "Point", "coordinates": [-84.32887025918943, 32.95671386819224]}}, {"type": "Feature", "properties": {"PWSID": "GA2470003", "PWS_Name": "LITTLE MOUNTAIN S/D, NO. 1 HOA", "Primacy_Agency": "GA", "Population_Served_Count": 61, "Service_Connections_Count": 32, "Service_Area_Type": "Subdivision", "Verification_Status": "", "Area_SqKM": 0.0580517841538762}, "geometry": {"type": "Point", "coordinates": [-84.18392731424763, 33.64025578096369]}}, {"type": "Feature", "properties": {"PWSID": "GA2310027", "PWS_Name": "PIKE CO - RURAL DELVELOPMENT DIVISION", "Primacy_Agency": "GA", "Population_Served_Count": 1080, "Service_Connections_Count": 450, "Service_Area_Type": "Municipality", "Verification_Status": "", "Area_SqKM": 0.1875203077742905}, "geometry": {"type": "Point", "coordinates": [-84.38080409177644, 33.14543309516949]}}, {"type": "Feature", "properties": {"PWSID": "GA2310026", "PWS_Name": "STEPHENS PROPERTIES", "Primacy_Agency": "GA", "Population_Served_Count": 97, "Service_Connections_Count": 36, "Service_Area_Type": "Subdivision", "Verification_Status": "", "Area_SqKM": 0.8446628100335372}, "geometry": {"type": "Point", "coordinates": [-84.3804480348035, 33.17615629125447]}}, {"type": "Feature", "properties": {"PWSID": "GA2310005", "PWS_Name": "GA BAPTIST CHILDREN`S HOME - MEANSVILLE", "Primacy_Agency": "GA", "Population_Served_Count": 51, "Service_Connections_Count": 15, "Service_Area_Type": "Other Residential", "Verification_Status": "", "Area_SqKM": 0.10303794161581756}, "geometry": {"type": "Point", "coordinates": [-84.27419252298576, 33.02395164624791]}}, {"type": "Feature", "properties": {"PWSID": "GA2170014", "PWS_Name": "PORTERDALE", "Primacy_Agency": "GA", "Population_Served_Count": 1859, "Service_Connections_Count": 715, "Service_Area_Type": "Municipality", "Verification_Status": "", "Area_SqKM": 0.28679091686161295}, "geometry": {"type": "Point", "coordinates": [-83.98455000993432, 33.58839867025211]}}, {"type": "Feature", "properties": {"PWSID": "GA1930001", "PWS_Name": "MARSHALLVILLE", "Primacy_Agency": "GA", "Population_Served_Count": 1342, "Service_Connections_Count": 510, "Service_Area_Type": "Municipality", "Verification_Status": "", "Area_SqKM": 5.52396575420981}, "geometry": {"type": "Point", "coordinates": [-83.94419034785095, 32.45484577770522]}}, {"type": "Feature", "properties": {"PWSID": "GA1710022", "PWS_Name": "FULLERS COMMUNITY PARK", "Primacy_Agency": "GA", "Population_Served_Count": 127, "Service_Connections_Count": 47, "Service_Area_Type": "Mobile Home Park - Principal Residence", "Verification_Status": "", "Area_SqKM": 0.33660020525956735}, "geometry": {"type": "Point", "coordinates": [-84.1698861892908, 33.08359749646513]}}, {"type": "Feature", "properties": {"PWSID": "GA1710001", "PWS_Name": "MILNER", "Primacy_Agency": "GA", "Population_Served_Count": 1890, "Service_Connections_Count": 602, "Service_Area_Type": "Municipality", "Verification_Status": "", "Area_SqKM": 1.2164162591616532}, "geometry": {"type": "Point", "coordinates": [-84.20384224285205, 33.1287265571603]}}, {"type": "Feature", "properties": {"PWSID": "GA1710000", "PWS_Name": "BARNESVILLE", "Primacy_Agency": "GA", "Population_Served_Count": 10725, "Service_Connections_Count": 4284, "Service_Area_Type": "Municipality", "Verification_Status": "", "Area_SqKM": 19.74500979710251}, "geometry": {"type": "Point", "coordinates": [-84.1620577489269, 33.06067733160199]}}, {"type": "Feature", "properties": {"PWSID": "GA1530006", "PWS_Name": "PERRY", "Primacy_Agency": "GA", "Population_Served_Count": 31608, "Service_Connections_Count": 10783, "Service_Area_Type": "Municipality", "Verification_Status": "", "Area_SqKM": 59.356940612704086}, "geometry": {"type": "Point", "coordinates": [-83.71569221383047, 32.47836168754634]}}, {"type": "Feature", "properties": {"PWSID": "GA2670004", "PWS_Name": "REIDSVILLE WATER SYSTEM", "Primacy_Agency": "GA", "Population_Served_Count": 2594, "Service_Connections_Count": 1268, "Service_Area_Type": "Municipality", "Verification_Status": "", "Area_SqKM": 9.58587486145678}, "geometry": {"type": "Point", "coordinates": [-82.11989200000696, 32.089541125474014]}}, {"type": "Feature", "properties": {"PWSID": "GA2790001", "PWS_Name": "SANTA CLAUS", "Primacy_Agency": "GA", "Population_Served_Count": 229, "Service_Connections_Count": 88, "Service_Area_Type": "Municipality", "Verification_Status": "", "Area_SqKM": 1.9080562480211574}, "geometry": {"type": "Point", "coordinates": [-82.33876343393901, 32.172860667758414]}}, {"type": "Feature", "properties": {"PWSID": "GA2790027", "PWS_Name": "SHADY ACRES MOBILE HOME PARK", "Primacy_Agency": "GA", "Population_Served_Count": 86, "Service_Connections_Count": 43, "Service_Area_Type": "Mobile Home Park - Principal Residence", "Verification_Status": "", "Area_SqKM": 1.6503044333779113}, "geometry": {"type": "Point", "coordinates": [-82.34096860553726, 32.17319522223442]}}, {"type": "Feature", "properties": {"PWSID": "GA3050002", "PWS_Name": "SCREVEN", "Primacy_Agency": "GA", "Population_Served_Count": 1043, "Service_Connections_Count": 345, "Service_Area_Type": "Municipality", "Verification_Status": "", "Area_SqKM": 4.979318205025124}, "geometry": {"type": "Point", "coordinates": [-82.01280626487546, 31.48708281976585]}}, {"type": "Feature", "properties": {"PWSID": "GA3050009", "PWS_Name": "SPRING GROVE ACRES SUBDIVISION", "Primacy_Agency": "GA", "Population_Served_Count": 242, "Service_Connections_Count": 93, "Service_Area_Type": "Subdivision", "Verification_Status": "", "Area_SqKM": 0.3369004856138426}, "geometry": {"type": "Point", "coordinates": [-81.89776273325074, 31.644111099982606]}}, {"type": "Feature", "properties": {"PWSID": "GA3050010", "PWS_Name": "WESTBERRY RENTALS", "Primacy_Agency": "GA", "Population_Served_Count": 91, "Service_Connections_Count": 35, "Service_Area_Type": "Mobile Home Park - Principal Residence", "Verification_Status": "", "Area_SqKM": 2.9276436773865315}, "geometry": {"type": "Point", "coordinates": [-81.92756672577714, 31.621473077297512]}}, {"type": "Feature", "properties": {"PWSID": "GA3050013", "PWS_Name": "RIVERSIDE ACRES MHP", "Primacy_Agency": "GA", "Population_Served_Count": 263, "Service_Connections_Count": 101, "Service_Area_Type": "Mobile Home Park - Principal Residence", "Verification_Status": "", "Area_SqKM": 2.5009557145807895}, "geometry": {"type": "Point", "coordinates": [-81.85970518628733, 31.672964592367876]}}, {"type": "Feature", "properties": {"PWSID": "GA3050022", "PWS_Name": "BENNETT ESTATES", "Primacy_Agency": "GA", "Population_Served_Count": 52, "Service_Connections_Count": 22, "Service_Area_Type": "Mobile Home Park - Principal Residence", "Verification_Status": "", "Area_SqKM": 0.3499187935655547}, "geometry": {"type": "Point", "coordinates": [-81.89143504196936, 31.659104667886755]}}, {"type": "Feature", "properties": {"PWSID": "GA3050023", "PWS_Name": "PONDEROSA VILLAGE MHP", "Primacy_Agency": "GA", "Population_Served_Count": 49, "Service_Connections_Count": 19, "Service_Area_Type": "Mobile Home Park - Principal Residence", "Verification_Status": "", "Area_SqKM": 3.1579926074251228}, "geometry": {"type": "Point", "coordinates": [-81.89567588521801, 31.66600317544088]}}, {"type": "Feature", "properties": {"PWSID": "GA3050030", "PWS_Name": "WHISPERING PINES MHP", "Primacy_Agency": "GA", "Population_Served_Count": 94, "Service_Connections_Count": 49, "Service_Area_Type": "Mobile Home Park - Principal Residence", "Verification_Status": "", "Area_SqKM": 0.9953723551823965}, "geometry": {"type": "Point", "coordinates": [-81.88994711832464, 31.639473536655505]}}, {"type": "Feature", "properties": {"PWSID": "GA3050039", "PWS_Name": "JESUP HEALTH AND RDHAB", "Primacy_Agency": "GA", "Population_Served_Count": 68, "Service_Connections_Count": 3, "Service_Area_Type": "Other Residential", "Verification_Status": "", "Area_SqKM": 0.17810033694265814}, "geometry": {"type": "Point", "coordinates": [-81.85916159067371, 31.647028480980843]}}, {"type": "Feature", "properties": {"PWSID": "GA3050076", "PWS_Name": "QUAIL RUN MOBILE HOME PARK", "Primacy_Agency": "GA", "Population_Served_Count": 168, "Service_Connections_Count": 73, "Service_Area_Type": "Mobile Home Park - Principal Residence", "Verification_Status": "", "Area_SqKM": 0.015946976044377937}, "geometry": {"type": "Point", "coordinates": [-81.93089194547586, 31.641749463594145]}}, {"type": "Feature", "properties": {"PWSID": "GA3050080", "PWS_Name": "RIVER'S REACH", "Primacy_Agency": "GA", "Population_Served_Count": 115, "Service_Connections_Count": 44, "Service_Area_Type": "Mobile Home Park - Principal Residence", "Verification_Status": "", "Area_SqKM": 1.406130468071404}, "geometry": {"type": "Point", "coordinates": [-81.85716323333445, 31.654138909496965]}}, {"type": "Feature", "properties": {"PWSID": "GA3050081", "PWS_Name": "SEMINOLE WOODS", "Primacy_Agency": "GA", "Population_Served_Count": 780, "Service_Connections_Count": 289, "Service_Area_Type": "Subdivision", "Verification_Status": "", "Area_SqKM": 1.4444117362178779}, "geometry": {"type": "Point", "coordinates": [-81.87401091354812, 31.685224523423614]}}, {"type": "Feature", "properties": {"PWSID": "GA3050086", "PWS_Name": "ALTAMAHA ACRES", "Primacy_Agency": "GA", "Population_Served_Count": 192, "Service_Connections_Count": 74, "Service_Area_Type": "Subdivision", "Verification_Status": "", "Area_SqKM": 1.7024330541297783}, "geometry": {"type": "Point", "coordinates": [-81.85407614998347, 31.639161174990335]}}, {"type": "Feature", "properties": {"PWSID": "GA3050102", "PWS_Name": "TIMBER RIDGE ESTATES", "Primacy_Agency": "GA", "Population_Served_Count": 135, "Service_Connections_Count": 50, "Service_Area_Type": "Subdivision", "Verification_Status": "", "Area_SqKM": 0.35929863289682407}, "geometry": {"type": "Point", "coordinates": [-81.96130111438177, 31.57736716673072]}}, {"type": "Feature", "properties": {"PWSID": "GA0310016", "PWS_Name": "GROVE LAKES SUBDIVISION", "Primacy_Agency": "GA", "Population_Served_Count": 855, "Service_Connections_Count": 329, "Service_Area_Type": "Subdivision", "Verification_Status": "", "Area_SqKM": 6.175163957893206}, "geometry": {"type": "Point", "coordinates": [-81.72842744253767, 32.432181421284014]}}, {"type": "Feature", "properties": {"PWSID": "GA0310171", "PWS_Name": "DEERFIELD SUBDIVISION", "Primacy_Agency": "GA", "Population_Served_Count": 135, "Service_Connections_Count": 52, "Service_Area_Type": "Subdivision", "Verification_Status": "", "Area_SqKM": 0.661318611739414}, "geometry": {"type": "Point", "coordinates": [-81.78368762576919, 32.48774071454488]}}, {"type": "Feature", "properties": {"PWSID": "GA0310172", "PWS_Name": "NORTHWOOD SUBDIVISION", "Primacy_Agency": "GA", "Population_Served_Count": 169, "Service_Connections_Count": 65, "Service_Area_Type": "Subdivision", "Verification_Status": "", "Area_SqKM": 0.5279577070305728}, "geometry": {"type": "Point", "coordinates": [-81.7639898999223, 32.47798048714386]}}, {"type": "Feature", "properties": {"PWSID": "GA0310183", "PWS_Name": "HUNTERS POINT SUBDIVISION", "Primacy_Agency": "GA", "Population_Served_Count": 507, "Service_Connections_Count": 195, "Service_Area_Type": "Subdivision", "Verification_Status": "", "Area_SqKM": 0.35460734971500324}, "geometry": {"type": "Point", "coordinates": [-81.80863794430459, 32.499396484801416]}}, {"type": "Feature", "properties": {"PWSID": "GA2410134", "PWS_Name": "SKY VALLEY - WINDING RIDGE", "Primacy_Agency": "GA", "Population_Served_Count": 57, "Service_Connections_Count": 22, "Service_Area_Type": "Subdivision", "Verification_Status": "", "Area_SqKM": 0.898403792326398}, "geometry": {"type": "Point", "coordinates": [-83.36234258657646, 34.964265680792884]}}, {"type": "Feature", "properties": {"PWSID": "GA0310190", "PWS_Name": "YORKTOWN SUBDIVISION", "Primacy_Agency": "GA", "Population_Served_Count": 130, "Service_Connections_Count": 50, "Service_Area_Type": "Subdivision", "Verification_Status": "", "Area_SqKM": 0.13243724514148755}, "geometry": {"type": "Point", "coordinates": [-81.74288768123536, 32.46102648107903]}}, {"type": "Feature", "properties": {"PWSID": "GA0310220", "PWS_Name": "PARKWAY PLACE SUBDIVISION", "Primacy_Agency": "GA", "Population_Served_Count": 260, "Service_Connections_Count": 100, "Service_Area_Type": "Subdivision", "Verification_Status": "", "Area_SqKM": 0.05555974235621641}, "geometry": {"type": "Point", "coordinates": [-81.82179351111772, 32.47349431121171]}}, {"type": "Feature", "properties": {"PWSID": "GA0310307", "PWS_Name": "BURKTOWN SUBDIVISION", "Primacy_Agency": "GA", "Population_Served_Count": 230, "Service_Connections_Count": 85, "Service_Area_Type": "Residential Area", "Verification_Status": "", "Area_SqKM": 2.3020066505537997}, "geometry": {"type": "Point", "coordinates": [-81.72559820870487, 32.41729653040828]}}, {"type": "Feature", "properties": {"PWSID": "GA0310002", "PWS_Name": "PORTAL WATER SYSTEM", "Primacy_Agency": "GA", "Population_Served_Count": 879, "Service_Connections_Count": 363, "Service_Area_Type": "Municipality", "Verification_Status": "", "Area_SqKM": 3.3807143476624724}, "geometry": {"type": "Point", "coordinates": [-81.92372796048981, 32.54602825804754]}}, {"type": "Feature", "properties": {"PWSID": "GA0310028", "PWS_Name": "LAKE COLLINS ESTATES", "Primacy_Agency": "GA", "Population_Served_Count": 120, "Service_Connections_Count": 47, "Service_Area_Type": "Mobile Home Park - Principal Residence", "Verification_Status": "", "Area_SqKM": 0.5270382714494594}, "geometry": {"type": "Point", "coordinates": [-81.97794933634847, 32.52031908092266]}}, {"type": "Feature", "properties": {"PWSID": "GA0310180", "PWS_Name": "TIMBERLAND POINT APARTMENTS", "Primacy_Agency": "GA", "Population_Served_Count": 291, "Service_Connections_Count": 112, "Service_Area_Type": "Subdivision", "Verification_Status": "", "Area_SqKM": 0.06396547256316547}, "geometry": {"type": "Point", "coordinates": [-81.85300562587146, 32.52391797747891]}}, {"type": "Feature", "properties": {"PWSID": "GA0310191", "PWS_Name": "HORIZONS WEST SUBDIVISION", "Primacy_Agency": "GA", "Population_Served_Count": 216, "Service_Connections_Count": 154, "Service_Area_Type": "Subdivision", "Verification_Status": "", "Area_SqKM": 0.1670836966434004}, "geometry": {"type": "Point", "coordinates": [-81.96725287823189, 32.5110725912399]}}, {"type": "Feature", "properties": {"PWSID": "GA0310202", "PWS_Name": "MIDDLEGROUND PLANTATION", "Primacy_Agency": "GA", "Population_Served_Count": 143, "Service_Connections_Count": 55, "Service_Area_Type": "Subdivision", "Verification_Status": "", "Area_SqKM": 6.549174167226998}, "geometry": {"type": "Point", "coordinates": [-81.82313979334907, 32.540741890162195]}}, {"type": "Feature", "properties": {"PWSID": "GA1070020", "PWS_Name": "RANCH PARK WATER SYSTEM", "Primacy_Agency": "GA", "Population_Served_Count": 220, "Service_Connections_Count": 83, "Service_Area_Type": "Subdivision", "Verification_Status": "", "Area_SqKM": 0.7403378532994137}, "geometry": {"type": "Point", "coordinates": [-82.32461654042137, 32.56536291157285]}}, {"type": "Feature", "properties": {"PWSID": "GA2890000", "PWS_Name": "DANVILLE", "Primacy_Agency": "GA", "Population_Served_Count": 383, "Service_Connections_Count": 143, "Service_Area_Type": "Municipality", "Verification_Status": "", "Area_SqKM": 1.4719196428530346}, "geometry": {"type": "Point", "coordinates": [-83.24504781999303, 32.60479398671705]}}, {"type": "Feature", "properties": {"PWSID": "GA2890001", "PWS_Name": "JEFFERSONVILLE", "Primacy_Agency": "GA", "Population_Served_Count": 1988, "Service_Connections_Count": 500, "Service_Area_Type": "Municipality", "Verification_Status": "", "Area_SqKM": 5.708091564075086}, "geometry": {"type": "Point", "coordinates": [-83.34235469541038, 32.68318901559013]}}, {"type": "Feature", "properties": {"PWSID": "GA2890008", "PWS_Name": "EAST OCMULGEE ACRES S/D", "Primacy_Agency": "GA", "Population_Served_Count": 81, "Service_Connections_Count": 30, "Service_Area_Type": "Subdivision", "Verification_Status": "", "Area_SqKM": 0.18131500116617377}, "geometry": {"type": "Point", "coordinates": [-83.51104230996654, 32.741698920009966]}}, {"type": "Feature", "properties": {"PWSID": "GA2890009", "PWS_Name": "PAVATI WATER COMPANY, LLC", "Primacy_Agency": "GA", "Population_Served_Count": 108, "Service_Connections_Count": 40, "Service_Area_Type": "Residential Area", "Verification_Status": "", "Area_SqKM": 0.8330841363287761}, "geometry": {"type": "Point", "coordinates": [-83.4962965311604, 32.83533195578126]}}, {"type": "Feature", "properties": {"PWSID": "GA2890012", "PWS_Name": "TWIGGS CO.-KAOLIN HEIGHTS S/D", "Primacy_Agency": "GA", "Population_Served_Count": 41, "Service_Connections_Count": 15, "Service_Area_Type": "Subdivision", "Verification_Status": "", "Area_SqKM": 0.15278611453537339}, "geometry": {"type": "Point", "coordinates": [-83.44817196432703, 32.76049811575532]}}, {"type": "Feature", "properties": {"PWSID": "GA2890023", "PWS_Name": "TWIGGS CO.-BLACKBOTTOM WS", "Primacy_Agency": "GA", "Population_Served_Count": 46, "Service_Connections_Count": 17, "Service_Area_Type": "Subdivision", "Verification_Status": "", "Area_SqKM": 0.07891035201408715}, "geometry": {"type": "Point", "coordinates": [-83.49358640493882, 32.79481440891432]}}, {"type": "Feature", "properties": {"PWSID": "GA2890031", "PWS_Name": "TWIGGS COUNTY HWY 96/I16", "Primacy_Agency": "GA", "Population_Served_Count": 300, "Service_Connections_Count": 115, "Service_Area_Type": "Residential Area", "Verification_Status": "", "Area_SqKM": 1.5656843780409677}, "geometry": {"type": "Point", "coordinates": [-83.36089475270256, 32.62491105042337]}}, {"type": "Feature", "properties": {"PWSID": "GA1690027", "PWS_Name": "JONES ACRES MOBILE HOME PARK", "Primacy_Agency": "GA", "Population_Served_Count": 116, "Service_Connections_Count": 43, "Service_Area_Type": "Mobile Home Park - Principal Residence", "Verification_Status": "", "Area_SqKM": 0.0036782590239954746}, "geometry": {"type": "Point", "coordinates": [-83.5397620335557, 32.87457878340164]}}, {"type": "Feature", "properties": {"PWSID": "GA3190001", "PWS_Name": "GORDON", "Primacy_Agency": "GA", "Population_Served_Count": 2291, "Service_Connections_Count": 850, "Service_Area_Type": "Municipality", "Verification_Status": "", "Area_SqKM": 10.414979418281922}, "geometry": {"type": "Point", "coordinates": [-83.31304834594684, 32.901325980426265]}}, {"type": "Feature", "properties": {"PWSID": "GA0090000", "PWS_Name": "BALDWIN COUNTY", "Primacy_Agency": "GA", "Population_Served_Count": 23067, "Service_Connections_Count": 8984, "Service_Area_Type": "Residential Area", "Verification_Status": "", "Area_SqKM": 31.95936268433798}, "geometry": {"type": "Point", "coordinates": [-83.2729697999872, 33.14994679642141]}}, {"type": "Feature", "properties": {"PWSID": "GA0090042", "PWS_Name": "MERIWETHER-GOLDEN POND SUBDIVISION", "Primacy_Agency": "GA", "Population_Served_Count": 124, "Service_Connections_Count": 46, "Service_Area_Type": "Subdivision", "Verification_Status": "", "Area_SqKM": 0.36459082879543525}, "geometry": {"type": "Point", "coordinates": [-83.33042062620875, 33.15791062698462]}}, {"type": "Feature", "properties": {"PWSID": "GA1330008", "PWS_Name": "PARKS  MILL CROSSING SUBDIVISION", "Primacy_Agency": "GA", "Population_Served_Count": 304, "Service_Connections_Count": 217, "Service_Area_Type": "Subdivision", "Verification_Status": "", "Area_SqKM": 7.761721432817199}, "geometry": {"type": "Point", "coordinates": [-83.26811418385623, 33.5080298951061]}}, {"type": "Feature", "properties": {"PWSID": "GA1330014", "PWS_Name": "OCONEE HEIGHTS SUBDIVISION", "Primacy_Agency": "GA", "Population_Served_Count": 97, "Service_Connections_Count": 36, "Service_Area_Type": "Subdivision", "Verification_Status": "", "Area_SqKM": 4.5872021308575475}, "geometry": {"type": "Point", "coordinates": [-83.31257434772677, 33.51227551606858]}}, {"type": "Feature", "properties": {"PWSID": "GA1330059", "PWS_Name": "TWIN RIVERS-TWIN RIVERS FARMS", "Primacy_Agency": "GA", "Population_Served_Count": 143, "Service_Connections_Count": 55, "Service_Area_Type": "Subdivision", "Verification_Status": "", "Area_SqKM": 6.81793364199406}, "geometry": {"type": "Point", "coordinates": [-83.29166036071169, 33.55863253218279]}}, {"type": "Feature", "properties": {"PWSID": "GA1410007", "PWS_Name": "SCENIC SHORES SUBDIVISION", "Primacy_Agency": "GA", "Population_Served_Count": 1120, "Service_Connections_Count": 415, "Service_Area_Type": "Subdivision", "Verification_Status": "", "Area_SqKM": 4.891703906614176}, "geometry": {"type": "Point", "coordinates": [-83.28184031431965, 33.233351588509336]}}, {"type": "Feature", "properties": {"PWSID": "GA1590001", "PWS_Name": "SHADY DALE", "Primacy_Agency": "GA", "Population_Served_Count": 454, "Service_Connections_Count": 168, "Service_Area_Type": "Municipality", "Verification_Status": "", "Area_SqKM": 1.4953278555373526}, "geometry": {"type": "Point", "coordinates": [-83.59132978096505, 33.39673334888074]}}, {"type": "Feature", "properties": {"PWSID": "GA1690000", "PWS_Name": "GRAY", "Primacy_Agency": "GA", "Population_Served_Count": 9551, "Service_Connections_Count": 2305, "Service_Area_Type": "Municipality", "Verification_Status": "", "Area_SqKM": 23.67074068026385}, "geometry": {"type": "Point", "coordinates": [-83.5340411364903, 33.005585375820324]}}, {"type": "Feature", "properties": {"PWSID": "GA1690001", "PWS_Name": "JONES CO.-HADDOCK WATER COMMISSION, INC.", "Primacy_Agency": "GA", "Population_Served_Count": 489, "Service_Connections_Count": 203, "Service_Area_Type": "Homeowners Association", "Verification_Status": "", "Area_SqKM": 0.779507694843673}, "geometry": {"type": "Point", "coordinates": [-83.42555133688867, 33.03066702816056]}}, {"type": "Feature", "properties": {"PWSID": "GA2110001", "PWS_Name": "BUCKHEAD", "Primacy_Agency": "GA", "Population_Served_Count": 332, "Service_Connections_Count": 125, "Service_Area_Type": "Municipality", "Verification_Status": "", "Area_SqKM": 0.8470761990849227}, "geometry": {"type": "Point", "coordinates": [-83.36323234610944, 33.568002158974856]}}, {"type": "Feature", "properties": {"PWSID": "GA2110002", "PWS_Name": "MADISON", "Primacy_Agency": "GA", "Population_Served_Count": 6427, "Service_Connections_Count": 2472, "Service_Area_Type": "Municipality", "Verification_Status": "", "Area_SqKM": 15.117774501519673}, "geometry": {"type": "Point", "coordinates": [-83.46825783396422, 33.590091053587486]}}, {"type": "Feature", "properties": {"PWSID": "GA2110005", "PWS_Name": "SOURCE OF LIGHT MISSION", "Primacy_Agency": "GA", "Population_Served_Count": 72, "Service_Connections_Count": 20, "Service_Area_Type": "Other Residential", "Verification_Status": "", "Area_SqKM": 1.0732587952935626}, "geometry": {"type": "Point", "coordinates": [-83.4614146978897, 33.53076196383799]}}, {"type": "Feature", "properties": {"PWSID": "GA2110010", "PWS_Name": "BLUE SPRINGS S/D", "Primacy_Agency": "GA", "Population_Served_Count": 140, "Service_Connections_Count": 52, "Service_Area_Type": "Subdivision", "Verification_Status": "", "Area_SqKM": 1.222921517285616}, "geometry": {"type": "Point", "coordinates": [-83.29389722768518, 33.5439464135922]}}, {"type": "Feature", "properties": {"PWSID": "GA2110049", "PWS_Name": "MORGAN ESTATES SUBDIVISION", "Primacy_Agency": "GA", "Population_Served_Count": 161, "Service_Connections_Count": 62, "Service_Area_Type": "Subdivision", "Verification_Status": "", "Area_SqKM": 2.612550563902903}, "geometry": {"type": "Point", "coordinates": [-83.28688830076081, 33.52958204127842]}}, {"type": "Feature", "properties": {"PWSID": "GA2110055", "PWS_Name": "RIVER WOODS ON LAKE OCONEE S/D", "Primacy_Agency": "GA", "Population_Served_Count": 151, "Service_Connections_Count": 56, "Service_Area_Type": "Subdivision", "Verification_Status": "", "Area_SqKM": 2.0320079350200215}, "geometry": {"type": "Point", "coordinates": [-83.35336367947674, 33.608450327957456]}}, {"type": "Feature", "properties": {"PWSID": "GA2370013", "PWS_Name": "CEDAR COVE / HICKORY POINT SUBDIVISION", "Primacy_Agency": "GA", "Population_Served_Count": 432, "Service_Connections_Count": 160, "Service_Area_Type": "Subdivision", "Verification_Status": "", "Area_SqKM": 1.9639273313756653}, "geometry": {"type": "Point", "coordinates": [-83.31533146922573, 33.469309527231644]}}, {"type": "Feature", "properties": {"PWSID": "GA2370046", "PWS_Name": "LAKE OCONEE PLANTATION S/D", "Primacy_Agency": "GA", "Population_Served_Count": 198, "Service_Connections_Count": 77, "Service_Area_Type": "Subdivision", "Verification_Status": "", "Area_SqKM": 1.2670329558890185}, "geometry": {"type": "Point", "coordinates": [-83.26361755310876, 33.39842040000994]}}, {"type": "Feature", "properties": {"PWSID": "GA2370051", "PWS_Name": "EAGLES NEST/PARKS MILL LANDING S/D", "Primacy_Agency": "GA", "Population_Served_Count": 327, "Service_Connections_Count": 117, "Service_Area_Type": "Subdivision", "Verification_Status": "", "Area_SqKM": 0.31277277630831307}, "geometry": {"type": "Point", "coordinates": [-83.30775675910103, 33.475560467113866]}}, {"type": "Feature", "properties": {"PWSID": "GA2370063", "PWS_Name": "WHIPPOORWILL COVE/LOCH HAVEN S/D", "Primacy_Agency": "GA", "Population_Served_Count": 221, "Service_Connections_Count": 82, "Service_Area_Type": "Subdivision", "Verification_Status": "", "Area_SqKM": 11.02661687086712}, "geometry": {"type": "Point", "coordinates": [-83.28185183022401, 33.39963438603446]}}, {"type": "Feature", "properties": {"PWSID": "GA2370088", "PWS_Name": "ALEXANDER LAKES SUBDIVISION", "Primacy_Agency": "GA", "Population_Served_Count": 248, "Service_Connections_Count": 92, "Service_Area_Type": "Subdivision", "Verification_Status": "", "Area_SqKM": 2.80164917572378}, "geometry": {"type": "Point", "coordinates": [-83.29251146106756, 33.41860868386146]}}, {"type": "Feature", "properties": {"PWSID": "GA2370091", "PWS_Name": "DEER RUN MOBILE HOME PARK II", "Primacy_Agency": "GA", "Population_Served_Count": 181, "Service_Connections_Count": 67, "Service_Area_Type": "Mobile Home Park", "Verification_Status": "", "Area_SqKM": 1.4251689436506563}, "geometry": {"type": "Point", "coordinates": [-83.40173974624393, 33.441690092287075]}}, {"type": "Feature", "properties": {"PWSID": "GA2370094", "PWS_Name": "MEADOWCREST SUBDIVISION", "Primacy_Agency": "GA", "Population_Served_Count": 119, "Service_Connections_Count": 44, "Service_Area_Type": "Subdivision", "Verification_Status": "", "Area_SqKM": 0.4937453418564964}, "geometry": {"type": "Point", "coordinates": [-83.27354282624619, 33.41151277784667]}}, {"type": "Feature", "properties": {"PWSID": "GA2370097", "PWS_Name": "PHOENIX CROSSING  SUBDIVISION", "Primacy_Agency": "GA", "Population_Served_Count": 55, "Service_Connections_Count": 21, "Service_Area_Type": "Subdivision", "Verification_Status": "", "Area_SqKM": 0.017907090853502484}, "geometry": {"type": "Point", "coordinates": [-83.27711545104385, 33.36276764492111]}}, {"type": "Feature", "properties": {"PWSID": "GA3190003", "PWS_Name": "IVEY", "Primacy_Agency": "GA", "Population_Served_Count": 1222, "Service_Connections_Count": 454, "Service_Area_Type": "Municipality", "Verification_Status": "", "Area_SqKM": 4.270779146894207}, "geometry": {"type": "Point", "coordinates": [-83.28096391764902, 32.9865034892742]}}, {"type": "Feature", "properties": {"PWSID": "GA1330046", "PWS_Name": "REYNOLDS PLANTATION", "Primacy_Agency": "GA", "Population_Served_Count": 13500, "Service_Connections_Count": 5000, "Service_Area_Type": "Subdivision", "Verification_Status": "", "Area_SqKM": 0.05620363170069641}, "geometry": {"type": "Point", "coordinates": [-83.24850655957843, 33.47299303835647]}}, {"type": "Feature", "properties": {"PWSID": "GA1330067", "PWS_Name": "NORTHWOODS S/D", "Primacy_Agency": "GA", "Population_Served_Count": 143, "Service_Connections_Count": 55, "Service_Area_Type": "Residential Area", "Verification_Status": "", "Area_SqKM": 5.185897610363379}, "geometry": {"type": "Point", "coordinates": [-83.2585184415539, 33.60627732141702]}}, {"type": "Feature", "properties": {"PWSID": "GA2370085", "PWS_Name": "WATER OAKS SUBDIVISION", "Primacy_Agency": "GA", "Population_Served_Count": 100, "Service_Connections_Count": 37, "Service_Area_Type": "Subdivision", "Verification_Status": "", "Area_SqKM": 4.521017861165882}, "geometry": {"type": "Point", "coordinates": [-83.24581632397933, 33.55644575490079]}}, {"type": "Feature", "properties": {"PWSID": "GA1750030", "PWS_Name": "HOLLY HILLS SUBDIVISION", "Primacy_Agency": "GA", "Population_Served_Count": 645, "Service_Connections_Count": 239, "Service_Area_Type": "Subdivision", "Verification_Status": "", "Area_SqKM": 1.182437385091069}, "geometry": {"type": "Point", "coordinates": [-82.9483704313727, 32.579320797015235]}}, {"type": "Feature", "properties": {"PWSID": "GA3030003", "PWS_Name": "OCONEE", "Primacy_Agency": "GA", "Population_Served_Count": 284, "Service_Connections_Count": 110, "Service_Area_Type": "Municipality", "Verification_Status": "", "Area_SqKM": 1.2598339104234373}, "geometry": {"type": "Point", "coordinates": [-82.95935265614735, 32.850375185954455]}}, {"type": "Feature", "properties": {"PWSID": "GA3190000", "PWS_Name": "ALLENTOWN", "Primacy_Agency": "GA", "Population_Served_Count": 308, "Service_Connections_Count": 118, "Service_Area_Type": "Municipality", "Verification_Status": "", "Area_SqKM": 0.9747374721412132}, "geometry": {"type": "Point", "coordinates": [-83.2283224197544, 32.5937830429985]}}, {"type": "Feature", "properties": {"PWSID": "GA3190002", "PWS_Name": "IRWINTON", "Primacy_Agency": "GA", "Population_Served_Count": 1597, "Service_Connections_Count": 705, "Service_Area_Type": "Municipality", "Verification_Status": "", "Area_SqKM": 9.907752719450718}, "geometry": {"type": "Point", "coordinates": [-83.19749985935707, 32.83781129087682]}}, {"type": "Feature", "properties": {"PWSID": "GA1410004", "PWS_Name": "WOODLAND VALLEY SUBDIVISION", "Primacy_Agency": "GA", "Population_Served_Count": 663, "Service_Connections_Count": 255, "Service_Area_Type": "Subdivision", "Verification_Status": "", "Area_SqKM": 0.06860014187070758}, "geometry": {"type": "Point", "coordinates": [-83.21087315300218, 33.188898252986135]}}, {"type": "Feature", "properties": {"PWSID": "GA1410006", "PWS_Name": "ISLAND CREEK / GLENWOOD SUBDIVISION", "Primacy_Agency": "GA", "Population_Served_Count": 681, "Service_Connections_Count": 262, "Service_Area_Type": "Subdivision", "Verification_Status": "", "Area_SqKM": 4.739694906439226}, "geometry": {"type": "Point", "coordinates": [-83.22702703347042, 33.171062392347224]}}, {"type": "Feature", "properties": {"PWSID": "GA3030001", "PWS_Name": "DEEPSTEP", "Primacy_Agency": "GA", "Population_Served_Count": 114, "Service_Connections_Count": 84, "Service_Area_Type": "Municipality", "Verification_Status": "", "Area_SqKM": 1.6888582469113316}, "geometry": {"type": "Point", "coordinates": [-82.97195266911447, 33.00141353838001]}}, {"type": "Feature", "properties": {"PWSID": "GA1330001", "PWS_Name": "SILOAM", "Primacy_Agency": "GA", "Population_Served_Count": 494, "Service_Connections_Count": 183, "Service_Area_Type": "Municipality", "Verification_Status": "", "Area_SqKM": 1.7404275783702674}, "geometry": {"type": "Point", "coordinates": [-83.07798952579418, 33.534656383841316]}}, {"type": "Feature", "properties": {"PWSID": "GA1330002", "PWS_Name": "UNION POINT", "Primacy_Agency": "GA", "Population_Served_Count": 2114, "Service_Connections_Count": 813, "Service_Area_Type": "Municipality", "Verification_Status": "", "Area_SqKM": 5.243550983395147}, "geometry": {"type": "Point", "coordinates": [-83.0741269363804, 33.61475233082835]}}, {"type": "Feature", "properties": {"PWSID": "GA1330048", "PWS_Name": "CHEROKEE POINT SUBDIVISION", "Primacy_Agency": "GA", "Population_Served_Count": 138, "Service_Connections_Count": 53, "Service_Area_Type": "Subdivision", "Verification_Status": "", "Area_SqKM": 1.4118346909035977}, "geometry": {"type": "Point", "coordinates": [-83.19335392057977, 33.46958635585841]}}, {"type": "Feature", "properties": {"PWSID": "GA1330051", "PWS_Name": "SALEM PLANTATION SUBDIVISION", "Primacy_Agency": "GA", "Population_Served_Count": 157, "Service_Connections_Count": 58, "Service_Area_Type": "Subdivision", "Verification_Status": "", "Area_SqKM": 7.639345674987265}, "geometry": {"type": "Point", "coordinates": [-83.23824792733119, 33.435343397077716]}}, {"type": "Feature", "properties": {"PWSID": "GA1330071", "PWS_Name": "EMERALD SHORES SUBDIVISION", "Primacy_Agency": "GA", "Population_Served_Count": 120, "Service_Connections_Count": 46, "Service_Area_Type": "Subdivision", "Verification_Status": "", "Area_SqKM": 11.857071988888201}, "geometry": {"type": "Point", "coordinates": [-83.17211065601465, 33.414975973626895]}}, {"type": "Feature", "properties": {"PWSID": "GA1410001", "PWS_Name": "SPARTA", "Primacy_Agency": "GA", "Population_Served_Count": 6152, "Service_Connections_Count": 2912, "Service_Area_Type": "Municipality", "Verification_Status": "", "Area_SqKM": 10.172789592882753}, "geometry": {"type": "Point", "coordinates": [-82.98342434544607, 33.279177871760645]}}, {"type": "Feature", "properties": {"PWSID": "GA1410016", "PWS_Name": "HOLIDAY SHORES SUBDIVISION", "Primacy_Agency": "GA", "Population_Served_Count": 813, "Service_Connections_Count": 301, "Service_Area_Type": "Subdivision", "Verification_Status": "", "Area_SqKM": 5.479583874600798}, "geometry": {"type": "Point", "coordinates": [-83.20342842472408, 33.28762526679931]}}, {"type": "Feature", "properties": {"PWSID": "GA1410019", "PWS_Name": "HANCOCK CO-GA15E/DEVEREAU WS", "Primacy_Agency": "GA", "Population_Served_Count": 1512, "Service_Connections_Count": 560, "Service_Area_Type": "Residential Area", "Verification_Status": "", "Area_SqKM": 2.830341793266838}, "geometry": {"type": "Point", "coordinates": [-82.99147692437165, 33.28046150141082]}}, {"type": "Feature", "properties": {"PWSID": "GA2370045", "PWS_Name": "WERBLS", "Primacy_Agency": "GA", "Population_Served_Count": 2193, "Service_Connections_Count": 1000, "Service_Area_Type": "Subdivision", "Verification_Status": "", "Area_SqKM": 0.055663581949781424}, "geometry": {"type": "Point", "coordinates": [-83.21815694292214, 33.3293719509874]}}, {"type": "Feature", "properties": {"PWSID": "GA2370055", "PWS_Name": "LONG SHOALS LANDING S/D", "Primacy_Agency": "GA", "Population_Served_Count": 59, "Service_Connections_Count": 22, "Service_Area_Type": "Other Transient Area", "Verification_Status": "", "Area_SqKM": 0.31232385940782836}, "geometry": {"type": "Point", "coordinates": [-83.18007039122071, 33.361801718698544]}}, {"type": "Feature", "properties": {"PWSID": "GA2370057", "PWS_Name": "OCONEE SPRINGS LANDING S/D", "Primacy_Agency": "GA", "Population_Served_Count": 327, "Service_Connections_Count": 121, "Service_Area_Type": "Subdivision", "Verification_Status": "", "Area_SqKM": 3.9272123617348336}, "geometry": {"type": "Point", "coordinates": [-83.18570815369876, 33.28433401981987]}}, {"type": "Feature", "properties": {"PWSID": "GA2370073", "PWS_Name": "OCONEE CROSSING WS (RES.& COMM.)", "Primacy_Agency": "GA", "Population_Served_Count": 3189, "Service_Connections_Count": 1378, "Service_Area_Type": "Other Residential", "Verification_Status": "", "Area_SqKM": 25.54072312864031}, "geometry": {"type": "Point", "coordinates": [-83.24288447781242, 33.436512262681134]}}, {"type": "Feature", "properties": {"PWSID": "GA1350006", "PWS_Name": "LOGANVILLE", "Primacy_Agency": "GA", "Population_Served_Count": 12319, "Service_Connections_Count": 4738, "Service_Area_Type": "Municipality", "Verification_Status": "", "Area_SqKM": 84.69020408652449}, "geometry": {"type": "Point", "coordinates": [-83.9004323526239, 33.81726864936437]}}, {"type": "Feature", "properties": {"PWSID": "GA1350011", "PWS_Name": "JONES MOBILE HOME PARK", "Primacy_Agency": "GA", "Population_Served_Count": 800, "Service_Connections_Count": 350, "Service_Area_Type": "Mobile Home Park - Principal Residence", "Verification_Status": "", "Area_SqKM": 0.0641730272745906}, "geometry": {"type": "Point", "coordinates": [-84.17849527147233, 33.92375841075792]}}, {"type": "Feature", "properties": {"PWSID": "GA1350012", "PWS_Name": "NORCROSS MOBILE HOME VILLAGE", "Primacy_Agency": "GA", "Population_Served_Count": 543, "Service_Connections_Count": 209, "Service_Area_Type": "Mobile Home Park - Principal Residence", "Verification_Status": "", "Area_SqKM": 0.3380823332345872}, "geometry": {"type": "Point", "coordinates": [-84.17373713917661, 33.96210834849734]}}, {"type": "Feature", "properties": {"PWSID": "GA1290022", "PWS_Name": "FAIRMOUNT WATER SYSTEM", "Primacy_Agency": "GA", "Population_Served_Count": 194, "Service_Connections_Count": 72, "Service_Area_Type": "Municipality", "Verification_Status": "", "Area_SqKM": 4.246795019735706}, "geometry": {"type": "Point", "coordinates": [-84.69751620789962, 34.438461128945775]}}, {"type": "Feature", "properties": {"PWSID": "GA1390000", "PWS_Name": "FLOWERY BRANCH", "Primacy_Agency": "GA", "Population_Served_Count": 4594, "Service_Connections_Count": 1815, "Service_Area_Type": "Municipality", "Verification_Status": "", "Area_SqKM": 0.013824728525161938}, "geometry": {"type": "Point", "coordinates": [-83.97078826988339, 34.176204047207165]}}, {"type": "Feature", "properties": {"PWSID": "GA1390013", "PWS_Name": "LODGE HAVEN SUBDIVISION", "Primacy_Agency": "GA", "Population_Served_Count": 104, "Service_Connections_Count": 40, "Service_Area_Type": "Subdivision", "Verification_Status": "", "Area_SqKM": 1.246838767612473}, "geometry": {"type": "Point", "coordinates": [-83.93149335232923, 34.30690677038233]}}, {"type": "Feature", "properties": {"PWSID": "GA2970001", "PWS_Name": "MONROE", "Primacy_Agency": "GA", "Population_Served_Count": 23997, "Service_Connections_Count": 10249, "Service_Area_Type": "Municipality", "Verification_Status": "", "Area_SqKM": 51.059176070846476}, "geometry": {"type": "Point", "coordinates": [-83.73598067383197, 33.80269198012802]}}, {"type": "Feature", "properties": {"PWSID": "GA2970046", "PWS_Name": "RIVERMIST SUBDIVISION", "Primacy_Agency": "GA", "Population_Served_Count": 94, "Service_Connections_Count": 36, "Service_Area_Type": "Subdivision", "Verification_Status": "", "Area_SqKM": 3.5592003388573654}, "geometry": {"type": "Point", "coordinates": [-83.75624043399657, 33.75663830852505]}}, {"type": "Feature", "properties": {"PWSID": "GA1330050", "PWS_Name": "EAGLES VIEW", "Primacy_Agency": "GA", "Population_Served_Count": 267, "Service_Connections_Count": 99, "Service_Area_Type": "Subdivision", "Verification_Status": "", "Area_SqKM": 18.5302636638811}, "geometry": {"type": "Point", "coordinates": [-83.43953281320911, 33.683952075105985]}}, {"type": "Feature", "properties": {"PWSID": "GA0110000", "PWS_Name": "HOMER", "Primacy_Agency": "GA", "Population_Served_Count": 1188, "Service_Connections_Count": 457, "Service_Area_Type": "Residential Area", "Verification_Status": "", "Area_SqKM": 2.582110493503927}, "geometry": {"type": "Point", "coordinates": [-83.50324960555895, 34.325819822207876]}}, {"type": "Feature", "properties": {"PWSID": "GA0110026", "PWS_Name": "BANKS CO - MOUNTAIN CREEK", "Primacy_Agency": "GA", "Population_Served_Count": 6453, "Service_Connections_Count": 2701, "Service_Area_Type": "Residential Area", "Verification_Status": "", "Area_SqKM": 6.310789244003469}, "geometry": {"type": "Point", "coordinates": [-83.5069707077455, 34.45104441201753]}}, {"type": "Feature", "properties": {"PWSID": "GA0110029", "PWS_Name": "HIDDEN LAKE SUBDIVISION", "Primacy_Agency": "GA", "Population_Served_Count": 108, "Service_Connections_Count": 40, "Service_Area_Type": "Subdivision", "Verification_Status": "", "Area_SqKM": 1.2654767624280643}, "geometry": {"type": "Point", "coordinates": [-83.47333594536514, 34.33624495155655]}}, {"type": "Feature", "properties": {"PWSID": "GA0130032", "PWS_Name": "OAK HILLS WATER SYSTEM", "Primacy_Agency": "GA", "Population_Served_Count": 192, "Service_Connections_Count": 74, "Service_Area_Type": "Subdivision", "Verification_Status": "", "Area_SqKM": 1.5784018532090571}, "geometry": {"type": "Point", "coordinates": [-83.69219927049652, 33.9795285178176]}}, {"type": "Feature", "properties": {"PWSID": "GA0590003", "PWS_Name": "COUNTRY CORNERS MOBILE HOME COMMUNITY", "Primacy_Agency": "GA", "Population_Served_Count": 390, "Service_Connections_Count": 150, "Service_Area_Type": "Mobile Home Park - Principal Residence", "Verification_Status": "", "Area_SqKM": 0.08713848001982036}, "geometry": {"type": "Point", "coordinates": [-83.32699920432094, 34.0152383696082]}}, {"type": "Feature", "properties": {"PWSID": "GA0590004", "PWS_Name": "HALLMARK MANUFACTURED HOUSING COMMUNITY", "Primacy_Agency": "GA", "Population_Served_Count": 753, "Service_Connections_Count": 279, "Service_Area_Type": "Mobile Home Park - Principal Residence", "Verification_Status": "", "Area_SqKM": 0.028038883872096496}, "geometry": {"type": "Point", "coordinates": [-83.33282218550782, 33.963154261922924]}}, {"type": "Feature", "properties": {"PWSID": "GA0590007", "PWS_Name": "SANDY SPRINGS SUBDIVISION", "Primacy_Agency": "GA", "Population_Served_Count": 55, "Service_Connections_Count": 21, "Service_Area_Type": "Subdivision", "Verification_Status": "", "Area_SqKM": 1.0522383562306865}, "geometry": {"type": "Point", "coordinates": [-83.346783233425, 34.03911065555834]}}, {"type": "Feature", "properties": {"PWSID": "GA0590009", "PWS_Name": "PINEWOOD ESTATES NORTH", "Primacy_Agency": "GA", "Population_Served_Count": 581, "Service_Connections_Count": 215, "Service_Area_Type": "Mobile Home Park - Principal Residence", "Verification_Status": "", "Area_SqKM": 3.5812937847322464}, "geometry": {"type": "Point", "coordinates": [-83.33472737168229, 34.013355172984724]}}, {"type": "Feature", "properties": {"PWSID": "GA0590020", "PWS_Name": "RAMBLE HILLS SUBDIVISION", "Primacy_Agency": "GA", "Population_Served_Count": 157, "Service_Connections_Count": 37, "Service_Area_Type": "Subdivision", "Verification_Status": "", "Area_SqKM": 0.7763217388728415}, "geometry": {"type": "Point", "coordinates": [-83.46876282752494, 33.97957432760525]}}, {"type": "Feature", "properties": {"PWSID": "GA0590054", "PWS_Name": "BEAVER DAM ESTATES M. H. P.", "Primacy_Agency": "GA", "Population_Served_Count": 78, "Service_Connections_Count": 30, "Service_Area_Type": "Mobile Home Park - Principal Residence", "Verification_Status": "", "Area_SqKM": 3.2206323373708545}, "geometry": {"type": "Point", "coordinates": [-83.30615854348002, 33.94417013478629]}}, {"type": "Feature", "properties": {"PWSID": "GA0590070", "PWS_Name": "FOWLER`S MILL SUBDIVISION", "Primacy_Agency": "GA", "Population_Served_Count": 122, "Service_Connections_Count": 47, "Service_Area_Type": "Subdivision", "Verification_Status": "", "Area_SqKM": 0.85617044054937}, "geometry": {"type": "Point", "coordinates": [-83.52724239768061, 33.95307629541561]}}, {"type": "Feature", "properties": {"PWSID": "GA0590071", "PWS_Name": "CRESTMONT FARMS SUBDIVISION", "Primacy_Agency": "GA", "Population_Served_Count": 170, "Service_Connections_Count": 63, "Service_Area_Type": "Subdivision", "Verification_Status": "", "Area_SqKM": 6.1781135749381475}, "geometry": {"type": "Point", "coordinates": [-83.52217805983032, 33.96940138480245]}}, {"type": "Feature", "properties": {"PWSID": "GA0850000", "PWS_Name": "DAWSONVILLE", "Primacy_Agency": "GA", "Population_Served_Count": 4433, "Service_Connections_Count": 1705, "Service_Area_Type": "Municipality", "Verification_Status": "", "Area_SqKM": 12.686281613794948}, "geometry": {"type": "Point", "coordinates": [-84.12518689403643, 34.42718921198851]}}, {"type": "Feature", "properties": {"PWSID": "GA0850007", "PWS_Name": "ETOWAH", "Primacy_Agency": "GA", "Population_Served_Count": 23922, "Service_Connections_Count": 7922, "Service_Area_Type": "Municipality", "Verification_Status": "", "Area_SqKM": 13.209977373840227}, "geometry": {"type": "Point", "coordinates": [-84.02539631862776, 34.36889224656602]}}, {"type": "Feature", "properties": {"PWSID": "GA0850012", "PWS_Name": "ATHENS BOAT CLUB", "Primacy_Agency": "GA", "Population_Served_Count": 325, "Service_Connections_Count": 128, "Service_Area_Type": "Residential Area", "Verification_Status": "", "Area_SqKM": 4.513209489040777}, "geometry": {"type": "Point", "coordinates": [-83.99218300711071, 34.34546933445552]}}, {"type": "Feature", "properties": {"PWSID": "GA0850027", "PWS_Name": "GOLDEN RIDGE", "Primacy_Agency": "GA", "Population_Served_Count": 42, "Service_Connections_Count": 16, "Service_Area_Type": "Subdivision", "Verification_Status": "", "Area_SqKM": 1.1219449464559965}, "geometry": {"type": "Point", "coordinates": [-84.19172448717855, 34.44558427819168]}}, {"type": "Feature", "properties": {"PWSID": "GA0850029", "PWS_Name": "THE VILLAGE AT PARADISE VALLEY", "Primacy_Agency": "GA", "Population_Served_Count": 195, "Service_Connections_Count": 75, "Service_Area_Type": "Subdivision", "Verification_Status": "", "Area_SqKM": 0.01022902837264137}, "geometry": {"type": "Point", "coordinates": [-84.04191146361254, 34.40821891813471]}}, {"type": "Feature", "properties": {"PWSID": "GA1050000", "PWS_Name": "BOWMAN WATER SYSTEM", "Primacy_Agency": "GA", "Population_Served_Count": 1299, "Service_Connections_Count": 498, "Service_Area_Type": "Municipality", "Verification_Status": "", "Area_SqKM": 5.165730901978744}, "geometry": {"type": "Point", "coordinates": [-83.02781291789748, 34.20534042081921]}}, {"type": "Feature", "properties": {"PWSID": "GA1170030", "PWS_Name": "SHADY SHORES SUBDIVISION", "Primacy_Agency": "GA", "Population_Served_Count": 1632, "Service_Connections_Count": 700, "Service_Area_Type": "Subdivision", "Verification_Status": "", "Area_SqKM": 3.1120610504458037}, "geometry": {"type": "Point", "coordinates": [-84.061704909772, 34.31934157557964]}}, {"type": "Feature", "properties": {"PWSID": "GA1190000", "PWS_Name": "CANON WATER SYSTEM", "Primacy_Agency": "GA", "Population_Served_Count": 1048, "Service_Connections_Count": 388, "Service_Area_Type": "Municipality", "Verification_Status": "", "Area_SqKM": 4.555892476732772}, "geometry": {"type": "Point", "coordinates": [-83.10654345221872, 34.34780781889703]}}, {"type": "Feature", "properties": {"PWSID": "GA1190001", "PWS_Name": "CARNESVILLE WATER SYSTEM", "Primacy_Agency": "GA", "Population_Served_Count": 954, "Service_Connections_Count": 457, "Service_Area_Type": "Municipality", "Verification_Status": "", "Area_SqKM": 5.2669053001299755}, "geometry": {"type": "Point", "coordinates": [-83.23407866274516, 34.36994853558329]}}, {"type": "Feature", "properties": {"PWSID": "GA1390012", "PWS_Name": "LEISURE LAKE CONDO. ASSOC.INC.", "Primacy_Agency": "GA", "Population_Served_Count": 532, "Service_Connections_Count": 197, "Service_Area_Type": "Mobile Home Park - Principal Residence", "Verification_Status": "", "Area_SqKM": 0.1453980178458062}, "geometry": {"type": "Point", "coordinates": [-83.94375608292202, 34.411110189758745]}}, {"type": "Feature", "properties": {"PWSID": "GA1390016", "PWS_Name": "SURFSIDE CLUB ESTATES", "Primacy_Agency": "GA", "Population_Served_Count": 523, "Service_Connections_Count": 201, "Service_Area_Type": "Subdivision", "Verification_Status": "", "Area_SqKM": 1.6318479752607282}, "geometry": {"type": "Point", "coordinates": [-83.7511309996725, 34.37087448578447]}}, {"type": "Feature", "properties": {"PWSID": "GA1470008", "PWS_Name": "BOWERSVILLE", "Primacy_Agency": "GA", "Population_Served_Count": 594, "Service_Connections_Count": 195, "Service_Area_Type": "Municipality", "Verification_Status": "", "Area_SqKM": 1.1359410694196108}, "geometry": {"type": "Point", "coordinates": [-83.08417111892237, 34.369132404791884]}}, {"type": "Feature", "properties": {"PWSID": "GA1470009", "PWS_Name": "PARADISE PT-TAHOE/YORK SD", "Primacy_Agency": "GA", "Population_Served_Count": 81, "Service_Connections_Count": 31, "Service_Area_Type": "Subdivision", "Verification_Status": "", "Area_SqKM": 0.1486621141633425}, "geometry": {"type": "Point", "coordinates": [-82.94677319664873, 34.389778901633804]}}, {"type": "Feature", "properties": {"PWSID": "GA1470051", "PWS_Name": "SANDERS MOBILE HOME PARK", "Primacy_Agency": "GA", "Population_Served_Count": 332, "Service_Connections_Count": 128, "Service_Area_Type": "Mobile Home Park - Principal Residence", "Verification_Status": "", "Area_SqKM": 0.10956828312180598}, "geometry": {"type": "Point", "coordinates": [-82.9520393547255, 34.38010726200682]}}, {"type": "Feature", "properties": {"PWSID": "GA1470065", "PWS_Name": "HART CO. WATER & SEWER AUTH.", "Primacy_Agency": "GA", "Population_Served_Count": 5637, "Service_Connections_Count": 2219, "Service_Area_Type": "Residential Area", "Verification_Status": "", "Area_SqKM": 5.368082909242703}, "geometry": {"type": "Point", "coordinates": [-82.94433929540162, 34.45792536999549]}}, {"type": "Feature", "properties": {"PWSID": "GA0590000", "PWS_Name": "ATHENS-CLARKE CO WATER SYSTEM", "Primacy_Agency": "GA", "Population_Served_Count": 125000, "Service_Connections_Count": 40300, "Service_Area_Type": "Municipality", "Verification_Status": "", "Area_SqKM": 320.6093284076605}, "geometry": {"type": "Point", "coordinates": [-83.38268478063203, 33.939672094194236]}}, {"type": "Feature", "properties": {"PWSID": "GA1950073", "PWS_Name": "HARRISON MILITIA DISTRICT", "Primacy_Agency": "GA", "Population_Served_Count": 283, "Service_Connections_Count": 109, "Service_Area_Type": "Residential Area", "Verification_Status": "", "Area_SqKM": 0.0021549568665432434}, "geometry": {"type": "Point", "coordinates": [-83.15250807973803, 34.21682830003188]}}, {"type": "Feature", "properties": {"PWSID": "GA0590013", "PWS_Name": "CHEROKEE MOBILE HOME PARK", "Primacy_Agency": "GA", "Population_Served_Count": 100, "Service_Connections_Count": 37, "Service_Area_Type": "Mobile Home Park - Principal Residence", "Verification_Status": "", "Area_SqKM": 0.0945580385052553}, "geometry": {"type": "Point", "coordinates": [-83.29656627887796, 33.952127871379915]}}, {"type": "Feature", "properties": {"PWSID": "GA2970055", "PWS_Name": "BEARDEN ESTATES", "Primacy_Agency": "GA", "Population_Served_Count": 54, "Service_Connections_Count": 20, "Service_Area_Type": "Subdivision", "Verification_Status": "", "Area_SqKM": 0.015686324188957726}, "geometry": {"type": "Point", "coordinates": [-83.5931636665429, 33.81460975000932]}}, {"type": "Feature", "properties": {"PWSID": "GA2970020", "PWS_Name": "HILLSIDE VILLAGE MHP, INC.", "Primacy_Agency": "GA", "Population_Served_Count": 221, "Service_Connections_Count": 82, "Service_Area_Type": "Mobile Home Park - Principal Residence", "Verification_Status": "", "Area_SqKM": 3.9783237033772827}, "geometry": {"type": "Point", "coordinates": [-83.67187333506301, 33.78865085999691]}}, {"type": "Feature", "properties": {"PWSID": "GA2270002", "PWS_Name": "PICKENS COUNTY WATER AUTH.", "Primacy_Agency": "GA", "Population_Served_Count": 7153, "Service_Connections_Count": 2751, "Service_Area_Type": "Municipality", "Verification_Status": "", "Area_SqKM": 50.35588945485222}, "geometry": {"type": "Point", "coordinates": [-84.41971828678643, 34.463233228475026]}}, {"type": "Feature", "properties": {"PWSID": "GA2270000", "PWS_Name": "JASPER", "Primacy_Agency": "GA", "Population_Served_Count": 14435, "Service_Connections_Count": 5346, "Service_Area_Type": "Municipality", "Verification_Status": "", "Area_SqKM": 10.687402841510405}, "geometry": {"type": "Point", "coordinates": [-84.45886906517843, 34.43751596346387]}}, {"type": "Feature", "properties": {"PWSID": "GA2210065", "PWS_Name": "THE BRIDGES SUBDIVISION", "Primacy_Agency": "GA", "Population_Served_Count": 97, "Service_Connections_Count": 36, "Service_Area_Type": "Subdivision", "Verification_Status": "", "Area_SqKM": 5.121529936529534}, "geometry": {"type": "Point", "coordinates": [-83.27930672717541, 33.86895152878771]}}, {"type": "Feature", "properties": {"PWSID": "GA2210064", "PWS_Name": "EMERALD LANDING", "Primacy_Agency": "GA", "Population_Served_Count": 59, "Service_Connections_Count": 22, "Service_Area_Type": "Subdivision", "Verification_Status": "", "Area_SqKM": 0.10397388319956913}, "geometry": {"type": "Point", "coordinates": [-83.22700040000962, 33.96987467745509]}}, {"type": "Feature", "properties": {"PWSID": "GA2210062", "PWS_Name": "SMOKEY ROAD WATER SYSTEM", "Primacy_Agency": "GA", "Population_Served_Count": 143, "Service_Connections_Count": 55, "Service_Area_Type": "Subdivision", "Verification_Status": "", "Area_SqKM": 0.1418969226311564}, "geometry": {"type": "Point", "coordinates": [-83.18313824217374, 33.89149194737321]}}, {"type": "Feature", "properties": {"PWSID": "GA2210002", "PWS_Name": "MAXEYS", "Primacy_Agency": "GA", "Population_Served_Count": 281, "Service_Connections_Count": 108, "Service_Area_Type": "Municipality", "Verification_Status": "", "Area_SqKM": 1.6936622441371902}, "geometry": {"type": "Point", "coordinates": [-83.17130044383332, 33.758016340212954]}}, {"type": "Feature", "properties": {"PWSID": "GA2210001", "PWS_Name": "LEXINGTON", "Primacy_Agency": "GA", "Population_Served_Count": 1015, "Service_Connections_Count": 382, "Service_Area_Type": "Municipality", "Verification_Status": "", "Area_SqKM": 1.3567391775353241}, "geometry": {"type": "Point", "coordinates": [-83.11083369687175, 33.87460415973147]}}, {"type": "Feature", "properties": {"PWSID": "GA2210000", "PWS_Name": "CRAWFORD", "Primacy_Agency": "GA", "Population_Served_Count": 1170, "Service_Connections_Count": 452, "Service_Area_Type": "Municipality", "Verification_Status": "", "Area_SqKM": 5.450974814848676}, "geometry": {"type": "Point", "coordinates": [-83.14878946029013, 33.88391556537454]}}, {"type": "Feature", "properties": {"PWSID": "GA2190073", "PWS_Name": "BRIDLEGATE S/D", "Primacy_Agency": "GA", "Population_Served_Count": 68, "Service_Connections_Count": 18, "Service_Area_Type": "Subdivision", "Verification_Status": "", "Area_SqKM": 0.3343995236869744}, "geometry": {"type": "Point", "coordinates": [-83.40783284444313, 33.8601113471861]}}, {"type": "Feature", "properties": {"PWSID": "GA2190071", "PWS_Name": "WRANGLERS HIDE AWAY", "Primacy_Agency": "GA", "Population_Served_Count": 68, "Service_Connections_Count": 22, "Service_Area_Type": "Subdivision", "Verification_Status": "", "Area_SqKM": 0.25410130659919145}, "geometry": {"type": "Point", "coordinates": [-83.48175431315482, 33.886237695578366]}}, {"type": "Feature", "properties": {"PWSID": "GA2190067", "PWS_Name": "OCONEE CO-APPALACHEE POINTE S/D", "Primacy_Agency": "GA", "Population_Served_Count": 46, "Service_Connections_Count": 17, "Service_Area_Type": "Subdivision", "Verification_Status": "", "Area_SqKM": 0.5829189359251956}, "geometry": {"type": "Point", "coordinates": [-83.42205793379524, 33.77310233770028]}}, {"type": "Feature", "properties": {"PWSID": "GA2190058", "PWS_Name": "OLD MILL CHASE SUBDIVISION", "Primacy_Agency": "GA", "Population_Served_Count": 91, "Service_Connections_Count": 35, "Service_Area_Type": "Subdivision", "Verification_Status": "", "Area_SqKM": 0.0965022256752506}, "geometry": {"type": "Point", "coordinates": [-83.32882997245834, 33.84510773189545]}}, {"type": "Feature", "properties": {"PWSID": "GA2190057", "PWS_Name": "EAGLEWOOD SUBDIVISION", "Primacy_Agency": "GA", "Population_Served_Count": 52, "Service_Connections_Count": 20, "Service_Area_Type": "Subdivision", "Verification_Status": "", "Area_SqKM": 1.1229232726519889}, "geometry": {"type": "Point", "coordinates": [-83.56099538525415, 33.93395731146648]}}, {"type": "Feature", "properties": {"PWSID": "GA2190055", "PWS_Name": "FERNWOOD SUBDIVISION", "Primacy_Agency": "GA", "Population_Served_Count": 218, "Service_Connections_Count": 84, "Service_Area_Type": "Subdivision", "Verification_Status": "", "Area_SqKM": 1.4687958464182629}, "geometry": {"type": "Point", "coordinates": [-83.53704060583728, 33.922199988193725]}}, {"type": "Feature", "properties": {"PWSID": "GA2190054", "PWS_Name": "ASHLAND SUBDIVISION", "Primacy_Agency": "GA", "Population_Served_Count": 140, "Service_Connections_Count": 54, "Service_Area_Type": "Subdivision", "Verification_Status": "", "Area_SqKM": 4.764839151179061}, "geometry": {"type": "Point", "coordinates": [-83.58582001993801, 33.901566574606804]}}, {"type": "Feature", "properties": {"PWSID": "GA2190053", "PWS_Name": "BARNETTS BLUFF", "Primacy_Agency": "GA", "Population_Served_Count": 143, "Service_Connections_Count": 55, "Service_Area_Type": "Subdivision", "Verification_Status": "", "Area_SqKM": 0.3316954210947407}, "geometry": {"type": "Point", "coordinates": [-83.31597816034785, 33.85679591095178]}}, {"type": "Feature", "properties": {"PWSID": "GA2190049", "PWS_Name": "FIELDSTONE/CANYON CREEK SD", "Primacy_Agency": "GA", "Population_Served_Count": 367, "Service_Connections_Count": 136, "Service_Area_Type": "Subdivision", "Verification_Status": "", "Area_SqKM": 0.2213412244313235}, "geometry": {"type": "Point", "coordinates": [-83.48361264592286, 33.90751528376539]}}, {"type": "Feature", "properties": {"PWSID": "GA2190022", "PWS_Name": "OAK GROVE SUBDIVISION", "Primacy_Agency": "GA", "Population_Served_Count": 116, "Service_Connections_Count": 43, "Service_Area_Type": "Subdivision", "Verification_Status": "", "Area_SqKM": 0.5358445842885051}, "geometry": {"type": "Point", "coordinates": [-83.5496745999847, 33.94613729999449]}}, {"type": "Feature", "properties": {"PWSID": "GA2190018", "PWS_Name": "DEERWOOD ESTATES SUBDIVISION", "Primacy_Agency": "GA", "Population_Served_Count": 95, "Service_Connections_Count": 70, "Service_Area_Type": "Subdivision", "Verification_Status": "", "Area_SqKM": 1.0097383139970002}, "geometry": {"type": "Point", "coordinates": [-83.53298417309635, 33.95518977564802]}}, {"type": "Feature", "properties": {"PWSID": "GA2190006", "PWS_Name": "NORTHWEST WOODS SUBDIVISION", "Primacy_Agency": "GA", "Population_Served_Count": 237, "Service_Connections_Count": 91, "Service_Area_Type": "Subdivision", "Verification_Status": "", "Area_SqKM": 4.636332917913369}, "geometry": {"type": "Point", "coordinates": [-83.46678780595512, 33.87884183868964]}}, {"type": "Feature", "properties": {"PWSID": "GA2190005", "PWS_Name": "INDIAN HILLS SUBDIVISION", "Primacy_Agency": "GA", "Population_Served_Count": 89, "Service_Connections_Count": 33, "Service_Area_Type": "Subdivision", "Verification_Status": "", "Area_SqKM": 1.1675769018891622}, "geometry": {"type": "Point", "coordinates": [-83.4350355166754, 33.880893888926785]}}, {"type": "Feature", "properties": {"PWSID": "GA2190003", "PWS_Name": "PLEASANT HILL SUBDIVISION", "Primacy_Agency": "GA", "Population_Served_Count": 55, "Service_Connections_Count": 21, "Service_Area_Type": "Subdivision", "Verification_Status": "", "Area_SqKM": 0.12104569591073099}, "geometry": {"type": "Point", "coordinates": [-83.5351901841935, 33.91500247362264]}}, {"type": "Feature", "properties": {"PWSID": "GA2190000", "PWS_Name": "OCONEE COUNTY", "Primacy_Agency": "GA", "Population_Served_Count": 31323, "Service_Connections_Count": 12676, "Service_Area_Type": "Municipality", "Verification_Status": "", "Area_SqKM": 54.44943095742974}, "geometry": {"type": "Point", "coordinates": [-83.43565046267913, 33.89482540637034]}}, {"type": "Feature", "properties": {"PWSID": "GA2110011", "PWS_Name": "APPALACHEE WOODS SUBDIVISION", "Primacy_Agency": "GA", "Population_Served_Count": 292, "Service_Connections_Count": 112, "Service_Area_Type": "Subdivision", "Verification_Status": "", "Area_SqKM": 0.9529936669155055}, "geometry": {"type": "Point", "coordinates": [-83.31059151935507, 33.897731210244835]}}, {"type": "Feature", "properties": {"PWSID": "GA2110000", "PWS_Name": "BOSTWICK WATER SYSTEM", "Primacy_Agency": "GA", "Population_Served_Count": 484, "Service_Connections_Count": 186, "Service_Area_Type": "Municipality", "Verification_Status": "", "Area_SqKM": 2.464532730841925}, "geometry": {"type": "Point", "coordinates": [-83.51447994835864, 33.74260519736166]}}, {"type": "Feature", "properties": {"PWSID": "GA1950049", "PWS_Name": "PATTERSON PLACE S/D", "Primacy_Agency": "GA", "Population_Served_Count": 159, "Service_Connections_Count": 59, "Service_Area_Type": "Subdivision", "Verification_Status": "", "Area_SqKM": 1.8366467838761023}, "geometry": {"type": "Point", "coordinates": [-83.25411054102223, 34.03442435469318]}}, {"type": "Feature", "properties": {"PWSID": "GA1950045", "PWS_Name": "APPLE ACRES-KINGSTON-GATEWOOD", "Primacy_Agency": "GA", "Population_Served_Count": 308, "Service_Connections_Count": 114, "Service_Area_Type": "Subdivision", "Verification_Status": "", "Area_SqKM": 3.877113085438767}, "geometry": {"type": "Point", "coordinates": [-83.41196306911014, 34.07221499041254]}}, {"type": "Feature", "properties": {"PWSID": "GA1950043", "PWS_Name": "MADISON ACRES SUBDIVISION", "Primacy_Agency": "GA", "Population_Served_Count": 221, "Service_Connections_Count": 82, "Service_Area_Type": "Subdivision", "Verification_Status": "", "Area_SqKM": 0.058251051841208136}, "geometry": {"type": "Point", "coordinates": [-83.24576143855671, 34.02576711532528]}}, {"type": "Feature", "properties": {"PWSID": "GA1950011", "PWS_Name": "WESTBROOK / NORWOOD VILLAGE S/D", "Primacy_Agency": "GA", "Population_Served_Count": 416, "Service_Connections_Count": 154, "Service_Area_Type": "Mobile Home Park - Principal Residence", "Verification_Status": "", "Area_SqKM": 1.9598326322011748}, "geometry": {"type": "Point", "coordinates": [-83.337384263636, 34.02643729717032]}}, {"type": "Feature", "properties": {"PWSID": "GA1950006", "PWS_Name": "BROWN BROTHERS FARM SUBDIVISION", "Primacy_Agency": "GA", "Population_Served_Count": 656, "Service_Connections_Count": 243, "Service_Area_Type": "Subdivision", "Verification_Status": "", "Area_SqKM": 3.6533577092609377}, "geometry": {"type": "Point", "coordinates": [-83.30900251411917, 34.017120580014094]}}, {"type": "Feature", "properties": {"PWSID": "GA1950004", "PWS_Name": "ILA", "Primacy_Agency": "GA", "Population_Served_Count": 459, "Service_Connections_Count": 174, "Service_Area_Type": "Municipality", "Verification_Status": "", "Area_SqKM": 1.3754731141610312}, "geometry": {"type": "Point", "coordinates": [-83.28908729419196, 34.17308350389601]}}, {"type": "Feature", "properties": {"PWSID": "GA1950003", "PWS_Name": "DANIELSVILLE", "Primacy_Agency": "GA", "Population_Served_Count": 1022, "Service_Connections_Count": 526, "Service_Area_Type": "Municipality", "Verification_Status": "", "Area_SqKM": 3.123915366156974}, "geometry": {"type": "Point", "coordinates": [-83.22027248082489, 34.122386487767436]}}, {"type": "Feature", "properties": {"PWSID": "GA1950002", "PWS_Name": "COMER", "Primacy_Agency": "GA", "Population_Served_Count": 1531, "Service_Connections_Count": 630, "Service_Area_Type": "Municipality", "Verification_Status": "", "Area_SqKM": 5.754089174074227}, "geometry": {"type": "Point", "coordinates": [-83.12524065739149, 34.06449121888388]}}, {"type": "Feature", "properties": {"PWSID": "GA1950000", "PWS_Name": "CARLTON", "Primacy_Agency": "GA", "Population_Served_Count": 419, "Service_Connections_Count": 165, "Service_Area_Type": "Municipality", "Verification_Status": "", "Area_SqKM": 1.859849054404913}, "geometry": {"type": "Point", "coordinates": [-83.03701982250827, 34.044182421403555]}}, {"type": "Feature", "properties": {"PWSID": "GA1870043", "PWS_Name": "LUMPKIN CO. - 400 WATER SYSTEM", "Primacy_Agency": "GA", "Population_Served_Count": 2379, "Service_Connections_Count": 915, "Service_Area_Type": "Residential Area", "Verification_Status": "", "Area_SqKM": 1.1711542609008059}, "geometry": {"type": "Point", "coordinates": [-84.01190766761692, 34.45052785230823]}}, {"type": "Feature", "properties": {"PWSID": "GA1570120", "PWS_Name": "TROTTER`S RIDGE SUBDIVISION", "Primacy_Agency": "GA", "Population_Served_Count": 195, "Service_Connections_Count": 72, "Service_Area_Type": "Subdivision", "Verification_Status": "", "Area_SqKM": 6.32146487508092}, "geometry": {"type": "Point", "coordinates": [-83.49876252094434, 34.086801649740416]}}, {"type": "Feature", "properties": {"PWSID": "GA1570014", "PWS_Name": "ARCADE MOBILE HOME PARK", "Primacy_Agency": "GA", "Population_Served_Count": 54, "Service_Connections_Count": 20, "Service_Area_Type": "Mobile Home Park - Principal Residence", "Verification_Status": "", "Area_SqKM": 0.006250638866919519}, "geometry": {"type": "Point", "coordinates": [-83.56847379986505, 34.06836981991327]}}, {"type": "Feature", "properties": {"PWSID": "GA1570010", "PWS_Name": "CHARCLAR SUBDIVISION", "Primacy_Agency": "GA", "Population_Served_Count": 49, "Service_Connections_Count": 18, "Service_Area_Type": "Subdivision", "Verification_Status": "", "Area_SqKM": 1.1128602292717868}, "geometry": {"type": "Point", "coordinates": [-83.46958431750842, 34.003729549993]}}, {"type": "Feature", "properties": {"PWSID": "GA1110001", "PWS_Name": "MCCAYSVILLE", "Primacy_Agency": "GA", "Population_Served_Count": 7020, "Service_Connections_Count": 2700, "Service_Area_Type": "Municipality", "Verification_Status": "", "Area_SqKM": 22.641329851839245}, "geometry": {"type": "Point", "coordinates": [-84.38582489784082, 34.939196884862206]}}, {"type": "Feature", "properties": {"PWSID": "GA1110003", "PWS_Name": "MORGANTON", "Primacy_Agency": "GA", "Population_Served_Count": 1768, "Service_Connections_Count": 680, "Service_Area_Type": "Municipality", "Verification_Status": "", "Area_SqKM": 4.948521730777506}, "geometry": {"type": "Point", "coordinates": [-84.24564548416348, 34.875959056716816]}}, {"type": "Feature", "properties": {"PWSID": "GA1870092", "PWS_Name": "BRYNDEMERE SUBDIVISION", "Primacy_Agency": "GA", "Population_Served_Count": 178, "Service_Connections_Count": 66, "Service_Area_Type": "Subdivision", "Verification_Status": "", "Area_SqKM": 2.829551698360771}, "geometry": {"type": "Point", "coordinates": [-84.09070670624986, 34.485803087419484]}}, {"type": "Feature", "properties": {"PWSID": "GA1870093", "PWS_Name": "BROOKWOOD & CEDAR SPRINGS SUBDIVISIONS", "Primacy_Agency": "GA", "Population_Served_Count": 334, "Service_Connections_Count": 124, "Service_Area_Type": "Subdivision", "Verification_Status": "", "Area_SqKM": 6.682953472617096}, "geometry": {"type": "Point", "coordinates": [-84.05525489780896, 34.49565925936879]}}, {"type": "Feature", "properties": {"PWSID": "GA1870094", "PWS_Name": "CRAWFORD FALLS SUBDIVIVISION", "Primacy_Agency": "GA", "Population_Served_Count": 372, "Service_Connections_Count": 138, "Service_Area_Type": "Subdivision", "Verification_Status": "", "Area_SqKM": 7.74368723624058}, "geometry": {"type": "Point", "coordinates": [-84.111143126701, 34.49714700562495]}}, {"type": "Feature", "properties": {"PWSID": "GA1870100", "PWS_Name": "MONTALUCE WATER WORKS WATER SYSTEM", "Primacy_Agency": "GA", "Population_Served_Count": 52, "Service_Connections_Count": 20, "Service_Area_Type": "Subdivision", "Verification_Status": "", "Area_SqKM": 1.691589929597022}, "geometry": {"type": "Point", "coordinates": [-84.07677922976957, 34.55301951074323]}}, {"type": "Feature", "properties": {"PWSID": "GA2130000", "PWS_Name": "CHATSWORTH", "Primacy_Agency": "GA", "Population_Served_Count": 28262, "Service_Connections_Count": 10870, "Service_Area_Type": "Municipality", "Verification_Status": "", "Area_SqKM": 90.03278895786057}, "geometry": {"type": "Point", "coordinates": [-84.7847472198076, 34.78691617814336]}}, {"type": "Feature", "properties": {"PWSID": "GA2270003", "PWS_Name": "BENT TREE", "Primacy_Agency": "GA", "Population_Served_Count": 3185, "Service_Connections_Count": 1158, "Service_Area_Type": "Homeowners Association", "Verification_Status": "", "Area_SqKM": 4.115273924008363}, "geometry": {"type": "Point", "coordinates": [-84.36325349636164, 34.49213751878137]}}, {"type": "Feature", "properties": {"PWSID": "GA2910003", "PWS_Name": "NOTLA WATER AUTHORITY", "Primacy_Agency": "GA", "Population_Served_Count": 16518, "Service_Connections_Count": 6353, "Service_Area_Type": "Municipality", "Verification_Status": "", "Area_SqKM": 24.23052027419116}, "geometry": {"type": "Point", "coordinates": [-84.05659686338768, 34.92529070625953]}}, {"type": "Feature", "properties": {"PWSID": "GA2950056", "PWS_Name": "WALKER COUNTY W&SA - ARMUCHEE VALLEY", "Primacy_Agency": "GA", "Population_Served_Count": 620, "Service_Connections_Count": 110, "Service_Area_Type": "Residential Area", "Verification_Status": "", "Area_SqKM": 2.3580040210105966}, "geometry": {"type": "Point", "coordinates": [-85.342052159862, 34.93451931065476]}}, {"type": "Feature", "properties": {"PWSID": "GA1110091", "PWS_Name": "MOUNTAIN HIGH SUBDIVISION", "Primacy_Agency": "GA", "Population_Served_Count": 137, "Service_Connections_Count": 53, "Service_Area_Type": "Subdivision", "Verification_Status": "", "Area_SqKM": 0.10138943326272375}, "geometry": {"type": "Point", "coordinates": [-84.24816696416845, 34.983691426448885]}}, {"type": "Feature", "properties": {"PWSID": "GA1110105", "PWS_Name": "NECOWA COVE", "Primacy_Agency": "GA", "Population_Served_Count": 135, "Service_Connections_Count": 52, "Service_Area_Type": "Subdivision", "Verification_Status": "", "Area_SqKM": 0.5876433072692031}, "geometry": {"type": "Point", "coordinates": [-84.27191128856391, 34.79293811714962]}}, {"type": "Feature", "properties": {"PWSID": "GA1110124", "PWS_Name": "FANNIN COUNTY CDBG - FORGE MILL", "Primacy_Agency": "GA", "Population_Served_Count": 246, "Service_Connections_Count": 91, "Service_Area_Type": "Residential Area", "Verification_Status": "", "Area_SqKM": 0.6939700238978818}, "geometry": {"type": "Point", "coordinates": [-84.33715261458214, 34.86788017676187]}}, {"type": "Feature", "properties": {"PWSID": "GA1110125", "PWS_Name": "FANNIN COUNTY USDA - MY MOUNTAIN SD", "Primacy_Agency": "GA", "Population_Served_Count": 559, "Service_Connections_Count": 207, "Service_Area_Type": "Residential Area", "Verification_Status": "", "Area_SqKM": 0.709754960427024}, "geometry": {"type": "Point", "coordinates": [-84.26738580868282, 34.91669575797857]}}, {"type": "Feature", "properties": {"PWSID": "GA1110129", "PWS_Name": "FANNIN COUNTY - LAKE COVE", "Primacy_Agency": "GA", "Population_Served_Count": 62, "Service_Connections_Count": 23, "Service_Area_Type": "Residential Area", "Verification_Status": "", "Area_SqKM": 0.09329853635769465}, "geometry": {"type": "Point", "coordinates": [-84.32732331687981, 34.863619998656866]}}, {"type": "Feature", "properties": {"PWSID": "GA1230000", "PWS_Name": "ELLIJAY-GILMER CO. WATER AUTH.", "Primacy_Agency": "GA", "Population_Served_Count": 13010, "Service_Connections_Count": 5004, "Service_Area_Type": "Municipality", "Verification_Status": "", "Area_SqKM": 26.875133593787055}, "geometry": {"type": "Point", "coordinates": [-84.50341549058246, 34.68875763030104]}}, {"type": "Feature", "properties": {"PWSID": "GA1230045", "PWS_Name": "EAGLES MOUNTAIN CAMPGROUND", "Primacy_Agency": "GA", "Population_Served_Count": 1820, "Service_Connections_Count": 700, "Service_Area_Type": "Recreation Area", "Verification_Status": "", "Area_SqKM": 1.159990538641266}, "geometry": {"type": "Point", "coordinates": [-84.58830647817533, 34.68385746139132]}}, {"type": "Feature", "properties": {"PWSID": "GA1230055", "PWS_Name": "CHERRY LOG MOUNTAIN I", "Primacy_Agency": "GA", "Population_Served_Count": 151, "Service_Connections_Count": 56, "Service_Area_Type": "Other Transient Area", "Verification_Status": "", "Area_SqKM": 0.3594002958139489}, "geometry": {"type": "Point", "coordinates": [-84.36796185718227, 34.815363092868985]}}, {"type": "Feature", "properties": {"PWSID": "GA1230057", "PWS_Name": "CHERRY LOG MTN.-GRANNY LAKE", "Primacy_Agency": "GA", "Population_Served_Count": 265, "Service_Connections_Count": 102, "Service_Area_Type": "Residential Area", "Verification_Status": "", "Area_SqKM": 15.00685043779848}, "geometry": {"type": "Point", "coordinates": [-84.36667239739724, 34.83789482663217]}}, {"type": "Feature", "properties": {"PWSID": "GA1230058", "PWS_Name": "CHERRY LOG MTN.-INDIAN ROCK", "Primacy_Agency": "GA", "Population_Served_Count": 283, "Service_Connections_Count": 109, "Service_Area_Type": "Residential Area", "Verification_Status": "", "Area_SqKM": 0.6315665621882287}, "geometry": {"type": "Point", "coordinates": [-84.39388246281813, 34.827977227114204]}}, {"type": "Feature", "properties": {"PWSID": "GA1230059", "PWS_Name": "HIDDEN LAKE", "Primacy_Agency": "GA", "Population_Served_Count": 112, "Service_Connections_Count": 43, "Service_Area_Type": "Subdivision", "Verification_Status": "", "Area_SqKM": 0.37263541585226784}, "geometry": {"type": "Point", "coordinates": [-84.38550914713724, 34.79162613312977]}}, {"type": "Feature", "properties": {"PWSID": "GA1230060", "PWS_Name": "LAUREL RIDGE", "Primacy_Agency": "GA", "Population_Served_Count": 224, "Service_Connections_Count": 83, "Service_Area_Type": "Subdivision", "Verification_Status": "", "Area_SqKM": 0.06761131832555818}, "geometry": {"type": "Point", "coordinates": [-84.36072928142475, 34.82331708883603]}}, {"type": "Feature", "properties": {"PWSID": "GA1230064", "PWS_Name": "HOLLOWAY MOUNTAIN", "Primacy_Agency": "GA", "Population_Served_Count": 65, "Service_Connections_Count": 25, "Service_Area_Type": "Other Transient Area", "Verification_Status": "", "Area_SqKM": 0.4662822294186964}, "geometry": {"type": "Point", "coordinates": [-84.37232273478485, 34.81088179941296]}}, {"type": "Feature", "properties": {"PWSID": "GA1230074", "PWS_Name": "CARTERS LAKE ESTATES", "Primacy_Agency": "GA", "Population_Served_Count": 148, "Service_Connections_Count": 57, "Service_Area_Type": "Subdivision", "Verification_Status": "", "Area_SqKM": 0.07075773456127796}, "geometry": {"type": "Point", "coordinates": [-84.57909228587103, 34.54879892613376]}}, {"type": "Feature", "properties": {"PWSID": "GA1870085", "PWS_Name": "BLUERIDGE OVERLOOK SUBDIVISION", "Primacy_Agency": "GA", "Population_Served_Count": 332, "Service_Connections_Count": 123, "Service_Area_Type": "Subdivision", "Verification_Status": "", "Area_SqKM": 0.23016966865742847}, "geometry": {"type": "Point", "coordinates": [-84.05136071397453, 34.502574135110216]}}, {"type": "Feature", "properties": {"PWSID": "GA1870091", "PWS_Name": "CASTLEBERRY RIDGE SUBDIVISION", "Primacy_Agency": "GA", "Population_Served_Count": 248, "Service_Connections_Count": 92, "Service_Area_Type": "Subdivision", "Verification_Status": "", "Area_SqKM": 0.04085693719133927}, "geometry": {"type": "Point", "coordinates": [-84.06725953288353, 34.47320749565605]}}, {"type": "Feature", "properties": {"PWSID": "GA1870099", "PWS_Name": "HIGHTOWER OVERLOOK SUBDIVISION", "Primacy_Agency": "GA", "Population_Served_Count": 73, "Service_Connections_Count": 28, "Service_Area_Type": "Subdivision", "Verification_Status": "", "Area_SqKM": 0.03225616249742328}, "geometry": {"type": "Point", "coordinates": [-84.05400774219979, 34.56110986663443]}}, {"type": "Feature", "properties": {"PWSID": "GA2270004", "PWS_Name": "BIG CANOE SUBDIVISION", "Primacy_Agency": "GA", "Population_Served_Count": 6396, "Service_Connections_Count": 2460, "Service_Area_Type": "Subdivision", "Verification_Status": "", "Area_SqKM": 19.07720936557143}, "geometry": {"type": "Point", "coordinates": [-84.29241059770501, 34.45988521703606]}}, {"type": "Feature", "properties": {"PWSID": "GA1870095", "PWS_Name": "LUMPKIN CO. - CROOKED CREEK SUBDIVISION", "Primacy_Agency": "GA", "Population_Served_Count": 164, "Service_Connections_Count": 85, "Service_Area_Type": "Subdivision", "Verification_Status": "", "Area_SqKM": 5.054475608841718}, "geometry": {"type": "Point", "coordinates": [-84.03188848744675, 34.51130999444339]}}, {"type": "Feature", "properties": {"PWSID": "GA1870102", "PWS_Name": "CHESTATEE VALLEY", "Primacy_Agency": "GA", "Population_Served_Count": 104, "Service_Connections_Count": 33, "Service_Area_Type": "Residential Area", "Verification_Status": "", "Area_SqKM": 11.471301531349738}, "geometry": {"type": "Point", "coordinates": [-83.91114146097908, 34.67938213414773]}}, {"type": "Feature", "properties": {"PWSID": "GA2410001", "PWS_Name": "TALLULAH FALLS", "Primacy_Agency": "GA", "Population_Served_Count": 169, "Service_Connections_Count": 65, "Service_Area_Type": "Municipality", "Verification_Status": "", "Area_SqKM": 0.0810584555723265}, "geometry": {"type": "Point", "coordinates": [-83.39328674131546, 34.736416493172655]}}, {"type": "Feature", "properties": {"PWSID": "GA2410006", "PWS_Name": "KINGWOOD WATER SYSTEM", "Primacy_Agency": "GA", "Population_Served_Count": 575, "Service_Connections_Count": 221, "Service_Area_Type": "Homeowners Association", "Verification_Status": "", "Area_SqKM": 13.704075572955412}, "geometry": {"type": "Point", "coordinates": [-83.36389081039354, 34.84017334737443]}}, {"type": "Feature", "properties": {"PWSID": "GA2410035", "PWS_Name": "SYLVAN LAKE FALLS", "Primacy_Agency": "GA", "Population_Served_Count": 615, "Service_Connections_Count": 228, "Service_Area_Type": "Subdivision", "Verification_Status": "", "Area_SqKM": 2.5814469918263656}, "geometry": {"type": "Point", "coordinates": [-83.4185371072398, 34.9213441515437]}}, {"type": "Feature", "properties": {"PWSID": "GA3110111", "PWS_Name": "MOUNTAIN CREEK GROVE RESORT", "Primacy_Agency": "GA", "Population_Served_Count": 191, "Service_Connections_Count": 90, "Service_Area_Type": "Residential Area", "Verification_Status": "", "Area_SqKM": 1.7367593009791775}, "geometry": {"type": "Point", "coordinates": [-83.65686237564526, 34.613298224376166]}}, {"type": "Feature", "properties": {"PWSID": "GA3110109", "PWS_Name": "YONAH EAST SUBDIVISION", "Primacy_Agency": "GA", "Population_Served_Count": 137, "Service_Connections_Count": 51, "Service_Area_Type": "Subdivision", "Verification_Status": "", "Area_SqKM": 1.4799376444654255}, "geometry": {"type": "Point", "coordinates": [-83.69930388600912, 34.60257353330944]}}, {"type": "Feature", "properties": {"PWSID": "GA3110108", "PWS_Name": "ASH MOUNTAIN WATER SYSTEM", "Primacy_Agency": "GA", "Population_Served_Count": 42, "Service_Connections_Count": 16, "Service_Area_Type": "Subdivision", "Verification_Status": "", "Area_SqKM": 0.9111710033155141}, "geometry": {"type": "Point", "coordinates": [-83.8574795878665, 34.672188512504064]}}, {"type": "Feature", "properties": {"PWSID": "GA3110075", "PWS_Name": "ALPINE TERRACE/PRIMROSE SUBDIVISION", "Primacy_Agency": "GA", "Population_Served_Count": 91, "Service_Connections_Count": 34, "Service_Area_Type": "Subdivision", "Verification_Status": "", "Area_SqKM": 2.2615480913974975}, "geometry": {"type": "Point", "coordinates": [-83.68972887770184, 34.643911947433246]}}, {"type": "Feature", "properties": {"PWSID": "GA3110072", "PWS_Name": "WHITE CO WATER & SEWERAGE AUTH", "Primacy_Agency": "GA", "Population_Served_Count": 6380, "Service_Connections_Count": 2363, "Service_Area_Type": "Residential Area", "Verification_Status": "", "Area_SqKM": 1.401619414216121}, "geometry": {"type": "Point", "coordinates": [-83.76463872345163, 34.55248823579925]}}, {"type": "Feature", "properties": {"PWSID": "GA3110062", "PWS_Name": "WILDWOOD ON PINK MOUNTAIN HOA", "Primacy_Agency": "GA", "Population_Served_Count": 169, "Service_Connections_Count": 65, "Service_Area_Type": "Mobile Home Park - Principal Residence", "Verification_Status": "", "Area_SqKM": 8.985730227981223}, "geometry": {"type": "Point", "coordinates": [-83.72067034015276, 34.62186483568924]}}, {"type": "Feature", "properties": {"PWSID": "GA3110060", "PWS_Name": "SWISS COLONY WATER SERVICE", "Primacy_Agency": "GA", "Population_Served_Count": 153, "Service_Connections_Count": 59, "Service_Area_Type": "Recreation Area", "Verification_Status": "", "Area_SqKM": 3.0838750609995156}, "geometry": {"type": "Point", "coordinates": [-83.72044405782096, 34.65410171769949]}}, {"type": "Feature", "properties": {"PWSID": "GA3110014", "PWS_Name": "WINDY ACRES SUBDIVISION", "Primacy_Agency": "GA", "Population_Served_Count": 73, "Service_Connections_Count": 28, "Service_Area_Type": "Subdivision", "Verification_Status": "", "Area_SqKM": 0.02880358627095015}, "geometry": {"type": "Point", "coordinates": [-83.72310452861234, 34.66065507137222]}}, {"type": "Feature", "properties": {"PWSID": "GA3110012", "PWS_Name": "PEACEFUL VALLEY", "Primacy_Agency": "GA", "Population_Served_Count": 289, "Service_Connections_Count": 111, "Service_Area_Type": "Subdivision", "Verification_Status": "", "Area_SqKM": 0.6836612310741585}, "geometry": {"type": "Point", "coordinates": [-83.8423091472769, 34.55455467087232]}}, {"type": "Feature", "properties": {"PWSID": "GA3110010", "PWS_Name": "MT. YONAH SCENIC ESTATES", "Primacy_Agency": "GA", "Population_Served_Count": 198, "Service_Connections_Count": 76, "Service_Area_Type": "Subdivision", "Verification_Status": "", "Area_SqKM": 5.440036687275383}, "geometry": {"type": "Point", "coordinates": [-83.69204123200426, 34.63029399636169]}}, {"type": "Feature", "properties": {"PWSID": "GA2910068", "PWS_Name": "THE MOUNTAIN S/D", "Primacy_Agency": "GA", "Population_Served_Count": 323, "Service_Connections_Count": 124, "Service_Area_Type": "Subdivision", "Verification_Status": "", "Area_SqKM": 1.4496443652336715}, "geometry": {"type": "Point", "coordinates": [-83.94346790004293, 34.86675840003304]}}, {"type": "Feature", "properties": {"PWSID": "GA2910062", "PWS_Name": "BRYANT COVE", "Primacy_Agency": "GA", "Population_Served_Count": 176, "Service_Connections_Count": 68, "Service_Area_Type": "Subdivision", "Verification_Status": "", "Area_SqKM": 0.08668382168858374}, "geometry": {"type": "Point", "coordinates": [-83.88343883186074, 34.902884315925924]}}, {"type": "Feature", "properties": {"PWSID": "GA2910059", "PWS_Name": "SOUTHER MILL ESTATES", "Primacy_Agency": "GA", "Population_Served_Count": 115, "Service_Connections_Count": 54, "Service_Area_Type": "Subdivision", "Verification_Status": "", "Area_SqKM": 0.031776699708228995}, "geometry": {"type": "Point", "coordinates": [-83.89253357061288, 34.78924678827565]}}, {"type": "Feature", "properties": {"PWSID": "GA2990016", "PWS_Name": "BAPTIST VILLAGE", "Primacy_Agency": "GA", "Population_Served_Count": 308, "Service_Connections_Count": 27, "Service_Area_Type": "Other Residential", "Verification_Status": "", "Area_SqKM": 3.7996034776233505}, "geometry": {"type": "Point", "coordinates": [-82.42009112134295, 31.202990045621394]}}, {"type": "Feature", "properties": {"PWSID": "GA2990019", "PWS_Name": "WAYCROSS-WARE COUNTY IND. PARK", "Primacy_Agency": "GA", "Population_Served_Count": 1716, "Service_Connections_Count": 57, "Service_Area_Type": "Municipality", "Verification_Status": "", "Area_SqKM": 0.019567942600148235}, "geometry": {"type": "Point", "coordinates": [-82.41916008330968, 31.246502983368714]}}, {"type": "Feature", "properties": {"PWSID": "GA1290000", "PWS_Name": "CALHOUN", "Primacy_Agency": "GA", "Population_Served_Count": 53090, "Service_Connections_Count": 18880, "Service_Area_Type": "Municipality", "Verification_Status": "", "Area_SqKM": 145.06559905362838}, "geometry": {"type": "Point", "coordinates": [-84.92551813768496, 34.497815763930376]}}, {"type": "Feature", "properties": {"PWSID": "GA0470000", "PWS_Name": "CATOOSA UTIL. DIST. AUTHORITY", "Primacy_Agency": "GA", "Population_Served_Count": 56670, "Service_Connections_Count": 21796, "Service_Area_Type": "Residential Area", "Verification_Status": "", "Area_SqKM": 52.64634469418589}, "geometry": {"type": "Point", "coordinates": [-85.16236222852477, 34.871751144352885]}}, {"type": "Feature", "properties": {"PWSID": "GA0550049", "PWS_Name": "TRION", "Primacy_Agency": "GA", "Population_Served_Count": 2043, "Service_Connections_Count": 757, "Service_Area_Type": "Municipality", "Verification_Status": "", "Area_SqKM": 1.6060618397237971}, "geometry": {"type": "Point", "coordinates": [-85.31279256732215, 34.544100474999446]}}, {"type": "Feature", "properties": {"PWSID": "GA2810041", "PWS_Name": "BAREFOOT HILLS SUBDIVISION", "Primacy_Agency": "GA", "Population_Served_Count": 62, "Service_Connections_Count": 24, "Service_Area_Type": "Subdivision", "Verification_Status": "", "Area_SqKM": 0.3458174990971149}, "geometry": {"type": "Point", "coordinates": [-83.62432464320486, 34.946689490179814]}}, {"type": "Feature", "properties": {"PWSID": "GA2810007", "PWS_Name": "TOWNS COUNTY", "Primacy_Agency": "GA", "Population_Served_Count": 11791, "Service_Connections_Count": 4535, "Service_Area_Type": "Municipality", "Verification_Status": "", "Area_SqKM": 2.6672423320132346}, "geometry": {"type": "Point", "coordinates": [-83.78266720604368, 34.97326646790753]}}, {"type": "Feature", "properties": {"PWSID": "GA2570029", "PWS_Name": "LAKE HARBOR SHORES SUBDIVISION", "Primacy_Agency": "GA", "Population_Served_Count": 246, "Service_Connections_Count": 91, "Service_Area_Type": "Subdivision", "Verification_Status": "", "Area_SqKM": 4.474850475604036}, "geometry": {"type": "Point", "coordinates": [-83.12034044831172, 34.543488326174355]}}, {"type": "Feature", "properties": {"PWSID": "GA2410053", "PWS_Name": "SKY VALLEY", "Primacy_Agency": "GA", "Population_Served_Count": 1820, "Service_Connections_Count": 700, "Service_Area_Type": "Municipality", "Verification_Status": "", "Area_SqKM": 6.158717951046509}, "geometry": {"type": "Point", "coordinates": [-83.32942206972895, 34.98218086297436]}}, {"type": "Feature", "properties": {"PWSID": "GA2950014", "PWS_Name": "WALKER CO. RURAL WATER AUTH.", "Primacy_Agency": "GA", "Population_Served_Count": 3410, "Service_Connections_Count": 1311, "Service_Area_Type": "Municipality", "Verification_Status": "", "Area_SqKM": 55.46966217423442}, "geometry": {"type": "Point", "coordinates": [-85.21452950090242, 34.76928210666322]}}, {"type": "Feature", "properties": {"PWSID": "GA2950002", "PWS_Name": "LAFAYETTE", "Primacy_Agency": "GA", "Population_Served_Count": 18177, "Service_Connections_Count": 7013, "Service_Area_Type": "Municipality", "Verification_Status": "", "Area_SqKM": 210.57580679734298}, "geometry": {"type": "Point", "coordinates": [-85.26320189349175, 34.72852152511839]}}, {"type": "Feature", "properties": {"PWSID": "GA2950003", "PWS_Name": "WALKER COUNTY WATER AUTHORITY", "Primacy_Agency": "GA", "Population_Served_Count": 36000, "Service_Connections_Count": 12048, "Service_Area_Type": "Municipality", "Verification_Status": "", "Area_SqKM": 441.33719401060023}, "geometry": {"type": "Point", "coordinates": [-85.32407268817676, 34.80290632225375]}}, {"type": "Feature", "properties": {"PWSID": "GA2950000", "PWS_Name": "CHICKAMAUGA", "Primacy_Agency": "GA", "Population_Served_Count": 5720, "Service_Connections_Count": 2224, "Service_Area_Type": "Municipality", "Verification_Status": "", "Area_SqKM": 23.70119543289304}, "geometry": {"type": "Point", "coordinates": [-85.30118070372293, 34.87070070780515]}}, {"type": "Feature", "properties": {"PWSID": "GA2970041", "PWS_Name": "WILDWOOD ESTATES", "Primacy_Agency": "GA", "Population_Served_Count": 46, "Service_Connections_Count": 17, "Service_Area_Type": "Subdivision", "Verification_Status": "", "Area_SqKM": 0.5446194551372318}, "geometry": {"type": "Point", "coordinates": [-83.6957952916092, 33.715023312419596]}}, {"type": "Feature", "properties": {"PWSID": "GA1150003", "PWS_Name": "BERRY COLLEGE", "Primacy_Agency": "GA", "Population_Served_Count": 2200, "Service_Connections_Count": 250, "Service_Area_Type": "Other Residential", "Verification_Status": "", "Area_SqKM": 3.968494180672745}, "geometry": {"type": "Point", "coordinates": [-85.19338796345359, 34.293639857269255]}}, {"type": "Feature", "properties": {"PWSID": "GA0570075", "PWS_Name": "CHEROKEE COUNTY-SALACOA AREA", "Primacy_Agency": "GA", "Population_Served_Count": 465, "Service_Connections_Count": 183, "Service_Area_Type": "Residential Area", "Verification_Status": "", "Area_SqKM": 13.220382357852431}, "geometry": {"type": "Point", "coordinates": [-84.39351953561722, 34.26916359895584]}}, {"type": "Feature", "properties": {"PWSID": "GA2410133", "PWS_Name": "LIFE TEEN COVECREST CAMP", "Primacy_Agency": "GA", "Population_Served_Count": 332, "Service_Connections_Count": 28, "Service_Area_Type": "Recreation Area", "Verification_Status": "", "Area_SqKM": 4.364240185970896}, "geometry": {"type": "Point", "coordinates": [-83.51657489604304, 34.81159804050727]}}, {"type": "Feature", "properties": {"PWSID": "GA0570006", "PWS_Name": "LAKE ARROWHEAD SUBDIVISION", "Primacy_Agency": "GA", "Population_Served_Count": 4844, "Service_Connections_Count": 1863, "Service_Area_Type": "Subdivision", "Verification_Status": "", "Area_SqKM": 6.062411503434384}, "geometry": {"type": "Point", "coordinates": [-84.60351905964765, 34.311369256910034]}}, {"type": "Feature", "properties": {"PWSID": "GA0570002", "PWS_Name": "CHEROKEE COUNTY", "Primacy_Agency": "GA", "Population_Served_Count": 224427, "Service_Connections_Count": 86318, "Service_Area_Type": "Municipality", "Verification_Status": "", "Area_SqKM": 492.68975301115444}, "geometry": {"type": "Point", "coordinates": [-84.45727134087049, 34.24033762950375]}}, {"type": "Feature", "properties": {"PWSID": "GA0150028", "PWS_Name": "CEDAR HILL MOBILE HOME PARK", "Primacy_Agency": "GA", "Population_Served_Count": 60, "Service_Connections_Count": 26, "Service_Area_Type": "Mobile Home Park - Principal Residence", "Verification_Status": "", "Area_SqKM": 3.7502643384385332}, "geometry": {"type": "Point", "coordinates": [-84.91513858373492, 34.142073373087726]}}, {"type": "Feature", "properties": {"PWSID": "GA2410124", "PWS_Name": "WATERFALL COUNTRY CLUB WATER SYSTEM", "Primacy_Agency": "GA", "Population_Served_Count": 156, "Service_Connections_Count": 60, "Service_Area_Type": "Residential Area", "Verification_Status": "", "Area_SqKM": 0.6718819181425845}, "geometry": {"type": "Point", "coordinates": [-83.54255610529482, 34.8758485235301]}}, {"type": "Feature", "properties": {"PWSID": "GA1870088", "PWS_Name": "WALKER HILLS SUBDIVISION", "Primacy_Agency": "GA", "Population_Served_Count": 49, "Service_Connections_Count": 19, "Service_Area_Type": "Subdivision", "Verification_Status": "", "Area_SqKM": 1.5273462582981243}, "geometry": {"type": "Point", "coordinates": [-84.01224779680263, 34.51489762582695]}}, {"type": "Feature", "properties": {"PWSID": "GA1870073", "PWS_Name": "SHENANDOAH SUBDIVISION", "Primacy_Agency": "GA", "Population_Served_Count": 93, "Service_Connections_Count": 36, "Service_Area_Type": "Subdivision", "Verification_Status": "", "Area_SqKM": 0.07753628112573194}, "geometry": {"type": "Point", "coordinates": [-83.90993063067924, 34.50012141632288]}}, {"type": "Feature", "properties": {"PWSID": "GA1210001", "PWS_Name": "ATLANTA", "Primacy_Agency": "GA", "Population_Served_Count": 1089893, "Service_Connections_Count": 262059, "Service_Area_Type": "Municipality", "Verification_Status": "", "Area_SqKM": 1005.4347806158422}, "geometry": {"type": "Point", "coordinates": [-84.5133988289739, 33.63781170703803]}}, {"type": "Feature", "properties": {"PWSID": "GA2970057", "PWS_Name": "CREEKSIDE AT RIVERSTONE", "Primacy_Agency": "GA", "Population_Served_Count": 73, "Service_Connections_Count": 27, "Service_Area_Type": "Residential Area", "Verification_Status": "", "Area_SqKM": 5.024993116919968}, "geometry": {"type": "Point", "coordinates": [-83.75571105190697, 33.67695575501147]}}, {"type": "Feature", "properties": {"PWSID": "GA2970000", "PWS_Name": "JERSEY", "Primacy_Agency": "GA", "Population_Served_Count": 435, "Service_Connections_Count": 172, "Service_Area_Type": "Municipality", "Verification_Status": "", "Area_SqKM": 2.0196045791976185}, "geometry": {"type": "Point", "coordinates": [-83.8605821393985, 33.720229793399554]}}, {"type": "Feature", "properties": {"PWSID": "GA2470005", "PWS_Name": "LAKEVIEW UTILITIES", "Primacy_Agency": "GA", "Population_Served_Count": 2200, "Service_Connections_Count": 651, "Service_Area_Type": "Mobile Home Park - Principal Residence", "Verification_Status": "", "Area_SqKM": 0.7531069745001701}, "geometry": {"type": "Point", "coordinates": [-84.03476712696438, 33.70706406788445]}}, {"type": "Feature", "properties": {"PWSID": "GA2470002", "PWS_Name": "HI ROC SHORES ASSOCIATION", "Primacy_Agency": "GA", "Population_Served_Count": 655, "Service_Connections_Count": 260, "Service_Area_Type": "Homeowners Association", "Verification_Status": "", "Area_SqKM": 11.44548224927722}, "geometry": {"type": "Point", "coordinates": [-83.97434642826966, 33.704868922757015]}}, {"type": "Feature", "properties": {"PWSID": "GA1870058", "PWS_Name": "MOUNTAIN VIEW APARTMENTS", "Primacy_Agency": "GA", "Population_Served_Count": 161, "Service_Connections_Count": 62, "Service_Area_Type": "Subdivision", "Verification_Status": "", "Area_SqKM": 3.840697126884925}, "geometry": {"type": "Point", "coordinates": [-83.95537801071868, 34.54061439642148]}}, {"type": "Feature", "properties": {"PWSID": "GA1370055", "PWS_Name": "THE ORCHARD DEVELOPMENT", "Primacy_Agency": "GA", "Population_Served_Count": 639, "Service_Connections_Count": 246, "Service_Area_Type": "Residential Area", "Verification_Status": "", "Area_SqKM": 0.5499462971895217}, "geometry": {"type": "Point", "coordinates": [-83.46559673406567, 34.70501135249304]}}, {"type": "Feature", "properties": {"PWSID": "GA1430010", "PWS_Name": "WACO", "Primacy_Agency": "GA", "Population_Served_Count": 884, "Service_Connections_Count": 349, "Service_Area_Type": "Municipality", "Verification_Status": "", "Area_SqKM": 3.510011644092282}, "geometry": {"type": "Point", "coordinates": [-85.20339369769074, 33.693599790197666]}}, {"type": "Feature", "properties": {"PWSID": "GA1370019", "PWS_Name": "VILLAGE MOBILE HOME PARK", "Primacy_Agency": "GA", "Population_Served_Count": 62, "Service_Connections_Count": 24, "Service_Area_Type": "Mobile Home Park - Principal Residence", "Verification_Status": "", "Area_SqKM": 0.5293959006301389}, "geometry": {"type": "Point", "coordinates": [-83.5605006666782, 34.50361538945791]}}, {"type": "Feature", "properties": {"PWSID": "GA1370015", "PWS_Name": "EL PARAISO", "Primacy_Agency": "GA", "Population_Served_Count": 44, "Service_Connections_Count": 20, "Service_Area_Type": "Mobile Home Park - Principal Residence", "Verification_Status": "", "Area_SqKM": 0.06060257725457084}, "geometry": {"type": "Point", "coordinates": [-83.50496535858525, 34.59556567610686]}}, {"type": "Feature", "properties": {"PWSID": "GA1370005", "PWS_Name": "MOUNT AIRY", "Primacy_Agency": "GA", "Population_Served_Count": 1384, "Service_Connections_Count": 532, "Service_Area_Type": "Municipality", "Verification_Status": "", "Area_SqKM": 3.3351995373932644}, "geometry": {"type": "Point", "coordinates": [-83.49825997214488, 34.52758510888893]}}, {"type": "Feature", "properties": {"PWSID": "GA1210009", "PWS_Name": "ROSWELL", "Primacy_Agency": "GA", "Population_Served_Count": 14300, "Service_Connections_Count": 5500, "Service_Area_Type": "Municipality", "Verification_Status": "", "Area_SqKM": 17.798079053086173}, "geometry": {"type": "Point", "coordinates": [-84.36349330366205, 34.02115622943276]}}, {"type": "Feature", "properties": {"PWSID": "GA1210007", "PWS_Name": "MOUNTAIN PARK", "Primacy_Agency": "GA", "Population_Served_Count": 557, "Service_Connections_Count": 310, "Service_Area_Type": "Municipality", "Verification_Status": "", "Area_SqKM": 1.0417367831853719}, "geometry": {"type": "Point", "coordinates": [-84.41462736825409, 34.084575413477836]}}, {"type": "Feature", "properties": {"PWSID": "GA0970002", "PWS_Name": "DOGWOOD BLOSSOM TRAILER PARK", "Primacy_Agency": "GA", "Population_Served_Count": 68, "Service_Connections_Count": 26, "Service_Area_Type": "Mobile Home Park - Principal Residence", "Verification_Status": "", "Area_SqKM": 0.18162197937706773}, "geometry": {"type": "Point", "coordinates": [-84.69974042132405, 33.69375667274201]}}, {"type": "Feature", "properties": {"PWSID": "GA0670007", "PWS_Name": "SMYRNA", "Primacy_Agency": "GA", "Population_Served_Count": 40508, "Service_Connections_Count": 15580, "Service_Area_Type": "Municipality", "Verification_Status": "", "Area_SqKM": 43.970613858492996}, "geometry": {"type": "Point", "coordinates": [-84.52367490156526, 33.86936441596551]}}, {"type": "Feature", "properties": {"PWSID": "GA0550001", "PWS_Name": "LYERLY", "Primacy_Agency": "GA", "Population_Served_Count": 1638, "Service_Connections_Count": 607, "Service_Area_Type": "Municipality", "Verification_Status": "", "Area_SqKM": 5.934899208815589}, "geometry": {"type": "Point", "coordinates": [-85.39076767569027, 34.41321647541396]}}, {"type": "Feature", "properties": {"PWSID": "GA0450006", "PWS_Name": "VILLA RICA", "Primacy_Agency": "GA", "Population_Served_Count": 15667, "Service_Connections_Count": 6026, "Service_Area_Type": "Municipality", "Verification_Status": "", "Area_SqKM": 39.054708840117605}, "geometry": {"type": "Point", "coordinates": [-84.93106724460823, 33.73842917533785]}}, {"type": "Feature", "properties": {"PWSID": "GA0450005", "PWS_Name": "TEMPLE", "Primacy_Agency": "GA", "Population_Served_Count": 5708, "Service_Connections_Count": 2600, "Service_Area_Type": "Municipality", "Verification_Status": "", "Area_SqKM": 11.755842615049817}, "geometry": {"type": "Point", "coordinates": [-85.02603534831154, 33.72821334474139]}}, {"type": "Feature", "properties": {"PWSID": "GA0150025", "PWS_Name": "EMERSON", "Primacy_Agency": "GA", "Population_Served_Count": 1435, "Service_Connections_Count": 1088, "Service_Area_Type": "Municipality", "Verification_Status": "", "Area_SqKM": 3.4163699697737533}, "geometry": {"type": "Point", "coordinates": [-84.7613485871898, 34.117761595753734]}}, {"type": "Feature", "properties": {"PWSID": "GA1430002", "PWS_Name": "TALLAPOOSA", "Primacy_Agency": "GA", "Population_Served_Count": 4680, "Service_Connections_Count": 1800, "Service_Area_Type": "Municipality", "Verification_Status": "", "Area_SqKM": 16.15007055077906}, "geometry": {"type": "Point", "coordinates": [-85.28028850017421, 33.73306764691141]}}, {"type": "Feature", "properties": {"PWSID": "GA1150000", "PWS_Name": "CAVE SPRING", "Primacy_Agency": "GA", "Population_Served_Count": 4248, "Service_Connections_Count": 1635, "Service_Area_Type": "Municipality", "Verification_Status": "", "Area_SqKM": 4.180075007017196}, "geometry": {"type": "Point", "coordinates": [-85.32765500712702, 34.111454035763586]}}, {"type": "Feature", "properties": {"PWSID": "GA1370002", "PWS_Name": "CLARKESVILLE", "Primacy_Agency": "GA", "Population_Served_Count": 5785, "Service_Connections_Count": 2225, "Service_Area_Type": "Municipality", "Verification_Status": "", "Area_SqKM": 16.30346385931401}, "geometry": {"type": "Point", "coordinates": [-83.52714006318938, 34.61550293134499]}}, {"type": "Feature", "properties": {"PWSID": "GA1750006", "PWS_Name": "RENTZ", "Primacy_Agency": "GA", "Population_Served_Count": 1864, "Service_Connections_Count": 238, "Service_Area_Type": "Municipality", "Verification_Status": "", "Area_SqKM": 2.100910487219797}, "geometry": {"type": "Point", "coordinates": [-82.99067122060617, 32.38386472056944]}}, {"type": "Feature", "properties": {"PWSID": "GA1750005", "PWS_Name": "MONTROSE", "Primacy_Agency": "GA", "Population_Served_Count": 228, "Service_Connections_Count": 98, "Service_Area_Type": "Municipality", "Verification_Status": "", "Area_SqKM": 0.5318681234478227}, "geometry": {"type": "Point", "coordinates": [-83.15135764746111, 32.557423115234016]}}, {"type": "Feature", "properties": {"PWSID": "GA1750003", "PWS_Name": "DUDLEY", "Primacy_Agency": "GA", "Population_Served_Count": 1783, "Service_Connections_Count": 227, "Service_Area_Type": "Municipality", "Verification_Status": "", "Area_SqKM": 1.7333110504360736}, "geometry": {"type": "Point", "coordinates": [-83.07126441421936, 32.541492428515454]}}, {"type": "Feature", "properties": {"PWSID": "GA1750001", "PWS_Name": "DEXTER", "Primacy_Agency": "GA", "Population_Served_Count": 2097, "Service_Connections_Count": 321, "Service_Area_Type": "Municipality", "Verification_Status": "", "Area_SqKM": 1.8195390005002998}, "geometry": {"type": "Point", "coordinates": [-83.04701521759273, 32.4371608565054]}}, {"type": "Feature", "properties": {"PWSID": "GA0910001", "PWS_Name": "CHESTER", "Primacy_Agency": "GA", "Population_Served_Count": 1808, "Service_Connections_Count": 218, "Service_Area_Type": "Municipality", "Verification_Status": "", "Area_SqKM": 1.735136833993002}, "geometry": {"type": "Point", "coordinates": [-83.1524086521245, 32.3924715913179]}}, {"type": "Feature", "properties": {"PWSID": "GA2170003", "PWS_Name": "NEWBORN WATER SYSTEM", "Primacy_Agency": "GA", "Population_Served_Count": 667, "Service_Connections_Count": 257, "Service_Area_Type": "Municipality", "Verification_Status": "", "Area_SqKM": 2.5088122214590753}, "geometry": {"type": "Point", "coordinates": [-83.6979272434055, 33.518327770356876]}}, {"type": "Feature", "properties": {"PWSID": "GA1370001", "PWS_Name": "BALDWIN", "Primacy_Agency": "GA", "Population_Served_Count": 4160, "Service_Connections_Count": 1600, "Service_Area_Type": "Municipality", "Verification_Status": "", "Area_SqKM": 6.175684391659329}, "geometry": {"type": "Point", "coordinates": [-83.53810166883099, 34.486971301656624]}}, {"type": "Feature", "properties": {"PWSID": "GA1590000", "PWS_Name": "MONTICELLO", "Primacy_Agency": "GA", "Population_Served_Count": 3505, "Service_Connections_Count": 1348, "Service_Area_Type": "Municipality", "Verification_Status": "", "Area_SqKM": 7.399846275520724}, "geometry": {"type": "Point", "coordinates": [-83.6880872593279, 33.30423303075423]}}, {"type": "Feature", "properties": {"PWSID": "GA2170034", "PWS_Name": "ALCOVY MOBILE HOME PARK", "Primacy_Agency": "GA", "Population_Served_Count": 120, "Service_Connections_Count": 46, "Service_Area_Type": "Mobile Home Park - Principal Residence", "Verification_Status": "", "Area_SqKM": 0.10872833525429254}, "geometry": {"type": "Point", "coordinates": [-83.84432262022145, 33.552991590128315]}}, {"type": "Feature", "properties": {"PWSID": "GA2170010", "PWS_Name": "DIAL WATER SYSTEM", "Primacy_Agency": "GA", "Population_Served_Count": 648, "Service_Connections_Count": 240, "Service_Area_Type": "Subdivision", "Verification_Status": "", "Area_SqKM": 3.820335615436617}, "geometry": {"type": "Point", "coordinates": [-83.85567805079171, 33.65024175367365]}}, {"type": "Feature", "properties": {"PWSID": "GA2170002", "PWS_Name": "MANSFIELD", "Primacy_Agency": "GA", "Population_Served_Count": 791, "Service_Connections_Count": 304, "Service_Area_Type": "Municipality", "Verification_Status": "", "Area_SqKM": 2.487261843351911}, "geometry": {"type": "Point", "coordinates": [-83.73764333901097, 33.51729996611976]}}, {"type": "Feature", "properties": {"PWSID": "GA1190003", "PWS_Name": "LAVONIA", "Primacy_Agency": "GA", "Population_Served_Count": 8190, "Service_Connections_Count": 3150, "Service_Area_Type": "Municipality", "Verification_Status": "", "Area_SqKM": 24.578886561484868}, "geometry": {"type": "Point", "coordinates": [-83.09159262161666, 34.47655482582009]}}, {"type": "Feature", "properties": {"PWSID": "GA0110031", "PWS_Name": "APPLE PIE RIDGE SUBDIVISION", "Primacy_Agency": "GA", "Population_Served_Count": 49, "Service_Connections_Count": 18, "Service_Area_Type": "Residential Area", "Verification_Status": "", "Area_SqKM": 2.0019435291552328}, "geometry": {"type": "Point", "coordinates": [-83.54050104499126, 34.47394320426454]}}, {"type": "Feature", "properties": {"PWSID": "GA2930010", "PWS_Name": "UPSON COUNTY", "Primacy_Agency": "GA", "Population_Served_Count": 5243, "Service_Connections_Count": 2054, "Service_Area_Type": "Residential Area", "Verification_Status": "", "Area_SqKM": 1.7809643646616784}, "geometry": {"type": "Point", "coordinates": [-84.4068841905189, 32.89915688446448]}}, {"type": "Feature", "properties": {"PWSID": "GA2930009", "PWS_Name": "ARROWHEAD LAKE WATER ASSOC.", "Primacy_Agency": "GA", "Population_Served_Count": 270, "Service_Connections_Count": 100, "Service_Area_Type": "Homeowners Association", "Verification_Status": "", "Area_SqKM": 1.262607449146136}, "geometry": {"type": "Point", "coordinates": [-84.27851053524918, 32.87314090569691]}}, {"type": "Feature", "properties": {"PWSID": "GA2930002", "PWS_Name": "YATESVILLE", "Primacy_Agency": "GA", "Population_Served_Count": 537, "Service_Connections_Count": 205, "Service_Area_Type": "Municipality", "Verification_Status": "", "Area_SqKM": 1.3352655980728674}, "geometry": {"type": "Point", "coordinates": [-84.1426432381628, 32.91291119476134]}}, {"type": "Feature", "properties": {"PWSID": "GA2930000", "PWS_Name": "THOMASTON", "Primacy_Agency": "GA", "Population_Served_Count": 12482, "Service_Connections_Count": 5418, "Service_Area_Type": "Municipality", "Verification_Status": "", "Area_SqKM": 22.026245417463773}, "geometry": {"type": "Point", "coordinates": [-84.33539776094054, 32.897808174086904]}}, {"type": "Feature", "properties": {"PWSID": "GA2850131", "PWS_Name": "CHEROKEE CLUB RESORT", "Primacy_Agency": "GA", "Population_Served_Count": 108, "Service_Connections_Count": 40, "Service_Area_Type": "Residential Area", "Verification_Status": "", "Area_SqKM": 0.6201626554922666}, "geometry": {"type": "Point", "coordinates": [-84.96420840868778, 32.93968563481073]}}, {"type": "Feature", "properties": {"PWSID": "GA2850129", "PWS_Name": "PINE MOUNTAIN MHP", "Primacy_Agency": "GA", "Population_Served_Count": 85, "Service_Connections_Count": 33, "Service_Area_Type": "Mobile Home Park - Principal Residence", "Verification_Status": "", "Area_SqKM": 0.031039143406161356}, "geometry": {"type": "Point", "coordinates": [-84.8613435499187, 32.886443400116235]}}, {"type": "Feature", "properties": {"PWSID": "GA2850002", "PWS_Name": "WEST POINT", "Primacy_Agency": "GA", "Population_Served_Count": 5800, "Service_Connections_Count": 2235, "Service_Area_Type": "Municipality", "Verification_Status": "", "Area_SqKM": 14.147033014856909}, "geometry": {"type": "Point", "coordinates": [-85.15772331601721, 32.89520069805184]}}, {"type": "Feature", "properties": {"PWSID": "GA2850001", "PWS_Name": "LAGRANGE", "Primacy_Agency": "GA", "Population_Served_Count": 41852, "Service_Connections_Count": 18065, "Service_Area_Type": "Municipality", "Verification_Status": "", "Area_SqKM": 130.5844495189821}, "geometry": {"type": "Point", "coordinates": [-85.04632366766491, 33.04628351297012]}}, {"type": "Feature", "properties": {"PWSID": "GA2850000", "PWS_Name": "HOGANSVILLE", "Primacy_Agency": "GA", "Population_Served_Count": 4295, "Service_Connections_Count": 1719, "Service_Area_Type": "Municipality", "Verification_Status": "", "Area_SqKM": 11.446242197291792}, "geometry": {"type": "Point", "coordinates": [-84.90494348042587, 33.15608335670844]}}, {"type": "Feature", "properties": {"PWSID": "GA2690001", "PWS_Name": "REYNOLDS", "Primacy_Agency": "GA", "Population_Served_Count": 1301, "Service_Connections_Count": 542, "Service_Area_Type": "Municipality", "Verification_Status": "", "Area_SqKM": 2.762552105032185}, "geometry": {"type": "Point", "coordinates": [-84.09581047501071, 32.561025958352324]}}, {"type": "Feature", "properties": {"PWSID": "GA2550009", "PWS_Name": "PONDEROSA MHC, LLC", "Primacy_Agency": "GA", "Population_Served_Count": 234, "Service_Connections_Count": 90, "Service_Area_Type": "Mobile Home Park - Principal Residence", "Verification_Status": "", "Area_SqKM": 0.05062217562646617}, "geometry": {"type": "Point", "coordinates": [-84.31802853330298, 33.33502283342308]}}, {"type": "Feature", "properties": {"PWSID": "GA2550006", "PWS_Name": "SOUTH HAMPTON MOBILE HOME PARK", "Primacy_Agency": "GA", "Population_Served_Count": 566, "Service_Connections_Count": 214, "Service_Area_Type": "Mobile Home Park - Principal Residence", "Verification_Status": "", "Area_SqKM": 0.15225528187795506}, "geometry": {"type": "Point", "coordinates": [-84.29345282072866, 33.35115664130004]}}, {"type": "Feature", "properties": {"PWSID": "GA2550002", "PWS_Name": "CUMBERLAND SPRINGS", "Primacy_Agency": "GA", "Population_Served_Count": 122, "Service_Connections_Count": 47, "Service_Area_Type": "Subdivision", "Verification_Status": "", "Area_SqKM": 3.414367934462715}, "geometry": {"type": "Point", "coordinates": [-84.23792229695434, 33.19880883037244]}}, {"type": "Feature", "properties": {"PWSID": "GA2550000", "PWS_Name": "GRIFFIN", "Primacy_Agency": "GA", "Population_Served_Count": 23643, "Service_Connections_Count": 11436, "Service_Area_Type": "Municipality", "Verification_Status": "", "Area_SqKM": 31.068172054321}, "geometry": {"type": "Point", "coordinates": [-84.27274952408038, 33.24435945549865]}}, {"type": "Feature", "properties": {"PWSID": "GA2470006", "PWS_Name": "MONASTERY OF THE HOLY SPIRIT", "Primacy_Agency": "GA", "Population_Served_Count": 100, "Service_Connections_Count": 1, "Service_Area_Type": "Other Residential", "Verification_Status": "", "Area_SqKM": 0.8679293422587553}, "geometry": {"type": "Point", "coordinates": [-84.06486329604218, 33.5897614261691]}}, {"type": "Feature", "properties": {"PWSID": "GA2310004", "PWS_Name": "ZEBULON", "Primacy_Agency": "GA", "Population_Served_Count": 1369, "Service_Connections_Count": 700, "Service_Area_Type": "Municipality", "Verification_Status": "", "Area_SqKM": 9.761026445187785}, "geometry": {"type": "Point", "coordinates": [-84.34988521810438, 33.10087008507506]}}, {"type": "Feature", "properties": {"PWSID": "GA2310003", "PWS_Name": "WILLIAMSON", "Primacy_Agency": "GA", "Population_Served_Count": 683, "Service_Connections_Count": 264, "Service_Area_Type": "Municipality", "Verification_Status": "", "Area_SqKM": 1.1680527007424082}, "geometry": {"type": "Point", "coordinates": [-84.36394869999282, 33.1799122860993]}}, {"type": "Feature", "properties": {"PWSID": "GA2310002", "PWS_Name": "MOLENA", "Primacy_Agency": "GA", "Population_Served_Count": 437, "Service_Connections_Count": 167, "Service_Area_Type": "Municipality", "Verification_Status": "", "Area_SqKM": 2.3691086668349612}, "geometry": {"type": "Point", "coordinates": [-84.50188601122271, 33.013368614753205]}}, {"type": "Feature", "properties": {"PWSID": "GA2310001", "PWS_Name": "MEANSVILLE", "Primacy_Agency": "GA", "Population_Served_Count": 332, "Service_Connections_Count": 125, "Service_Area_Type": "Municipality", "Verification_Status": "", "Area_SqKM": 1.0982039419085488}, "geometry": {"type": "Point", "coordinates": [-84.3077602251491, 33.05263662491349]}}, {"type": "Feature", "properties": {"PWSID": "GA2310000", "PWS_Name": "CONCORD", "Primacy_Agency": "GA", "Population_Served_Count": 751, "Service_Connections_Count": 315, "Service_Area_Type": "Municipality", "Verification_Status": "", "Area_SqKM": 2.7776248414899984}, "geometry": {"type": "Point", "coordinates": [-84.43729225028295, 33.09515403368628]}}, {"type": "Feature", "properties": {"PWSID": "GA2250003", "PWS_Name": "GROVE ESTATES MHP", "Primacy_Agency": "GA", "Population_Served_Count": 162, "Service_Connections_Count": 60, "Service_Area_Type": "Mobile Home Park - Principal Residence", "Verification_Status": "", "Area_SqKM": 1.1775463316619803}, "geometry": {"type": "Point", "coordinates": [-83.71206578824095, 32.669189077120194]}}, {"type": "Feature", "properties": {"PWSID": "GA2250001", "PWS_Name": "FORT VALLEY  UTILITY COMMISSION", "Primacy_Agency": "GA", "Population_Served_Count": 13296, "Service_Connections_Count": 3833, "Service_Area_Type": "Municipality", "Verification_Status": "", "Area_SqKM": 26.207855282569646}, "geometry": {"type": "Point", "coordinates": [-83.88909748652729, 32.54225728205915]}}, {"type": "Feature", "properties": {"PWSID": "GA2250000", "PWS_Name": "BYRON", "Primacy_Agency": "GA", "Population_Served_Count": 9993, "Service_Connections_Count": 3641, "Service_Area_Type": "Municipality", "Verification_Status": "", "Area_SqKM": 25.539975399239868}, "geometry": {"type": "Point", "coordinates": [-83.75519554744159, 32.645169111768475]}}, {"type": "Feature", "properties": {"PWSID": "GA2170004", "PWS_Name": "NEWTON CO. WATER-SEWERAGE AUTH", "Primacy_Agency": "GA", "Population_Served_Count": 74364, "Service_Connections_Count": 26846, "Service_Area_Type": "Municipality", "Verification_Status": "", "Area_SqKM": 60.67893215721576}, "geometry": {"type": "Point", "coordinates": [-83.9197876160769, 33.57101454594622]}}, {"type": "Feature", "properties": {"PWSID": "GA2070074", "PWS_Name": "SOUTH MONROE COUNTY WATER SYSTEM", "Primacy_Agency": "GA", "Population_Served_Count": 7320, "Service_Connections_Count": 2771, "Service_Area_Type": "Residential Area", "Verification_Status": "", "Area_SqKM": 10.031870287408916}, "geometry": {"type": "Point", "coordinates": [-83.74379896420602, 32.916586784264155]}}, {"type": "Feature", "properties": {"PWSID": "GA2070072", "PWS_Name": "NORTH MONROE WATER SYSTEM", "Primacy_Agency": "GA", "Population_Served_Count": 2903, "Service_Connections_Count": 1105, "Service_Area_Type": "Residential Area", "Verification_Status": "", "Area_SqKM": 3.081387050253509}, "geometry": {"type": "Point", "coordinates": [-83.94478060635247, 33.02760868413579]}}, {"type": "Feature", "properties": {"PWSID": "GA2070001", "PWS_Name": "FORSYTH", "Primacy_Agency": "GA", "Population_Served_Count": 8585, "Service_Connections_Count": 3302, "Service_Area_Type": "Municipality", "Verification_Status": "", "Area_SqKM": 24.42412399939498}, "geometry": {"type": "Point", "coordinates": [-83.94966966675337, 33.02934191294199]}}, {"type": "Feature", "properties": {"PWSID": "GA2070000", "PWS_Name": "CULLODEN", "Primacy_Agency": "GA", "Population_Served_Count": 284, "Service_Connections_Count": 106, "Service_Area_Type": "Municipality", "Verification_Status": "", "Area_SqKM": 2.183467562266456}, "geometry": {"type": "Point", "coordinates": [-84.09319263101116, 32.86897283103965]}}, {"type": "Feature", "properties": {"PWSID": "GA1990044", "PWS_Name": "GAY", "Primacy_Agency": "GA", "Population_Served_Count": 194, "Service_Connections_Count": 103, "Service_Area_Type": "Municipality", "Verification_Status": "", "Area_SqKM": 0.06960368731272903}, "geometry": {"type": "Point", "coordinates": [-84.57694519993007, 33.10120100444293]}}, {"type": "Feature", "properties": {"PWSID": "GA1990009", "PWS_Name": "ROOSEVELT WARM SPRINGS INST.", "Primacy_Agency": "GA", "Population_Served_Count": 493, "Service_Connections_Count": 65, "Service_Area_Type": "Other Residential", "Verification_Status": "", "Area_SqKM": 2.1106019316577016}, "geometry": {"type": "Point", "coordinates": [-84.68687836440671, 32.89260511944813]}}, {"type": "Feature", "properties": {"PWSID": "GA1990005", "PWS_Name": "WOODBURY", "Primacy_Agency": "GA", "Population_Served_Count": 961, "Service_Connections_Count": 591, "Service_Area_Type": "Municipality", "Verification_Status": "", "Area_SqKM": 5.041737874469283}, "geometry": {"type": "Point", "coordinates": [-84.57894983183601, 32.98100306073339]}}, {"type": "Feature", "properties": {"PWSID": "GA1990004", "PWS_Name": "WARM SPRINGS", "Primacy_Agency": "GA", "Population_Served_Count": 1017, "Service_Connections_Count": 437, "Service_Area_Type": "Municipality", "Verification_Status": "", "Area_SqKM": 3.100736575346013}, "geometry": {"type": "Point", "coordinates": [-84.68635141436138, 32.89292742049876]}}, {"type": "Feature", "properties": {"PWSID": "GA1990003", "PWS_Name": "MANCHESTER", "Primacy_Agency": "GA", "Population_Served_Count": 5397, "Service_Connections_Count": 2132, "Service_Area_Type": "Municipality", "Verification_Status": "", "Area_SqKM": 16.43701270925257}, "geometry": {"type": "Point", "coordinates": [-84.61041600156939, 32.856507703895666]}}, {"type": "Feature", "properties": {"PWSID": "GA1990002", "PWS_Name": "LUTHERSVILLE", "Primacy_Agency": "GA", "Population_Served_Count": 2468, "Service_Connections_Count": 732, "Service_Area_Type": "Municipality", "Verification_Status": "", "Area_SqKM": 4.1796156613043385}, "geometry": {"type": "Point", "coordinates": [-84.7440850468762, 33.205705375897566]}}, {"type": "Feature", "properties": {"PWSID": "GA1990001", "PWS_Name": "LONE OAK WATER SYSTEM", "Primacy_Agency": "GA", "Population_Served_Count": 307, "Service_Connections_Count": 120, "Service_Area_Type": "Municipality", "Verification_Status": "", "Area_SqKM": 1.0067025296227428}, "geometry": {"type": "Point", "coordinates": [-84.81829592733672, 33.172267378435095]}}, {"type": "Feature", "properties": {"PWSID": "GA1990000", "PWS_Name": "GREENVILLE", "Primacy_Agency": "GA", "Population_Served_Count": 2013, "Service_Connections_Count": 602, "Service_Area_Type": "Municipality", "Verification_Status": "", "Area_SqKM": 4.037240176963326}, "geometry": {"type": "Point", "coordinates": [-84.71277804282346, 33.029514228558114]}}, {"type": "Feature", "properties": {"PWSID": "GA1530004", "PWS_Name": "HOUSTON COUNTY-HAYNESVILLE", "Primacy_Agency": "GA", "Population_Served_Count": 1307, "Service_Connections_Count": 484, "Service_Area_Type": "Residential Area", "Verification_Status": "", "Area_SqKM": 5.3276791011154065}, "geometry": {"type": "Point", "coordinates": [-83.63814615910742, 32.39840778862063]}}, {"type": "Feature", "properties": {"PWSID": "GA1530000", "PWS_Name": "CENTERVILLE", "Primacy_Agency": "GA", "Population_Served_Count": 11459, "Service_Connections_Count": 3995, "Service_Area_Type": "Municipality", "Verification_Status": "", "Area_SqKM": 12.58331459575174}, "geometry": {"type": "Point", "coordinates": [-83.69615270523369, 32.64183115706042]}}, {"type": "Feature", "properties": {"PWSID": "GA1510015", "PWS_Name": "POOLE`S MOBILE MANOR", "Primacy_Agency": "GA", "Population_Served_Count": 255, "Service_Connections_Count": 98, "Service_Area_Type": "Mobile Home Park - Principal Residence", "Verification_Status": "", "Area_SqKM": 1.8299888159017785}, "geometry": {"type": "Point", "coordinates": [-84.25219565710164, 33.6369081333299]}}, {"type": "Feature", "properties": {"PWSID": "GA1510013", "PWS_Name": "INDIAN CREEK MOBILE PARK", "Primacy_Agency": "GA", "Population_Served_Count": 572, "Service_Connections_Count": 288, "Service_Area_Type": "Mobile Home Park - Principal Residence", "Verification_Status": "", "Area_SqKM": 1.1294508833497683}, "geometry": {"type": "Point", "coordinates": [-84.11697954043579, 33.32894835236633]}}, {"type": "Feature", "properties": {"PWSID": "GA1510004", "PWS_Name": "STOCKBRIDGE", "Primacy_Agency": "GA", "Population_Served_Count": 7195, "Service_Connections_Count": 2878, "Service_Area_Type": "Municipality", "Verification_Status": "", "Area_SqKM": 8.368065144254018}, "geometry": {"type": "Point", "coordinates": [-84.2376450858562, 33.54850306219313]}}, {"type": "Feature", "properties": {"PWSID": "GA1510003", "PWS_Name": "MCDONOUGH", "Primacy_Agency": "GA", "Population_Served_Count": 16187, "Service_Connections_Count": 5995, "Service_Area_Type": "Municipality", "Verification_Status": "", "Area_SqKM": 17.409592188106377}, "geometry": {"type": "Point", "coordinates": [-84.13634549353881, 33.45751866324709]}}, {"type": "Feature", "properties": {"PWSID": "GA1510002", "PWS_Name": "LOCUST GROVE", "Primacy_Agency": "GA", "Population_Served_Count": 5648, "Service_Connections_Count": 2060, "Service_Area_Type": "Municipality", "Verification_Status": "", "Area_SqKM": 13.699434910794691}, "geometry": {"type": "Point", "coordinates": [-84.10598708169208, 33.34736526930162]}}, {"type": "Feature", "properties": {"PWSID": "GA1490006", "PWS_Name": "EPHESUS", "Primacy_Agency": "GA", "Population_Served_Count": 1000, "Service_Connections_Count": 530, "Service_Area_Type": "Municipality", "Verification_Status": "", "Area_SqKM": 14.547502415940647}, "geometry": {"type": "Point", "coordinates": [-85.25717210099205, 33.40688364797541]}}, {"type": "Feature", "properties": {"PWSID": "GA1490000", "PWS_Name": "HEARD COUNTY WATER AUTHORITY", "Primacy_Agency": "GA", "Population_Served_Count": 8172, "Service_Connections_Count": 3143, "Service_Area_Type": "Municipality", "Verification_Status": "", "Area_SqKM": 7.058581333773243}, "geometry": {"type": "Point", "coordinates": [-85.10414833787108, 33.28383306755842]}}, {"type": "Feature", "properties": {"PWSID": "GA1450001", "PWS_Name": "PINE MOUNTAIN", "Primacy_Agency": "GA", "Population_Served_Count": 2135, "Service_Connections_Count": 870, "Service_Area_Type": "Municipality", "Verification_Status": "", "Area_SqKM": 5.90101966863762}, "geometry": {"type": "Point", "coordinates": [-84.85549095586244, 32.8530756413144]}}, {"type": "Feature", "properties": {"PWSID": "GA1210010", "PWS_Name": "UNION CITY", "Primacy_Agency": "GA", "Population_Served_Count": 18636, "Service_Connections_Count": 4500, "Service_Area_Type": "Municipality", "Verification_Status": "", "Area_SqKM": 41.782570636058864}, "geometry": {"type": "Point", "coordinates": [-84.54392011929347, 33.583072443279406]}}, {"type": "Feature", "properties": {"PWSID": "GA1210006", "PWS_Name": "HAPEVILLE", "Primacy_Agency": "GA", "Population_Served_Count": 5790, "Service_Connections_Count": 2227, "Service_Area_Type": "Municipality", "Verification_Status": "", "Area_SqKM": 4.349635641035655}, "geometry": {"type": "Point", "coordinates": [-84.40919869157673, 33.66147935254237]}}, {"type": "Feature", "properties": {"PWSID": "GA2410097", "PWS_Name": "COVECREST SUBDIVISION", "Primacy_Agency": "GA", "Population_Served_Count": 162, "Service_Connections_Count": 115, "Service_Area_Type": "Subdivision", "Verification_Status": "", "Area_SqKM": 0.002422134569815315}, "geometry": {"type": "Point", "coordinates": [-83.50449920007797, 34.815364459949095]}}, {"type": "Feature", "properties": {"PWSID": "GA2410119", "PWS_Name": "LAUREL RIDGE S/D", "Primacy_Agency": "GA", "Population_Served_Count": 88, "Service_Connections_Count": 46, "Service_Area_Type": "Subdivision", "Verification_Status": "", "Area_SqKM": 0.5361579533412162}, "geometry": {"type": "Point", "coordinates": [-83.42527205107113, 34.76562118883547]}}, {"type": "Feature", "properties": {"PWSID": "GA2410138", "PWS_Name": "DILLARD", "Primacy_Agency": "GA", "Population_Served_Count": 211, "Service_Connections_Count": 81, "Service_Area_Type": "Municipality", "Verification_Status": "", "Area_SqKM": 0.443765606431036}, "geometry": {"type": "Point", "coordinates": [-83.3861932905313, 34.97357586195888]}}, {"type": "Feature", "properties": {"PWSID": "GA0330044", "PWS_Name": "KEYSVILLE", "Primacy_Agency": "GA", "Population_Served_Count": 305, "Service_Connections_Count": 107, "Service_Area_Type": "Municipality", "Verification_Status": "", "Area_SqKM": 0.1711907002296567}, "geometry": {"type": "Point", "coordinates": [-82.22765725927148, 33.23897402966219]}}, {"type": "Feature", "properties": {"PWSID": "GA0730001", "PWS_Name": "GROVETOWN", "Primacy_Agency": "GA", "Population_Served_Count": 16000, "Service_Connections_Count": 5550, "Service_Area_Type": "Municipality", "Verification_Status": "", "Area_SqKM": 41.16737504371114}, "geometry": {"type": "Point", "coordinates": [-82.22899941621229, 33.45274573469062]}}, {"type": "Feature", "properties": {"PWSID": "GA0730010", "PWS_Name": "MARTINEZ WATER ASSOC.", "Primacy_Agency": "GA", "Population_Served_Count": 150, "Service_Connections_Count": 60, "Service_Area_Type": "Subdivision", "Verification_Status": "", "Area_SqKM": 3.776372464628296}, "geometry": {"type": "Point", "coordinates": [-82.08719663235006, 33.52687525029736]}}, {"type": "Feature", "properties": {"PWSID": "GA0730017", "PWS_Name": "WINDY ACRES MOBILE HOME PARK", "Primacy_Agency": "GA", "Population_Served_Count": 162, "Service_Connections_Count": 60, "Service_Area_Type": "Mobile Home Park - Principal Residence", "Verification_Status": "", "Area_SqKM": 0.6216526403534567}, "geometry": {"type": "Point", "coordinates": [-82.14103474678014, 33.48340234425778]}}, {"type": "Feature", "properties": {"PWSID": "GA0730020", "PWS_Name": "MOBILE CITY MOBILE HOME PARK", "Primacy_Agency": "GA", "Population_Served_Count": 87, "Service_Connections_Count": 32, "Service_Area_Type": "Mobile Home Park - Principal Residence", "Verification_Status": "", "Area_SqKM": 2.3482612980732163}, "geometry": {"type": "Point", "coordinates": [-82.2410904271116, 33.40260931976085]}}, {"type": "Feature", "properties": {"PWSID": "GA0730022", "PWS_Name": "PINENEEDLE COMMUNITY LIVING", "Primacy_Agency": "GA", "Population_Served_Count": 150, "Service_Connections_Count": 52, "Service_Area_Type": "Mobile Home Park - Principal Residence", "Verification_Status": "", "Area_SqKM": 0.20989848878550066}, "geometry": {"type": "Point", "coordinates": [-82.31273352107439, 33.44249251837389]}}, {"type": "Feature", "properties": {"PWSID": "GA2450000", "PWS_Name": "AUGUSTA-RICHMOND CO WS", "Primacy_Agency": "GA", "Population_Served_Count": 204000, "Service_Connections_Count": 78500, "Service_Area_Type": "Municipality", "Verification_Status": "", "Area_SqKM": 246.3214752242832}, "geometry": {"type": "Point", "coordinates": [-82.03140165356862, 33.408157845310164]}}, {"type": "Feature", "properties": {"PWSID": "GA2450001", "PWS_Name": "BLYTHE", "Primacy_Agency": "GA", "Population_Served_Count": 1482, "Service_Connections_Count": 435, "Service_Area_Type": "Municipality", "Verification_Status": "", "Area_SqKM": 5.138015330843082}, "geometry": {"type": "Point", "coordinates": [-82.20611191886938, 33.300736162272536]}}, {"type": "Feature", "properties": {"PWSID": "GA2450002", "PWS_Name": "HEPHZIBAH", "Primacy_Agency": "GA", "Population_Served_Count": 6941, "Service_Connections_Count": 1813, "Service_Area_Type": "Municipality", "Verification_Status": "", "Area_SqKM": 53.06516514443293}, "geometry": {"type": "Point", "coordinates": [-82.05843338694059, 33.31969975072517]}}, {"type": "Feature", "properties": {"PWSID": "GA2450014", "PWS_Name": "REASONABLE LIVING", "Primacy_Agency": "GA", "Population_Served_Count": 194, "Service_Connections_Count": 72, "Service_Area_Type": "Mobile Home Park - Principal Residence", "Verification_Status": "", "Area_SqKM": 0.6201916121317842}, "geometry": {"type": "Point", "coordinates": [-82.09488012500148, 33.4047259500553]}}, {"type": "Feature", "properties": {"PWSID": "GA1050001", "PWS_Name": "ELBERTON", "Primacy_Agency": "GA", "Population_Served_Count": 7800, "Service_Connections_Count": 3564, "Service_Area_Type": "Municipality", "Verification_Status": "", "Area_SqKM": 21.051064523223385}, "geometry": {"type": "Point", "coordinates": [-82.86548631418825, 34.10529657336169]}}, {"type": "Feature", "properties": {"PWSID": "GA1050042", "PWS_Name": "NEWTON`S POINTE SUBDIVISION", "Primacy_Agency": "GA", "Population_Served_Count": 135, "Service_Connections_Count": 50, "Service_Area_Type": "Subdivision", "Verification_Status": "", "Area_SqKM": 0.26663959155267336}, "geometry": {"type": "Point", "coordinates": [-82.91064856580174, 34.24671230218883]}}, {"type": "Feature", "properties": {"PWSID": "GA1470052", "PWS_Name": "MCMULLEN SUBDIVISION", "Primacy_Agency": "GA", "Population_Served_Count": 125, "Service_Connections_Count": 48, "Service_Area_Type": "Subdivision", "Verification_Status": "", "Area_SqKM": 1.150934569753841}, "geometry": {"type": "Point", "coordinates": [-82.87088105822001, 34.425090921337]}}, {"type": "Feature", "properties": {"PWSID": "GA1470053", "PWS_Name": "MILLTOWN SUBDIVISION", "Primacy_Agency": "GA", "Population_Served_Count": 84, "Service_Connections_Count": 31, "Service_Area_Type": "Subdivision", "Verification_Status": "", "Area_SqKM": 1.2763633340769862}, "geometry": {"type": "Point", "coordinates": [-82.86814362695436, 34.414266257935516]}}, {"type": "Feature", "properties": {"PWSID": "GA1470054", "PWS_Name": "PARADISE PT-ROCKY POINT", "Primacy_Agency": "GA", "Population_Served_Count": 15, "Service_Connections_Count": 38, "Service_Area_Type": "Summer Camp", "Verification_Status": "", "Area_SqKM": 0.3580274341063518}, "geometry": {"type": "Point", "coordinates": [-82.9233796835003, 34.37446972267825]}}, {"type": "Feature", "properties": {"PWSID": "GA1470056", "PWS_Name": "REED CREEK S/D", "Primacy_Agency": "GA", "Population_Served_Count": 242, "Service_Connections_Count": 93, "Service_Area_Type": "Subdivision", "Verification_Status": "", "Area_SqKM": 0.04908286112842225}, "geometry": {"type": "Point", "coordinates": [-82.89115845110766, 34.46703760001651]}}, {"type": "Feature", "properties": {"PWSID": "GA1470057", "PWS_Name": "REED CREEK POINT/REED CREEK HEIGHTS", "Primacy_Agency": "GA", "Population_Served_Count": 216, "Service_Connections_Count": 80, "Service_Area_Type": "Subdivision", "Verification_Status": "", "Area_SqKM": 2.6329051429784416}, "geometry": {"type": "Point", "coordinates": [-82.92598067850919, 34.46664930761107]}}, {"type": "Feature", "properties": {"PWSID": "GA1470064", "PWS_Name": "FREEDOM HEIGHTS SUBDIVISION", "Primacy_Agency": "GA", "Population_Served_Count": 54, "Service_Connections_Count": 20, "Service_Area_Type": "Subdivision", "Verification_Status": "", "Area_SqKM": 0.15350537505041925}, "geometry": {"type": "Point", "coordinates": [-82.88393098177805, 34.43699541821927]}}, {"type": "Feature", "properties": {"PWSID": "GA1470070", "PWS_Name": "TUCKER - MASSEY SUBDIVISION", "Primacy_Agency": "GA", "Population_Served_Count": 57, "Service_Connections_Count": 21, "Service_Area_Type": "Subdivision", "Verification_Status": "", "Area_SqKM": 1.280758633377081}, "geometry": {"type": "Point", "coordinates": [-82.8838564112467, 34.41415030792318]}}, {"type": "Feature", "properties": {"PWSID": "GA1470071", "PWS_Name": "HIDDEN POINT SUBDIVISION", "Primacy_Agency": "GA", "Population_Served_Count": 73, "Service_Connections_Count": 28, "Service_Area_Type": "Subdivision", "Verification_Status": "", "Area_SqKM": 0.8524541067738711}, "geometry": {"type": "Point", "coordinates": [-82.89146217036395, 34.25857127892189]}}, {"type": "Feature", "properties": {"PWSID": "GA1470075", "PWS_Name": "SENTU SUBDIVISION", "Primacy_Agency": "GA", "Population_Served_Count": 55, "Service_Connections_Count": 21, "Service_Area_Type": "Subdivision", "Verification_Status": "", "Area_SqKM": 0.07179188583592037}, "geometry": {"type": "Point", "coordinates": [-82.88043338909604, 34.451915161692355]}}, {"type": "Feature", "properties": {"PWSID": "GA1470084", "PWS_Name": "MT. WALNUT SUBDIVISION", "Primacy_Agency": "GA", "Population_Served_Count": 26, "Service_Connections_Count": 10, "Service_Area_Type": "Residential Area", "Verification_Status": "", "Area_SqKM": 0.36736932790581134}, "geometry": {"type": "Point", "coordinates": [-82.92329255169967, 34.37445961957926]}}, {"type": "Feature", "properties": {"PWSID": "GA3170000", "PWS_Name": "RAYLE WATER SYSTEM", "Primacy_Agency": "GA", "Population_Served_Count": 200, "Service_Connections_Count": 76, "Service_Area_Type": "Municipality", "Verification_Status": "", "Area_SqKM": 0.3889634243095528}, "geometry": {"type": "Point", "coordinates": [-82.89528535152293, 33.788828454010776]}}, {"type": "Feature", "properties": {"PWSID": "GA1050009", "PWS_Name": "WHISPERING PINES MHP", "Primacy_Agency": "GA", "Population_Served_Count": 100, "Service_Connections_Count": 37, "Service_Area_Type": "Mobile Home Park - Principal Residence", "Verification_Status": "", "Area_SqKM": 0.0941010751868707}, "geometry": {"type": "Point", "coordinates": [-82.82951069286477, 34.05255009989636]}}, {"type": "Feature", "properties": {"PWSID": "GA1810033", "PWS_Name": "FISHING CREEK MHP", "Primacy_Agency": "GA", "Population_Served_Count": 46, "Service_Connections_Count": 17, "Service_Area_Type": "Summer Camp", "Verification_Status": "", "Area_SqKM": 0.049209640234766185}, "geometry": {"type": "Point", "coordinates": [-82.58390542222745, 33.89115133345197]}}, {"type": "Feature", "properties": {"PWSID": "GA3170001", "PWS_Name": "TIGNALL WATER SYSTEM", "Primacy_Agency": "GA", "Population_Served_Count": 729, "Service_Connections_Count": 275, "Service_Area_Type": "Municipality", "Verification_Status": "", "Area_SqKM": 7.025599605246619}, "geometry": {"type": "Point", "coordinates": [-82.74225649858248, 33.86699811865823]}}, {"type": "Feature", "properties": {"PWSID": "GA3170002", "PWS_Name": "WASHINGTON", "Primacy_Agency": "GA", "Population_Served_Count": 6490, "Service_Connections_Count": 2395, "Service_Area_Type": "Municipality", "Verification_Status": "", "Area_SqKM": 19.157092059178805}, "geometry": {"type": "Point", "coordinates": [-82.7418576230581, 33.72959419795413]}}, {"type": "Feature", "properties": {"PWSID": "GA1810000", "PWS_Name": "LINCOLNTON", "Primacy_Agency": "GA", "Population_Served_Count": 1657, "Service_Connections_Count": 1107, "Service_Area_Type": "Municipality", "Verification_Status": "", "Area_SqKM": 8.638755104919449}, "geometry": {"type": "Point", "coordinates": [-82.47207044924451, 33.79896854521462]}}, {"type": "Feature", "properties": {"PWSID": "GA1810038", "PWS_Name": "LINCOLN COUNTY WATER SYSTEM", "Primacy_Agency": "GA", "Population_Served_Count": 5979, "Service_Connections_Count": 2282, "Service_Area_Type": "Residential Area", "Verification_Status": "", "Area_SqKM": 0.47598787239419954}, "geometry": {"type": "Point", "coordinates": [-82.46869730592985, 33.81357951204727]}}, {"type": "Feature", "properties": {"PWSID": "GA1890001", "PWS_Name": "THOMSON-MCDUFFIE CO W&S COMM", "Primacy_Agency": "GA", "Population_Served_Count": 21312, "Service_Connections_Count": 7455, "Service_Area_Type": "Municipality", "Verification_Status": "", "Area_SqKM": 24.54019391798681}, "geometry": {"type": "Point", "coordinates": [-82.50631632609553, 33.47175116900593]}}, {"type": "Feature", "properties": {"PWSID": "GA3010004", "PWS_Name": "NORWOOD", "Primacy_Agency": "GA", "Population_Served_Count": 370, "Service_Connections_Count": 144, "Service_Area_Type": "Municipality", "Verification_Status": "", "Area_SqKM": 0.9377915431710249}, "geometry": {"type": "Point", "coordinates": [-82.70358603644853, 33.46367298881903]}}, {"type": "Feature", "properties": {"PWSID": "GA3010001", "PWS_Name": "WARRENTON", "Primacy_Agency": "GA", "Population_Served_Count": 2800, "Service_Connections_Count": 1100, "Service_Area_Type": "Municipality", "Verification_Status": "", "Area_SqKM": 6.4796987240053685}, "geometry": {"type": "Point", "coordinates": [-82.66091626893585, 33.40847166292856]}}, {"type": "Feature", "properties": {"PWSID": "GA3010000", "PWS_Name": "CAMAK", "Primacy_Agency": "GA", "Population_Served_Count": 366, "Service_Connections_Count": 92, "Service_Area_Type": "Municipality", "Verification_Status": "", "Area_SqKM": 2.148803001008054}, "geometry": {"type": "Point", "coordinates": [-82.61913318416985, 33.45956519188009]}}, {"type": "Feature", "properties": {"PWSID": "GA1410002", "PWS_Name": "MAYFIELD WATER SYSTEM", "Primacy_Agency": "GA", "Population_Served_Count": 160, "Service_Connections_Count": 60, "Service_Area_Type": "Residential Area", "Verification_Status": "", "Area_SqKM": 0.04756058942985883}, "geometry": {"type": "Point", "coordinates": [-82.79989414562675, 33.35596519529683]}}, {"type": "Feature", "properties": {"PWSID": "GA1250000", "PWS_Name": "GIBSON", "Primacy_Agency": "GA", "Population_Served_Count": 1350, "Service_Connections_Count": 283, "Service_Area_Type": "Municipality", "Verification_Status": "", "Area_SqKM": 2.510377714810836}, "geometry": {"type": "Point", "coordinates": [-82.59578213646878, 33.23485122876268]}}, {"type": "Feature", "properties": {"PWSID": "GA2650000", "PWS_Name": "CRAWFORDVILLE WATER SYSTEM", "Primacy_Agency": "GA", "Population_Served_Count": 621, "Service_Connections_Count": 272, "Service_Area_Type": "Municipality", "Verification_Status": "", "Area_SqKM": 3.7564469369821962}, "geometry": {"type": "Point", "coordinates": [-82.9016026197014, 33.5555279081797]}}, {"type": "Feature", "properties": {"PWSID": "GA1250001", "PWS_Name": "MITCHELL", "Primacy_Agency": "GA", "Population_Served_Count": 285, "Service_Connections_Count": 111, "Service_Area_Type": "Municipality", "Verification_Status": "", "Area_SqKM": 0.8275721322754854}, "geometry": {"type": "Point", "coordinates": [-82.70072677273535, 33.21899625458968]}}, {"type": "Feature", "properties": {"PWSID": "GA1650001", "PWS_Name": "PERKINS WATER AUTHORITY", "Primacy_Agency": "GA", "Population_Served_Count": 103, "Service_Connections_Count": 42, "Service_Area_Type": "Municipality", "Verification_Status": "", "Area_SqKM": 0.09401798295718179}, "geometry": {"type": "Point", "coordinates": [-81.95628315060308, 32.90978572721675]}}, {"type": "Feature", "properties": {"PWSID": "GA1650000", "PWS_Name": "MILLEN", "Primacy_Agency": "GA", "Population_Served_Count": 6569, "Service_Connections_Count": 2025, "Service_Area_Type": "Municipality", "Verification_Status": "", "Area_SqKM": 9.533695011613634}, "geometry": {"type": "Point", "coordinates": [-81.95023990965373, 32.809502925940976]}}, {"type": "Feature", "properties": {"PWSID": "GA1070032", "PWS_Name": "OGBURN SUBDIVISION", "Primacy_Agency": "GA", "Population_Served_Count": 138, "Service_Connections_Count": 51, "Service_Area_Type": "Subdivision", "Verification_Status": "", "Area_SqKM": 1.5591152544325977}, "geometry": {"type": "Point", "coordinates": [-82.34609277331718, 32.63474816003982]}}, {"type": "Feature", "properties": {"PWSID": "GA1070006", "PWS_Name": "TWIN CITY", "Primacy_Agency": "GA", "Population_Served_Count": 2817, "Service_Connections_Count": 770, "Service_Area_Type": "Municipality", "Verification_Status": "", "Area_SqKM": 9.113209605108706}, "geometry": {"type": "Point", "coordinates": [-82.15784354475997, 32.57727614084896]}}, {"type": "Feature", "properties": {"PWSID": "GA1070001", "PWS_Name": "GARFIELD", "Primacy_Agency": "GA", "Population_Served_Count": 325, "Service_Connections_Count": 100, "Service_Area_Type": "Municipality", "Verification_Status": "", "Area_SqKM": 1.1525987785396021}, "geometry": {"type": "Point", "coordinates": [-82.0971634529356, 32.64984928820256]}}, {"type": "Feature", "properties": {"PWSID": "GA0330004", "PWS_Name": "WAYNESBORO", "Primacy_Agency": "GA", "Population_Served_Count": 5900, "Service_Connections_Count": 2036, "Service_Area_Type": "Municipality", "Verification_Status": "", "Area_SqKM": 15.303929787235274}, "geometry": {"type": "Point", "coordinates": [-82.00787259786865, 33.0756651936727]}}, {"type": "Feature", "properties": {"PWSID": "GA0330003", "PWS_Name": "VIDETTE", "Primacy_Agency": "GA", "Population_Served_Count": 127, "Service_Connections_Count": 48, "Service_Area_Type": "Municipality", "Verification_Status": "", "Area_SqKM": 0.11190441237050489}, "geometry": {"type": "Point", "coordinates": [-82.24133157402721, 33.055285807332865]}}, {"type": "Feature", "properties": {"PWSID": "GA0330002", "PWS_Name": "SARDIS", "Primacy_Agency": "GA", "Population_Served_Count": 1053, "Service_Connections_Count": 445, "Service_Area_Type": "Municipality", "Verification_Status": "", "Area_SqKM": 3.3789517417876906}, "geometry": {"type": "Point", "coordinates": [-81.75633428249465, 32.970096767612226]}}, {"type": "Feature", "properties": {"PWSID": "GA0330001", "PWS_Name": "MIDVILLE", "Primacy_Agency": "GA", "Population_Served_Count": 776, "Service_Connections_Count": 286, "Service_Area_Type": "Municipality", "Verification_Status": "", "Area_SqKM": 1.6570385746677057}, "geometry": {"type": "Point", "coordinates": [-82.23665510659482, 32.823058075945326]}}, {"type": "Feature", "properties": {"PWSID": "GA1070031", "PWS_Name": "SWAINSBORO CREST", "Primacy_Agency": "GA", "Population_Served_Count": 30, "Service_Connections_Count": 12, "Service_Area_Type": "Mobile Home Park - Principal Residence", "Verification_Status": "", "Area_SqKM": 0.06679449259345989}, "geometry": {"type": "Point", "coordinates": [-82.26382321251458, 32.6048703750155]}}, {"type": "Feature", "properties": {"PWSID": "GA2510044", "PWS_Name": "ROCKY FORD", "Primacy_Agency": "GA", "Population_Served_Count": 235, "Service_Connections_Count": 93, "Service_Area_Type": "Municipality", "Verification_Status": "", "Area_SqKM": 0.9191923174293685}, "geometry": {"type": "Point", "coordinates": [-81.82871575192866, 32.66140255923495]}}, {"type": "Feature", "properties": {"PWSID": "GA1070012", "PWS_Name": "LAKE LUCK WATER SYSTEM", "Primacy_Agency": "GA", "Population_Served_Count": 124, "Service_Connections_Count": 46, "Service_Area_Type": "Subdivision", "Verification_Status": "", "Area_SqKM": 0.19044222285528828}, "geometry": {"type": "Point", "coordinates": [-82.29780828312134, 32.60445551686455]}}, {"type": "Feature", "properties": {"PWSID": "GA1070005", "PWS_Name": "SWAINSBORO", "Primacy_Agency": "GA", "Population_Served_Count": 9183, "Service_Connections_Count": 3596, "Service_Area_Type": "Municipality", "Verification_Status": "", "Area_SqKM": 21.674105162508933}, "geometry": {"type": "Point", "coordinates": [-82.33648186002601, 32.595810278282784]}}, {"type": "Feature", "properties": {"PWSID": "GA1070004", "PWS_Name": "SUMMERTOWN", "Primacy_Agency": "GA", "Population_Served_Count": 210, "Service_Connections_Count": 80, "Service_Area_Type": "Municipality", "Verification_Status": "", "Area_SqKM": 0.9747081273965389}, "geometry": {"type": "Point", "coordinates": [-82.2771116364232, 32.74400314092014]}}, {"type": "Feature", "properties": {"PWSID": "GA0330049", "PWS_Name": "WESTERN ESTATES", "Primacy_Agency": "GA", "Population_Served_Count": 78, "Service_Connections_Count": 30, "Service_Area_Type": "Subdivision", "Verification_Status": "", "Area_SqKM": 0.030501794290163132}, "geometry": {"type": "Point", "coordinates": [-82.0847217497675, 33.17483565005541]}}, {"type": "Feature", "properties": {"PWSID": "GA1630011", "PWS_Name": "BROWN TERRACE SUBDIVISION", "Primacy_Agency": "GA", "Population_Served_Count": 96, "Service_Connections_Count": 32, "Service_Area_Type": "Subdivision", "Verification_Status": "", "Area_SqKM": 0.17894154057755957}, "geometry": {"type": "Point", "coordinates": [-82.45086293340663, 33.02486386410349]}}, {"type": "Feature", "properties": {"PWSID": "GA1750017", "PWS_Name": "HEART OF BUCKEYE", "Primacy_Agency": "GA", "Population_Served_Count": 95, "Service_Connections_Count": 35, "Service_Area_Type": "Residential Area", "Verification_Status": "", "Area_SqKM": 0.6197416727359149}, "geometry": {"type": "Point", "coordinates": [-82.85593113748412, 32.644369693188544]}}, {"type": "Feature", "properties": {"PWSID": "GA1670002", "PWS_Name": "WRIGHTSVILLE", "Primacy_Agency": "GA", "Population_Served_Count": 3749, "Service_Connections_Count": 875, "Service_Area_Type": "Municipality", "Verification_Status": "", "Area_SqKM": 7.597466028469965}, "geometry": {"type": "Point", "coordinates": [-82.72635681576561, 32.720833826337405]}}, {"type": "Feature", "properties": {"PWSID": "GA3030002", "PWS_Name": "HARRISON", "Primacy_Agency": "GA", "Population_Served_Count": 500, "Service_Connections_Count": 155, "Service_Area_Type": "Municipality", "Verification_Status": "", "Area_SqKM": 1.6933141058664594}, "geometry": {"type": "Point", "coordinates": [-82.72289921218659, 32.82571666587525]}}, {"type": "Feature", "properties": {"PWSID": "GA1750043", "PWS_Name": "THUNDERING SPRINGS ASSOC.,INC.", "Primacy_Agency": "GA", "Population_Served_Count": 189, "Service_Connections_Count": 70, "Service_Area_Type": "Subdivision", "Verification_Status": "", "Area_SqKM": 0.1352856857109722}, "geometry": {"type": "Point", "coordinates": [-82.84150473201075, 32.649871271957785]}}, {"type": "Feature", "properties": {"PWSID": "GA1630001", "PWS_Name": "BARTOW", "Primacy_Agency": "GA", "Population_Served_Count": 419, "Service_Connections_Count": 158, "Service_Area_Type": "Municipality", "Verification_Status": "", "Area_SqKM": 3.6555415723581755}, "geometry": {"type": "Point", "coordinates": [-82.46835037629114, 32.88316646447634]}}, {"type": "Feature", "properties": {"PWSID": "GA1630004", "PWS_Name": "WADLEY", "Primacy_Agency": "GA", "Population_Served_Count": 2527, "Service_Connections_Count": 926, "Service_Area_Type": "Municipality", "Verification_Status": "", "Area_SqKM": 14.205205271505259}, "geometry": {"type": "Point", "coordinates": [-82.4082794578392, 32.86528237105935]}}, {"type": "Feature", "properties": {"PWSID": "GA1670000", "PWS_Name": "KITE", "Primacy_Agency": "GA", "Population_Served_Count": 260, "Service_Connections_Count": 124, "Service_Area_Type": "Municipality", "Verification_Status": "", "Area_SqKM": 0.8441656205757176}, "geometry": {"type": "Point", "coordinates": [-82.51288488724325, 32.68886168296527]}}, {"type": "Feature", "properties": {"PWSID": "GA1250004", "PWS_Name": "EDGEHILL", "Primacy_Agency": "GA", "Population_Served_Count": 38, "Service_Connections_Count": 19, "Service_Area_Type": "Municipality", "Verification_Status": "", "Area_SqKM": 0.12319723983824243}, "geometry": {"type": "Point", "coordinates": [-82.62429154195368, 33.151206505313645]}}, {"type": "Feature", "properties": {"PWSID": "GA3030000", "PWS_Name": "DAVISBORO", "Primacy_Agency": "GA", "Population_Served_Count": 1998, "Service_Connections_Count": 195, "Service_Area_Type": "Municipality", "Verification_Status": "", "Area_SqKM": 2.65251924560565}, "geometry": {"type": "Point", "coordinates": [-82.60947769295187, 32.97852504722898]}}, {"type": "Feature", "properties": {"PWSID": "GA3030004", "PWS_Name": "RIDDLEVILLE", "Primacy_Agency": "GA", "Population_Served_Count": 88, "Service_Connections_Count": 65, "Service_Area_Type": "Municipality", "Verification_Status": "", "Area_SqKM": 0.582192541529888}, "geometry": {"type": "Point", "coordinates": [-82.66665505554683, 32.91013377782179]}}, {"type": "Feature", "properties": {"PWSID": "GA3030005", "PWS_Name": "SANDERSVILLE", "Primacy_Agency": "GA", "Population_Served_Count": 6045, "Service_Connections_Count": 2839, "Service_Area_Type": "Municipality", "Verification_Status": "", "Area_SqKM": 16.2882542105735}, "geometry": {"type": "Point", "coordinates": [-82.81681134559724, 32.975035965279226]}}, {"type": "Feature", "properties": {"PWSID": "GA3030006", "PWS_Name": "TENNILLE", "Primacy_Agency": "GA", "Population_Served_Count": 2372, "Service_Connections_Count": 925, "Service_Area_Type": "Municipality", "Verification_Status": "", "Area_SqKM": 3.610550218582432}, "geometry": {"type": "Point", "coordinates": [-82.81168693080873, 32.94058452312244]}}, {"type": "Feature", "properties": {"PWSID": "GA3030007", "PWS_Name": "WARTHEN WATER ASSOCIATION", "Primacy_Agency": "GA", "Population_Served_Count": 350, "Service_Connections_Count": 75, "Service_Area_Type": "Homeowners Association", "Verification_Status": "", "Area_SqKM": 0.09372868050654726}, "geometry": {"type": "Point", "coordinates": [-82.8014758427496, 33.10620736436387]}}, {"type": "Feature", "properties": {"PWSID": "GA1630000", "PWS_Name": "AVERA", "Primacy_Agency": "GA", "Population_Served_Count": 424, "Service_Connections_Count": 160, "Service_Area_Type": "Municipality", "Verification_Status": "", "Area_SqKM": 0.9085756331993337}, "geometry": {"type": "Point", "coordinates": [-82.52933842279822, 33.19388546329164]}}, {"type": "Feature", "properties": {"PWSID": "GA1630002", "PWS_Name": "LOUISVILLE", "Primacy_Agency": "GA", "Population_Served_Count": 5242, "Service_Connections_Count": 1471, "Service_Area_Type": "Municipality", "Verification_Status": "", "Area_SqKM": 11.883883911868002}, "geometry": {"type": "Point", "coordinates": [-82.39878788518872, 32.99035453382126]}}, {"type": "Feature", "properties": {"PWSID": "GA1630005", "PWS_Name": "WRENS", "Primacy_Agency": "GA", "Population_Served_Count": 2730, "Service_Connections_Count": 1200, "Service_Area_Type": "Municipality", "Verification_Status": "", "Area_SqKM": 9.557286330212575}, "geometry": {"type": "Point", "coordinates": [-82.39700469998384, 33.21049147315191]}}, {"type": "Feature", "properties": {"PWSID": "GA1630003", "PWS_Name": "STAPLETON", "Primacy_Agency": "GA", "Population_Served_Count": 433, "Service_Connections_Count": 191, "Service_Area_Type": "Municipality", "Verification_Status": "", "Area_SqKM": 2.322457312324848}, "geometry": {"type": "Point", "coordinates": [-82.4687883357362, 33.21265038849707]}}, {"type": "Feature", "properties": {"PWSID": "GA0510027", "PWS_Name": "SAVANNAH-DUTCH ISLAND", "Primacy_Agency": "GA", "Population_Served_Count": 1191, "Service_Connections_Count": 393, "Service_Area_Type": "Subdivision", "Verification_Status": "", "Area_SqKM": 2.509203405816646}, "geometry": {"type": "Point", "coordinates": [-81.03457228481807, 32.00628798051636]}}, {"type": "Feature", "properties": {"PWSID": "GA0510030", "PWS_Name": "HARBOUR CREEK SUBDIVISION", "Primacy_Agency": "GA", "Population_Served_Count": 543, "Service_Connections_Count": 209, "Service_Area_Type": "Subdivision", "Verification_Status": "", "Area_SqKM": 0.0987384775516092}, "geometry": {"type": "Point", "coordinates": [-80.9733969823999, 32.02250596482257]}}, {"type": "Feature", "properties": {"PWSID": "GA1270028", "PWS_Name": "JEKYLL ISLAND AUTHORITY", "Primacy_Agency": "GA", "Population_Served_Count": 2083, "Service_Connections_Count": 967, "Service_Area_Type": "Municipality", "Verification_Status": "", "Area_SqKM": 18.936338793607774}, "geometry": {"type": "Point", "coordinates": [-81.42816636247329, 31.048642141203516]}}, {"type": "Feature", "properties": {"PWSID": "GA1270031", "PWS_Name": "DEERFIELD PARK", "Primacy_Agency": "GA", "Population_Served_Count": 494, "Service_Connections_Count": 190, "Service_Area_Type": "Subdivision", "Verification_Status": "", "Area_SqKM": 3.074296589468166}, "geometry": {"type": "Point", "coordinates": [-81.45261998088375, 31.24283641783216]}}, {"type": "Feature", "properties": {"PWSID": "GA1270037", "PWS_Name": "WOODLAND MOBILE HOME PARK", "Primacy_Agency": "GA", "Population_Served_Count": 101, "Service_Connections_Count": 39, "Service_Area_Type": "Mobile Home Park - Principal Residence", "Verification_Status": "", "Area_SqKM": 0.11272218696117228}, "geometry": {"type": "Point", "coordinates": [-81.46726895998327, 31.215618440104485]}}, {"type": "Feature", "properties": {"PWSID": "GA1790005", "PWS_Name": "ISLE OF WIGHT", "Primacy_Agency": "GA", "Population_Served_Count": 887, "Service_Connections_Count": 341, "Service_Area_Type": "Subdivision", "Verification_Status": "", "Area_SqKM": 4.754397673073066}, "geometry": {"type": "Point", "coordinates": [-81.36927835586194, 31.819965763940527]}}, {"type": "Feature", "properties": {"PWSID": "GA1790007", "PWS_Name": "LAKE GEORGE SUBDIVISION", "Primacy_Agency": "GA", "Population_Served_Count": 1089, "Service_Connections_Count": 431, "Service_Area_Type": "Subdivision", "Verification_Status": "", "Area_SqKM": 2.913559476730571}, "geometry": {"type": "Point", "coordinates": [-81.3818004076929, 31.834004873034996]}}, {"type": "Feature", "properties": {"PWSID": "GA1790024", "PWS_Name": "USA-FORT STEWART MAIN", "Primacy_Agency": "GA", "Population_Served_Count": 27573, "Service_Connections_Count": 7968, "Service_Area_Type": "Other Residential", "Verification_Status": "", "Area_SqKM": 15.562410367464363}, "geometry": {"type": "Point", "coordinates": [-81.61759651017975, 31.880020389860523]}}, {"type": "Feature", "properties": {"PWSID": "GA1790123", "PWS_Name": "THE POINTE AT SUNBURY", "Primacy_Agency": "GA", "Population_Served_Count": 200, "Service_Connections_Count": 77, "Service_Area_Type": "Subdivision", "Verification_Status": "", "Area_SqKM": 0.3552995569321805}, "geometry": {"type": "Point", "coordinates": [-81.28008635266974, 31.77081673890654]}}, {"type": "Feature", "properties": {"PWSID": "GA1790144", "PWS_Name": "ARCADIA SUBDIVISION", "Primacy_Agency": "GA", "Population_Served_Count": 81, "Service_Connections_Count": 31, "Service_Area_Type": "Subdivision", "Verification_Status": "", "Area_SqKM": 0.06185153838459188}, "geometry": {"type": "Point", "coordinates": [-81.49317075472655, 31.824381372587208]}}, {"type": "Feature", "properties": {"PWSID": "GA1790148", "PWS_Name": "PLANTING HAMMOCK", "Primacy_Agency": "GA", "Population_Served_Count": 60, "Service_Connections_Count": 38, "Service_Area_Type": "Subdivision", "Verification_Status": "", "Area_SqKM": 0.02222887170669024}, "geometry": {"type": "Point", "coordinates": [-81.2917511999527, 31.699841822145174]}}, {"type": "Feature", "properties": {"PWSID": "GA1790151", "PWS_Name": "VILLAGE AT SUNBURY", "Primacy_Agency": "GA", "Population_Served_Count": 88, "Service_Connections_Count": 34, "Service_Area_Type": "Subdivision", "Verification_Status": "", "Area_SqKM": 6.101576620207049}, "geometry": {"type": "Point", "coordinates": [-81.28638119117205, 31.757918905329472]}}, {"type": "Feature", "properties": {"PWSID": "GA1790153", "PWS_Name": "TRADEPORT EAST", "Primacy_Agency": "GA", "Population_Served_Count": 675, "Service_Connections_Count": 24, "Service_Area_Type": "Industrial/Agricultural", "Verification_Status": "", "Area_SqKM": 0.6446433099943599}, "geometry": {"type": "Point", "coordinates": [-81.39044240006308, 31.78085644283846]}}, {"type": "Feature", "properties": {"PWSID": "GA1790157", "PWS_Name": "VILLAGES AT LIMERICK", "Primacy_Agency": "GA", "Population_Served_Count": 39, "Service_Connections_Count": 15, "Service_Area_Type": "Subdivision", "Verification_Status": "", "Area_SqKM": 0.2838436463323155}, "geometry": {"type": "Point", "coordinates": [-81.37948465151155, 31.844072025740996]}}, {"type": "Feature", "properties": {"PWSID": "GA1790164", "PWS_Name": "LYMAN HALL NORTH SUBDIVISION", "Primacy_Agency": "GA", "Population_Served_Count": 65, "Service_Connections_Count": 25, "Service_Area_Type": "Subdivision", "Verification_Status": "", "Area_SqKM": 0.0912775001179526}, "geometry": {"type": "Point", "coordinates": [-81.45439612014374, 31.846113159928098]}}, {"type": "Feature", "properties": {"PWSID": "GA1790170", "PWS_Name": "LIBERTY COUNTY WATER SYSTEM", "Primacy_Agency": "GA", "Population_Served_Count": 910, "Service_Connections_Count": 350, "Service_Area_Type": "Residential Area", "Verification_Status": "", "Area_SqKM": 0.10667629706803157}, "geometry": {"type": "Point", "coordinates": [-81.51344835710871, 31.80859678577914]}}, {"type": "Feature", "properties": {"PWSID": "GA0290025", "PWS_Name": "TIVOLI MARSH WATER SYSTEM", "Primacy_Agency": "GA", "Population_Served_Count": 146, "Service_Connections_Count": 56, "Service_Area_Type": "Subdivision", "Verification_Status": "", "Area_SqKM": 0.7236719504738172}, "geometry": {"type": "Point", "coordinates": [-81.2600369606955, 31.843810811453594]}}, {"type": "Feature", "properties": {"PWSID": "GA0290023", "PWS_Name": "BRYAN WOODS ESTATES PHASE III", "Primacy_Agency": "GA", "Population_Served_Count": 123, "Service_Connections_Count": 49, "Service_Area_Type": "Subdivision", "Verification_Status": "", "Area_SqKM": 0.35533956146641477}, "geometry": {"type": "Point", "coordinates": [-81.51023643335877, 32.18988262505149]}}, {"type": "Feature", "properties": {"PWSID": "GA0290022", "PWS_Name": "HOLLY HILL SUBDIVISION", "Primacy_Agency": "GA", "Population_Served_Count": 162, "Service_Connections_Count": 60, "Service_Area_Type": "Subdivision", "Verification_Status": "", "Area_SqKM": 0.14218053598669733}, "geometry": {"type": "Point", "coordinates": [-81.29255142640658, 31.919886364166228]}}, {"type": "Feature", "properties": {"PWSID": "GA0290021", "PWS_Name": "THE COVE SUBDIVISION", "Primacy_Agency": "GA", "Population_Served_Count": 270, "Service_Connections_Count": 104, "Service_Area_Type": "Subdivision", "Verification_Status": "", "Area_SqKM": 0.07738713457938352}, "geometry": {"type": "Point", "coordinates": [-81.27271426159243, 31.910622699963216]}}, {"type": "Feature", "properties": {"PWSID": "GA0290094", "PWS_Name": "LAUREL GROVE", "Primacy_Agency": "GA", "Population_Served_Count": 122, "Service_Connections_Count": 47, "Service_Area_Type": "Subdivision", "Verification_Status": "", "Area_SqKM": 0.05513859899967384}, "geometry": {"type": "Point", "coordinates": [-81.2869216389442, 31.860897563347695]}}, {"type": "Feature", "properties": {"PWSID": "GA0290096", "PWS_Name": "DUNHAM MARSH", "Primacy_Agency": "GA", "Population_Served_Count": 429, "Service_Connections_Count": 373, "Service_Area_Type": "Subdivision", "Verification_Status": "", "Area_SqKM": 0.020715602988665868}, "geometry": {"type": "Point", "coordinates": [-81.2851562416755, 31.85279705836093]}}, {"type": "Feature", "properties": {"PWSID": "GA0290098", "PWS_Name": "BLACK CREEK GOLF-BREWTON ACRES", "Primacy_Agency": "GA", "Population_Served_Count": 541, "Service_Connections_Count": 208, "Service_Area_Type": "Subdivision", "Verification_Status": "", "Area_SqKM": 0.15624500636584532}, "geometry": {"type": "Point", "coordinates": [-81.52745911946805, 32.1817117138642]}}, {"type": "Feature", "properties": {"PWSID": "GA0290099", "PWS_Name": "HAYDEN LAKES SUBDIVISION", "Primacy_Agency": "GA", "Population_Served_Count": 270, "Service_Connections_Count": 100, "Service_Area_Type": "Subdivision", "Verification_Status": "", "Area_SqKM": 0.136488743726837}, "geometry": {"type": "Point", "coordinates": [-81.53217208571894, 32.20242971789057]}}, {"type": "Feature", "properties": {"PWSID": "GA0290102", "PWS_Name": "BRYAN COUNTY WATER SYSTEM", "Primacy_Agency": "GA", "Population_Served_Count": 1111, "Service_Connections_Count": 427, "Service_Area_Type": "Subdivision", "Verification_Status": "", "Area_SqKM": 0.04175870653050916}, "geometry": {"type": "Point", "coordinates": [-81.20036284289388, 31.86258600052317]}}, {"type": "Feature", "properties": {"PWSID": "GA0290020", "PWS_Name": "DANIEL PINES", "Primacy_Agency": "GA", "Population_Served_Count": 148, "Service_Connections_Count": 57, "Service_Area_Type": "Subdivision", "Verification_Status": "", "Area_SqKM": 0.150672547804839}, "geometry": {"type": "Point", "coordinates": [-81.36169340014742, 31.910775614290962]}}, {"type": "Feature", "properties": {"PWSID": "GA0290015", "PWS_Name": "BRIARWOOD SUBDIVISION", "Primacy_Agency": "GA", "Population_Served_Count": 49, "Service_Connections_Count": 19, "Service_Area_Type": "Subdivision", "Verification_Status": "", "Area_SqKM": 0.4102599233426226}, "geometry": {"type": "Point", "coordinates": [-81.25655927595976, 31.90517665063816]}}, {"type": "Feature", "properties": {"PWSID": "GA0290014", "PWS_Name": "BAR D RANCH SUBDIVISION", "Primacy_Agency": "GA", "Population_Served_Count": 57, "Service_Connections_Count": 24, "Service_Area_Type": "Subdivision", "Verification_Status": "", "Area_SqKM": 0.8843277713089888}, "geometry": {"type": "Point", "coordinates": [-81.49411977464315, 32.13022008132817]}}, {"type": "Feature", "properties": {"PWSID": "GA0290013", "PWS_Name": "BLACK CREEK FARMS WEST", "Primacy_Agency": "GA", "Population_Served_Count": 291, "Service_Connections_Count": 112, "Service_Area_Type": "Mobile Home Park - Principal Residence", "Verification_Status": "", "Area_SqKM": 0.17651073511472082}, "geometry": {"type": "Point", "coordinates": [-81.47806233569476, 32.18295102147706]}}, {"type": "Feature", "properties": {"PWSID": "GA0290011", "PWS_Name": "STRATHY HALL SUBDIVISION", "Primacy_Agency": "GA", "Population_Served_Count": 1118, "Service_Connections_Count": 430, "Service_Area_Type": "Subdivision", "Verification_Status": "", "Area_SqKM": 5.646627433875122}, "geometry": {"type": "Point", "coordinates": [-81.25389324201456, 31.904101601492634]}}, {"type": "Feature", "properties": {"PWSID": "GA0290010", "PWS_Name": "LINCOLN RIVER ESTATES", "Primacy_Agency": "GA", "Population_Served_Count": 101, "Service_Connections_Count": 39, "Service_Area_Type": "Subdivision", "Verification_Status": "", "Area_SqKM": 0.026840173816106205}, "geometry": {"type": "Point", "coordinates": [-81.2098603738789, 31.77480401294515]}}, {"type": "Feature", "properties": {"PWSID": "GA0290009", "PWS_Name": "LAKE LORRAINE SUBDIVISION", "Primacy_Agency": "GA", "Population_Served_Count": 232, "Service_Connections_Count": 126, "Service_Area_Type": "Subdivision", "Verification_Status": "", "Area_SqKM": 2.205130628046598}, "geometry": {"type": "Point", "coordinates": [-81.49537358116308, 32.136977075557525]}}, {"type": "Feature", "properties": {"PWSID": "GA0290008", "PWS_Name": "CAPE HARDWICKE/FT. MCALLISTER/KINSALE/RE", "Primacy_Agency": "GA", "Population_Served_Count": 798, "Service_Connections_Count": 307, "Service_Area_Type": "Subdivision", "Verification_Status": "", "Area_SqKM": 1.0189261247022545}, "geometry": {"type": "Point", "coordinates": [-81.20446699816782, 31.88832323758991]}}, {"type": "Feature", "properties": {"PWSID": "GA0290006", "PWS_Name": "BRYAN WOODS ESTATES", "Primacy_Agency": "GA", "Population_Served_Count": 187, "Service_Connections_Count": 72, "Service_Area_Type": "Subdivision", "Verification_Status": "", "Area_SqKM": 0.3005497040047615}, "geometry": {"type": "Point", "coordinates": [-81.5139740543843, 32.18997465614998]}}, {"type": "Feature", "properties": {"PWSID": "GA0290005", "PWS_Name": "BRYAN ACRES SUBDIVISION", "Primacy_Agency": "GA", "Population_Served_Count": 211, "Service_Connections_Count": 67, "Service_Area_Type": "Subdivision", "Verification_Status": "", "Area_SqKM": 2.782328309379124}, "geometry": {"type": "Point", "coordinates": [-81.37438093538654, 31.901922590230726]}}, {"type": "Feature", "properties": {"PWSID": "GA0290004", "PWS_Name": "BLACK CREEK FARMS SUBDIVISION", "Primacy_Agency": "GA", "Population_Served_Count": 320, "Service_Connections_Count": 123, "Service_Area_Type": "Subdivision", "Verification_Status": "", "Area_SqKM": 0.9643574214624302}, "geometry": {"type": "Point", "coordinates": [-81.4825320467985, 32.1501781747023]}}, {"type": "Feature", "properties": {"PWSID": "GA0290001", "PWS_Name": "PEMBROKE WATER SYSTEM", "Primacy_Agency": "GA", "Population_Served_Count": 2574, "Service_Connections_Count": 1050, "Service_Area_Type": "Municipality", "Verification_Status": "", "Area_SqKM": 7.080630513697035}, "geometry": {"type": "Point", "coordinates": [-81.62097605932718, 32.14460463570318]}}, {"type": "Feature", "properties": {"PWSID": "GA0290000", "PWS_Name": "RICHMOND HILL", "Primacy_Agency": "GA", "Population_Served_Count": 16068, "Service_Connections_Count": 6183, "Service_Area_Type": "Municipality", "Verification_Status": "", "Area_SqKM": 18.5818408343224}, "geometry": {"type": "Point", "coordinates": [-81.30330168886701, 31.924295611138696]}}, {"type": "Feature", "properties": {"PWSID": "GA0390001", "PWS_Name": "ST. MARYS", "Primacy_Agency": "GA", "Population_Served_Count": 19408, "Service_Connections_Count": 6642, "Service_Area_Type": "Municipality", "Verification_Status": "", "Area_SqKM": 39.52080892603551}, "geometry": {"type": "Point", "coordinates": [-81.56683881279751, 30.751387510510014]}}, {"type": "Feature", "properties": {"PWSID": "GA1030016", "PWS_Name": "FOXBOW FARMS", "Primacy_Agency": "GA", "Population_Served_Count": 723, "Service_Connections_Count": 298, "Service_Area_Type": "Subdivision", "Verification_Status": "", "Area_SqKM": 1.0623877620899176}, "geometry": {"type": "Point", "coordinates": [-81.39651250270997, 32.174213950037846]}}, {"type": "Feature", "properties": {"PWSID": "GA0510047", "PWS_Name": "MARSH POINT HOMES", "Primacy_Agency": "GA", "Population_Served_Count": 497, "Service_Connections_Count": 191, "Service_Area_Type": "Mobile Home Park - Principal Residence", "Verification_Status": "", "Area_SqKM": 1.8448366344389007}, "geometry": {"type": "Point", "coordinates": [-81.10943699789911, 31.961032817600874]}}, {"type": "Feature", "properties": {"PWSID": "GA0510049", "PWS_Name": "SOUTHSIDE MOBILE ESTATES", "Primacy_Agency": "GA", "Population_Served_Count": 224, "Service_Connections_Count": 97, "Service_Area_Type": "Mobile Home Park - Principal Residence", "Verification_Status": "", "Area_SqKM": 0.016315768667656445}, "geometry": {"type": "Point", "coordinates": [-81.15237201268813, 31.996188262464226]}}, {"type": "Feature", "properties": {"PWSID": "GA0510060", "PWS_Name": "SAVANNAH YACHT & COUNTRY CLUB", "Primacy_Agency": "GA", "Population_Served_Count": 257, "Service_Connections_Count": 99, "Service_Area_Type": "Subdivision", "Verification_Status": "", "Area_SqKM": 0.47810988747682054}, "geometry": {"type": "Point", "coordinates": [-81.01330908939536, 32.02325913617767]}}, {"type": "Feature", "properties": {"PWSID": "GA0510081", "PWS_Name": "SAVANNAH-GEORGETOWN/GATEWAY", "Primacy_Agency": "GA", "Population_Served_Count": 14589, "Service_Connections_Count": 5194, "Service_Area_Type": "Municipality", "Verification_Status": "", "Area_SqKM": 23.632935985434784}, "geometry": {"type": "Point", "coordinates": [-81.2435078917726, 31.987765682770608]}}, {"type": "Feature", "properties": {"PWSID": "GA1910000", "PWS_Name": "DARIEN WATER SYSTEM", "Primacy_Agency": "GA", "Population_Served_Count": 3242, "Service_Connections_Count": 1202, "Service_Area_Type": "Municipality", "Verification_Status": "", "Area_SqKM": 6.289316388453352}, "geometry": {"type": "Point", "coordinates": [-81.4293065039638, 31.369192811319138]}}, {"type": "Feature", "properties": {"PWSID": "GA1030144", "PWS_Name": "STONEGATE SUBDIVISION", "Primacy_Agency": "GA", "Population_Served_Count": 198, "Service_Connections_Count": 76, "Service_Area_Type": "Subdivision", "Verification_Status": "", "Area_SqKM": 0.023558811840101522}, "geometry": {"type": "Point", "coordinates": [-81.38512135556257, 32.15268120000283]}}, {"type": "Feature", "properties": {"PWSID": "GA0510098", "PWS_Name": "ENNIS MOBILE HOME PARK", "Primacy_Agency": "GA", "Population_Served_Count": 33, "Service_Connections_Count": 18, "Service_Area_Type": "Mobile Home Park - Principal Residence", "Verification_Status": "", "Area_SqKM": 3.6917148583544224}, "geometry": {"type": "Point", "coordinates": [-81.09132999525646, 31.976443971721345]}}, {"type": "Feature", "properties": {"PWSID": "GA0510099", "PWS_Name": "MONTGOMERY AREA", "Primacy_Agency": "GA", "Population_Served_Count": 1185, "Service_Connections_Count": 447, "Service_Area_Type": "Residential Area", "Verification_Status": "", "Area_SqKM": 0.29874357369047466}, "geometry": {"type": "Point", "coordinates": [-81.11124949266168, 31.947672919428037]}}, {"type": "Feature", "properties": {"PWSID": "GA0510100", "PWS_Name": "BETHESDA HOME FOR BOYS", "Primacy_Agency": "GA", "Population_Served_Count": 126, "Service_Connections_Count": 22, "Service_Area_Type": "Other Residential", "Verification_Status": "", "Area_SqKM": 0.05348201796436244}, "geometry": {"type": "Point", "coordinates": [-81.09784127698039, 31.955057841082787]}}, {"type": "Feature", "properties": {"PWSID": "GA0510109", "PWS_Name": "GLEN OF ROBIN HOOD", "Primacy_Agency": "GA", "Population_Served_Count": 5000, "Service_Connections_Count": 1923, "Service_Area_Type": "Residential Area", "Verification_Status": "", "Area_SqKM": 12.133434991292434}, "geometry": {"type": "Point", "coordinates": [-81.0517622486982, 31.971473355434718]}}, {"type": "Feature", "properties": {"PWSID": "GA0510110", "PWS_Name": "FOSS MOBILE HOME PARK", "Primacy_Agency": "GA", "Population_Served_Count": 221, "Service_Connections_Count": 85, "Service_Area_Type": "Mobile Home Park - Principal Residence", "Verification_Status": "", "Area_SqKM": 0.015916797713052103}, "geometry": {"type": "Point", "coordinates": [-81.24027338179883, 32.01702851803671]}}, {"type": "Feature", "properties": {"PWSID": "GA0510112", "PWS_Name": "QUACCO VILLAGE", "Primacy_Agency": "GA", "Population_Served_Count": 138, "Service_Connections_Count": 53, "Service_Area_Type": "Mobile Home Park - Principal Residence", "Verification_Status": "", "Area_SqKM": 0.5399375212473096}, "geometry": {"type": "Point", "coordinates": [-81.23847630170405, 32.01289135250008]}}, {"type": "Feature", "properties": {"PWSID": "GA1830029", "PWS_Name": "STEWART PINES TRAILER PARK", "Primacy_Agency": "GA", "Population_Served_Count": 81, "Service_Connections_Count": 31, "Service_Area_Type": "Mobile Home Park - Principal Residence", "Verification_Status": "", "Area_SqKM": 0.04841845603668487}, "geometry": {"type": "Point", "coordinates": [-81.6773795896612, 31.835968836960983]}}, {"type": "Feature", "properties": {"PWSID": "GA1830028", "PWS_Name": "OAK RIDGE MOBILE HOME PARK", "Primacy_Agency": "GA", "Population_Served_Count": 78, "Service_Connections_Count": 44, "Service_Area_Type": "Mobile Home Park - Principal Residence", "Verification_Status": "", "Area_SqKM": 0.07408882690660158}, "geometry": {"type": "Point", "coordinates": [-81.61717210008622, 31.74912115721656]}}, {"type": "Feature", "properties": {"PWSID": "GA1830021", "PWS_Name": "J & M RENTALS", "Primacy_Agency": "GA", "Population_Served_Count": 70, "Service_Connections_Count": 27, "Service_Area_Type": "Mobile Home Park - Principal Residence", "Verification_Status": "", "Area_SqKM": 0.3060451345208109}, "geometry": {"type": "Point", "coordinates": [-81.68233303684724, 31.78491727105693]}}, {"type": "Feature", "properties": {"PWSID": "GA1830020", "PWS_Name": "TAYLORS CREEK MOBILE HOME PARK", "Primacy_Agency": "GA", "Population_Served_Count": 55, "Service_Connections_Count": 21, "Service_Area_Type": "Mobile Home Park - Principal Residence", "Verification_Status": "", "Area_SqKM": 0.007412217814827497}, "geometry": {"type": "Point", "coordinates": [-81.66446147155132, 31.801462471350778]}}, {"type": "Feature", "properties": {"PWSID": "GA1830007", "PWS_Name": "OAKDALE MOBILE HOME PARK", "Primacy_Agency": "GA", "Population_Served_Count": 268, "Service_Connections_Count": 103, "Service_Area_Type": "Mobile Home Park - Principal Residence", "Verification_Status": "", "Area_SqKM": 0.006070044505147488}, "geometry": {"type": "Point", "coordinates": [-81.69601482269621, 31.803694486262803]}}, {"type": "Feature", "properties": {"PWSID": "GA2510055", "PWS_Name": "NEWINGTON EAST SUBDIVISION", "Primacy_Agency": "GA", "Population_Served_Count": 68, "Service_Connections_Count": 25, "Service_Area_Type": "Subdivision", "Verification_Status": "", "Area_SqKM": 0.12025411944721236}, "geometry": {"type": "Point", "coordinates": [-81.44688579993499, 32.581246599977035]}}, {"type": "Feature", "properties": {"PWSID": "GA1790087", "PWS_Name": "TALMADGE OAKS MOBILE HOME PARK", "Primacy_Agency": "GA", "Population_Served_Count": 226, "Service_Connections_Count": 87, "Service_Area_Type": "Mobile Home Park - Principal Residence", "Verification_Status": "", "Area_SqKM": 0.08850893150821972}, "geometry": {"type": "Point", "coordinates": [-81.62960195003043, 31.768427949994543]}}, {"type": "Feature", "properties": {"PWSID": "GA1790030", "PWS_Name": "HERITAGE ESTATES", "Primacy_Agency": "GA", "Population_Served_Count": 130, "Service_Connections_Count": 50, "Service_Area_Type": "Mobile Home Park - Principal Residence", "Verification_Status": "", "Area_SqKM": 0.017828670653149668}, "geometry": {"type": "Point", "coordinates": [-81.64230706198786, 31.835325623824197]}}, {"type": "Feature", "properties": {"PWSID": "GA1790021", "PWS_Name": "WESTVIEW SUBDIVISION", "Primacy_Agency": "GA", "Population_Served_Count": 48, "Service_Connections_Count": 18, "Service_Area_Type": "Subdivision", "Verification_Status": "", "Area_SqKM": 0.04589953283408093}, "geometry": {"type": "Point", "coordinates": [-81.27986994081974, 31.701550840684824]}}, {"type": "Feature", "properties": {"PWSID": "GA1790020", "PWS_Name": "WALTHOURVILLE WATER SYSTEM", "Primacy_Agency": "GA", "Population_Served_Count": 3858, "Service_Connections_Count": 1878, "Service_Area_Type": "Municipality", "Verification_Status": "", "Area_SqKM": 4.590786064384404}, "geometry": {"type": "Point", "coordinates": [-81.6238889721895, 31.775125250028182]}}, {"type": "Feature", "properties": {"PWSID": "GA1270179", "PWS_Name": "DRAKES LANDING SUBDIVISION", "Primacy_Agency": "GA", "Population_Served_Count": 59, "Service_Connections_Count": 63, "Service_Area_Type": "Subdivision", "Verification_Status": "", "Area_SqKM": 0.22451862420889301}, "geometry": {"type": "Point", "coordinates": [-81.62666491901659, 31.130154852410186]}}, {"type": "Feature", "properties": {"PWSID": "GA1270176", "PWS_Name": "VALERIE IV SUBDIVISION", "Primacy_Agency": "GA", "Population_Served_Count": 52, "Service_Connections_Count": 20, "Service_Area_Type": "Subdivision", "Verification_Status": "", "Area_SqKM": 0.14321757444808428}, "geometry": {"type": "Point", "coordinates": [-81.51818798141302, 31.263975187602412]}}, {"type": "Feature", "properties": {"PWSID": "GA1270171", "PWS_Name": "SERENOA COVE SUBDIVISION", "Primacy_Agency": "GA", "Population_Served_Count": 83, "Service_Connections_Count": 32, "Service_Area_Type": "Residential Area", "Verification_Status": "", "Area_SqKM": 0.05131725366058885}, "geometry": {"type": "Point", "coordinates": [-81.62498375152535, 31.128211319378774]}}, {"type": "Feature", "properties": {"PWSID": "GA1270168", "PWS_Name": "VALERIE SUBDIVISION", "Primacy_Agency": "GA", "Population_Served_Count": 376, "Service_Connections_Count": 139, "Service_Area_Type": "Subdivision", "Verification_Status": "", "Area_SqKM": 0.44521600860630905}, "geometry": {"type": "Point", "coordinates": [-81.51854071994187, 31.269760720029446]}}, {"type": "Feature", "properties": {"PWSID": "GA1270080", "PWS_Name": "GOLDEN ISLES MARINA MASTER ASSOCIATION", "Primacy_Agency": "GA", "Population_Served_Count": 237, "Service_Connections_Count": 86, "Service_Area_Type": "Residential Area", "Verification_Status": "", "Area_SqKM": 0.9344373300224583}, "geometry": {"type": "Point", "coordinates": [-81.42340172356609, 31.164662894115978]}}, {"type": "Feature", "properties": {"PWSID": "GA1270056", "PWS_Name": "STERLING MOBILE HOME PARK", "Primacy_Agency": "GA", "Population_Served_Count": 39, "Service_Connections_Count": 15, "Service_Area_Type": "Mobile Home Park - Principal Residence", "Verification_Status": "", "Area_SqKM": 0.10729937665743802}, "geometry": {"type": "Point", "coordinates": [-81.55948886256698, 31.258041312320948]}}, {"type": "Feature", "properties": {"PWSID": "GA1270042", "PWS_Name": "SOUTHERN PINES MH VILLAGE", "Primacy_Agency": "GA", "Population_Served_Count": 104, "Service_Connections_Count": 40, "Service_Area_Type": "Mobile Home Park - Principal Residence", "Verification_Status": "", "Area_SqKM": 0.09012966532310102}, "geometry": {"type": "Point", "coordinates": [-81.53148592048639, 31.27470060446649]}}, {"type": "Feature", "properties": {"PWSID": "GA0310222", "PWS_Name": "BROOKLET SOUTH SUBDIVISION", "Primacy_Agency": "GA", "Population_Served_Count": 195, "Service_Connections_Count": 75, "Service_Area_Type": "Subdivision", "Verification_Status": "", "Area_SqKM": 0.1027516092802569}, "geometry": {"type": "Point", "coordinates": [-81.69950443219044, 32.33514667453642]}}, {"type": "Feature", "properties": {"PWSID": "GA1270174", "PWS_Name": "CREEKSIDE OAKS SUBDIVISION", "Primacy_Agency": "GA", "Population_Served_Count": 108, "Service_Connections_Count": 40, "Service_Area_Type": "Subdivision", "Verification_Status": "", "Area_SqKM": 0.7624607452583889}, "geometry": {"type": "Point", "coordinates": [-81.53564459880677, 31.238416566867834]}}, {"type": "Feature", "properties": {"PWSID": "GA1270175", "PWS_Name": "PICKET LANDING", "Primacy_Agency": "GA", "Population_Served_Count": 52, "Service_Connections_Count": 19, "Service_Area_Type": "Subdivision", "Verification_Status": "", "Area_SqKM": 0.04801343728890902}, "geometry": {"type": "Point", "coordinates": [-81.51826146310975, 31.205375000131095]}}, {"type": "Feature", "properties": {"PWSID": "GA1270185", "PWS_Name": "BOYKIN RIDGE SUBDIVISION", "Primacy_Agency": "GA", "Population_Served_Count": 109, "Service_Connections_Count": 42, "Service_Area_Type": "Subdivision", "Verification_Status": "", "Area_SqKM": 0.278600098358502}, "geometry": {"type": "Point", "coordinates": [-81.5651967583408, 31.136618739636305]}}, {"type": "Feature", "properties": {"PWSID": "GA1790014", "PWS_Name": "WOODLAND LAKES", "Primacy_Agency": "GA", "Population_Served_Count": 672, "Service_Connections_Count": 249, "Service_Area_Type": "Subdivision", "Verification_Status": "", "Area_SqKM": 2.047959012861787}, "geometry": {"type": "Point", "coordinates": [-81.39879344569303, 31.83383502106127]}}, {"type": "Feature", "properties": {"PWSID": "GA1790029", "PWS_Name": "VICTORY MANOR MOBILE HOME PARK", "Primacy_Agency": "GA", "Population_Served_Count": 64, "Service_Connections_Count": 58, "Service_Area_Type": "Mobile Home Park - Principal Residence", "Verification_Status": "", "Area_SqKM": 3.3516445623489544}, "geometry": {"type": "Point", "coordinates": [-81.64120496665491, 31.840804393671366]}}, {"type": "Feature", "properties": {"PWSID": "GA1790159", "PWS_Name": "RYAN ESTATES", "Primacy_Agency": "GA", "Population_Served_Count": 62, "Service_Connections_Count": 26, "Service_Area_Type": "Subdivision", "Verification_Status": "", "Area_SqKM": 0.2495147757789129}, "geometry": {"type": "Point", "coordinates": [-81.64384391963648, 31.834537043651085]}}, {"type": "Feature", "properties": {"PWSID": "GA1830017", "PWS_Name": "CALHOUN UTILITY", "Primacy_Agency": "GA", "Population_Served_Count": 213, "Service_Connections_Count": 71, "Service_Area_Type": "Mobile Home Park - Principal Residence", "Verification_Status": "", "Area_SqKM": 1.0563451005854823}, "geometry": {"type": "Point", "coordinates": [-81.62033073907898, 31.751874482159703]}}, {"type": "Feature", "properties": {"PWSID": "GA1830032", "PWS_Name": "PINE CREST MOBILE HOME PARK", "Primacy_Agency": "GA", "Population_Served_Count": 95, "Service_Connections_Count": 46, "Service_Area_Type": "Mobile Home Park - Principal Residence", "Verification_Status": "", "Area_SqKM": 0.06917085185814982}, "geometry": {"type": "Point", "coordinates": [-81.68080078334093, 31.790910683386564]}}, {"type": "Feature", "properties": {"PWSID": "GA1830034", "PWS_Name": "MAGNOLIA PARK", "Primacy_Agency": "GA", "Population_Served_Count": 62, "Service_Connections_Count": 24, "Service_Area_Type": "Subdivision", "Verification_Status": "", "Area_SqKM": 2.0896336381105622}, "geometry": {"type": "Point", "coordinates": [-81.71849031052908, 31.79757216323939]}}, {"type": "Feature", "properties": {"PWSID": "GA1830037", "PWS_Name": "PERSIMMON ESTATES SUBDIVISION", "Primacy_Agency": "GA", "Population_Served_Count": 114, "Service_Connections_Count": 44, "Service_Area_Type": "Subdivision", "Verification_Status": "", "Area_SqKM": 0.01523497933201462}, "geometry": {"type": "Point", "coordinates": [-81.70396072845934, 31.805729385699955]}}, {"type": "Feature", "properties": {"PWSID": "GA1830047", "PWS_Name": "WINCHESTER ESTATES SUBDIVISION", "Primacy_Agency": "GA", "Population_Served_Count": 101, "Service_Connections_Count": 39, "Service_Area_Type": "Subdivision", "Verification_Status": "", "Area_SqKM": 0.0256941236807894}, "geometry": {"type": "Point", "coordinates": [-81.63581579996386, 31.757922872735563]}}, {"type": "Feature", "properties": {"PWSID": "GA1830049", "PWS_Name": "CRAWFORD WATER SYSTEM", "Primacy_Agency": "GA", "Population_Served_Count": 671, "Service_Connections_Count": 258, "Service_Area_Type": "Subdivision", "Verification_Status": "", "Area_SqKM": 0.2152432459284633}, "geometry": {"type": "Point", "coordinates": [-81.70575613020975, 31.7420633640944]}}, {"type": "Feature", "properties": {"PWSID": "GA1830050", "PWS_Name": "PARRISH CROSSING", "Primacy_Agency": "GA", "Population_Served_Count": 26, "Service_Connections_Count": 125, "Service_Area_Type": "Subdivision", "Verification_Status": "", "Area_SqKM": 0.11700230603472105}, "geometry": {"type": "Point", "coordinates": [-81.67423625472887, 31.80682260067339]}}, {"type": "Feature", "properties": {"PWSID": "GA1830053", "PWS_Name": "CYPRESS CREEK", "Primacy_Agency": "GA", "Population_Served_Count": 86, "Service_Connections_Count": 33, "Service_Area_Type": "Subdivision", "Verification_Status": "", "Area_SqKM": 0.08444772463323048}, "geometry": {"type": "Point", "coordinates": [-81.68796151178952, 31.78314850005084]}}, {"type": "Feature", "properties": {"PWSID": "GA1830056", "PWS_Name": "BURNT PINES", "Primacy_Agency": "GA", "Population_Served_Count": 198, "Service_Connections_Count": 73, "Service_Area_Type": "Subdivision", "Verification_Status": "", "Area_SqKM": 1.0085398809941128}, "geometry": {"type": "Point", "coordinates": [-81.65344517185933, 31.791573886317227]}}, {"type": "Feature", "properties": {"PWSID": "GA1830059", "PWS_Name": "WIREGRASS ESTATES SUBDIVISION", "Primacy_Agency": "GA", "Population_Served_Count": 52, "Service_Connections_Count": 46, "Service_Area_Type": "Subdivision", "Verification_Status": "", "Area_SqKM": 3.5314568371585353}, "geometry": {"type": "Point", "coordinates": [-81.709267870091, 31.767226053285807]}}, {"type": "Feature", "properties": {"PWSID": "GA1830062", "PWS_Name": "HORSE CREEK FARMS", "Primacy_Agency": "GA", "Population_Served_Count": 400, "Service_Connections_Count": 154, "Service_Area_Type": "Subdivision", "Verification_Status": "", "Area_SqKM": 0.6459931958596189}, "geometry": {"type": "Point", "coordinates": [-81.68064377045171, 31.794117214665953]}}, {"type": "Feature", "properties": {"PWSID": "GA1830063", "PWS_Name": "MURRAY CROSSING SUBDIVISION", "Primacy_Agency": "GA", "Population_Served_Count": 25, "Service_Connections_Count": 24, "Service_Area_Type": "Subdivision", "Verification_Status": "", "Area_SqKM": 0.07035335593728405}, "geometry": {"type": "Point", "coordinates": [-81.66925344275496, 31.75260795691768]}}, {"type": "Feature", "properties": {"PWSID": "GA1910003", "PWS_Name": "SAPELO GARDENS", "Primacy_Agency": "GA", "Population_Served_Count": 153, "Service_Connections_Count": 59, "Service_Area_Type": "Subdivision", "Verification_Status": "", "Area_SqKM": 0.5579703423668014}, "geometry": {"type": "Point", "coordinates": [-81.37097637347686, 31.529047438782523]}}, {"type": "Feature", "properties": {"PWSID": "GA1910009", "PWS_Name": "JOHN ALFORD SUBDIVISION", "Primacy_Agency": "GA", "Population_Served_Count": 989, "Service_Connections_Count": 366, "Service_Area_Type": "Subdivision", "Verification_Status": "", "Area_SqKM": 3.5132133966611643}, "geometry": {"type": "Point", "coordinates": [-81.41442494000904, 31.38839810002214]}}, {"type": "Feature", "properties": {"PWSID": "GA1910079", "PWS_Name": "DELTA PLANTATION", "Primacy_Agency": "GA", "Population_Served_Count": 65, "Service_Connections_Count": 25, "Service_Area_Type": "Subdivision", "Verification_Status": "", "Area_SqKM": 19.926256929549016}, "geometry": {"type": "Point", "coordinates": [-81.23595541922236, 31.597505732999583]}}, {"type": "Feature", "properties": {"PWSID": "GA1910097", "PWS_Name": "SAPELO RIDGE/POPPELL FARMS SUBDIVISION", "Primacy_Agency": "GA", "Population_Served_Count": 187, "Service_Connections_Count": 72, "Service_Area_Type": "Subdivision", "Verification_Status": "", "Area_SqKM": 13.30211773442679}, "geometry": {"type": "Point", "coordinates": [-81.41926367173782, 31.436804690583283]}}, {"type": "Feature", "properties": {"PWSID": "GA1910101", "PWS_Name": "COOPER`S POINT / SUTHERLAND BLUFF", "Primacy_Agency": "GA", "Population_Served_Count": 299, "Service_Connections_Count": 115, "Service_Area_Type": "Subdivision", "Verification_Status": "", "Area_SqKM": 6.033000744696421}, "geometry": {"type": "Point", "coordinates": [-81.29301256548281, 31.52718637982739]}}, {"type": "Feature", "properties": {"PWSID": "GA1910115", "PWS_Name": "THE MARSH AT SHELLMAN'S", "Primacy_Agency": "GA", "Population_Served_Count": 25, "Service_Connections_Count": 15, "Service_Area_Type": "Subdivision", "Verification_Status": "", "Area_SqKM": 0.0241189770441201}, "geometry": {"type": "Point", "coordinates": [-81.31349182495305, 31.580345475005434]}}, {"type": "Feature", "properties": {"PWSID": "GA1910116", "PWS_Name": "HAMMOCKS AT SAPELO", "Primacy_Agency": "GA", "Population_Served_Count": 83, "Service_Connections_Count": 32, "Service_Area_Type": "Subdivision", "Verification_Status": "", "Area_SqKM": 0.18777374637620375}, "geometry": {"type": "Point", "coordinates": [-81.33480581423117, 31.5730055570801]}}, {"type": "Feature", "properties": {"PWSID": "GA1910122", "PWS_Name": "SHELLMAR SUBDIVISION", "Primacy_Agency": "GA", "Population_Served_Count": 36, "Service_Connections_Count": 17, "Service_Area_Type": "Subdivision", "Verification_Status": "", "Area_SqKM": 0.013264780223327334}, "geometry": {"type": "Point", "coordinates": [-81.32960503307528, 31.574141683282317]}}, {"type": "Feature", "properties": {"PWSID": "GA1910123", "PWS_Name": "RIVER MARSH MOBILE HOME PARK", "Primacy_Agency": "GA", "Population_Served_Count": 60, "Service_Connections_Count": 20, "Service_Area_Type": "Mobile Home Park", "Verification_Status": "", "Area_SqKM": 2.8106672792852008}, "geometry": {"type": "Point", "coordinates": [-81.36628815023907, 31.576394289064282]}}, {"type": "Feature", "properties": {"PWSID": "GA0310278", "PWS_Name": "CHATHAM PLACE", "Primacy_Agency": "GA", "Population_Served_Count": 156, "Service_Connections_Count": 60, "Service_Area_Type": "Subdivision", "Verification_Status": "", "Area_SqKM": 0.04358540841563899}, "geometry": {"type": "Point", "coordinates": [-81.55443613879517, 32.32587623221545]}}, {"type": "Feature", "properties": {"PWSID": "GA0290029", "PWS_Name": "GARDNER ESTATES", "Primacy_Agency": "GA", "Population_Served_Count": 174, "Service_Connections_Count": 67, "Service_Area_Type": "Subdivision", "Verification_Status": "", "Area_SqKM": 0.2680490149271917}, "geometry": {"type": "Point", "coordinates": [-81.43249827057384, 32.19459908243551]}}, {"type": "Feature", "properties": {"PWSID": "GA0310166", "PWS_Name": "ELDORA FARMS SUBDIVISION", "Primacy_Agency": "GA", "Population_Served_Count": 302, "Service_Connections_Count": 116, "Service_Area_Type": "Subdivision", "Verification_Status": "", "Area_SqKM": 0.19305162254271505}, "geometry": {"type": "Point", "coordinates": [-81.4492547583922, 32.24131365837055]}}, {"type": "Feature", "properties": {"PWSID": "GA0310188", "PWS_Name": "OLNEY STATION SUBDIVISION", "Primacy_Agency": "GA", "Population_Served_Count": 289, "Service_Connections_Count": 111, "Service_Area_Type": "Subdivision", "Verification_Status": "", "Area_SqKM": 0.10533307778097935}, "geometry": {"type": "Point", "coordinates": [-81.45445865823181, 32.26079965521945]}}, {"type": "Feature", "properties": {"PWSID": "GA0310258", "PWS_Name": "GRAYSTONE APARTMENTS", "Primacy_Agency": "GA", "Population_Served_Count": 99, "Service_Connections_Count": 38, "Service_Area_Type": "Subdivision", "Verification_Status": "", "Area_SqKM": 7.217572619046998}, "geometry": {"type": "Point", "coordinates": [-81.42584294528226, 32.23849513774922]}}, {"type": "Feature", "properties": {"PWSID": "GA0510000", "PWS_Name": "GARDEN CITY", "Primacy_Agency": "GA", "Population_Served_Count": 9000, "Service_Connections_Count": 3393, "Service_Area_Type": "Municipality", "Verification_Status": "", "Area_SqKM": 22.362110646158538}, "geometry": {"type": "Point", "coordinates": [-81.16668555694156, 32.09798962780668]}}, {"type": "Feature", "properties": {"PWSID": "GA0510004", "PWS_Name": "SAVANNAH-I & D", "Primacy_Agency": "GA", "Population_Served_Count": 10500, "Service_Connections_Count": 1967, "Service_Area_Type": "Municipality", "Verification_Status": "", "Area_SqKM": 11.462280564213312}, "geometry": {"type": "Point", "coordinates": [-81.22634162360073, 32.141464694913104]}}, {"type": "Feature", "properties": {"PWSID": "GA0510014", "PWS_Name": "AZALEA MOBILE HOME PLAZA", "Primacy_Agency": "GA", "Population_Served_Count": 300, "Service_Connections_Count": 130, "Service_Area_Type": "Mobile Home Park - Principal Residence", "Verification_Status": "", "Area_SqKM": 0.017313644881905736}, "geometry": {"type": "Point", "coordinates": [-81.18366010912345, 32.04333983627566]}}, {"type": "Feature", "properties": {"PWSID": "GA1030028", "PWS_Name": "PINEORA WATER SYSTEM", "Primacy_Agency": "GA", "Population_Served_Count": 94, "Service_Connections_Count": 36, "Service_Area_Type": "Subdivision", "Verification_Status": "", "Area_SqKM": 0.2659352000206067}, "geometry": {"type": "Point", "coordinates": [-81.41252021671492, 32.29466991150678]}}, {"type": "Feature", "properties": {"PWSID": "GA1030030", "PWS_Name": "WHISPERING PINES RV PARK", "Primacy_Agency": "GA", "Population_Served_Count": 308, "Service_Connections_Count": 131, "Service_Area_Type": "Mobile Home Park - Principal Residence", "Verification_Status": "", "Area_SqKM": 0.007389512923752683}, "geometry": {"type": "Point", "coordinates": [-81.25967098257048, 32.22220280860373]}}, {"type": "Feature", "properties": {"PWSID": "GA1030033", "PWS_Name": "TELFORD PARK LLC", "Primacy_Agency": "GA", "Population_Served_Count": 33, "Service_Connections_Count": 14, "Service_Area_Type": "Mobile Home Park - Principal Residence", "Verification_Status": "", "Area_SqKM": 0.07933660127987505}, "geometry": {"type": "Point", "coordinates": [-81.29672290018092, 32.12880919983292]}}, {"type": "Feature", "properties": {"PWSID": "GA1030036", "PWS_Name": "RED GATE MOBILE HOME PARK", "Primacy_Agency": "GA", "Population_Served_Count": 80, "Service_Connections_Count": 30, "Service_Area_Type": "Mobile Home Park - Principal Residence", "Verification_Status": "", "Area_SqKM": 0.026277191117671867}, "geometry": {"type": "Point", "coordinates": [-81.2303679000155, 32.283781199769116]}}, {"type": "Feature", "properties": {"PWSID": "GA1030077", "PWS_Name": "GOSHEN VILLA SUBDIVISION", "Primacy_Agency": "GA", "Population_Served_Count": 632, "Service_Connections_Count": 243, "Service_Area_Type": "Subdivision", "Verification_Status": "", "Area_SqKM": 0.12593728400117998}, "geometry": {"type": "Point", "coordinates": [-81.2221693945881, 32.24211367231749]}}, {"type": "Feature", "properties": {"PWSID": "GA1030083", "PWS_Name": "GOSHEN APARTMENTS", "Primacy_Agency": "GA", "Population_Served_Count": 52, "Service_Connections_Count": 20, "Service_Area_Type": "Subdivision", "Verification_Status": "", "Area_SqKM": 0.636080942467956}, "geometry": {"type": "Point", "coordinates": [-81.21887040399456, 32.25171260813335]}}, {"type": "Feature", "properties": {"PWSID": "GA1030087", "PWS_Name": "SOUTH EFFINGHAM WOODS/EFFINGHAM FOREST", "Primacy_Agency": "GA", "Population_Served_Count": 340, "Service_Connections_Count": 129, "Service_Area_Type": "Subdivision", "Verification_Status": "", "Area_SqKM": 6.398143689661403}, "geometry": {"type": "Point", "coordinates": [-81.45259368062563, 32.24207928951427]}}, {"type": "Feature", "properties": {"PWSID": "GA1030090", "PWS_Name": "CREEKWOOD FARMS SUBDIVISION", "Primacy_Agency": "GA", "Population_Served_Count": 71, "Service_Connections_Count": 27, "Service_Area_Type": "Subdivision", "Verification_Status": "", "Area_SqKM": 2.4405170732850228}, "geometry": {"type": "Point", "coordinates": [-81.37595606419589, 32.16824499101077]}}, {"type": "Feature", "properties": {"PWSID": "GA1030093", "PWS_Name": "SADDLEBROOK SUBDIVISION", "Primacy_Agency": "GA", "Population_Served_Count": 398, "Service_Connections_Count": 153, "Service_Area_Type": "Subdivision", "Verification_Status": "", "Area_SqKM": 0.08582766380377813}, "geometry": {"type": "Point", "coordinates": [-81.26913766515068, 32.21855217675817]}}, {"type": "Feature", "properties": {"PWSID": "GA1030126", "PWS_Name": "AZALEA POINT", "Primacy_Agency": "GA", "Population_Served_Count": 1037, "Service_Connections_Count": 399, "Service_Area_Type": "Residential Area", "Verification_Status": "", "Area_SqKM": 0.24520612644720088}, "geometry": {"type": "Point", "coordinates": [-81.35147742587623, 32.286963845196325]}}, {"type": "Feature", "properties": {"PWSID": "GA1030128", "PWS_Name": "LOW GROUND FARMS SUBDIVISION", "Primacy_Agency": "GA", "Population_Served_Count": 91, "Service_Connections_Count": 35, "Service_Area_Type": "Subdivision", "Verification_Status": "", "Area_SqKM": 0.0604865697238137}, "geometry": {"type": "Point", "coordinates": [-81.30510106054768, 32.28331771170755]}}, {"type": "Feature", "properties": {"PWSID": "GA1030131", "PWS_Name": "EFFINGHAM COUNTY SURFACE WATER SYSTEM", "Primacy_Agency": "GA", "Population_Served_Count": 9869, "Service_Connections_Count": 1773, "Service_Area_Type": "Residential Area", "Verification_Status": "", "Area_SqKM": 7.378051791563372}, "geometry": {"type": "Point", "coordinates": [-81.30080257791391, 32.17839708944991]}}, {"type": "Feature", "properties": {"PWSID": "GA1030155", "PWS_Name": "MELDRIM APARTMENTS", "Primacy_Agency": "GA", "Population_Served_Count": 70, "Service_Connections_Count": 27, "Service_Area_Type": "Residential Area", "Verification_Status": "", "Area_SqKM": 0.4451753486297948}, "geometry": {"type": "Point", "coordinates": [-81.37743569339113, 32.142637119983675]}}, {"type": "Feature", "properties": {"PWSID": "GA1030161", "PWS_Name": "SOUTHBROOK SUBDIVISION", "Primacy_Agency": "GA", "Population_Served_Count": 47, "Service_Connections_Count": 18, "Service_Area_Type": "Subdivision", "Verification_Status": "", "Area_SqKM": 1.5104692383558156}, "geometry": {"type": "Point", "coordinates": [-81.35631253775786, 32.227498091894]}}, {"type": "Feature", "properties": {"PWSID": "GA0510138", "PWS_Name": "BASHLORS MOBILE HOME PARK", "Primacy_Agency": "GA", "Population_Served_Count": 55, "Service_Connections_Count": 20, "Service_Area_Type": "Mobile Home Park - Principal Residence", "Verification_Status": "", "Area_SqKM": 0.020007750472590954}, "geometry": {"type": "Point", "coordinates": [-81.19997929999684, 32.08561522003462]}}, {"type": "Feature", "properties": {"PWSID": "GA1030100", "PWS_Name": "HICKORY KNOB SUBDIVISION", "Primacy_Agency": "GA", "Population_Served_Count": 671, "Service_Connections_Count": 337, "Service_Area_Type": "Subdivision", "Verification_Status": "", "Area_SqKM": 1.6229546735995408}, "geometry": {"type": "Point", "coordinates": [-81.21733838426213, 32.31591644343284]}}, {"type": "Feature", "properties": {"PWSID": "GA1030129", "PWS_Name": "BUCKFIELD PLANTATION/PLEASANT HILL S/D", "Primacy_Agency": "GA", "Population_Served_Count": 190, "Service_Connections_Count": 73, "Service_Area_Type": "Subdivision", "Verification_Status": "", "Area_SqKM": 0.045916736835587335}, "geometry": {"type": "Point", "coordinates": [-81.29278927140003, 32.325093414335804]}}, {"type": "Feature", "properties": {"PWSID": "GA1030132", "PWS_Name": "WALNUT GROVE SUBDIVISION", "Primacy_Agency": "GA", "Population_Served_Count": 55, "Service_Connections_Count": 21, "Service_Area_Type": "Subdivision", "Verification_Status": "", "Area_SqKM": 0.02383343133341253}, "geometry": {"type": "Point", "coordinates": [-81.41046453075667, 32.475184530658325]}}, {"type": "Feature", "properties": {"PWSID": "GA1030133", "PWS_Name": "STILLWOOD SUBDIVISION", "Primacy_Agency": "GA", "Population_Served_Count": 49, "Service_Connections_Count": 19, "Service_Area_Type": "Subdivision", "Verification_Status": "", "Area_SqKM": 1.0581736585252937}, "geometry": {"type": "Point", "coordinates": [-81.26850054240766, 32.338927610970295]}}, {"type": "Feature", "properties": {"PWSID": "GA1030146", "PWS_Name": "HUNTER`S CHASE / ABBY LANE", "Primacy_Agency": "GA", "Population_Served_Count": 211, "Service_Connections_Count": 81, "Service_Area_Type": "Subdivision", "Verification_Status": "", "Area_SqKM": 0.10461463736459667}, "geometry": {"type": "Point", "coordinates": [-81.32033371607821, 32.37532058706942]}}, {"type": "Feature", "properties": {"PWSID": "GA2510021", "PWS_Name": "SYLVANIA MOBILE HOME PARK", "Primacy_Agency": "GA", "Population_Served_Count": 65, "Service_Connections_Count": 24, "Service_Area_Type": "Mobile Home Park - Principal Residence", "Verification_Status": "", "Area_SqKM": 0.3266714721367109}, "geometry": {"type": "Point", "coordinates": [-81.61742475453659, 32.72989757266574]}}, {"type": "Feature", "properties": {"PWSID": "GA2510056", "PWS_Name": "ROLLING RIDGE WATER SYSTEM", "Primacy_Agency": "GA", "Population_Served_Count": 27, "Service_Connections_Count": 10, "Service_Area_Type": "Subdivision", "Verification_Status": "", "Area_SqKM": 0.8974980463343892}, "geometry": {"type": "Point", "coordinates": [-81.6615997661289, 32.87856975074115]}}, {"type": "Feature", "properties": {"PWSID": "GA0510005", "PWS_Name": "TYBEE ISLAND", "Primacy_Agency": "GA", "Population_Served_Count": 8047, "Service_Connections_Count": 3095, "Service_Area_Type": "Municipality", "Verification_Status": "", "Area_SqKM": 7.46152577250905}, "geometry": {"type": "Point", "coordinates": [-80.85709815027943, 32.008498387395655]}}, {"type": "Feature", "properties": {"PWSID": "GA1030107", "PWS_Name": "SOUTH POINTE SUBDIVISION", "Primacy_Agency": "GA", "Population_Served_Count": 491, "Service_Connections_Count": 207, "Service_Area_Type": "Subdivision", "Verification_Status": "", "Area_SqKM": 0.1998377211825599}, "geometry": {"type": "Point", "coordinates": [-80.97561342793323, 32.03296988853126]}}, {"type": "Feature", "properties": {"PWSID": "GA0510023", "PWS_Name": "EAST PINES SUBDIVISION", "Primacy_Agency": "GA", "Population_Served_Count": 348, "Service_Connections_Count": 134, "Service_Area_Type": "Subdivision", "Verification_Status": "", "Area_SqKM": 1.6418326321360655}, "geometry": {"type": "Point", "coordinates": [-81.02034589611564, 32.051111617463405]}}, {"type": "Feature", "properties": {"PWSID": "GA0510028", "PWS_Name": "GRAYS SUBDIVISION", "Primacy_Agency": "GA", "Population_Served_Count": 715, "Service_Connections_Count": 286, "Service_Area_Type": "Subdivision", "Verification_Status": "", "Area_SqKM": 0.7263414034180897}, "geometry": {"type": "Point", "coordinates": [-81.00978518149314, 32.04760320742837]}}, {"type": "Feature", "properties": {"PWSID": "GA0310000", "PWS_Name": "BROOKLET WATER SYSTEM", "Primacy_Agency": "GA", "Population_Served_Count": 1456, "Service_Connections_Count": 813, "Service_Area_Type": "Municipality", "Verification_Status": "", "Area_SqKM": 5.546928537884789}, "geometry": {"type": "Point", "coordinates": [-81.66668812174551, 32.38045699111222]}}, {"type": "Feature", "properties": {"PWSID": "GA0290097", "PWS_Name": "THE SANCTUARY SUBDIVISION", "Primacy_Agency": "GA", "Population_Served_Count": 81, "Service_Connections_Count": 32, "Service_Area_Type": "Subdivision", "Verification_Status": "", "Area_SqKM": 0.007819689143644988}, "geometry": {"type": "Point", "coordinates": [-81.2265550802031, 31.85646068033562]}}, {"type": "Feature", "properties": {"PWSID": "GA1830002", "PWS_Name": "TWIN OAKS MOBILE HOME PARK", "Primacy_Agency": "GA", "Population_Served_Count": 111, "Service_Connections_Count": 43, "Service_Area_Type": "Mobile Home Park - Principal Residence", "Verification_Status": "", "Area_SqKM": 0.03692985977247342}, "geometry": {"type": "Point", "coordinates": [-81.62218829980215, 31.749290432859052]}}, {"type": "Feature", "properties": {"PWSID": "GA0310189", "PWS_Name": "PLANTATION MOBILE ESTATES", "Primacy_Agency": "GA", "Population_Served_Count": 104, "Service_Connections_Count": 40, "Service_Area_Type": "Mobile Home Park - Principal Residence", "Verification_Status": "", "Area_SqKM": 0.04892600318123021}, "geometry": {"type": "Point", "coordinates": [-81.70744169995433, 32.4102572799858]}}, {"type": "Feature", "properties": {"PWSID": "GA1790124", "PWS_Name": "GLENBROOK MOBILE HOME PARK", "Primacy_Agency": "GA", "Population_Served_Count": 130, "Service_Connections_Count": 50, "Service_Area_Type": "Mobile Home Park - Principal Residence", "Verification_Status": "", "Area_SqKM": 0.07111654074003736}, "geometry": {"type": "Point", "coordinates": [-81.60360929982713, 31.763683042542763]}}, {"type": "Feature", "properties": {"PWSID": "GA0290083", "PWS_Name": "HOPE CREEK PLANTATION", "Primacy_Agency": "GA", "Population_Served_Count": 108, "Service_Connections_Count": 40, "Service_Area_Type": "Residential Area", "Verification_Status": "", "Area_SqKM": 9.047543241451574}, "geometry": {"type": "Point", "coordinates": [-81.46044215440273, 31.95236092649436]}}, {"type": "Feature", "properties": {"PWSID": "GA0290080", "PWS_Name": "SOUTH ATLANTIC UTILITIES-BRYAN COUNTY(S)", "Primacy_Agency": "GA", "Population_Served_Count": 3422, "Service_Connections_Count": 1316, "Service_Area_Type": "Residential Area", "Verification_Status": "", "Area_SqKM": 5.583606557222458}, "geometry": {"type": "Point", "coordinates": [-81.26703324420828, 31.853765399182254]}}, {"type": "Feature", "properties": {"PWSID": "GA0290079", "PWS_Name": "WELLINGTON OAKS SUBDIVISION", "Primacy_Agency": "GA", "Population_Served_Count": 151, "Service_Connections_Count": 56, "Service_Area_Type": "Subdivision", "Verification_Status": "", "Area_SqKM": 0.059723566987324284}, "geometry": {"type": "Point", "coordinates": [-81.38408857031573, 31.923365100036513]}}, {"type": "Feature", "properties": {"PWSID": "GA0290076", "PWS_Name": "OXFORD UTILITY COMPANY", "Primacy_Agency": "GA", "Population_Served_Count": 315, "Service_Connections_Count": 121, "Service_Area_Type": "Subdivision", "Verification_Status": "", "Area_SqKM": 4.229252430961734}, "geometry": {"type": "Point", "coordinates": [-81.26430280138865, 31.886613135010297]}}, {"type": "Feature", "properties": {"PWSID": "GA0290071", "PWS_Name": "CRANSTON BLUFF-WATERFORD LANDING", "Primacy_Agency": "GA", "Population_Served_Count": 975, "Service_Connections_Count": 375, "Service_Area_Type": "Subdivision", "Verification_Status": "", "Area_SqKM": 0.44247502070098166}, "geometry": {"type": "Point", "coordinates": [-81.30653839560017, 31.845144219502522]}}, {"type": "Feature", "properties": {"PWSID": "GA0290064", "PWS_Name": "BAILEY PLANTATION SUBDIVISION", "Primacy_Agency": "GA", "Population_Served_Count": 355, "Service_Connections_Count": 134, "Service_Area_Type": "Subdivision", "Verification_Status": "", "Area_SqKM": 1.3144239139998328}, "geometry": {"type": "Point", "coordinates": [-81.39094553089869, 31.889415581192164]}}, {"type": "Feature", "properties": {"PWSID": "GA0290036", "PWS_Name": "RICHMOND HILL MHP", "Primacy_Agency": "GA", "Population_Served_Count": 58, "Service_Connections_Count": 22, "Service_Area_Type": "Mobile Home Park - Principal Residence", "Verification_Status": "", "Area_SqKM": 0.15759102519381296}, "geometry": {"type": "Point", "coordinates": [-81.29148369999412, 31.920178447882567]}}, {"type": "Feature", "properties": {"PWSID": "GA0290031", "PWS_Name": "KENS MOBILE HOME PARK", "Primacy_Agency": "GA", "Population_Served_Count": 28, "Service_Connections_Count": 24, "Service_Area_Type": "Mobile Home Park - Principal Residence", "Verification_Status": "", "Area_SqKM": 1.3732174234426686}, "geometry": {"type": "Point", "coordinates": [-81.49846983953879, 32.16377891052588]}}, {"type": "Feature", "properties": {"PWSID": "GA0290090", "PWS_Name": "DEMERIES LAKE SUBDIVISION", "Primacy_Agency": "GA", "Population_Served_Count": 52, "Service_Connections_Count": 20, "Service_Area_Type": "Subdivision", "Verification_Status": "", "Area_SqKM": 1.180912644350744}, "geometry": {"type": "Point", "coordinates": [-81.24757139506723, 31.77878724639074]}}, {"type": "Feature", "properties": {"PWSID": "GA0290092", "PWS_Name": "VICTORIA PLACE SUBDIVISION", "Primacy_Agency": "GA", "Population_Served_Count": 205, "Service_Connections_Count": 76, "Service_Area_Type": "Subdivision", "Verification_Status": "", "Area_SqKM": 0.09998546317905205}, "geometry": {"type": "Point", "coordinates": [-81.50615573245418, 32.12354255138324]}}, {"type": "Feature", "properties": {"PWSID": "GA0290093", "PWS_Name": "MAGNOLIA CREEK PLANTATION/TAYOR PLACE", "Primacy_Agency": "GA", "Population_Served_Count": 589, "Service_Connections_Count": 218, "Service_Area_Type": "Subdivision", "Verification_Status": "", "Area_SqKM": 2.4055708685205808}, "geometry": {"type": "Point", "coordinates": [-81.48508113759162, 32.140235606060706]}}, {"type": "Feature", "properties": {"PWSID": "GA0290104", "PWS_Name": "HENDERSON PARK", "Primacy_Agency": "GA", "Population_Served_Count": 2160, "Service_Connections_Count": 800, "Service_Area_Type": "Residential Area", "Verification_Status": "", "Area_SqKM": 2.015763413189052}, "geometry": {"type": "Point", "coordinates": [-81.25445868945862, 31.881397780920782]}}, {"type": "Feature", "properties": {"PWSID": "GA0290105", "PWS_Name": "OAK LEVEL WATER SYSTEM", "Primacy_Agency": "GA", "Population_Served_Count": 540, "Service_Connections_Count": 200, "Service_Area_Type": "Residential Area", "Verification_Status": "", "Area_SqKM": 0.06077472165243374}, "geometry": {"type": "Point", "coordinates": [-81.24059776244243, 31.846087599935856]}}, {"type": "Feature", "properties": {"PWSID": "GA0310203", "PWS_Name": "PRETORIA STATION/BROOKWOOD SUBDIVISION", "Primacy_Agency": "GA", "Population_Served_Count": 333, "Service_Connections_Count": 128, "Service_Area_Type": "Subdivision", "Verification_Status": "", "Area_SqKM": 0.03690907719295585}, "geometry": {"type": "Point", "coordinates": [-81.72323233321005, 32.414163866680674]}}, {"type": "Feature", "properties": {"PWSID": "GA0310211", "PWS_Name": "OLD INDIAN TRAIL", "Primacy_Agency": "GA", "Population_Served_Count": 273, "Service_Connections_Count": 105, "Service_Area_Type": "Subdivision", "Verification_Status": "", "Area_SqKM": 0.07609947321153228}, "geometry": {"type": "Point", "coordinates": [-81.70409678896769, 32.424629403724786]}}, {"type": "Feature", "properties": {"PWSID": "GA0310227", "PWS_Name": "CAMBRIDGE SUBDIVISION", "Primacy_Agency": "GA", "Population_Served_Count": 244, "Service_Connections_Count": 96, "Service_Area_Type": "Subdivision", "Verification_Status": "", "Area_SqKM": 1.6685152907980734}, "geometry": {"type": "Point", "coordinates": [-81.69377729131494, 32.39865049312198]}}, {"type": "Feature", "properties": {"PWSID": "GA0510001", "PWS_Name": "POOLER", "Primacy_Agency": "GA", "Population_Served_Count": 21187, "Service_Connections_Count": 7110, "Service_Area_Type": "Municipality", "Verification_Status": "", "Area_SqKM": 46.51866921871987}, "geometry": {"type": "Point", "coordinates": [-81.26848570494596, 32.099542829541896]}}, {"type": "Feature", "properties": {"PWSID": "GA0510002", "PWS_Name": "PORT WENTWORTH", "Primacy_Agency": "GA", "Population_Served_Count": 11000, "Service_Connections_Count": 4814, "Service_Area_Type": "Municipality", "Verification_Status": "", "Area_SqKM": 4.805466327842269}, "geometry": {"type": "Point", "coordinates": [-81.15942407160307, 32.148156387181224]}}, {"type": "Feature", "properties": {"PWSID": "GA0310246", "PWS_Name": "JOHNSON RUN SUBDIVISION", "Primacy_Agency": "GA", "Population_Served_Count": 318, "Service_Connections_Count": 122, "Service_Area_Type": "Subdivision", "Verification_Status": "", "Area_SqKM": 0.12707484953495554}, "geometry": {"type": "Point", "coordinates": [-81.70861570612017, 32.3984116285953]}}, {"type": "Feature", "properties": {"PWSID": "GA0310282", "PWS_Name": "COYOTE CROSSING", "Primacy_Agency": "GA", "Population_Served_Count": 72, "Service_Connections_Count": 24, "Service_Area_Type": "Residential Area", "Verification_Status": "", "Area_SqKM": 7.961752354700357}, "geometry": {"type": "Point", "coordinates": [-81.72080642564023, 32.36752779615042]}}, {"type": "Feature", "properties": {"PWSID": "GA0310291", "PWS_Name": "LUCY LANE", "Primacy_Agency": "GA", "Population_Served_Count": 47, "Service_Connections_Count": 18, "Service_Area_Type": "Subdivision", "Verification_Status": "", "Area_SqKM": 4.145754973371159}, "geometry": {"type": "Point", "coordinates": [-81.49841039481527, 32.2450129930916]}}, {"type": "Feature", "properties": {"PWSID": "GA0390000", "PWS_Name": "KINGSLAND", "Primacy_Agency": "GA", "Population_Served_Count": 22448, "Service_Connections_Count": 7617, "Service_Area_Type": "Municipality", "Verification_Status": "", "Area_SqKM": 41.71678676515797}, "geometry": {"type": "Point", "coordinates": [-81.65505793642274, 30.801433959074586]}}, {"type": "Feature", "properties": {"PWSID": "GA1030010", "PWS_Name": "LAKESIDE FARMS / BLOOMINGDALE", "Primacy_Agency": "GA", "Population_Served_Count": 993, "Service_Connections_Count": 382, "Service_Area_Type": "Subdivision", "Verification_Status": "", "Area_SqKM": 4.545854406507561}, "geometry": {"type": "Point", "coordinates": [-81.33360849860118, 32.15766540138362]}}, {"type": "Feature", "properties": {"PWSID": "GA1030011", "PWS_Name": "MELDRIM LAKES", "Primacy_Agency": "GA", "Population_Served_Count": 203, "Service_Connections_Count": 78, "Service_Area_Type": "Subdivision", "Verification_Status": "", "Area_SqKM": 0.05933018428619408}, "geometry": {"type": "Point", "coordinates": [-81.39329043042869, 32.13115506964816]}}, {"type": "Feature", "properties": {"PWSID": "GA0390002", "PWS_Name": "WOODBINE", "Primacy_Agency": "GA", "Population_Served_Count": 1512, "Service_Connections_Count": 584, "Service_Area_Type": "Municipality", "Verification_Status": "", "Area_SqKM": 2.8673893414447953}, "geometry": {"type": "Point", "coordinates": [-81.72056387837598, 30.963253689206883]}}, {"type": "Feature", "properties": {"PWSID": "GA0390013", "PWS_Name": "USN-KINGS BAY SUBMARINE BASE", "Primacy_Agency": "GA", "Population_Served_Count": 9730, "Service_Connections_Count": 820, "Service_Area_Type": "Other Residential", "Verification_Status": "", "Area_SqKM": 5.948725260488226}, "geometry": {"type": "Point", "coordinates": [-81.56121259620959, 30.800352376413077]}}, {"type": "Feature", "properties": {"PWSID": "GA0390043", "PWS_Name": "ELLIOTT`S BLUFF", "Primacy_Agency": "GA", "Population_Served_Count": 397, "Service_Connections_Count": 147, "Service_Area_Type": "Subdivision", "Verification_Status": "", "Area_SqKM": 0.12266552776062205}, "geometry": {"type": "Point", "coordinates": [-81.57228260852236, 30.838946928550726]}}, {"type": "Feature", "properties": {"PWSID": "GA0390056", "PWS_Name": "SANCTUARY COVE WATER SYSTEM", "Primacy_Agency": "GA", "Population_Served_Count": 510, "Service_Connections_Count": 189, "Service_Area_Type": "Residential Area", "Verification_Status": "", "Area_SqKM": 0.9020913504592671}, "geometry": {"type": "Point", "coordinates": [-81.58452432535651, 31.105650798655212]}}, {"type": "Feature", "properties": {"PWSID": "GA0390059", "PWS_Name": "RIVER PLACE PLANTATION", "Primacy_Agency": "GA", "Population_Served_Count": 25, "Service_Connections_Count": 15, "Service_Area_Type": "Subdivision", "Verification_Status": "", "Area_SqKM": 0.02431074185181476}, "geometry": {"type": "Point", "coordinates": [-81.72481458584916, 31.094532614265713]}}, {"type": "Feature", "properties": {"PWSID": "GA1030079", "PWS_Name": "PADDLEFORD PLANTATION SUBDIVISION", "Primacy_Agency": "GA", "Population_Served_Count": 192, "Service_Connections_Count": 74, "Service_Area_Type": "Residential Area", "Verification_Status": "", "Area_SqKM": 1.3126342399447568}, "geometry": {"type": "Point", "coordinates": [-81.24205146554426, 32.25087498124716]}}, {"type": "Feature", "properties": {"PWSID": "GA1030101", "PWS_Name": "DEERWOOD S/D-GREEN PEACE RV PK", "Primacy_Agency": "GA", "Population_Served_Count": 133, "Service_Connections_Count": 65, "Service_Area_Type": "Subdivision", "Verification_Status": "", "Area_SqKM": 0.061363214281086265}, "geometry": {"type": "Point", "coordinates": [-81.18672443070585, 32.280345199909284]}}, {"type": "Feature", "properties": {"PWSID": "GA0510012", "PWS_Name": "GROVE HILL SUBDIVISION", "Primacy_Agency": "GA", "Population_Served_Count": 286, "Service_Connections_Count": 110, "Service_Area_Type": "Subdivision", "Verification_Status": "", "Area_SqKM": 0.030418506889892297}, "geometry": {"type": "Point", "coordinates": [-81.22197283177142, 31.99154451575499]}}, {"type": "Feature", "properties": {"PWSID": "GA0510033", "PWS_Name": "THE LANDINGS SUBDIVISION", "Primacy_Agency": "GA", "Population_Served_Count": 11058, "Service_Connections_Count": 4284, "Service_Area_Type": "Subdivision", "Verification_Status": "", "Area_SqKM": 28.61151235475021}, "geometry": {"type": "Point", "coordinates": [-81.0476625168887, 31.926723286494646]}}, {"type": "Feature", "properties": {"PWSID": "GA1030108", "PWS_Name": "LAKEWOOD SUBDIVISION", "Primacy_Agency": "GA", "Population_Served_Count": 291, "Service_Connections_Count": 112, "Service_Area_Type": "Subdivision", "Verification_Status": "", "Area_SqKM": 0.6084666663991474}, "geometry": {"type": "Point", "coordinates": [-81.2596327113928, 32.20053410904263]}}, {"type": "Feature", "properties": {"PWSID": "GA1030109", "PWS_Name": "HUNTERS MILL SUBDIVISION", "Primacy_Agency": "GA", "Population_Served_Count": 114, "Service_Connections_Count": 44, "Service_Area_Type": "Subdivision", "Verification_Status": "", "Area_SqKM": 0.030493050852188834}, "geometry": {"type": "Point", "coordinates": [-81.29319153333834, 32.20395134096981]}}, {"type": "Feature", "properties": {"PWSID": "GA0510036", "PWS_Name": "OGEECHEE FARMS", "Primacy_Agency": "GA", "Population_Served_Count": 918, "Service_Connections_Count": 353, "Service_Area_Type": "Subdivision", "Verification_Status": "", "Area_SqKM": 0.2244473654909491}, "geometry": {"type": "Point", "coordinates": [-81.25260763746383, 31.984361731260446]}}, {"type": "Feature", "properties": {"PWSID": "GA0510038", "PWS_Name": "PARKERSBURG SUBDIVISION", "Primacy_Agency": "GA", "Population_Served_Count": 1253, "Service_Connections_Count": 482, "Service_Area_Type": "Subdivision", "Verification_Status": "", "Area_SqKM": 2.698766786056735}, "geometry": {"type": "Point", "coordinates": [-81.05049446585588, 31.9897561268679]}}, {"type": "Feature", "properties": {"PWSID": "GA0510044", "PWS_Name": "RIO VISTA/BURNSIDE", "Primacy_Agency": "GA", "Population_Served_Count": 759, "Service_Connections_Count": 281, "Service_Area_Type": "Subdivision", "Verification_Status": "", "Area_SqKM": 0.8271580329244217}, "geometry": {"type": "Point", "coordinates": [-81.08915728755463, 31.92835360001508]}}, {"type": "Feature", "properties": {"PWSID": "GA1030134", "PWS_Name": "JAMESTOWN SUBDIVISION", "Primacy_Agency": "GA", "Population_Served_Count": 187, "Service_Connections_Count": 72, "Service_Area_Type": "Subdivision", "Verification_Status": "", "Area_SqKM": 0.052712181427340486}, "geometry": {"type": "Point", "coordinates": [-81.25917516006625, 32.23302500004094]}}, {"type": "Feature", "properties": {"PWSID": "GA0510104", "PWS_Name": "WHITFIELD PARK SUBDIVISION", "Primacy_Agency": "GA", "Population_Served_Count": 676, "Service_Connections_Count": 260, "Service_Area_Type": "Subdivision", "Verification_Status": "", "Area_SqKM": 0.9884077382456253}, "geometry": {"type": "Point", "coordinates": [-81.11811239738256, 31.950762552667516]}}, {"type": "Feature", "properties": {"PWSID": "GA0510121", "PWS_Name": "BEAULIEU VILLAGE SUBDIVISION", "Primacy_Agency": "GA", "Population_Served_Count": 143, "Service_Connections_Count": 55, "Service_Area_Type": "Subdivision", "Verification_Status": "", "Area_SqKM": 0.7402375037679905}, "geometry": {"type": "Point", "coordinates": [-81.1124762367121, 31.937602439413748]}}, {"type": "Feature", "properties": {"PWSID": "GA0510124", "PWS_Name": "LITTLE NECK PLANTATION", "Primacy_Agency": "GA", "Population_Served_Count": 111, "Service_Connections_Count": 42, "Service_Area_Type": "Subdivision", "Verification_Status": "", "Area_SqKM": 0.14175188007712688}, "geometry": {"type": "Point", "coordinates": [-81.25670723577876, 32.01002812855025]}}, {"type": "Feature", "properties": {"PWSID": "GA0510128", "PWS_Name": "MODENA ISLAND", "Primacy_Agency": "GA", "Population_Served_Count": 98, "Service_Connections_Count": 37, "Service_Area_Type": "Residential Area", "Verification_Status": "", "Area_SqKM": 4.307889038427298}, "geometry": {"type": "Point", "coordinates": [-81.01442705320807, 31.992638966076722]}}, {"type": "Feature", "properties": {"PWSID": "GA0510144", "PWS_Name": "RIVERVIEW MOBILE INN", "Primacy_Agency": "GA", "Population_Served_Count": 179, "Service_Connections_Count": 69, "Service_Area_Type": "Mobile Home Park - Principal Residence", "Verification_Status": "", "Area_SqKM": 2.593655208933478}, "geometry": {"type": "Point", "coordinates": [-81.12321481513821, 31.949799492491007]}}, {"type": "Feature", "properties": {"PWSID": "GA0510163", "PWS_Name": "SEABREEZE MOBILE HOME PARK", "Primacy_Agency": "GA", "Population_Served_Count": 83, "Service_Connections_Count": 32, "Service_Area_Type": "Mobile Home Park - Principal Residence", "Verification_Status": "", "Area_SqKM": 0.09634341081467425}, "geometry": {"type": "Point", "coordinates": [-81.23939053316964, 32.02107503340532]}}, {"type": "Feature", "properties": {"PWSID": "GA0510229", "PWS_Name": "SAVANNAH-WILMINGTON ISLAND", "Primacy_Agency": "GA", "Population_Served_Count": 13526, "Service_Connections_Count": 4591, "Service_Area_Type": "Municipality", "Verification_Status": "", "Area_SqKM": 13.024741662783768}, "geometry": {"type": "Point", "coordinates": [-80.97924237610107, 32.008436082044426]}}, {"type": "Feature", "properties": {"PWSID": "GA0330000", "PWS_Name": "GIRARD", "Primacy_Agency": "GA", "Population_Served_Count": 240, "Service_Connections_Count": 92, "Service_Area_Type": "Municipality", "Verification_Status": "", "Area_SqKM": 0.12502282466506728}, "geometry": {"type": "Point", "coordinates": [-81.71157013689395, 33.04262083867909]}}, {"type": "Feature", "properties": {"PWSID": "GA0510266", "PWS_Name": "B`DETTE MOBILE BLUFF", "Primacy_Agency": "GA", "Population_Served_Count": 68, "Service_Connections_Count": 26, "Service_Area_Type": "Mobile Home Park - Principal Residence", "Verification_Status": "", "Area_SqKM": 0.1277815382849548}, "geometry": {"type": "Point", "coordinates": [-81.10288376528331, 31.951639408814835]}}, {"type": "Feature", "properties": {"PWSID": "GA1030102", "PWS_Name": "RIVER ROAD FARMS", "Primacy_Agency": "GA", "Population_Served_Count": 273, "Service_Connections_Count": 92, "Service_Area_Type": "Subdivision", "Verification_Status": "", "Area_SqKM": 14.779011281948184}, "geometry": {"type": "Point", "coordinates": [-81.39588805629366, 32.10156869203998]}}, {"type": "Feature", "properties": {"PWSID": "GA1030000", "PWS_Name": "GUYTON", "Primacy_Agency": "GA", "Population_Served_Count": 2394, "Service_Connections_Count": 1478, "Service_Area_Type": "Municipality", "Verification_Status": "", "Area_SqKM": 4.72282734510493}, "geometry": {"type": "Point", "coordinates": [-81.39086708150366, 32.335873369245625]}}, {"type": "Feature", "properties": {"PWSID": "GA1030001", "PWS_Name": "RINCON WATER SYSTEM", "Primacy_Agency": "GA", "Population_Served_Count": 16654, "Service_Connections_Count": 4690, "Service_Area_Type": "Municipality", "Verification_Status": "", "Area_SqKM": 24.59112353286271}, "geometry": {"type": "Point", "coordinates": [-81.21628717609659, 32.2955569470368]}}, {"type": "Feature", "properties": {"PWSID": "GA1030002", "PWS_Name": "SPRINGFIELD", "Primacy_Agency": "GA", "Population_Served_Count": 3100, "Service_Connections_Count": 1500, "Service_Area_Type": "Municipality", "Verification_Status": "", "Area_SqKM": 7.643062964362269}, "geometry": {"type": "Point", "coordinates": [-81.31323571305751, 32.36656437705661]}}, {"type": "Feature", "properties": {"PWSID": "GA1030080", "PWS_Name": "QUAIL RUN MOBILE HOME ESTATES", "Primacy_Agency": "GA", "Population_Served_Count": 260, "Service_Connections_Count": 100, "Service_Area_Type": "Mobile Home Park - Principal Residence", "Verification_Status": "", "Area_SqKM": 0.5147758972700396}, "geometry": {"type": "Point", "coordinates": [-81.3291826285742, 32.37059840636526]}}, {"type": "Feature", "properties": {"PWSID": "GA1030136", "PWS_Name": "EAGLE POINTE SUBDIVISION", "Primacy_Agency": "GA", "Population_Served_Count": 195, "Service_Connections_Count": 75, "Service_Area_Type": "Subdivision", "Verification_Status": "", "Area_SqKM": 2.116902641243472}, "geometry": {"type": "Point", "coordinates": [-81.28933878145303, 32.39097218842782]}}, {"type": "Feature", "properties": {"PWSID": "GA1030143", "PWS_Name": "SHADOWBROOK SUBDIVISION", "Primacy_Agency": "GA", "Population_Served_Count": 224, "Service_Connections_Count": 86, "Service_Area_Type": "Subdivision", "Verification_Status": "", "Area_SqKM": 0.14011482093943373}, "geometry": {"type": "Point", "coordinates": [-81.25399083163282, 32.358086213130015]}}, {"type": "Feature", "properties": {"PWSID": "GA1270008", "PWS_Name": "CABANA COURT MHP", "Primacy_Agency": "GA", "Population_Served_Count": 88, "Service_Connections_Count": 36, "Service_Area_Type": "Mobile Home Park - Principal Residence", "Verification_Status": "", "Area_SqKM": 0.20968208042679723}, "geometry": {"type": "Point", "coordinates": [-81.44838086261132, 31.24922673850485]}}, {"type": "Feature", "properties": {"PWSID": "GA2510000", "PWS_Name": "HILTONIA", "Primacy_Agency": "GA", "Population_Served_Count": 353, "Service_Connections_Count": 140, "Service_Area_Type": "Municipality", "Verification_Status": "", "Area_SqKM": 0.5553685404425124}, "geometry": {"type": "Point", "coordinates": [-81.65639902662271, 32.87967599334994]}}, {"type": "Feature", "properties": {"PWSID": "GA2510001", "PWS_Name": "NEWINGTON", "Primacy_Agency": "GA", "Population_Served_Count": 428, "Service_Connections_Count": 150, "Service_Area_Type": "Municipality", "Verification_Status": "", "Area_SqKM": 1.2869818167337468}, "geometry": {"type": "Point", "coordinates": [-81.50454330000669, 32.58883695432295]}}, {"type": "Feature", "properties": {"PWSID": "GA2510048", "PWS_Name": "HILLCREST HEIGHTS", "Primacy_Agency": "GA", "Population_Served_Count": 140, "Service_Connections_Count": 52, "Service_Area_Type": "Subdivision", "Verification_Status": "", "Area_SqKM": 29.93977479395521}, "geometry": {"type": "Point", "coordinates": [-81.5870231252389, 32.63906860396028]}}, {"type": "Feature", "properties": {"PWSID": "GA2510053", "PWS_Name": "BLUE HOLE MOBILE HOME PARK", "Primacy_Agency": "GA", "Population_Served_Count": 60, "Service_Connections_Count": 24, "Service_Area_Type": "Mobile Home Park - Principal Residence", "Verification_Status": "", "Area_SqKM": 0.1128684028438118}, "geometry": {"type": "Point", "coordinates": [-81.53153446678435, 32.527971466723095]}}, {"type": "Feature", "properties": {"PWSID": "GA0510006", "PWS_Name": "THUNDERBOLT", "Primacy_Agency": "GA", "Population_Served_Count": 2668, "Service_Connections_Count": 1200, "Service_Area_Type": "Municipality", "Verification_Status": "", "Area_SqKM": 2.1218679213150056}, "geometry": {"type": "Point", "coordinates": [-81.05377778753555, 32.03361827888043]}}, {"type": "Feature", "properties": {"PWSID": "GA0510096", "PWS_Name": "RUNAWAY POINT", "Primacy_Agency": "GA", "Population_Served_Count": 861, "Service_Connections_Count": 331, "Service_Area_Type": "Residential Area", "Verification_Status": "", "Area_SqKM": 0.12626909954769683}, "geometry": {"type": "Point", "coordinates": [-81.04196499292051, 32.06184121790434]}}, {"type": "Feature", "properties": {"PWSID": "GA1270033", "PWS_Name": "LIVE OAK MOBILE HOME PARK", "Primacy_Agency": "GA", "Population_Served_Count": 72, "Service_Connections_Count": 75, "Service_Area_Type": "Mobile Home Park - Principal Residence", "Verification_Status": "", "Area_SqKM": 0.0869903467786127}, "geometry": {"type": "Point", "coordinates": [-81.5110420749778, 31.20288809385487]}}, {"type": "Feature", "properties": {"PWSID": "GA1270035", "PWS_Name": "BEL-AIRE ESTATES ANNEX S/D", "Primacy_Agency": "GA", "Population_Served_Count": 117, "Service_Connections_Count": 45, "Service_Area_Type": "Subdivision", "Verification_Status": "", "Area_SqKM": 0.084736192927992}, "geometry": {"type": "Point", "coordinates": [-81.49970544998173, 31.21615668768322]}}, {"type": "Feature", "properties": {"PWSID": "GA1270054", "PWS_Name": "HELVESTON OAKS SUBDIVISION", "Primacy_Agency": "GA", "Population_Served_Count": 52, "Service_Connections_Count": 24, "Service_Area_Type": "Subdivision", "Verification_Status": "", "Area_SqKM": 0.08667301361643456}, "geometry": {"type": "Point", "coordinates": [-81.50144474821215, 31.21183764515308]}}, {"type": "Feature", "properties": {"PWSID": "GA1270118", "PWS_Name": "PITTMAN`S CIRCLE", "Primacy_Agency": "GA", "Population_Served_Count": 42, "Service_Connections_Count": 16, "Service_Area_Type": "Subdivision", "Verification_Status": "", "Area_SqKM": 0.017846975681028936}, "geometry": {"type": "Point", "coordinates": [-81.50036075576628, 31.22318822219201]}}, {"type": "Feature", "properties": {"PWSID": "GA1270141", "PWS_Name": "ALTAMAHA MOBILE HOME VILLAGE", "Primacy_Agency": "GA", "Population_Served_Count": 143, "Service_Connections_Count": 53, "Service_Area_Type": "Mobile Home Park - Principal Residence", "Verification_Status": "", "Area_SqKM": 0.11051937729883969}, "geometry": {"type": "Point", "coordinates": [-81.5120832888668, 31.204828666635724]}}, {"type": "Feature", "properties": {"PWSID": "GA1270155", "PWS_Name": "TIDEWATER ESTATES MHP", "Primacy_Agency": "GA", "Population_Served_Count": 28, "Service_Connections_Count": 10, "Service_Area_Type": "Mobile Home Park - Principal Residence", "Verification_Status": "", "Area_SqKM": 0.012965423163955053}, "geometry": {"type": "Point", "coordinates": [-81.50000597752347, 31.177256888730458]}}, {"type": "Feature", "properties": {"PWSID": "GA1270188", "PWS_Name": "EMANUEL CHURCH/SILVER BLUFF/AVONDALE", "Primacy_Agency": "GA", "Population_Served_Count": 497, "Service_Connections_Count": 142, "Service_Area_Type": "Subdivision", "Verification_Status": "", "Area_SqKM": 1.1169496100597602}, "geometry": {"type": "Point", "coordinates": [-81.59694858919657, 31.17026531861198]}}, {"type": "Feature", "properties": {"PWSID": "GA1270189", "PWS_Name": "IVY-THE LAKES", "Primacy_Agency": "GA", "Population_Served_Count": 289, "Service_Connections_Count": 107, "Service_Area_Type": "Subdivision", "Verification_Status": "", "Area_SqKM": 0.1320353806131226}, "geometry": {"type": "Point", "coordinates": [-81.60321056886065, 31.148645913450018]}}, {"type": "Feature", "properties": {"PWSID": "GA1270190", "PWS_Name": "HUNTER`S POINT SUBDIVISION", "Primacy_Agency": "GA", "Population_Served_Count": 260, "Service_Connections_Count": 100, "Service_Area_Type": "Subdivision", "Verification_Status": "", "Area_SqKM": 0.24341004596127633}, "geometry": {"type": "Point", "coordinates": [-81.54856049347467, 31.25903203224062]}}, {"type": "Feature", "properties": {"PWSID": "GA1270193", "PWS_Name": "RATCLIFFE LAKES SUBDIVISION", "Primacy_Agency": "GA", "Population_Served_Count": 65, "Service_Connections_Count": 24, "Service_Area_Type": "Residential Area", "Verification_Status": "", "Area_SqKM": 0.06975763701535857}, "geometry": {"type": "Point", "coordinates": [-81.59775985917967, 31.178356387094986]}}, {"type": "Feature", "properties": {"PWSID": "GA1270194", "PWS_Name": "GREEN COVE SUBDIVISION", "Primacy_Agency": "GA", "Population_Served_Count": 112, "Service_Connections_Count": 43, "Service_Area_Type": "Subdivision", "Verification_Status": "", "Area_SqKM": 0.039265250592930026}, "geometry": {"type": "Point", "coordinates": [-81.53855175458072, 31.30204122735872]}}, {"type": "Feature", "properties": {"PWSID": "GA1790000", "PWS_Name": "HINESVILLE", "Primacy_Agency": "GA", "Population_Served_Count": 32471, "Service_Connections_Count": 23684, "Service_Area_Type": "Municipality", "Verification_Status": "", "Area_SqKM": 45.514306435807235}, "geometry": {"type": "Point", "coordinates": [-81.62107252153422, 31.81887007422346]}}, {"type": "Feature", "properties": {"PWSID": "GA1790001", "PWS_Name": "MIDWAY", "Primacy_Agency": "GA", "Population_Served_Count": 2595, "Service_Connections_Count": 998, "Service_Area_Type": "Municipality", "Verification_Status": "", "Area_SqKM": 8.551399193332538}, "geometry": {"type": "Point", "coordinates": [-81.40418689800084, 31.804872598590887]}}, {"type": "Feature", "properties": {"PWSID": "GA1790035", "PWS_Name": "RICEBORO", "Primacy_Agency": "GA", "Population_Served_Count": 1131, "Service_Connections_Count": 435, "Service_Area_Type": "Municipality", "Verification_Status": "", "Area_SqKM": 0.9467894196534106}, "geometry": {"type": "Point", "coordinates": [-81.42589004676833, 31.71685943999321]}}, {"type": "Feature", "properties": {"PWSID": "GA1790048", "PWS_Name": "C.R.STANFORD APARTMENTS", "Primacy_Agency": "GA", "Population_Served_Count": 52, "Service_Connections_Count": 30, "Service_Area_Type": "Subdivision", "Verification_Status": "", "Area_SqKM": 0.2960841213034159}, "geometry": {"type": "Point", "coordinates": [-81.57509656917168, 31.870169138551883]}}, {"type": "Feature", "properties": {"PWSID": "GA1790093", "PWS_Name": "DEERFIELD MOBILE HOME PARK", "Primacy_Agency": "GA", "Population_Served_Count": 78, "Service_Connections_Count": 30, "Service_Area_Type": "Mobile Home Park - Principal Residence", "Verification_Status": "", "Area_SqKM": 0.06977929402384511}, "geometry": {"type": "Point", "coordinates": [-81.63192806789378, 31.821403796418945]}}, {"type": "Feature", "properties": {"PWSID": "GA1790094", "PWS_Name": "COUNTRY LANE MOBILE HOME PARK", "Primacy_Agency": "GA", "Population_Served_Count": 172, "Service_Connections_Count": 61, "Service_Area_Type": "Mobile Home Park - Principal Residence", "Verification_Status": "", "Area_SqKM": 0.008525363974382137}, "geometry": {"type": "Point", "coordinates": [-81.60973496677136, 31.764458683282516]}}, {"type": "Feature", "properties": {"PWSID": "GA1790096", "PWS_Name": "WESTGATE MOBILE HOME PARK", "Primacy_Agency": "GA", "Population_Served_Count": 72, "Service_Connections_Count": 24, "Service_Area_Type": "Mobile Home Park - Principal Residence", "Verification_Status": "", "Area_SqKM": 0.6464032848434298}, "geometry": {"type": "Point", "coordinates": [-81.68412544926422, 31.83579408506051]}}, {"type": "Feature", "properties": {"PWSID": "GA1790098", "PWS_Name": "SASSER`S MOBILE HOME PARK", "Primacy_Agency": "GA", "Population_Served_Count": 52, "Service_Connections_Count": 26, "Service_Area_Type": "Mobile Home Park - Principal Residence", "Verification_Status": "", "Area_SqKM": 0.04245501011092225}, "geometry": {"type": "Point", "coordinates": [-81.52460975234612, 31.825272044651413]}}, {"type": "Feature", "properties": {"PWSID": "GA1790104", "PWS_Name": "LAKEVIEW MOBILE HOME PARK, LLC", "Primacy_Agency": "GA", "Population_Served_Count": 175, "Service_Connections_Count": 67, "Service_Area_Type": "Mobile Home Park - Principal Residence", "Verification_Status": "", "Area_SqKM": 0.5148958363379901}, "geometry": {"type": "Point", "coordinates": [-81.61028273751646, 31.77856349592557]}}, {"type": "Feature", "properties": {"PWSID": "GA1790121", "PWS_Name": "RIVER VIEW SUBDIVISION", "Primacy_Agency": "GA", "Population_Served_Count": 58, "Service_Connections_Count": 21, "Service_Area_Type": "Subdivision", "Verification_Status": "", "Area_SqKM": 2.8541572874928214}, "geometry": {"type": "Point", "coordinates": [-81.26581584236065, 31.725576238658544]}}, {"type": "Feature", "properties": {"PWSID": "GA1790125", "PWS_Name": "HALFMOON VILLAS & MARINA", "Primacy_Agency": "GA", "Population_Served_Count": 252, "Service_Connections_Count": 97, "Service_Area_Type": "Subdivision", "Verification_Status": "", "Area_SqKM": 0.058068920581656164}, "geometry": {"type": "Point", "coordinates": [-81.26823401253282, 31.69855328743277]}}, {"type": "Feature", "properties": {"PWSID": "GA1790130", "PWS_Name": "LAKE PAMONA", "Primacy_Agency": "GA", "Population_Served_Count": 30, "Service_Connections_Count": 19, "Service_Area_Type": "Subdivision", "Verification_Status": "", "Area_SqKM": 0.04279903414946739}, "geometry": {"type": "Point", "coordinates": [-81.24126630540503, 31.71030646841069]}}, {"type": "Feature", "properties": {"PWSID": "GA1790132", "PWS_Name": "SEABROOK ISLAND SUBDIVISION", "Primacy_Agency": "GA", "Population_Served_Count": 101, "Service_Connections_Count": 35, "Service_Area_Type": "Subdivision", "Verification_Status": "", "Area_SqKM": 6.587971317606307}, "geometry": {"type": "Point", "coordinates": [-81.41213695763668, 31.82323803944547]}}, {"type": "Feature", "properties": {"PWSID": "GA1790134", "PWS_Name": "GEORGIA HOMES AT LIVE OAK", "Primacy_Agency": "GA", "Population_Served_Count": 75, "Service_Connections_Count": 29, "Service_Area_Type": "Mobile Home Park - Principal Residence", "Verification_Status": "", "Area_SqKM": 0.07196493935232076}, "geometry": {"type": "Point", "coordinates": [-81.63937466577732, 31.82751883184085]}}, {"type": "Feature", "properties": {"PWSID": "GA1790152", "PWS_Name": "SEABROOK ISLAND SUBDIVISION", "Primacy_Agency": "GA", "Population_Served_Count": 55, "Service_Connections_Count": 13, "Service_Area_Type": "Subdivision", "Verification_Status": "", "Area_SqKM": 0.1169687334578788}, "geometry": {"type": "Point", "coordinates": [-81.39125648001502, 31.834855840016452]}}, {"type": "Feature", "properties": {"PWSID": "GA1830024", "PWS_Name": "OAK MEADOWS MOBILE HOME PARK", "Primacy_Agency": "GA", "Population_Served_Count": 81, "Service_Connections_Count": 32, "Service_Area_Type": "Mobile Home Park - Principal Residence", "Verification_Status": "", "Area_SqKM": 3.1774339609749562}, "geometry": {"type": "Point", "coordinates": [-81.64465827753538, 31.754973032566678]}}, {"type": "Feature", "properties": {"PWSID": "GA1830044", "PWS_Name": "HUCKABERRY SUBDIVISION", "Primacy_Agency": "GA", "Population_Served_Count": 64, "Service_Connections_Count": 24, "Service_Area_Type": "Mobile Home Park", "Verification_Status": "", "Area_SqKM": 0.042681025294822456}, "geometry": {"type": "Point", "coordinates": [-81.67806501795107, 31.802619433379515]}}, {"type": "Feature", "properties": {"PWSID": "GA1830060", "PWS_Name": "BRIARCREST-PALMER PLACE", "Primacy_Agency": "GA", "Population_Served_Count": 234, "Service_Connections_Count": 170, "Service_Area_Type": "Subdivision", "Verification_Status": "", "Area_SqKM": 0.10901045847413111}, "geometry": {"type": "Point", "coordinates": [-81.70771858947568, 31.77985575789515]}}, {"type": "Feature", "properties": {"PWSID": "GA1910008", "PWS_Name": "SAPELO WOODS SUBDIVISION", "Primacy_Agency": "GA", "Population_Served_Count": 348, "Service_Connections_Count": 129, "Service_Area_Type": "Subdivision", "Verification_Status": "", "Area_SqKM": 0.2371635799147999}, "geometry": {"type": "Point", "coordinates": [-81.32152432783604, 31.57185409999884]}}, {"type": "Feature", "properties": {"PWSID": "GA1910012", "PWS_Name": "MCINTOSH COUNTY - JONES COMMUNITY", "Primacy_Agency": "GA", "Population_Served_Count": 95, "Service_Connections_Count": 35, "Service_Area_Type": "Residential Area", "Verification_Status": "", "Area_SqKM": 19.05252523934058}, "geometry": {"type": "Point", "coordinates": [-81.47978310237154, 31.629141097624444]}}, {"type": "Feature", "properties": {"PWSID": "GA1910014", "PWS_Name": "MCINTOSH COUNTY - CANNON BLUFF", "Primacy_Agency": "GA", "Population_Served_Count": 296, "Service_Connections_Count": 114, "Service_Area_Type": "Residential Area", "Verification_Status": "", "Area_SqKM": 15.314047764862112}, "geometry": {"type": "Point", "coordinates": [-81.39161311946634, 31.572567793658855]}}, {"type": "Feature", "properties": {"PWSID": "GA1910015", "PWS_Name": "DNR-HOG HAMMOCK COMMUNITY", "Primacy_Agency": "GA", "Population_Served_Count": 304, "Service_Connections_Count": 124, "Service_Area_Type": "Municipality", "Verification_Status": "", "Area_SqKM": 0.3244060657092516}, "geometry": {"type": "Point", "coordinates": [-81.26546692285757, 31.422873650639048]}}, {"type": "Feature", "properties": {"PWSID": "GA1910018", "PWS_Name": "HIGHLAND PARK SUBDIVISION", "Primacy_Agency": "GA", "Population_Served_Count": 203, "Service_Connections_Count": 80, "Service_Area_Type": "Subdivision", "Verification_Status": "", "Area_SqKM": 0.3556452916083036}, "geometry": {"type": "Point", "coordinates": [-81.35625603067145, 31.57632065386076]}}, {"type": "Feature", "properties": {"PWSID": "GA1910019", "PWS_Name": "MCINTOSH COUNTY-CARNIGAN COMMUNITY", "Primacy_Agency": "GA", "Population_Served_Count": 489, "Service_Connections_Count": 188, "Service_Area_Type": "Residential Area", "Verification_Status": "", "Area_SqKM": 0.19220157172023547}, "geometry": {"type": "Point", "coordinates": [-81.3939459654546, 31.42673656786362]}}, {"type": "Feature", "properties": {"PWSID": "GA1910021", "PWS_Name": "MCINTOSH COUNTY-CRESCENT COMMUNITY WS", "Primacy_Agency": "GA", "Population_Served_Count": 3406, "Service_Connections_Count": 1300, "Service_Area_Type": "Residential Area", "Verification_Status": "", "Area_SqKM": 13.691159014153335}, "geometry": {"type": "Point", "coordinates": [-81.39770036868406, 31.521826290645127]}}, {"type": "Feature", "properties": {"PWSID": "GA1910022", "PWS_Name": "SPRINGFIELD PLANTATION SUBDIVISION", "Primacy_Agency": "GA", "Population_Served_Count": 360, "Service_Connections_Count": 144, "Service_Area_Type": "Subdivision", "Verification_Status": "", "Area_SqKM": 53.09087827598049}, "geometry": {"type": "Point", "coordinates": [-81.28285651278307, 31.621992403431452]}}, {"type": "Feature", "properties": {"PWSID": "GA1910066", "PWS_Name": "BIG TREE ESTATES", "Primacy_Agency": "GA", "Population_Served_Count": 38, "Service_Connections_Count": 15, "Service_Area_Type": "Residential Area", "Verification_Status": "", "Area_SqKM": 0.02165424688823811}, "geometry": {"type": "Point", "coordinates": [-81.42619877133725, 31.533984856937586]}}, {"type": "Feature", "properties": {"PWSID": "GA1910067", "PWS_Name": "SHELL POINT SUBDIVISION", "Primacy_Agency": "GA", "Population_Served_Count": 164, "Service_Connections_Count": 63, "Service_Area_Type": "Subdivision", "Verification_Status": "", "Area_SqKM": 0.6118970258622016}, "geometry": {"type": "Point", "coordinates": [-81.36404214527558, 31.549769447311796]}}, {"type": "Feature", "properties": {"PWSID": "GA1910071", "PWS_Name": "RIVER OAKS SUBDIVISION", "Primacy_Agency": "GA", "Population_Served_Count": 53, "Service_Connections_Count": 21, "Service_Area_Type": "Subdivision", "Verification_Status": "", "Area_SqKM": 0.06891942559717901}, "geometry": {"type": "Point", "coordinates": [-81.36294647636635, 31.561320994761804]}}, {"type": "Feature", "properties": {"PWSID": "GA1910072", "PWS_Name": "BELVEDERE ISLAND", "Primacy_Agency": "GA", "Population_Served_Count": 283, "Service_Connections_Count": 94, "Service_Area_Type": "Subdivision", "Verification_Status": "", "Area_SqKM": 10.885240297781275}, "geometry": {"type": "Point", "coordinates": [-81.3102116428852, 31.639200989293645]}}, {"type": "Feature", "properties": {"PWSID": "GA1910073", "PWS_Name": "EAGLE NECK SUBDIVISION", "Primacy_Agency": "GA", "Population_Served_Count": 84, "Service_Connections_Count": 41, "Service_Area_Type": "Subdivision", "Verification_Status": "", "Area_SqKM": 0.14753961230702078}, "geometry": {"type": "Point", "coordinates": [-81.32940432134804, 31.63754755450185]}}, {"type": "Feature", "properties": {"PWSID": "GA1910096", "PWS_Name": "SPAULDING POINT SUBDIVISION", "Primacy_Agency": "GA", "Population_Served_Count": 55, "Service_Connections_Count": 22, "Service_Area_Type": "Subdivision", "Verification_Status": "", "Area_SqKM": 0.02046329504247451}, "geometry": {"type": "Point", "coordinates": [-81.3036043627664, 31.589897216312192]}}, {"type": "Feature", "properties": {"PWSID": "GA0310006", "PWS_Name": "GEORGIA SOUTHERN UNIVERSITY", "Primacy_Agency": "GA", "Population_Served_Count": 20357, "Service_Connections_Count": 260, "Service_Area_Type": "Other Residential", "Verification_Status": "", "Area_SqKM": 3.0706851854540886}, "geometry": {"type": "Point", "coordinates": [-81.78744007462547, 32.41852432250061]}}, {"type": "Feature", "properties": {"PWSID": "GA0310013", "PWS_Name": "LEEFIELD WATER ASSOC., INC.", "Primacy_Agency": "GA", "Population_Served_Count": 84, "Service_Connections_Count": 40, "Service_Area_Type": "Residential Area", "Verification_Status": "", "Area_SqKM": 0.11477020403279083}, "geometry": {"type": "Point", "coordinates": [-81.61762679999832, 32.41969595001618]}}, {"type": "Feature", "properties": {"PWSID": "GA0310187", "PWS_Name": "ENGLISH OAKS MOBILE HOME PARK", "Primacy_Agency": "GA", "Population_Served_Count": 226, "Service_Connections_Count": 87, "Service_Area_Type": "Mobile Home Park - Principal Residence", "Verification_Status": "", "Area_SqKM": 0.016451226406307324}, "geometry": {"type": "Point", "coordinates": [-81.70098344175493, 32.41492465851149]}}, {"type": "Feature", "properties": {"PWSID": "GA0310200", "PWS_Name": "STANFORD SUBDIVISION", "Primacy_Agency": "GA", "Population_Served_Count": 81, "Service_Connections_Count": 31, "Service_Area_Type": "Subdivision", "Verification_Status": "", "Area_SqKM": 4.75748389671155}, "geometry": {"type": "Point", "coordinates": [-81.66113224967835, 32.42703750068896]}}, {"type": "Feature", "properties": {"PWSID": "GA0310236", "PWS_Name": "WHITE OAKS ESTATES SUBDIVISION", "Primacy_Agency": "GA", "Population_Served_Count": 65, "Service_Connections_Count": 25, "Service_Area_Type": "Subdivision", "Verification_Status": "", "Area_SqKM": 14.175087085237626}, "geometry": {"type": "Point", "coordinates": [-81.61187783665721, 32.362441346634846]}}, {"type": "Feature", "properties": {"PWSID": "GA0310238", "PWS_Name": "LEEFIELD STATION MOBILE HOME PARK", "Primacy_Agency": "GA", "Population_Served_Count": 136, "Service_Connections_Count": 56, "Service_Area_Type": "Mobile Home Park", "Verification_Status": "", "Area_SqKM": 8.541112576192658}, "geometry": {"type": "Point", "coordinates": [-81.6456579766217, 32.408863150252124]}}, {"type": "Feature", "properties": {"PWSID": "GA0310243", "PWS_Name": "PEBBLESTONE SUBDIVISION", "Primacy_Agency": "GA", "Population_Served_Count": 125, "Service_Connections_Count": 48, "Service_Area_Type": "Subdivision", "Verification_Status": "", "Area_SqKM": 3.698405730563073}, "geometry": {"type": "Point", "coordinates": [-81.71918379209345, 32.44788186665432]}}, {"type": "Feature", "properties": {"PWSID": "GA0310245", "PWS_Name": "LAKEVIEW COMMONS", "Primacy_Agency": "GA", "Population_Served_Count": 49, "Service_Connections_Count": 19, "Service_Area_Type": "Subdivision", "Verification_Status": "", "Area_SqKM": 15.600464838813267}, "geometry": {"type": "Point", "coordinates": [-81.47343137203809, 32.3098326453524]}}, {"type": "Feature", "properties": {"PWSID": "GA0310265", "PWS_Name": "WOODLAKE SUBDIVISION", "Primacy_Agency": "GA", "Population_Served_Count": 88, "Service_Connections_Count": 35, "Service_Area_Type": "Subdivision", "Verification_Status": "", "Area_SqKM": 0.43529920158722646}, "geometry": {"type": "Point", "coordinates": [-81.65478841112797, 32.39954797770268]}}, {"type": "Feature", "properties": {"PWSID": "GA0510016", "PWS_Name": "BLOOMINGDALE", "Primacy_Agency": "GA", "Population_Served_Count": 2500, "Service_Connections_Count": 800, "Service_Area_Type": "Municipality", "Verification_Status": "", "Area_SqKM": 9.118084429316044}, "geometry": {"type": "Point", "coordinates": [-81.29177661080057, 32.12132668109959]}}, {"type": "Feature", "properties": {"PWSID": "GA0510017", "PWS_Name": "BEVERLY PLANTATION I", "Primacy_Agency": "GA", "Population_Served_Count": 130, "Service_Connections_Count": 50, "Service_Area_Type": "Mobile Home Park - Principal Residence", "Verification_Status": "", "Area_SqKM": 0.3411386774833695}, "geometry": {"type": "Point", "coordinates": [-81.18760232195942, 32.0427079562117]}}, {"type": "Feature", "properties": {"PWSID": "GA0510026", "PWS_Name": "GARDEN ACRES ESTATES", "Primacy_Agency": "GA", "Population_Served_Count": 525, "Service_Connections_Count": 198, "Service_Area_Type": "Mobile Home Park - Principal Residence", "Verification_Status": "", "Area_SqKM": 1.3730672628551939}, "geometry": {"type": "Point", "coordinates": [-81.25224471725816, 32.101139050525006]}}, {"type": "Feature", "properties": {"PWSID": "GA0510034", "PWS_Name": "LARCHMONT ESTATES SUBDIVISION", "Primacy_Agency": "GA", "Population_Served_Count": 11799, "Service_Connections_Count": 5023, "Service_Area_Type": "Subdivision", "Verification_Status": "", "Area_SqKM": 12.782617838901194}, "geometry": {"type": "Point", "coordinates": [-81.2414446589719, 32.0505289897492]}}, {"type": "Feature", "properties": {"PWSID": "GA0510040", "PWS_Name": "PINE BARREN ACRES", "Primacy_Agency": "GA", "Population_Served_Count": 138, "Service_Connections_Count": 53, "Service_Area_Type": "Subdivision", "Verification_Status": "", "Area_SqKM": 0.048256936643574874}, "geometry": {"type": "Point", "coordinates": [-81.32929983641905, 32.092025881799266]}}, {"type": "Feature", "properties": {"PWSID": "GA0510042", "PWS_Name": "PLANTATION INN MOBILE ESTATES", "Primacy_Agency": "GA", "Population_Served_Count": 229, "Service_Connections_Count": 88, "Service_Area_Type": "Mobile Home Park - Principal Residence", "Verification_Status": "", "Area_SqKM": 0.0770240841827669}, "geometry": {"type": "Point", "coordinates": [-81.19071474542852, 32.04117910920946]}}, {"type": "Feature", "properties": {"PWSID": "GA0510107", "PWS_Name": "USA-HUNTER ARMY AIRFIELD - MAIN", "Primacy_Agency": "GA", "Population_Served_Count": 7500, "Service_Connections_Count": 796, "Service_Area_Type": "Other Residential", "Verification_Status": "", "Area_SqKM": 0.5077601298950247}, "geometry": {"type": "Point", "coordinates": [-81.14360045011554, 32.035135567624046]}}, {"type": "Feature", "properties": {"PWSID": "GA0510126", "PWS_Name": "MILLER PINES MOBILE HOME PARK", "Primacy_Agency": "GA", "Population_Served_Count": 96, "Service_Connections_Count": 37, "Service_Area_Type": "Mobile Home Park - Principal Residence", "Verification_Status": "", "Area_SqKM": 2.8711125095840884}, "geometry": {"type": "Point", "coordinates": [-81.28785574710929, 32.09690095470188]}}, {"type": "Feature", "properties": {"PWSID": "GA0510139", "PWS_Name": "HEATHCOTE FARMS SUBDIVISION", "Primacy_Agency": "GA", "Population_Served_Count": 68, "Service_Connections_Count": 26, "Service_Area_Type": "Subdivision", "Verification_Status": "", "Area_SqKM": 0.025498008375032362}, "geometry": {"type": "Point", "coordinates": [-81.17200240001455, 32.04478184988902]}}, {"type": "Feature", "properties": {"PWSID": "GA0510157", "PWS_Name": "RIVERSIDE ESTATES", "Primacy_Agency": "GA", "Population_Served_Count": 75, "Service_Connections_Count": 29, "Service_Area_Type": "Subdivision", "Verification_Status": "", "Area_SqKM": 0.29145173720924794}, "geometry": {"type": "Point", "coordinates": [-81.3694894926725, 32.07423271211391]}}, {"type": "Feature", "properties": {"PWSID": "GA0510223", "PWS_Name": "BEVERLY PLANTATION II", "Primacy_Agency": "GA", "Population_Served_Count": 65, "Service_Connections_Count": 24, "Service_Area_Type": "Mobile Home Park - Principal Residence", "Verification_Status": "", "Area_SqKM": 0.43412605805933774}, "geometry": {"type": "Point", "coordinates": [-81.1995044373065, 32.040551386455554]}}, {"type": "Feature", "properties": {"PWSID": "GA0510253", "PWS_Name": "FORT ARGYLE-RIVER BLUFF", "Primacy_Agency": "GA", "Population_Served_Count": 463, "Service_Connections_Count": 178, "Service_Area_Type": "Subdivision", "Verification_Status": "", "Area_SqKM": 2.8383835263659565}, "geometry": {"type": "Point", "coordinates": [-81.36417762503626, 32.06675274167089]}}, {"type": "Feature", "properties": {"PWSID": "GA0510259", "PWS_Name": "SAVANNAH-SAVANNAH QUARTERS", "Primacy_Agency": "GA", "Population_Served_Count": 2665, "Service_Connections_Count": 1350, "Service_Area_Type": "Municipality", "Verification_Status": "", "Area_SqKM": 5.486503912582212}, "geometry": {"type": "Point", "coordinates": [-81.22827252424912, 32.06383451843022]}}, {"type": "Feature", "properties": {"PWSID": "GA0510267", "PWS_Name": "SANDY BLUFF SUBDIVISION", "Primacy_Agency": "GA", "Population_Served_Count": 62, "Service_Connections_Count": 24, "Service_Area_Type": "Subdivision", "Verification_Status": "", "Area_SqKM": 1.381534743331821}, "geometry": {"type": "Point", "coordinates": [-81.32947935998425, 32.08656927004202]}}, {"type": "Feature", "properties": {"PWSID": "GA0510280", "PWS_Name": "GARDEN CITY - TOWN CENTER", "Primacy_Agency": "GA", "Population_Served_Count": 514, "Service_Connections_Count": 18, "Service_Area_Type": "Other Transient Area", "Verification_Status": "", "Area_SqKM": 0.17955462570205719}, "geometry": {"type": "Point", "coordinates": [-81.20987040687992, 32.067505303467335]}}, {"type": "Feature", "properties": {"PWSID": "GA1030012", "PWS_Name": "WESTWOOD HEIGHTS SUBDIVISION", "Primacy_Agency": "GA", "Population_Served_Count": 1370, "Service_Connections_Count": 530, "Service_Area_Type": "Subdivision", "Verification_Status": "", "Area_SqKM": 1.3463112034282514}, "geometry": {"type": "Point", "coordinates": [-81.22660793280093, 32.25781670381848]}}, {"type": "Feature", "properties": {"PWSID": "GA1030017", "PWS_Name": "FOXBOW NORTH SUBDIVISION", "Primacy_Agency": "GA", "Population_Served_Count": 497, "Service_Connections_Count": 191, "Service_Area_Type": "Subdivision", "Verification_Status": "", "Area_SqKM": 0.31483061490928094}, "geometry": {"type": "Point", "coordinates": [-81.40796548598536, 32.23813187441589]}}, {"type": "Feature", "properties": {"PWSID": "GA1030018", "PWS_Name": "PECAN GROVE S/D", "Primacy_Agency": "GA", "Population_Served_Count": 182, "Service_Connections_Count": 70, "Service_Area_Type": "Subdivision", "Verification_Status": "", "Area_SqKM": 0.5311040915804592}, "geometry": {"type": "Point", "coordinates": [-81.38742765502404, 32.14687753329722]}}, {"type": "Feature", "properties": {"PWSID": "GA1030082", "PWS_Name": "AURIGA FARMS", "Primacy_Agency": "GA", "Population_Served_Count": 585, "Service_Connections_Count": 225, "Service_Area_Type": "Subdivision", "Verification_Status": "", "Area_SqKM": 0.14447952982202455}, "geometry": {"type": "Point", "coordinates": [-81.32963876821351, 32.17511418861095]}}, {"type": "Feature", "properties": {"PWSID": "GA1030097", "PWS_Name": "LEE VILLAGE SUBDIVISION", "Primacy_Agency": "GA", "Population_Served_Count": 310, "Service_Connections_Count": 118, "Service_Area_Type": "Subdivision", "Verification_Status": "", "Area_SqKM": 0.40023548140581017}, "geometry": {"type": "Point", "coordinates": [-81.37834150964535, 32.27039197422802]}}, {"type": "Feature", "properties": {"PWSID": "GA1030103", "PWS_Name": "WATERFORD PLANTATION SUBDIVISION", "Primacy_Agency": "GA", "Population_Served_Count": 182, "Service_Connections_Count": 70, "Service_Area_Type": "Subdivision", "Verification_Status": "", "Area_SqKM": 0.342252228789918}, "geometry": {"type": "Point", "coordinates": [-81.22412865947415, 32.251707983839175]}}, {"type": "Feature", "properties": {"PWSID": "GA1030104", "PWS_Name": "CYPRESS LAKES SUBDIVISION", "Primacy_Agency": "GA", "Population_Served_Count": 44, "Service_Connections_Count": 17, "Service_Area_Type": "Subdivision", "Verification_Status": "", "Area_SqKM": 1.539471251448603}, "geometry": {"type": "Point", "coordinates": [-81.3944178079626, 32.153671115325544]}}, {"type": "Feature", "properties": {"PWSID": "GA1030105", "PWS_Name": "ROSEWOOD WATER SYSTEM", "Primacy_Agency": "GA", "Population_Served_Count": 52, "Service_Connections_Count": 20, "Service_Area_Type": "Subdivision", "Verification_Status": "", "Area_SqKM": 0.21774877371607865}, "geometry": {"type": "Point", "coordinates": [-81.29784472626483, 32.194976463232344]}}, {"type": "Feature", "properties": {"PWSID": "GA1030106", "PWS_Name": "COVENTRY PLANTATION", "Primacy_Agency": "GA", "Population_Served_Count": 122, "Service_Connections_Count": 47, "Service_Area_Type": "Subdivision", "Verification_Status": "", "Area_SqKM": 0.018390736204235335}, "geometry": {"type": "Point", "coordinates": [-81.29071231115256, 32.19846531098472]}}, {"type": "Feature", "properties": {"PWSID": "GA1030112", "PWS_Name": "ROYAL OAKS PLANTATION", "Primacy_Agency": "GA", "Population_Served_Count": 252, "Service_Connections_Count": 97, "Service_Area_Type": "Subdivision", "Verification_Status": "", "Area_SqKM": 0.08820750268425784}, "geometry": {"type": "Point", "coordinates": [-81.36477792986491, 32.20348880346877]}}, {"type": "Feature", "properties": {"PWSID": "GA1030116", "PWS_Name": "HAMPTON CREEK SUBDIVISION", "Primacy_Agency": "GA", "Population_Served_Count": 146, "Service_Connections_Count": 56, "Service_Area_Type": "Subdivision", "Verification_Status": "", "Area_SqKM": 0.061363214281086265}, "geometry": {"type": "Point", "coordinates": [-81.18672443070585, 32.280345199909284]}}, {"type": "Feature", "properties": {"PWSID": "GA1030117", "PWS_Name": "CASTLEWOOD-CLEARVIEW-WARNER FIELDS", "Primacy_Agency": "GA", "Population_Served_Count": 393, "Service_Connections_Count": 149, "Service_Area_Type": "Subdivision", "Verification_Status": "", "Area_SqKM": 0.08526922030642765}, "geometry": {"type": "Point", "coordinates": [-81.36152424439928, 32.26439251117077]}}, {"type": "Feature", "properties": {"PWSID": "GA1030119", "PWS_Name": "HUNTINGTON STATION", "Primacy_Agency": "GA", "Population_Served_Count": 382, "Service_Connections_Count": 147, "Service_Area_Type": "Subdivision", "Verification_Status": "", "Area_SqKM": 0.46396113675456774}, "geometry": {"type": "Point", "coordinates": [-81.33393221728778, 32.19557930341455]}}, {"type": "Feature", "properties": {"PWSID": "GA0310173", "PWS_Name": "CEDARWOOD ACRES  MOBILE HOME PARK", "Primacy_Agency": "GA", "Population_Served_Count": 133, "Service_Connections_Count": 51, "Service_Area_Type": "Mobile Home Park - Principal Residence", "Verification_Status": "", "Area_SqKM": 0.12648457507297314}, "geometry": {"type": "Point", "coordinates": [-81.46669935764658, 32.431137096115975]}}, {"type": "Feature", "properties": {"PWSID": "GA1030081", "PWS_Name": "TUSCULUM LIVING WATER SYSTEM", "Primacy_Agency": "GA", "Population_Served_Count": 79, "Service_Connections_Count": 19, "Service_Area_Type": "Mobile Home Park - Principal Residence", "Verification_Status": "", "Area_SqKM": 0.38311349362983166}, "geometry": {"type": "Point", "coordinates": [-81.3245581269101, 32.37681693169171]}}, {"type": "Feature", "properties": {"PWSID": "GA1030095", "PWS_Name": "CONIFER CROSSING/PINE HILL", "Primacy_Agency": "GA", "Population_Served_Count": 759, "Service_Connections_Count": 292, "Service_Area_Type": "Subdivision", "Verification_Status": "", "Area_SqKM": 0.5045326296536794}, "geometry": {"type": "Point", "coordinates": [-81.3194825750316, 32.32057230581175]}}, {"type": "Feature", "properties": {"PWSID": "GA1270010", "PWS_Name": "DRUID OAKS MOBILE HOME PARK", "Primacy_Agency": "GA", "Population_Served_Count": 247, "Service_Connections_Count": 95, "Service_Area_Type": "Mobile Home Park - Principal Residence", "Verification_Status": "", "Area_SqKM": 1.4333988612882336}, "geometry": {"type": "Point", "coordinates": [-81.45247732437888, 31.228922585473633]}}, {"type": "Feature", "properties": {"PWSID": "GA1270014", "PWS_Name": "BRUNSWICK MOBILE HOME PARK", "Primacy_Agency": "GA", "Population_Served_Count": 104, "Service_Connections_Count": 44, "Service_Area_Type": "Mobile Home Park - Principal Residence", "Verification_Status": "", "Area_SqKM": 0.18412761457916663}, "geometry": {"type": "Point", "coordinates": [-81.50568833806162, 31.211801758655202]}}, {"type": "Feature", "properties": {"PWSID": "GA1270016", "PWS_Name": "SATILLA SHORES SUBDIVISION", "Primacy_Agency": "GA", "Population_Served_Count": 262, "Service_Connections_Count": 97, "Service_Area_Type": "Subdivision", "Verification_Status": "", "Area_SqKM": 0.1456188428001016}, "geometry": {"type": "Point", "coordinates": [-81.5542967285542, 31.12420244771673]}}, {"type": "Feature", "properties": {"PWSID": "GA1270017", "PWS_Name": "SHADY ACRES MOBILE HOME PARK", "Primacy_Agency": "GA", "Population_Served_Count": 484, "Service_Connections_Count": 186, "Service_Area_Type": "Mobile Home Park - Principal Residence", "Verification_Status": "", "Area_SqKM": 0.3107904259381867}, "geometry": {"type": "Point", "coordinates": [-81.55662695925676, 31.24980875090466]}}, {"type": "Feature", "properties": {"PWSID": "GA1270025", "PWS_Name": "SEA ISLAND COMPANY", "Primacy_Agency": "GA", "Population_Served_Count": 1859, "Service_Connections_Count": 715, "Service_Area_Type": "Subdivision", "Verification_Status": "", "Area_SqKM": 13.786900891146272}, "geometry": {"type": "Point", "coordinates": [-81.34209076523754, 31.20857797274253]}}, {"type": "Feature", "properties": {"PWSID": "GA2510002", "PWS_Name": "OLIVER", "Primacy_Agency": "GA", "Population_Served_Count": 283, "Service_Connections_Count": 110, "Service_Area_Type": "Municipality", "Verification_Status": "", "Area_SqKM": 1.458883870412192}, "geometry": {"type": "Point", "coordinates": [-81.53027439685303, 32.52203880534437]}}, {"type": "Feature", "properties": {"PWSID": "GA2510003", "PWS_Name": "SYLVANIA", "Primacy_Agency": "GA", "Population_Served_Count": 4910, "Service_Connections_Count": 1655, "Service_Area_Type": "Municipality", "Verification_Status": "", "Area_SqKM": 9.606518207407264}, "geometry": {"type": "Point", "coordinates": [-81.64337867503373, 32.75801939796789]}}, {"type": "Feature", "properties": {"PWSID": "GA2510013", "PWS_Name": "GREEN ACRES MOBILE HOME PARK", "Primacy_Agency": "GA", "Population_Served_Count": 44, "Service_Connections_Count": 16, "Service_Area_Type": "Mobile Home Park - Principal Residence", "Verification_Status": "", "Area_SqKM": 9.0095118199067}, "geometry": {"type": "Point", "coordinates": [-81.47421666366328, 32.637064699170764]}}, {"type": "Feature", "properties": {"PWSID": "GA0510024", "PWS_Name": "ESTILL HAMMOCK/SPANISH HAMMOCK", "Primacy_Agency": "GA", "Population_Served_Count": 374, "Service_Connections_Count": 144, "Service_Area_Type": "Subdivision", "Verification_Status": "", "Area_SqKM": 0.6799538905412696}, "geometry": {"type": "Point", "coordinates": [-80.8645969297911, 32.010934162794015]}}, {"type": "Feature", "properties": {"PWSID": "GA0510050", "PWS_Name": "SOUTHWINDS - WHITE OAKS", "Primacy_Agency": "GA", "Population_Served_Count": 572, "Service_Connections_Count": 220, "Service_Area_Type": "Subdivision", "Verification_Status": "", "Area_SqKM": 0.20319598215730397}, "geometry": {"type": "Point", "coordinates": [-80.95877583522052, 32.008395964637856]}}, {"type": "Feature", "properties": {"PWSID": "GA0510091", "PWS_Name": "COMMODORE POINT", "Primacy_Agency": "GA", "Population_Served_Count": 302, "Service_Connections_Count": 116, "Service_Area_Type": "Subdivision", "Verification_Status": "", "Area_SqKM": 0.27509361312744324}, "geometry": {"type": "Point", "coordinates": [-81.0093082529852, 32.02915190588471]}}, {"type": "Feature", "properties": {"PWSID": "GA0510054", "PWS_Name": "THE BLUFF SUBDIVISION (HOA)", "Primacy_Agency": "GA", "Population_Served_Count": 55, "Service_Connections_Count": 21, "Service_Area_Type": "Subdivision", "Verification_Status": "", "Area_SqKM": 0.025338586365163132}, "geometry": {"type": "Point", "coordinates": [-81.03251116252464, 32.06288351251054]}}, {"type": "Feature", "properties": {"PWSID": "GA0510094", "PWS_Name": "WHITEMARSH ESTATES", "Primacy_Agency": "GA", "Population_Served_Count": 390, "Service_Connections_Count": 150, "Service_Area_Type": "Subdivision", "Verification_Status": "", "Area_SqKM": 0.10836762744291156}, "geometry": {"type": "Point", "coordinates": [-80.99842203762874, 32.04250519996223]}}, {"type": "Feature", "properties": {"PWSID": "GA0510052", "PWS_Name": "TALAHI ISLAND COMMUNITY", "Primacy_Agency": "GA", "Population_Served_Count": 1139, "Service_Connections_Count": 434, "Service_Area_Type": "Subdivision", "Verification_Status": "", "Area_SqKM": 0.38166119027447043}, "geometry": {"type": "Point", "coordinates": [-80.96771623723734, 32.02874472938317]}}, {"type": "Feature", "properties": {"PWSID": "GA0510250", "PWS_Name": "SAVANNAH-WHITEMARSH ISLAND", "Primacy_Agency": "GA", "Population_Served_Count": 4247, "Service_Connections_Count": 1482, "Service_Area_Type": "Municipality", "Verification_Status": "", "Area_SqKM": 5.725024909780953}, "geometry": {"type": "Point", "coordinates": [-81.01548200332553, 32.03403413112659]}}, {"type": "Feature", "properties": {"PWSID": "GA0510011", "PWS_Name": "GOLDEN ISLES SUBDIVISION", "Primacy_Agency": "GA", "Population_Served_Count": 555, "Service_Connections_Count": 210, "Service_Area_Type": "Subdivision", "Verification_Status": "", "Area_SqKM": 0.14000552074374392}, "geometry": {"type": "Point", "coordinates": [-80.96888860005126, 32.02463432502447]}}, {"type": "Feature", "properties": {"PWSID": "GA0510046", "PWS_Name": "RIVER OAKS SUBDIVISION", "Primacy_Agency": "GA", "Population_Served_Count": 541, "Service_Connections_Count": 208, "Service_Area_Type": "Subdivision", "Verification_Status": "", "Area_SqKM": 0.02270731752688815}, "geometry": {"type": "Point", "coordinates": [-80.95902176682192, 32.02376640834361]}}, {"type": "Feature", "properties": {"PWSID": "GA1350010", "PWS_Name": "SUWANEE", "Primacy_Agency": "GA", "Population_Served_Count": 916, "Service_Connections_Count": 352, "Service_Area_Type": "Municipality", "Verification_Status": "", "Area_SqKM": 1.5814549508538829}, "geometry": {"type": "Point", "coordinates": [-84.0717551446509, 34.05123544521769]}}, {"type": "Feature", "properties": {"PWSID": "GA0150001", "PWS_Name": "BARTOW COUNTY", "Primacy_Agency": "GA", "Population_Served_Count": 60873, "Service_Connections_Count": 54581, "Service_Area_Type": "Residential Area", "Verification_Status": "", "Area_SqKM": 279.48811429442634}, "geometry": {"type": "Point", "coordinates": [-84.84497177159757, 34.22040130393836]}}, {"type": "Feature", "properties": {"PWSID": "GA1170050", "PWS_Name": "FORSYTH CO. WATER & SEWER", "Primacy_Agency": "GA", "Population_Served_Count": 161200, "Service_Connections_Count": 60914, "Service_Area_Type": "Residential Area", "Verification_Status": "", "Area_SqKM": 422.47243574742436}, "geometry": {"type": "Point", "coordinates": [-84.10994135270566, 34.24217637563378]}}, {"type": "Feature", "properties": {"PWSID": "GA1350004", "PWS_Name": "GWINNETT CO. DEPT. OF WATER RESOURCES", "Primacy_Agency": "GA", "Population_Served_Count": 975000, "Service_Connections_Count": 260400, "Service_Area_Type": "Municipality", "Verification_Status": "", "Area_SqKM": 985.0819728616538}, "geometry": {"type": "Point", "coordinates": [-84.04162930197165, 33.989027603487536]}}, {"type": "Feature", "properties": {"PWSID": "GA1390001", "PWS_Name": "GAINESVILLE", "Primacy_Agency": "GA", "Population_Served_Count": 140000, "Service_Connections_Count": 99330, "Service_Area_Type": "Municipality", "Verification_Status": "", "Area_SqKM": 414.0669903982646}, "geometry": {"type": "Point", "coordinates": [-83.83254054125295, 34.29990037528606]}}, {"type": "Feature", "properties": {"PWSID": "GA0630000", "PWS_Name": "CLAYTON COUNTY WATER AUTHORITY", "Primacy_Agency": "GA", "Population_Served_Count": 298374, "Service_Connections_Count": 87365, "Service_Area_Type": "Municipality", "Verification_Status": "", "Area_SqKM": 468.2046808276586}, "geometry": {"type": "Point", "coordinates": [-84.44591512417398, 33.61142661621093]}}, {"type": "Feature", "properties": {"PWSID": "GA0210001", "PWS_Name": "MACON WATER AUTHORITY", "Primacy_Agency": "GA", "Population_Served_Count": 130024, "Service_Connections_Count": 51665, "Service_Area_Type": "Municipality", "Verification_Status": "", "Area_SqKM": 381.7583484613494}, "geometry": {"type": "Point", "coordinates": [-83.67168226872802, 32.813167110781755]}}, {"type": "Feature", "properties": {"PWSID": "GA0370002", "PWS_Name": "LEARY", "Primacy_Agency": "GA", "Population_Served_Count": 597, "Service_Connections_Count": 227, "Service_Area_Type": "Municipality", "Verification_Status": "", "Area_SqKM": 2.3989177110623134}, "geometry": {"type": "Point", "coordinates": [-84.5133871221686, 31.484930536385498]}}, {"type": "Feature", "properties": {"PWSID": "GA0510003", "PWS_Name": "SAVANNAH-MAIN", "Primacy_Agency": "GA", "Population_Served_Count": 168958, "Service_Connections_Count": 73005, "Service_Area_Type": "Municipality", "Verification_Status": "", "Area_SqKM": 111.65375776949642}, "geometry": {"type": "Point", "coordinates": [-81.12818948416837, 32.04396326527163]}}, {"type": "Feature", "properties": {"PWSID": "GA0610000", "PWS_Name": "BLUFFTON", "Primacy_Agency": "GA", "Population_Served_Count": 149, "Service_Connections_Count": 67, "Service_Area_Type": "Municipality", "Verification_Status": "", "Area_SqKM": 1.5202395779489497}, "geometry": {"type": "Point", "coordinates": [-84.86525054156601, 31.52517393265562]}}, {"type": "Feature", "properties": {"PWSID": "GA0670005", "PWS_Name": "MARIETTA BOARD OF LIGHTS AND WATER", "Primacy_Agency": "GA", "Population_Served_Count": 60100, "Service_Connections_Count": 18100, "Service_Area_Type": "Municipality", "Verification_Status": "", "Area_SqKM": 62.188868780493976}, "geometry": {"type": "Point", "coordinates": [-84.52181685812545, 33.94035017707705]}}, {"type": "Feature", "properties": {"PWSID": "GA0690001", "PWS_Name": "BROXTON", "Primacy_Agency": "GA", "Population_Served_Count": 1353, "Service_Connections_Count": 526, "Service_Area_Type": "Municipality", "Verification_Status": "", "Area_SqKM": 5.2929350479689825}, "geometry": {"type": "Point", "coordinates": [-82.89157893769195, 31.62495464187859]}}, {"type": "Feature", "properties": {"PWSID": "GA0690003", "PWS_Name": "NICHOLLS", "Primacy_Agency": "GA", "Population_Served_Count": 3514, "Service_Connections_Count": 423, "Service_Area_Type": "Municipality", "Verification_Status": "", "Area_SqKM": 3.9071316253915005}, "geometry": {"type": "Point", "coordinates": [-82.63828406349886, 31.52001425421965]}}, {"type": "Feature", "properties": {"PWSID": "GA0710001", "PWS_Name": "DOERUN", "Primacy_Agency": "GA", "Population_Served_Count": 1094, "Service_Connections_Count": 423, "Service_Area_Type": "Municipality", "Verification_Status": "", "Area_SqKM": 3.0569061337651253}, "geometry": {"type": "Point", "coordinates": [-83.91542656577337, 31.31953342317557]}}, {"type": "Feature", "properties": {"PWSID": "GA0710003", "PWS_Name": "FUNSTON", "Primacy_Agency": "GA", "Population_Served_Count": 653, "Service_Connections_Count": 256, "Service_Area_Type": "Municipality", "Verification_Status": "", "Area_SqKM": 2.9499018105082166}, "geometry": {"type": "Point", "coordinates": [-83.87109231932139, 31.19720677699113]}}, {"type": "Feature", "properties": {"PWSID": "GA0710005", "PWS_Name": "NORMAN PARK", "Primacy_Agency": "GA", "Population_Served_Count": 1134, "Service_Connections_Count": 456, "Service_Area_Type": "Municipality", "Verification_Status": "", "Area_SqKM": 5.533371936992232}, "geometry": {"type": "Point", "coordinates": [-83.68983528918075, 31.268833605695992]}}, {"type": "Feature", "properties": {"PWSID": "GA0730000", "PWS_Name": "COLUMBIA COUNTY", "Primacy_Agency": "GA", "Population_Served_Count": 124763, "Service_Connections_Count": 53105, "Service_Area_Type": "Residential Area", "Verification_Status": "", "Area_SqKM": 277.95980029809743}, "geometry": {"type": "Point", "coordinates": [-82.2458716669343, 33.55142925437325]}}, {"type": "Feature", "properties": {"PWSID": "GA0770042", "PWS_Name": "COWETA WATER & SEWER AUTH.", "Primacy_Agency": "GA", "Population_Served_Count": 92907, "Service_Connections_Count": 58075, "Service_Area_Type": "Municipality", "Verification_Status": "", "Area_SqKM": 633.5222213823683}, "geometry": {"type": "Point", "coordinates": [-84.75613645881616, 33.356386044849344]}}, {"type": "Feature", "properties": {"PWSID": "GA0870000", "PWS_Name": "ATTAPULGUS", "Primacy_Agency": "GA", "Population_Served_Count": 750, "Service_Connections_Count": 291, "Service_Area_Type": "Municipality", "Verification_Status": "", "Area_SqKM": 3.241663384526808}, "geometry": {"type": "Point", "coordinates": [-84.4818176291846, 30.749727928319164]}}, {"type": "Feature", "properties": {"PWSID": "GA0870003", "PWS_Name": "CLIMAX", "Primacy_Agency": "GA", "Population_Served_Count": 383, "Service_Connections_Count": 170, "Service_Area_Type": "Municipality", "Verification_Status": "", "Area_SqKM": 2.433520298401644}, "geometry": {"type": "Point", "coordinates": [-84.42658185608786, 30.876752697223214]}}, {"type": "Feature", "properties": {"PWSID": "GA0890001", "PWS_Name": "DEKALB COUNTY", "Primacy_Agency": "GA", "Population_Served_Count": 743000, "Service_Connections_Count": 193679, "Service_Area_Type": "Municipality", "Verification_Status": "", "Area_SqKM": 731.6037423354431}, "geometry": {"type": "Point", "coordinates": [-84.22667721861328, 33.783384747218435]}}, {"type": "Feature", "properties": {"PWSID": "GA0910003", "PWS_Name": "RHINE", "Primacy_Agency": "GA", "Population_Served_Count": 340, "Service_Connections_Count": 132, "Service_Area_Type": "Municipality", "Verification_Status": "", "Area_SqKM": 3.416917527057124}, "geometry": {"type": "Point", "coordinates": [-83.19821051736174, 31.988059556802014]}}, {"type": "Feature", "properties": {"PWSID": "GA0970000", "PWS_Name": "DOUGLASVILLE-DOUGLAS COUNTY WSA", "Primacy_Agency": "GA", "Population_Served_Count": 110219, "Service_Connections_Count": 45913, "Service_Area_Type": "Municipality", "Verification_Status": "", "Area_SqKM": 321.00076658866544}, "geometry": {"type": "Point", "coordinates": [-84.77278584350296, 33.69546054185478]}}, {"type": "Feature", "properties": {"PWSID": "GA0990000", "PWS_Name": "BLAKELY", "Primacy_Agency": "GA", "Population_Served_Count": 5716, "Service_Connections_Count": 2516, "Service_Area_Type": "Municipality", "Verification_Status": "", "Area_SqKM": 17.11978836876039}, "geometry": {"type": "Point", "coordinates": [-84.93228842617864, 31.3704475411056]}}, {"type": "Feature", "properties": {"PWSID": "GA0990001", "PWS_Name": "DAMASCUS", "Primacy_Agency": "GA", "Population_Served_Count": 240, "Service_Connections_Count": 95, "Service_Area_Type": "Municipality", "Verification_Status": "", "Area_SqKM": 1.8139227586543762}, "geometry": {"type": "Point", "coordinates": [-84.71691858858213, 31.29924216974258]}}, {"type": "Feature", "properties": {"PWSID": "GA0990002", "PWS_Name": "JAKIN", "Primacy_Agency": "GA", "Population_Served_Count": 262, "Service_Connections_Count": 97, "Service_Area_Type": "Municipality", "Verification_Status": "", "Area_SqKM": 1.6807760176719142}, "geometry": {"type": "Point", "coordinates": [-84.98205704629447, 31.090367459194482]}}, {"type": "Feature", "properties": {"PWSID": "GA1170000", "PWS_Name": "CUMMING", "Primacy_Agency": "GA", "Population_Served_Count": 58661, "Service_Connections_Count": 20732, "Service_Area_Type": "Municipality", "Verification_Status": "", "Area_SqKM": 121.43206679741199}, "geometry": {"type": "Point", "coordinates": [-84.15015224005923, 34.21185591159375]}}, {"type": "Feature", "properties": {"PWSID": "GA1210005", "PWS_Name": "NORTH FULTON COUNTY", "Primacy_Agency": "GA", "Population_Served_Count": 434517, "Service_Connections_Count": 149451, "Service_Area_Type": "Municipality", "Verification_Status": "", "Area_SqKM": 309.82558529154846}, "geometry": {"type": "Point", "coordinates": [-84.28797976937125, 34.0799046986351]}}, {"type": "Feature", "properties": {"PWSID": "GA1210008", "PWS_Name": "PALMETTO", "Primacy_Agency": "GA", "Population_Served_Count": 4718, "Service_Connections_Count": 1669, "Service_Area_Type": "Municipality", "Verification_Status": "", "Area_SqKM": 8.219533424187869}, "geometry": {"type": "Point", "coordinates": [-84.67110119539325, 33.520566363086644]}}, {"type": "Feature", "properties": {"PWSID": "GA1310000", "PWS_Name": "CAIRO", "Primacy_Agency": "GA", "Population_Served_Count": 9637, "Service_Connections_Count": 4267, "Service_Area_Type": "Municipality", "Verification_Status": "", "Area_SqKM": 23.115387394743767}, "geometry": {"type": "Point", "coordinates": [-84.20575197561377, 30.882910796893004]}}, {"type": "Feature", "properties": {"PWSID": "GA1510001", "PWS_Name": "HENRY COUNTY WATER AUTHORITY", "Primacy_Agency": "GA", "Population_Served_Count": 176038, "Service_Connections_Count": 65199, "Service_Area_Type": "Municipality", "Verification_Status": "", "Area_SqKM": 442.04279426844545}, "geometry": {"type": "Point", "coordinates": [-84.14607821394127, 33.45527488084009]}}, {"type": "Feature", "properties": {"PWSID": "GA1530007", "PWS_Name": "WARNER ROBINS", "Primacy_Agency": "GA", "Population_Served_Count": 83705, "Service_Connections_Count": 27369, "Service_Area_Type": "Municipality", "Verification_Status": "", "Area_SqKM": 78.43544972805398}, "geometry": {"type": "Point", "coordinates": [-83.65305859708788, 32.58660599859311]}}, {"type": "Feature", "properties": {"PWSID": "GA1530021", "PWS_Name": "HOUSTON COUNTY-FEAGIN MILL", "Primacy_Agency": "GA", "Population_Served_Count": 92971, "Service_Connections_Count": 31185, "Service_Area_Type": "Residential Area", "Verification_Status": "", "Area_SqKM": 167.28061905010273}, "geometry": {"type": "Point", "coordinates": [-83.67284875626083, 32.49699475313066]}}, {"type": "Feature", "properties": {"PWSID": "GA1770000", "PWS_Name": "LEESBURG", "Primacy_Agency": "GA", "Population_Served_Count": 3372, "Service_Connections_Count": 1364, "Service_Area_Type": "Municipality", "Verification_Status": "", "Area_SqKM": 7.155800156644269}, "geometry": {"type": "Point", "coordinates": [-84.16398344826858, 31.731683583575844]}}, {"type": "Feature", "properties": {"PWSID": "GA1850002", "PWS_Name": "VALDOSTA", "Primacy_Agency": "GA", "Population_Served_Count": 48959, "Service_Connections_Count": 21830, "Service_Area_Type": "Municipality", "Verification_Status": "", "Area_SqKM": 84.33795043237389}, "geometry": {"type": "Point", "coordinates": [-83.27555433933412, 30.850238027572658]}}, {"type": "Feature", "properties": {"PWSID": "GA1930002", "PWS_Name": "MONTEZUMA", "Primacy_Agency": "GA", "Population_Served_Count": 4040, "Service_Connections_Count": 1466, "Service_Area_Type": "Municipality", "Verification_Status": "", "Area_SqKM": 9.31028757102989}, "geometry": {"type": "Point", "coordinates": [-84.01785654848157, 32.29767208157524]}}, {"type": "Feature", "properties": {"PWSID": "GA2010000", "PWS_Name": "COLQUITT", "Primacy_Agency": "GA", "Population_Served_Count": 1998, "Service_Connections_Count": 906, "Service_Area_Type": "Municipality", "Verification_Status": "", "Area_SqKM": 6.369279242690665}, "geometry": {"type": "Point", "coordinates": [-84.72075036675118, 31.182115066144476]}}, {"type": "Feature", "properties": {"PWSID": "GA2050000", "PWS_Name": "BACONTON", "Primacy_Agency": "GA", "Population_Served_Count": 1202, "Service_Connections_Count": 452, "Service_Area_Type": "Municipality", "Verification_Status": "", "Area_SqKM": 3.8922875412630717}, "geometry": {"type": "Point", "coordinates": [-84.16177099367651, 31.376185653064027]}}, {"type": "Feature", "properties": {"PWSID": "GA2050001", "PWS_Name": "CAMILLA", "Primacy_Agency": "GA", "Population_Served_Count": 6428, "Service_Connections_Count": 2769, "Service_Area_Type": "Municipality", "Verification_Status": "", "Area_SqKM": 15.002098726545059}, "geometry": {"type": "Point", "coordinates": [-84.20234239494964, 31.234425592829403]}}, {"type": "Feature", "properties": {"PWSID": "GA2050003", "PWS_Name": "PELHAM", "Primacy_Agency": "GA", "Population_Served_Count": 4007, "Service_Connections_Count": 1464, "Service_Area_Type": "Municipality", "Verification_Status": "", "Area_SqKM": 10.973545525493254}, "geometry": {"type": "Point", "coordinates": [-84.15140882829412, 31.12838144645248]}}, {"type": "Feature", "properties": {"PWSID": "GA2050004", "PWS_Name": "SALE CITY", "Primacy_Agency": "GA", "Population_Served_Count": 518, "Service_Connections_Count": 195, "Service_Area_Type": "Municipality", "Verification_Status": "", "Area_SqKM": 2.204681403795635}, "geometry": {"type": "Point", "coordinates": [-84.02075429229536, 31.26319822553546]}}, {"type": "Feature", "properties": {"PWSID": "GA2150000", "PWS_Name": "COLUMBUS", "Primacy_Agency": "GA", "Population_Served_Count": 229000, "Service_Connections_Count": 64078, "Service_Area_Type": "Municipality", "Verification_Status": "", "Area_SqKM": 378.9940680212812}, "geometry": {"type": "Point", "coordinates": [-84.89016199636406, 32.460240704907015]}}, {"type": "Feature", "properties": {"PWSID": "GA2170001", "PWS_Name": "COVINGTON", "Primacy_Agency": "GA", "Population_Served_Count": 14391, "Service_Connections_Count": 9224, "Service_Area_Type": "Municipality", "Verification_Status": "", "Area_SqKM": 54.6556147978768}, "geometry": {"type": "Point", "coordinates": [-83.83925625264243, 33.597511342493455]}}, {"type": "Feature", "properties": {"PWSID": "GA2170020", "PWS_Name": "OXFORD", "Primacy_Agency": "GA", "Population_Served_Count": 2132, "Service_Connections_Count": 931, "Service_Area_Type": "Municipality", "Verification_Status": "", "Area_SqKM": 6.025891943835544}, "geometry": {"type": "Point", "coordinates": [-83.87500766409354, 33.62459747222479]}}, {"type": "Feature", "properties": {"PWSID": "GA2230002", "PWS_Name": "PAULDING COUNTY WATER SYSTEM", "Primacy_Agency": "GA", "Population_Served_Count": 117468, "Service_Connections_Count": 45493, "Service_Area_Type": "Municipality", "Verification_Status": "", "Area_SqKM": 342.8550441725481}, "geometry": {"type": "Point", "coordinates": [-84.86205907632902, 33.90702049587004]}}, {"type": "Feature", "properties": {"PWSID": "GA2290000", "PWS_Name": "BLACKSHEAR", "Primacy_Agency": "GA", "Population_Served_Count": 4455, "Service_Connections_Count": 1860, "Service_Area_Type": "Municipality", "Verification_Status": "", "Area_SqKM": 12.433158807600709}, "geometry": {"type": "Point", "coordinates": [-82.24172279125456, 31.301698969219395]}}, {"type": "Feature", "properties": {"PWSID": "GA2390000", "PWS_Name": "GEORGETOWN", "Primacy_Agency": "GA", "Population_Served_Count": 999, "Service_Connections_Count": 395, "Service_Area_Type": "Municipality", "Verification_Status": "", "Area_SqKM": 18.82690889641416}, "geometry": {"type": "Point", "coordinates": [-85.0444612900412, 31.85850210408119]}}, {"type": "Feature", "properties": {"PWSID": "GA2490000", "PWS_Name": "ELLAVILLE", "Primacy_Agency": "GA", "Population_Served_Count": 3295, "Service_Connections_Count": 851, "Service_Area_Type": "Municipality", "Verification_Status": "", "Area_SqKM": 8.115697586864052}, "geometry": {"type": "Point", "coordinates": [-84.30280163650073, 32.233658115110316]}}, {"type": "Feature", "properties": {"PWSID": "GA2530000", "PWS_Name": "DONALSONVILLE", "Primacy_Agency": "GA", "Population_Served_Count": 2963, "Service_Connections_Count": 1503, "Service_Area_Type": "Municipality", "Verification_Status": "", "Area_SqKM": 8.38051488498788}, "geometry": {"type": "Point", "coordinates": [-84.88227580683382, 31.041463658169977]}}, {"type": "Feature", "properties": {"PWSID": "GA2530001", "PWS_Name": "IRON CITY", "Primacy_Agency": "GA", "Population_Served_Count": 359, "Service_Connections_Count": 137, "Service_Area_Type": "Municipality", "Verification_Status": "", "Area_SqKM": 1.6100018793886788}, "geometry": {"type": "Point", "coordinates": [-84.81254974210388, 31.014707500720927]}}, {"type": "Feature", "properties": {"PWSID": "GA2550036", "PWS_Name": "SPALDING COUNTY WATER SYSTEM", "Primacy_Agency": "GA", "Population_Served_Count": 40430, "Service_Connections_Count": 12383, "Service_Area_Type": "Municipality", "Verification_Status": "", "Area_SqKM": 214.6501478716055}, "geometry": {"type": "Point", "coordinates": [-84.27830372925936, 33.25934115663759]}}, {"type": "Feature", "properties": {"PWSID": "GA2750000", "PWS_Name": "BOSTON", "Primacy_Agency": "GA", "Population_Served_Count": 1315, "Service_Connections_Count": 538, "Service_Area_Type": "Municipality", "Verification_Status": "", "Area_SqKM": 4.449563390924171}, "geometry": {"type": "Point", "coordinates": [-83.79301520634009, 30.791651799679435]}}, {"type": "Feature", "properties": {"PWSID": "GA2750001", "PWS_Name": "COOLIDGE", "Primacy_Agency": "GA", "Population_Served_Count": 667, "Service_Connections_Count": 269, "Service_Area_Type": "Municipality", "Verification_Status": "", "Area_SqKM": 2.367047058000541}, "geometry": {"type": "Point", "coordinates": [-83.86790581774638, 31.00715830462901]}}, {"type": "Feature", "properties": {"PWSID": "GA2750002", "PWS_Name": "MEIGS", "Primacy_Agency": "GA", "Population_Served_Count": 1096, "Service_Connections_Count": 407, "Service_Area_Type": "Municipality", "Verification_Status": "", "Area_SqKM": 4.039476139047815}, "geometry": {"type": "Point", "coordinates": [-84.08913450808821, 31.06822778331266]}}, {"type": "Feature", "properties": {"PWSID": "GA2750004", "PWS_Name": "PAVO", "Primacy_Agency": "GA", "Population_Served_Count": 815, "Service_Connections_Count": 315, "Service_Area_Type": "Municipality", "Verification_Status": "", "Area_SqKM": 2.706592306561478}, "geometry": {"type": "Point", "coordinates": [-83.7383667872579, 30.960850953116328]}}, {"type": "Feature", "properties": {"PWSID": "GA2870000", "PWS_Name": "ASHBURN", "Primacy_Agency": "GA", "Population_Served_Count": 5176, "Service_Connections_Count": 2187, "Service_Area_Type": "Municipality", "Verification_Status": "", "Area_SqKM": 12.358303157336332}, "geometry": {"type": "Point", "coordinates": [-83.64934791867279, 31.701458923845617]}}, {"type": "Feature", "properties": {"PWSID": "GA2870001", "PWS_Name": "REBECCA", "Primacy_Agency": "GA", "Population_Served_Count": 248, "Service_Connections_Count": 106, "Service_Area_Type": "Municipality", "Verification_Status": "", "Area_SqKM": 2.0617722193720764}, "geometry": {"type": "Point", "coordinates": [-83.48858674591011, 31.80427541644709]}}]}