{"type": "FeatureCollection", "features": [{"type": "Feature", "properties": {"PWSID": "MT0000276", "PWS_Name": "LIMA  TOWN OF", "Primacy_Agency": "MT", "Population_Served_Count": 279, "Service_Connections_Count": 205, "Service_Area_Type": "Residential Area", "Verification_Status": "", "Area_SqKM": 1.138082333380768}, "geometry": {"type": "Point", "coordinates": [-112.59143323805591, 44.638672269012524]}}, {"type": "Feature", "properties": {"PWSID": "MT0000195", "PWS_Name": "DARBY  TOWN OF", "Primacy_Agency": "MT", "Population_Served_Count": 850, "Service_Connections_Count": 473, "Service_Area_Type": "Residential Area", "Verification_Status": "", "Area_SqKM": 1.2547955003611537}, "geometry": {"type": "Point", "coordinates": [-114.17811999613691, 46.02046025064909]}}, {"type": "Feature", "properties": {"PWSID": "MT0000201", "PWS_Name": "DILLON  CITY OF", "Primacy_Agency": "MT", "Population_Served_Count": 4300, "Service_Connections_Count": 1802, "Service_Area_Type": "Residential Area", "Verification_Status": "", "Area_SqKM": 3.9918315442157626}, "geometry": {"type": "Point", "coordinates": [-112.63383455684993, 45.218625921561994]}}, {"type": "Feature", "properties": {"PWSID": "MT0001079", "PWS_Name": "HAMILTON MOBILE VILLAGE", "Primacy_Agency": "MT", "Population_Served_Count": 53, "Service_Connections_Count": 21, "Service_Area_Type": "Mobile Home Park", "Verification_Status": "", "Area_SqKM": 0.14027555976940284}, "geometry": {"type": "Point", "coordinates": [-114.1543404870872, 46.233965657971154]}}, {"type": "Feature", "properties": {"PWSID": "MT0001080", "PWS_Name": "HONEY LANE COMMUNITY", "Primacy_Agency": "MT", "Population_Served_Count": 50, "Service_Connections_Count": 32, "Service_Area_Type": "Mobile Home Park", "Verification_Status": "", "Area_SqKM": 0.05282547878842553}, "geometry": {"type": "Point", "coordinates": [-114.15211969265584, 46.24376002979181]}}, {"type": "Feature", "properties": {"PWSID": "MT0001083", "PWS_Name": "BLUEBIRD MB HM PARK  HAMILTON", "Primacy_Agency": "MT", "Population_Served_Count": 75, "Service_Connections_Count": 30, "Service_Area_Type": "Mobile Home Park", "Verification_Status": "", "Area_SqKM": 0.05330395374299844}, "geometry": {"type": "Point", "coordinates": [-114.15206691814228, 46.238196218373474]}}, {"type": "Feature", "properties": {"PWSID": "MT0002485", "PWS_Name": "KELLER SUBDIVISION NO 2 HOA", "Primacy_Agency": "MT", "Population_Served_Count": 300, "Service_Connections_Count": 48, "Service_Area_Type": "Subdivision", "Verification_Status": "", "Area_SqKM": 2.792622351324009}, "geometry": {"type": "Point", "coordinates": [-112.63014692501271, 45.25391232001529]}}, {"type": "Feature", "properties": {"PWSID": "MT0002486", "PWS_Name": "HILDRETH SUBDIVISION NO 2", "Primacy_Agency": "MT", "Population_Served_Count": 300, "Service_Connections_Count": 54, "Service_Area_Type": "Homeowners Association", "Verification_Status": "", "Area_SqKM": 0.07384188083084305}, "geometry": {"type": "Point", "coordinates": [-112.61595546827475, 45.25697207100702]}}, {"type": "Feature", "properties": {"PWSID": "MT0002515", "PWS_Name": "SKYLINE TR CT AND RV PARK", "Primacy_Agency": "MT", "Population_Served_Count": 75, "Service_Connections_Count": 51, "Service_Area_Type": "Mobile Home Park", "Verification_Status": "", "Area_SqKM": 0.18967144863024038}, "geometry": {"type": "Point", "coordinates": [-112.65375950906459, 45.25955615757991]}}, {"type": "Feature", "properties": {"PWSID": "MT0003003", "PWS_Name": "ANTIGONE ACRES HOA", "Primacy_Agency": "MT", "Population_Served_Count": 85, "Service_Connections_Count": 36, "Service_Area_Type": "Residential Area", "Verification_Status": "", "Area_SqKM": 5.9663606553838315}, "geometry": {"type": "Point", "coordinates": [-114.1110473202189, 46.212652272462776]}}, {"type": "Feature", "properties": {"PWSID": "MT0004249", "PWS_Name": "CLARKS LOOKOUT", "Primacy_Agency": "MT", "Population_Served_Count": 62, "Service_Connections_Count": 43, "Service_Area_Type": "Subdivision", "Verification_Status": "", "Area_SqKM": 0.09161259487499421}, "geometry": {"type": "Point", "coordinates": [-112.64460113693261, 45.23727612633862]}}, {"type": "Feature", "properties": {"PWSID": "MT0004517", "PWS_Name": "DALY ESTATES SUBDIVISION", "Primacy_Agency": "MT", "Population_Served_Count": 123, "Service_Connections_Count": 53, "Service_Area_Type": "Subdivision", "Verification_Status": "", "Area_SqKM": 0.08224492780400126}, "geometry": {"type": "Point", "coordinates": [-114.13161592218506, 46.239416555528955]}}, {"type": "Feature", "properties": {"PWSID": "MT0004533", "PWS_Name": "WILD FLOWER  HOA, THE", "Primacy_Agency": "MT", "Population_Served_Count": 120, "Service_Connections_Count": 48, "Service_Area_Type": "Other Residential", "Verification_Status": "", "Area_SqKM": 0.03558416172970393}, "geometry": {"type": "Point", "coordinates": [-114.14760785023401, 46.21705815000135]}}, {"type": "Feature", "properties": {"PWSID": "MT0000634", "PWS_Name": "WESTANA MOBILE MANOR  HAMILTON", "Primacy_Agency": "MT", "Population_Served_Count": 90, "Service_Connections_Count": 40, "Service_Area_Type": "Mobile Home Park", "Verification_Status": "", "Area_SqKM": 0.04057488927181462}, "geometry": {"type": "Point", "coordinates": [-114.14714741656451, 46.22109563325356]}}, {"type": "Feature", "properties": {"PWSID": "MT0000504", "PWS_Name": "BIG SKY TRAILER CT  HAMILTON", "Primacy_Agency": "MT", "Population_Served_Count": 70, "Service_Connections_Count": 32, "Service_Area_Type": "Mobile Home Park", "Verification_Status": "", "Area_SqKM": 0.024160155787414695}, "geometry": {"type": "Point", "coordinates": [-114.14575893719226, 46.208685899913824]}}, {"type": "Feature", "properties": {"PWSID": "MT0003284", "PWS_Name": "SAWTOOTH VILLA", "Primacy_Agency": "MT", "Population_Served_Count": 70, "Service_Connections_Count": 25, "Service_Area_Type": "Residential Area", "Verification_Status": "", "Area_SqKM": 0.02271316435995725}, "geometry": {"type": "Point", "coordinates": [-114.1490669004016, 46.20143036013458]}}, {"type": "Feature", "properties": {"PWSID": "MT0002171", "PWS_Name": "WESTERN MOBILE VILLAGE  DILLON", "Primacy_Agency": "MT", "Population_Served_Count": 75, "Service_Connections_Count": 31, "Service_Area_Type": "Mobile Home Park", "Verification_Status": "", "Area_SqKM": 0.02141717655463067}, "geometry": {"type": "Point", "coordinates": [-112.63123704273985, 45.239004542850026]}}, {"type": "Feature", "properties": {"PWSID": "MT0062207", "PWS_Name": "TRAPPER CREEK JOB CORPS", "Primacy_Agency": "MT", "Population_Served_Count": 275, "Service_Connections_Count": 24, "Service_Area_Type": "Other Non-transient Area", "Verification_Status": "", "Area_SqKM": 0.009559361826597421}, "geometry": {"type": "Point", "coordinates": [-114.28212069003389, 45.72792128015214]}}, {"type": "Feature", "properties": {"PWSID": "MT0000016", "PWS_Name": "ANACONDA WATER DEPARTMENT", "Primacy_Agency": "MT", "Population_Served_Count": 6750, "Service_Connections_Count": 2866, "Service_Area_Type": "Residential Area", "Verification_Status": "", "Area_SqKM": 7.651804322198594}, "geometry": {"type": "Point", "coordinates": [-112.94324501074928, 46.13148273998328]}}, {"type": "Feature", "properties": {"PWSID": "MT0000158", "PWS_Name": "BOULDER  CITY OF", "Primacy_Agency": "MT", "Population_Served_Count": 1400, "Service_Connections_Count": 559, "Service_Area_Type": "Residential Area", "Verification_Status": "", "Area_SqKM": 2.8014081598025684}, "geometry": {"type": "Point", "coordinates": [-112.11789266983654, 46.23559377083811]}}, {"type": "Feature", "properties": {"PWSID": "MT0000329", "PWS_Name": "SHERIDAN  TOWN OF", "Primacy_Agency": "MT", "Population_Served_Count": 632, "Service_Connections_Count": 413, "Service_Area_Type": "Residential Area", "Verification_Status": "", "Area_SqKM": 1.1472841589805218}, "geometry": {"type": "Point", "coordinates": [-112.19223489623727, 45.45663082276998]}}, {"type": "Feature", "properties": {"PWSID": "MT0000349", "PWS_Name": "TWIN BRIDGES  TOWN OF", "Primacy_Agency": "MT", "Population_Served_Count": 424, "Service_Connections_Count": 270, "Service_Area_Type": "Residential Area", "Verification_Status": "", "Area_SqKM": 1.3366667982897045}, "geometry": {"type": "Point", "coordinates": [-112.33194321863645, 45.54290061333907]}}, {"type": "Feature", "properties": {"PWSID": "MT0000359", "PWS_Name": "WHITEHALL  TOWN OF", "Primacy_Agency": "MT", "Population_Served_Count": 1500, "Service_Connections_Count": 558, "Service_Area_Type": "Residential Area", "Verification_Status": "", "Area_SqKM": 1.935892731302326}, "geometry": {"type": "Point", "coordinates": [-112.10153283759104, 45.87146744720197]}}, {"type": "Feature", "properties": {"PWSID": "MT0000578", "PWS_Name": "RAMSAY WATER AND SEWER DISTRICT", "Primacy_Agency": "MT", "Population_Served_Count": 97, "Service_Connections_Count": 35, "Service_Area_Type": "Homeowners Association", "Verification_Status": "", "Area_SqKM": 0.20036555859205643}, "geometry": {"type": "Point", "coordinates": [-112.68701300515382, 46.00657810259269]}}, {"type": "Feature", "properties": {"PWSID": "MT0000589", "PWS_Name": "FAIRMONT HOT SPRINGS RESORT", "Primacy_Agency": "MT", "Population_Served_Count": 1965, "Service_Connections_Count": 86, "Service_Area_Type": "Hotel/Motel", "Verification_Status": "", "Area_SqKM": 0.3169470121619612}, "geometry": {"type": "Point", "coordinates": [-112.81313475595958, 46.04151828026828]}}, {"type": "Feature", "properties": {"PWSID": "MT0004805", "PWS_Name": "MONTANA STATE HOSPITAL COMPLEX", "Primacy_Agency": "MT", "Population_Served_Count": 721, "Service_Connections_Count": 37, "Service_Area_Type": "Institution", "Verification_Status": "", "Area_SqKM": 0.44380144908329755}, "geometry": {"type": "Point", "coordinates": [-112.78084468158049, 46.204791394711584]}}, {"type": "Feature", "properties": {"PWSID": "MT0062254", "PWS_Name": "ANACONDA CCC", "Primacy_Agency": "MT", "Population_Served_Count": 290, "Service_Connections_Count": 25, "Service_Area_Type": "Institution", "Verification_Status": "", "Area_SqKM": 0.34235442621189593}, "geometry": {"type": "Point", "coordinates": [-113.2810623074471, 46.19967862967936]}}, {"type": "Feature", "properties": {"PWSID": "MT0000649", "PWS_Name": "HUNTERS TRAILER CT  ANACONDA", "Primacy_Agency": "MT", "Population_Served_Count": 38, "Service_Connections_Count": 17, "Service_Area_Type": "Mobile Home Park", "Verification_Status": "", "Area_SqKM": 0.022920191650491625}, "geometry": {"type": "Point", "coordinates": [-112.99689701697832, 46.144397600229716]}}, {"type": "Feature", "properties": {"PWSID": "MT0000506", "PWS_Name": "WHITE BIRD COMMUNITY  THE", "Primacy_Agency": "MT", "Population_Served_Count": 82, "Service_Connections_Count": 33, "Service_Area_Type": "Mobile Home Park", "Verification_Status": "", "Area_SqKM": 0.3917305689561228}, "geometry": {"type": "Point", "coordinates": [-114.15139583516303, 46.417252046930365]}}, {"type": "Feature", "properties": {"PWSID": "MT0002131", "PWS_Name": "PONDEROSA MOBILE HOME PARK", "Primacy_Agency": "MT", "Population_Served_Count": 60, "Service_Connections_Count": 30, "Service_Area_Type": "Mobile Home Park", "Verification_Status": "", "Area_SqKM": 0.020954260150277165}, "geometry": {"type": "Point", "coordinates": [-114.04836031738535, 46.298793530440406]}}, {"type": "Feature", "properties": {"PWSID": "MT0002926", "PWS_Name": "PINESDALE  TOWN OF", "Primacy_Agency": "MT", "Population_Served_Count": 800, "Service_Connections_Count": 135, "Service_Area_Type": "Residential Area", "Verification_Status": "", "Area_SqKM": 1.038093392259722}, "geometry": {"type": "Point", "coordinates": [-114.22040908901914, 46.327191366979186]}}, {"type": "Feature", "properties": {"PWSID": "MT0000234", "PWS_Name": "HAMILTON  CITY OF", "Primacy_Agency": "MT", "Population_Served_Count": 5585, "Service_Connections_Count": 2425, "Service_Area_Type": "Residential Area", "Verification_Status": "", "Area_SqKM": 5.159611376095712}, "geometry": {"type": "Point", "coordinates": [-114.16146019400365, 46.25109882560358]}}, {"type": "Feature", "properties": {"PWSID": "MT0004438", "PWS_Name": "CENTENNIAL HOMEOWNER'S ASSOCIATION, INC", "Primacy_Agency": "MT", "Population_Served_Count": 115, "Service_Connections_Count": 46, "Service_Area_Type": "Subdivision", "Verification_Status": "", "Area_SqKM": 0.35435300172929635}, "geometry": {"type": "Point", "coordinates": [-114.11191150510095, 46.31297215947952]}}, {"type": "Feature", "properties": {"PWSID": "MT0000197", "PWS_Name": "DEER LODGE  CITY OF", "Primacy_Agency": "MT", "Population_Served_Count": 2900, "Service_Connections_Count": 1450, "Service_Area_Type": "Residential Area", "Verification_Status": "", "Area_SqKM": 5.1751842778342}, "geometry": {"type": "Point", "coordinates": [-112.7324016510654, 46.39874809631767]}}, {"type": "Feature", "properties": {"PWSID": "MT0000304", "PWS_Name": "PHILIPSBURG  TOWN OF", "Primacy_Agency": "MT", "Population_Served_Count": 1360, "Service_Connections_Count": 544, "Service_Area_Type": "Residential Area", "Verification_Status": "", "Area_SqKM": 2.2702610259563283}, "geometry": {"type": "Point", "coordinates": [-113.29637927339577, 46.32958835595532]}}, {"type": "Feature", "properties": {"PWSID": "MT0002799", "PWS_Name": "CORVALLIS MOBILE VILLAGE", "Primacy_Agency": "MT", "Population_Served_Count": 138, "Service_Connections_Count": 55, "Service_Area_Type": "Mobile Home Park", "Verification_Status": "", "Area_SqKM": 0.0130652040427984}, "geometry": {"type": "Point", "coordinates": [-114.10807463342147, 46.315564666609724]}}, {"type": "Feature", "properties": {"PWSID": "MT0000353", "PWS_Name": "VIRGINIA CITY WATER DEPT", "Primacy_Agency": "MT", "Population_Served_Count": 1500, "Service_Connections_Count": 232, "Service_Area_Type": "Residential Area", "Verification_Status": "", "Area_SqKM": 1.3336604722465755}, "geometry": {"type": "Point", "coordinates": [-111.93595785007851, 45.29606540222401]}}, {"type": "Feature", "properties": {"PWSID": "MT0000058", "PWS_Name": "ROCKY MOUNTAIN WUA", "Primacy_Agency": "MT", "Population_Served_Count": 30, "Service_Connections_Count": 15, "Service_Area_Type": "Homeowners Association", "Verification_Status": "", "Area_SqKM": 0.012963381801095948}, "geometry": {"type": "Point", "coordinates": [-112.02633488521836, 46.39074493327657]}}, {"type": "Feature", "properties": {"PWSID": "MT0000530", "PWS_Name": "CREEKSIDE MOTEL  RV AND TRLR PK", "Primacy_Agency": "MT", "Population_Served_Count": 35, "Service_Connections_Count": 22, "Service_Area_Type": "Mobile Home Park", "Verification_Status": "", "Area_SqKM": 0.30290887242222014}, "geometry": {"type": "Point", "coordinates": [-115.0599369875481, 48.899956162522635]}}, {"type": "Feature", "properties": {"PWSID": "MT0000517", "PWS_Name": "EL MAR ESTATES MSLA CO WATER", "Primacy_Agency": "MT", "Population_Served_Count": 1350, "Service_Connections_Count": 498, "Service_Area_Type": "Subdivision", "Verification_Status": "", "Area_SqKM": 6.9118040061146315}, "geometry": {"type": "Point", "coordinates": [-114.1300154302541, 46.88069081011246]}}, {"type": "Feature", "properties": {"PWSID": "MT0000454", "PWS_Name": "HOLLYWOOD HEIGHTS TRAILER PARK LLC", "Primacy_Agency": "MT", "Population_Served_Count": 220, "Service_Connections_Count": 88, "Service_Area_Type": "Mobile Home Park", "Verification_Status": "", "Area_SqKM": 0.028290519800770228}, "geometry": {"type": "Point", "coordinates": [-114.0171655335155, 46.88533440010286]}}, {"type": "Feature", "properties": {"PWSID": "MT0000450", "PWS_Name": "BIG PINES TRAILER COURT", "Primacy_Agency": "MT", "Population_Served_Count": 78, "Service_Connections_Count": 27, "Service_Area_Type": "Mobile Home Park", "Verification_Status": "", "Area_SqKM": 0.008410924335440537}, "geometry": {"type": "Point", "coordinates": [-113.90041148557962, 46.88128440466949]}}, {"type": "Feature", "properties": {"PWSID": "MT0000443", "PWS_Name": "BITTERROOT GATEWAY MB PK  LOLO", "Primacy_Agency": "MT", "Population_Served_Count": 130, "Service_Connections_Count": 53, "Service_Area_Type": "Residential Area", "Verification_Status": "", "Area_SqKM": 0.03047516162424349}, "geometry": {"type": "Point", "coordinates": [-114.0827639554607, 46.75849208886671]}}, {"type": "Feature", "properties": {"PWSID": "MT0000437", "PWS_Name": "WESTVIEW MOBILE HOME PARK", "Primacy_Agency": "MT", "Population_Served_Count": 947, "Service_Connections_Count": 383, "Service_Area_Type": "Mobile Home Park", "Verification_Status": "", "Area_SqKM": 0.7896651294966783}, "geometry": {"type": "Point", "coordinates": [-114.04844354781976, 46.90970170439633]}}, {"type": "Feature", "properties": {"PWSID": "MT0000405", "PWS_Name": "GLESSNER TRAILER COURT", "Primacy_Agency": "MT", "Population_Served_Count": 67, "Service_Connections_Count": 25, "Service_Area_Type": "Mobile Home Park", "Verification_Status": "", "Area_SqKM": 0.046516550811631405}, "geometry": {"type": "Point", "coordinates": [-114.22023291924563, 47.01690151908237]}}, {"type": "Feature", "properties": {"PWSID": "MT0000404", "PWS_Name": "FRENCHTOWN VALLEY VIEW TR CT", "Primacy_Agency": "MT", "Population_Served_Count": 50, "Service_Connections_Count": 23, "Service_Area_Type": "Mobile Home Park", "Verification_Status": "", "Area_SqKM": 0.19086766101871258}, "geometry": {"type": "Point", "coordinates": [-114.22715623822103, 47.011256597540765]}}, {"type": "Feature", "properties": {"PWSID": "MT0000392", "PWS_Name": "LION MOUNTAIN HOMEOWNERS ASSOC", "Primacy_Agency": "MT", "Population_Served_Count": 204, "Service_Connections_Count": 85, "Service_Area_Type": "Subdivision", "Verification_Status": "", "Area_SqKM": 2.636786499405109}, "geometry": {"type": "Point", "coordinates": [-114.38502794969787, 48.420644414949386]}}, {"type": "Feature", "properties": {"PWSID": "MT0000381", "PWS_Name": "BLUE MOUNTAIN TRAILER CT", "Primacy_Agency": "MT", "Population_Served_Count": 75, "Service_Connections_Count": 29, "Service_Area_Type": "Mobile Home Park", "Verification_Status": "", "Area_SqKM": 0.0124152860529959}, "geometry": {"type": "Point", "coordinates": [-114.0925605332907, 46.813540799890866]}}, {"type": "Feature", "properties": {"PWSID": "MT0000378", "PWS_Name": "BUENA VISTA COMMUNITY, INC", "Primacy_Agency": "MT", "Population_Served_Count": 90, "Service_Connections_Count": 36, "Service_Area_Type": "Residential Area", "Verification_Status": "", "Area_SqKM": 0.1893617528046849}, "geometry": {"type": "Point", "coordinates": [-114.10255938421912, 46.93356761055422]}}, {"type": "Feature", "properties": {"PWSID": "MT0000376", "PWS_Name": "COUNTRYSIDE COURT  MISSOULA", "Primacy_Agency": "MT", "Population_Served_Count": 37, "Service_Connections_Count": 16, "Service_Area_Type": "Residential Area", "Verification_Status": "", "Area_SqKM": 0.01885318055007603}, "geometry": {"type": "Point", "coordinates": [-114.07327636005175, 46.88800287999368]}}, {"type": "Feature", "properties": {"PWSID": "MT0000373", "PWS_Name": "GREENFIELD MOBILE HOME PARK", "Primacy_Agency": "MT", "Population_Served_Count": 620, "Service_Connections_Count": 46, "Service_Area_Type": "Mobile Home Park", "Verification_Status": "", "Area_SqKM": 0.014886778023202568}, "geometry": {"type": "Point", "coordinates": [-114.08420228314651, 46.88392389997105]}}, {"type": "Feature", "properties": {"PWSID": "MT0000367", "PWS_Name": "TARGET RANGE TRAILER COURT LLC", "Primacy_Agency": "MT", "Population_Served_Count": 200, "Service_Connections_Count": 78, "Service_Area_Type": "Mobile Home Park", "Verification_Status": "", "Area_SqKM": 0.024779639253471285}, "geometry": {"type": "Point", "coordinates": [-114.08010364864957, 46.84962838722827]}}, {"type": "Feature", "properties": {"PWSID": "MT0000348", "PWS_Name": "TROY  CITY OF", "Primacy_Agency": "MT", "Population_Served_Count": 2100, "Service_Connections_Count": 526, "Service_Area_Type": "Residential Area", "Verification_Status": "", "Area_SqKM": 2.6059944138317723}, "geometry": {"type": "Point", "coordinates": [-115.87099938523004, 48.444248741302516]}}, {"type": "Feature", "properties": {"PWSID": "MT0002128", "PWS_Name": "BITTERROOT PINES TRCT FLORENCE", "Primacy_Agency": "MT", "Population_Served_Count": 45, "Service_Connections_Count": 18, "Service_Area_Type": "Mobile Home Park", "Verification_Status": "", "Area_SqKM": 1.1141100302656912}, "geometry": {"type": "Point", "coordinates": [-114.08233495000457, 46.63111274380622]}}, {"type": "Feature", "properties": {"PWSID": "MT0002393", "PWS_Name": "GOODAN KEIL CO WATER DIST", "Primacy_Agency": "MT", "Population_Served_Count": 207, "Service_Connections_Count": 83, "Service_Area_Type": "Homeowners Association", "Verification_Status": "", "Area_SqKM": 0.383087741211337}, "geometry": {"type": "Point", "coordinates": [-114.08042310381666, 46.9305824192741]}}, {"type": "Feature", "properties": {"PWSID": "MT0000347", "PWS_Name": "WATER SERVICE INC  TROUT CREEK", "Primacy_Agency": "MT", "Population_Served_Count": 350, "Service_Connections_Count": 103, "Service_Area_Type": "Residential Area", "Verification_Status": "", "Area_SqKM": 1.6228414148867893}, "geometry": {"type": "Point", "coordinates": [-115.5916233192722, 47.83488583118815]}}, {"type": "Feature", "properties": {"PWSID": "MT0000335", "PWS_Name": "STEVENSVILLE  TOWN OF", "Primacy_Agency": "MT", "Population_Served_Count": 2090, "Service_Connections_Count": 903, "Service_Area_Type": "Municipality", "Verification_Status": "", "Area_SqKM": 2.543038731079527}, "geometry": {"type": "Point", "coordinates": [-114.08811897000268, 46.50652944669349]}}, {"type": "Feature", "properties": {"PWSID": "MT0000320", "PWS_Name": "ROUND BUTTE WATER COMPANY", "Primacy_Agency": "MT", "Population_Served_Count": 400, "Service_Connections_Count": 160, "Service_Area_Type": "Residential Area", "Verification_Status": "", "Area_SqKM": 15.550882015023499}, "geometry": {"type": "Point", "coordinates": [-114.20005214690285, 47.527857803430265]}}, {"type": "Feature", "properties": {"PWSID": "MT0000318", "PWS_Name": "RONAN  CITY OF", "Primacy_Agency": "MT", "Population_Served_Count": 2483, "Service_Connections_Count": 993, "Service_Area_Type": "Residential Area", "Verification_Status": "", "Area_SqKM": 2.6232806301969194}, "geometry": {"type": "Point", "coordinates": [-114.0995091753946, 47.52701011865539]}}, {"type": "Feature", "properties": {"PWSID": "MT0000315", "PWS_Name": "REXFORD  TOWN OF", "Primacy_Agency": "MT", "Population_Served_Count": 160, "Service_Connections_Count": 76, "Service_Area_Type": "Residential Area", "Verification_Status": "", "Area_SqKM": 0.21683388607953355}, "geometry": {"type": "Point", "coordinates": [-115.17231700414884, 48.899844041640456]}}, {"type": "Feature", "properties": {"PWSID": "MT0000308", "PWS_Name": "POLSON  CITY OF", "Primacy_Agency": "MT", "Population_Served_Count": 5300, "Service_Connections_Count": 2566, "Service_Area_Type": "Residential Area", "Verification_Status": "", "Area_SqKM": 8.209728629179974}, "geometry": {"type": "Point", "coordinates": [-114.14020323564485, 47.688101509591625]}}, {"type": "Feature", "properties": {"PWSID": "MT0000299", "PWS_Name": "NOXON WATER DISTRICT", "Primacy_Agency": "MT", "Population_Served_Count": 330, "Service_Connections_Count": 104, "Service_Area_Type": "Residential Area", "Verification_Status": "", "Area_SqKM": 0.08809406809366778}, "geometry": {"type": "Point", "coordinates": [-115.77505174782061, 47.99295806045156]}}, {"type": "Feature", "properties": {"PWSID": "MT0003146", "PWS_Name": "BITTERROOT MEADOWS HOA  LOLO", "Primacy_Agency": "MT", "Population_Served_Count": 120, "Service_Connections_Count": 49, "Service_Area_Type": "Subdivision", "Verification_Status": "", "Area_SqKM": 0.45176015447882933}, "geometry": {"type": "Point", "coordinates": [-114.08926889055822, 46.74441992381454]}}, {"type": "Feature", "properties": {"PWSID": "MT0003157", "PWS_Name": "MISSION MOUNTAIN VIEW HOA", "Primacy_Agency": "MT", "Population_Served_Count": 80, "Service_Connections_Count": 28, "Service_Area_Type": "Residential Area", "Verification_Status": "", "Area_SqKM": 0.06608832729736977}, "geometry": {"type": "Point", "coordinates": [-114.16165352510974, 47.51582874990581]}}, {"type": "Feature", "properties": {"PWSID": "MT0003175", "PWS_Name": "RIDGEWOOD ESTATES", "Primacy_Agency": "MT", "Population_Served_Count": 250, "Service_Connections_Count": 83, "Service_Area_Type": "Residential Area", "Verification_Status": "", "Area_SqKM": 0.06629983170458006}, "geometry": {"type": "Point", "coordinates": [-114.0636676580474, 48.00605758770376]}}, {"type": "Feature", "properties": {"PWSID": "MT0000278", "PWS_Name": "LOLO WATER AND SEWER DIST", "Primacy_Agency": "MT", "Population_Served_Count": 3315, "Service_Connections_Count": 1242, "Service_Area_Type": "Homeowners Association", "Verification_Status": "", "Area_SqKM": 13.390454498311858}, "geometry": {"type": "Point", "coordinates": [-114.0906310801091, 46.76285033632494]}}, {"type": "Feature", "properties": {"PWSID": "MT0000275", "PWS_Name": "PINEWOOD VILLAGE", "Primacy_Agency": "MT", "Population_Served_Count": 160, "Service_Connections_Count": 66, "Service_Area_Type": "Homeowners Association", "Verification_Status": "", "Area_SqKM": 0.3173196747728905}, "geometry": {"type": "Point", "coordinates": [-115.51588500666837, 48.33622839331174]}}, {"type": "Feature", "properties": {"PWSID": "MT0000274", "PWS_Name": "LIBBY  CITY OF", "Primacy_Agency": "MT", "Population_Served_Count": 4693, "Service_Connections_Count": 1957, "Service_Area_Type": "Residential Area", "Verification_Status": "", "Area_SqKM": 7.250177326021283}, "geometry": {"type": "Point", "coordinates": [-115.57471037580339, 48.39570796474469]}}, {"type": "Feature", "properties": {"PWSID": "MT0000247", "PWS_Name": "HERON COMMUNITY WATER SYSTEM", "Primacy_Agency": "MT", "Population_Served_Count": 84, "Service_Connections_Count": 50, "Service_Area_Type": "Residential Area", "Verification_Status": "", "Area_SqKM": 0.025656598194127297}, "geometry": {"type": "Point", "coordinates": [-115.95984504824045, 48.0578765592958]}}, {"type": "Feature", "properties": {"PWSID": "MT0000210", "PWS_Name": "EUREKA  TOWN OF", "Primacy_Agency": "MT", "Population_Served_Count": 1995, "Service_Connections_Count": 747, "Service_Area_Type": "Municipality", "Verification_Status": "", "Area_SqKM": 2.6348713414850997}, "geometry": {"type": "Point", "coordinates": [-115.04745977608778, 48.8794792146771]}}, {"type": "Feature", "properties": {"PWSID": "MT0003328", "PWS_Name": "TWO MILE TRACT HOA", "Primacy_Agency": "MT", "Population_Served_Count": 128, "Service_Connections_Count": 38, "Service_Area_Type": "Subdivision", "Verification_Status": "", "Area_SqKM": 0.04788349357410404}, "geometry": {"type": "Point", "coordinates": [-114.35242396168661, 48.20622305318407]}}, {"type": "Feature", "properties": {"PWSID": "MT0000133", "PWS_Name": "PTARMIGAN VILLAGE INC", "Primacy_Agency": "MT", "Population_Served_Count": 600, "Service_Connections_Count": 62, "Service_Area_Type": "Residential Area", "Verification_Status": "", "Area_SqKM": 0.3135248183619114}, "geometry": {"type": "Point", "coordinates": [-114.35513030118047, 48.454916902292524]}}, {"type": "Feature", "properties": {"PWSID": "MT0000109", "PWS_Name": "GREEN ACRES COURT", "Primacy_Agency": "MT", "Population_Served_Count": 85, "Service_Connections_Count": 32, "Service_Area_Type": "Mobile Home Park", "Verification_Status": "", "Area_SqKM": 0.058183350888853125}, "geometry": {"type": "Point", "coordinates": [-114.29067847317963, 48.18172516192498]}}, {"type": "Feature", "properties": {"PWSID": "MT0000100", "PWS_Name": "ALPINE MOBILE MANOR", "Primacy_Agency": "MT", "Population_Served_Count": 45, "Service_Connections_Count": 29, "Service_Area_Type": "Mobile Home Park", "Verification_Status": "", "Area_SqKM": 0.0070911265178489205}, "geometry": {"type": "Point", "coordinates": [-114.29241399120343, 48.200754978235224]}}, {"type": "Feature", "properties": {"PWSID": "MT0000088", "PWS_Name": "PLEASANT HILL ESTATES HOA", "Primacy_Agency": "MT", "Population_Served_Count": 90, "Service_Connections_Count": 34, "Service_Area_Type": "Homeowners Association", "Verification_Status": "", "Area_SqKM": 0.01633027622487975}, "geometry": {"type": "Point", "coordinates": [-114.39774878178243, 48.21587568178177]}}, {"type": "Feature", "properties": {"PWSID": "MT0000064", "PWS_Name": "FOREST ACRES TR PK  WHITEFISH", "Primacy_Agency": "MT", "Population_Served_Count": 390, "Service_Connections_Count": 100, "Service_Area_Type": "Mobile Home Park", "Verification_Status": "", "Area_SqKM": 0.008892874616957695}, "geometry": {"type": "Point", "coordinates": [-114.34115500002306, 48.33755576661772]}}, {"type": "Feature", "properties": {"PWSID": "MT0000062", "PWS_Name": "OUTBACK MOBILE HOME SETTLEMENT", "Primacy_Agency": "MT", "Population_Served_Count": 80, "Service_Connections_Count": 32, "Service_Area_Type": "Mobile Home Park", "Verification_Status": "", "Area_SqKM": 0.014015298069026506}, "geometry": {"type": "Point", "coordinates": [-114.53346086664877, 48.485701357170484]}}, {"type": "Feature", "properties": {"PWSID": "MT0000060", "PWS_Name": "BIG MOUNTAIN WATER COMPANY", "Primacy_Agency": "MT", "Population_Served_Count": 2435, "Service_Connections_Count": 368, "Service_Area_Type": "Residential Area", "Verification_Status": "", "Area_SqKM": 0.9004147150638069}, "geometry": {"type": "Point", "coordinates": [-114.35350161059104, 48.473150668124326]}}, {"type": "Feature", "properties": {"PWSID": "MT0004518", "PWS_Name": "VALLEY WATER SYSTEM  THE", "Primacy_Agency": "MT", "Population_Served_Count": 82, "Service_Connections_Count": 36, "Service_Area_Type": "Subdivision", "Verification_Status": "", "Area_SqKM": 0.14037471711573193}, "geometry": {"type": "Point", "coordinates": [-114.07942556839743, 46.887295557847686]}}, {"type": "Feature", "properties": {"PWSID": "MT0004597", "PWS_Name": "COUNTRY BOURNE", "Primacy_Agency": "MT", "Population_Served_Count": 25, "Service_Connections_Count": 30, "Service_Area_Type": "Residential Area", "Verification_Status": "", "Area_SqKM": 0.03958344366686133}, "geometry": {"type": "Point", "coordinates": [-114.65642263997155, 48.093854313375545]}}, {"type": "Feature", "properties": {"PWSID": "MT0004605", "PWS_Name": "STONE RIDGE WATER COMPANY", "Primacy_Agency": "MT", "Population_Served_Count": 50, "Service_Connections_Count": 22, "Service_Area_Type": "Residential Area", "Verification_Status": "", "Area_SqKM": 0.03552273942666544}, "geometry": {"type": "Point", "coordinates": [-114.26450206010648, 47.84018021998485]}}, {"type": "Feature", "properties": {"PWSID": "MT0003102", "PWS_Name": "JETTE LAKE LANDOWNERS ASSOCIATION", "Primacy_Agency": "MT", "Population_Served_Count": 288, "Service_Connections_Count": 100, "Service_Area_Type": "Subdivision", "Verification_Status": "", "Area_SqKM": 0.9412484277554497}, "geometry": {"type": "Point", "coordinates": [-114.31755804597412, 47.81025510000948]}}, {"type": "Feature", "properties": {"PWSID": "MT0004568", "PWS_Name": "BRANCO COURT", "Primacy_Agency": "MT", "Population_Served_Count": 37, "Service_Connections_Count": 15, "Service_Area_Type": "Mobile Home Park", "Verification_Status": "", "Area_SqKM": 0.03298728890232841}, "geometry": {"type": "Point", "coordinates": [-114.09656269975916, 46.74912189994399]}}, {"type": "Feature", "properties": {"PWSID": "MT0000449", "PWS_Name": "GREENWOOD TRAILER COURT", "Primacy_Agency": "MT", "Population_Served_Count": 53, "Service_Connections_Count": 21, "Service_Area_Type": "Residential Area", "Verification_Status": "", "Area_SqKM": 0.025697423316823533}, "geometry": {"type": "Point", "coordinates": [-113.90857238713863, 46.88349135011155]}}, {"type": "Feature", "properties": {"PWSID": "MT0000489", "PWS_Name": "TWO RIVERS MOBILE HM PK  LOLO", "Primacy_Agency": "MT", "Population_Served_Count": 138, "Service_Connections_Count": 59, "Service_Area_Type": "Mobile Home Park", "Verification_Status": "", "Area_SqKM": 0.023336266603234068}, "geometry": {"type": "Point", "coordinates": [-114.08579661978999, 46.75434565998304]}}, {"type": "Feature", "properties": {"PWSID": "MT0000082", "PWS_Name": "MEADOWLARK MOBILE HOME PARK", "Primacy_Agency": "MT", "Population_Served_Count": 55, "Service_Connections_Count": 31, "Service_Area_Type": "Mobile Home Park", "Verification_Status": "", "Area_SqKM": 0.019111293223344875}, "geometry": {"type": "Point", "coordinates": [-114.31061149975122, 48.16930193982342]}}, {"type": "Feature", "properties": {"PWSID": "MT0000368", "PWS_Name": "TAMARACK COURT", "Primacy_Agency": "MT", "Population_Served_Count": 75, "Service_Connections_Count": 42, "Service_Area_Type": "Mobile Home Park", "Verification_Status": "", "Area_SqKM": 0.0173554316031377}, "geometry": {"type": "Point", "coordinates": [-113.90765979934616, 46.88340566669439]}}, {"type": "Feature", "properties": {"PWSID": "MT0002132", "PWS_Name": "MOUNTAIN SHADOWS ESTATES  STEVENSVILLE", "Primacy_Agency": "MT", "Population_Served_Count": 55, "Service_Connections_Count": 22, "Service_Area_Type": "Mobile Home Park", "Verification_Status": "", "Area_SqKM": 0.017085803204225543}, "geometry": {"type": "Point", "coordinates": [-114.0910841500625, 46.497518075055865]}}, {"type": "Feature", "properties": {"PWSID": "MT0003012", "PWS_Name": "MISSOULA VILLAGE WEST TR CT", "Primacy_Agency": "MT", "Population_Served_Count": 68, "Service_Connections_Count": 26, "Service_Area_Type": "Mobile Home Park", "Verification_Status": "", "Area_SqKM": 0.015615605746546355}, "geometry": {"type": "Point", "coordinates": [-114.131954514158, 46.94673902874005]}}, {"type": "Feature", "properties": {"PWSID": "MT0002651", "PWS_Name": "DISTRICT COURT LLC", "Primacy_Agency": "MT", "Population_Served_Count": 50, "Service_Connections_Count": 19, "Service_Area_Type": "Mobile Home Park", "Verification_Status": "", "Area_SqKM": 0.014743811273409724}, "geometry": {"type": "Point", "coordinates": [-114.39813414013119, 48.1865420800482]}}, {"type": "Feature", "properties": {"PWSID": "MT0001745", "PWS_Name": "TWIN ACRES TRAILER COURT", "Primacy_Agency": "MT", "Population_Served_Count": 60, "Service_Connections_Count": 21, "Service_Area_Type": "Mobile Home Park", "Verification_Status": "", "Area_SqKM": 0.014356656538224582}, "geometry": {"type": "Point", "coordinates": [-114.29096983983641, 48.17132749998766]}}, {"type": "Feature", "properties": {"PWSID": "MT0000444", "PWS_Name": "VALLEY WEST TRAILER COURT", "Primacy_Agency": "MT", "Population_Served_Count": 115, "Service_Connections_Count": 46, "Service_Area_Type": "Mobile Home Park", "Verification_Status": "", "Area_SqKM": 0.01050436165534759}, "geometry": {"type": "Point", "coordinates": [-114.0917974805132, 46.7481869799593]}}, {"type": "Feature", "properties": {"PWSID": "MT0003538", "PWS_Name": "CATLIN STREET MOBILE COURT", "Primacy_Agency": "MT", "Population_Served_Count": 35, "Service_Connections_Count": 15, "Service_Area_Type": "Mobile Home Park", "Verification_Status": "", "Area_SqKM": 0.007093795746414006}, "geometry": {"type": "Point", "coordinates": [-114.0241275398196, 46.8704093395158]}}, {"type": "Feature", "properties": {"PWSID": "MT0001785", "PWS_Name": "FOREST HILL HOA", "Primacy_Agency": "MT", "Population_Served_Count": 50, "Service_Connections_Count": 44, "Service_Area_Type": "Mobile Home Park", "Verification_Status": "", "Area_SqKM": 0.0040413377854180725}, "geometry": {"type": "Point", "coordinates": [-114.25693437776567, 48.11647062217483]}}, {"type": "Feature", "properties": {"PWSID": "MT0003527", "PWS_Name": "JUNIPER TRAILER COURT  MSLA", "Primacy_Agency": "MT", "Population_Served_Count": 35, "Service_Connections_Count": 14, "Service_Area_Type": "Mobile Home Park", "Verification_Status": "", "Area_SqKM": 0.0036299729352559126}, "geometry": {"type": "Point", "coordinates": [-114.0236828196756, 46.871608819755224]}}, {"type": "Feature", "properties": {"PWSID": "MT0000079", "PWS_Name": "SPRUCE PARK MOBILE VILLAGE", "Primacy_Agency": "MT", "Population_Served_Count": 48, "Service_Connections_Count": 19, "Service_Area_Type": "Mobile Home Park", "Verification_Status": "", "Area_SqKM": 0.01078081961714697}, "geometry": {"type": "Point", "coordinates": [-114.24634650435908, 48.22490178573425]}}, {"type": "Feature", "properties": {"PWSID": "MT0000181", "PWS_Name": "COLUMBIA FALLS  CITY OF", "Primacy_Agency": "MT", "Population_Served_Count": 4450, "Service_Connections_Count": 2212, "Service_Area_Type": "Residential Area", "Verification_Status": "", "Area_SqKM": 6.7099176599999035}, "geometry": {"type": "Point", "coordinates": [-114.1951934398782, 48.37479947131119]}}, {"type": "Feature", "properties": {"PWSID": "MT0000327", "PWS_Name": "SEELEY LAKE WATER DISTRICT", "Primacy_Agency": "MT", "Population_Served_Count": 1575, "Service_Connections_Count": 611, "Service_Area_Type": "Residential Area", "Verification_Status": "", "Area_SqKM": 11.459621797590964}, "geometry": {"type": "Point", "coordinates": [-113.47962397881564, 47.17028141155169]}}, {"type": "Feature", "properties": {"PWSID": "MT0000356", "PWS_Name": "WEST GLACIER WUA", "Primacy_Agency": "MT", "Population_Served_Count": 90, "Service_Connections_Count": 45, "Service_Area_Type": "Residential Area", "Verification_Status": "", "Area_SqKM": 1.0295079918109489}, "geometry": {"type": "Point", "coordinates": [-113.9824554733428, 48.50269266332784]}}, {"type": "Feature", "properties": {"PWSID": "MT0001781", "PWS_Name": "BIRCH CREEK COLONY", "Primacy_Agency": "MT", "Population_Served_Count": 120, "Service_Connections_Count": 12, "Service_Area_Type": "Residential Area", "Verification_Status": "", "Area_SqKM": 0.03054758756307179}, "geometry": {"type": "Point", "coordinates": [-112.47078598434096, 48.24772285681818]}}, {"type": "Feature", "properties": {"PWSID": "MT0001892", "PWS_Name": "COUNTRY ESTATES MBLE HOME PARK", "Primacy_Agency": "MT", "Population_Served_Count": 125, "Service_Connections_Count": 45, "Service_Area_Type": "Mobile Home Park", "Verification_Status": "", "Area_SqKM": 0.009284876739707577}, "geometry": {"type": "Point", "coordinates": [-114.19276526661626, 48.38602072236412]}}, {"type": "Feature", "properties": {"PWSID": "MT0001914", "PWS_Name": "NEW MIAMI COLONY", "Primacy_Agency": "MT", "Population_Served_Count": 130, "Service_Connections_Count": 6, "Service_Area_Type": "Residential Area", "Verification_Status": "", "Area_SqKM": 0.04121820819613101}, "geometry": {"type": "Point", "coordinates": [-112.39313367624574, 48.19142163213443]}}, {"type": "Feature", "properties": {"PWSID": "MT0002464", "PWS_Name": "MILLTOWN COMMUNITY PWS SYSTEM", "Primacy_Agency": "MT", "Population_Served_Count": 43, "Service_Connections_Count": 14, "Service_Area_Type": "Residential Area", "Verification_Status": "", "Area_SqKM": 0.27630960905345947}, "geometry": {"type": "Point", "coordinates": [-113.65729726212481, 46.898688797211506]}}, {"type": "Feature", "properties": {"PWSID": "MT0002863", "PWS_Name": "PONDEROSA HOMEOWNERS ASSN INC", "Primacy_Agency": "MT", "Population_Served_Count": 246, "Service_Connections_Count": 74, "Service_Area_Type": "Residential Area", "Verification_Status": "", "Area_SqKM": 0.626417247459101}, "geometry": {"type": "Point", "coordinates": [-114.30672847968718, 48.26283493605214]}}, {"type": "Feature", "properties": {"PWSID": "MT0001851", "PWS_Name": "WHISPERING PINES TR CT", "Primacy_Agency": "MT", "Population_Served_Count": 55, "Service_Connections_Count": 22, "Service_Area_Type": "Mobile Home Park", "Verification_Status": "", "Area_SqKM": 0.012495523113763427}, "geometry": {"type": "Point", "coordinates": [-115.08460913364233, 47.31029713330636]}}, {"type": "Feature", "properties": {"PWSID": "MT0004423", "PWS_Name": "TRESTLE CREEK I AND II", "Primacy_Agency": "MT", "Population_Served_Count": 110, "Service_Connections_Count": 84, "Service_Area_Type": "Residential Area", "Verification_Status": "", "Area_SqKM": 0.09515158565377618}, "geometry": {"type": "Point", "coordinates": [-115.09024312907987, 47.29837938396999]}}, {"type": "Feature", "properties": {"PWSID": "MT0004345", "PWS_Name": "COUGAR MEADOWS", "Primacy_Agency": "MT", "Population_Served_Count": 45, "Service_Connections_Count": 19, "Service_Area_Type": "Homeowners Association", "Verification_Status": "", "Area_SqKM": 0.5407601727476227}, "geometry": {"type": "Point", "coordinates": [-115.09664709999599, 47.30057170669736]}}, {"type": "Feature", "properties": {"PWSID": "MT0003958", "PWS_Name": "NORTHWEST INDIAN BIBLE SCHOOL", "Primacy_Agency": "MT", "Population_Served_Count": 100, "Service_Connections_Count": 16, "Service_Area_Type": "Residential Area", "Verification_Status": "", "Area_SqKM": 0.49051265784540105}, "geometry": {"type": "Point", "coordinates": [-114.43388913164294, 46.99471533679621]}}, {"type": "Feature", "properties": {"PWSID": "MT0003911", "PWS_Name": "SALISH SHORES TRADE WINDS COMM VILLAGE", "Primacy_Agency": "MT", "Population_Served_Count": 215, "Service_Connections_Count": 154, "Service_Area_Type": "Residential Area", "Verification_Status": "", "Area_SqKM": 0.4472810263572412}, "geometry": {"type": "Point", "coordinates": [-115.31158900205105, 47.581713988207376]}}, {"type": "Feature", "properties": {"PWSID": "MT0003556", "PWS_Name": "NORTH SHORE ESTATES HOA", "Primacy_Agency": "MT", "Population_Served_Count": 65, "Service_Connections_Count": 31, "Service_Area_Type": "Subdivision", "Verification_Status": "", "Area_SqKM": 0.7807022451301329}, "geometry": {"type": "Point", "coordinates": [-115.27789534824358, 47.562654592051544]}}, {"type": "Feature", "properties": {"PWSID": "MT0001850", "PWS_Name": "HIGH COUNTRY PARK", "Primacy_Agency": "MT", "Population_Served_Count": 76, "Service_Connections_Count": 30, "Service_Area_Type": "Mobile Home Park", "Verification_Status": "", "Area_SqKM": 0.04562906441530924}, "geometry": {"type": "Point", "coordinates": [-115.08817532190663, 47.293730865779324]}}, {"type": "Feature", "properties": {"PWSID": "MT0000341", "PWS_Name": "THOMPSON FALLS  CITY OF", "Primacy_Agency": "MT", "Population_Served_Count": 1950, "Service_Connections_Count": 719, "Service_Area_Type": "Municipality", "Verification_Status": "", "Area_SqKM": 3.606795456108485}, "geometry": {"type": "Point", "coordinates": [-115.33601724342252, 47.59255135867174]}}, {"type": "Feature", "properties": {"PWSID": "MT0000455", "PWS_Name": "MOUNTAIN VIEW TRAILER COURT", "Primacy_Agency": "MT", "Population_Served_Count": 42, "Service_Connections_Count": 18, "Service_Area_Type": "Residential Area", "Verification_Status": "", "Area_SqKM": 0.003736172512760539}, "geometry": {"type": "Point", "coordinates": [-113.8937074396508, 46.88220690041858]}}, {"type": "Feature", "properties": {"PWSID": "MT0000175", "PWS_Name": "CHOTEAU  CITY OF", "Primacy_Agency": "MT", "Population_Served_Count": 1691, "Service_Connections_Count": 701, "Service_Area_Type": "Residential Area", "Verification_Status": "", "Area_SqKM": 2.326828105509125}, "geometry": {"type": "Point", "coordinates": [-112.18204164984655, 47.814812185850734]}}, {"type": "Feature", "properties": {"PWSID": "MT0000193", "PWS_Name": "CUT BANK  CITY OF", "Primacy_Agency": "MT", "Population_Served_Count": 3105, "Service_Connections_Count": 1526, "Service_Area_Type": "Residential Area", "Verification_Status": "", "Area_SqKM": 3.2454865785084643}, "geometry": {"type": "Point", "coordinates": [-112.33287130887632, 48.63713400056612]}}, {"type": "Feature", "properties": {"PWSID": "MT0000566", "PWS_Name": "GLACIER COLONY", "Primacy_Agency": "MT", "Population_Served_Count": 80, "Service_Connections_Count": 11, "Service_Area_Type": "Residential Area", "Verification_Status": "", "Area_SqKM": 0.008865257458293804}, "geometry": {"type": "Point", "coordinates": [-112.33520567501206, 48.63508723761965]}}, {"type": "Feature", "properties": {"PWSID": "MT0000305", "PWS_Name": "PLAINS  TOWN OF", "Primacy_Agency": "MT", "Population_Served_Count": 1700, "Service_Connections_Count": 635, "Service_Area_Type": "Residential Area", "Verification_Status": "", "Area_SqKM": 2.48316882976971}, "geometry": {"type": "Point", "coordinates": [-114.8839822785683, 47.46086632616452]}}, {"type": "Feature", "properties": {"PWSID": "MT0000251", "PWS_Name": "HOT SPRINGS MUNICIPAL WATER", "Primacy_Agency": "MT", "Population_Served_Count": 600, "Service_Connections_Count": 408, "Service_Area_Type": "Municipality", "Verification_Status": "", "Area_SqKM": 0.9326665100775405}, "geometry": {"type": "Point", "coordinates": [-114.67113402346799, 47.60903535310152]}}, {"type": "Feature", "properties": {"PWSID": "MT0000015", "PWS_Name": "ALBERTON  TOWN OF", "Primacy_Agency": "MT", "Population_Served_Count": 495, "Service_Connections_Count": 213, "Service_Area_Type": "Residential Area", "Verification_Status": "", "Area_SqKM": 1.4174727964618348}, "geometry": {"type": "Point", "coordinates": [-114.48245157951112, 47.00246558286003]}}, {"type": "Feature", "properties": {"PWSID": "MT0000540", "PWS_Name": "EMKAYAN VILLAGE CO WATER AND SEWER DIST", "Primacy_Agency": "MT", "Population_Served_Count": 160, "Service_Connections_Count": 65, "Service_Area_Type": "Residential Area", "Verification_Status": "", "Area_SqKM": 0.33359531079770105}, "geometry": {"type": "Point", "coordinates": [-115.39419127985437, 48.39477717417624]}}, {"type": "Feature", "properties": {"PWSID": "MT0000553", "PWS_Name": "RIVERS EDGE MOBILE PARK  LIBBY", "Primacy_Agency": "MT", "Population_Served_Count": 60, "Service_Connections_Count": 38, "Service_Area_Type": "Mobile Home Park", "Verification_Status": "", "Area_SqKM": 0.016815553686595975}, "geometry": {"type": "Point", "coordinates": [-115.48325029351483, 48.41739910491741]}}, {"type": "Feature", "properties": {"PWSID": "MT0000582", "PWS_Name": "ANGEL ISLAND SUBDIVISION", "Primacy_Agency": "MT", "Population_Served_Count": 150, "Service_Connections_Count": 184, "Service_Area_Type": "Residential Area", "Verification_Status": "", "Area_SqKM": 0.3697137614848572}, "geometry": {"type": "Point", "coordinates": [-115.85372204950258, 48.25596797940613]}}, {"type": "Feature", "properties": {"PWSID": "MT0000621", "PWS_Name": "MISSION MEADOWS RV CAMPSITE PARK, INC.", "Primacy_Agency": "MT", "Population_Served_Count": 200, "Service_Connections_Count": 71, "Service_Area_Type": "Mobile Home Park", "Verification_Status": "", "Area_SqKM": 11.613677877606255}, "geometry": {"type": "Point", "coordinates": [-114.1399325171677, 47.56946157713721]}}, {"type": "Feature", "properties": {"PWSID": "MT0000646", "PWS_Name": "MOBILE CITY TRAILER COURT", "Primacy_Agency": "MT", "Population_Served_Count": 175, "Service_Connections_Count": 70, "Service_Area_Type": "Mobile Home Park", "Verification_Status": "", "Area_SqKM": 0.015615210791858604}, "geometry": {"type": "Point", "coordinates": [-114.01977147783282, 46.875443288949356]}}, {"type": "Feature", "properties": {"PWSID": "MT0000870", "PWS_Name": "ECONOMY WEST APARTMENTS", "Primacy_Agency": "MT", "Population_Served_Count": 52, "Service_Connections_Count": 20, "Service_Area_Type": "Mobile Home Park", "Verification_Status": "", "Area_SqKM": 0.01594860160164675}, "geometry": {"type": "Point", "coordinates": [-114.00089359990879, 46.86117480001592]}}, {"type": "Feature", "properties": {"PWSID": "MT0001018", "PWS_Name": "PARADISE PINES", "Primacy_Agency": "MT", "Population_Served_Count": 95, "Service_Connections_Count": 76, "Service_Area_Type": "Mobile Home Park", "Verification_Status": "", "Area_SqKM": 0.04996268484613251}, "geometry": {"type": "Point", "coordinates": [-114.03038425365368, 47.73415993904321]}}, {"type": "Feature", "properties": {"PWSID": "MT0001145", "PWS_Name": "CRYSTAL LAKE SUBDIVISION HOA", "Primacy_Agency": "MT", "Population_Served_Count": 34, "Service_Connections_Count": 33, "Service_Area_Type": "Residential Area", "Verification_Status": "", "Area_SqKM": 0.03611352247798614}, "geometry": {"type": "Point", "coordinates": [-114.90396170900608, 48.764185081923785]}}, {"type": "Feature", "properties": {"PWSID": "MT0001670", "PWS_Name": "MEADOWLAND HOA", "Primacy_Agency": "MT", "Population_Served_Count": 150, "Service_Connections_Count": 43, "Service_Area_Type": "Subdivision", "Verification_Status": "", "Area_SqKM": 0.29136715452678263}, "geometry": {"type": "Point", "coordinates": [-114.34435232598425, 48.21680914468144]}}, {"type": "Feature", "properties": {"PWSID": "MT0001672", "PWS_Name": "MORNING STAR", "Primacy_Agency": "MT", "Population_Served_Count": 85, "Service_Connections_Count": 41, "Service_Area_Type": "Mobile Home Park", "Verification_Status": "", "Area_SqKM": 0.017610390626391314}, "geometry": {"type": "Point", "coordinates": [-114.29207120536205, 48.18226549997119]}}, {"type": "Feature", "properties": {"PWSID": "MT0001740", "PWS_Name": "ST IGNATIUS  TOWN OF", "Primacy_Agency": "MT", "Population_Served_Count": 700, "Service_Connections_Count": 291, "Service_Area_Type": "Residential Area", "Verification_Status": "", "Area_SqKM": 2.2808779824495105}, "geometry": {"type": "Point", "coordinates": [-114.16461288403273, 47.3085108988242]}}, {"type": "Feature", "properties": {"PWSID": "MT0002120", "PWS_Name": "HIDDEN HEIGHTS HOA", "Primacy_Agency": "MT", "Population_Served_Count": 65, "Service_Connections_Count": 22, "Service_Area_Type": "Subdivision", "Verification_Status": "", "Area_SqKM": 0.15855087104423676}, "geometry": {"type": "Point", "coordinates": [-114.12618762426341, 46.84849874847223]}}, {"type": "Feature", "properties": {"PWSID": "MT0002540", "PWS_Name": "HIGH QUALITY H2O", "Primacy_Agency": "MT", "Population_Served_Count": 200, "Service_Connections_Count": 36, "Service_Area_Type": "Residential Area", "Verification_Status": "", "Area_SqKM": 0.011124147046711236}, "geometry": {"type": "Point", "coordinates": [-114.030776000163, 46.8715667999061]}}, {"type": "Feature", "properties": {"PWSID": "MT0002635", "PWS_Name": "OLD HELLGATE VILLAGE  MSLA", "Primacy_Agency": "MT", "Population_Served_Count": 140, "Service_Connections_Count": 34, "Service_Area_Type": "Residential Area", "Verification_Status": "", "Area_SqKM": 0.004546541258640368}, "geometry": {"type": "Point", "coordinates": [-114.08229563995965, 46.88430108003178]}}, {"type": "Feature", "properties": {"PWSID": "MT0002846", "PWS_Name": "COUNTRY ESTATES WATER SUPPLY", "Primacy_Agency": "MT", "Population_Served_Count": 430, "Service_Connections_Count": 192, "Service_Area_Type": "Residential Area", "Verification_Status": "", "Area_SqKM": 0.8652553599833056}, "geometry": {"type": "Point", "coordinates": [-114.33547235560934, 48.24744927827634]}}, {"type": "Feature", "properties": {"PWSID": "MT0002985", "PWS_Name": "WILDERNESS PLATEAU WATER AND SEWER DIST", "Primacy_Agency": "MT", "Population_Served_Count": 208, "Service_Connections_Count": 54, "Service_Area_Type": "Subdivision", "Verification_Status": "", "Area_SqKM": 0.3043362276175539}, "geometry": {"type": "Point", "coordinates": [-115.85850734684796, 48.43530539295422]}}, {"type": "Feature", "properties": {"PWSID": "MT0003215", "PWS_Name": "MONTANA TRAILER COURT", "Primacy_Agency": "MT", "Population_Served_Count": 73, "Service_Connections_Count": 29, "Service_Area_Type": "Mobile Home Park", "Verification_Status": "", "Area_SqKM": 0.046910536766400536}, "geometry": {"type": "Point", "coordinates": [-114.02391270017361, 46.87300169994044]}}, {"type": "Feature", "properties": {"PWSID": "MT0003224", "PWS_Name": "PINEWOOD SHORES WUA", "Primacy_Agency": "MT", "Population_Served_Count": 46, "Service_Connections_Count": 21, "Service_Area_Type": "Subdivision", "Verification_Status": "", "Area_SqKM": 0.21950524361075052}, "geometry": {"type": "Point", "coordinates": [-114.14889487807577, 47.75819874178299]}}, {"type": "Feature", "properties": {"PWSID": "MT0003229", "PWS_Name": "ALPINE VILLAGE WUA", "Primacy_Agency": "MT", "Population_Served_Count": 125, "Service_Connections_Count": 49, "Service_Area_Type": "Residential Area", "Verification_Status": "", "Area_SqKM": 0.32965626654936425}, "geometry": {"type": "Point", "coordinates": [-114.3503264415283, 48.4464153176967]}}, {"type": "Feature", "properties": {"PWSID": "MT0003261", "PWS_Name": "GRINELL ESTATES HOA", "Primacy_Agency": "MT", "Population_Served_Count": 48, "Service_Connections_Count": 20, "Service_Area_Type": "Subdivision", "Verification_Status": "", "Area_SqKM": 0.22155070513716016}, "geometry": {"type": "Point", "coordinates": [-114.26649957415005, 47.022627012967405]}}, {"type": "Feature", "properties": {"PWSID": "MT0003283", "PWS_Name": "C AND D HOA", "Primacy_Agency": "MT", "Population_Served_Count": 140, "Service_Connections_Count": 48, "Service_Area_Type": "Subdivision", "Verification_Status": "", "Area_SqKM": 0.16555191646731054}, "geometry": {"type": "Point", "coordinates": [-114.04070467689878, 46.871522769150374]}}, {"type": "Feature", "properties": {"PWSID": "MT0003305", "PWS_Name": "GRANT CREEK WATER USERS ASSOCIATION INC", "Primacy_Agency": "MT", "Population_Served_Count": 380, "Service_Connections_Count": 154, "Service_Area_Type": "Subdivision", "Verification_Status": "", "Area_SqKM": 9.599515364722498}, "geometry": {"type": "Point", "coordinates": [-114.01174399647144, 46.92140182917987]}}, {"type": "Feature", "properties": {"PWSID": "MT0003376", "PWS_Name": "SHELTER BAY ESTATES", "Primacy_Agency": "MT", "Population_Served_Count": 56, "Service_Connections_Count": 32, "Service_Area_Type": "Subdivision", "Verification_Status": "", "Area_SqKM": 0.49352892972414625}, "geometry": {"type": "Point", "coordinates": [-114.2049793820029, 47.90547294099723]}}, {"type": "Feature", "properties": {"PWSID": "MT0003393", "PWS_Name": "TAMARACK WOODS HOA  LAKESIDE", "Primacy_Agency": "MT", "Population_Served_Count": 180, "Service_Connections_Count": 78, "Service_Area_Type": "Subdivision", "Verification_Status": "", "Area_SqKM": 1.1202291449782968}, "geometry": {"type": "Point", "coordinates": [-114.2209722452692, 48.00733560314914]}}, {"type": "Feature", "properties": {"PWSID": "MT0003414", "PWS_Name": "WEST VALLEY PINES HOA INC", "Primacy_Agency": "MT", "Population_Served_Count": 130, "Service_Connections_Count": 45, "Service_Area_Type": "Subdivision", "Verification_Status": "", "Area_SqKM": 0.07409722197973749}, "geometry": {"type": "Point", "coordinates": [-114.40378341252507, 48.245780374899795]}}, {"type": "Feature", "properties": {"PWSID": "MT0003565", "PWS_Name": "EAST VIEW ACRES WATER SYSTEM", "Primacy_Agency": "MT", "Population_Served_Count": 25, "Service_Connections_Count": 10, "Service_Area_Type": "Homeowners Association", "Verification_Status": "", "Area_SqKM": 0.053145694465850844}, "geometry": {"type": "Point", "coordinates": [-113.93749112297843, 46.879871400123086]}}, {"type": "Feature", "properties": {"PWSID": "MT0003594", "PWS_Name": "FOREST VIEW HOA", "Primacy_Agency": "MT", "Population_Served_Count": 65, "Service_Connections_Count": 26, "Service_Area_Type": "Residential Area", "Verification_Status": "", "Area_SqKM": 0.6071157117542841}, "geometry": {"type": "Point", "coordinates": [-114.07756474288169, 46.638222142714895]}}, {"type": "Feature", "properties": {"PWSID": "MT0003630", "PWS_Name": "SPRING MEADOWS COUNTY WATER DISTRICT", "Primacy_Agency": "MT", "Population_Served_Count": 162, "Service_Connections_Count": 68, "Service_Area_Type": "Subdivision", "Verification_Status": "", "Area_SqKM": 0.9017821048024215}, "geometry": {"type": "Point", "coordinates": [-114.12448262135781, 46.960878685734805]}}, {"type": "Feature", "properties": {"PWSID": "MT0003692", "PWS_Name": "KATOONAH LODGES", "Primacy_Agency": "MT", "Population_Served_Count": 258, "Service_Connections_Count": 103, "Service_Area_Type": "Mobile Home Park", "Verification_Status": "", "Area_SqKM": 0.06489751197415447}, "geometry": {"type": "Point", "coordinates": [-114.07876144967369, 46.88665654983846]}}, {"type": "Feature", "properties": {"PWSID": "MT0003694", "PWS_Name": "CARPENTER LAKE HOA", "Primacy_Agency": "MT", "Population_Served_Count": 65, "Service_Connections_Count": 34, "Service_Area_Type": "Subdivision", "Verification_Status": "", "Area_SqKM": 0.08185394172956058}, "geometry": {"type": "Point", "coordinates": [-115.08009580628581, 48.90811167194424]}}, {"type": "Feature", "properties": {"PWSID": "MT0003710", "PWS_Name": "AMITY SQUARE WATER SYSTEM", "Primacy_Agency": "MT", "Population_Served_Count": 50, "Service_Connections_Count": 18, "Service_Area_Type": "Residential Area", "Verification_Status": "", "Area_SqKM": 0.4226769545989104}, "geometry": {"type": "Point", "coordinates": [-114.06512736688997, 46.8563471083163]}}, {"type": "Feature", "properties": {"PWSID": "MT0003736", "PWS_Name": "BARNABY LAKE HOA", "Primacy_Agency": "MT", "Population_Served_Count": 75, "Service_Connections_Count": 37, "Service_Area_Type": "Subdivision", "Verification_Status": "", "Area_SqKM": 0.049846955744274744}, "geometry": {"type": "Point", "coordinates": [-114.77043968489218, 48.67056346153932]}}, {"type": "Feature", "properties": {"PWSID": "MT0003792", "PWS_Name": "OVERLOOK SUBDIVISION", "Primacy_Agency": "MT", "Population_Served_Count": 49, "Service_Connections_Count": 17, "Service_Area_Type": "Residential Area", "Verification_Status": "", "Area_SqKM": 2.328613468275997}, "geometry": {"type": "Point", "coordinates": [-114.1880115070052, 47.675146276817614]}}, {"type": "Feature", "properties": {"PWSID": "MT0004021", "PWS_Name": "MAGNOLIA ESTATES", "Primacy_Agency": "MT", "Population_Served_Count": 140, "Service_Connections_Count": 57, "Service_Area_Type": "Residential Area", "Verification_Status": "", "Area_SqKM": 0.06798139553785539}, "geometry": {"type": "Point", "coordinates": [-114.19361315191118, 46.94194788156131]}}, {"type": "Feature", "properties": {"PWSID": "MT0004052", "PWS_Name": "IRON HORSE HOMEOWNERS ASSOC", "Primacy_Agency": "MT", "Population_Served_Count": 335, "Service_Connections_Count": 224, "Service_Area_Type": "Homeowners Association", "Verification_Status": "", "Area_SqKM": 5.3405389280583835}, "geometry": {"type": "Point", "coordinates": [-114.34332815803941, 48.45959639133612]}}, {"type": "Feature", "properties": {"PWSID": "MT0004083", "PWS_Name": "WETTINGTON WATER DISTRICT INC", "Primacy_Agency": "MT", "Population_Served_Count": 119, "Service_Connections_Count": 49, "Service_Area_Type": "Subdivision", "Verification_Status": "", "Area_SqKM": 0.10003757271703766}, "geometry": {"type": "Point", "coordinates": [-114.44516969801958, 48.14397116664415]}}, {"type": "Feature", "properties": {"PWSID": "MT0004107", "PWS_Name": "WYE AREA WATER SYSTEM", "Primacy_Agency": "MT", "Population_Served_Count": 512, "Service_Connections_Count": 183, "Service_Area_Type": "Subdivision", "Verification_Status": "", "Area_SqKM": 1.6317407603954703}, "geometry": {"type": "Point", "coordinates": [-114.11962106573861, 46.947688629991895]}}, {"type": "Feature", "properties": {"PWSID": "MT0004158", "PWS_Name": "KING RANCH SUBDIVISION", "Primacy_Agency": "MT", "Population_Served_Count": 70, "Service_Connections_Count": 28, "Service_Area_Type": "Subdivision", "Verification_Status": "", "Area_SqKM": 0.26728376334407755}, "geometry": {"type": "Point", "coordinates": [-114.23746390210032, 47.01499920645742]}}, {"type": "Feature", "properties": {"PWSID": "MT0004193", "PWS_Name": "NORTHERN PINES COMMUNITY HOA", "Primacy_Agency": "MT", "Population_Served_Count": 295, "Service_Connections_Count": 26, "Service_Area_Type": "Other Transient Area", "Verification_Status": "", "Area_SqKM": 0.041601506958570934}, "geometry": {"type": "Point", "coordinates": [-114.34369712008349, 48.24980337986516]}}, {"type": "Feature", "properties": {"PWSID": "MT0004211", "PWS_Name": "GROVE  THE", "Primacy_Agency": "MT", "Population_Served_Count": 50, "Service_Connections_Count": 20, "Service_Area_Type": "Subdivision", "Verification_Status": "", "Area_SqKM": 0.4329312395638636}, "geometry": {"type": "Point", "coordinates": [-114.04971618544296, 46.869272105799496]}}, {"type": "Feature", "properties": {"PWSID": "MT0004241", "PWS_Name": "KOOTENAI CREEK VILLAGE", "Primacy_Agency": "MT", "Population_Served_Count": 175, "Service_Connections_Count": 96, "Service_Area_Type": "Residential Area", "Verification_Status": "", "Area_SqKM": 0.5782213225988327}, "geometry": {"type": "Point", "coordinates": [-114.11541531706413, 46.519729995762034]}}, {"type": "Feature", "properties": {"PWSID": "MT0004245", "PWS_Name": "RENAE COURT SUBDIVISION", "Primacy_Agency": "MT", "Population_Served_Count": 36, "Service_Connections_Count": 19, "Service_Area_Type": "Subdivision", "Verification_Status": "", "Area_SqKM": 0.5219614150538701}, "geometry": {"type": "Point", "coordinates": [-114.04952056793945, 46.83572824801073]}}, {"type": "Feature", "properties": {"PWSID": "MT0004276", "PWS_Name": "SOUTH EIGHTY WATER", "Primacy_Agency": "MT", "Population_Served_Count": 63, "Service_Connections_Count": 31, "Service_Area_Type": "Subdivision", "Verification_Status": "", "Area_SqKM": 1.4838404427416385}, "geometry": {"type": "Point", "coordinates": [-114.22228191726374, 48.08544050008777]}}, {"type": "Feature", "properties": {"PWSID": "MT0004379", "PWS_Name": "PHANTOM HILLS WATER SYSTEM", "Primacy_Agency": "MT", "Population_Served_Count": 810, "Service_Connections_Count": 234, "Service_Area_Type": "Subdivision", "Verification_Status": "", "Area_SqKM": 0.8428910976893945}, "geometry": {"type": "Point", "coordinates": [-114.11859658141022, 46.899593883114896]}}, {"type": "Feature", "properties": {"PWSID": "MT0004449", "PWS_Name": "STONERIDGE HOME OWNERS ASSOCIATION", "Primacy_Agency": "MT", "Population_Served_Count": 95, "Service_Connections_Count": 38, "Service_Area_Type": "Homeowners Association", "Verification_Status": "", "Area_SqKM": 0.030450181836984648}, "geometry": {"type": "Point", "coordinates": [-114.3662524572728, 48.188369857071955]}}, {"type": "Feature", "properties": {"PWSID": "MT0004459", "PWS_Name": "ROCKY CLIFF ESTATES", "Primacy_Agency": "MT", "Population_Served_Count": 140, "Service_Connections_Count": 51, "Service_Area_Type": "Residential Area", "Verification_Status": "", "Area_SqKM": 1.3285140368938748}, "geometry": {"type": "Point", "coordinates": [-114.25311555296774, 48.12625809011663]}}, {"type": "Feature", "properties": {"PWSID": "MT0004506", "PWS_Name": "RIVERWALK AND DINOS ESTATES", "Primacy_Agency": "MT", "Population_Served_Count": 115, "Service_Connections_Count": 46, "Service_Area_Type": "Residential Area", "Verification_Status": "", "Area_SqKM": 0.48255634435973643}, "geometry": {"type": "Point", "coordinates": [-114.0871815749252, 46.88802004581405]}}, {"type": "Feature", "properties": {"PWSID": "MT0004516", "PWS_Name": "HAWTHORN SPRINGS PROPERTY OWNERS ASSOC", "Primacy_Agency": "MT", "Population_Served_Count": 165, "Service_Connections_Count": 65, "Service_Area_Type": "Residential Area", "Verification_Status": "", "Area_SqKM": 0.26753650033278226}, "geometry": {"type": "Point", "coordinates": [-114.15247802010104, 46.98169831992989]}}, {"type": "Feature", "properties": {"PWSID": "MT0004530", "PWS_Name": "MEADOW BROOK PARK", "Primacy_Agency": "MT", "Population_Served_Count": 120, "Service_Connections_Count": 52, "Service_Area_Type": "Residential Area", "Verification_Status": "", "Area_SqKM": 0.0321611650650094}, "geometry": {"type": "Point", "coordinates": [-114.29502302712328, 47.02445982430716]}}, {"type": "Feature", "properties": {"PWSID": "MT0004543", "PWS_Name": "ASHLEY HILLS HOA", "Primacy_Agency": "MT", "Population_Served_Count": 75, "Service_Connections_Count": 30, "Service_Area_Type": "Residential Area", "Verification_Status": "", "Area_SqKM": 0.07834705373048644}, "geometry": {"type": "Point", "coordinates": [-114.4004614647633, 48.188185932438074]}}, {"type": "Feature", "properties": {"PWSID": "MT0004657", "PWS_Name": "TIMBERS AT WHITEFISH  THE", "Primacy_Agency": "MT", "Population_Served_Count": 40, "Service_Connections_Count": 18, "Service_Area_Type": "Residential Area", "Verification_Status": "", "Area_SqKM": 0.3019954471087101}, "geometry": {"type": "Point", "coordinates": [-114.33469577456636, 48.329749960352366]}}, {"type": "Feature", "properties": {"PWSID": "MT0004745", "PWS_Name": "DWAYNES VILLAGE", "Primacy_Agency": "MT", "Population_Served_Count": 40, "Service_Connections_Count": 18, "Service_Area_Type": "Mobile Home Park", "Verification_Status": "", "Area_SqKM": 0.03147203502739293}, "geometry": {"type": "Point", "coordinates": [-114.65293919989091, 48.09749361999602]}}, {"type": "Feature", "properties": {"PWSID": "MT0004929", "PWS_Name": "AP KOOKOOSINT", "Primacy_Agency": "MT", "Population_Served_Count": 40, "Service_Connections_Count": 19, "Service_Area_Type": "Homeowners Association", "Verification_Status": "", "Area_SqKM": 0.9481923314994187}, "geometry": {"type": "Point", "coordinates": [-114.35519929232977, 48.17165395303608]}}, {"type": "Feature", "properties": {"PWSID": "MT0000379", "PWS_Name": "WAGON WHEEL TRAILER VILLAGE", "Primacy_Agency": "MT", "Population_Served_Count": 210, "Service_Connections_Count": 69, "Service_Area_Type": "Mobile Home Park", "Verification_Status": "", "Area_SqKM": 0.05071132077719358}, "geometry": {"type": "Point", "coordinates": [-114.18298799974185, 46.90426062861497]}}, {"type": "Feature", "properties": {"PWSID": "MT0000374", "PWS_Name": "BAIR CLARK PROPERTIES, LLC", "Primacy_Agency": "MT", "Population_Served_Count": 180, "Service_Connections_Count": 53, "Service_Area_Type": "Mobile Home Park", "Verification_Status": "", "Area_SqKM": 0.011697051841785005}, "geometry": {"type": "Point", "coordinates": [-114.10713775981021, 46.93172116016212]}}, {"type": "Feature", "properties": {"PWSID": "MT0002819", "PWS_Name": "COUNTRY COURT COMMUNITY INC", "Primacy_Agency": "MT", "Population_Served_Count": 25, "Service_Connections_Count": 11, "Service_Area_Type": "Mobile Home Park", "Verification_Status": "", "Area_SqKM": 0.011607572488186028}, "geometry": {"type": "Point", "coordinates": [-114.27818728310267, 48.16490263338381]}}, {"type": "Feature", "properties": {"PWSID": "MT0004074", "PWS_Name": "BONNIE'S PLACE, INC.", "Primacy_Agency": "MT", "Population_Served_Count": 60, "Service_Connections_Count": 24, "Service_Area_Type": "Mobile Home Park", "Verification_Status": "", "Area_SqKM": 0.012488511564322005}, "geometry": {"type": "Point", "coordinates": [-114.032906772576, 46.86558476370396]}}, {"type": "Feature", "properties": {"PWSID": "MT0000077", "PWS_Name": "SUNRISE TERRACE NO 1 HOA", "Primacy_Agency": "MT", "Population_Served_Count": 85, "Service_Connections_Count": 29, "Service_Area_Type": "Residential Area", "Verification_Status": "", "Area_SqKM": 0.828469535773465}, "geometry": {"type": "Point", "coordinates": [-114.23346803640068, 48.21797282727861]}}, {"type": "Feature", "properties": {"PWSID": "MT0000108", "PWS_Name": "RIVERSIDE MOBILE HOME PARK", "Primacy_Agency": "MT", "Population_Served_Count": 100, "Service_Connections_Count": 37, "Service_Area_Type": "Mobile Home Park", "Verification_Status": "", "Area_SqKM": 0.015319144349018432}, "geometry": {"type": "Point", "coordinates": [-114.2246966715267, 48.34754076186856]}}, {"type": "Feature", "properties": {"PWSID": "MT0000126", "PWS_Name": "BEAR CREEK VILLAGE  BIGFORK", "Primacy_Agency": "MT", "Population_Served_Count": 100, "Service_Connections_Count": 37, "Service_Area_Type": "Mobile Home Park", "Verification_Status": "", "Area_SqKM": 0.05087737779584438}, "geometry": {"type": "Point", "coordinates": [-113.97645188889494, 48.069784263875235]}}, {"type": "Feature", "properties": {"PWSID": "MT0000198", "PWS_Name": "MONTANA STATE PRISON", "Primacy_Agency": "MT", "Population_Served_Count": 2100, "Service_Connections_Count": 53, "Service_Area_Type": "Institution", "Verification_Status": "", "Area_SqKM": 0.2840701205363274}, "geometry": {"type": "Point", "coordinates": [-113.14619918972804, 46.66825681894452]}}, {"type": "Feature", "properties": {"PWSID": "MT0000370", "PWS_Name": "LEWIS AND CLARK TRAILER COURT", "Primacy_Agency": "MT", "Population_Served_Count": 110, "Service_Connections_Count": 42, "Service_Area_Type": "Mobile Home Park", "Verification_Status": "", "Area_SqKM": 0.16237318814239213}, "geometry": {"type": "Point", "coordinates": [-113.70642373642022, 46.777506829588496]}}, {"type": "Feature", "properties": {"PWSID": "MT0000372", "PWS_Name": "GREENLAND MOBILE HOME PARK", "Primacy_Agency": "MT", "Population_Served_Count": 163, "Service_Connections_Count": 71, "Service_Area_Type": "Mobile Home Park", "Verification_Status": "", "Area_SqKM": 0.017493437414061792}, "geometry": {"type": "Point", "coordinates": [-113.8895133175193, 46.88365397057306]}}, {"type": "Feature", "properties": {"PWSID": "MT0000377", "PWS_Name": "HAPPY VALLEY MHP", "Primacy_Agency": "MT", "Population_Served_Count": 55, "Service_Connections_Count": 22, "Service_Area_Type": "Mobile Home Park", "Verification_Status": "", "Area_SqKM": 0.0035105457605358625}, "geometry": {"type": "Point", "coordinates": [-113.89358032509625, 46.88081825014514]}}, {"type": "Feature", "properties": {"PWSID": "MT0000452", "PWS_Name": "CIRCLE J TRAILER COURT", "Primacy_Agency": "MT", "Population_Served_Count": 59, "Service_Connections_Count": 26, "Service_Area_Type": "Mobile Home Park", "Verification_Status": "", "Area_SqKM": 0.008998899851653832}, "geometry": {"type": "Point", "coordinates": [-113.89798056356463, 46.88117504543986]}}, {"type": "Feature", "properties": {"PWSID": "MT0000453", "PWS_Name": "HARVEYS MOBILE HOME PARK", "Primacy_Agency": "MT", "Population_Served_Count": 98, "Service_Connections_Count": 39, "Service_Area_Type": "Mobile Home Park", "Verification_Status": "", "Area_SqKM": 0.06119764046481166}, "geometry": {"type": "Point", "coordinates": [-113.88714685232866, 46.8808576304233]}}, {"type": "Feature", "properties": {"PWSID": "MT0000467", "PWS_Name": "BONNER HOUSING PWS SYSTEM", "Primacy_Agency": "MT", "Population_Served_Count": 128, "Service_Connections_Count": 48, "Service_Area_Type": "Residential Area", "Verification_Status": "", "Area_SqKM": 1.0276689779412094}, "geometry": {"type": "Point", "coordinates": [-113.87021686978545, 46.87019597173483]}}, {"type": "Feature", "properties": {"PWSID": "MT0001793", "PWS_Name": "NORTH FORESTVALE HOMEOWNERS", "Primacy_Agency": "MT", "Population_Served_Count": 98, "Service_Connections_Count": 38, "Service_Area_Type": "Homeowners Association", "Verification_Status": "", "Area_SqKM": 0.22086018195437757}, "geometry": {"type": "Point", "coordinates": [-112.15253933323521, 46.67113731664174]}}, {"type": "Feature", "properties": {"PWSID": "MT0001865", "PWS_Name": "WHITEWATER PARK ASSOC  BONNER", "Primacy_Agency": "MT", "Population_Served_Count": 25, "Service_Connections_Count": 10, "Service_Area_Type": "Homeowners Association", "Verification_Status": "", "Area_SqKM": 0.15405785909569475}, "geometry": {"type": "Point", "coordinates": [-113.71879318329512, 46.90805289997343]}}, {"type": "Feature", "properties": {"PWSID": "MT0001922", "PWS_Name": "HILLTOP TERRACE SUBDIVISION", "Primacy_Agency": "MT", "Population_Served_Count": 230, "Service_Connections_Count": 89, "Service_Area_Type": "Residential Area", "Verification_Status": "", "Area_SqKM": 1.1960754676419012}, "geometry": {"type": "Point", "coordinates": [-114.22206289848195, 48.37878346124981]}}, {"type": "Feature", "properties": {"PWSID": "MT0002031", "PWS_Name": "KINGSBURY COLONY", "Primacy_Agency": "MT", "Population_Served_Count": 120, "Service_Connections_Count": 15, "Service_Area_Type": "Residential Area", "Verification_Status": "", "Area_SqKM": 0.03313029230268265}, "geometry": {"type": "Point", "coordinates": [-112.48409064636887, 48.303432396346984]}}, {"type": "Feature", "properties": {"PWSID": "MT0002119", "PWS_Name": "CANYON PINES HOA", "Primacy_Agency": "MT", "Population_Served_Count": 32, "Service_Connections_Count": 13, "Service_Area_Type": "Homeowners Association", "Verification_Status": "", "Area_SqKM": 0.022249786907317458}, "geometry": {"type": "Point", "coordinates": [-113.85478515430277, 46.855004499907835]}}, {"type": "Feature", "properties": {"PWSID": "MT0002493", "PWS_Name": "BIG SKY MOBILE MANOR", "Primacy_Agency": "MT", "Population_Served_Count": 35, "Service_Connections_Count": 23, "Service_Area_Type": "Mobile Home Park", "Verification_Status": "", "Area_SqKM": 0.0054487406470807255}, "geometry": {"type": "Point", "coordinates": [-114.1997176000488, 48.36658161520544]}}, {"type": "Feature", "properties": {"PWSID": "MT0002729", "PWS_Name": "ST MARY HEADQUARTERS AND CG", "Primacy_Agency": "MT", "Population_Served_Count": 430, "Service_Connections_Count": 150, "Service_Area_Type": "Recreation Area", "Verification_Status": "", "Area_SqKM": 0.29458789046171147}, "geometry": {"type": "Point", "coordinates": [-113.43133549093038, 48.74559926213431]}}, {"type": "Feature", "properties": {"PWSID": "MT0002812", "PWS_Name": "ROCKY MOUNTAIN HI RV PARK", "Primacy_Agency": "MT", "Population_Served_Count": 275, "Service_Connections_Count": 126, "Service_Area_Type": "Mobile Home Park", "Verification_Status": "", "Area_SqKM": 1.006669128399016}, "geometry": {"type": "Point", "coordinates": [-114.2380506913574, 48.25883299775756]}}, {"type": "Feature", "properties": {"PWSID": "MT0002814", "PWS_Name": "EAST WOOD VILLAGE TRAILER PARK", "Primacy_Agency": "MT", "Population_Served_Count": 36, "Service_Connections_Count": 18, "Service_Area_Type": "Mobile Home Park", "Verification_Status": "", "Area_SqKM": 0.22741387324170345}, "geometry": {"type": "Point", "coordinates": [-114.17681375112134, 48.365217907019364]}}, {"type": "Feature", "properties": {"PWSID": "MT0002893", "PWS_Name": "THOMPSON RANCHETTES II", "Primacy_Agency": "MT", "Population_Served_Count": 100, "Service_Connections_Count": 32, "Service_Area_Type": "Homeowners Association", "Verification_Status": "", "Area_SqKM": 1.0353211469140637}, "geometry": {"type": "Point", "coordinates": [-114.2511796890246, 48.26283473292996]}}, {"type": "Feature", "properties": {"PWSID": "MT0002997", "PWS_Name": "KOKANEE BEND HOA", "Primacy_Agency": "MT", "Population_Served_Count": 230, "Service_Connections_Count": 59, "Service_Area_Type": "Residential Area", "Verification_Status": "", "Area_SqKM": 0.05606202737221286}, "geometry": {"type": "Point", "coordinates": [-114.21022971867853, 48.344067788243116]}}, {"type": "Feature", "properties": {"PWSID": "MT0003031", "PWS_Name": "COUNTRY LAKE HOMES  WHITEFISH", "Primacy_Agency": "MT", "Population_Served_Count": 260, "Service_Connections_Count": 92, "Service_Area_Type": "Subdivision", "Verification_Status": "", "Area_SqKM": 0.1289185889297166}, "geometry": {"type": "Point", "coordinates": [-114.31408227442994, 48.34364975580793]}}, {"type": "Feature", "properties": {"PWSID": "MT0003040", "PWS_Name": "SUNRISE TERRACE SUBD NO 2", "Primacy_Agency": "MT", "Population_Served_Count": 131, "Service_Connections_Count": 36, "Service_Area_Type": "Residential Area", "Verification_Status": "", "Area_SqKM": 0.817355718039206}, "geometry": {"type": "Point", "coordinates": [-114.24361930643725, 48.21458235103753]}}, {"type": "Feature", "properties": {"PWSID": "MT0003088", "PWS_Name": "MILLTOWN WATERS USERS ASSOCIATION", "Primacy_Agency": "MT", "Population_Served_Count": 105, "Service_Connections_Count": 34, "Service_Area_Type": "Homeowners Association", "Verification_Status": "", "Area_SqKM": 0.1893624928751779}, "geometry": {"type": "Point", "coordinates": [-113.88107569088893, 46.870172281884656]}}, {"type": "Feature", "properties": {"PWSID": "MT0003176", "PWS_Name": "HEADQUARTERS  APGAR", "Primacy_Agency": "MT", "Population_Served_Count": 500, "Service_Connections_Count": 135, "Service_Area_Type": "Residential Area", "Verification_Status": "", "Area_SqKM": 0.020914593355260518}, "geometry": {"type": "Point", "coordinates": [-113.87612224995439, 48.61752180001572]}}, {"type": "Feature", "properties": {"PWSID": "MT0003334", "PWS_Name": "PIEGAN BORDER STATION", "Primacy_Agency": "MT", "Population_Served_Count": 94, "Service_Connections_Count": 21, "Service_Area_Type": "Other Transient Area", "Verification_Status": "", "Area_SqKM": 0.024961409593938867}, "geometry": {"type": "Point", "coordinates": [-113.38200009995592, 48.99336595006118]}}, {"type": "Feature", "properties": {"PWSID": "MT0003602", "PWS_Name": "GREENWOOD VILLAGE RV AND MHP", "Primacy_Agency": "MT", "Population_Served_Count": 195, "Service_Connections_Count": 87, "Service_Area_Type": "Mobile Home Park", "Verification_Status": "", "Area_SqKM": 0.04794405465426761}, "geometry": {"type": "Point", "coordinates": [-114.3006050667669, 48.205685144464596]}}, {"type": "Feature", "properties": {"PWSID": "MT0003652", "PWS_Name": "RIVER BLUFF HOA  WHITEFISH", "Primacy_Agency": "MT", "Population_Served_Count": 32, "Service_Connections_Count": 16, "Service_Area_Type": "Subdivision", "Verification_Status": "", "Area_SqKM": 0.30155437817766373}, "geometry": {"type": "Point", "coordinates": [-114.31080044087747, 48.37021774995529]}}, {"type": "Feature", "properties": {"PWSID": "MT0003744", "PWS_Name": "PONDERA COLONY WATER SYSTEMS", "Primacy_Agency": "MT", "Population_Served_Count": 112, "Service_Connections_Count": 9, "Service_Area_Type": "Residential Area", "Verification_Status": "", "Area_SqKM": 0.605965622316646}, "geometry": {"type": "Point", "coordinates": [-112.42182291442813, 48.24053503333802]}}, {"type": "Feature", "properties": {"PWSID": "MT0003932", "PWS_Name": "HIDDEN LAKE COLONY", "Primacy_Agency": "MT", "Population_Served_Count": 80, "Service_Connections_Count": 7, "Service_Area_Type": "Residential Area", "Verification_Status": "", "Area_SqKM": 0.587851031443825}, "geometry": {"type": "Point", "coordinates": [-112.60417046683149, 48.59876186669948]}}, {"type": "Feature", "properties": {"PWSID": "MT0004186", "PWS_Name": "RIDGEWOOD TERRACE MHP", "Primacy_Agency": "MT", "Population_Served_Count": 280, "Service_Connections_Count": 134, "Service_Area_Type": "Mobile Home Park", "Verification_Status": "", "Area_SqKM": 0.029718029869078542}, "geometry": {"type": "Point", "coordinates": [-114.28172353142496, 48.230188363043645]}}, {"type": "Feature", "properties": {"PWSID": "MT0004288", "PWS_Name": "BLUE CLOUD SUBDIVISION", "Primacy_Agency": "MT", "Population_Served_Count": 60, "Service_Connections_Count": 22, "Service_Area_Type": "Subdivision", "Verification_Status": "", "Area_SqKM": 0.10280352892493312}, "geometry": {"type": "Point", "coordinates": [-112.09992828395409, 46.62410314844085]}}, {"type": "Feature", "properties": {"PWSID": "MT0004322", "PWS_Name": "NEW CASTLE COURT", "Primacy_Agency": "MT", "Population_Served_Count": 55, "Service_Connections_Count": 24, "Service_Area_Type": "Mobile Home Park", "Verification_Status": "", "Area_SqKM": 0.24593038236259104}, "geometry": {"type": "Point", "coordinates": [-113.90001608523562, 46.87648053273538]}}, {"type": "Feature", "properties": {"PWSID": "MT0004483", "PWS_Name": "PRAIRIE FALCON ACRES", "Primacy_Agency": "MT", "Population_Served_Count": 41, "Service_Connections_Count": 14, "Service_Area_Type": "Subdivision", "Verification_Status": "", "Area_SqKM": 0.408878674688475}, "geometry": {"type": "Point", "coordinates": [-114.23681100000059, 48.34454702507619]}}, {"type": "Feature", "properties": {"PWSID": "MT0004514", "PWS_Name": "EAST VALLEY ESTATES", "Primacy_Agency": "MT", "Population_Served_Count": 63, "Service_Connections_Count": 45, "Service_Area_Type": "Residential Area", "Verification_Status": "", "Area_SqKM": 0.02370826400440932}, "geometry": {"type": "Point", "coordinates": [-114.20264702961843, 48.21227809465838]}}, {"type": "Feature", "properties": {"PWSID": "MT0004537", "PWS_Name": "TURAH MEADOWS", "Primacy_Agency": "MT", "Population_Served_Count": 73, "Service_Connections_Count": 57, "Service_Area_Type": "Other Residential", "Verification_Status": "", "Area_SqKM": 0.19871638742773598}, "geometry": {"type": "Point", "coordinates": [-113.83292457287007, 46.838685652588275]}}, {"type": "Feature", "properties": {"PWSID": "MT0004545", "PWS_Name": "PHEASANT HAVEN ESTATES", "Primacy_Agency": "MT", "Population_Served_Count": 53, "Service_Connections_Count": 22, "Service_Area_Type": "Other Residential", "Verification_Status": "", "Area_SqKM": 3.927987408587864}, "geometry": {"type": "Point", "coordinates": [-114.17354558130947, 48.127296979592295]}}, {"type": "Feature", "properties": {"PWSID": "MT0004697", "PWS_Name": "BROADWATER ESTATES HOA", "Primacy_Agency": "MT", "Population_Served_Count": 40, "Service_Connections_Count": 52, "Service_Area_Type": "Other Residential", "Verification_Status": "", "Area_SqKM": 0.23199962678723293}, "geometry": {"type": "Point", "coordinates": [-112.10464628056374, 46.59849849153377]}}, {"type": "Feature", "properties": {"PWSID": "MT0004698", "PWS_Name": "WOODS BAY WATER AND SEWER DISTRICT", "Primacy_Agency": "MT", "Population_Served_Count": 685, "Service_Connections_Count": 265, "Service_Area_Type": "Residential Area", "Verification_Status": "", "Area_SqKM": 0.284623503390984}, "geometry": {"type": "Point", "coordinates": [-113.84577688234296, 47.925521876457694]}}, {"type": "Feature", "properties": {"PWSID": "MT0004743", "PWS_Name": "SKY VIEW ESTATES", "Primacy_Agency": "MT", "Population_Served_Count": 60, "Service_Connections_Count": 25, "Service_Area_Type": "Subdivision", "Verification_Status": "", "Area_SqKM": 9.505556233622935}, "geometry": {"type": "Point", "coordinates": [-114.213693359115, 48.127520483093775]}}, {"type": "Feature", "properties": {"PWSID": "MT0004753", "PWS_Name": "EAST EVERGREEN MOBILE MANOR", "Primacy_Agency": "MT", "Population_Served_Count": 155, "Service_Connections_Count": 62, "Service_Area_Type": "Mobile Home Park", "Verification_Status": "", "Area_SqKM": 0.015337744090296097}, "geometry": {"type": "Point", "coordinates": [-114.2744296000488, 48.22401707693715]}}, {"type": "Feature", "properties": {"PWSID": "MT0004768", "PWS_Name": "ZENITH COLONY", "Primacy_Agency": "MT", "Population_Served_Count": 70, "Service_Connections_Count": 13, "Service_Area_Type": "Residential Area", "Verification_Status": "", "Area_SqKM": 171.2884535109291}, "geometry": {"type": "Point", "coordinates": [-112.48501532547694, 48.90615422240446]}}, {"type": "Feature", "properties": {"PWSID": "MT0004778", "PWS_Name": "BYNUM  - TETON CO W & S DISTRICT", "Primacy_Agency": "MT", "Population_Served_Count": 100, "Service_Connections_Count": 30, "Service_Area_Type": "Residential Area", "Verification_Status": "", "Area_SqKM": 0.348746124549968}, "geometry": {"type": "Point", "coordinates": [-112.47467779996848, 48.0669650000662]}}, {"type": "Feature", "properties": {"PWSID": "MT0005002", "PWS_Name": "SWEETGRASS RANCH SUBDIVISION", "Primacy_Agency": "MT", "Population_Served_Count": 30, "Service_Connections_Count": 24, "Service_Area_Type": "Residential Area", "Verification_Status": "", "Area_SqKM": 5.870171901762863}, "geometry": {"type": "Point", "coordinates": [-114.15724795305051, 48.23794920017606]}}, {"type": "Feature", "properties": {"PWSID": "MT0000591", "PWS_Name": "FOREST PARK WATER USERS ASSOCIATION", "Primacy_Agency": "MT", "Population_Served_Count": 323, "Service_Connections_Count": 134, "Service_Area_Type": "Homeowners Association", "Verification_Status": "", "Area_SqKM": 5.180927681765551}, "geometry": {"type": "Point", "coordinates": [-111.97293447832442, 46.49656477216419]}}, {"type": "Feature", "properties": {"PWSID": "MT0005069", "PWS_Name": "THE BENCHES", "Primacy_Agency": "MT", "Population_Served_Count": 123, "Service_Connections_Count": 49, "Service_Area_Type": "Other Residential", "Verification_Status": "", "Area_SqKM": 0.018489922214526153}, "geometry": {"type": "Point", "coordinates": [-114.15315282217378, 48.359529277541945]}}, {"type": "Feature", "properties": {"PWSID": "MT0003531", "PWS_Name": "HALFMOON MOBILE HOME PARK INC", "Primacy_Agency": "MT", "Population_Served_Count": 60, "Service_Connections_Count": 31, "Service_Area_Type": "Mobile Home Park", "Verification_Status": "", "Area_SqKM": 0.12142349553437007}, "geometry": {"type": "Point", "coordinates": [-114.25424548875422, 48.38386762227035]}}, {"type": "Feature", "properties": {"PWSID": "MT0000451", "PWS_Name": "CAROLS TRAILER COURT", "Primacy_Agency": "MT", "Population_Served_Count": 50, "Service_Connections_Count": 19, "Service_Area_Type": "Other Non-transient Area", "Verification_Status": "", "Area_SqKM": 0.028153859025736094}, "geometry": {"type": "Point", "coordinates": [-113.892106837288, 46.881189700207486]}}, {"type": "Feature", "properties": {"PWSID": "MT0002856", "PWS_Name": "ELK PARK VILLAGE", "Primacy_Agency": "MT", "Population_Served_Count": 35, "Service_Connections_Count": 14, "Service_Area_Type": "Mobile Home Park", "Verification_Status": "", "Area_SqKM": 0.028448513326000773}, "geometry": {"type": "Point", "coordinates": [-114.1353524404348, 48.301266140111316]}}, {"type": "Feature", "properties": {"PWSID": "MT0000111", "PWS_Name": "2155 COLUMBIA FALLS LLC", "Primacy_Agency": "MT", "Population_Served_Count": 70, "Service_Connections_Count": 24, "Service_Area_Type": "Mobile Home Park", "Verification_Status": "", "Area_SqKM": 0.02043390542448176}, "geometry": {"type": "Point", "coordinates": [-114.21167136619317, 48.37197606685525]}}, {"type": "Feature", "properties": {"PWSID": "MT0000095", "PWS_Name": "HANSONS TRAILER COURT", "Primacy_Agency": "MT", "Population_Served_Count": 40, "Service_Connections_Count": 20, "Service_Area_Type": "Mobile Home Park", "Verification_Status": "", "Area_SqKM": 0.01569054812322613}, "geometry": {"type": "Point", "coordinates": [-114.30672751695884, 48.21824874994878]}}, {"type": "Feature", "properties": {"PWSID": "MT0000110", "PWS_Name": "NORTHFORK TR CT COLUMBIA FALLS", "Primacy_Agency": "MT", "Population_Served_Count": 48, "Service_Connections_Count": 19, "Service_Area_Type": "Mobile Home Park", "Verification_Status": "", "Area_SqKM": 0.006391076533599871}, "geometry": {"type": "Point", "coordinates": [-114.1633715396758, 48.38863897982188]}}, {"type": "Feature", "properties": {"PWSID": "MT0000351", "PWS_Name": "VALIER  TOWN OF", "Primacy_Agency": "MT", "Population_Served_Count": 452, "Service_Connections_Count": 351, "Service_Area_Type": "Municipality", "Verification_Status": "", "Area_SqKM": 2.1698924174526493}, "geometry": {"type": "Point", "coordinates": [-112.24763438970817, 48.30627849850995]}}, {"type": "Feature", "properties": {"PWSID": "MT0000615", "PWS_Name": "CAMELOT HOA", "Primacy_Agency": "MT", "Population_Served_Count": 96, "Service_Connections_Count": 24, "Service_Area_Type": "Residential Area", "Verification_Status": "", "Area_SqKM": 0.008854381856210474}, "geometry": {"type": "Point", "coordinates": [-112.30107008549587, 46.75069188600547]}}, {"type": "Feature", "properties": {"PWSID": "MT0001649", "PWS_Name": "MILLER COLONY", "Primacy_Agency": "MT", "Population_Served_Count": 84, "Service_Connections_Count": 11, "Service_Area_Type": "Residential Area", "Verification_Status": "", "Area_SqKM": 0.13414576499831526}, "geometry": {"type": "Point", "coordinates": [-112.29204293316796, 47.92671693326949]}}, {"type": "Feature", "properties": {"PWSID": "MT0001778", "PWS_Name": "ROCKPORT COLONY", "Primacy_Agency": "MT", "Population_Served_Count": 92, "Service_Connections_Count": 10, "Service_Area_Type": "Residential Area", "Verification_Status": "", "Area_SqKM": 0.012588767958127807}, "geometry": {"type": "Point", "coordinates": [-112.29997693331057, 48.07284149174109]}}, {"type": "Feature", "properties": {"PWSID": "MT0001783", "PWS_Name": "RIMROCK COLONY", "Primacy_Agency": "MT", "Population_Served_Count": 124, "Service_Connections_Count": 8, "Service_Area_Type": "Residential Area", "Verification_Status": "", "Area_SqKM": 0.03549883106993238}, "geometry": {"type": "Point", "coordinates": [-112.0963868077643, 48.89542284617934]}}, {"type": "Feature", "properties": {"PWSID": "MT0004529", "PWS_Name": "HORIZON COLONY", "Primacy_Agency": "MT", "Population_Served_Count": 150, "Service_Connections_Count": 19, "Service_Area_Type": "Residential Area", "Verification_Status": "", "Area_SqKM": 0.04145758241136268}, "geometry": {"type": "Point", "coordinates": [-112.31894583492746, 48.698766381402535]}}, {"type": "Feature", "properties": {"PWSID": "MT0002390", "PWS_Name": "TREASURE STATE ACRES WUA", "Primacy_Agency": "MT", "Population_Served_Count": 483, "Service_Connections_Count": 196, "Service_Area_Type": "Subdivision", "Verification_Status": "", "Area_SqKM": 1.2500582457223406}, "geometry": {"type": "Point", "coordinates": [-112.01680309336426, 46.63359812938199]}}, {"type": "Feature", "properties": {"PWSID": "MT0000030", "PWS_Name": "BLUE SKY HEIGHTS WUA  CLANCY", "Primacy_Agency": "MT", "Population_Served_Count": 250, "Service_Connections_Count": 101, "Service_Area_Type": "Homeowners Association", "Verification_Status": "", "Area_SqKM": 0.19163793163677084}, "geometry": {"type": "Point", "coordinates": [-111.96166559283087, 46.50014493338777]}}, {"type": "Feature", "properties": {"PWSID": "MT0000046", "PWS_Name": "RYAN DAM WATER SYSTEM", "Primacy_Agency": "MT", "Population_Served_Count": 230, "Service_Connections_Count": 14, "Service_Area_Type": "Homeowners Association", "Verification_Status": "", "Area_SqKM": 0.013092982997130473}, "geometry": {"type": "Point", "coordinates": [-112.01939670337033, 46.58764032973779]}}, {"type": "Feature", "properties": {"PWSID": "MT0000057", "PWS_Name": "SADDLE MOUNTAIN CORP  CLANCY", "Primacy_Agency": "MT", "Population_Served_Count": 350, "Service_Connections_Count": 124, "Service_Area_Type": "Subdivision", "Verification_Status": "", "Area_SqKM": 1.0125710816799813}, "geometry": {"type": "Point", "coordinates": [-111.94192196251943, 46.53420527180528]}}, {"type": "Feature", "properties": {"PWSID": "MT0000128", "PWS_Name": "HANGMANS TREE WUA", "Primacy_Agency": "MT", "Population_Served_Count": 158, "Service_Connections_Count": 64, "Service_Area_Type": "Homeowners Association", "Verification_Status": "", "Area_SqKM": 0.3560919003474344}, "geometry": {"type": "Point", "coordinates": [-111.94844249854502, 46.504667145773006]}}, {"type": "Feature", "properties": {"PWSID": "MT0000597", "PWS_Name": "GOLDEN ESTATES TRAILER COURT", "Primacy_Agency": "MT", "Population_Served_Count": 225, "Service_Connections_Count": 68, "Service_Area_Type": "Mobile Home Park", "Verification_Status": "", "Area_SqKM": 0.01774427970076293}, "geometry": {"type": "Point", "coordinates": [-111.98789625554988, 46.58864593353941]}}, {"type": "Feature", "properties": {"PWSID": "MT0000601", "PWS_Name": "MOBILE CITY HOME PARK NO 1", "Primacy_Agency": "MT", "Population_Served_Count": 100, "Service_Connections_Count": 48, "Service_Area_Type": "Mobile Home Park", "Verification_Status": "", "Area_SqKM": 0.06557409387128013}, "geometry": {"type": "Point", "coordinates": [-112.06620487270813, 46.61022696366674]}}, {"type": "Feature", "properties": {"PWSID": "MT0000603", "PWS_Name": "PEBBLE GARDENS MOBILE HOME CT", "Primacy_Agency": "MT", "Population_Served_Count": 125, "Service_Connections_Count": 56, "Service_Area_Type": "Mobile Home Park", "Verification_Status": "", "Area_SqKM": 0.08393310747749953}, "geometry": {"type": "Point", "coordinates": [-112.0238049500877, 46.62511660004749]}}, {"type": "Feature", "properties": {"PWSID": "MT0002005", "PWS_Name": "TEN MILE AND PLEASANT VALLEY WUA", "Primacy_Agency": "MT", "Population_Served_Count": 750, "Service_Connections_Count": 310, "Service_Area_Type": "Residential Area", "Verification_Status": "", "Area_SqKM": 0.8382341935338162}, "geometry": {"type": "Point", "coordinates": [-112.02287485605275, 46.633695896006586]}}, {"type": "Feature", "properties": {"PWSID": "MT0002917", "PWS_Name": "MCHUGH MOBILE HOME PARK", "Primacy_Agency": "MT", "Population_Served_Count": 490, "Service_Connections_Count": 275, "Service_Area_Type": "Mobile Home Park", "Verification_Status": "", "Area_SqKM": 0.2715645520119115}, "geometry": {"type": "Point", "coordinates": [-112.02974606848831, 46.611559126255635]}}, {"type": "Feature", "properties": {"PWSID": "MT0002978", "PWS_Name": "JEFFERSON HILLS WUA", "Primacy_Agency": "MT", "Population_Served_Count": 780, "Service_Connections_Count": 72, "Service_Area_Type": "Homeowners Association", "Verification_Status": "", "Area_SqKM": 0.2531770179658809}, "geometry": {"type": "Point", "coordinates": [-111.95394582359569, 46.537501125832435]}}, {"type": "Feature", "properties": {"PWSID": "MT0003614", "PWS_Name": "JEFFERSON TRACTS ASSOC INC", "Primacy_Agency": "MT", "Population_Served_Count": 80, "Service_Connections_Count": 33, "Service_Area_Type": "Subdivision", "Verification_Status": "", "Area_SqKM": 0.16929106252005205}, "geometry": {"type": "Point", "coordinates": [-111.96238175443621, 46.5344812534555]}}, {"type": "Feature", "properties": {"PWSID": "MT0004187", "PWS_Name": "GOLDEN ESTATES HOMEOWNERS ASSOCIATION", "Primacy_Agency": "MT", "Population_Served_Count": 400, "Service_Connections_Count": 84, "Service_Area_Type": "Homeowners Association", "Verification_Status": "", "Area_SqKM": 0.6018581585198579}, "geometry": {"type": "Point", "coordinates": [-112.02663178983107, 46.63097786136348]}}, {"type": "Feature", "properties": {"PWSID": "MT0004257", "PWS_Name": "STONEY BROOK VILLAGE CONDOMINIUM ASSOC", "Primacy_Agency": "MT", "Population_Served_Count": 142, "Service_Connections_Count": 63, "Service_Area_Type": "Subdivision", "Verification_Status": "", "Area_SqKM": 0.1901135094897648}, "geometry": {"type": "Point", "coordinates": [-111.94449732649419, 46.524940264597795]}}, {"type": "Feature", "properties": {"PWSID": "MT0004489", "PWS_Name": "BRYANT NO 3 SUBDIVISION", "Primacy_Agency": "MT", "Population_Served_Count": 100, "Service_Connections_Count": 56, "Service_Area_Type": "Subdivision", "Verification_Status": "", "Area_SqKM": 0.6105944511283193}, "geometry": {"type": "Point", "coordinates": [-112.02853135786486, 46.643976684227304]}}, {"type": "Feature", "properties": {"PWSID": "MT0004559", "PWS_Name": "GLACIER POINT HO AND WUA", "Primacy_Agency": "MT", "Population_Served_Count": 210, "Service_Connections_Count": 84, "Service_Area_Type": "Subdivision", "Verification_Status": "", "Area_SqKM": 1.4845964139913053}, "geometry": {"type": "Point", "coordinates": [-112.01853058510703, 46.64893676820341]}}, {"type": "Feature", "properties": {"PWSID": "MT0004834", "PWS_Name": "NCMRWA   PONDERA CO SERVICE AREA", "Primacy_Agency": "MT", "Population_Served_Count": 144, "Service_Connections_Count": 1, "Service_Area_Type": "Wholesaler of Water", "Verification_Status": "", "Area_SqKM": 0.39781665404247935}, "geometry": {"type": "Point", "coordinates": [-112.06879220952162, 46.55219612824298]}}, {"type": "Feature", "properties": {"PWSID": "MT0005088", "PWS_Name": "MOBILE CITY 3", "Primacy_Agency": "MT", "Population_Served_Count": 40, "Service_Connections_Count": 40, "Service_Area_Type": "Residential Area", "Verification_Status": "", "Area_SqKM": 0.006033543944921208}, "geometry": {"type": "Point", "coordinates": [-112.0616887998341, 46.60982332715166]}}, {"type": "Feature", "properties": {"PWSID": "MT0003043", "PWS_Name": "MOBILE CITY HOME PARK NO 2", "Primacy_Agency": "MT", "Population_Served_Count": 300, "Service_Connections_Count": 153, "Service_Area_Type": "Mobile Home Park", "Verification_Status": "", "Area_SqKM": 0.04083626230882499}, "geometry": {"type": "Point", "coordinates": [-112.06441911795328, 46.60974658182091]}}, {"type": "Feature", "properties": {"PWSID": "MT0000605", "PWS_Name": "TRAILS END TR PARK  HELENA", "Primacy_Agency": "MT", "Population_Served_Count": 35, "Service_Connections_Count": 15, "Service_Area_Type": "Other Residential", "Verification_Status": "", "Area_SqKM": 0.01911900808955694}, "geometry": {"type": "Point", "coordinates": [-112.02617930007216, 46.64754250010598]}}, {"type": "Feature", "properties": {"PWSID": "MT0000186", "PWS_Name": "CONRAD WATER DEPT", "Primacy_Agency": "MT", "Population_Served_Count": 2500, "Service_Connections_Count": 1247, "Service_Area_Type": "Municipality", "Verification_Status": "", "Area_SqKM": 3.286326768902687}, "geometry": {"type": "Point", "coordinates": [-111.95020347021045, 48.16923159177082]}}, {"type": "Feature", "properties": {"PWSID": "MT0000212", "PWS_Name": "FAIRFIELD  TOWN OF", "Primacy_Agency": "MT", "Population_Served_Count": 718, "Service_Connections_Count": 371, "Service_Area_Type": "Residential Area", "Verification_Status": "", "Area_SqKM": 0.8247203998401132}, "geometry": {"type": "Point", "coordinates": [-111.98185340118339, 47.61501822247962]}}, {"type": "Feature", "properties": {"PWSID": "MT0000265", "PWS_Name": "KEVIN  TOWN OF", "Primacy_Agency": "MT", "Population_Served_Count": 290, "Service_Connections_Count": 87, "Service_Area_Type": "Residential Area", "Verification_Status": "", "Area_SqKM": 0.49386408643853896}, "geometry": {"type": "Point", "coordinates": [-111.96710682496578, 48.747038793737346]}}, {"type": "Feature", "properties": {"PWSID": "MT0004872", "PWS_Name": "MOONLIGHT ESTATES HOA", "Primacy_Agency": "MT", "Population_Served_Count": 44, "Service_Connections_Count": 19, "Service_Area_Type": "Homeowners Association", "Verification_Status": "", "Area_SqKM": 0.16621577236452223}, "geometry": {"type": "Point", "coordinates": [-112.03200788796494, 46.65588700657644]}}, {"type": "Feature", "properties": {"PWSID": "MT0004474", "PWS_Name": "GRAND VALLEY ESTATES SUBDIVISION", "Primacy_Agency": "MT", "Population_Served_Count": 50, "Service_Connections_Count": 23, "Service_Area_Type": "Subdivision", "Verification_Status": "", "Area_SqKM": 0.3933055109431757}, "geometry": {"type": "Point", "coordinates": [-112.0261489551213, 46.70773311722662]}}, {"type": "Feature", "properties": {"PWSID": "MT0004448", "PWS_Name": "GRASS LAND ESTATES", "Primacy_Agency": "MT", "Population_Served_Count": 228, "Service_Connections_Count": 91, "Service_Area_Type": "Subdivision", "Verification_Status": "", "Area_SqKM": 0.2642068181111131}, "geometry": {"type": "Point", "coordinates": [-112.00249146328679, 46.64502965248274]}}, {"type": "Feature", "properties": {"PWSID": "MT0004144", "PWS_Name": "APPLEGATE VILLAGE", "Primacy_Agency": "MT", "Population_Served_Count": 85, "Service_Connections_Count": 34, "Service_Area_Type": "Subdivision", "Verification_Status": "", "Area_SqKM": 0.41326696305592764}, "geometry": {"type": "Point", "coordinates": [-112.04556738337843, 46.70000413702056]}}, {"type": "Feature", "properties": {"PWSID": "MT0003183", "PWS_Name": "BARNETT WATER USERS  SYSTEM", "Primacy_Agency": "MT", "Population_Served_Count": 70, "Service_Connections_Count": 29, "Service_Area_Type": "Subdivision", "Verification_Status": "", "Area_SqKM": 0.7311965123194454}, "geometry": {"type": "Point", "coordinates": [-112.0234069436919, 46.65676592594396]}}, {"type": "Feature", "properties": {"PWSID": "MT0002743", "PWS_Name": "ROSEMARYS ADDITION", "Primacy_Agency": "MT", "Population_Served_Count": 30, "Service_Connections_Count": 14, "Service_Area_Type": "Subdivision", "Verification_Status": "", "Area_SqKM": 1.0655407917598463}, "geometry": {"type": "Point", "coordinates": [-112.04774425923155, 46.69493045927475]}}, {"type": "Feature", "properties": {"PWSID": "MT0002172", "PWS_Name": "TOWN VIEW ESTATES WUA INC", "Primacy_Agency": "MT", "Population_Served_Count": 175, "Service_Connections_Count": 70, "Service_Area_Type": "Subdivision", "Verification_Status": "", "Area_SqKM": 0.8255830154191458}, "geometry": {"type": "Point", "coordinates": [-112.03000804801883, 46.73045095031317]}}, {"type": "Feature", "properties": {"PWSID": "MT0000596", "PWS_Name": "BEACON TRAILER COURT  HELENA", "Primacy_Agency": "MT", "Population_Served_Count": 55, "Service_Connections_Count": 24, "Service_Area_Type": "Mobile Home Park", "Verification_Status": "", "Area_SqKM": 0.044548494610178756}, "geometry": {"type": "Point", "coordinates": [-111.93792791202887, 46.63765008486072]}}, {"type": "Feature", "properties": {"PWSID": "MT0000590", "PWS_Name": "HELENA LEISURE LLC", "Primacy_Agency": "MT", "Population_Served_Count": 1200, "Service_Connections_Count": 383, "Service_Area_Type": "Mobile Home Park", "Verification_Status": "", "Area_SqKM": 1.036120660878213}, "geometry": {"type": "Point", "coordinates": [-111.94184796143851, 46.63585593081935]}}, {"type": "Feature", "properties": {"PWSID": "MT0000426", "PWS_Name": "HELENA RV AND MOBILE HOME PARK", "Primacy_Agency": "MT", "Population_Served_Count": 250, "Service_Connections_Count": 91, "Service_Area_Type": "Mobile Home Park", "Verification_Status": "", "Area_SqKM": 0.42239612437753765}, "geometry": {"type": "Point", "coordinates": [-112.02740826581861, 46.65639718899828]}}, {"type": "Feature", "properties": {"PWSID": "MT0000340", "PWS_Name": "SWEETGRASS WATER USERS ASSN", "Primacy_Agency": "MT", "Population_Served_Count": 100, "Service_Connections_Count": 97, "Service_Area_Type": "Residential Area", "Verification_Status": "", "Area_SqKM": 0.48154734757145573}, "geometry": {"type": "Point", "coordinates": [-111.96725656570472, 48.99564769059032]}}, {"type": "Feature", "properties": {"PWSID": "MT0000402", "PWS_Name": "MCDONALD TRAILER CT", "Primacy_Agency": "MT", "Population_Served_Count": 75, "Service_Connections_Count": 24, "Service_Area_Type": "Mobile Home Park", "Verification_Status": "", "Area_SqKM": 0.03590074559687632}, "geometry": {"type": "Point", "coordinates": [-111.90666215153577, 46.5887869547274]}}, {"type": "Feature", "properties": {"PWSID": "MT0000592", "PWS_Name": "BUZZ INN", "Primacy_Agency": "MT", "Population_Served_Count": 95, "Service_Connections_Count": 47, "Service_Area_Type": "Mobile Home Park", "Verification_Status": "", "Area_SqKM": 0.29448014344093126}, "geometry": {"type": "Point", "coordinates": [-111.90214113748696, 46.58867426664539]}}, {"type": "Feature", "properties": {"PWSID": "MT0000593", "PWS_Name": "PELE PARK", "Primacy_Agency": "MT", "Population_Served_Count": 186, "Service_Connections_Count": 84, "Service_Area_Type": "Mobile Home Park", "Verification_Status": "", "Area_SqKM": 0.012120856602203111}, "geometry": {"type": "Point", "coordinates": [-111.9315477475221, 46.603810028662274]}}, {"type": "Feature", "properties": {"PWSID": "MT0002939", "PWS_Name": "PINNACLE ESTATES OF GLENDIVE", "Primacy_Agency": "MT", "Population_Served_Count": 50, "Service_Connections_Count": 12, "Service_Area_Type": "Residential Area", "Verification_Status": "", "Area_SqKM": 0.030382229867397227}, "geometry": {"type": "Point", "coordinates": [-111.1807838999951, 45.77204487780939]}}, {"type": "Feature", "properties": {"PWSID": "MT0002398", "PWS_Name": "GODFREY CANYON ESTATES", "Primacy_Agency": "MT", "Population_Served_Count": 100, "Service_Connections_Count": 39, "Service_Area_Type": "Subdivision", "Verification_Status": "", "Area_SqKM": 0.05542654892472551}, "geometry": {"type": "Point", "coordinates": [-111.33183769160051, 45.666571366646544]}}, {"type": "Feature", "properties": {"PWSID": "MT0004431", "PWS_Name": "CHURCHILL NORTH SUBDIVISION", "Primacy_Agency": "MT", "Population_Served_Count": 155, "Service_Connections_Count": 54, "Service_Area_Type": "Subdivision", "Verification_Status": "", "Area_SqKM": 0.17296468826098446}, "geometry": {"type": "Point", "coordinates": [-111.31401350007562, 45.75822295006625]}}, {"type": "Feature", "properties": {"PWSID": "MT0004363", "PWS_Name": "SETTLEMENT  THE", "Primacy_Agency": "MT", "Population_Served_Count": 100, "Service_Connections_Count": 42, "Service_Area_Type": "Homeowners Association", "Verification_Status": "", "Area_SqKM": 0.20430589386283426}, "geometry": {"type": "Point", "coordinates": [-111.30467581437969, 45.74790779995211]}}, {"type": "Feature", "properties": {"PWSID": "MT0001891", "PWS_Name": "GALLATIN RIVER APARTMENTS", "Primacy_Agency": "MT", "Population_Served_Count": 40, "Service_Connections_Count": 16, "Service_Area_Type": "Residential Area", "Verification_Status": "", "Area_SqKM": 0.03586693726815829}, "geometry": {"type": "Point", "coordinates": [-111.19886441580014, 45.66856837044254]}}, {"type": "Feature", "properties": {"PWSID": "MT0004916", "PWS_Name": "ENCAMPMENT TRAIL", "Primacy_Agency": "MT", "Population_Served_Count": 100, "Service_Connections_Count": 70, "Service_Area_Type": "Residential Area", "Verification_Status": "", "Area_SqKM": 6.296900887348327}, "geometry": {"type": "Point", "coordinates": [-111.39919917805857, 45.24055795376116]}}, {"type": "Feature", "properties": {"PWSID": "MT0004202", "PWS_Name": "ANTLER RIDGE HOMEOWNERS ASSOCIATION", "Primacy_Agency": "MT", "Population_Served_Count": 50, "Service_Connections_Count": 35, "Service_Area_Type": "Homeowners Association", "Verification_Status": "", "Area_SqKM": 11.007930734850508}, "geometry": {"type": "Point", "coordinates": [-111.3502646162655, 45.27643189029598]}}, {"type": "Feature", "properties": {"PWSID": "MT0000208", "PWS_Name": "ENNIS  TOWN OF", "Primacy_Agency": "MT", "Population_Served_Count": 1400, "Service_Connections_Count": 680, "Service_Area_Type": "Residential Area", "Verification_Status": "", "Area_SqKM": 1.7841322413311254}, "geometry": {"type": "Point", "coordinates": [-111.73313832601146, 45.34621301749703]}}, {"type": "Feature", "properties": {"PWSID": "MT0003136", "PWS_Name": "WEST YELLOWSTONE  TOWN OF", "Primacy_Agency": "MT", "Population_Served_Count": 9899, "Service_Connections_Count": 614, "Service_Area_Type": "Subdivision", "Verification_Status": "", "Area_SqKM": 2.0034462902995642}, "geometry": {"type": "Point", "coordinates": [-111.10128025207399, 44.65914323960007]}}, {"type": "Feature", "properties": {"PWSID": "MT0004035", "PWS_Name": "RAMSHORN VIEW ESTATES", "Primacy_Agency": "MT", "Population_Served_Count": 185, "Service_Connections_Count": 86, "Service_Area_Type": "Subdivision", "Verification_Status": "", "Area_SqKM": 0.11087684144118555}, "geometry": {"type": "Point", "coordinates": [-111.23547576937082, 45.1627846163096]}}, {"type": "Feature", "properties": {"PWSID": "MT0004236", "PWS_Name": "FIRELIGHT MEADOWS LLC", "Primacy_Agency": "MT", "Population_Served_Count": 350, "Service_Connections_Count": 216, "Service_Area_Type": "Subdivision", "Verification_Status": "", "Area_SqKM": 0.0354673785762441}, "geometry": {"type": "Point", "coordinates": [-111.22043798962886, 45.40329777241582]}}, {"type": "Feature", "properties": {"PWSID": "MT0003199", "PWS_Name": "RANCH HEADQUARTERS", "Primacy_Agency": "MT", "Population_Served_Count": 85, "Service_Connections_Count": 25, "Service_Area_Type": "Residential Area", "Verification_Status": "", "Area_SqKM": 0.3103387696557798}, "geometry": {"type": "Point", "coordinates": [-110.80488573418468, 45.12272479865587]}}, {"type": "Feature", "properties": {"PWSID": "MT0003313", "PWS_Name": "GOLDEN AGE VILLAGE", "Primacy_Agency": "MT", "Population_Served_Count": 180, "Service_Connections_Count": 51, "Service_Area_Type": "Mobile Home Park", "Verification_Status": "", "Area_SqKM": 0.01339261939020205}, "geometry": {"type": "Point", "coordinates": [-110.74105493685566, 45.363234126377805]}}, {"type": "Feature", "properties": {"PWSID": "MT0003440", "PWS_Name": "EAST GATE WORK CAMP", "Primacy_Agency": "MT", "Population_Served_Count": 208, "Service_Connections_Count": 13, "Service_Area_Type": "Mobile Home Park", "Verification_Status": "", "Area_SqKM": 0.06408679387868257}, "geometry": {"type": "Point", "coordinates": [-110.79146494565853, 45.11227080343155]}}, {"type": "Feature", "properties": {"PWSID": "MT0004802", "PWS_Name": "AVALON SUBDIVISION", "Primacy_Agency": "MT", "Population_Served_Count": 135, "Service_Connections_Count": 6, "Service_Area_Type": "Subdivision", "Verification_Status": "", "Area_SqKM": 0.01339261939020205}, "geometry": {"type": "Point", "coordinates": [-110.74105493685566, 45.363234126377805]}}, {"type": "Feature", "properties": {"PWSID": "MT0000035", "PWS_Name": "HIDDEN VALLEY OWNER LLC", "Primacy_Agency": "MT", "Population_Served_Count": 200, "Service_Connections_Count": 84, "Service_Area_Type": "Mobile Home Park", "Verification_Status": "", "Area_SqKM": 0.046699196613923674}, "geometry": {"type": "Point", "coordinates": [-111.0959109000085, 45.719225792278245]}}, {"type": "Feature", "properties": {"PWSID": "MT0000037", "PWS_Name": "THOMSON MOBILE HOME PARK", "Primacy_Agency": "MT", "Population_Served_Count": 65, "Service_Connections_Count": 25, "Service_Area_Type": "Mobile Home Park", "Verification_Status": "", "Area_SqKM": 0.3616700577282731}, "geometry": {"type": "Point", "coordinates": [-111.1068384001162, 45.74338686475292]}}, {"type": "Feature", "properties": {"PWSID": "MT0000196", "PWS_Name": "EAST HELENA  CITY OF", "Primacy_Agency": "MT", "Population_Served_Count": 2114, "Service_Connections_Count": 897, "Service_Area_Type": "Residential Area", "Verification_Status": "", "Area_SqKM": 1.688843281273984}, "geometry": {"type": "Point", "coordinates": [-111.91837933001256, 46.589694166418006]}}, {"type": "Feature", "properties": {"PWSID": "MT0000344", "PWS_Name": "TOWNSEND  CITY OF", "Primacy_Agency": "MT", "Population_Served_Count": 2000, "Service_Connections_Count": 864, "Service_Area_Type": "Residential Area", "Verification_Status": "", "Area_SqKM": 4.071029096077419}, "geometry": {"type": "Point", "coordinates": [-111.5137209691704, 46.324080944356936]}}, {"type": "Feature", "properties": {"PWSID": "MT0000461", "PWS_Name": "LEXLEY ACRES MOBILE HOME PARK", "Primacy_Agency": "MT", "Population_Served_Count": 250, "Service_Connections_Count": 100, "Service_Area_Type": "Mobile Home Park", "Verification_Status": "", "Area_SqKM": 1.7864412841580453}, "geometry": {"type": "Point", "coordinates": [-111.19126874638742, 45.75404403783899]}}, {"type": "Feature", "properties": {"PWSID": "MT0000594", "PWS_Name": "PHOENIX PARK", "Primacy_Agency": "MT", "Population_Served_Count": 36, "Service_Connections_Count": 14, "Service_Area_Type": "Mobile Home Park", "Verification_Status": "", "Area_SqKM": 0.14686538953796582}, "geometry": {"type": "Point", "coordinates": [-111.89987381764463, 46.615258011765036]}}, {"type": "Feature", "properties": {"PWSID": "MT0000795", "PWS_Name": "MYSTIC HEIGHTS HOA  BOZEMAN", "Primacy_Agency": "MT", "Population_Served_Count": 96, "Service_Connections_Count": 39, "Service_Area_Type": "Homeowners Association", "Verification_Status": "", "Area_SqKM": 0.1429328054453332}, "geometry": {"type": "Point", "coordinates": [-111.08646127713703, 45.628512443331736]}}, {"type": "Feature", "properties": {"PWSID": "MT0001366", "PWS_Name": "FOREST PARK TR CT NO 1  BOZEMAN", "Primacy_Agency": "MT", "Population_Served_Count": 260, "Service_Connections_Count": 134, "Service_Area_Type": "Mobile Home Park", "Verification_Status": "", "Area_SqKM": 0.09820879437389027}, "geometry": {"type": "Point", "coordinates": [-111.20736465424744, 45.674588984158476]}}, {"type": "Feature", "properties": {"PWSID": "MT0001375", "PWS_Name": "CHURCHILL RETIREMENT HOME", "Primacy_Agency": "MT", "Population_Served_Count": 80, "Service_Connections_Count": 9, "Service_Area_Type": "Other Residential", "Verification_Status": "", "Area_SqKM": 0.011429086620320742}, "geometry": {"type": "Point", "coordinates": [-111.3045779426858, 45.74864516513892]}}, {"type": "Feature", "properties": {"PWSID": "MT0001376", "PWS_Name": "RIDERS TRAILER COURT", "Primacy_Agency": "MT", "Population_Served_Count": 100, "Service_Connections_Count": 40, "Service_Area_Type": "Mobile Home Park", "Verification_Status": "", "Area_SqKM": 0.022826700848632305}, "geometry": {"type": "Point", "coordinates": [-111.323618438465, 45.86192306146718]}}, {"type": "Feature", "properties": {"PWSID": "MT0001644", "PWS_Name": "COUNTRY COURT  GALLATIN", "Primacy_Agency": "MT", "Population_Served_Count": 30, "Service_Connections_Count": 19, "Service_Area_Type": "Mobile Home Park", "Verification_Status": "", "Area_SqKM": 0.09426317257626612}, "geometry": {"type": "Point", "coordinates": [-111.1956481331176, 45.60060553317442]}}, {"type": "Feature", "properties": {"PWSID": "MT0001784", "PWS_Name": "EASTGATE VILLAGE SEWER AND WATER", "Primacy_Agency": "MT", "Population_Served_Count": 2000, "Service_Connections_Count": 622, "Service_Area_Type": "Residential Area", "Verification_Status": "", "Area_SqKM": 1.3577215183349365}, "geometry": {"type": "Point", "coordinates": [-111.88365752841317, 46.599880698037914]}}, {"type": "Feature", "properties": {"PWSID": "MT0001791", "PWS_Name": "MOUNTAIN MEADOWS ESTATES LLP", "Primacy_Agency": "MT", "Population_Served_Count": 300, "Service_Connections_Count": 129, "Service_Area_Type": "Mobile Home Park", "Verification_Status": "", "Area_SqKM": 0.5154350223613432}, "geometry": {"type": "Point", "coordinates": [-111.09294979683472, 45.669017663523064]}}, {"type": "Feature", "properties": {"PWSID": "MT0001823", "PWS_Name": "SPRINGVALE SUBDIVISION", "Primacy_Agency": "MT", "Population_Served_Count": 150, "Service_Connections_Count": 58, "Service_Area_Type": "Subdivision", "Verification_Status": "", "Area_SqKM": 0.20130783410624428}, "geometry": {"type": "Point", "coordinates": [-111.09905817771534, 45.777526266782246]}}, {"type": "Feature", "properties": {"PWSID": "MT0001921", "PWS_Name": "MOUNTAIN VIEW MB HM PK", "Primacy_Agency": "MT", "Population_Served_Count": 150, "Service_Connections_Count": 83, "Service_Area_Type": "Mobile Home Park", "Verification_Status": "", "Area_SqKM": 0.029891235263148856}, "geometry": {"type": "Point", "coordinates": [-111.51279641273818, 46.331393474741574]}}, {"type": "Feature", "properties": {"PWSID": "MT0002074", "PWS_Name": "FOREST CREEK SUBD", "Primacy_Agency": "MT", "Population_Served_Count": 45, "Service_Connections_Count": 21, "Service_Area_Type": "Subdivision", "Verification_Status": "", "Area_SqKM": 0.22196077693602922}, "geometry": {"type": "Point", "coordinates": [-111.08591562558064, 45.58705654190719]}}, {"type": "Feature", "properties": {"PWSID": "MT0002482", "PWS_Name": "SUNNYBROOK ACRES HOA", "Primacy_Agency": "MT", "Population_Served_Count": 50, "Service_Connections_Count": 19, "Service_Area_Type": "Homeowners Association", "Verification_Status": "", "Area_SqKM": 0.05153090625476586}, "geometry": {"type": "Point", "coordinates": [-111.91136840003192, 46.556548924966734]}}, {"type": "Feature", "properties": {"PWSID": "MT0003323", "PWS_Name": "BAXTER CREEK NO 2 HOA", "Primacy_Agency": "MT", "Population_Served_Count": 450, "Service_Connections_Count": 106, "Service_Area_Type": "Subdivision", "Verification_Status": "", "Area_SqKM": 0.18916649919317904}, "geometry": {"type": "Point", "coordinates": [-111.12098334607074, 45.73190665403647]}}, {"type": "Feature", "properties": {"PWSID": "MT0003961", "PWS_Name": "WYLIE CREEK ESTATES SUBDIVISION", "Primacy_Agency": "MT", "Population_Served_Count": 400, "Service_Connections_Count": 168, "Service_Area_Type": "Subdivision", "Verification_Status": "", "Area_SqKM": 0.30943666619554283}, "geometry": {"type": "Point", "coordinates": [-111.13977394289722, 45.72298726667844]}}, {"type": "Feature", "properties": {"PWSID": "MT0004143", "PWS_Name": "RUGER WATER DISTRICT", "Primacy_Agency": "MT", "Population_Served_Count": 79, "Service_Connections_Count": 32, "Service_Area_Type": "Other Residential", "Verification_Status": "", "Area_SqKM": 0.39921954981999086}, "geometry": {"type": "Point", "coordinates": [-111.87998962011552, 46.59834161997478]}}, {"type": "Feature", "properties": {"PWSID": "MT0004178", "PWS_Name": "GENESIS BUSINESS PARK", "Primacy_Agency": "MT", "Population_Served_Count": 670, "Service_Connections_Count": 18, "Service_Area_Type": "Other Non-transient Area", "Verification_Status": "", "Area_SqKM": 0.6859943950516969}, "geometry": {"type": "Point", "coordinates": [-111.12982560832056, 45.66515778754248]}}, {"type": "Feature", "properties": {"PWSID": "MT0004248", "PWS_Name": "ELK GROVE WATER", "Primacy_Agency": "MT", "Population_Served_Count": 672, "Service_Connections_Count": 300, "Service_Area_Type": "Subdivision", "Verification_Status": "", "Area_SqKM": 0.5257740940573896}, "geometry": {"type": "Point", "coordinates": [-111.18675956952713, 45.64620575253467]}}, {"type": "Feature", "properties": {"PWSID": "MT0004284", "PWS_Name": "NORTH STAR   ZOOT WATER", "Primacy_Agency": "MT", "Population_Served_Count": 4323, "Service_Connections_Count": 2127, "Service_Area_Type": "Industrial/Agricultural", "Verification_Status": "", "Area_SqKM": 3.8151265385611137}, "geometry": {"type": "Point", "coordinates": [-111.18973687698724, 45.669511209177344]}}, {"type": "Feature", "properties": {"PWSID": "MT0004564", "PWS_Name": "GRAVEL HOLLOW LLC", "Primacy_Agency": "MT", "Population_Served_Count": 50, "Service_Connections_Count": 17, "Service_Area_Type": "Residential Area", "Verification_Status": "", "Area_SqKM": 0.37878779976935717}, "geometry": {"type": "Point", "coordinates": [-111.23826451558898, 45.45054078441095]}}, {"type": "Feature", "properties": {"PWSID": "MT0004572", "PWS_Name": "COBBLESTONE SUBDIVISION", "Primacy_Agency": "MT", "Population_Served_Count": 150, "Service_Connections_Count": 90, "Service_Area_Type": "Subdivision", "Verification_Status": "", "Area_SqKM": 0.24137243042683115}, "geometry": {"type": "Point", "coordinates": [-111.2292278000062, 45.784336114264164]}}, {"type": "Feature", "properties": {"PWSID": "MT0000034", "PWS_Name": "STAR MOBILE HOME PARK", "Primacy_Agency": "MT", "Population_Served_Count": 190, "Service_Connections_Count": 76, "Service_Area_Type": "Mobile Home Park", "Verification_Status": "", "Area_SqKM": 0.06566236585870606}, "geometry": {"type": "Point", "coordinates": [-111.18864260031637, 45.756974912246825]}}, {"type": "Feature", "properties": {"PWSID": "MT0001821", "PWS_Name": "MANHATTAN CAMPER COURT", "Primacy_Agency": "MT", "Population_Served_Count": 105, "Service_Connections_Count": 22, "Service_Area_Type": "Mobile Home Park", "Verification_Status": "", "Area_SqKM": 0.02048932730583995}, "geometry": {"type": "Point", "coordinates": [-111.338909285651, 45.8524178284576]}}, {"type": "Feature", "properties": {"PWSID": "MT0000025", "PWS_Name": "SOUTH WIND WATER AND SEWER DISTRICT", "Primacy_Agency": "MT", "Population_Served_Count": 200, "Service_Connections_Count": 95, "Service_Area_Type": "Mobile Home Park", "Verification_Status": "", "Area_SqKM": 0.11729977972771694}, "geometry": {"type": "Point", "coordinates": [-111.28986605958667, 47.44966640581383]}}, {"type": "Feature", "properties": {"PWSID": "MT0000027", "PWS_Name": "GREAT FALLS RV PARK", "Primacy_Agency": "MT", "Population_Served_Count": 274, "Service_Connections_Count": 134, "Service_Area_Type": "Recreation Area", "Verification_Status": "", "Area_SqKM": 0.40869961012861983}, "geometry": {"type": "Point", "coordinates": [-111.32971638951163, 47.49080205260237]}}, {"type": "Feature", "properties": {"PWSID": "MT0000053", "PWS_Name": "MISSOURI MEADOWS COMMUNITY INC", "Primacy_Agency": "MT", "Population_Served_Count": 85, "Service_Connections_Count": 33, "Service_Area_Type": "Mobile Home Park", "Verification_Status": "", "Area_SqKM": 0.13232674049484655}, "geometry": {"type": "Point", "coordinates": [-111.30749511245912, 47.47061817497128]}}, {"type": "Feature", "properties": {"PWSID": "MT0000138", "PWS_Name": "BELT  TOWN OF", "Primacy_Agency": "MT", "Population_Served_Count": 600, "Service_Connections_Count": 330, "Service_Area_Type": "Residential Area", "Verification_Status": "", "Area_SqKM": 1.236132603743294}, "geometry": {"type": "Point", "coordinates": [-110.8774483868877, 47.25683346215059]}}, {"type": "Feature", "properties": {"PWSID": "MT0000161", "PWS_Name": "BOZEMAN  CITY OF", "Primacy_Agency": "MT", "Population_Served_Count": 56000, "Service_Connections_Count": 14875, "Service_Area_Type": "Residential Area", "Verification_Status": "", "Area_SqKM": 48.71351991641392}, "geometry": {"type": "Point", "coordinates": [-111.04477602174329, 45.67686341272185]}}, {"type": "Feature", "properties": {"PWSID": "MT0000171", "PWS_Name": "CASCADE  TOWN OF", "Primacy_Agency": "MT", "Population_Served_Count": 650, "Service_Connections_Count": 352, "Service_Area_Type": "Residential Area", "Verification_Status": "", "Area_SqKM": 1.300721286287378}, "geometry": {"type": "Point", "coordinates": [-111.70035552892503, 47.272055508941875]}}, {"type": "Feature", "properties": {"PWSID": "MT0000173", "PWS_Name": "CHESTER  TOWN OF", "Primacy_Agency": "MT", "Population_Served_Count": 870, "Service_Connections_Count": 495, "Service_Area_Type": "Residential Area", "Verification_Status": "", "Area_SqKM": 27.91336790878689}, "geometry": {"type": "Point", "coordinates": [-110.99401609060958, 48.50371233867104]}}, {"type": "Feature", "properties": {"PWSID": "MT0000200", "PWS_Name": "DEVON WATER INC", "Primacy_Agency": "MT", "Population_Served_Count": 75, "Service_Connections_Count": 24, "Service_Area_Type": "Residential Area", "Verification_Status": "", "Area_SqKM": 0.04042769086876518}, "geometry": {"type": "Point", "coordinates": [-111.66458632044873, 48.47726163053339]}}, {"type": "Feature", "properties": {"PWSID": "MT0000204", "PWS_Name": "DUTTON  TOWN OF", "Primacy_Agency": "MT", "Population_Served_Count": 338, "Service_Connections_Count": 191, "Service_Area_Type": "Residential Area", "Verification_Status": "", "Area_SqKM": 0.8021781291181935}, "geometry": {"type": "Point", "coordinates": [-111.71339313806422, 47.847437295243495]}}, {"type": "Feature", "properties": {"PWSID": "MT0000311", "PWS_Name": "POWER TETON COUNTY WATER DIST", "Primacy_Agency": "MT", "Population_Served_Count": 205, "Service_Connections_Count": 82, "Service_Area_Type": "Residential Area", "Verification_Status": "", "Area_SqKM": 0.8668251658572941}, "geometry": {"type": "Point", "coordinates": [-111.68364865609803, 47.72453980570429]}}, {"type": "Feature", "properties": {"PWSID": "MT0000325", "PWS_Name": "SAND COULEE WATER USERS DISTRICT", "Primacy_Agency": "MT", "Population_Served_Count": 180, "Service_Connections_Count": 76, "Service_Area_Type": "Homeowners Association", "Verification_Status": "", "Area_SqKM": 0.06255617640503278}, "geometry": {"type": "Point", "coordinates": [-111.16725051029955, 47.399257334441955]}}, {"type": "Feature", "properties": {"PWSID": "MT0000153", "PWS_Name": "BILLINGS  CITY OF", "Primacy_Agency": "MT", "Population_Served_Count": 114000, "Service_Connections_Count": 32872, "Service_Area_Type": "Municipality", "Verification_Status": "", "Area_SqKM": 102.35985493732764}, "geometry": {"type": "Point", "coordinates": [-108.56439594859637, 45.780153408545544]}}, {"type": "Feature", "properties": {"PWSID": "MT0003590", "PWS_Name": "WEGNER WATER SERVICE HAULER", "Primacy_Agency": "MT", "Population_Served_Count": 50, "Service_Connections_Count": 1, "Service_Area_Type": "Wholesaler of Water", "Verification_Status": "", "Area_SqKM": 0.015907026028783713}, "geometry": {"type": "Point", "coordinates": [-107.666883949798, 45.64138525007167]}}, {"type": "Feature", "properties": {"PWSID": "MT0000123", "PWS_Name": "RIVER GROVE ESTATES TR CT", "Primacy_Agency": "MT", "Population_Served_Count": 100, "Service_Connections_Count": 48, "Service_Area_Type": "Mobile Home Park", "Verification_Status": "", "Area_SqKM": 0.03468660697350518}, "geometry": {"type": "Point", "coordinates": [-108.55901062150164, 45.735829285621655]}}, {"type": "Feature", "properties": {"PWSID": "MT0004507", "PWS_Name": "ARROW CREEK TRAILER COURT", "Primacy_Agency": "MT", "Population_Served_Count": 75, "Service_Connections_Count": 25, "Service_Area_Type": "Mobile Home Park", "Verification_Status": "", "Area_SqKM": 0.036049446967030836}, "geometry": {"type": "Point", "coordinates": [-108.14500023195781, 45.93848530591321]}}, {"type": "Feature", "properties": {"PWSID": "MT0001786", "PWS_Name": "DUCK CREEK MOBILE HOME PARK", "Primacy_Agency": "MT", "Population_Served_Count": 70, "Service_Connections_Count": 30, "Service_Area_Type": "Mobile Home Park", "Verification_Status": "", "Area_SqKM": 0.0775026355917816}, "geometry": {"type": "Point", "coordinates": [-108.64418381970161, 45.70114077991872]}}, {"type": "Feature", "properties": {"PWSID": "MT0005118", "PWS_Name": "STILL RIVER ESTATES SUBDIVISION", "Primacy_Agency": "MT", "Population_Served_Count": 188, "Service_Connections_Count": 25, "Service_Area_Type": "Residential Area", "Verification_Status": "", "Area_SqKM": 2.539895029533347}, "geometry": {"type": "Point", "coordinates": [-108.67067659672671, 45.74849166989259]}}, {"type": "Feature", "properties": {"PWSID": "MT0005056", "PWS_Name": "SUNDANCE SUBDIVISION", "Primacy_Agency": "MT", "Population_Served_Count": 378, "Service_Connections_Count": 126, "Service_Area_Type": "Residential Area", "Verification_Status": "", "Area_SqKM": 0.2756462717289458}, "geometry": {"type": "Point", "coordinates": [-108.63423295556278, 45.78160182217569]}}, {"type": "Feature", "properties": {"PWSID": "MT0004989", "PWS_Name": "THE NINES SUBDIVISION", "Primacy_Agency": "MT", "Population_Served_Count": 220, "Service_Connections_Count": 29, "Service_Area_Type": "Residential Area", "Verification_Status": "", "Area_SqKM": 0.15563890327438987}, "geometry": {"type": "Point", "coordinates": [-108.66222606134836, 45.764039355757255]}}, {"type": "Feature", "properties": {"PWSID": "MT0004964", "PWS_Name": "SKYCREST ESTATES SUBDIVISION", "Primacy_Agency": "MT", "Population_Served_Count": 65, "Service_Connections_Count": 83, "Service_Area_Type": "Residential Area", "Verification_Status": "", "Area_SqKM": 0.3333700667266433}, "geometry": {"type": "Point", "coordinates": [-108.6892112891801, 45.74784145961873]}}, {"type": "Feature", "properties": {"PWSID": "MT0004920", "PWS_Name": "SHEPHERD WATER STATION", "Primacy_Agency": "MT", "Population_Served_Count": 100, "Service_Connections_Count": 1, "Service_Area_Type": "Other Residential", "Verification_Status": "", "Area_SqKM": 0.1233948931466468}, "geometry": {"type": "Point", "coordinates": [-108.3409448184985, 45.9547233629175]}}, {"type": "Feature", "properties": {"PWSID": "MT0004881", "PWS_Name": "BLACK ROCK ESTATES SUBDIVISION", "Primacy_Agency": "MT", "Population_Served_Count": 75, "Service_Connections_Count": 44, "Service_Area_Type": "Residential Area", "Verification_Status": "", "Area_SqKM": 0.2328993577293661}, "geometry": {"type": "Point", "coordinates": [-108.65005704354392, 45.77185689621788]}}, {"type": "Feature", "properties": {"PWSID": "MT0004563", "PWS_Name": "GRANITE PARK WATER ASSOCIATION", "Primacy_Agency": "MT", "Population_Served_Count": 250, "Service_Connections_Count": 120, "Service_Area_Type": "Other Residential", "Verification_Status": "", "Area_SqKM": 0.6156278990276628}, "geometry": {"type": "Point", "coordinates": [-108.65376580003272, 45.76130077184126]}}, {"type": "Feature", "properties": {"PWSID": "MT0004497", "PWS_Name": "PRECISION WATER", "Primacy_Agency": "MT", "Population_Served_Count": 250, "Service_Connections_Count": 25, "Service_Area_Type": "Wholesaler of Water", "Verification_Status": "", "Area_SqKM": 20.801073409869325}, "geometry": {"type": "Point", "coordinates": [-108.55204074442902, 45.94637282810251]}}, {"type": "Feature", "properties": {"PWSID": "MT0004480", "PWS_Name": "RIO VISTA ESTATES HOA  ASSOC INC", "Primacy_Agency": "MT", "Population_Served_Count": 50, "Service_Connections_Count": 27, "Service_Area_Type": "Subdivision", "Verification_Status": "", "Area_SqKM": 0.22155604019097072}, "geometry": {"type": "Point", "coordinates": [-108.80440080000302, 45.610279328313275]}}, {"type": "Feature", "properties": {"PWSID": "MT0004461", "PWS_Name": "EAGLE MOUNTAIN RURAL PWS", "Primacy_Agency": "MT", "Population_Served_Count": 50, "Service_Connections_Count": 17, "Service_Area_Type": "Residential Area", "Verification_Status": "", "Area_SqKM": 0.16124402841493432}, "geometry": {"type": "Point", "coordinates": [-109.54182186894866, 45.70757525901508]}}, {"type": "Feature", "properties": {"PWSID": "MT0004392", "PWS_Name": "CHERRY CREEK ESTATES LLC", "Primacy_Agency": "MT", "Population_Served_Count": 600, "Service_Connections_Count": 360, "Service_Area_Type": "Mobile Home Park", "Verification_Status": "", "Area_SqKM": 0.45132388779008975}, "geometry": {"type": "Point", "coordinates": [-108.441817028745, 45.82415867660959]}}, {"type": "Feature", "properties": {"PWSID": "MT0004382", "PWS_Name": "HOBSON  TOWN OF", "Primacy_Agency": "MT", "Population_Served_Count": 125, "Service_Connections_Count": 3, "Service_Area_Type": "Residential Area", "Verification_Status": "", "Area_SqKM": 0.15118300368547774}, "geometry": {"type": "Point", "coordinates": [-109.87474591923214, 46.99999977501011]}}, {"type": "Feature", "properties": {"PWSID": "MT0004263", "PWS_Name": "HARDIN SUBDIVISION", "Primacy_Agency": "MT", "Population_Served_Count": 28, "Service_Connections_Count": 11, "Service_Area_Type": "Subdivision", "Verification_Status": "", "Area_SqKM": 0.6036978791440336}, "geometry": {"type": "Point", "coordinates": [-107.60806508422407, 45.74923961575167]}}, {"type": "Feature", "properties": {"PWSID": "MT0004250", "PWS_Name": "OAK RIDGE ESTATES", "Primacy_Agency": "MT", "Population_Served_Count": 200, "Service_Connections_Count": 81, "Service_Area_Type": "Subdivision", "Verification_Status": "", "Area_SqKM": 0.6218442319096433}, "geometry": {"type": "Point", "coordinates": [-108.64247840007481, 45.777345511045226]}}, {"type": "Feature", "properties": {"PWSID": "MT0004226", "PWS_Name": "PIONEER WATER SERVICE", "Primacy_Agency": "MT", "Population_Served_Count": 900, "Service_Connections_Count": 1, "Service_Area_Type": "Wholesaler of Water", "Verification_Status": "", "Area_SqKM": 0.4419953039944416}, "geometry": {"type": "Point", "coordinates": [-108.738870202051, 45.75271391411481]}}, {"type": "Feature", "properties": {"PWSID": "MT0004093", "PWS_Name": "BLUE GRASS WATER USERS ASSOCIATION", "Primacy_Agency": "MT", "Population_Served_Count": 60, "Service_Connections_Count": 18, "Service_Area_Type": "Homeowners Association", "Verification_Status": "", "Area_SqKM": 0.08899399692015299}, "geometry": {"type": "Point", "coordinates": [-108.63060621328943, 45.78100635337265]}}, {"type": "Feature", "properties": {"PWSID": "MT0004058", "PWS_Name": "MOUNTAIN VIEW COLONY", "Primacy_Agency": "MT", "Population_Served_Count": 114, "Service_Connections_Count": 15, "Service_Area_Type": "Residential Area", "Verification_Status": "", "Area_SqKM": 0.7368299466213742}, "geometry": {"type": "Point", "coordinates": [-108.72125896388972, 46.07126136814585]}}, {"type": "Feature", "properties": {"PWSID": "MT0004051", "PWS_Name": "COOL SPRING COLONY", "Primacy_Agency": "MT", "Population_Served_Count": 75, "Service_Connections_Count": 18, "Service_Area_Type": "Other Residential", "Verification_Status": "", "Area_SqKM": 2.0758768550531523}, "geometry": {"type": "Point", "coordinates": [-110.55873759919514, 48.561077041765245]}}, {"type": "Feature", "properties": {"PWSID": "MT0004006", "PWS_Name": "COTTONWOOD ESTATES", "Primacy_Agency": "MT", "Population_Served_Count": 50, "Service_Connections_Count": 17, "Service_Area_Type": "Mobile Home Park", "Verification_Status": "", "Area_SqKM": 0.25852926450141495}, "geometry": {"type": "Point", "coordinates": [-109.79993025801288, 45.77355207897572]}}, {"type": "Feature", "properties": {"PWSID": "MT0003809", "PWS_Name": "MOUNTAIN ACRES MB HM PK", "Primacy_Agency": "MT", "Population_Served_Count": 320, "Service_Connections_Count": 201, "Service_Area_Type": "Mobile Home Park", "Verification_Status": "", "Area_SqKM": 0.05375531761195008}, "geometry": {"type": "Point", "coordinates": [-109.43268952457676, 47.070786920382005]}}, {"type": "Feature", "properties": {"PWSID": "MT0003552", "PWS_Name": "ALDINGER ACRES SUBDIVISION", "Primacy_Agency": "MT", "Population_Served_Count": 100, "Service_Connections_Count": 33, "Service_Area_Type": "Subdivision", "Verification_Status": "", "Area_SqKM": 0.0348026037876747}, "geometry": {"type": "Point", "coordinates": [-108.63631817497034, 45.77870368115054]}}, {"type": "Feature", "properties": {"PWSID": "MT0003521", "PWS_Name": "NORTH GERALDINE WATER SYSTEM", "Primacy_Agency": "MT", "Population_Served_Count": 50, "Service_Connections_Count": 13, "Service_Area_Type": "Residential Area", "Verification_Status": "", "Area_SqKM": 0.038342615434742267}, "geometry": {"type": "Point", "coordinates": [-110.27026880009517, 47.60262906001533]}}, {"type": "Feature", "properties": {"PWSID": "MT0002927", "PWS_Name": "WELLS GARDEN ESTATES", "Primacy_Agency": "MT", "Population_Served_Count": 240, "Service_Connections_Count": 147, "Service_Area_Type": "Subdivision", "Verification_Status": "", "Area_SqKM": 0.22395115637624977}, "geometry": {"type": "Point", "coordinates": [-108.64496106578959, 45.773573684791785]}}, {"type": "Feature", "properties": {"PWSID": "MT0002840", "PWS_Name": "GOLDEN EAGLE WATER USERS ASSN", "Primacy_Agency": "MT", "Population_Served_Count": 125, "Service_Connections_Count": 49, "Service_Area_Type": "Subdivision", "Verification_Status": "", "Area_SqKM": 1.4321226223579384}, "geometry": {"type": "Point", "coordinates": [-108.63875456297941, 45.73305096629887]}}, {"type": "Feature", "properties": {"PWSID": "MT0001848", "PWS_Name": "FISHER WATER SERVICE", "Primacy_Agency": "MT", "Population_Served_Count": 750, "Service_Connections_Count": 1, "Service_Area_Type": "Wholesaler of Water", "Verification_Status": "", "Area_SqKM": 1.1849415383281425}, "geometry": {"type": "Point", "coordinates": [-108.6497690129094, 45.73412874841779]}}, {"type": "Feature", "properties": {"PWSID": "MT0000719", "PWS_Name": "SPRINGWATER COLONY", "Primacy_Agency": "MT", "Population_Served_Count": 100, "Service_Connections_Count": 24, "Service_Area_Type": "Residential Area", "Verification_Status": "", "Area_SqKM": 0.062236902912137036}, "geometry": {"type": "Point", "coordinates": [-109.52393905458838, 46.345203527219965]}}, {"type": "Feature", "properties": {"PWSID": "MT0000586", "PWS_Name": "TWO DOT WATER USERS COMPANY", "Primacy_Agency": "MT", "Population_Served_Count": 50, "Service_Connections_Count": 25, "Service_Area_Type": "Homeowners Association", "Verification_Status": "", "Area_SqKM": 0.03638499713825812}, "geometry": {"type": "Point", "coordinates": [-110.07044146423121, 46.423709498632405]}}, {"type": "Feature", "properties": {"PWSID": "MT0000474", "PWS_Name": "WINDMILL TRAILER PARK  WELL 1", "Primacy_Agency": "MT", "Population_Served_Count": 110, "Service_Connections_Count": 36, "Service_Area_Type": "Mobile Home Park", "Verification_Status": "", "Area_SqKM": 0.09149490499783475}, "geometry": {"type": "Point", "coordinates": [-110.58860627500809, 45.63997143443625]}}, {"type": "Feature", "properties": {"PWSID": "MT0000464", "PWS_Name": "MEADOWLARK OF BILLINGS LLC", "Primacy_Agency": "MT", "Population_Served_Count": 800, "Service_Connections_Count": 218, "Service_Area_Type": "Mobile Home Park", "Verification_Status": "", "Area_SqKM": 0.16987593340757814}, "geometry": {"type": "Point", "coordinates": [-108.51285303239501, 45.700592392988625]}}, {"type": "Feature", "properties": {"PWSID": "MT0000463", "PWS_Name": "BIG TIMBER  CITY OF", "Primacy_Agency": "MT", "Population_Served_Count": 1650, "Service_Connections_Count": 972, "Service_Area_Type": "Municipality", "Verification_Status": "", "Area_SqKM": 2.543320225612673}, "geometry": {"type": "Point", "coordinates": [-109.95125335235483, 45.83428952242815]}}, {"type": "Feature", "properties": {"PWSID": "MT0000445", "PWS_Name": "MARTINSDALE COLONY", "Primacy_Agency": "MT", "Population_Served_Count": 150, "Service_Connections_Count": 10, "Service_Area_Type": "Industrial/Agricultural", "Verification_Status": "", "Area_SqKM": 0.19185089845954514}, "geometry": {"type": "Point", "coordinates": [-110.31458812562856, 46.458111460600406]}}, {"type": "Feature", "properties": {"PWSID": "MT0000433", "PWS_Name": "SPRING CREEK COLONY  LEWISTOWN", "Primacy_Agency": "MT", "Population_Served_Count": 48, "Service_Connections_Count": 12, "Service_Area_Type": "Residential Area", "Verification_Status": "", "Area_SqKM": 0.015152857627137965}, "geometry": {"type": "Point", "coordinates": [-109.46543803075377, 47.099483592463216]}}, {"type": "Feature", "properties": {"PWSID": "MT0000413", "PWS_Name": "AYERS HUTTERITE COLONY", "Primacy_Agency": "MT", "Population_Served_Count": 58, "Service_Connections_Count": 19, "Service_Area_Type": "Residential Area", "Verification_Status": "", "Area_SqKM": 0.03707633785377765}, "geometry": {"type": "Point", "coordinates": [-109.08058785004091, 46.991932225055486]}}, {"type": "Feature", "properties": {"PWSID": "MT0000364", "PWS_Name": "WINNETT  TOWN OF", "Primacy_Agency": "MT", "Population_Served_Count": 187, "Service_Connections_Count": 138, "Service_Area_Type": "Residential Area", "Verification_Status": "", "Area_SqKM": 0.3569264167718684}, "geometry": {"type": "Point", "coordinates": [-108.35127812825023, 47.00344115384962]}}, {"type": "Feature", "properties": {"PWSID": "MT0000334", "PWS_Name": "STANFORD  TOWN OF", "Primacy_Agency": "MT", "Population_Served_Count": 425, "Service_Connections_Count": 265, "Service_Area_Type": "Residential Area", "Verification_Status": "", "Area_SqKM": 0.8287567496865698}, "geometry": {"type": "Point", "coordinates": [-110.22044691898182, 47.15155754280863]}}, {"type": "Feature", "properties": {"PWSID": "MT0000322", "PWS_Name": "RYEGATE  TOWN OF", "Primacy_Agency": "MT", "Population_Served_Count": 270, "Service_Connections_Count": 116, "Service_Area_Type": "Municipality", "Verification_Status": "", "Area_SqKM": 1.4454544310795319}, "geometry": {"type": "Point", "coordinates": [-109.25447923010599, 46.298399817057486]}}, {"type": "Feature", "properties": {"PWSID": "MT0000321", "PWS_Name": "ROUNDUP WATER DEPARTMENT", "Primacy_Agency": "MT", "Population_Served_Count": 1900, "Service_Connections_Count": 858, "Service_Area_Type": "Residential Area", "Verification_Status": "", "Area_SqKM": 2.8413239133522543}, "geometry": {"type": "Point", "coordinates": [-108.55301455186876, 46.44086986672227]}}, {"type": "Feature", "properties": {"PWSID": "MT0000313", "PWS_Name": "RAPELJE WATER DISTRICT", "Primacy_Agency": "MT", "Population_Served_Count": 70, "Service_Connections_Count": 51, "Service_Area_Type": "Residential Area", "Verification_Status": "", "Area_SqKM": 0.6428344565575301}, "geometry": {"type": "Point", "coordinates": [-109.2598586901108, 45.97172084227615]}}, {"type": "Feature", "properties": {"PWSID": "MT0000295", "PWS_Name": "MOORE  TOWN OF", "Primacy_Agency": "MT", "Population_Served_Count": 186, "Service_Connections_Count": 114, "Service_Area_Type": "Municipality", "Verification_Status": "", "Area_SqKM": 0.4912321858551041}, "geometry": {"type": "Point", "coordinates": [-109.6942979021743, 46.97618172792565]}}, {"type": "Feature", "properties": {"PWSID": "MT0000290", "PWS_Name": "MELSTONE  TOWN OF", "Primacy_Agency": "MT", "Population_Served_Count": 170, "Service_Connections_Count": 92, "Service_Area_Type": "Municipality", "Verification_Status": "", "Area_SqKM": 0.25589431348788183}, "geometry": {"type": "Point", "coordinates": [-107.86934638556328, 46.59820223428625]}}, {"type": "Feature", "properties": {"PWSID": "MT0000287", "PWS_Name": "MARTINSDALE WATER AND SEWER DISTRICT", "Primacy_Agency": "MT", "Population_Served_Count": 75, "Service_Connections_Count": 87, "Service_Area_Type": "Homeowners Association", "Verification_Status": "", "Area_SqKM": 0.15710316914104433}, "geometry": {"type": "Point", "coordinates": [-110.31570269755495, 46.458245547031346]}}, {"type": "Feature", "properties": {"PWSID": "MT0000271", "PWS_Name": "LEWISTOWN  CITY OF", "Primacy_Agency": "MT", "Population_Served_Count": 5923, "Service_Connections_Count": 2833, "Service_Area_Type": "Municipality", "Verification_Status": "", "Area_SqKM": 7.934945719520144}, "geometry": {"type": "Point", "coordinates": [-109.42694987080655, 47.0613132345427]}}, {"type": "Feature", "properties": {"PWSID": "MT0000270", "PWS_Name": "LAUREL MUNICIPAL WATER SYSTEM", "Primacy_Agency": "MT", "Population_Served_Count": 6339, "Service_Connections_Count": 2797, "Service_Area_Type": "Residential Area", "Verification_Status": "", "Area_SqKM": 10.924417428141345}, "geometry": {"type": "Point", "coordinates": [-108.7663302574148, 45.674910790403075]}}, {"type": "Feature", "properties": {"PWSID": "MT0000258", "PWS_Name": "JUDITH GAP  TOWN OF", "Primacy_Agency": "MT", "Population_Served_Count": 126, "Service_Connections_Count": 79, "Service_Area_Type": "Municipality", "Verification_Status": "", "Area_SqKM": 0.3153583710646786}, "geometry": {"type": "Point", "coordinates": [-109.75306374528967, 46.67847319840321]}}, {"type": "Feature", "properties": {"PWSID": "MT0000240", "PWS_Name": "HARLOWTON  CITY OF", "Primacy_Agency": "MT", "Population_Served_Count": 1050, "Service_Connections_Count": 573, "Service_Area_Type": "Residential Area", "Verification_Status": "", "Area_SqKM": 1.68208663581157}, "geometry": {"type": "Point", "coordinates": [-109.83190825217882, 46.43578998842608]}}, {"type": "Feature", "properties": {"PWSID": "MT0000235", "PWS_Name": "HARDIN  CITY OF", "Primacy_Agency": "MT", "Population_Served_Count": 3500, "Service_Connections_Count": 1304, "Service_Area_Type": "Municipality", "Verification_Status": "", "Area_SqKM": 3.398887595261566}, "geometry": {"type": "Point", "coordinates": [-107.61300596819241, 45.735463457193745]}}, {"type": "Feature", "properties": {"PWSID": "MT0000231", "PWS_Name": "GRASS RANGE  TOWN OF", "Primacy_Agency": "MT", "Population_Served_Count": 102, "Service_Connections_Count": 88, "Service_Area_Type": "Municipality", "Verification_Status": "", "Area_SqKM": 0.4546829424003272}, "geometry": {"type": "Point", "coordinates": [-108.80148320194908, 47.02497878565951]}}, {"type": "Feature", "properties": {"PWSID": "MT0000018", "PWS_Name": "ST LABRE INDIAN SCHOOL", "Primacy_Agency": "MT", "Population_Served_Count": 650, "Service_Connections_Count": 98, "Service_Area_Type": "School", "Verification_Status": "", "Area_SqKM": 0.00686664194702756}, "geometry": {"type": "Point", "coordinates": [-106.2826504142286, 45.60805422872729]}}, {"type": "Feature", "properties": {"PWSID": "MT0000226", "PWS_Name": "GEYSER JUDITH BASIN CTY WATER SEWER DIST", "Primacy_Agency": "MT", "Population_Served_Count": 125, "Service_Connections_Count": 55, "Service_Area_Type": "Homeowners Association", "Verification_Status": "", "Area_SqKM": 0.16293934892453182}, "geometry": {"type": "Point", "coordinates": [-110.49559839534123, 47.25978510233952]}}, {"type": "Feature", "properties": {"PWSID": "MT0000225", "PWS_Name": "GERALDINE  TOWN OF", "Primacy_Agency": "MT", "Population_Served_Count": 260, "Service_Connections_Count": 149, "Service_Area_Type": "Residential Area", "Verification_Status": "", "Area_SqKM": 1.0239665943688219}, "geometry": {"type": "Point", "coordinates": [-110.26788918528351, 47.59998359514054]}}, {"type": "Feature", "properties": {"PWSID": "MT0000216", "PWS_Name": "FORT BENTON  CITY OF", "Primacy_Agency": "MT", "Population_Served_Count": 1500, "Service_Connections_Count": 747, "Service_Area_Type": "Residential Area", "Verification_Status": "", "Area_SqKM": 3.004242307376272}, "geometry": {"type": "Point", "coordinates": [-110.6689894878455, 47.82168080188266]}}, {"type": "Feature", "properties": {"PWSID": "MT0000199", "PWS_Name": "DENTON  TOWN OF", "Primacy_Agency": "MT", "Population_Served_Count": 255, "Service_Connections_Count": 165, "Service_Area_Type": "Residential Area", "Verification_Status": "", "Area_SqKM": 0.5203675678784524}, "geometry": {"type": "Point", "coordinates": [-109.95057615009631, 47.31851581663783]}}, {"type": "Feature", "properties": {"PWSID": "MT0000185", "PWS_Name": "COLUMBUS  TOWN OF", "Primacy_Agency": "MT", "Population_Served_Count": 1900, "Service_Connections_Count": 957, "Service_Area_Type": "Residential Area", "Verification_Status": "", "Area_SqKM": 4.8486964131353805}, "geometry": {"type": "Point", "coordinates": [-109.25232891577305, 45.6390079924059]}}, {"type": "Feature", "properties": {"PWSID": "MT0000178", "PWS_Name": "CLYDE PARK WATER DEPT", "Primacy_Agency": "MT", "Population_Served_Count": 300, "Service_Connections_Count": 173, "Service_Area_Type": "Municipality", "Verification_Status": "", "Area_SqKM": 0.9468790834894699}, "geometry": {"type": "Point", "coordinates": [-110.60643775998403, 45.88356657999161]}}, {"type": "Feature", "properties": {"PWSID": "MT0000167", "PWS_Name": "BROADVIEW  TOWN OF", "Primacy_Agency": "MT", "Population_Served_Count": 200, "Service_Connections_Count": 88, "Service_Area_Type": "Municipality", "Verification_Status": "", "Area_SqKM": 0.6784082823985855}, "geometry": {"type": "Point", "coordinates": [-108.87720834550296, 46.099354681894425]}}, {"type": "Feature", "properties": {"PWSID": "MT0000155", "PWS_Name": "CO WATER DIST OF BILLINGS HEIGHTS", "Primacy_Agency": "MT", "Population_Served_Count": 12000, "Service_Connections_Count": 6015, "Service_Area_Type": "Residential Area", "Verification_Status": "", "Area_SqKM": 23.608207330082042}, "geometry": {"type": "Point", "coordinates": [-108.56019412840273, 45.7662670079222]}}, {"type": "Feature", "properties": {"PWSID": "MT0000150", "PWS_Name": "BIG SANDY  TOWN OF", "Primacy_Agency": "MT", "Population_Served_Count": 608, "Service_Connections_Count": 379, "Service_Area_Type": "Residential Area", "Verification_Status": "", "Area_SqKM": 1.240079457757825}, "geometry": {"type": "Point", "coordinates": [-110.11451589837151, 48.17841678431046]}}, {"type": "Feature", "properties": {"PWSID": "MT0000125", "PWS_Name": "STROBEL TRAILER COURT", "Primacy_Agency": "MT", "Population_Served_Count": 60, "Service_Connections_Count": 21, "Service_Area_Type": "Mobile Home Park", "Verification_Status": "", "Area_SqKM": 0.020852828603453902}, "geometry": {"type": "Point", "coordinates": [-109.95169289583232, 45.82337341426844]}}, {"type": "Feature", "properties": {"PWSID": "MT0000039", "PWS_Name": "EDANNES MOBILE HOME PARK", "Primacy_Agency": "MT", "Population_Served_Count": 55, "Service_Connections_Count": 31, "Service_Area_Type": "Mobile Home Park", "Verification_Status": "", "Area_SqKM": 0.03345230949135397}, "geometry": {"type": "Point", "coordinates": [-110.57951243087155, 45.6368772000734]}}, {"type": "Feature", "properties": {"PWSID": "MT0000038", "PWS_Name": "SLEEPING GIANT COMMUNITY INC", "Primacy_Agency": "MT", "Population_Served_Count": 50, "Service_Connections_Count": 27, "Service_Area_Type": "Mobile Home Park", "Verification_Status": "", "Area_SqKM": 0.0156050756220628}, "geometry": {"type": "Point", "coordinates": [-110.54518035998404, 45.6783887401516]}}, {"type": "Feature", "properties": {"PWSID": "MT0001599", "PWS_Name": "BIG SPUR TR CT", "Primacy_Agency": "MT", "Population_Served_Count": 65, "Service_Connections_Count": 27, "Service_Area_Type": "Mobile Home Park", "Verification_Status": "", "Area_SqKM": 0.04138803637789175}, "geometry": {"type": "Point", "coordinates": [-110.61258911210999, 45.50145014202659]}}, {"type": "Feature", "properties": {"PWSID": "MT0004376", "PWS_Name": "COUNTRY HAVEN ESTATES  WHISPERING PINES", "Primacy_Agency": "MT", "Population_Served_Count": 100, "Service_Connections_Count": 80, "Service_Area_Type": "Subdivision", "Verification_Status": "", "Area_SqKM": 51.16383044643564}, "geometry": {"type": "Point", "coordinates": [-109.23609658405341, 45.58120503055855]}}, {"type": "Feature", "properties": {"PWSID": "MT0000256", "PWS_Name": "JOLIET  TOWN OF", "Primacy_Agency": "MT", "Population_Served_Count": 600, "Service_Connections_Count": 300, "Service_Area_Type": "Municipality", "Verification_Status": "", "Area_SqKM": 0.7108903955211171}, "geometry": {"type": "Point", "coordinates": [-108.97029414710573, 45.48443235896842]}}, {"type": "Feature", "properties": {"PWSID": "MT0000003", "PWS_Name": "ABSAROKEE WATER AND SEWER DIST", "Primacy_Agency": "MT", "Population_Served_Count": 1100, "Service_Connections_Count": 471, "Service_Area_Type": "Residential Area", "Verification_Status": "", "Area_SqKM": 3.1903233115371226}, "geometry": {"type": "Point", "coordinates": [-109.44430106766838, 45.517076922169686]}}, {"type": "Feature", "properties": {"PWSID": "MT0000497", "PWS_Name": "PINE CREST TR PK", "Primacy_Agency": "MT", "Population_Served_Count": 54, "Service_Connections_Count": 17, "Service_Area_Type": "Mobile Home Park", "Verification_Status": "", "Area_SqKM": 0.08752889721747441}, "geometry": {"type": "Point", "coordinates": [-110.57478636604229, 45.60215405569213]}}, {"type": "Feature", "properties": {"PWSID": "MT0000314", "PWS_Name": "RED LODGE WATER DEPT", "Primacy_Agency": "MT", "Population_Served_Count": 2000, "Service_Connections_Count": 1826, "Service_Area_Type": "Residential Area", "Verification_Status": "", "Area_SqKM": 5.338239966835465}, "geometry": {"type": "Point", "coordinates": [-109.25126082186586, 45.191898669908596]}}, {"type": "Feature", "properties": {"PWSID": "MT0003035", "PWS_Name": "FALLON COUNTY WATER DISTRICT", "Primacy_Agency": "MT", "Population_Served_Count": 85, "Service_Connections_Count": 35, "Service_Area_Type": "Other Residential", "Verification_Status": "", "Area_SqKM": 0.3811709431772251}, "geometry": {"type": "Point", "coordinates": [-104.25912660637496, 46.35916448908735]}}, {"type": "Feature", "properties": {"PWSID": "MT0002738", "PWS_Name": "CASITAS DEL MESA MHP", "Primacy_Agency": "MT", "Population_Served_Count": 180, "Service_Connections_Count": 60, "Service_Area_Type": "Mobile Home Park", "Verification_Status": "", "Area_SqKM": 0.37259309326613416}, "geometry": {"type": "Point", "coordinates": [-104.74138989817288, 47.108119800000445]}}, {"type": "Feature", "properties": {"PWSID": "MT0000222", "PWS_Name": "FROMBERG  TOWN OF", "Primacy_Agency": "MT", "Population_Served_Count": 500, "Service_Connections_Count": 235, "Service_Area_Type": "Residential Area", "Verification_Status": "", "Area_SqKM": 1.160869366180406}, "geometry": {"type": "Point", "coordinates": [-108.90758146808376, 45.39311545962282]}}, {"type": "Feature", "properties": {"PWSID": "MT0000165", "PWS_Name": "BRIDGER  TOWN OF", "Primacy_Agency": "MT", "Population_Served_Count": 750, "Service_Connections_Count": 376, "Service_Area_Type": "Municipality", "Verification_Status": "", "Area_SqKM": 1.7470332948360547}, "geometry": {"type": "Point", "coordinates": [-108.91673406171782, 45.29536929062835]}}, {"type": "Feature", "properties": {"PWSID": "MT0000063", "PWS_Name": "BEARCREEK MUNICIPAL WATER SYS", "Primacy_Agency": "MT", "Population_Served_Count": 200, "Service_Connections_Count": 69, "Service_Area_Type": "Residential Area", "Verification_Status": "", "Area_SqKM": 0.22949434997760546}, "geometry": {"type": "Point", "coordinates": [-109.15682464717992, 45.16007205414159]}}, {"type": "Feature", "properties": {"PWSID": "MT0000228", "PWS_Name": "CHERRY CREEK WUA  GLASGOW", "Primacy_Agency": "MT", "Population_Served_Count": 180, "Service_Connections_Count": 60, "Service_Area_Type": "Residential Area", "Verification_Status": "", "Area_SqKM": 0.08655792951953979}, "geometry": {"type": "Point", "coordinates": [-106.65583038075346, 48.22067199236627]}}, {"type": "Feature", "properties": {"PWSID": "MT0004987", "PWS_Name": "HIDDEN VALLEY COLONY", "Primacy_Agency": "MT", "Population_Served_Count": 80, "Service_Connections_Count": 2, "Service_Area_Type": "Residential Area", "Verification_Status": "", "Area_SqKM": 0.18493783113214704}, "geometry": {"type": "Point", "coordinates": [-110.30064063696018, 48.569998663024855]}}, {"type": "Feature", "properties": {"PWSID": "MT0000345", "PWS_Name": "TRACY WATER USERS CORP", "Primacy_Agency": "MT", "Population_Served_Count": 200, "Service_Connections_Count": 81, "Service_Area_Type": "Homeowners Association", "Verification_Status": "", "Area_SqKM": 0.2665894593190498}, "geometry": {"type": "Point", "coordinates": [-111.15559459103665, 47.41032308845927]}}, {"type": "Feature", "properties": {"PWSID": "MT0000360", "PWS_Name": "WHITE SULPHUR SPRINGS  CITY OF", "Primacy_Agency": "MT", "Population_Served_Count": 1000, "Service_Connections_Count": 600, "Service_Area_Type": "Residential Area", "Verification_Status": "", "Area_SqKM": 2.3006779264517534}, "geometry": {"type": "Point", "coordinates": [-110.90678902552469, 46.54683213927157]}}, {"type": "Feature", "properties": {"PWSID": "MT0000515", "PWS_Name": "MALMSTROM AIR FORCE BASE", "Primacy_Agency": "MT", "Population_Served_Count": 8850, "Service_Connections_Count": 2, "Service_Area_Type": "Residential Area", "Verification_Status": "", "Area_SqKM": 3.0733709713653266}, "geometry": {"type": "Point", "coordinates": [-111.19186248897739, 47.510420687168015]}}, {"type": "Feature", "properties": {"PWSID": "MT0000548", "PWS_Name": "PONDEROSA MB HOME SUBD", "Primacy_Agency": "MT", "Population_Served_Count": 70, "Service_Connections_Count": 30, "Service_Area_Type": "Mobile Home Park", "Verification_Status": "", "Area_SqKM": 0.041713206174068276}, "geometry": {"type": "Point", "coordinates": [-111.072082854644, 45.67611996392868]}}, {"type": "Feature", "properties": {"PWSID": "MT0000600", "PWS_Name": "PRAIRIE MOBILE VILLAGE", "Primacy_Agency": "MT", "Population_Served_Count": 163, "Service_Connections_Count": 65, "Service_Area_Type": "Mobile Home Park", "Verification_Status": "", "Area_SqKM": 0.0259587950883614}, "geometry": {"type": "Point", "coordinates": [-111.93347056197341, 46.627712151779015]}}, {"type": "Feature", "properties": {"PWSID": "MT0000796", "PWS_Name": "SPRINGHILL PARK SUBDIVISION", "Primacy_Agency": "MT", "Population_Served_Count": 90, "Service_Connections_Count": 45, "Service_Area_Type": "Homeowners Association", "Verification_Status": "", "Area_SqKM": 0.16601264781881966}, "geometry": {"type": "Point", "coordinates": [-111.05834554022532, 45.72971979628167]}}, {"type": "Feature", "properties": {"PWSID": "MT0001262", "PWS_Name": "MT ELLIS ACADEMY", "Primacy_Agency": "MT", "Population_Served_Count": 106, "Service_Connections_Count": 17, "Service_Area_Type": "School", "Verification_Status": "", "Area_SqKM": 0.05334700911332917}, "geometry": {"type": "Point", "coordinates": [-110.95471766326158, 45.65407684888789]}}, {"type": "Feature", "properties": {"PWSID": "MT0001738", "PWS_Name": "CASCADE COLONY", "Primacy_Agency": "MT", "Population_Served_Count": 105, "Service_Connections_Count": 20, "Service_Area_Type": "Residential Area", "Verification_Status": "", "Area_SqKM": 17.717450488402417}, "geometry": {"type": "Point", "coordinates": [-111.7684823340316, 47.166061566859064]}}, {"type": "Feature", "properties": {"PWSID": "MT0001773", "PWS_Name": "FAIRHAVEN COLONY", "Primacy_Agency": "MT", "Population_Served_Count": 105, "Service_Connections_Count": 9, "Service_Area_Type": "Residential Area", "Verification_Status": "", "Area_SqKM": 0.07897684808878655}, "geometry": {"type": "Point", "coordinates": [-111.5119518434101, 47.43425632321659]}}, {"type": "Feature", "properties": {"PWSID": "MT0002696", "PWS_Name": "BELGRADE TRAILER COURT", "Primacy_Agency": "MT", "Population_Served_Count": 50, "Service_Connections_Count": 18, "Service_Area_Type": "Mobile Home Park", "Verification_Status": "", "Area_SqKM": 0.04270980959303278}, "geometry": {"type": "Point", "coordinates": [-111.17084355510087, 45.77414362285329]}}, {"type": "Feature", "properties": {"PWSID": "MT0002806", "PWS_Name": "WINDY ACRES WUA", "Primacy_Agency": "MT", "Population_Served_Count": 50, "Service_Connections_Count": 23, "Service_Area_Type": "Subdivision", "Verification_Status": "", "Area_SqKM": 0.28847145288876974}, "geometry": {"type": "Point", "coordinates": [-111.35068241289589, 47.556876574103306]}}, {"type": "Feature", "properties": {"PWSID": "MT0002873", "PWS_Name": "MOUNTAIN HERITAGE WATER SYSTEM", "Primacy_Agency": "MT", "Population_Served_Count": 175, "Service_Connections_Count": 76, "Service_Area_Type": "Residential Area", "Verification_Status": "", "Area_SqKM": 0.6477380129817409}, "geometry": {"type": "Point", "coordinates": [-111.92127154414455, 46.713260210429254]}}, {"type": "Feature", "properties": {"PWSID": "MT0003152", "PWS_Name": "EAGLE CREEK COLONY", "Primacy_Agency": "MT", "Population_Served_Count": 125, "Service_Connections_Count": 12, "Service_Area_Type": "Residential Area", "Verification_Status": "", "Area_SqKM": 1.035852699882919}, "geometry": {"type": "Point", "coordinates": [-111.20769933323032, 48.698524600063024]}}, {"type": "Feature", "properties": {"PWSID": "MT0003251", "PWS_Name": "HOMESTEAD VALLEY WUA  HVHA", "Primacy_Agency": "MT", "Population_Served_Count": 105, "Service_Connections_Count": 45, "Service_Area_Type": "Residential Area", "Verification_Status": "", "Area_SqKM": 2.106452932700385}, "geometry": {"type": "Point", "coordinates": [-111.90583284613757, 46.62364995382217]}}, {"type": "Feature", "properties": {"PWSID": "MT0003304", "PWS_Name": "PLEASANT VALLEY COLONY", "Primacy_Agency": "MT", "Population_Served_Count": 120, "Service_Connections_Count": 8, "Service_Area_Type": "Residential Area", "Verification_Status": "", "Area_SqKM": 0.6450828006816335}, "geometry": {"type": "Point", "coordinates": [-111.04427299409365, 47.336031564796826]}}, {"type": "Feature", "properties": {"PWSID": "MT0003539", "PWS_Name": "PRAIRIE WATER COMPANY", "Primacy_Agency": "MT", "Population_Served_Count": 1000, "Service_Connections_Count": 550, "Service_Area_Type": "Wholesaler of Water", "Verification_Status": "", "Area_SqKM": 1.2218504116447768}, "geometry": {"type": "Point", "coordinates": [-111.36327269117791, 47.51369713476907]}}, {"type": "Feature", "properties": {"PWSID": "MT0003810", "PWS_Name": "COVERED WAGON MB HM PARK", "Primacy_Agency": "MT", "Population_Served_Count": 500, "Service_Connections_Count": 203, "Service_Area_Type": "Mobile Home Park", "Verification_Status": "", "Area_SqKM": 0.15975127036090916}, "geometry": {"type": "Point", "coordinates": [-111.05917071837895, 45.69058380454582]}}, {"type": "Feature", "properties": {"PWSID": "MT0003990", "PWS_Name": "DAVIS MEADOW VILLAGE", "Primacy_Agency": "MT", "Population_Served_Count": 180, "Service_Connections_Count": 72, "Service_Area_Type": "Mobile Home Park", "Verification_Status": "", "Area_SqKM": 0.02332073831110158}, "geometry": {"type": "Point", "coordinates": [-111.92412599998025, 46.62147040011233]}}, {"type": "Feature", "properties": {"PWSID": "MT0004036", "PWS_Name": "CAMROSE COLONY", "Primacy_Agency": "MT", "Population_Served_Count": 95, "Service_Connections_Count": 9, "Service_Area_Type": "Residential Area", "Verification_Status": "", "Area_SqKM": 0.009793768014426675}, "geometry": {"type": "Point", "coordinates": [-111.35035528575831, 48.475411407095734]}}, {"type": "Feature", "properties": {"PWSID": "MT0004190", "PWS_Name": "HOLMBERG VILLAGE ESTATES", "Primacy_Agency": "MT", "Population_Served_Count": 225, "Service_Connections_Count": 112, "Service_Area_Type": "Residential Area", "Verification_Status": "", "Area_SqKM": 0.23766847321128387}, "geometry": {"type": "Point", "coordinates": [-111.87032649589237, 46.62230475299773]}}, {"type": "Feature", "properties": {"PWSID": "MT0004208", "PWS_Name": "SPIRIT HILLS SUBDIVISION", "Primacy_Agency": "MT", "Population_Served_Count": 230, "Service_Connections_Count": 90, "Service_Area_Type": "Subdivision", "Verification_Status": "", "Area_SqKM": 0.34202085797540543}, "geometry": {"type": "Point", "coordinates": [-111.050876971402, 45.75476521763025]}}, {"type": "Feature", "properties": {"PWSID": "MT0004261", "PWS_Name": "BIG BEND RANCH SUBDIVISION", "Primacy_Agency": "MT", "Population_Served_Count": 100, "Service_Connections_Count": 68, "Service_Area_Type": "Subdivision", "Verification_Status": "", "Area_SqKM": 5.442737717887488}, "geometry": {"type": "Point", "coordinates": [-111.36724798496353, 47.44322209602117]}}, {"type": "Feature", "properties": {"PWSID": "MT0004419", "PWS_Name": "SPRING TREE RIDGE", "Primacy_Agency": "MT", "Population_Served_Count": 80, "Service_Connections_Count": 44, "Service_Area_Type": "Homeowners Association", "Verification_Status": "", "Area_SqKM": 5.442737717887488}, "geometry": {"type": "Point", "coordinates": [-111.36724798496353, 47.44322209602117]}}, {"type": "Feature", "properties": {"PWSID": "MT0004681", "PWS_Name": "HIGHWOOD MOBILE HOME PARK", "Primacy_Agency": "MT", "Population_Served_Count": 400, "Service_Connections_Count": 257, "Service_Area_Type": "Mobile Home Park", "Verification_Status": "", "Area_SqKM": 0.023860377042063327}, "geometry": {"type": "Point", "coordinates": [-111.23619954986556, 47.514797016735336]}}, {"type": "Feature", "properties": {"PWSID": "MT0004683", "PWS_Name": "BIG SKY MOBILE HOME PARK", "Primacy_Agency": "MT", "Population_Served_Count": 40, "Service_Connections_Count": 18, "Service_Area_Type": "Mobile Home Park", "Verification_Status": "", "Area_SqKM": 0.04677878060188478}, "geometry": {"type": "Point", "coordinates": [-111.30253697323481, 47.47819277761136]}}, {"type": "Feature", "properties": {"PWSID": "MT0004686", "PWS_Name": "GRANDVIEW TRAILER COURT", "Primacy_Agency": "MT", "Population_Served_Count": 165, "Service_Connections_Count": 66, "Service_Area_Type": "Mobile Home Park", "Verification_Status": "", "Area_SqKM": 0.02632578224139625}, "geometry": {"type": "Point", "coordinates": [-111.29505968241052, 47.488182388138355]}}, {"type": "Feature", "properties": {"PWSID": "MT0004687", "PWS_Name": "RIVERS EDGE MOBILE HOME PARK   GRT FLS", "Primacy_Agency": "MT", "Population_Served_Count": 75, "Service_Connections_Count": 58, "Service_Area_Type": "Mobile Home Park", "Verification_Status": "", "Area_SqKM": 0.3616140121506825}, "geometry": {"type": "Point", "coordinates": [-111.33851485911545, 47.49019349743234]}}, {"type": "Feature", "properties": {"PWSID": "MT0004734", "PWS_Name": "FRANKLIN HILLS SUBDIVISION", "Primacy_Agency": "MT", "Population_Served_Count": 50, "Service_Connections_Count": 17, "Service_Area_Type": "Homeowners Association", "Verification_Status": "", "Area_SqKM": 0.25372139591654413}, "geometry": {"type": "Point", "coordinates": [-110.99414407264662, 45.66511678182442]}}, {"type": "Feature", "properties": {"PWSID": "MT0004825", "PWS_Name": "RED SKY MOBILE HOME COMMUNITY", "Primacy_Agency": "MT", "Population_Served_Count": 80, "Service_Connections_Count": 32, "Service_Area_Type": "Mobile Home Park", "Verification_Status": "", "Area_SqKM": 0.1244856448288125}, "geometry": {"type": "Point", "coordinates": [-111.5473152068323, 47.56011536109924]}}, {"type": "Feature", "properties": {"PWSID": "MT0000115", "PWS_Name": "ROCKY CREEK TR COURT", "Primacy_Agency": "MT", "Population_Served_Count": 35, "Service_Connections_Count": 17, "Service_Area_Type": "Mobile Home Park", "Verification_Status": "", "Area_SqKM": 0.02416690870191327}, "geometry": {"type": "Point", "coordinates": [-111.01327766243925, 45.68467103747966]}}, {"type": "Feature", "properties": {"PWSID": "MT0000298", "PWS_Name": "NEIHART  TOWN OF", "Primacy_Agency": "MT", "Population_Served_Count": 229, "Service_Connections_Count": 107, "Service_Area_Type": "Municipality", "Verification_Status": "", "Area_SqKM": 0.16899915165748877}, "geometry": {"type": "Point", "coordinates": [-110.73258772446533, 46.92981509489414]}}, {"type": "Feature", "properties": {"PWSID": "MT0000391", "PWS_Name": "SURPRISE CREEK COLONY", "Primacy_Agency": "MT", "Population_Served_Count": 80, "Service_Connections_Count": 16, "Service_Area_Type": "Residential Area", "Verification_Status": "", "Area_SqKM": 0.1232591069556809}, "geometry": {"type": "Point", "coordinates": [-110.79645447308954, 47.056552942918586]}}, {"type": "Feature", "properties": {"PWSID": "MT0000338", "PWS_Name": "SUNBURST  TOWN OF", "Primacy_Agency": "MT", "Population_Served_Count": 459, "Service_Connections_Count": 180, "Service_Area_Type": "Residential Area", "Verification_Status": "", "Area_SqKM": 0.4950893234705362}, "geometry": {"type": "Point", "coordinates": [-111.91163296222099, 48.88289710490806]}}, {"type": "Feature", "properties": {"PWSID": "MT0000277", "PWS_Name": "LODGE GRASS  TOWN OF", "Primacy_Agency": "MT", "Population_Served_Count": 480, "Service_Connections_Count": 186, "Service_Area_Type": "Residential Area", "Verification_Status": "", "Area_SqKM": 1.7446435377200067}, "geometry": {"type": "Point", "coordinates": [-107.27936665920002, 45.28883581115023]}}, {"type": "Feature", "properties": {"PWSID": "MT0000180", "PWS_Name": "COLSTRIP  CITY OF", "Primacy_Agency": "MT", "Population_Served_Count": 2350, "Service_Connections_Count": 913, "Service_Area_Type": "Municipality", "Verification_Status": "", "Area_SqKM": 8.235391516652992}, "geometry": {"type": "Point", "coordinates": [-106.62663562647406, 45.89331683944421]}}, {"type": "Feature", "properties": {"PWSID": "MT0000215", "PWS_Name": "FORSYTH  CITY OF", "Primacy_Agency": "MT", "Population_Served_Count": 2260, "Service_Connections_Count": 915, "Service_Area_Type": "Municipality", "Verification_Status": "", "Area_SqKM": 3.023684848612831}, "geometry": {"type": "Point", "coordinates": [-106.67314949672227, 46.26841864249569]}}, {"type": "Feature", "properties": {"PWSID": "MT0000428", "PWS_Name": "HYSHAM  TOWN OF", "Primacy_Agency": "MT", "Population_Served_Count": 262, "Service_Connections_Count": 184, "Service_Area_Type": "Residential Area", "Verification_Status": "", "Area_SqKM": 0.8385021167021244}, "geometry": {"type": "Point", "coordinates": [-107.22011440858563, 46.292947638294805]}}, {"type": "Feature", "properties": {"PWSID": "MT0005060", "PWS_Name": "CASITAS DEL RIO", "Primacy_Agency": "MT", "Population_Served_Count": 216, "Service_Connections_Count": 124, "Service_Area_Type": "Residential Area", "Verification_Status": "", "Area_SqKM": 0.04240827700346797}, "geometry": {"type": "Point", "coordinates": [-104.72895195773694, 47.103183936399326]}}, {"type": "Feature", "properties": {"PWSID": "MT0004404", "PWS_Name": "NORTH BAKER WATER AND OR SEWER DIST", "Primacy_Agency": "MT", "Population_Served_Count": 112, "Service_Connections_Count": 40, "Service_Area_Type": "Other Non-transient Area", "Verification_Status": "", "Area_SqKM": 0.016452141736252025}, "geometry": {"type": "Point", "coordinates": [-104.27417637912775, 46.36402865410736]}}, {"type": "Feature", "properties": {"PWSID": "MT0000570", "PWS_Name": "HIGHLAND PARK UTILITIES ASSN", "Primacy_Agency": "MT", "Population_Served_Count": 500, "Service_Connections_Count": 141, "Service_Area_Type": "Subdivision", "Verification_Status": "", "Area_SqKM": 0.16998433600647744}, "geometry": {"type": "Point", "coordinates": [-104.74643743378971, 47.12077119606439]}}, {"type": "Feature", "properties": {"PWSID": "MT0000410", "PWS_Name": "I 94 MOBILE HOME PARK", "Primacy_Agency": "MT", "Population_Served_Count": 90, "Service_Connections_Count": 42, "Service_Area_Type": "Mobile Home Park", "Verification_Status": "", "Area_SqKM": 0.014657110068898364}, "geometry": {"type": "Point", "coordinates": [-104.77288824724843, 47.09228812502766]}}, {"type": "Feature", "properties": {"PWSID": "MT0000361", "PWS_Name": "WIBAUX  TOWN OF", "Primacy_Agency": "MT", "Population_Served_Count": 550, "Service_Connections_Count": 283, "Service_Area_Type": "Residential Area", "Verification_Status": "", "Area_SqKM": 1.8754289903602794}, "geometry": {"type": "Point", "coordinates": [-104.18957636462271, 46.98532180601483]}}, {"type": "Feature", "properties": {"PWSID": "MT0000307", "PWS_Name": "PLEVNA  TOWN OF", "Primacy_Agency": "MT", "Population_Served_Count": 130, "Service_Connections_Count": 88, "Service_Area_Type": "Residential Area", "Verification_Status": "", "Area_SqKM": 1.594514886351598}, "geometry": {"type": "Point", "coordinates": [-104.50789865407724, 46.412697816584775]}}, {"type": "Feature", "properties": {"PWSID": "MT0000233", "PWS_Name": "FOREST PARK WATER  RSID 24", "Primacy_Agency": "MT", "Population_Served_Count": 1200, "Service_Connections_Count": 321, "Service_Area_Type": "Subdivision", "Verification_Status": "", "Area_SqKM": 2.6014162436285004}, "geometry": {"type": "Point", "coordinates": [-104.75107253106438, 47.105000900017785]}}, {"type": "Feature", "properties": {"PWSID": "MT0000229", "PWS_Name": "GLENDIVE  CITY OF", "Primacy_Agency": "MT", "Population_Served_Count": 4873, "Service_Connections_Count": 2111, "Service_Area_Type": "Municipality", "Verification_Status": "", "Area_SqKM": 6.918574900087129}, "geometry": {"type": "Point", "coordinates": [-104.70179381260658, 47.11655263748471]}}, {"type": "Feature", "properties": {"PWSID": "MT0000206", "PWS_Name": "EKALAKA  TOWN OF", "Primacy_Agency": "MT", "Population_Served_Count": 400, "Service_Connections_Count": 365, "Service_Area_Type": "Residential Area", "Verification_Status": "", "Area_SqKM": 2.2727904684236098}, "geometry": {"type": "Point", "coordinates": [-104.55025868976382, 45.89017663454344]}}, {"type": "Feature", "properties": {"PWSID": "MT0000021", "PWS_Name": "BAKER  CITY OF", "Primacy_Agency": "MT", "Population_Served_Count": 1858, "Service_Connections_Count": 876, "Service_Area_Type": "Municipality", "Verification_Status": "", "Area_SqKM": 2.53044583698406}, "geometry": {"type": "Point", "coordinates": [-104.27214075326926, 46.36377923890692]}}, {"type": "Feature", "properties": {"PWSID": "MT0000316", "PWS_Name": "RICHEY  TOWN OF", "Primacy_Agency": "MT", "Population_Served_Count": 180, "Service_Connections_Count": 142, "Service_Area_Type": "Residential Area", "Verification_Status": "", "Area_SqKM": 0.536684677116858}, "geometry": {"type": "Point", "coordinates": [-105.06970542104038, 47.64517322101066]}}, {"type": "Feature", "properties": {"PWSID": "MT0000355", "PWS_Name": "WESTBY  TOWN OF", "Primacy_Agency": "MT", "Population_Served_Count": 172, "Service_Connections_Count": 104, "Service_Area_Type": "Municipality", "Verification_Status": "", "Area_SqKM": 0.8357420321836897}, "geometry": {"type": "Point", "coordinates": [-104.05147166311731, 48.86858528414364]}}, {"type": "Feature", "properties": {"PWSID": "MT0000644", "PWS_Name": "MOUNT PLEASANT ESTATES", "Primacy_Agency": "MT", "Population_Served_Count": 45, "Service_Connections_Count": 15, "Service_Area_Type": "Residential Area", "Verification_Status": "", "Area_SqKM": 0.013808906235496193}, "geometry": {"type": "Point", "coordinates": [-104.2577722054101, 47.576344663154245]}}, {"type": "Feature", "properties": {"PWSID": "MT0000549", "PWS_Name": "FLAXVILLE  TOWN OF", "Primacy_Agency": "MT", "Population_Served_Count": 82, "Service_Connections_Count": 47, "Service_Area_Type": "Residential Area", "Verification_Status": "", "Area_SqKM": 0.1930358275079728}, "geometry": {"type": "Point", "coordinates": [-105.1741204334912, 48.8050293666857]}}, {"type": "Feature", "properties": {"PWSID": "MT0000458", "PWS_Name": "ASHLAND WATER AND SEWER DIST", "Primacy_Agency": "MT", "Population_Served_Count": 400, "Service_Connections_Count": 98, "Service_Area_Type": "Residential Area", "Verification_Status": "", "Area_SqKM": 1.7470267671525574}, "geometry": {"type": "Point", "coordinates": [-106.26789636571182, 45.59508905599239]}}, {"type": "Feature", "properties": {"PWSID": "MT0000415", "PWS_Name": "GLASGOW  CITY OF", "Primacy_Agency": "MT", "Population_Served_Count": 3253, "Service_Connections_Count": 1520, "Service_Area_Type": "Residential Area", "Verification_Status": "", "Area_SqKM": 5.865051539372858}, "geometry": {"type": "Point", "coordinates": [-106.4593185884139, 48.151852294788135]}}, {"type": "Feature", "properties": {"PWSID": "MT0000326", "PWS_Name": "SCOBEY  CITY OF", "Primacy_Agency": "MT", "Population_Served_Count": 1026, "Service_Connections_Count": 608, "Service_Area_Type": "Residential Area", "Verification_Status": "", "Area_SqKM": 0.32290124615874716}, "geometry": {"type": "Point", "coordinates": [-105.42406046670303, 48.788410713286794]}}, {"type": "Feature", "properties": {"PWSID": "MT0000301", "PWS_Name": "OPHEIM  TOWN OF", "Primacy_Agency": "MT", "Population_Served_Count": 111, "Service_Connections_Count": 69, "Service_Area_Type": "Municipality", "Verification_Status": "", "Area_SqKM": 0.27188164064953524}, "geometry": {"type": "Point", "coordinates": [-106.40833350988939, 48.85800448537004]}}, {"type": "Feature", "properties": {"PWSID": "MT0000297", "PWS_Name": "NASHUA  TOWN OF", "Primacy_Agency": "MT", "Population_Served_Count": 300, "Service_Connections_Count": 191, "Service_Area_Type": "Municipality", "Verification_Status": "", "Area_SqKM": 0.8861604477376025}, "geometry": {"type": "Point", "coordinates": [-106.35970492951571, 48.13283978183395]}}, {"type": "Feature", "properties": {"PWSID": "MT0000291", "PWS_Name": "MILES CITY CITY OF", "Primacy_Agency": "MT", "Population_Served_Count": 9565, "Service_Connections_Count": 3790, "Service_Area_Type": "Municipality", "Verification_Status": "", "Area_SqKM": 9.793959595922475}, "geometry": {"type": "Point", "coordinates": [-105.83974918999743, 46.40862771579879]}}, {"type": "Feature", "properties": {"PWSID": "MT0000257", "PWS_Name": "JORDAN  TOWN OF", "Primacy_Agency": "MT", "Population_Served_Count": 364, "Service_Connections_Count": 298, "Service_Area_Type": "Residential Area", "Verification_Status": "", "Area_SqKM": 0.8752985012433667}, "geometry": {"type": "Point", "coordinates": [-106.9108390069479, 47.3205029895396]}}, {"type": "Feature", "properties": {"PWSID": "MT0000218", "PWS_Name": "FORT PECK  TOWN OF", "Primacy_Agency": "MT", "Population_Served_Count": 240, "Service_Connections_Count": 144, "Service_Area_Type": "Mobile Home Park", "Verification_Status": "", "Area_SqKM": 0.5612829793696221}, "geometry": {"type": "Point", "coordinates": [-106.44793544329877, 48.00891877369417]}}, {"type": "Feature", "properties": {"PWSID": "MT0000176", "PWS_Name": "CIRCLE  TOWN OF", "Primacy_Agency": "MT", "Population_Served_Count": 644, "Service_Connections_Count": 356, "Service_Area_Type": "Residential Area", "Verification_Status": "", "Area_SqKM": 1.5497848786853514}, "geometry": {"type": "Point", "coordinates": [-105.58706234065352, 47.415949236050274]}}, {"type": "Feature", "properties": {"PWSID": "MT0000166", "PWS_Name": "BROADUS  TOWN OF", "Primacy_Agency": "MT", "Population_Served_Count": 450, "Service_Connections_Count": 350, "Service_Area_Type": "Municipality", "Verification_Status": "", "Area_SqKM": 0.903389464748071}, "geometry": {"type": "Point", "coordinates": [-105.40821498491027, 45.44197888192626]}}, {"type": "Feature", "properties": {"PWSID": "MT0004869", "PWS_Name": "PERRYS WATER SERVICE", "Primacy_Agency": "MT", "Population_Served_Count": 100, "Service_Connections_Count": 70, "Service_Area_Type": "Wholesaler of Water", "Verification_Status": "", "Area_SqKM": 0.09808201688218492}, "geometry": {"type": "Point", "coordinates": [-109.2329590266752, 48.584282646597266]}}, {"type": "Feature", "properties": {"PWSID": "MT0004378", "PWS_Name": "CAMP CREEK WUA INC", "Primacy_Agency": "MT", "Population_Served_Count": 50, "Service_Connections_Count": 28, "Service_Area_Type": "Homeowners Association", "Verification_Status": "", "Area_SqKM": 0.22555823724567034}, "geometry": {"type": "Point", "coordinates": [-108.62303257081396, 47.897524370867636]}}, {"type": "Feature", "properties": {"PWSID": "MT0004072", "PWS_Name": "HARTLAND COLONY", "Primacy_Agency": "MT", "Population_Served_Count": 73, "Service_Connections_Count": 4, "Service_Area_Type": "Residential Area", "Verification_Status": "", "Area_SqKM": 0.27082374678419757}, "geometry": {"type": "Point", "coordinates": [-109.4491257727775, 48.952716209209385]}}, {"type": "Feature", "properties": {"PWSID": "MT0003524", "PWS_Name": "LORING HUTTERIAN BRETHREN INC", "Primacy_Agency": "MT", "Population_Served_Count": 45, "Service_Connections_Count": 15, "Service_Area_Type": "Residential Area", "Verification_Status": "", "Area_SqKM": 0.01339465057422417}, "geometry": {"type": "Point", "coordinates": [-107.62712286670491, 48.76047403332108]}}, {"type": "Feature", "properties": {"PWSID": "MT0001772", "PWS_Name": "TURNER COLONY", "Primacy_Agency": "MT", "Population_Served_Count": 50, "Service_Connections_Count": 17, "Service_Area_Type": "Residential Area", "Verification_Status": "", "Area_SqKM": 0.1881464738488146}, "geometry": {"type": "Point", "coordinates": [-108.40493608414965, 48.845669121036906]}}, {"type": "Feature", "properties": {"PWSID": "MT0001771", "PWS_Name": "NORTH HARLEM COLONY", "Primacy_Agency": "MT", "Population_Served_Count": 42, "Service_Connections_Count": 6, "Service_Area_Type": "Residential Area", "Verification_Status": "", "Area_SqKM": 0.01689089223415049}, "geometry": {"type": "Point", "coordinates": [-108.7558327102188, 48.58514423784385]}}, {"type": "Feature", "properties": {"PWSID": "MT0000408", "PWS_Name": "WHISPERING TREES MOBILE PARK", "Primacy_Agency": "MT", "Population_Served_Count": 100, "Service_Connections_Count": 42, "Service_Area_Type": "Mobile Home Park", "Verification_Status": "", "Area_SqKM": 0.028913110331259543}, "geometry": {"type": "Point", "coordinates": [-104.74547390001675, 47.11268100013058]}}, {"type": "Feature", "properties": {"PWSID": "MT0000020", "PWS_Name": "BAINVILLE  TOWN OF", "Primacy_Agency": "MT", "Population_Served_Count": 350, "Service_Connections_Count": 137, "Service_Area_Type": "Residential Area", "Verification_Status": "", "Area_SqKM": 1.4347200679782524}, "geometry": {"type": "Point", "coordinates": [-104.22319247358739, 48.142048763576106]}}, {"type": "Feature", "properties": {"PWSID": "MT0000192", "PWS_Name": "CULBERTSON  TOWN OF", "Primacy_Agency": "MT", "Population_Served_Count": 714, "Service_Connections_Count": 432, "Service_Area_Type": "Municipality", "Verification_Status": "", "Area_SqKM": 1.5043517186267303}, "geometry": {"type": "Point", "coordinates": [-104.5160396470519, 48.14752319411067]}}, {"type": "Feature", "properties": {"PWSID": "MT0000213", "PWS_Name": "FAIRVIEW  TOWN OF", "Primacy_Agency": "MT", "Population_Served_Count": 1000, "Service_Connections_Count": 434, "Service_Area_Type": "Residential Area", "Verification_Status": "", "Area_SqKM": 1.5538344331096772}, "geometry": {"type": "Point", "coordinates": [-104.05117314136656, 47.85270136366518]}}, {"type": "Feature", "properties": {"PWSID": "MT0000221", "PWS_Name": "FROID  TOWN OF", "Primacy_Agency": "MT", "Population_Served_Count": 450, "Service_Connections_Count": 153, "Service_Area_Type": "Municipality", "Verification_Status": "", "Area_SqKM": 0.8157463531782904}, "geometry": {"type": "Point", "coordinates": [-104.49125358749373, 48.33621806252707]}}, {"type": "Feature", "properties": {"PWSID": "MT0000289", "PWS_Name": "MEDICINE LAKE  TOWN OF", "Primacy_Agency": "MT", "Population_Served_Count": 600, "Service_Connections_Count": 174, "Service_Area_Type": "Municipality", "Verification_Status": "", "Area_SqKM": 0.8391268387838309}, "geometry": {"type": "Point", "coordinates": [-104.50214466147953, 48.50187707513406]}}, {"type": "Feature", "properties": {"PWSID": "MT0000306", "PWS_Name": "PLENTYWOOD WATER DEPARTMENT", "Primacy_Agency": "MT", "Population_Served_Count": 1700, "Service_Connections_Count": 962, "Service_Area_Type": "Municipality", "Verification_Status": "", "Area_SqKM": 1.2386864230670107}, "geometry": {"type": "Point", "coordinates": [-104.55902130963604, 48.775405500014706]}}, {"type": "Feature", "properties": {"PWSID": "MT0000330", "PWS_Name": "SIDNEY  CITY OF", "Primacy_Agency": "MT", "Population_Served_Count": 5000, "Service_Connections_Count": 2495, "Service_Area_Type": "Residential Area", "Verification_Status": "", "Area_SqKM": 7.211870374592011}, "geometry": {"type": "Point", "coordinates": [-104.1707274093541, 47.71423737602194]}}, {"type": "Feature", "properties": {"PWSID": "MT0004348", "PWS_Name": "DRY PRAIRIE RURAL WATER AUTHORITY", "Primacy_Agency": "MT", "Population_Served_Count": 3005, "Service_Connections_Count": 1911, "Service_Area_Type": "Residential Area", "Verification_Status": "", "Area_SqKM": 0.26829832429074213}, "geometry": {"type": "Point", "coordinates": [-104.51500612864963, 48.15506115721105]}}, {"type": "Feature", "properties": {"PWSID": "MT0001770", "PWS_Name": "GILDFORD COLONY", "Primacy_Agency": "MT", "Population_Served_Count": 70, "Service_Connections_Count": 6, "Service_Area_Type": "Residential Area", "Verification_Status": "", "Area_SqKM": 0.11283874703521692}, "geometry": {"type": "Point", "coordinates": [-110.3000550655652, 48.57064028125017]}}, {"type": "Feature", "properties": {"PWSID": "MT0001623", "PWS_Name": "PHILLIPS COUNTY ZORTMAN WATER AND SEWER", "Primacy_Agency": "MT", "Population_Served_Count": 169, "Service_Connections_Count": 39, "Service_Area_Type": "Homeowners Association", "Verification_Status": "", "Area_SqKM": 0.26741627665440926}, "geometry": {"type": "Point", "coordinates": [-108.51964988423865, 47.9163934099641]}}, {"type": "Feature", "properties": {"PWSID": "MT0000524", "PWS_Name": "HAVRE  CITY OF", "Primacy_Agency": "MT", "Population_Served_Count": 9921, "Service_Connections_Count": 3641, "Service_Area_Type": "Municipality", "Verification_Status": "", "Area_SqKM": 10.547453559737505}, "geometry": {"type": "Point", "coordinates": [-109.6918539325159, 48.549916447342945]}}, {"type": "Feature", "properties": {"PWSID": "MT0000363", "PWS_Name": "WINIFRED  TOWN OF", "Primacy_Agency": "MT", "Population_Served_Count": 274, "Service_Connections_Count": 121, "Service_Area_Type": "Municipality", "Verification_Status": "", "Area_SqKM": 0.5709299131754844}, "geometry": {"type": "Point", "coordinates": [-109.37792823999986, 47.55972628011501]}}, {"type": "Feature", "properties": {"PWSID": "MT0000323", "PWS_Name": "SACO  TOWN OF", "Primacy_Agency": "MT", "Population_Served_Count": 180, "Service_Connections_Count": 184, "Service_Area_Type": "Residential Area", "Verification_Status": "", "Area_SqKM": 0.6722405742380735}, "geometry": {"type": "Point", "coordinates": [-107.34202142972518, 48.457327051005414]}}, {"type": "Feature", "properties": {"PWSID": "MT0000284", "PWS_Name": "MALTA  CITY OF", "Primacy_Agency": "MT", "Population_Served_Count": 1800, "Service_Connections_Count": 1112, "Service_Area_Type": "Municipality", "Verification_Status": "", "Area_SqKM": 2.6866651880647083}, "geometry": {"type": "Point", "coordinates": [-107.87174590445453, 48.356653202444484]}}, {"type": "Feature", "properties": {"PWSID": "MT0000239", "PWS_Name": "HARLEM  CITY OF", "Primacy_Agency": "MT", "Population_Served_Count": 820, "Service_Connections_Count": 372, "Service_Area_Type": "Residential Area", "Verification_Status": "", "Area_SqKM": 1.6370286252240287}, "geometry": {"type": "Point", "coordinates": [-108.78768264863648, 48.53167159209303]}}, {"type": "Feature", "properties": {"PWSID": "MT0000203", "PWS_Name": "DODSON  TOWN OF", "Primacy_Agency": "MT", "Population_Served_Count": 120, "Service_Connections_Count": 62, "Service_Area_Type": "Municipality", "Verification_Status": "", "Area_SqKM": 0.41561856792467883}, "geometry": {"type": "Point", "coordinates": [-108.24743881562357, 48.39553710780515]}}, {"type": "Feature", "properties": {"PWSID": "MT0000174", "PWS_Name": "CHINOOK  CITY OF", "Primacy_Agency": "MT", "Population_Served_Count": 1300, "Service_Connections_Count": 807, "Service_Area_Type": "Municipality", "Verification_Status": "", "Area_SqKM": 2.416541911295503}, "geometry": {"type": "Point", "coordinates": [-109.23593534939545, 48.59018118027947]}}, {"type": "Feature", "properties": {"PWSID": "MT0000294", "PWS_Name": "MISSOULA WATER", "Primacy_Agency": "MT", "Population_Served_Count": 68200, "Service_Connections_Count": 27911, "Service_Area_Type": "Municipality", "Verification_Status": "", "Area_SqKM": 135.69199369156937}, "geometry": {"type": "Point", "coordinates": [-114.04844745814762, 46.88903064368991]}}, {"type": "Feature", "properties": {"PWSID": "MT0000339", "PWS_Name": "SUPERIOR  TOWN OF", "Primacy_Agency": "MT", "Population_Served_Count": 1100, "Service_Connections_Count": 452, "Service_Area_Type": "Residential Area", "Verification_Status": "", "Area_SqKM": 2.979925840528408}, "geometry": {"type": "Point", "coordinates": [-114.88662869381946, 47.19870940993026]}}, {"type": "Feature", "properties": {"PWSID": "MT0000525", "PWS_Name": "GREAT FALLS  CITY OF", "Primacy_Agency": "MT", "Population_Served_Count": 60000, "Service_Connections_Count": 22477, "Service_Area_Type": "Residential Area", "Verification_Status": "", "Area_SqKM": 57.137194718998}, "geometry": {"type": "Point", "coordinates": [-111.29429700937803, 47.50551780365949]}}]}