{"type": "FeatureCollection", "features": [{"type": "Feature", "properties": {"PWSID": "AZ0407195", "PWS_Name": "VWC BUCKEYE DIVISION SUN VALLEY", "Primacy_Agency": "AZ", "Population_Served_Count": 1378, "Service_Connections_Count": 492, "Service_Area_Type": "Residential Area", "Verification_Status": "", "Area_SqKM": 3.874063785980799}, "geometry": {"type": "Point", "coordinates": [-112.71087289961032, 33.4550266331349]}}, {"type": "Feature", "properties": {"PWSID": "AZ0407065", "PWS_Name": "ROSE VALLEY WATER COMPANY", "Primacy_Agency": "AZ", "Population_Served_Count": 6202, "Service_Connections_Count": 2398, "Service_Area_Type": "Residential Area", "Verification_Status": "", "Area_SqKM": 3.5812311903593197}, "geometry": {"type": "Point", "coordinates": [-112.25105931829536, 33.67971737280402]}}, {"type": "Feature", "properties": {"PWSID": "AZ0407670", "PWS_Name": "SAGUARO ACRES CFD", "Primacy_Agency": "AZ", "Population_Served_Count": 175, "Service_Connections_Count": 130, "Service_Area_Type": "Residential Area", "Verification_Status": "", "Area_SqKM": 3.0115643700130916}, "geometry": {"type": "Point", "coordinates": [-112.42884457286345, 33.74605456355013]}}, {"type": "Feature", "properties": {"PWSID": "AZ0407169", "PWS_Name": "SAGUARO VIEW MGMT COMPANY", "Primacy_Agency": "AZ", "Population_Served_Count": 400, "Service_Connections_Count": 183, "Service_Area_Type": "Residential Area", "Verification_Status": "", "Area_SqKM": 2.598329328050442}, "geometry": {"type": "Point", "coordinates": [-112.40473735734629, 33.74889607158007]}}, {"type": "Feature", "properties": {"PWSID": "AZ0407064", "PWS_Name": "CHAPARRAL WATER COMPANY", "Primacy_Agency": "AZ", "Population_Served_Count": 963, "Service_Connections_Count": 358, "Service_Area_Type": "Residential Area", "Verification_Status": "", "Area_SqKM": 2.55536708385686}, "geometry": {"type": "Point", "coordinates": [-112.5094343995758, 33.73004013974336]}}, {"type": "Feature", "properties": {"PWSID": "AZ0407112", "PWS_Name": "BROOKE WATER LLC - CIRCLE CITY WC", "Primacy_Agency": "AZ", "Population_Served_Count": 815, "Service_Connections_Count": 303, "Service_Area_Type": "Residential Area", "Verification_Status": "", "Area_SqKM": 2.1057355995928035}, "geometry": {"type": "Point", "coordinates": [-112.57912481422058, 33.8193569998773]}}, {"type": "Feature", "properties": {"PWSID": "AZ0407482", "PWS_Name": "RANCHO WELLS INC", "Primacy_Agency": "AZ", "Population_Served_Count": 59, "Service_Connections_Count": 22, "Service_Area_Type": "Residential Area", "Verification_Status": "", "Area_SqKM": 1.9521965480445451}, "geometry": {"type": "Point", "coordinates": [-112.5381388797816, 33.68829155999426]}}, {"type": "Feature", "properties": {"PWSID": "AZ0407528", "PWS_Name": "PEAK VIEW RANCH", "Primacy_Agency": "AZ", "Population_Served_Count": 470, "Service_Connections_Count": 162, "Service_Area_Type": "Residential Area", "Verification_Status": "", "Area_SqKM": 1.731128073072387}, "geometry": {"type": "Point", "coordinates": [-112.56029407128999, 33.74281931421167]}}, {"type": "Feature", "properties": {"PWSID": "AZ0413020", "PWS_Name": "COLDWATER CANYON 1", "Primacy_Agency": "AZ", "Population_Served_Count": 541, "Service_Connections_Count": 239, "Service_Area_Type": "Residential Area", "Verification_Status": "", "Area_SqKM": 1.7279928780692602}, "geometry": {"type": "Point", "coordinates": [-112.13423346180252, 34.08027251905156]}}, {"type": "Feature", "properties": {"PWSID": "AZ0413192", "PWS_Name": "COLDWATER CANYON 2", "Primacy_Agency": "AZ", "Population_Served_Count": 247, "Service_Connections_Count": 109, "Service_Area_Type": "Residential Area", "Verification_Status": "", "Area_SqKM": 1.7221397974424348}, "geometry": {"type": "Point", "coordinates": [-112.13396667716428, 34.07971831369265]}}, {"type": "Feature", "properties": {"PWSID": "AZ0413202", "PWS_Name": "COLDWATER CANYON 3", "Primacy_Agency": "AZ", "Population_Served_Count": 120, "Service_Connections_Count": 53, "Service_Area_Type": "Residential Area", "Verification_Status": "", "Area_SqKM": 1.7163573438019517}, "geometry": {"type": "Point", "coordinates": [-112.13424893327276, 34.08028088578395]}}, {"type": "Feature", "properties": {"PWSID": "AZ0407555", "PWS_Name": "ASPC LEWIS COMPLEX WATER SYSTEM", "Primacy_Agency": "AZ", "Population_Served_Count": 4300, "Service_Connections_Count": 11, "Service_Area_Type": "Residential Area", "Verification_Status": "", "Area_SqKM": 1.7053040426305668}, "geometry": {"type": "Point", "coordinates": [-112.65243208484092, 33.204638290261194]}}, {"type": "Feature", "properties": {"PWSID": "AZ0407021", "PWS_Name": "COUNTRY CLUB ACRES WATER INC", "Primacy_Agency": "AZ", "Population_Served_Count": 431, "Service_Connections_Count": 99, "Service_Area_Type": "Residential Area", "Verification_Status": "", "Area_SqKM": 1.6588470364342074}, "geometry": {"type": "Point", "coordinates": [-112.76348880018858, 33.971407330031425]}}, {"type": "Feature", "properties": {"PWSID": "AZ0407012", "PWS_Name": "CABALLEROS WATER COMPANY", "Primacy_Agency": "AZ", "Population_Served_Count": 100, "Service_Connections_Count": 63, "Service_Area_Type": "Residential Area", "Verification_Status": "", "Area_SqKM": 1.5212367697852192}, "geometry": {"type": "Point", "coordinates": [-112.77549228435856, 33.941661631623916]}}, {"type": "Feature", "properties": {"PWSID": "AZ0407114", "PWS_Name": "VWC BUCKEYE DIV BULFER PRIMROSE", "Primacy_Agency": "AZ", "Population_Served_Count": 280, "Service_Connections_Count": 100, "Service_Area_Type": "Residential Area", "Verification_Status": "", "Area_SqKM": 1.2935949868735939}, "geometry": {"type": "Point", "coordinates": [-112.4892743997048, 33.42545091974084]}}, {"type": "Feature", "properties": {"PWSID": "AZ0407677", "PWS_Name": "VALLEY VIEW WATER COMPANY", "Primacy_Agency": "AZ", "Population_Served_Count": 60, "Service_Connections_Count": 58, "Service_Area_Type": "Residential Area", "Verification_Status": "", "Area_SqKM": 1.2860903099040368}, "geometry": {"type": "Point", "coordinates": [-112.82612870053579, 33.46036707983754]}}, {"type": "Feature", "properties": {"PWSID": "AZ0407618", "PWS_Name": "GW -BWC, INC- BUCKEYE RANCH", "Primacy_Agency": "AZ", "Population_Served_Count": 422, "Service_Connections_Count": 139, "Service_Area_Type": "Residential Area", "Verification_Status": "", "Area_SqKM": 1.2572473972400122}, "geometry": {"type": "Point", "coordinates": [-112.826078100053, 33.46039613987524]}}, {"type": "Feature", "properties": {"PWSID": "AZ0407732", "PWS_Name": "VWC BUCKEYE DIV - SONORAN RIDGE", "Primacy_Agency": "AZ", "Population_Served_Count": 306, "Service_Connections_Count": 138, "Service_Area_Type": "Residential Area", "Verification_Status": "", "Area_SqKM": 1.1056143710813076}, "geometry": {"type": "Point", "coordinates": [-112.47529029980561, 33.5613755599811]}}, {"type": "Feature", "properties": {"PWSID": "AZ0407111", "PWS_Name": "MORRISTOWN WATER COMPANY", "Primacy_Agency": "AZ", "Population_Served_Count": 120, "Service_Connections_Count": 67, "Service_Area_Type": "Residential Area", "Verification_Status": "", "Area_SqKM": 0.9443900501290258}, "geometry": {"type": "Point", "coordinates": [-112.61955223125688, 33.853649643632025]}}, {"type": "Feature", "properties": {"PWSID": "AZ0407700", "PWS_Name": "FEDERAL CORRECTION INSTITUTION", "Primacy_Agency": "AZ", "Population_Served_Count": 1500, "Service_Connections_Count": 24, "Service_Area_Type": "Residential Area", "Verification_Status": "", "Area_SqKM": 0.7238896302077121}, "geometry": {"type": "Point", "coordinates": [-112.16602527849172, 33.83460544995408]}}, {"type": "Feature", "properties": {"PWSID": "AZ0407517", "PWS_Name": "PATTON PLACE ESTATES", "Primacy_Agency": "AZ", "Population_Served_Count": 638, "Service_Connections_Count": 220, "Service_Area_Type": "Residential Area", "Verification_Status": "", "Area_SqKM": 0.643055265897809}, "geometry": {"type": "Point", "coordinates": [-112.59100999963721, 33.74162294007168]}}, {"type": "Feature", "properties": {"PWSID": "AZ0407071", "PWS_Name": "GW -BWC, INC- SUNSHINE", "Primacy_Agency": "AZ", "Population_Served_Count": 604, "Service_Connections_Count": 200, "Service_Area_Type": "Residential Area", "Verification_Status": "", "Area_SqKM": 0.6377109685804251}, "geometry": {"type": "Point", "coordinates": [-112.7690551798548, 33.36741235984462]}}, {"type": "Feature", "properties": {"PWSID": "AZ0407030", "PWS_Name": "GW- BWC, INC- DIXIE", "Primacy_Agency": "AZ", "Population_Served_Count": 132, "Service_Connections_Count": 44, "Service_Area_Type": "Residential Area", "Verification_Status": "", "Area_SqKM": 0.6334611696900936}, "geometry": {"type": "Point", "coordinates": [-112.76915243991179, 33.39858335989608]}}, {"type": "Feature", "properties": {"PWSID": "AZ0407523", "PWS_Name": "DESERT OASIS", "Primacy_Agency": "AZ", "Population_Served_Count": 23963, "Service_Connections_Count": 8123, "Service_Area_Type": "Residential Area", "Verification_Status": "", "Area_SqKM": 0.6199817236325185}, "geometry": {"type": "Point", "coordinates": [-112.41559810761993, 33.72025883090849]}}, {"type": "Feature", "properties": {"PWSID": "AZ0407484", "PWS_Name": "OLIVE AVENUE HOA", "Primacy_Agency": "AZ", "Population_Served_Count": 25, "Service_Connections_Count": 21, "Service_Area_Type": "Residential Area", "Verification_Status": "", "Area_SqKM": 0.4623385174191186}, "geometry": {"type": "Point", "coordinates": [-112.3657363198776, 33.55916717999812]}}, {"type": "Feature", "properties": {"PWSID": "AZ0407511", "PWS_Name": "BEARDSLEY WATER COMPANY 3", "Primacy_Agency": "AZ", "Population_Served_Count": 96, "Service_Connections_Count": 33, "Service_Area_Type": "Residential Area", "Verification_Status": "", "Area_SqKM": 0.32508101373411474}, "geometry": {"type": "Point", "coordinates": [-112.5307062200192, 33.74275375991044]}}, {"type": "Feature", "properties": {"PWSID": "AZ0407307", "PWS_Name": "ADJC ADOBE MOUNTAIN SCHOOL", "Primacy_Agency": "AZ", "Population_Served_Count": 500, "Service_Connections_Count": 38, "Service_Area_Type": "Institution", "Verification_Status": "", "Area_SqKM": 0.31748917045509756}, "geometry": {"type": "Point", "coordinates": [-112.1196149001715, 33.70578924993374]}}, {"type": "Feature", "properties": {"PWSID": "AZ0407086", "PWS_Name": "MOBILE GARDENS DWID", "Primacy_Agency": "AZ", "Population_Served_Count": 400, "Service_Connections_Count": 203, "Service_Area_Type": "Residential Area", "Verification_Status": "", "Area_SqKM": 0.30874037164219614}, "geometry": {"type": "Point", "coordinates": [-112.54473544993084, 33.78683491695711]}}, {"type": "Feature", "properties": {"PWSID": "AZ0407624", "PWS_Name": "PIONEER RV RESORT", "Primacy_Agency": "AZ", "Population_Served_Count": 583, "Service_Connections_Count": 580, "Service_Area_Type": "Residential Area", "Verification_Status": "", "Area_SqKM": 0.2630601288314967}, "geometry": {"type": "Point", "coordinates": [-112.14982618605457, 33.823100943200686]}}, {"type": "Feature", "properties": {"PWSID": "AZ0407633", "PWS_Name": "HOPEVILLE WATER SYSTEM", "Primacy_Agency": "AZ", "Population_Served_Count": 145, "Service_Connections_Count": 54, "Service_Area_Type": "Residential Area", "Verification_Status": "", "Area_SqKM": 0.23765566889256276}, "geometry": {"type": "Point", "coordinates": [-112.67559575953359, 33.4319136999526]}}, {"type": "Feature", "properties": {"PWSID": "AZ0407682", "PWS_Name": "ORANGEWOOD MOBILE HOME PARK", "Primacy_Agency": "AZ", "Population_Served_Count": 500, "Service_Connections_Count": 388, "Service_Area_Type": "Residential Area", "Verification_Status": "", "Area_SqKM": 0.23049925535032575}, "geometry": {"type": "Point", "coordinates": [-112.11788635044799, 33.656026450096896]}}, {"type": "Feature", "properties": {"PWSID": "AZ0407167", "PWS_Name": "WEST END WATER COMPANY - WHEAT", "Primacy_Agency": "AZ", "Population_Served_Count": 55, "Service_Connections_Count": 20, "Service_Area_Type": "Residential Area", "Verification_Status": "", "Area_SqKM": 0.22634330322846152}, "geometry": {"type": "Point", "coordinates": [-112.50445756042521, 33.75541334014282]}}, {"type": "Feature", "properties": {"PWSID": "AZ0413358", "PWS_Name": "WICKENBURG RANCH ESTATES", "Primacy_Agency": "AZ", "Population_Served_Count": 2877, "Service_Connections_Count": 1396, "Service_Area_Type": "Residential Area", "Verification_Status": "", "Area_SqKM": 4.367914014748239}, "geometry": {"type": "Point", "coordinates": [-112.79938719189084, 34.03344714866806]}}, {"type": "Feature", "properties": {"PWSID": "AZ0407526", "PWS_Name": "CITY OF BUCKEYE TARTESSO WATER SYSTEM", "Primacy_Agency": "AZ", "Population_Served_Count": 10123, "Service_Connections_Count": 3460, "Service_Area_Type": "Residential Area", "Verification_Status": "", "Area_SqKM": 7.803155981856947}, "geometry": {"type": "Point", "coordinates": [-112.70321833326534, 33.48047530009275]}}, {"type": "Feature", "properties": {"PWSID": "AZ0413051", "PWS_Name": "BLACK CANYON CITY WID", "Primacy_Agency": "AZ", "Population_Served_Count": 2437, "Service_Connections_Count": 840, "Service_Area_Type": "Residential Area", "Verification_Status": "", "Area_SqKM": 8.283543922234765}, "geometry": {"type": "Point", "coordinates": [-112.14706858908674, 34.07485954111008]}}, {"type": "Feature", "properties": {"PWSID": "AZ0407007", "PWS_Name": "BEARDSLEY WATER COMPANY 1", "Primacy_Agency": "AZ", "Population_Served_Count": 9002, "Service_Connections_Count": 2258, "Service_Area_Type": "Residential Area", "Verification_Status": "", "Area_SqKM": 9.276527448098927}, "geometry": {"type": "Point", "coordinates": [-112.4506851599468, 33.701115200426486]}}, {"type": "Feature", "properties": {"PWSID": "AZ0407001", "PWS_Name": "ADAMAN MUTUAL WATER COMPANY", "Primacy_Agency": "AZ", "Population_Served_Count": 700, "Service_Connections_Count": 359, "Service_Area_Type": "Residential Area", "Verification_Status": "", "Area_SqKM": 10.422414794555726}, "geometry": {"type": "Point", "coordinates": [-112.40156474158141, 33.526323399957825]}}, {"type": "Feature", "properties": {"PWSID": "AZ0407765", "PWS_Name": "FESTIVAL RANCH", "Primacy_Agency": "AZ", "Population_Served_Count": 10313, "Service_Connections_Count": 4911, "Service_Area_Type": "Residential Area", "Verification_Status": "", "Area_SqKM": 10.496297789837925}, "geometry": {"type": "Point", "coordinates": [-112.62616037985187, 33.673856333298815]}}, {"type": "Feature", "properties": {"PWSID": "AZ0407019", "PWS_Name": "CLEARWATER UTILITY COMPANY INC", "Primacy_Agency": "AZ", "Population_Served_Count": 2175, "Service_Connections_Count": 1072, "Service_Area_Type": "Residential Area", "Verification_Status": "", "Area_SqKM": 10.686990730645803}, "geometry": {"type": "Point", "coordinates": [-112.48338035708814, 33.338119442721414]}}, {"type": "Feature", "properties": {"PWSID": "AZ0407305", "PWS_Name": "USAF LUKE AIR FORCE BASE", "Primacy_Agency": "AZ", "Population_Served_Count": 8440, "Service_Connections_Count": 900, "Service_Area_Type": "Residential Area", "Verification_Status": "", "Area_SqKM": 11.523157857265806}, "geometry": {"type": "Point", "coordinates": [-112.370125867571, 33.534796345978314]}}, {"type": "Feature", "properties": {"PWSID": "AZ0407070", "PWS_Name": "SUNRISE WATER COMPANY", "Primacy_Agency": "AZ", "Population_Served_Count": 6490, "Service_Connections_Count": 2187, "Service_Area_Type": "Residential Area", "Verification_Status": "", "Area_SqKM": 11.574234592019758}, "geometry": {"type": "Point", "coordinates": [-112.24896469233678, 33.69497182317404]}}, {"type": "Feature", "properties": {"PWSID": "AZ0407079", "PWS_Name": "VALLEY UTILITIES WATER COMPANY GLENDALE", "Primacy_Agency": "AZ", "Population_Served_Count": 5940, "Service_Connections_Count": 2376, "Service_Area_Type": "Residential Area", "Verification_Status": "", "Area_SqKM": 12.039639300105272}, "geometry": {"type": "Point", "coordinates": [-112.33480006761134, 33.53368111632862]}}, {"type": "Feature", "properties": {"PWSID": "AZ0407089", "PWS_Name": "BUCKEYE CITY OF", "Primacy_Agency": "AZ", "Population_Served_Count": 7008, "Service_Connections_Count": 2615, "Service_Area_Type": "Residential Area", "Verification_Status": "", "Area_SqKM": 14.730157978318196}, "geometry": {"type": "Point", "coordinates": [-112.605716243229, 33.37103637836202]}}, {"type": "Feature", "properties": {"PWSID": "AZ0407067", "PWS_Name": "WEST END WATER COMPANY - WITTMAN", "Primacy_Agency": "AZ", "Population_Served_Count": 1200, "Service_Connections_Count": 375, "Service_Area_Type": "Residential Area", "Verification_Status": "", "Area_SqKM": 17.70975205290444}, "geometry": {"type": "Point", "coordinates": [-112.53556316253344, 33.76506995644679]}}, {"type": "Feature", "properties": {"PWSID": "AZ0407101", "PWS_Name": "TOLLESON CITY OF", "Primacy_Agency": "AZ", "Population_Served_Count": 9300, "Service_Connections_Count": 2040, "Service_Area_Type": "Residential Area", "Verification_Status": "", "Area_SqKM": 18.602614086554162}, "geometry": {"type": "Point", "coordinates": [-112.25809124228306, 33.44352500001535]}}, {"type": "Feature", "properties": {"PWSID": "AZ0407091", "PWS_Name": "EL MIRAGE CITY OF", "Primacy_Agency": "AZ", "Population_Served_Count": 39884, "Service_Connections_Count": 11517, "Service_Area_Type": "Residential Area", "Verification_Status": "", "Area_SqKM": 19.524615829259783}, "geometry": {"type": "Point", "coordinates": [-112.32361324599835, 33.59457841532871]}}, {"type": "Feature", "properties": {"PWSID": "AZ0407154", "PWS_Name": "CITY OF BUCKEYE SONORA - SUNDANCE", "Primacy_Agency": "AZ", "Population_Served_Count": 15783, "Service_Connections_Count": 5297, "Service_Area_Type": "Residential Area", "Verification_Status": "", "Area_SqKM": 19.880391592821653}, "geometry": {"type": "Point", "coordinates": [-112.53301152379014, 33.44209586207162]}}, {"type": "Feature", "properties": {"PWSID": "AZ0407504", "PWS_Name": "EPCOR - ANTHEM", "Primacy_Agency": "AZ", "Population_Served_Count": 23826, "Service_Connections_Count": 9164, "Service_Area_Type": "Residential Area", "Verification_Status": "", "Area_SqKM": 20.839049646254892}, "geometry": {"type": "Point", "coordinates": [-112.13040879219238, 33.85971563841757]}}, {"type": "Feature", "properties": {"PWSID": "AZ0407128", "PWS_Name": "ARIZONA WATER CO - WHITE TANKS", "Primacy_Agency": "AZ", "Population_Served_Count": 18858, "Service_Connections_Count": 5627, "Service_Area_Type": "Residential Area", "Verification_Status": "", "Area_SqKM": 27.088086965305525}, "geometry": {"type": "Point", "coordinates": [-112.477934199885, 33.48215802633488]}}, {"type": "Feature", "properties": {"PWSID": "AZ0407045", "PWS_Name": "WICKENBURG TOWN OF", "Primacy_Agency": "AZ", "Population_Served_Count": 6481, "Service_Connections_Count": 2769, "Service_Area_Type": "Residential Area", "Verification_Status": "", "Area_SqKM": 28.788921421567775}, "geometry": {"type": "Point", "coordinates": [-112.75050272539062, 33.969052128927494]}}, {"type": "Feature", "properties": {"PWSID": "AZ0407531", "PWS_Name": "EPCOR - NORTH EAST AGUA FRIA", "Primacy_Agency": "AZ", "Population_Served_Count": 14723, "Service_Connections_Count": 5494, "Service_Area_Type": "Residential Area", "Verification_Status": "", "Area_SqKM": 28.788351373339207}, "geometry": {"type": "Point", "coordinates": [-112.31670650419903, 33.684110187610045]}}, {"type": "Feature", "properties": {"PWSID": "AZ0407150", "PWS_Name": "EPCOR - SUN CITY WEST", "Primacy_Agency": "AZ", "Population_Served_Count": 25796, "Service_Connections_Count": 15634, "Service_Area_Type": "Residential Area", "Verification_Status": "", "Area_SqKM": 29.711612225493656}, "geometry": {"type": "Point", "coordinates": [-112.35626696505126, 33.66810906529259]}}, {"type": "Feature", "properties": {"PWSID": "AZ0407078", "PWS_Name": "CITY OF BUCKEYE - VALENCIA TOWN DIVISION", "Primacy_Agency": "AZ", "Population_Served_Count": 30377, "Service_Connections_Count": 11355, "Service_Area_Type": "Residential Area", "Verification_Status": "", "Area_SqKM": 35.9822995354826}, "geometry": {"type": "Point", "coordinates": [-112.57234700504468, 33.40629525784914]}}, {"type": "Feature", "properties": {"PWSID": "AZ0407046", "PWS_Name": "LIBERTY WATER LPSCO", "Primacy_Agency": "AZ", "Population_Served_Count": 50770, "Service_Connections_Count": 20308, "Service_Area_Type": "Residential Area", "Verification_Status": "", "Area_SqKM": 51.42421671938638}, "geometry": {"type": "Point", "coordinates": [-112.36207533252285, 33.50735822422496]}}, {"type": "Feature", "properties": {"PWSID": "AZ0407099", "PWS_Name": "EPCOR - SUN CITY", "Primacy_Agency": "AZ", "Population_Served_Count": 38016, "Service_Connections_Count": 23082, "Service_Area_Type": "Residential Area", "Verification_Status": "", "Area_SqKM": 51.575709681341685}, "geometry": {"type": "Point", "coordinates": [-112.29195656354109, 33.64997321618309]}}, {"type": "Feature", "properties": {"PWSID": "AZ0407500", "PWS_Name": "SURPRISE CITY OF - MOUNTAIN VISTA", "Primacy_Agency": "AZ", "Population_Served_Count": 40007, "Service_Connections_Count": 15167, "Service_Area_Type": "Residential Area", "Verification_Status": "", "Area_SqKM": 53.75793781712924}, "geometry": {"type": "Point", "coordinates": [-112.40948689134011, 33.69576559432264]}}, {"type": "Feature", "properties": {"PWSID": "AZ0407088", "PWS_Name": "AVONDALE CITY OF", "Primacy_Agency": "AZ", "Population_Served_Count": 83001, "Service_Connections_Count": 23721, "Service_Area_Type": "Residential Area", "Verification_Status": "", "Area_SqKM": 67.40384654406935}, "geometry": {"type": "Point", "coordinates": [-112.32666015346682, 33.45592914880649]}}, {"type": "Feature", "properties": {"PWSID": "AZ0407096", "PWS_Name": "PEORIA CITY OF", "Primacy_Agency": "AZ", "Population_Served_Count": 135975, "Service_Connections_Count": 47872, "Service_Area_Type": "Residential Area", "Verification_Status": "", "Area_SqKM": 119.78117639867254}, "geometry": {"type": "Point", "coordinates": [-112.27418414397181, 33.69864245548873]}}, {"type": "Feature", "properties": {"PWSID": "AZ0407093", "PWS_Name": "GLENDALE CITY OF", "Primacy_Agency": "AZ", "Population_Served_Count": 234766, "Service_Connections_Count": 63000, "Service_Area_Type": "Residential Area", "Verification_Status": "", "Area_SqKM": 132.81208098626342}, "geometry": {"type": "Point", "coordinates": [-112.20765013805432, 33.62340149803584]}}, {"type": "Feature", "properties": {"PWSID": "AZ0407695", "PWS_Name": "EPCOR - AGUA FRIA", "Primacy_Agency": "AZ", "Population_Served_Count": 127718, "Service_Connections_Count": 53216, "Service_Area_Type": "Residential Area", "Verification_Status": "", "Area_SqKM": 184.81182660944648}, "geometry": {"type": "Point", "coordinates": [-112.46457764180414, 33.54699318646556]}}, {"type": "Feature", "properties": {"PWSID": "AZ0407094", "PWS_Name": "GOODYEAR WATER DEPARTMENT", "Primacy_Agency": "AZ", "Population_Served_Count": 50001, "Service_Connections_Count": 18277, "Service_Area_Type": "Residential Area", "Verification_Status": "", "Area_SqKM": 270.4985326222983}, "geometry": {"type": "Point", "coordinates": [-112.4184746943425, 33.33810393354669]}}, {"type": "Feature", "properties": {"PWSID": "AZ0407025", "PWS_Name": "PHOENIX CITY OF", "Primacy_Agency": "AZ", "Population_Served_Count": 1695000, "Service_Connections_Count": 430118, "Service_Area_Type": "Residential Area", "Verification_Status": "", "Area_SqKM": 1409.2425394248828}, "geometry": {"type": "Point", "coordinates": [-112.07939124641348, 33.61882938489739]}}, {"type": "Feature", "properties": {"PWSID": "AZ0407532", "PWS_Name": "EPCOR - TIERRA DEL RIO", "Primacy_Agency": "AZ", "Population_Served_Count": 4868, "Service_Connections_Count": 1770, "Service_Area_Type": "Residential Area", "Verification_Status": "", "Area_SqKM": 1.3020614700106892}, "geometry": {"type": "Point", "coordinates": [-112.15410440374686, 33.87269674079117]}}, {"type": "Feature", "properties": {"PWSID": "AZ0414432", "PWS_Name": "MOUNTAIN VIEW MOBILE VILLAGE", "Primacy_Agency": "AZ", "Population_Served_Count": 75, "Service_Connections_Count": 51, "Service_Area_Type": "Mobile Home Park", "Verification_Status": "", "Area_SqKM": 0.01197721337860631}, "geometry": {"type": "Point", "coordinates": [-114.6973045997034, 32.71371725995808]}}, {"type": "Feature", "properties": {"PWSID": "AZ0414391", "PWS_Name": "YUMA WEST MHP", "Primacy_Agency": "AZ", "Population_Served_Count": 30, "Service_Connections_Count": 14, "Service_Area_Type": "Mobile Home Park", "Verification_Status": "", "Area_SqKM": 0.019882412336412185}, "geometry": {"type": "Point", "coordinates": [-114.70950731973339, 32.66004596021004]}}, {"type": "Feature", "properties": {"PWSID": "AZ0414322", "PWS_Name": "LAGUNA MOBILE HOME AND RV PARK", "Primacy_Agency": "AZ", "Population_Served_Count": 450, "Service_Connections_Count": 200, "Service_Area_Type": "Mobile Home Park", "Verification_Status": "", "Area_SqKM": 0.04226549087193575}, "geometry": {"type": "Point", "coordinates": [-114.51488869985883, 32.72572506663705]}}, {"type": "Feature", "properties": {"PWSID": "AZ0414075", "PWS_Name": "SUN LEISURE ESTATES IMPROVEMENT DISTRICT", "Primacy_Agency": "AZ", "Population_Served_Count": 143, "Service_Connections_Count": 57, "Service_Area_Type": "Mobile Home Park", "Verification_Status": "", "Area_SqKM": 0.042687736179099586}, "geometry": {"type": "Point", "coordinates": [-114.622723100176, 32.624745283715164]}}, {"type": "Feature", "properties": {"PWSID": "AZ0414086", "PWS_Name": "RIVER RV RANCH", "Primacy_Agency": "AZ", "Population_Served_Count": 71, "Service_Connections_Count": 77, "Service_Area_Type": "Mobile Home Park - Principal Residence", "Verification_Status": "", "Area_SqKM": 0.05007190747885044}, "geometry": {"type": "Point", "coordinates": [-114.53823144999025, 32.73292577435828]}}, {"type": "Feature", "properties": {"PWSID": "AZ0414065", "PWS_Name": "CS GREEN ACRES WATER COMPANY", "Primacy_Agency": "AZ", "Population_Served_Count": 105, "Service_Connections_Count": 41, "Service_Area_Type": "Residential Area", "Verification_Status": "", "Area_SqKM": 0.07577422780094845}, "geometry": {"type": "Point", "coordinates": [-114.652691639973, 32.63901661954984]}}, {"type": "Feature", "properties": {"PWSID": "AZ0414098", "PWS_Name": "SIERRA PACIFIC MOBILE MANOR", "Primacy_Agency": "AZ", "Population_Served_Count": 816, "Service_Connections_Count": 272, "Service_Area_Type": "Mobile Home Park", "Verification_Status": "", "Area_SqKM": 0.14896112867754857}, "geometry": {"type": "Point", "coordinates": [-114.54551171995199, 32.69682931970948]}}, {"type": "Feature", "properties": {"PWSID": "AZ0414442", "PWS_Name": "CS EL PRADO WATER COMPANY", "Primacy_Agency": "AZ", "Population_Served_Count": 404, "Service_Connections_Count": 158, "Service_Area_Type": "Mobile Home Park", "Verification_Status": "", "Area_SqKM": 0.15231381674533845}, "geometry": {"type": "Point", "coordinates": [-114.52830589996161, 32.70065605978724]}}, {"type": "Feature", "properties": {"PWSID": "AZ0415122", "PWS_Name": "DESERT SKY DWID", "Primacy_Agency": "AZ", "Population_Served_Count": 90, "Service_Connections_Count": 31, "Service_Area_Type": "Municipality", "Verification_Status": "", "Area_SqKM": 0.20224322318266896}, "geometry": {"type": "Point", "coordinates": [-113.7796831631332, 33.71309005324308]}}, {"type": "Feature", "properties": {"PWSID": "AZ0415509", "PWS_Name": "Q MOUNTAIN VISTA MHP", "Primacy_Agency": "AZ", "Population_Served_Count": 440, "Service_Connections_Count": 220, "Service_Area_Type": "Mobile Home Park", "Verification_Status": "", "Area_SqKM": 0.23655635065613892}, "geometry": {"type": "Point", "coordinates": [-114.22828969983999, 33.65705065459377]}}, {"type": "Feature", "properties": {"PWSID": "AZ0414080", "PWS_Name": "CS TIERRA MESA ESTATES WATER COMPANY", "Primacy_Agency": "AZ", "Population_Served_Count": 632, "Service_Connections_Count": 247, "Service_Area_Type": "Residential Area", "Verification_Status": "", "Area_SqKM": 0.2847259778974686}, "geometry": {"type": "Point", "coordinates": [-114.572278857124, 32.63080434289617]}}, {"type": "Feature", "properties": {"PWSID": "AZ0407411", "PWS_Name": "PALOMA RANCH", "Primacy_Agency": "AZ", "Population_Served_Count": 112, "Service_Connections_Count": 65, "Service_Area_Type": "Residential Area", "Verification_Status": "", "Area_SqKM": 0.3231089304427052}, "geometry": {"type": "Point", "coordinates": [-112.89211148900367, 32.918728033468064]}}, {"type": "Feature", "properties": {"PWSID": "AZ0415021", "PWS_Name": "SALOME WATER COMPANY", "Primacy_Agency": "AZ", "Population_Served_Count": 317, "Service_Connections_Count": 141, "Service_Area_Type": "Residential Area", "Verification_Status": "", "Area_SqKM": 0.336428137504293}, "geometry": {"type": "Point", "coordinates": [-113.6156115400076, 33.78102443998492]}}, {"type": "Feature", "properties": {"PWSID": "AZ0414463", "PWS_Name": "G & L MOBILE PARK", "Primacy_Agency": "AZ", "Population_Served_Count": 90, "Service_Connections_Count": 22, "Service_Area_Type": "Mobile Home Park", "Verification_Status": "", "Area_SqKM": 0.34436554762838456}, "geometry": {"type": "Point", "coordinates": [-114.70561346238276, 32.64489262524228]}}, {"type": "Feature", "properties": {"PWSID": "AZ0414070", "PWS_Name": "JONES COOP WATER ASSOC", "Primacy_Agency": "AZ", "Population_Served_Count": 35, "Service_Connections_Count": 20, "Service_Area_Type": "Residential Area", "Verification_Status": "", "Area_SqKM": 0.35358233299848824}, "geometry": {"type": "Point", "coordinates": [-114.4721380796148, 32.6653397996685]}}, {"type": "Feature", "properties": {"PWSID": "AZ0414018", "PWS_Name": "TACNA WATER MANAGEMENT COMPANY", "Primacy_Agency": "AZ", "Population_Served_Count": 200, "Service_Connections_Count": 140, "Service_Area_Type": "Residential Area", "Verification_Status": "", "Area_SqKM": 0.3895508439357208}, "geometry": {"type": "Point", "coordinates": [-113.95636464251272, 32.69870668571342]}}, {"type": "Feature", "properties": {"PWSID": "AZ0414014", "PWS_Name": "SHEPARD WATER COMPANY", "Primacy_Agency": "AZ", "Population_Served_Count": 430, "Service_Connections_Count": 163, "Service_Area_Type": "Residential Area", "Verification_Status": "", "Area_SqKM": 0.6480038604331624}, "geometry": {"type": "Point", "coordinates": [-114.46959828882177, 32.979468677806764]}}, {"type": "Feature", "properties": {"PWSID": "AZ0414107", "PWS_Name": "CS CITRUS PARK WATER COMPANY", "Primacy_Agency": "AZ", "Population_Served_Count": 102, "Service_Connections_Count": 40, "Service_Area_Type": "Residential Area", "Verification_Status": "", "Area_SqKM": 0.654250506411389}, "geometry": {"type": "Point", "coordinates": [-113.94118578007719, 32.68928064046064]}}, {"type": "Feature", "properties": {"PWSID": "AZ0414073", "PWS_Name": "CS RANCHEROS BONITOS WATER COMPANY", "Primacy_Agency": "AZ", "Population_Served_Count": 120, "Service_Connections_Count": 47, "Service_Area_Type": "Mobile Home Park", "Verification_Status": "", "Area_SqKM": 0.6979838872761819}, "geometry": {"type": "Point", "coordinates": [-114.56257475556244, 32.61485929989654]}}, {"type": "Feature", "properties": {"PWSID": "AZ0414030", "PWS_Name": "CS MOHAWK UTILITY COMPANY", "Primacy_Agency": "AZ", "Population_Served_Count": 243, "Service_Connections_Count": 135, "Service_Area_Type": "Residential Area", "Verification_Status": "", "Area_SqKM": 0.7303831436846615}, "geometry": {"type": "Point", "coordinates": [-113.98416814054198, 32.6975105000172]}}, {"type": "Feature", "properties": {"PWSID": "AZ0414037", "PWS_Name": "CS GADSDEN WATER COMPANY", "Primacy_Agency": "AZ", "Population_Served_Count": 540, "Service_Connections_Count": 211, "Service_Area_Type": "Residential Area", "Verification_Status": "", "Area_SqKM": 0.9739968896432649}, "geometry": {"type": "Point", "coordinates": [-114.78472833727763, 32.5581316748353]}}, {"type": "Feature", "properties": {"PWSID": "AZ0411301", "PWS_Name": "AMERICAN REALTY MORTGAGE COMPANY", "Primacy_Agency": "AZ", "Population_Served_Count": 60, "Service_Connections_Count": 19, "Service_Area_Type": "Residential Area", "Verification_Status": "", "Area_SqKM": 1.0356142383377176}, "geometry": {"type": "Point", "coordinates": [-112.16528392898128, 32.93377331436917]}}, {"type": "Feature", "properties": {"PWSID": "AZ0414403", "PWS_Name": "HOWARD CANTONMENT AREA", "Primacy_Agency": "AZ", "Population_Served_Count": 1500, "Service_Connections_Count": 349, "Service_Area_Type": "Residential Area", "Verification_Status": "", "Area_SqKM": 1.250265813492418}, "geometry": {"type": "Point", "coordinates": [-114.43721834208411, 32.86420721061868]}}, {"type": "Feature", "properties": {"PWSID": "AZ0415801", "PWS_Name": "VICKSBURG FARM", "Primacy_Agency": "AZ", "Population_Served_Count": 220, "Service_Connections_Count": 27, "Service_Area_Type": "Other Area", "Verification_Status": "", "Area_SqKM": 1.2545126148904995}, "geometry": {"type": "Point", "coordinates": [-113.7567584204688, 33.67758403993686]}}, {"type": "Feature", "properties": {"PWSID": "AZ0415023", "PWS_Name": "WENDEN DWID", "Primacy_Agency": "AZ", "Population_Served_Count": 360, "Service_Connections_Count": 235, "Service_Area_Type": "Residential Area", "Verification_Status": "", "Area_SqKM": 1.2734527574338996}, "geometry": {"type": "Point", "coordinates": [-113.54205813330694, 33.822393379886094]}}, {"type": "Feature", "properties": {"PWSID": "AZ0407082", "PWS_Name": "GW- BWC, INC- ROSEVIEW", "Primacy_Agency": "AZ", "Population_Served_Count": 66, "Service_Connections_Count": 22, "Service_Area_Type": "Residential Area", "Verification_Status": "", "Area_SqKM": 1.2936069872358136}, "geometry": {"type": "Point", "coordinates": [-113.08933002001041, 33.45588741995179]}}, {"type": "Feature", "properties": {"PWSID": "AZ0415038", "PWS_Name": "BOUSE DWID", "Primacy_Agency": "AZ", "Population_Served_Count": 284, "Service_Connections_Count": 144, "Service_Area_Type": "Residential Area", "Verification_Status": "", "Area_SqKM": 1.304656645141868}, "geometry": {"type": "Point", "coordinates": [-114.00633596041239, 33.93374981997654]}}, {"type": "Feature", "properties": {"PWSID": "AZ0411712", "PWS_Name": "ANTELOPE PEAK DWID", "Primacy_Agency": "AZ", "Population_Served_Count": 150, "Service_Connections_Count": 60, "Service_Area_Type": "Residential Area", "Verification_Status": "", "Area_SqKM": 1.3115330074876006}, "geometry": {"type": "Point", "coordinates": [-112.12268745999481, 32.860791619853146]}}, {"type": "Feature", "properties": {"PWSID": "AZ0410118", "PWS_Name": "WHY DWID", "Primacy_Agency": "AZ", "Population_Served_Count": 400, "Service_Connections_Count": 113, "Service_Area_Type": "Residential Area", "Verification_Status": "", "Area_SqKM": 1.311515643007401}, "geometry": {"type": "Point", "coordinates": [-112.7394114574798, 32.26475954232132]}}, {"type": "Feature", "properties": {"PWSID": "AZ0410153", "PWS_Name": "AJO DWID", "Primacy_Agency": "AZ", "Population_Served_Count": 405, "Service_Connections_Count": 152, "Service_Area_Type": "Residential Area", "Verification_Status": "", "Area_SqKM": 1.973446301446328}, "geometry": {"type": "Point", "coordinates": [-112.8734704196044, 32.41684474019868]}}, {"type": "Feature", "properties": {"PWSID": "AZ0414001", "PWS_Name": "ANTELOPE WATER COMPANY", "Primacy_Agency": "AZ", "Population_Served_Count": 163, "Service_Connections_Count": 65, "Service_Area_Type": "Residential Area", "Verification_Status": "", "Area_SqKM": 2.0577589036532573}, "geometry": {"type": "Point", "coordinates": [-114.0228312936145, 32.70014677518939]}}, {"type": "Feature", "properties": {"PWSID": "AZ0415096", "PWS_Name": "CS Q MOUNTAIN WATER COMPANY", "Primacy_Agency": "AZ", "Population_Served_Count": 1224, "Service_Connections_Count": 478, "Service_Area_Type": "Residential Area", "Verification_Status": "", "Area_SqKM": 2.4838972774628663}, "geometry": {"type": "Point", "coordinates": [-114.25856858059339, 33.61115590013588]}}, {"type": "Feature", "properties": {"PWSID": "AZ0407733", "PWS_Name": "GW -BWC, INC.- WPE #6", "Primacy_Agency": "AZ", "Population_Served_Count": 69, "Service_Connections_Count": 23, "Service_Area_Type": "Residential Area", "Verification_Status": "", "Area_SqKM": 2.560207257487921}, "geometry": {"type": "Point", "coordinates": [-112.95301911421372, 33.52994931410573]}}, {"type": "Feature", "properties": {"PWSID": "AZ0414099", "PWS_Name": "ASPC YUMA", "Primacy_Agency": "AZ", "Population_Served_Count": 4197, "Service_Connections_Count": 40, "Service_Area_Type": "Residential Area", "Verification_Status": "", "Area_SqKM": 2.6005758844266196}, "geometry": {"type": "Point", "coordinates": [-114.6413096001254, 32.48600978040968]}}, {"type": "Feature", "properties": {"PWSID": "AZ0411097", "PWS_Name": "PAPAGO BUTTE DWID", "Primacy_Agency": "AZ", "Population_Served_Count": 530, "Service_Connections_Count": 194, "Service_Area_Type": "Residential Area", "Verification_Status": "", "Area_SqKM": 2.659581393662547}, "geometry": {"type": "Point", "coordinates": [-112.1049605564475, 32.98273397476924]}}, {"type": "Feature", "properties": {"PWSID": "AZ0407736", "PWS_Name": "BELMONT MOUNTAIN DAIRY", "Primacy_Agency": "AZ", "Population_Served_Count": 72, "Service_Connections_Count": 37, "Service_Area_Type": "Industrial/Agricultural", "Verification_Status": "", "Area_SqKM": 3.2557877911321573}, "geometry": {"type": "Point", "coordinates": [-112.88694500002566, 33.54294711117513]}}, {"type": "Feature", "properties": {"PWSID": "AZ0414003", "PWS_Name": "DATELAND PUBLIC SERVICE CO", "Primacy_Agency": "AZ", "Population_Served_Count": 319, "Service_Connections_Count": 115, "Service_Area_Type": "Residential Area", "Verification_Status": "", "Area_SqKM": 4.793649286859433}, "geometry": {"type": "Point", "coordinates": [-113.51781845513489, 32.820518366776454]}}, {"type": "Feature", "properties": {"PWSID": "AZ0414039", "PWS_Name": "FISHERS LANDING RESORT", "Primacy_Agency": "AZ", "Population_Served_Count": 402, "Service_Connections_Count": 78, "Service_Area_Type": "Residential Area", "Verification_Status": "", "Area_SqKM": 4.894922058264055}, "geometry": {"type": "Point", "coordinates": [-114.46049481262469, 32.9699694312124]}}, {"type": "Feature", "properties": {"PWSID": "AZ0415029", "PWS_Name": "CS HARRISBURG UTILITY COMPANY", "Primacy_Agency": "AZ", "Population_Served_Count": 1759, "Service_Connections_Count": 687, "Service_Area_Type": "Residential Area", "Verification_Status": "", "Area_SqKM": 7.6028722045466575}, "geometry": {"type": "Point", "coordinates": [-113.60539403630719, 33.76713994996103]}}, {"type": "Feature", "properties": {"PWSID": "AZ0414005", "PWS_Name": "SAN LUIS CITY OF", "Primacy_Agency": "AZ", "Population_Served_Count": 39705, "Service_Connections_Count": 6100, "Service_Area_Type": "Residential Area", "Verification_Status": "", "Area_SqKM": 9.780563578578267}, "geometry": {"type": "Point", "coordinates": [-114.77559019994715, 32.49793750004122]}}, {"type": "Feature", "properties": {"PWSID": "AZ0407037", "PWS_Name": "GW- BWC, INC- GARDEN CITY", "Primacy_Agency": "AZ", "Population_Served_Count": 51, "Service_Connections_Count": 16, "Service_Area_Type": "Residential Area", "Verification_Status": "", "Area_SqKM": 12.909884663394443}, "geometry": {"type": "Point", "coordinates": [-113.14967647173471, 33.45207368555749]}}, {"type": "Feature", "properties": {"PWSID": "AZ0415497", "PWS_Name": "EHRENBERG IMPROVEMENT DISTRICT", "Primacy_Agency": "AZ", "Population_Served_Count": 989, "Service_Connections_Count": 318, "Service_Area_Type": "Residential Area", "Verification_Status": "", "Area_SqKM": 16.046823130200416}, "geometry": {"type": "Point", "coordinates": [-114.52207866152754, 33.62109663452437]}}, {"type": "Feature", "properties": {"PWSID": "AZ0411100", "PWS_Name": "THUNDERBIRD FARMS DWID", "Primacy_Agency": "AZ", "Population_Served_Count": 2231, "Service_Connections_Count": 594, "Service_Area_Type": "Residential Area", "Verification_Status": "", "Area_SqKM": 18.5798632166538}, "geometry": {"type": "Point", "coordinates": [-112.12432328679418, 32.9904189552735]}}, {"type": "Feature", "properties": {"PWSID": "AZ0414082", "PWS_Name": "USMC YUMA MAIN SYSTEM", "Primacy_Agency": "AZ", "Population_Served_Count": 6324, "Service_Connections_Count": 1000, "Service_Area_Type": "Residential Area", "Verification_Status": "", "Area_SqKM": 19.734728077571624}, "geometry": {"type": "Point", "coordinates": [-114.6096223795971, 32.65339741424373]}}, {"type": "Feature", "properties": {"PWSID": "AZ0407032", "PWS_Name": "GW -BWC, INC- EAGLETAIL", "Primacy_Agency": "AZ", "Population_Served_Count": 288, "Service_Connections_Count": 96, "Service_Area_Type": "Residential Area", "Verification_Status": "", "Area_SqKM": 20.547713980197233}, "geometry": {"type": "Point", "coordinates": [-113.21472034461597, 33.38019386542448]}}, {"type": "Feature", "properties": {"PWSID": "AZ0414015", "PWS_Name": "SOMERTON CITY OF", "Primacy_Agency": "AZ", "Population_Served_Count": 17998, "Service_Connections_Count": 3624, "Service_Area_Type": "Residential Area", "Verification_Status": "", "Area_SqKM": 24.686624658121264}, "geometry": {"type": "Point", "coordinates": [-114.68792231991996, 32.603373206057206]}}, {"type": "Feature", "properties": {"PWSID": "AZ0410001", "PWS_Name": "AJO IMPROVEMENT COMPANY", "Primacy_Agency": "AZ", "Population_Served_Count": 2654, "Service_Connections_Count": 1200, "Service_Area_Type": "Residential Area", "Verification_Status": "", "Area_SqKM": 26.750067510707396}, "geometry": {"type": "Point", "coordinates": [-112.85608282002394, 32.36082994861713]}}, {"type": "Feature", "properties": {"PWSID": "AZ0407003", "PWS_Name": "AGUILA WATER SERVICE", "Primacy_Agency": "AZ", "Population_Served_Count": 987, "Service_Connections_Count": 359, "Service_Area_Type": "Residential Area", "Verification_Status": "", "Area_SqKM": 33.80721074531069}, "geometry": {"type": "Point", "coordinates": [-113.176382672744, 33.93900221820156]}}, {"type": "Feature", "properties": {"PWSID": "AZ0415123", "PWS_Name": "CIBOLA WATER IMPROVEMENT DISTRICT", "Primacy_Agency": "AZ", "Population_Served_Count": 197, "Service_Connections_Count": 188, "Service_Area_Type": "Residential Area", "Verification_Status": "", "Area_SqKM": 39.67175895668617}, "geometry": {"type": "Point", "coordinates": [-114.67332906282206, 33.39751045134064]}}, {"type": "Feature", "properties": {"PWSID": "AZ0414004", "PWS_Name": "FOOTHILLS WATER AND SEWER LLC", "Primacy_Agency": "AZ", "Population_Served_Count": 32425, "Service_Connections_Count": 15295, "Service_Area_Type": "Residential Area", "Verification_Status": "", "Area_SqKM": 41.63626021716852}, "geometry": {"type": "Point", "coordinates": [-114.40882982313227, 32.656185480777886]}}, {"type": "Feature", "properties": {"PWSID": "AZ0414022", "PWS_Name": "WELLTON TOWN OF", "Primacy_Agency": "AZ", "Population_Served_Count": 3000, "Service_Connections_Count": 1573, "Service_Area_Type": "Residential Area", "Verification_Status": "", "Area_SqKM": 46.30554622111689}, "geometry": {"type": "Point", "coordinates": [-114.14051372716736, 32.66759469058937]}}, {"type": "Feature", "properties": {"PWSID": "AZ0407069", "PWS_Name": "GILA BEND TOWN OF", "Primacy_Agency": "AZ", "Population_Served_Count": 1922, "Service_Connections_Count": 647, "Service_Area_Type": "Residential Area", "Verification_Status": "", "Area_SqKM": 54.06297463115463}, "geometry": {"type": "Point", "coordinates": [-112.69919989784535, 32.95809526664666]}}, {"type": "Feature", "properties": {"PWSID": "AZ0415346", "PWS_Name": "QUARTZSITE TOWN OF", "Primacy_Agency": "AZ", "Population_Served_Count": 2761, "Service_Connections_Count": 857, "Service_Area_Type": "Residential Area", "Verification_Status": "", "Area_SqKM": 93.83898776454286}, "geometry": {"type": "Point", "coordinates": [-114.22774954023001, 33.676126099968556]}}, {"type": "Feature", "properties": {"PWSID": "AZ0411322", "PWS_Name": "MARICOPA MOUNTAIN DWID 2", "Primacy_Agency": "AZ", "Population_Served_Count": 120, "Service_Connections_Count": 1, "Service_Area_Type": "Residential Area", "Verification_Status": "", "Area_SqKM": 153.73323731897486}, "geometry": {"type": "Point", "coordinates": [-112.14224007822901, 32.945351519820846]}}, {"type": "Feature", "properties": {"PWSID": "AZ0411087", "PWS_Name": "MARICOPA MOUNTAIN DWID 1", "Primacy_Agency": "AZ", "Population_Served_Count": 450, "Service_Connections_Count": 3, "Service_Area_Type": "Residential Area", "Verification_Status": "", "Area_SqKM": 154.98046130294958}, "geometry": {"type": "Point", "coordinates": [-112.15058186742432, 32.9507457550978]}}, {"type": "Feature", "properties": {"PWSID": "AZ0414024", "PWS_Name": "CITY OF YUMA", "Primacy_Agency": "AZ", "Population_Served_Count": 103264, "Service_Connections_Count": 32641, "Service_Area_Type": "Residential Area", "Verification_Status": "", "Area_SqKM": 300.2249677086075}, "geometry": {"type": "Point", "coordinates": [-114.60302837259577, 32.66901234569016]}}, {"type": "Feature", "properties": {"PWSID": "AZ0410701", "PWS_Name": "ORGAN PIPE NM HEADQUARTERS", "Primacy_Agency": "AZ", "Population_Served_Count": 755, "Service_Connections_Count": 40, "Service_Area_Type": "Recreation Area", "Verification_Status": "", "Area_SqKM": 30.24236890071371}, "geometry": {"type": "Point", "coordinates": [-112.82760640916455, 31.936363319004062]}}, {"type": "Feature", "properties": {"PWSID": "AZ0407039", "PWS_Name": "GRANDVIEW WATER COMPANY", "Primacy_Agency": "AZ", "Population_Served_Count": 50, "Service_Connections_Count": 20, "Service_Area_Type": "Residential Area", "Verification_Status": "", "Area_SqKM": 0.15464604862724446}, "geometry": {"type": "Point", "coordinates": [-112.46804085988981, 33.33900770045588]}}, {"type": "Feature", "properties": {"PWSID": "AZ0407280", "PWS_Name": "67 AVE PROPERTY OWNERS ASSOCIATION", "Primacy_Agency": "AZ", "Population_Served_Count": 40, "Service_Connections_Count": 14, "Service_Area_Type": "Residential Area", "Verification_Status": "", "Area_SqKM": 0.11965713240816069}, "geometry": {"type": "Point", "coordinates": [-112.20767730011222, 33.414773388875936]}}, {"type": "Feature", "properties": {"PWSID": "AZ0407366", "PWS_Name": "HACIENDA DEL SOL MHP", "Primacy_Agency": "AZ", "Population_Served_Count": 300, "Service_Connections_Count": 159, "Service_Area_Type": "Mobile Home Park", "Verification_Status": "", "Area_SqKM": 0.09243688755902525}, "geometry": {"type": "Point", "coordinates": [-112.33402300018079, 33.53443780008164]}}, {"type": "Feature", "properties": {"PWSID": "AZ0407524", "PWS_Name": "TWO TANKS COMMUNITY WELL", "Primacy_Agency": "AZ", "Population_Served_Count": 76, "Service_Connections_Count": 14, "Service_Area_Type": "Residential Area", "Verification_Status": "", "Area_SqKM": 0.08069387828616155}, "geometry": {"type": "Point", "coordinates": [-112.40240745977322, 33.71990241980856]}}, {"type": "Feature", "properties": {"PWSID": "AZ0407493", "PWS_Name": "G LAZY B MOBILE HOME PARK", "Primacy_Agency": "AZ", "Population_Served_Count": 25, "Service_Connections_Count": 25, "Service_Area_Type": "Mobile Home Park", "Verification_Status": "", "Area_SqKM": 0.07813217792302954}, "geometry": {"type": "Point", "coordinates": [-112.70038687540476, 33.945218333482735]}}, {"type": "Feature", "properties": {"PWSID": "AZ0407343", "PWS_Name": "COUNTRY HOME MHP", "Primacy_Agency": "AZ", "Population_Served_Count": 300, "Service_Connections_Count": 99, "Service_Area_Type": "Mobile Home Park", "Verification_Status": "", "Area_SqKM": 0.05371416554933637}, "geometry": {"type": "Point", "coordinates": [-112.5604567599868, 33.378594020068476]}}, {"type": "Feature", "properties": {"PWSID": "AZ0407621", "PWS_Name": "MICHIGAN TRAILER PARK", "Primacy_Agency": "AZ", "Population_Served_Count": 400, "Service_Connections_Count": 130, "Service_Area_Type": "Mobile Home Park", "Verification_Status": "", "Area_SqKM": 0.03154938273072709}, "geometry": {"type": "Point", "coordinates": [-112.12885563346667, 33.4883840335037]}}, {"type": "Feature", "properties": {"PWSID": "AZ0407713", "PWS_Name": "TRIPLE G DAIRY", "Primacy_Agency": "AZ", "Population_Served_Count": 84, "Service_Connections_Count": 21, "Service_Area_Type": "Mobile Home Park", "Verification_Status": "", "Area_SqKM": 0.024088510699431694}, "geometry": {"type": "Point", "coordinates": [-112.67783265981261, 33.4077120597576]}}, {"type": "Feature", "properties": {"PWSID": "AZ0407392", "PWS_Name": "BUCKEYE ACRES MHP", "Primacy_Agency": "AZ", "Population_Served_Count": 71, "Service_Connections_Count": 35, "Service_Area_Type": "Mobile Home Park", "Verification_Status": "", "Area_SqKM": 0.021737558662453808}, "geometry": {"type": "Point", "coordinates": [-112.55562254006558, 33.415321999508436]}}, {"type": "Feature", "properties": {"PWSID": "AZ0411409", "PWS_Name": "VALLE ESCONDIDO", "Primacy_Agency": "AZ", "Population_Served_Count": 405, "Service_Connections_Count": 102, "Service_Area_Type": "Residential Area", "Verification_Status": "", "Area_SqKM": 1.944687943170584}, "geometry": {"type": "Point", "coordinates": [-112.04195547138443, 32.8876246859857]}}, {"type": "Feature", "properties": {"PWSID": "AZ0411036", "PWS_Name": "MARICOPA CONSOLIDATED  DWID", "Primacy_Agency": "AZ", "Population_Served_Count": 928, "Service_Connections_Count": 300, "Service_Area_Type": "Residential Area", "Verification_Status": "", "Area_SqKM": 1.8268048571758242}, "geometry": {"type": "Point", "coordinates": [-112.05031161602916, 33.05666821999716]}}, {"type": "Feature", "properties": {"PWSID": "AZ0407026", "PWS_Name": "DESERT HILLS WATER", "Primacy_Agency": "AZ", "Population_Served_Count": 4220, "Service_Connections_Count": 1838, "Service_Area_Type": "Residential Area", "Verification_Status": "", "Area_SqKM": 25.692448018451785}, "geometry": {"type": "Point", "coordinates": [-112.05340325382585, 33.817625592367946]}}, {"type": "Feature", "properties": {"PWSID": "AZ0407660", "PWS_Name": "SHANGRI LA RANCH", "Primacy_Agency": "AZ", "Population_Served_Count": 345, "Service_Connections_Count": 160, "Service_Area_Type": "Mobile Home Park", "Verification_Status": "", "Area_SqKM": 0.14640261906778004}, "geometry": {"type": "Point", "coordinates": [-112.08095807151115, 33.888453585836075]}}, {"type": "Feature", "properties": {"PWSID": "AZ0413184", "PWS_Name": "WALDEN MEADOWS COMM COOP", "Primacy_Agency": "AZ", "Population_Served_Count": 880, "Service_Connections_Count": 439, "Service_Area_Type": "Residential Area", "Verification_Status": "", "Area_SqKM": 7.056968121622672}, "geometry": {"type": "Point", "coordinates": [-112.59791665998806, 34.41882319331292]}}, {"type": "Feature", "properties": {"PWSID": "AZ0413021", "PWS_Name": "CONGRESS DWID", "Primacy_Agency": "AZ", "Population_Served_Count": 1870, "Service_Connections_Count": 750, "Service_Area_Type": "Municipality", "Verification_Status": "", "Area_SqKM": 7.340723178248738}, "geometry": {"type": "Point", "coordinates": [-112.8595028170462, 34.1678669243898]}}, {"type": "Feature", "properties": {"PWSID": "AZ0408015", "PWS_Name": "EPCOR - LAKE HAVASU", "Primacy_Agency": "AZ", "Population_Served_Count": 4788, "Service_Connections_Count": 2248, "Service_Area_Type": "Residential Area", "Verification_Status": "", "Area_SqKM": 14.525189820161634}, "geometry": {"type": "Point", "coordinates": [-114.35895860028991, 34.55068584183731]}}, {"type": "Feature", "properties": {"PWSID": "AZ0413057", "PWS_Name": "YARNELL WATER IMPROVEMENT ASSOCIATION", "Primacy_Agency": "AZ", "Population_Served_Count": 515, "Service_Connections_Count": 523, "Service_Area_Type": "Residential Area", "Verification_Status": "", "Area_SqKM": 21.995549233426335}, "geometry": {"type": "Point", "coordinates": [-112.74239615707434, 34.23788962858317]}}, {"type": "Feature", "properties": {"PWSID": "AZ0413048", "PWS_Name": "TOWN OF PRESCOTT VALLEY", "Primacy_Agency": "AZ", "Population_Served_Count": 57048, "Service_Connections_Count": 23770, "Service_Area_Type": "Municipality", "Verification_Status": "", "Area_SqKM": 59.52434339251103}, "geometry": {"type": "Point", "coordinates": [-112.29192307965626, 34.57656999373675]}}, {"type": "Feature", "properties": {"PWSID": "AZ0413039", "PWS_Name": "MAYER DWID", "Primacy_Agency": "AZ", "Population_Served_Count": 1400, "Service_Connections_Count": 636, "Service_Area_Type": "Municipality", "Verification_Status": "", "Area_SqKM": 126.88345501372547}, "geometry": {"type": "Point", "coordinates": [-112.29155216684967, 34.40182848898189]}}, {"type": "Feature", "properties": {"PWSID": "AZ0413045", "PWS_Name": "PRESCOTT CITY OF", "Primacy_Agency": "AZ", "Population_Served_Count": 42217, "Service_Connections_Count": 24327, "Service_Area_Type": "Municipality", "Verification_Status": "", "Area_SqKM": 137.77697279216136}, "geometry": {"type": "Point", "coordinates": [-112.44519970697557, 34.580322411496574]}}, {"type": "Feature", "properties": {"PWSID": "AZ0413035", "PWS_Name": "HOLIDAY HILLS  DWID", "Primacy_Agency": "AZ", "Population_Served_Count": 150, "Service_Connections_Count": 49, "Service_Area_Type": "Residential Area", "Verification_Status": "", "Area_SqKM": 1.6135518689021986}, "geometry": {"type": "Point", "coordinates": [-112.58181481513178, 34.58848770172655]}}, {"type": "Feature", "properties": {"PWSID": "AZ0415006", "PWS_Name": "EPCOR - MOOVALYA KEYS", "Primacy_Agency": "AZ", "Population_Served_Count": 1298, "Service_Connections_Count": 590, "Service_Area_Type": "Residential Area", "Verification_Status": "", "Area_SqKM": 0.4766299717776601}, "geometry": {"type": "Point", "coordinates": [-114.22231022377632, 34.19821006847911]}}, {"type": "Feature", "properties": {"PWSID": "AZ0415040", "PWS_Name": "EPCOR - RIO LINDO", "Primacy_Agency": "AZ", "Population_Served_Count": 79, "Service_Connections_Count": 36, "Service_Area_Type": "Residential Area", "Verification_Status": "", "Area_SqKM": 0.12854306399863374}, "geometry": {"type": "Point", "coordinates": [-114.17266057779433, 34.24572586658535]}}, {"type": "Feature", "properties": {"PWSID": "AZ0415026", "PWS_Name": "HILLCREST WATER COMPANY", "Primacy_Agency": "AZ", "Population_Served_Count": 454, "Service_Connections_Count": 202, "Service_Area_Type": "Mobile Home Park", "Verification_Status": "", "Area_SqKM": 0.16327939752302373}, "geometry": {"type": "Point", "coordinates": [-114.0994007398702, 34.29041724016488]}}, {"type": "Feature", "properties": {"PWSID": "AZ0415002", "PWS_Name": "CIENEGA WATER COMPANY INC", "Primacy_Agency": "AZ", "Population_Served_Count": 108, "Service_Connections_Count": 54, "Service_Area_Type": "Residential Area", "Verification_Status": "", "Area_SqKM": 0.170573426906546}, "geometry": {"type": "Point", "coordinates": [-114.21798974998799, 34.18633794995906]}}, {"type": "Feature", "properties": {"PWSID": "AZ0415011", "PWS_Name": "EPCOR - MARINA VILLAGE", "Primacy_Agency": "AZ", "Population_Served_Count": 528, "Service_Connections_Count": 240, "Service_Area_Type": "Residential Area", "Verification_Status": "", "Area_SqKM": 0.5380896885990184}, "geometry": {"type": "Point", "coordinates": [-114.18251278314966, 34.23129186664612]}}, {"type": "Feature", "properties": {"PWSID": "AZ0415010", "PWS_Name": "EPCOR - LAKESIDE", "Primacy_Agency": "AZ", "Population_Served_Count": 1896, "Service_Connections_Count": 807, "Service_Area_Type": "Residential Area", "Verification_Status": "", "Area_SqKM": 0.7593530265123779}, "geometry": {"type": "Point", "coordinates": [-114.22241563241757, 34.17889297035227]}}, {"type": "Feature", "properties": {"PWSID": "AZ0415027", "PWS_Name": "EPCOR - PARKER DAM", "Primacy_Agency": "AZ", "Population_Served_Count": 429, "Service_Connections_Count": 195, "Service_Area_Type": "Residential Area", "Verification_Status": "", "Area_SqKM": 0.7711006462921902}, "geometry": {"type": "Point", "coordinates": [-114.1351955248469, 34.28247602500676]}}, {"type": "Feature", "properties": {"PWSID": "AZ0408122", "PWS_Name": "HORIZON SIX DWID", "Primacy_Agency": "AZ", "Population_Served_Count": 560, "Service_Connections_Count": 248, "Service_Area_Type": "Residential Area", "Verification_Status": "", "Area_SqKM": 1.273404198723524}, "geometry": {"type": "Point", "coordinates": [-114.2569401397994, 34.4767524200754]}}, {"type": "Feature", "properties": {"PWSID": "AZ0415058", "PWS_Name": "EPCOR - HOLIDAY HARBOR", "Primacy_Agency": "AZ", "Population_Served_Count": 559, "Service_Connections_Count": 254, "Service_Area_Type": "Residential Area", "Verification_Status": "", "Area_SqKM": 1.8583733561309643}, "geometry": {"type": "Point", "coordinates": [-114.12848917779512, 34.26548075539168]}}, {"type": "Feature", "properties": {"PWSID": "AZ0408022", "PWS_Name": "LAKE HAVASU CITY OF", "Primacy_Agency": "AZ", "Population_Served_Count": 54610, "Service_Connections_Count": 29600, "Service_Area_Type": "Residential Area", "Verification_Status": "", "Area_SqKM": 77.57944227262905}, "geometry": {"type": "Point", "coordinates": [-114.34490919447694, 34.4740735094516]}}, {"type": "Feature", "properties": {"PWSID": "AZ0413011", "PWS_Name": "FREEPORT MCMORAN BAGDAD TOWN", "Primacy_Agency": "AZ", "Population_Served_Count": 3200, "Service_Connections_Count": 1264, "Service_Area_Type": "Other Residential", "Verification_Status": "", "Area_SqKM": 0.2134330454297306}, "geometry": {"type": "Point", "coordinates": [-113.1424114999036, 34.60081210785051]}}, {"type": "Feature", "properties": {"PWSID": "AZ0413058", "PWS_Name": "YAVAPAI COUNTRY CLUB ESTATES WATER CO", "Primacy_Agency": "AZ", "Population_Served_Count": 100, "Service_Connections_Count": 40, "Service_Area_Type": "Residential Area", "Verification_Status": "", "Area_SqKM": 0.2774735062199329}, "geometry": {"type": "Point", "coordinates": [-112.75288492478835, 34.28263316663815]}}, {"type": "Feature", "properties": {"PWSID": "AZ0413030", "PWS_Name": "GRANITE DELLS WATER COMPANY", "Primacy_Agency": "AZ", "Population_Served_Count": 50, "Service_Connections_Count": 12, "Service_Area_Type": "Mobile Home Park - Principal Residence", "Verification_Status": "", "Area_SqKM": 0.48800653072153943}, "geometry": {"type": "Point", "coordinates": [-112.42186781495954, 34.596418585005196]}}, {"type": "Feature", "properties": {"PWSID": "AZ0413148", "PWS_Name": "ESCAPEES AT NORTH RANCH", "Primacy_Agency": "AZ", "Population_Served_Count": 500, "Service_Connections_Count": 432, "Service_Area_Type": "Mobile Home Park - Principal Residence", "Verification_Status": "", "Area_SqKM": 0.5259652723929259}, "geometry": {"type": "Point", "coordinates": [-112.8279147000816, 34.1029631602611]}}, {"type": "Feature", "properties": {"PWSID": "AZ0413040", "PWS_Name": "GROOM CREEK WATER USERS", "Primacy_Agency": "AZ", "Population_Served_Count": 458, "Service_Connections_Count": 230, "Service_Area_Type": "Residential Area", "Verification_Status": "", "Area_SqKM": 0.5319681082137182}, "geometry": {"type": "Point", "coordinates": [-112.43998016908027, 34.478396456339894]}}, {"type": "Feature", "properties": {"PWSID": "AZ0413036", "PWS_Name": "JACKSON ACRES DWID", "Primacy_Agency": "AZ", "Population_Served_Count": 30, "Service_Connections_Count": 15, "Service_Area_Type": "Residential Area", "Verification_Status": "", "Area_SqKM": 0.6539334050617429}, "geometry": {"type": "Point", "coordinates": [-112.50289124992338, 34.57379657494734]}}, {"type": "Feature", "properties": {"PWSID": "AZ0413044", "PWS_Name": "PONDEROSA PARK DWID", "Primacy_Agency": "AZ", "Population_Served_Count": 602, "Service_Connections_Count": 305, "Service_Area_Type": "Residential Area", "Verification_Status": "", "Area_SqKM": 0.7360103495545139}, "geometry": {"type": "Point", "coordinates": [-112.4920682800738, 34.470209959935616]}}, {"type": "Feature", "properties": {"PWSID": "AZ0413062", "PWS_Name": "BRADSHAW MOUNTAIN VIEW WATER", "Primacy_Agency": "AZ", "Population_Served_Count": 1097, "Service_Connections_Count": 649, "Service_Area_Type": "Other Residential", "Verification_Status": "", "Area_SqKM": 1.638692935731751}, "geometry": {"type": "Point", "coordinates": [-112.154963881833, 34.34494983639315]}}, {"type": "Feature", "properties": {"PWSID": "AZ0413221", "PWS_Name": "WHITE HORSE RANCH OWNERS ASSOCIATION", "Primacy_Agency": "AZ", "Population_Served_Count": 292, "Service_Connections_Count": 160, "Service_Area_Type": "Residential Area", "Verification_Status": "", "Area_SqKM": 1.9336278395377793}, "geometry": {"type": "Point", "coordinates": [-112.16064049605261, 34.55588989196416]}}, {"type": "Feature", "properties": {"PWSID": "AZ0413141", "PWS_Name": "BRADSHAW WATER COMPANY INC", "Primacy_Agency": "AZ", "Population_Served_Count": 510, "Service_Connections_Count": 228, "Service_Area_Type": "Residential Area", "Verification_Status": "", "Area_SqKM": 1.9540231701475093}, "geometry": {"type": "Point", "coordinates": [-112.37172436523451, 34.553600726029075]}}, {"type": "Feature", "properties": {"PWSID": "AZ0413017", "PWS_Name": "DIAMOND VALLEY WATER DISTRICT", "Primacy_Agency": "AZ", "Population_Served_Count": 2000, "Service_Connections_Count": 775, "Service_Area_Type": "Residential Area", "Verification_Status": "", "Area_SqKM": 2.093798723042159}, "geometry": {"type": "Point", "coordinates": [-112.38096979555499, 34.564193813911565]}}, {"type": "Feature", "properties": {"PWSID": "AZ0413027", "PWS_Name": "CROWN KING WATER COMPANY", "Primacy_Agency": "AZ", "Population_Served_Count": 203, "Service_Connections_Count": 86, "Service_Area_Type": "Residential Area", "Verification_Status": "", "Area_SqKM": 2.220393803698713}, "geometry": {"type": "Point", "coordinates": [-112.34696298402119, 34.21595318392905]}}, {"type": "Feature", "properties": {"PWSID": "AZ0413034", "PWS_Name": "HIGHLAND PINE DWID", "Primacy_Agency": "AZ", "Population_Served_Count": 450, "Service_Connections_Count": 320, "Service_Area_Type": "Residential Area", "Verification_Status": "", "Area_SqKM": 2.5238874563192573}, "geometry": {"type": "Point", "coordinates": [-112.56470777898285, 34.55527402094507]}}, {"type": "Feature", "properties": {"PWSID": "AZ0413113", "PWS_Name": "PHILADELPHIA WATER SYSTEM", "Primacy_Agency": "AZ", "Population_Served_Count": 42, "Service_Connections_Count": 61, "Service_Area_Type": "Residential Area", "Verification_Status": "", "Area_SqKM": 2.585054687084484}, "geometry": {"type": "Point", "coordinates": [-112.33557859982241, 34.20716780020318]}}, {"type": "Feature", "properties": {"PWSID": "AZ0413052", "PWS_Name": "HUMBOLDT WATER SYSTEM", "Primacy_Agency": "AZ", "Population_Served_Count": 741, "Service_Connections_Count": 389, "Service_Area_Type": "Residential Area", "Verification_Status": "", "Area_SqKM": 2.662482095831559}, "geometry": {"type": "Point", "coordinates": [-112.23610586888068, 34.50458896241888]}}, {"type": "Feature", "properties": {"PWSID": "AZ0413341", "PWS_Name": "ARCOSANTI CAMP", "Primacy_Agency": "AZ", "Population_Served_Count": 115, "Service_Connections_Count": 28, "Service_Area_Type": "Other Residential", "Verification_Status": "", "Area_SqKM": 3.368818757815804}, "geometry": {"type": "Point", "coordinates": [-112.09903802102042, 34.350322594631635]}}, {"type": "Feature", "properties": {"PWSID": "AZ0413078", "PWS_Name": "CS PEEPLES VALLEY WATER COMPANY", "Primacy_Agency": "AZ", "Population_Served_Count": 550, "Service_Connections_Count": 257, "Service_Area_Type": "Residential Area", "Verification_Status": "", "Area_SqKM": 4.256896491059374}, "geometry": {"type": "Point", "coordinates": [-112.75638484702998, 34.28864127354202]}}, {"type": "Feature", "properties": {"PWSID": "AZ0412305", "PWS_Name": "THE GRAND ACRES", "Primacy_Agency": "AZ", "Population_Served_Count": 153, "Service_Connections_Count": 128, "Service_Area_Type": "Residential Area", "Verification_Status": "", "Area_SqKM": 0.0384111144370109}, "geometry": {"type": "Point", "coordinates": [-110.95119938358216, 31.3854251665588]}}, {"type": "Feature", "properties": {"PWSID": "AZ0420176", "PWS_Name": "LAZY ACRES MHP", "Primacy_Agency": "AZ", "Population_Served_Count": 75, "Service_Connections_Count": 30, "Service_Area_Type": "Residential Area", "Verification_Status": "", "Area_SqKM": 0.020759534685034404}, "geometry": {"type": "Point", "coordinates": [-110.9535349801142, 32.05159002008042]}}, {"type": "Feature", "properties": {"PWSID": "AZ0407016", "PWS_Name": "CAVE CREEK WATER", "Primacy_Agency": "AZ", "Population_Served_Count": 5895, "Service_Connections_Count": 2555, "Service_Area_Type": "Residential Area", "Verification_Status": "", "Area_SqKM": 29.58867140399044}, "geometry": {"type": "Point", "coordinates": [-111.95908818064781, 33.83216617523872]}}, {"type": "Feature", "properties": {"PWSID": "AZ0413023", "PWS_Name": "CORDES LAKES WATER COMPANY", "Primacy_Agency": "AZ", "Population_Served_Count": 4257, "Service_Connections_Count": 1703, "Service_Area_Type": "Subdivision", "Verification_Status": "", "Area_SqKM": 10.914345392746586}, "geometry": {"type": "Point", "coordinates": [-112.0177363014907, 34.628219458563805]}}, {"type": "Feature", "properties": {"PWSID": "AZ0413096", "PWS_Name": "THE ORME SCHOOL", "Primacy_Agency": "AZ", "Population_Served_Count": 210, "Service_Connections_Count": 76, "Service_Area_Type": "School", "Verification_Status": "", "Area_SqKM": 1.0939623680878814}, "geometry": {"type": "Point", "coordinates": [-112.06780804414021, 34.43003264801565]}}, {"type": "Feature", "properties": {"PWSID": "AZ0408178", "PWS_Name": "DOUBLE R WATER DISTRIBUTORS, INC.", "Primacy_Agency": "AZ", "Population_Served_Count": 98, "Service_Connections_Count": 39, "Service_Area_Type": "Residential Area", "Verification_Status": "", "Area_SqKM": 2.5867233758731385}, "geometry": {"type": "Point", "coordinates": [-114.16421396016581, 34.9008556401755]}}, {"type": "Feature", "properties": {"PWSID": "AZ0413258", "PWS_Name": "AMERICAN RANCH DWID", "Primacy_Agency": "AZ", "Population_Served_Count": 140, "Service_Connections_Count": 99, "Service_Area_Type": "Other Residential", "Verification_Status": "", "Area_SqKM": 2.567857686259216}, "geometry": {"type": "Point", "coordinates": [-112.54396511840109, 34.67599089086788]}}, {"type": "Feature", "properties": {"PWSID": "AZ0408026", "PWS_Name": "HAVASU HEIGHTS DWID", "Primacy_Agency": "AZ", "Population_Served_Count": 614, "Service_Connections_Count": 215, "Service_Area_Type": "Residential Area", "Verification_Status": "", "Area_SqKM": 2.562824990344392}, "geometry": {"type": "Point", "coordinates": [-114.29206887989801, 34.653710400180316]}}, {"type": "Feature", "properties": {"PWSID": "AZ0413150", "PWS_Name": "GRANITE MOUNTAIN WATER COMPANY", "Primacy_Agency": "AZ", "Population_Served_Count": 381, "Service_Connections_Count": 155, "Service_Area_Type": "Residential Area", "Verification_Status": "", "Area_SqKM": 2.045647745251809}, "geometry": {"type": "Point", "coordinates": [-112.50970723005484, 34.63986406497276]}}, {"type": "Feature", "properties": {"PWSID": "AZ0413079", "PWS_Name": "CHINO MEADOWS II", "Primacy_Agency": "AZ", "Population_Served_Count": 2350, "Service_Connections_Count": 1012, "Service_Area_Type": "Residential Area", "Verification_Status": "", "Area_SqKM": 2.0421639643535316}, "geometry": {"type": "Point", "coordinates": [-112.43266555706464, 34.75678335723068]}}, {"type": "Feature", "properties": {"PWSID": "AZ0408129", "PWS_Name": "EPCOR - WILLOW VALLEY/LAKE CIMARRON", "Primacy_Agency": "AZ", "Population_Served_Count": 552, "Service_Connections_Count": 248, "Service_Area_Type": "Residential Area", "Verification_Status": "", "Area_SqKM": 1.779522134470818}, "geometry": {"type": "Point", "coordinates": [-114.59105537525762, 34.931280324909636]}}, {"type": "Feature", "properties": {"PWSID": "AZ0413208", "PWS_Name": "APPALOOSA WATER COMPANY", "Primacy_Agency": "AZ", "Population_Served_Count": 600, "Service_Connections_Count": 240, "Service_Area_Type": "Subdivision", "Verification_Status": "", "Area_SqKM": 1.766885051493521}, "geometry": {"type": "Point", "coordinates": [-112.46589637068848, 34.782432523594764]}}, {"type": "Feature", "properties": {"PWSID": "AZ0408037", "PWS_Name": "CAMP MOHAVE", "Primacy_Agency": "AZ", "Population_Served_Count": 224, "Service_Connections_Count": 86, "Service_Area_Type": "Residential Area", "Verification_Status": "", "Area_SqKM": 1.343986586372002}, "geometry": {"type": "Point", "coordinates": [-114.60340923973101, 35.01727320012954]}}, {"type": "Feature", "properties": {"PWSID": "AZ0408137", "PWS_Name": "DESERT FOOTHILLS", "Primacy_Agency": "AZ", "Population_Served_Count": 3091, "Service_Connections_Count": 1321, "Service_Area_Type": "Residential Area", "Verification_Status": "", "Area_SqKM": 2.0091088674658897}, "geometry": {"type": "Point", "coordinates": [-114.538038000174, 35.14671505998308]}}, {"type": "Feature", "properties": {"PWSID": "AZ0408082", "PWS_Name": "RANCH WATER SERVICE INC", "Primacy_Agency": "AZ", "Population_Served_Count": 135, "Service_Connections_Count": 3, "Service_Area_Type": "Dispenser", "Verification_Status": "", "Area_SqKM": 1.9155100560303258}, "geometry": {"type": "Point", "coordinates": [-113.79510914003187, 35.176873126663075]}}, {"type": "Feature", "properties": {"PWSID": "AZ0408341", "PWS_Name": "FOOTHILLS UTILITIES KINGMAN WEST", "Primacy_Agency": "AZ", "Population_Served_Count": 653, "Service_Connections_Count": 373, "Service_Area_Type": "Residential Area", "Verification_Status": "", "Area_SqKM": 1.8787510820232771}, "geometry": {"type": "Point", "coordinates": [-114.04762220812091, 35.30715180005348]}}, {"type": "Feature", "properties": {"PWSID": "AZ0408062", "PWS_Name": "LAKE MOHAVE HIGHLANDS", "Primacy_Agency": "AZ", "Population_Served_Count": 746, "Service_Connections_Count": 319, "Service_Area_Type": "Residential Area", "Verification_Status": "", "Area_SqKM": 1.6003213000476049}, "geometry": {"type": "Point", "coordinates": [-114.54589433973999, 35.17146138002276]}}, {"type": "Feature", "properties": {"PWSID": "AZ0408005", "PWS_Name": "CHLORIDE DWID", "Primacy_Agency": "AZ", "Population_Served_Count": 350, "Service_Connections_Count": 200, "Service_Area_Type": "Residential Area", "Verification_Status": "", "Area_SqKM": 1.59635495246225}, "geometry": {"type": "Point", "coordinates": [-114.20008866668641, 35.412987785113614]}}, {"type": "Feature", "properties": {"PWSID": "AZ0408701", "PWS_Name": "KATHERINE LANDING DWTP", "Primacy_Agency": "AZ", "Population_Served_Count": 1300, "Service_Connections_Count": 41, "Service_Area_Type": "Residential Area", "Verification_Status": "", "Area_SqKM": 1.2560786226547505}, "geometry": {"type": "Point", "coordinates": [-114.56015818262743, 35.22048750431141]}}, {"type": "Feature", "properties": {"PWSID": "AZ0413008", "PWS_Name": "ASH FORK WATER SERVICE", "Primacy_Agency": "AZ", "Population_Served_Count": 2250, "Service_Connections_Count": 231, "Service_Area_Type": "Municipality", "Verification_Status": "", "Area_SqKM": 1.089963788187909}, "geometry": {"type": "Point", "coordinates": [-112.485470311138, 35.22129936661583]}}, {"type": "Feature", "properties": {"PWSID": "AZ0408001", "PWS_Name": "OATMAN WATER COMPANY", "Primacy_Agency": "AZ", "Population_Served_Count": 230, "Service_Connections_Count": 100, "Service_Area_Type": "Residential Area", "Verification_Status": "", "Area_SqKM": 0.6597971547740676}, "geometry": {"type": "Point", "coordinates": [-114.38275913346217, 35.027585533383494]}}, {"type": "Feature", "properties": {"PWSID": "AZ0408080", "PWS_Name": "SUN SHINERS MHP", "Primacy_Agency": "AZ", "Population_Served_Count": 136, "Service_Connections_Count": 68, "Service_Area_Type": "Mobile Home Park", "Verification_Status": "", "Area_SqKM": 0.047672205902211315}, "geometry": {"type": "Point", "coordinates": [-113.93388526650567, 36.91035224994132]}}, {"type": "Feature", "properties": {"PWSID": "AZ0408089", "PWS_Name": "CHIEF SLEEP EASY TP", "Primacy_Agency": "AZ", "Population_Served_Count": 124, "Service_Connections_Count": 65, "Service_Area_Type": "Mobile Home Park", "Verification_Status": "", "Area_SqKM": 0.022223192038538633}, "geometry": {"type": "Point", "coordinates": [-113.93283259989465, 36.90883000017575]}}, {"type": "Feature", "properties": {"PWSID": "AZ0408057", "PWS_Name": "BEAVER DAM FILLING STATION", "Primacy_Agency": "AZ", "Population_Served_Count": 35, "Service_Connections_Count": 15, "Service_Area_Type": "Service Station", "Verification_Status": "", "Area_SqKM": 0.011245494457029095}, "geometry": {"type": "Point", "coordinates": [-113.9347249206638, 36.900855639859586]}}, {"type": "Feature", "properties": {"PWSID": "AZ0403105", "PWS_Name": "BEARIZONA", "Primacy_Agency": "AZ", "Population_Served_Count": 1423, "Service_Connections_Count": 4, "Service_Area_Type": "Recreation Area", "Verification_Status": "", "Area_SqKM": 1.101537697477234}, "geometry": {"type": "Point", "coordinates": [-112.15185812171329, 35.25362903568239]}}, {"type": "Feature", "properties": {"PWSID": "AZ0403702", "PWS_Name": "GRAND CANYON NATIONAL PARK", "Primacy_Agency": "AZ", "Population_Served_Count": 16590, "Service_Connections_Count": 630, "Service_Area_Type": "Residential Area", "Verification_Status": "", "Area_SqKM": 38.301628942391886}, "geometry": {"type": "Point", "coordinates": [-112.14217686167129, 36.056273390432295]}}, {"type": "Feature", "properties": {"PWSID": "AZ0410006", "PWS_Name": "AVRA WATER COOP INC", "Primacy_Agency": "AZ", "Population_Served_Count": 6685, "Service_Connections_Count": 2704, "Service_Area_Type": "Residential Area", "Verification_Status": "", "Area_SqKM": 29.190440264398394}, "geometry": {"type": "Point", "coordinates": [-111.22552619103566, 32.32753336724608]}}, {"type": "Feature", "properties": {"PWSID": "AZ0410357", "PWS_Name": "METROPOLITAN DWID - DIABLO VILLAGE", "Primacy_Agency": "AZ", "Population_Served_Count": 5542, "Service_Connections_Count": 2180, "Service_Area_Type": "Residential Area", "Verification_Status": "", "Area_SqKM": 10.479082966507114}, "geometry": {"type": "Point", "coordinates": [-111.13507112006619, 32.13620694012015]}}, {"type": "Feature", "properties": {"PWSID": "AZ0410070", "PWS_Name": "MARANA DWID - CULVER", "Primacy_Agency": "AZ", "Population_Served_Count": 709, "Service_Connections_Count": 256, "Service_Area_Type": "Residential Area", "Verification_Status": "", "Area_SqKM": 3.089306805071769}, "geometry": {"type": "Point", "coordinates": [-111.3095605693913, 32.3956362384399]}}, {"type": "Feature", "properties": {"PWSID": "AZ0410329", "PWS_Name": "MARANA MUNICIPAL - HARTMAN VISTAS", "Primacy_Agency": "AZ", "Population_Served_Count": 5248, "Service_Connections_Count": 2099, "Service_Area_Type": "Municipality", "Verification_Status": "", "Area_SqKM": 2.915915319476628}, "geometry": {"type": "Point", "coordinates": [-111.09147879384909, 32.37092612423927]}}, {"type": "Feature", "properties": {"PWSID": "AZ0410117", "PWS_Name": "THIM UTILITY COMPANY", "Primacy_Agency": "AZ", "Population_Served_Count": 310, "Service_Connections_Count": 127, "Service_Area_Type": "Residential Area", "Verification_Status": "", "Area_SqKM": 2.630457441771589}, "geometry": {"type": "Point", "coordinates": [-111.2930608801222, 32.081482719802736]}}, {"type": "Feature", "properties": {"PWSID": "AZ0410228", "PWS_Name": "THIM UTILITY COMPANY 2", "Primacy_Agency": "AZ", "Population_Served_Count": 445, "Service_Connections_Count": 182, "Service_Area_Type": "Residential Area", "Verification_Status": "", "Area_SqKM": 2.6193722597925273}, "geometry": {"type": "Point", "coordinates": [-111.2931350400016, 32.095935700341144]}}, {"type": "Feature", "properties": {"PWSID": "AZ0410354", "PWS_Name": "ANWAY MANVILLE WATER COMPANY", "Primacy_Agency": "AZ", "Population_Served_Count": 576, "Service_Connections_Count": 236, "Service_Area_Type": "Residential Area", "Verification_Status": "", "Area_SqKM": 2.596134625417828}, "geometry": {"type": "Point", "coordinates": [-111.3143588201606, 32.30031942010274]}}, {"type": "Feature", "properties": {"PWSID": "AZ0410206", "PWS_Name": "THIM UTILITY COMPANY - WELL 9", "Primacy_Agency": "AZ", "Population_Served_Count": 254, "Service_Connections_Count": 104, "Service_Area_Type": "Residential Area", "Verification_Status": "", "Area_SqKM": 2.585735338777998}, "geometry": {"type": "Point", "coordinates": [-111.310303840239, 32.080920140076365]}}, {"type": "Feature", "properties": {"PWSID": "AZ0410272", "PWS_Name": "RANCHO TIERRA BLANCA POA", "Primacy_Agency": "AZ", "Population_Served_Count": 126, "Service_Connections_Count": 45, "Service_Area_Type": "Residential Area", "Verification_Status": "", "Area_SqKM": 2.572813785484617}, "geometry": {"type": "Point", "coordinates": [-111.331452479918, 32.282790720128084]}}, {"type": "Feature", "properties": {"PWSID": "AZ0410142", "PWS_Name": "RANCHO DEL CONEJO COMM WATER COOP", "Primacy_Agency": "AZ", "Population_Served_Count": 900, "Service_Connections_Count": 335, "Service_Area_Type": "Residential Area", "Verification_Status": "", "Area_SqKM": 2.138784768404186}, "geometry": {"type": "Point", "coordinates": [-111.24687507524112, 32.31549722505359]}}, {"type": "Feature", "properties": {"PWSID": "AZ0410435", "PWS_Name": "PICO VISTA COMMUNITY WELL", "Primacy_Agency": "AZ", "Population_Served_Count": 45, "Service_Connections_Count": 20, "Service_Area_Type": "Residential Area", "Verification_Status": "", "Area_SqKM": 0.14398429212478647}, "geometry": {"type": "Point", "coordinates": [-111.09611341128078, 32.391730633680936]}}, {"type": "Feature", "properties": {"PWSID": "AZ0410350", "PWS_Name": "MARANA CORRECTIONAL FACILITY", "Primacy_Agency": "AZ", "Population_Served_Count": 7, "Service_Connections_Count": 3, "Service_Area_Type": "Institution", "Verification_Status": "", "Area_SqKM": 0.10074306919125416}, "geometry": {"type": "Point", "coordinates": [-111.24105888566842, 32.418611843013984]}}, {"type": "Feature", "properties": {"PWSID": "AZ0411383", "PWS_Name": "SIERRA VISTA RV PARK", "Primacy_Agency": "AZ", "Population_Served_Count": 200, "Service_Connections_Count": 89, "Service_Area_Type": "Recreation Area", "Verification_Status": "", "Area_SqKM": 0.06232790627361862}, "geometry": {"type": "Point", "coordinates": [-111.8633786200576, 32.87775048015036]}}, {"type": "Feature", "properties": {"PWSID": "AZ0420205", "PWS_Name": "RANCHWOOD COMMUNITY", "Primacy_Agency": "AZ", "Population_Served_Count": 225, "Service_Connections_Count": 90, "Service_Area_Type": "Mobile Home Park", "Verification_Status": "", "Area_SqKM": 0.040915026638406043}, "geometry": {"type": "Point", "coordinates": [-110.91883092219948, 32.14965984431208]}}, {"type": "Feature", "properties": {"PWSID": "AZ0420420", "PWS_Name": "VIA VERDE WEST MHP", "Primacy_Agency": "AZ", "Population_Served_Count": 156, "Service_Connections_Count": 52, "Service_Area_Type": "Mobile Home Park", "Verification_Status": "", "Area_SqKM": 0.040677512015407744}, "geometry": {"type": "Point", "coordinates": [-110.92327759294768, 32.149548928551425]}}, {"type": "Feature", "properties": {"PWSID": "AZ0420542", "PWS_Name": "DIAMOND GROVE MOBILE HOME ESTATES", "Primacy_Agency": "AZ", "Population_Served_Count": 385, "Service_Connections_Count": 154, "Service_Area_Type": "Mobile Home Park", "Verification_Status": "", "Area_SqKM": 0.08222190343875733}, "geometry": {"type": "Point", "coordinates": [-111.0217221001921, 32.29947220000413]}}, {"type": "Feature", "properties": {"PWSID": "AZ0420595", "PWS_Name": "SUMMIT WATER COOP", "Primacy_Agency": "AZ", "Population_Served_Count": 53, "Service_Connections_Count": 21, "Service_Area_Type": "Residential Area", "Verification_Status": "", "Area_SqKM": 1.5983201719468265}, "geometry": {"type": "Point", "coordinates": [-110.95469755591249, 32.068035170269106]}}, {"type": "Feature", "properties": {"PWSID": "AZ0410112", "PWS_Name": "TUCSON CITY OF", "Primacy_Agency": "AZ", "Population_Served_Count": 732906, "Service_Connections_Count": 191264, "Service_Area_Type": "Residential Area", "Verification_Status": "", "Area_SqKM": 974.0991119673232}, "geometry": {"type": "Point", "coordinates": [-110.96874537856182, 32.250339149149646]}}, {"type": "Feature", "properties": {"PWSID": "AZ0407092", "PWS_Name": "GILBERT, TOWN OF", "Primacy_Agency": "AZ", "Population_Served_Count": 247600, "Service_Connections_Count": 84000, "Service_Area_Type": "Residential Area", "Verification_Status": "", "Area_SqKM": 184.18078042750943}, "geometry": {"type": "Point", "coordinates": [-111.7472824481861, 33.27523240742639]}}, {"type": "Feature", "properties": {"PWSID": "AZ0407090", "PWS_Name": "CHANDLER CITY OF", "Primacy_Agency": "AZ", "Population_Served_Count": 247328, "Service_Connections_Count": 81165, "Service_Area_Type": "Residential Area", "Verification_Status": "", "Area_SqKM": 175.9567387350327}, "geometry": {"type": "Point", "coordinates": [-111.83621339310484, 33.27652345248443]}}, {"type": "Feature", "properties": {"PWSID": "AZ0411030", "PWS_Name": "ELOY CITY OF", "Primacy_Agency": "AZ", "Population_Served_Count": 7903, "Service_Connections_Count": 3085, "Service_Area_Type": "Residential Area", "Verification_Status": "", "Area_SqKM": 132.64193718534256}, "geometry": {"type": "Point", "coordinates": [-111.5949479044476, 32.79291348479143]}}, {"type": "Feature", "properties": {"PWSID": "AZ0411076", "PWS_Name": "ARIZONA WATER CO - TIERRA GRANDE", "Primacy_Agency": "AZ", "Population_Served_Count": 1796, "Service_Connections_Count": 374, "Service_Area_Type": "Residential Area", "Verification_Status": "", "Area_SqKM": 16.46500239100751}, "geometry": {"type": "Point", "coordinates": [-111.57120479214707, 32.87119036917133]}}, {"type": "Feature", "properties": {"PWSID": "AZ0407120", "PWS_Name": "PIMA UTILITIES", "Primacy_Agency": "AZ", "Population_Served_Count": 20000, "Service_Connections_Count": 10500, "Service_Area_Type": "Residential Area", "Verification_Status": "", "Area_SqKM": 13.612029180575549}, "geometry": {"type": "Point", "coordinates": [-111.86426112209833, 33.21825358890143]}}, {"type": "Feature", "properties": {"PWSID": "AZ0411135", "PWS_Name": "PICACHO WATER COMPANY", "Primacy_Agency": "AZ", "Population_Served_Count": 2440, "Service_Connections_Count": 1872, "Service_Area_Type": "Residential Area", "Verification_Status": "", "Area_SqKM": 13.533020230688543}, "geometry": {"type": "Point", "coordinates": [-111.63057354277556, 32.82215915738315]}}, {"type": "Feature", "properties": {"PWSID": "AZ0410140", "PWS_Name": "MT LEMMON DWID", "Primacy_Agency": "AZ", "Population_Served_Count": 290, "Service_Connections_Count": 344, "Service_Area_Type": "Residential Area", "Verification_Status": "", "Area_SqKM": 10.12993915345651}, "geometry": {"type": "Point", "coordinates": [-110.7670409401934, 32.444598400093426]}}, {"type": "Feature", "properties": {"PWSID": "AZ0410173", "PWS_Name": "TUCSON WATER- RANCHO DEL SOL LINDO", "Primacy_Agency": "AZ", "Population_Served_Count": 2864, "Service_Connections_Count": 1023, "Service_Area_Type": "Residential Area", "Verification_Status": "", "Area_SqKM": 9.873395114058924}, "geometry": {"type": "Point", "coordinates": [-111.33717128334108, 32.42890590844371]}}, {"type": "Feature", "properties": {"PWSID": "AZ0411017", "PWS_Name": "FLORENCE WATER COMPANY", "Primacy_Agency": "AZ", "Population_Served_Count": 15900, "Service_Connections_Count": 3590, "Service_Area_Type": "Residential Area", "Verification_Status": "", "Area_SqKM": 9.838412351480994}, "geometry": {"type": "Point", "coordinates": [-111.38687257726883, 33.03575432268456]}}, {"type": "Feature", "properties": {"PWSID": "AZ0410051", "PWS_Name": "FLOWING WELLS IRRIGATION DISTRICT", "Primacy_Agency": "AZ", "Population_Served_Count": 16000, "Service_Connections_Count": 3662, "Service_Area_Type": "Mobile Home Park", "Verification_Status": "", "Area_SqKM": 8.90511159654703}, "geometry": {"type": "Point", "coordinates": [-110.99590045944663, 32.276601148639365]}}, {"type": "Feature", "properties": {"PWSID": "AZ0411136", "PWS_Name": "EPCOR - SAN TAN ANTHEM", "Primacy_Agency": "AZ", "Population_Served_Count": 10362, "Service_Connections_Count": 4318, "Service_Area_Type": "Residential Area", "Verification_Status": "", "Area_SqKM": 7.49862848818543}, "geometry": {"type": "Point", "coordinates": [-111.46756054519945, 33.068501479998595]}}, {"type": "Feature", "properties": {"PWSID": "AZ0411031", "PWS_Name": "KEARNY TOWN OF", "Primacy_Agency": "AZ", "Population_Served_Count": 1950, "Service_Connections_Count": 828, "Service_Area_Type": "Residential Area", "Verification_Status": "", "Area_SqKM": 7.277457238711455}, "geometry": {"type": "Point", "coordinates": [-110.91258883331977, 33.0506213997484]}}, {"type": "Feature", "properties": {"PWSID": "AZ0411005", "PWS_Name": "SILVERBELL IRRIGATION & DRAINAGE DIST", "Primacy_Agency": "AZ", "Population_Served_Count": 375, "Service_Connections_Count": 150, "Service_Area_Type": "Residential Area", "Verification_Status": "", "Area_SqKM": 7.015228008912759}, "geometry": {"type": "Point", "coordinates": [-111.71929661429257, 32.54805687166491]}}, {"type": "Feature", "properties": {"PWSID": "AZ0411160", "PWS_Name": "GW SANTA CRUZ WATER CO - RED ROCK", "Primacy_Agency": "AZ", "Population_Served_Count": 3813, "Service_Connections_Count": 1271, "Service_Area_Type": "Residential Area", "Verification_Status": "", "Area_SqKM": 6.45581971387417}, "geometry": {"type": "Point", "coordinates": [-111.32654370762269, 32.570857138493594]}}, {"type": "Feature", "properties": {"PWSID": "AZ0407008", "PWS_Name": "BERNEIL WATER COMPANY", "Primacy_Agency": "AZ", "Population_Served_Count": 1388, "Service_Connections_Count": 553, "Service_Area_Type": "Residential Area", "Verification_Status": "", "Area_SqKM": 3.6309233899962616}, "geometry": {"type": "Point", "coordinates": [-111.9363322887969, 33.56874993312982]}}, {"type": "Feature", "properties": {"PWSID": "AZ0411044", "PWS_Name": "QUEEN VALLEY DWID", "Primacy_Agency": "AZ", "Population_Served_Count": 1200, "Service_Connections_Count": 586, "Service_Area_Type": "Residential Area", "Verification_Status": "", "Area_SqKM": 3.271375970825641}, "geometry": {"type": "Point", "coordinates": [-111.2999781887831, 33.29547216651698]}}, {"type": "Feature", "properties": {"PWSID": "AZ0404054", "PWS_Name": "HAYDEN TOWN OF", "Primacy_Agency": "AZ", "Population_Served_Count": 517, "Service_Connections_Count": 305, "Service_Area_Type": "Residential Area", "Verification_Status": "", "Area_SqKM": 3.2501044880865355}, "geometry": {"type": "Point", "coordinates": [-110.7807562909893, 32.994215850101924]}}, {"type": "Feature", "properties": {"PWSID": "AZ0411052", "PWS_Name": "TONTO BASIN WATER - CACTUS FOREST", "Primacy_Agency": "AZ", "Population_Served_Count": 613, "Service_Connections_Count": 263, "Service_Area_Type": "Residential Area", "Verification_Status": "", "Area_SqKM": 3.2233310782155273}, "geometry": {"type": "Point", "coordinates": [-111.32151327216856, 32.95551397766157]}}, {"type": "Feature", "properties": {"PWSID": "AZ0411111", "PWS_Name": "SUN VALLEY FARMS UNIT VI", "Primacy_Agency": "AZ", "Population_Served_Count": 600, "Service_Connections_Count": 227, "Service_Area_Type": "Residential Area", "Verification_Status": "", "Area_SqKM": 2.6848476064419917}, "geometry": {"type": "Point", "coordinates": [-111.51833939982521, 33.20698129980314]}}, {"type": "Feature", "properties": {"PWSID": "AZ0420597", "PWS_Name": "LA CHOLLA AIRPARK", "Primacy_Agency": "AZ", "Population_Served_Count": 250, "Service_Connections_Count": 113, "Service_Area_Type": "Residential Area", "Verification_Status": "", "Area_SqKM": 2.6428406425966346}, "geometry": {"type": "Point", "coordinates": [-111.00156325753115, 32.449366042884854]}}, {"type": "Feature", "properties": {"PWSID": "AZ0411042", "PWS_Name": "PICACHO DWID", "Primacy_Agency": "AZ", "Population_Served_Count": 340, "Service_Connections_Count": 119, "Service_Area_Type": "Residential Area", "Verification_Status": "", "Area_SqKM": 2.600310730309253}, "geometry": {"type": "Point", "coordinates": [-111.5004898000304, 32.713974079898584]}}, {"type": "Feature", "properties": {"PWSID": "AZ0411115", "PWS_Name": "CCA - ELOY COMPLEX", "Primacy_Agency": "AZ", "Population_Served_Count": 8852, "Service_Connections_Count": 4, "Service_Area_Type": "Other Residential", "Verification_Status": "", "Area_SqKM": 2.56631685175578}, "geometry": {"type": "Point", "coordinates": [-111.5257550401064, 32.81564181962346]}}, {"type": "Feature", "properties": {"PWSID": "AZ0411324", "PWS_Name": "INDIAN HILLS ESTATES", "Primacy_Agency": "AZ", "Population_Served_Count": 30, "Service_Connections_Count": 270, "Service_Area_Type": "Mobile Home Park", "Verification_Status": "", "Area_SqKM": 0.2512563572631846}, "geometry": {"type": "Point", "coordinates": [-110.74802167258436, 32.95140503645305]}}, {"type": "Feature", "properties": {"PWSID": "AZ0407286", "PWS_Name": "ALMA RANCHETTES", "Primacy_Agency": "AZ", "Population_Served_Count": 22, "Service_Connections_Count": 11, "Service_Area_Type": "Residential Area", "Verification_Status": "", "Area_SqKM": 0.23201170555609868}, "geometry": {"type": "Point", "coordinates": [-111.85640751430314, 33.2747112570437]}}, {"type": "Feature", "properties": {"PWSID": "AZ0411062", "PWS_Name": "THE OAKS MOBILE HOME PARK", "Primacy_Agency": "AZ", "Population_Served_Count": 180, "Service_Connections_Count": 90, "Service_Area_Type": "Mobile Home Park", "Verification_Status": "", "Area_SqKM": 0.22650520542772307}, "geometry": {"type": "Point", "coordinates": [-111.84413001409457, 33.28260547139838]}}, {"type": "Feature", "properties": {"PWSID": "AZ0420443", "PWS_Name": "FAR HORIZONS EAST MHP", "Primacy_Agency": "AZ", "Population_Served_Count": 870, "Service_Connections_Count": 932, "Service_Area_Type": "Mobile Home Park", "Verification_Status": "", "Area_SqKM": 0.22039550321966087}, "geometry": {"type": "Point", "coordinates": [-110.8288187199962, 32.23074318993234]}}, {"type": "Feature", "properties": {"PWSID": "AZ0410187", "PWS_Name": "FEDERAL CORRECTIONAL INST", "Primacy_Agency": "AZ", "Population_Served_Count": 350, "Service_Connections_Count": 27, "Service_Area_Type": "Residential Area", "Verification_Status": "", "Area_SqKM": 0.19497278142878344}, "geometry": {"type": "Point", "coordinates": [-110.85537886244238, 32.09033470004561]}}, {"type": "Feature", "properties": {"PWSID": "AZ0410242", "PWS_Name": "SIETE CASAS JOINT VENTURE", "Primacy_Agency": "AZ", "Population_Served_Count": 25, "Service_Connections_Count": 19, "Service_Area_Type": "Residential Area", "Verification_Status": "", "Area_SqKM": 0.1704144577062317}, "geometry": {"type": "Point", "coordinates": [-111.06665697130757, 32.342744414030385]}}, {"type": "Feature", "properties": {"PWSID": "AZ0407296", "PWS_Name": "GERMANN WATER", "Primacy_Agency": "AZ", "Population_Served_Count": 0, "Service_Connections_Count": 1, "Service_Area_Type": "Residential Area", "Verification_Status": "", "Area_SqKM": 0.16016997289862073}, "geometry": {"type": "Point", "coordinates": [-111.85346689988201, 33.27830024279388]}}, {"type": "Feature", "properties": {"PWSID": "AZ0411334", "PWS_Name": "SUNLAND WATER COMPANY", "Primacy_Agency": "AZ", "Population_Served_Count": 227, "Service_Connections_Count": 91, "Service_Area_Type": "Residential Area", "Verification_Status": "", "Area_SqKM": 0.15827471992847686}, "geometry": {"type": "Point", "coordinates": [-111.69117213938321, 32.73152127985922]}}, {"type": "Feature", "properties": {"PWSID": "AZ0420439", "PWS_Name": "VISTA DEL NORTE MHP", "Primacy_Agency": "AZ", "Population_Served_Count": 521, "Service_Connections_Count": 294, "Service_Area_Type": "Mobile Home Park", "Verification_Status": "", "Area_SqKM": 0.1522233121823448}, "geometry": {"type": "Point", "coordinates": [-110.9550113801484, 32.2852533401592]}}, {"type": "Feature", "properties": {"PWSID": "AZ0404104", "PWS_Name": "W RANCH RESORT", "Primacy_Agency": "AZ", "Population_Served_Count": 200, "Service_Connections_Count": 145, "Service_Area_Type": "Mobile Home Park", "Verification_Status": "", "Area_SqKM": 0.3599705014848759}, "geometry": {"type": "Point", "coordinates": [-111.2535786284637, 34.25551320739542]}}, {"type": "Feature", "properties": {"PWSID": "AZ0409343", "PWS_Name": "HEBER DWID - BLACK CANYON SUBDIVISION", "Primacy_Agency": "AZ", "Population_Served_Count": 103, "Service_Connections_Count": 40, "Service_Area_Type": "Other Area", "Verification_Status": "", "Area_SqKM": 0.25497566962170004}, "geometry": {"type": "Point", "coordinates": [-110.93883306656498, 34.28702830003031]}}, {"type": "Feature", "properties": {"PWSID": "AZ0413038", "PWS_Name": "CS LAKE VERDE WATER COMPANY", "Primacy_Agency": "AZ", "Population_Served_Count": 169, "Service_Connections_Count": 66, "Service_Area_Type": "Residential Area", "Verification_Status": "", "Area_SqKM": 8.286356787766158}, "geometry": {"type": "Point", "coordinates": [-111.83978557510875, 34.51214022487608]}}, {"type": "Feature", "properties": {"PWSID": "AZ0404036", "PWS_Name": "TONTO BASIN WATER ROOSEVELT LAKE ESTATES", "Primacy_Agency": "AZ", "Population_Served_Count": 508, "Service_Connections_Count": 218, "Service_Area_Type": "Residential Area", "Verification_Status": "", "Area_SqKM": 8.011480246864485}, "geometry": {"type": "Point", "coordinates": [-111.12128543649044, 33.66535665983897]}}, {"type": "Feature", "properties": {"PWSID": "AZ0407179", "PWS_Name": "GW -BWC, INC.- NSWC", "Primacy_Agency": "AZ", "Population_Served_Count": 319, "Service_Connections_Count": 107, "Service_Area_Type": "Residential Area", "Verification_Status": "", "Area_SqKM": 1.9285322372145774}, "geometry": {"type": "Point", "coordinates": [-111.76450083997119, 33.75739726010952]}}, {"type": "Feature", "properties": {"PWSID": "AZ0407076", "PWS_Name": "TONTO HILLS DWID", "Primacy_Agency": "AZ", "Population_Served_Count": 350, "Service_Connections_Count": 150, "Service_Area_Type": "Residential Area", "Verification_Status": "", "Area_SqKM": 1.781399119256112}, "geometry": {"type": "Point", "coordinates": [-111.82997841411283, 33.86949445978011]}}, {"type": "Feature", "properties": {"PWSID": "AZ0404047", "PWS_Name": "TONTO BASIN WATER - LR GARDENS WEST", "Primacy_Agency": "AZ", "Population_Served_Count": 1172, "Service_Connections_Count": 503, "Service_Area_Type": "Residential Area", "Verification_Status": "", "Area_SqKM": 0.4038495724650095}, "geometry": {"type": "Point", "coordinates": [-111.30308842942553, 33.84485660571193]}}, {"type": "Feature", "properties": {"PWSID": "AZ0404083", "PWS_Name": "ARROYO WATER COMPANY", "Primacy_Agency": "AZ", "Population_Served_Count": 150, "Service_Connections_Count": 190, "Service_Area_Type": "Residential Area", "Verification_Status": "", "Area_SqKM": 0.25044324739472085}, "geometry": {"type": "Point", "coordinates": [-111.29807379980667, 33.86880696641302]}}, {"type": "Feature", "properties": {"PWSID": "AZ0404022", "PWS_Name": "LAKE ROOSEVELT GARDENS EAST", "Primacy_Agency": "AZ", "Population_Served_Count": 121, "Service_Connections_Count": 52, "Service_Area_Type": "Residential Area", "Verification_Status": "", "Area_SqKM": 0.20910199855629377}, "geometry": {"type": "Point", "coordinates": [-111.26981806912669, 33.816686715312805]}}, {"type": "Feature", "properties": {"PWSID": "AZ0404200", "PWS_Name": "ROOSEVELT RESORT LLC", "Primacy_Agency": "AZ", "Population_Served_Count": 139, "Service_Connections_Count": 154, "Service_Area_Type": "Other Residential", "Verification_Status": "", "Area_SqKM": 0.17510203643226677}, "geometry": {"type": "Point", "coordinates": [-110.99822766688368, 33.606440110954814]}}, {"type": "Feature", "properties": {"PWSID": "AZ0404049", "PWS_Name": "NORTH BAY ESTATES", "Primacy_Agency": "AZ", "Population_Served_Count": 156, "Service_Connections_Count": 67, "Service_Area_Type": "Residential Area", "Verification_Status": "", "Area_SqKM": 0.16274209894893243}, "geometry": {"type": "Point", "coordinates": [-111.25026206020259, 33.7997396200256]}}, {"type": "Feature", "properties": {"PWSID": "AZ0404029", "PWS_Name": "JAKES CORNER WATER SYSTEM", "Primacy_Agency": "AZ", "Population_Served_Count": 35, "Service_Connections_Count": 20, "Service_Area_Type": "Mobile Home Park", "Verification_Status": "", "Area_SqKM": 0.07540149887070044}, "geometry": {"type": "Point", "coordinates": [-111.31931605719872, 34.00906622862824]}}, {"type": "Feature", "properties": {"PWSID": "AZ0404341", "PWS_Name": "QUAIL RUN WATER SYSTEM", "Primacy_Agency": "AZ", "Population_Served_Count": 300, "Service_Connections_Count": 84, "Service_Area_Type": "Residential Area", "Verification_Status": "", "Area_SqKM": 0.04624594948432006}, "geometry": {"type": "Point", "coordinates": [-111.00693303765712, 33.60401653752815]}}, {"type": "Feature", "properties": {"PWSID": "AZ0404032", "PWS_Name": "PAYSON TOWN OF", "Primacy_Agency": "AZ", "Population_Served_Count": 17682, "Service_Connections_Count": 7688, "Service_Area_Type": "Residential Area", "Verification_Status": "", "Area_SqKM": 52.649976262240294}, "geometry": {"type": "Point", "coordinates": [-111.31957346070021, 34.246303613028694]}}, {"type": "Feature", "properties": {"PWSID": "AZ0404034", "PWS_Name": "PINE STRAWBERRY WID", "Primacy_Agency": "AZ", "Population_Served_Count": 8013, "Service_Connections_Count": 3260, "Service_Area_Type": "Residential Area", "Verification_Status": "", "Area_SqKM": 23.25480602225306}, "geometry": {"type": "Point", "coordinates": [-111.49615866517247, 34.40344226522725]}}, {"type": "Feature", "properties": {"PWSID": "AZ0404016", "PWS_Name": "PINE WATER ASSOCIATION DWID", "Primacy_Agency": "AZ", "Population_Served_Count": 400, "Service_Connections_Count": 58, "Service_Area_Type": "Residential Area", "Verification_Status": "", "Area_SqKM": 9.892589002985705}, "geometry": {"type": "Point", "coordinates": [-111.47363007056265, 34.398471526144284]}}, {"type": "Feature", "properties": {"PWSID": "AZ0404035", "PWS_Name": "RIM TRAIL DWID", "Primacy_Agency": "AZ", "Population_Served_Count": 200, "Service_Connections_Count": 95, "Service_Area_Type": "Residential Area", "Verification_Status": "", "Area_SqKM": 5.150234472282294}, "geometry": {"type": "Point", "coordinates": [-111.2680575999224, 34.415802059959034]}}, {"type": "Feature", "properties": {"PWSID": "AZ0404028", "PWS_Name": "GERONIMO ESTATES", "Primacy_Agency": "AZ", "Population_Served_Count": 212, "Service_Connections_Count": 91, "Service_Area_Type": "Residential Area", "Verification_Status": "", "Area_SqKM": 1.0380693993580146}, "geometry": {"type": "Point", "coordinates": [-111.35851129998312, 34.367608200045794]}}, {"type": "Feature", "properties": {"PWSID": "AZ0404024", "PWS_Name": "BONITA CREEK WATER COMPANY", "Primacy_Agency": "AZ", "Population_Served_Count": 65, "Service_Connections_Count": 65, "Service_Area_Type": "Recreation Area", "Verification_Status": "", "Area_SqKM": 0.8592311305324583}, "geometry": {"type": "Point", "coordinates": [-111.22511035560055, 34.37819605574438]}}, {"type": "Feature", "properties": {"PWSID": "AZ0404039", "PWS_Name": "PAYSON WATER - WHISPERING PINES", "Primacy_Agency": "AZ", "Population_Served_Count": 403, "Service_Connections_Count": 173, "Service_Area_Type": "Residential Area", "Verification_Status": "", "Area_SqKM": 0.660242206921004}, "geometry": {"type": "Point", "coordinates": [-111.28361838818641, 34.372881711783876]}}, {"type": "Feature", "properties": {"PWSID": "AZ0404346", "PWS_Name": "GISELA", "Primacy_Agency": "AZ", "Population_Served_Count": 508, "Service_Connections_Count": 218, "Service_Area_Type": "Residential Area", "Verification_Status": "", "Area_SqKM": 0.6305823973298655}, "geometry": {"type": "Point", "coordinates": [-111.28375745272926, 34.097464641953785]}}, {"type": "Feature", "properties": {"PWSID": "AZ0404030", "PWS_Name": "PAYSON WATER - MESA DE CABALLO", "Primacy_Agency": "AZ", "Population_Served_Count": 976, "Service_Connections_Count": 419, "Service_Area_Type": "Residential Area", "Verification_Status": "", "Area_SqKM": 0.545959544930925}, "geometry": {"type": "Point", "coordinates": [-111.29532811257812, 34.28630376262661]}}, {"type": "Feature", "properties": {"PWSID": "AZ0413106", "PWS_Name": "COTTONWOOD MUNICIPAL WATER VV6", "Primacy_Agency": "AZ", "Population_Served_Count": 4509, "Service_Connections_Count": 1830, "Service_Area_Type": "Residential Area", "Verification_Status": "", "Area_SqKM": 3.331082979258651}, "geometry": {"type": "Point", "coordinates": [-112.0163693909529, 34.711914718122394]}}, {"type": "Feature", "properties": {"PWSID": "AZ0413104", "PWS_Name": "COTTONWOOD MUNICIPAL WATER VV2", "Primacy_Agency": "AZ", "Population_Served_Count": 2895, "Service_Connections_Count": 1258, "Service_Area_Type": "Residential Area", "Verification_Status": "", "Area_SqKM": 2.247718127452799}, "geometry": {"type": "Point", "coordinates": [-111.98076289644897, 34.70438404289116]}}, {"type": "Feature", "properties": {"PWSID": "AZ0413164", "PWS_Name": "COTTONWOOD MUNICIPAL WATER VSF1", "Primacy_Agency": "AZ", "Population_Served_Count": 2194, "Service_Connections_Count": 954, "Service_Area_Type": "Residential Area", "Verification_Status": "", "Area_SqKM": 1.4475599739224259}, "geometry": {"type": "Point", "coordinates": [-111.96898334998734, 34.725327266795816]}}, {"type": "Feature", "properties": {"PWSID": "AZ0413105", "PWS_Name": "COTTONWOOD MUNICIPAL WATER VV3", "Primacy_Agency": "AZ", "Population_Served_Count": 1458, "Service_Connections_Count": 634, "Service_Area_Type": "Residential Area", "Verification_Status": "", "Area_SqKM": 0.8893076726449521}, "geometry": {"type": "Point", "coordinates": [-111.98973818604772, 34.69790572860594]}}, {"type": "Feature", "properties": {"PWSID": "AZ0413042", "PWS_Name": "OAK CREEK PUBLIC SERVICE LLC", "Primacy_Agency": "AZ", "Population_Served_Count": 650, "Service_Connections_Count": 260, "Service_Area_Type": "Residential Area", "Verification_Status": "", "Area_SqKM": 0.5647685508079664}, "geometry": {"type": "Point", "coordinates": [-111.90700931069136, 34.69053528216911]}}, {"type": "Feature", "properties": {"PWSID": "AZ0413121", "PWS_Name": "OAK CREEK VALLEY", "Primacy_Agency": "AZ", "Population_Served_Count": 450, "Service_Connections_Count": 160, "Service_Area_Type": "Residential Area", "Verification_Status": "", "Area_SqKM": 0.4826843723424852}, "geometry": {"type": "Point", "coordinates": [-111.91154279378462, 34.74557763751702]}}, {"type": "Feature", "properties": {"PWSID": "AZ0413268", "PWS_Name": "ON THE GREENS", "Primacy_Agency": "AZ", "Population_Served_Count": 173, "Service_Connections_Count": 178, "Service_Area_Type": "Subdivision", "Verification_Status": "", "Area_SqKM": 0.4091922788039799}, "geometry": {"type": "Point", "coordinates": [-112.03896163870539, 34.75143076127019]}}, {"type": "Feature", "properties": {"PWSID": "AZ0413060", "PWS_Name": "COTTONWOOD MUNICIPAL WATER VV 1", "Primacy_Agency": "AZ", "Population_Served_Count": 785, "Service_Connections_Count": 341, "Service_Area_Type": "Residential Area", "Verification_Status": "", "Area_SqKM": 0.2427084262458757}, "geometry": {"type": "Point", "coordinates": [-111.96315538979361, 34.69795515013073]}}, {"type": "Feature", "properties": {"PWSID": "AZ0413127", "PWS_Name": "VERDE VALLEY MANOR", "Primacy_Agency": "AZ", "Population_Served_Count": 275, "Service_Connections_Count": 100, "Service_Area_Type": "Residential Area", "Verification_Status": "", "Area_SqKM": 0.20670476272236846}, "geometry": {"type": "Point", "coordinates": [-111.98726714303415, 34.70552958565039]}}, {"type": "Feature", "properties": {"PWSID": "AZ0413425", "PWS_Name": "RIO VERDE RV PARK", "Primacy_Agency": "AZ", "Population_Served_Count": 90, "Service_Connections_Count": 86, "Service_Area_Type": "Recreation Area", "Verification_Status": "", "Area_SqKM": 0.11941300657305545}, "geometry": {"type": "Point", "coordinates": [-111.99022348342716, 34.723562383146536]}}, {"type": "Feature", "properties": {"PWSID": "AZ0413340", "PWS_Name": "RAINBOW ACRES", "Primacy_Agency": "AZ", "Population_Served_Count": 150, "Service_Connections_Count": 25, "Service_Area_Type": "Institution", "Verification_Status": "", "Area_SqKM": 0.10939206694077985}, "geometry": {"type": "Point", "coordinates": [-111.88821128335542, 34.62174540003506]}}, {"type": "Feature", "properties": {"PWSID": "AZ0413423", "PWS_Name": "C-OASIS PARK", "Primacy_Agency": "AZ", "Population_Served_Count": 54, "Service_Connections_Count": 27, "Service_Area_Type": "Mobile Home Park", "Verification_Status": "", "Area_SqKM": 0.008497415525722059}, "geometry": {"type": "Point", "coordinates": [-111.9983356400096, 34.72179737997244]}}, {"type": "Feature", "properties": {"PWSID": "AZ0413267", "PWS_Name": "BENT RIVER APT ENCHANTMENT RESORT", "Primacy_Agency": "AZ", "Population_Served_Count": 50, "Service_Connections_Count": 24, "Service_Area_Type": "Residential Area", "Verification_Status": "", "Area_SqKM": 0.007377041795179895}, "geometry": {"type": "Point", "coordinates": [-112.03590698335849, 34.75866353321422]}}, {"type": "Feature", "properties": {"PWSID": "AZ0403032", "PWS_Name": "FOREST LAKES WATER IMPROVEMENT DISTRICT", "Primacy_Agency": "AZ", "Population_Served_Count": 1746, "Service_Connections_Count": 906, "Service_Area_Type": "Residential Area", "Verification_Status": "", "Area_SqKM": 4.954109282179024}, "geometry": {"type": "Point", "coordinates": [-110.80372234218744, 34.33855175093299]}}, {"type": "Feature", "properties": {"PWSID": "AZ0404038", "PWS_Name": "CS GARDNER WATER COMPANY", "Primacy_Agency": "AZ", "Population_Served_Count": 266, "Service_Connections_Count": 104, "Service_Area_Type": "Residential Area", "Verification_Status": "", "Area_SqKM": 2.032810669413623}, "geometry": {"type": "Point", "coordinates": [-110.89755057697373, 34.26363801921777]}}, {"type": "Feature", "properties": {"PWSID": "AZ0413072", "PWS_Name": "TOWN OF CAMP VERDE - VERDE RIVER ESTATES", "Primacy_Agency": "AZ", "Population_Served_Count": 145, "Service_Connections_Count": 58, "Service_Area_Type": "Residential Area", "Verification_Status": "", "Area_SqKM": 16.178424577308267}, "geometry": {"type": "Point", "coordinates": [-111.83201932172877, 34.52368554325511]}}, {"type": "Feature", "properties": {"PWSID": "AZ0413015", "PWS_Name": "TOWN OF CAMP VERDE UTILITIES", "Primacy_Agency": "AZ", "Population_Served_Count": 5013, "Service_Connections_Count": 2005, "Service_Area_Type": "Residential Area", "Verification_Status": "", "Area_SqKM": 65.10190068042179}, "geometry": {"type": "Point", "coordinates": [-111.85856708499759, 34.56327804774392]}}, {"type": "Feature", "properties": {"PWSID": "AZ0413059", "PWS_Name": "VERDE LAKES WATER - DINKY CREEK", "Primacy_Agency": "AZ", "Population_Served_Count": 875, "Service_Connections_Count": 350, "Service_Area_Type": "Residential Area", "Verification_Status": "", "Area_SqKM": 1.9163223635488664}, "geometry": {"type": "Point", "coordinates": [-111.78566029137826, 34.52806456523286]}}, {"type": "Feature", "properties": {"PWSID": "AZ0413130", "PWS_Name": "VERDE LAKES WATER - BIG VALLEY", "Primacy_Agency": "AZ", "Population_Served_Count": 870, "Service_Connections_Count": 497, "Service_Area_Type": "Residential Area", "Verification_Status": "", "Area_SqKM": 1.1725752620965182}, "geometry": {"type": "Point", "coordinates": [-111.77879649170599, 34.521616925108994]}}, {"type": "Feature", "properties": {"PWSID": "AZ0413378", "PWS_Name": "WHITE HILLS TRAILER PARK", "Primacy_Agency": "AZ", "Population_Served_Count": 150, "Service_Connections_Count": 73, "Service_Area_Type": "Residential Area", "Verification_Status": "", "Area_SqKM": 0.1190695239855236}, "geometry": {"type": "Point", "coordinates": [-111.8149934500251, 34.52285377010445]}}, {"type": "Feature", "properties": {"PWSID": "AZ0413415", "PWS_Name": "CLEAR CREEK MOBILE HOME", "Primacy_Agency": "AZ", "Population_Served_Count": 25, "Service_Connections_Count": 33, "Service_Area_Type": "Mobile Home Park", "Verification_Status": "", "Area_SqKM": 0.015544373649506718}, "geometry": {"type": "Point", "coordinates": [-111.77679584006721, 34.5213101802555]}}, {"type": "Feature", "properties": {"PWSID": "AZ0403087", "PWS_Name": "A1 RANCH DWID", "Primacy_Agency": "AZ", "Population_Served_Count": 45, "Service_Connections_Count": 24, "Service_Area_Type": "Homeowners Association", "Verification_Status": "", "Area_SqKM": 3.3754207698100887}, "geometry": {"type": "Point", "coordinates": [-111.81776691246917, 35.23451879426354]}}, {"type": "Feature", "properties": {"PWSID": "AZ0403175", "PWS_Name": "LOCKETT ESTATES", "Primacy_Agency": "AZ", "Population_Served_Count": 30, "Service_Connections_Count": 14, "Service_Area_Type": "Homeowners Association", "Verification_Status": "", "Area_SqKM": 0.04819356730022031}, "geometry": {"type": "Point", "coordinates": [-111.46759858531111, 34.910613982944675]}}, {"type": "Feature", "properties": {"PWSID": "AZ0403008", "PWS_Name": "FLAGSTAFF CITY OF", "Primacy_Agency": "AZ", "Population_Served_Count": 76960, "Service_Connections_Count": 23869, "Service_Area_Type": "Residential Area", "Verification_Status": "", "Area_SqKM": 169.6289174294929}, "geometry": {"type": "Point", "coordinates": [-111.63739811026434, 35.194115551448334]}}, {"type": "Feature", "properties": {"PWSID": "AZ0403005", "PWS_Name": "DONEY PARK WATER", "Primacy_Agency": "AZ", "Population_Served_Count": 8996, "Service_Connections_Count": 3611, "Service_Area_Type": "Residential Area", "Verification_Status": "", "Area_SqKM": 112.73247208788429}, "geometry": {"type": "Point", "coordinates": [-111.49807353470011, 35.274660696587944]}}, {"type": "Feature", "properties": {"PWSID": "AZ0403003", "PWS_Name": "ARIZONA WATER CO - SEDONA", "Primacy_Agency": "AZ", "Population_Served_Count": 12104, "Service_Connections_Count": 6181, "Service_Area_Type": "Residential Area", "Verification_Status": "", "Area_SqKM": 45.98412304503287}, "geometry": {"type": "Point", "coordinates": [-111.8050958929521, 34.85359122739651]}}, {"type": "Feature", "properties": {"PWSID": "AZ0403002", "PWS_Name": "ARIZONA WATER CO - PINEWOOD", "Primacy_Agency": "AZ", "Population_Served_Count": 8089, "Service_Connections_Count": 3007, "Service_Area_Type": "Residential Area", "Verification_Status": "", "Area_SqKM": 22.727067040363707}, "geometry": {"type": "Point", "coordinates": [-111.65481846320509, 34.94290644859948]}}, {"type": "Feature", "properties": {"PWSID": "AZ0403063", "PWS_Name": "BLUE RIDGE DWID", "Primacy_Agency": "AZ", "Population_Served_Count": 1920, "Service_Connections_Count": 822, "Service_Area_Type": "Subdivision", "Verification_Status": "", "Area_SqKM": 13.339899202793314}, "geometry": {"type": "Point", "coordinates": [-111.11224421425344, 34.62925520005504]}}, {"type": "Feature", "properties": {"PWSID": "AZ0403018", "PWS_Name": "PONDEROSA UTILITY CORP", "Primacy_Agency": "AZ", "Population_Served_Count": 1585, "Service_Connections_Count": 691, "Service_Area_Type": "Residential Area", "Verification_Status": "", "Area_SqKM": 2.9416326152200107}, "geometry": {"type": "Point", "coordinates": [-111.6680191443669, 35.09355359725586]}}, {"type": "Feature", "properties": {"PWSID": "AZ0413075", "PWS_Name": "LITTLE PARK WATER COMPANY", "Primacy_Agency": "AZ", "Population_Served_Count": 239, "Service_Connections_Count": 112, "Service_Area_Type": "Residential Area", "Verification_Status": "", "Area_SqKM": 1.6361617872142198}, "geometry": {"type": "Point", "coordinates": [-111.79112770745765, 34.79833185010002]}}, {"type": "Feature", "properties": {"PWSID": "AZ0413041", "PWS_Name": "OAK CREEK WATER DISTRICT", "Primacy_Agency": "AZ", "Population_Served_Count": 1507, "Service_Connections_Count": 755, "Service_Area_Type": "Residential Area", "Verification_Status": "", "Area_SqKM": 1.0896342224441393}, "geometry": {"type": "Point", "coordinates": [-111.78506675447274, 34.86066244541205]}}, {"type": "Feature", "properties": {"PWSID": "AZ0413071", "PWS_Name": "MONTEZUMA RIMROCK WATER COMPANY", "Primacy_Agency": "AZ", "Population_Served_Count": 439, "Service_Connections_Count": 244, "Service_Area_Type": "Residential Area", "Verification_Status": "", "Area_SqKM": 1.0873460336052017}, "geometry": {"type": "Point", "coordinates": [-111.7694676157071, 34.64899019463059]}}, {"type": "Feature", "properties": {"PWSID": "AZ0413256", "PWS_Name": "CROSS CREEK RANCH", "Primacy_Agency": "AZ", "Population_Served_Count": 55, "Service_Connections_Count": 43, "Service_Area_Type": "Residential Area", "Verification_Status": "", "Area_SqKM": 0.8680592220066603}, "geometry": {"type": "Point", "coordinates": [-111.83875255987319, 34.81402562787077]}}, {"type": "Feature", "properties": {"PWSID": "AZ0403067", "PWS_Name": "LAKE MARY COUNTRY STORE", "Primacy_Agency": "AZ", "Population_Served_Count": 130, "Service_Connections_Count": 82, "Service_Area_Type": "Mobile Home Park", "Verification_Status": "", "Area_SqKM": 0.651688792957636}, "geometry": {"type": "Point", "coordinates": [-111.5942472402202, 35.1127721800645]}}, {"type": "Feature", "properties": {"PWSID": "AZ0403024", "PWS_Name": "TALL PINES ESTATES WATER", "Primacy_Agency": "AZ", "Population_Served_Count": 156, "Service_Connections_Count": 75, "Service_Area_Type": "Subdivision", "Verification_Status": "", "Area_SqKM": 0.641644016171177}, "geometry": {"type": "Point", "coordinates": [-111.45097338573127, 34.910763757096845]}}, {"type": "Feature", "properties": {"PWSID": "AZ0413103", "PWS_Name": "PINE VALLEY WATER COMPANY", "Primacy_Agency": "AZ", "Population_Served_Count": 400, "Service_Connections_Count": 185, "Service_Area_Type": "Residential Area", "Verification_Status": "", "Area_SqKM": 0.633046310220951}, "geometry": {"type": "Point", "coordinates": [-111.72175996655778, 34.79379266675518]}}, {"type": "Feature", "properties": {"PWSID": "AZ0413108", "PWS_Name": "SEDONA VENTURE WATER COMPANY", "Primacy_Agency": "AZ", "Population_Served_Count": 480, "Service_Connections_Count": 280, "Service_Area_Type": "Subdivision", "Verification_Status": "", "Area_SqKM": 0.48100061495536217}, "geometry": {"type": "Point", "coordinates": [-111.8685833099632, 34.84386454998426]}}, {"type": "Feature", "properties": {"PWSID": "AZ0413190", "PWS_Name": "MONTEZUMA HEIGHTS WATER", "Primacy_Agency": "AZ", "Population_Served_Count": 60, "Service_Connections_Count": 43, "Service_Area_Type": "Residential Area", "Verification_Status": "", "Area_SqKM": 0.46118290822559443}, "geometry": {"type": "Point", "coordinates": [-111.86722625002166, 34.60489336671389]}}, {"type": "Feature", "properties": {"PWSID": "AZ0413028", "PWS_Name": "CUP OF GOLD WATER COMPANY", "Primacy_Agency": "AZ", "Population_Served_Count": 42, "Service_Connections_Count": 29, "Service_Area_Type": "Residential Area", "Verification_Status": "", "Area_SqKM": 0.4565299928490119}, "geometry": {"type": "Point", "coordinates": [-111.843727912413, 34.81344951235614]}}, {"type": "Feature", "properties": {"PWSID": "AZ0403011", "PWS_Name": "HECKETHORN WATER COMPANY", "Primacy_Agency": "AZ", "Population_Served_Count": 90, "Service_Connections_Count": 45, "Service_Area_Type": "Residential Area", "Verification_Status": "", "Area_SqKM": 0.2730895690529656}, "geometry": {"type": "Point", "coordinates": [-111.60999057628506, 35.13455630597998]}}, {"type": "Feature", "properties": {"PWSID": "AZ0403021", "PWS_Name": "CS WEST VILLAGE WATER COMPANY", "Primacy_Agency": "AZ", "Population_Served_Count": 210, "Service_Connections_Count": 56, "Service_Area_Type": "Residential Area", "Verification_Status": "", "Area_SqKM": 0.17241848017025266}, "geometry": {"type": "Point", "coordinates": [-111.6776208001772, 35.1903359799361]}}, {"type": "Feature", "properties": {"PWSID": "AZ0403015", "PWS_Name": "MOUNTAIN DELL WATER INC", "Primacy_Agency": "AZ", "Population_Served_Count": 250, "Service_Connections_Count": 86, "Service_Area_Type": "Residential Area", "Verification_Status": "", "Area_SqKM": 0.1645292502172852}, "geometry": {"type": "Point", "coordinates": [-111.6818364001288, 35.16408873989144]}}, {"type": "Feature", "properties": {"PWSID": "AZ0413351", "PWS_Name": "BEAVER CREEK STORE", "Primacy_Agency": "AZ", "Population_Served_Count": 100, "Service_Connections_Count": 28, "Service_Area_Type": "Mobile Home Park", "Verification_Status": "", "Area_SqKM": 0.14910044583501234}, "geometry": {"type": "Point", "coordinates": [-111.81466165022313, 34.63781096269172]}}, {"type": "Feature", "properties": {"PWSID": "AZ0413109", "PWS_Name": "MICHAELS RANCH WATER USERS ASSOCIATION", "Primacy_Agency": "AZ", "Population_Served_Count": 54, "Service_Connections_Count": 27, "Service_Area_Type": "Residential Area", "Verification_Status": "", "Area_SqKM": 0.14061607982109003}, "geometry": {"type": "Point", "coordinates": [-111.8570697832585, 34.829126750041716]}}, {"type": "Feature", "properties": {"PWSID": "AZ0403004", "PWS_Name": "OAK CREEK UTILITY CORP", "Primacy_Agency": "AZ", "Population_Served_Count": 72, "Service_Connections_Count": 34, "Service_Area_Type": "Other Residential", "Verification_Status": "", "Area_SqKM": 0.13546824161088802}, "geometry": {"type": "Point", "coordinates": [-111.72772798338667, 34.91312769994227]}}, {"type": "Feature", "properties": {"PWSID": "AZ0413016", "PWS_Name": "CATHEDRAL VISTA WATER COMPANY", "Primacy_Agency": "AZ", "Population_Served_Count": 106, "Service_Connections_Count": 59, "Service_Area_Type": "Residential Area", "Verification_Status": "", "Area_SqKM": 0.13428793183950544}, "geometry": {"type": "Point", "coordinates": [-111.80788792003759, 34.83134655000992]}}, {"type": "Feature", "properties": {"PWSID": "AZ0413373", "PWS_Name": "SUNSET MOBILE HOME PARK", "Primacy_Agency": "AZ", "Population_Served_Count": 250, "Service_Connections_Count": 196, "Service_Area_Type": "Mobile Home Park", "Verification_Status": "", "Area_SqKM": 0.1042392221172019}, "geometry": {"type": "Point", "coordinates": [-111.79801621389159, 34.861770385946116]}}, {"type": "Feature", "properties": {"PWSID": "AZ0403362", "PWS_Name": "HIDDEN HOLLOW MHC", "Primacy_Agency": "AZ", "Population_Served_Count": 400, "Service_Connections_Count": 120, "Service_Area_Type": "Mobile Home Park", "Verification_Status": "", "Area_SqKM": 0.050851798398311776}, "geometry": {"type": "Point", "coordinates": [-111.68873081434629, 35.19046870001957]}}, {"type": "Feature", "properties": {"PWSID": "AZ0403300", "PWS_Name": "UTILITY SOURCE LLC", "Primacy_Agency": "AZ", "Population_Served_Count": 1710, "Service_Connections_Count": 659, "Service_Area_Type": "Restaurant", "Verification_Status": "", "Area_SqKM": 0.04890127676843165}, "geometry": {"type": "Point", "coordinates": [-111.82170612834872, 35.23897677151821]}}, {"type": "Feature", "properties": {"PWSID": "AZ0413348", "PWS_Name": "GREEN VALLEY MHP", "Primacy_Agency": "AZ", "Population_Served_Count": 190, "Service_Connections_Count": 76, "Service_Area_Type": "Mobile Home Park", "Verification_Status": "", "Area_SqKM": 0.0493666660568604}, "geometry": {"type": "Point", "coordinates": [-111.873486233516, 34.60112756661505]}}, {"type": "Feature", "properties": {"PWSID": "AZ0413119", "PWS_Name": "CATHEDRAL ROCK ESTATES WATER COOP", "Primacy_Agency": "AZ", "Population_Served_Count": 19, "Service_Connections_Count": 18, "Service_Area_Type": "Residential Area", "Verification_Status": "", "Area_SqKM": 0.04756632875830494}, "geometry": {"type": "Point", "coordinates": [-111.81827475012834, 34.822563433456935]}}, {"type": "Feature", "properties": {"PWSID": "AZ0403081", "PWS_Name": "LIVING SPRINGS MHP - RAINBOW TROUT FARM", "Primacy_Agency": "AZ", "Population_Served_Count": 100, "Service_Connections_Count": 71, "Service_Area_Type": "Other Transient Area", "Verification_Status": "", "Area_SqKM": 0.03229699508919669}, "geometry": {"type": "Point", "coordinates": [-111.72685627132486, 34.90346458584647]}}, {"type": "Feature", "properties": {"PWSID": "AZ0413074", "PWS_Name": "RED ROCK CROSSING MOBILE VILLAGE", "Primacy_Agency": "AZ", "Population_Served_Count": 50, "Service_Connections_Count": 35, "Service_Area_Type": "Mobile Home Park", "Verification_Status": "", "Area_SqKM": 0.02671880532088822}, "geometry": {"type": "Point", "coordinates": [-111.80933064286071, 34.82625474282326]}}, {"type": "Feature", "properties": {"PWSID": "AZ0403017", "PWS_Name": "PAGE CITY OF", "Primacy_Agency": "AZ", "Population_Served_Count": 7420, "Service_Connections_Count": 3058, "Service_Area_Type": "Residential Area", "Verification_Status": "", "Area_SqKM": 38.00498181569942}, "geometry": {"type": "Point", "coordinates": [-111.47968508377204, 36.9106350160061]}}, {"type": "Feature", "properties": {"PWSID": "AZ0403712", "PWS_Name": "GLEN CANYON NRA WAHWEAP", "Primacy_Agency": "AZ", "Population_Served_Count": 4439, "Service_Connections_Count": 269, "Service_Area_Type": "Other Residential", "Verification_Status": "", "Area_SqKM": 2.241737729005413}, "geometry": {"type": "Point", "coordinates": [-111.49276645216156, 36.99359501203246]}}, {"type": "Feature", "properties": {"PWSID": "AZ0403037", "PWS_Name": "GREENEHAVEN WATER COMPANY", "Primacy_Agency": "AZ", "Population_Served_Count": 807, "Service_Connections_Count": 285, "Service_Area_Type": "Mobile Home Park", "Verification_Status": "", "Area_SqKM": 1.7068136474236277}, "geometry": {"type": "Point", "coordinates": [-111.55672015641639, 36.99452958912144]}}, {"type": "Feature", "properties": {"PWSID": "AZ0403006", "PWS_Name": "CAMERON TRADING POST", "Primacy_Agency": "AZ", "Population_Served_Count": 1270, "Service_Connections_Count": 36, "Service_Area_Type": "Residential Area", "Verification_Status": "", "Area_SqKM": 0.7876799494800378}, "geometry": {"type": "Point", "coordinates": [-111.4166446001319, 35.8769510272316]}}, {"type": "Feature", "properties": {"PWSID": "AZ0401004", "PWS_Name": "EAGAR TOWN OF", "Primacy_Agency": "AZ", "Population_Served_Count": 4590, "Service_Connections_Count": 2154, "Service_Area_Type": "Municipality", "Verification_Status": "", "Area_SqKM": 29.87955630842215}, "geometry": {"type": "Point", "coordinates": [-109.28814488028004, 34.11345645713144]}}, {"type": "Feature", "properties": {"PWSID": "AZ0409017", "PWS_Name": "RETAW WATER COMPANY", "Primacy_Agency": "AZ", "Population_Served_Count": 47, "Service_Connections_Count": 24, "Service_Area_Type": "Secondary Residences", "Verification_Status": "", "Area_SqKM": 1.0416186041695845}, "geometry": {"type": "Point", "coordinates": [-110.02295859792193, 34.19402825495863]}}, {"type": "Feature", "properties": {"PWSID": "AZ0409091", "PWS_Name": "CANYON VISTA ESTATES", "Primacy_Agency": "AZ", "Population_Served_Count": 75, "Service_Connections_Count": 30, "Service_Area_Type": "Subdivision", "Verification_Status": "", "Area_SqKM": 0.33429581428791494}, "geometry": {"type": "Point", "coordinates": [-110.07193586997964, 34.41318449001486]}}, {"type": "Feature", "properties": {"PWSID": "AZ0409003", "PWS_Name": "ARIZONA WATER CO - LAKESIDE", "Primacy_Agency": "AZ", "Population_Served_Count": 12191, "Service_Connections_Count": 4430, "Service_Area_Type": "Residential Area", "Verification_Status": "", "Area_SqKM": 35.881510545065936}, "geometry": {"type": "Point", "coordinates": [-109.98081236765495, 34.152103260430685]}}, {"type": "Feature", "properties": {"PWSID": "AZ0401049", "PWS_Name": "CEDAR GROVE WATER COMPANY", "Primacy_Agency": "AZ", "Population_Served_Count": 1564, "Service_Connections_Count": 523, "Service_Area_Type": "Residential Area", "Verification_Status": "", "Area_SqKM": 20.960284498214016}, "geometry": {"type": "Point", "coordinates": [-109.78038614283666, 34.26716500954525]}}, {"type": "Feature", "properties": {"PWSID": "AZ0401054", "PWS_Name": "VERNON VALLEY WATER SYSTEM", "Primacy_Agency": "AZ", "Population_Served_Count": 54, "Service_Connections_Count": 18, "Service_Area_Type": "Residential Area", "Verification_Status": "", "Area_SqKM": 4.506698979947731}, "geometry": {"type": "Point", "coordinates": [-109.69714575598717, 34.248750912041075]}}, {"type": "Feature", "properties": {"PWSID": "AZ0401047", "PWS_Name": "LORD AZ WATER 2 - WINCHESTER TRAILS", "Primacy_Agency": "AZ", "Population_Served_Count": 1304, "Service_Connections_Count": 436, "Service_Area_Type": "Residential Area", "Verification_Status": "", "Area_SqKM": 4.305675547065557}, "geometry": {"type": "Point", "coordinates": [-109.72178671829792, 34.26040278176937]}}, {"type": "Feature", "properties": {"PWSID": "AZ0409014", "PWS_Name": "HEBER DWID", "Primacy_Agency": "AZ", "Population_Served_Count": 839, "Service_Connections_Count": 325, "Service_Area_Type": "Residential Area", "Verification_Status": "", "Area_SqKM": 2.923150406762099}, "geometry": {"type": "Point", "coordinates": [-110.59680497256655, 34.428853536496156]}}, {"type": "Feature", "properties": {"PWSID": "AZ0409041", "PWS_Name": "PINEDALE DWID", "Primacy_Agency": "AZ", "Population_Served_Count": 376, "Service_Connections_Count": 161, "Service_Area_Type": "Residential Area", "Verification_Status": "", "Area_SqKM": 1.935110761487947}, "geometry": {"type": "Point", "coordinates": [-110.24866248931474, 34.30651852517637]}}, {"type": "Feature", "properties": {"PWSID": "AZ0409305", "PWS_Name": "BUCKSKIN ARTISTS COMMUNITY", "Primacy_Agency": "AZ", "Population_Served_Count": 320, "Service_Connections_Count": 129, "Service_Area_Type": "Residential Area", "Verification_Status": "", "Area_SqKM": 1.293828976529498}, "geometry": {"type": "Point", "coordinates": [-110.59088248884976, 34.40667976725554]}}, {"type": "Feature", "properties": {"PWSID": "AZ0409024", "PWS_Name": "PORTER MOUNTAIN DWID", "Primacy_Agency": "AZ", "Population_Served_Count": 322, "Service_Connections_Count": 140, "Service_Area_Type": "Residential Area", "Verification_Status": "", "Area_SqKM": 0.7378944240429075}, "geometry": {"type": "Point", "coordinates": [-109.91055609349448, 34.20140683333087]}}, {"type": "Feature", "properties": {"PWSID": "AZ0409030", "PWS_Name": "NAVAJO WATER - SUMMER PINES", "Primacy_Agency": "AZ", "Population_Served_Count": 580, "Service_Connections_Count": 249, "Service_Area_Type": "Residential Area", "Verification_Status": "", "Area_SqKM": 0.4374985267090942}, "geometry": {"type": "Point", "coordinates": [-110.07226415013969, 34.2098982187468]}}, {"type": "Feature", "properties": {"PWSID": "AZ0409028", "PWS_Name": "SKY HI DWID", "Primacy_Agency": "AZ", "Population_Served_Count": 377, "Service_Connections_Count": 160, "Service_Area_Type": "Subdivision", "Verification_Status": "", "Area_SqKM": 0.4163519889024312}, "geometry": {"type": "Point", "coordinates": [-109.88964039518218, 34.16137918568182]}}, {"type": "Feature", "properties": {"PWSID": "AZ0401039", "PWS_Name": "OJO BONITO ESTATES DWID", "Primacy_Agency": "AZ", "Population_Served_Count": 54, "Service_Connections_Count": 32, "Service_Area_Type": "Residential Area", "Verification_Status": "", "Area_SqKM": 0.32709478191545655}, "geometry": {"type": "Point", "coordinates": [-109.73235816664055, 34.24246856658678]}}, {"type": "Feature", "properties": {"PWSID": "AZ0402043", "PWS_Name": "MONTE VISTA WATER COMPANY", "Primacy_Agency": "AZ", "Population_Served_Count": 150, "Service_Connections_Count": 50, "Service_Area_Type": "Mobile Home Park", "Verification_Status": "", "Area_SqKM": 0.08364513664718799}, "geometry": {"type": "Point", "coordinates": [-109.58174832868357, 31.391953371083158]}}, {"type": "Feature", "properties": {"PWSID": "AZ0402401", "PWS_Name": "NTM AVIATION", "Primacy_Agency": "AZ", "Population_Served_Count": 47, "Service_Connections_Count": 33, "Service_Area_Type": "Residential Area", "Verification_Status": "", "Area_SqKM": 0.1387185314965135}, "geometry": {"type": "Point", "coordinates": [-109.65595402784211, 31.600920608986304]}}, {"type": "Feature", "properties": {"PWSID": "AZ0410405", "PWS_Name": "KAHLUA WELL COOP", "Primacy_Agency": "AZ", "Population_Served_Count": 87, "Service_Connections_Count": 33, "Service_Area_Type": "Residential Area", "Verification_Status": "", "Area_SqKM": 0.1465627943596916}, "geometry": {"type": "Point", "coordinates": [-110.70718074275915, 32.08457761445893]}}, {"type": "Feature", "properties": {"PWSID": "AZ0410311", "PWS_Name": "SUPERSTITION WATER COOP", "Primacy_Agency": "AZ", "Population_Served_Count": 45, "Service_Connections_Count": 18, "Service_Area_Type": "Residential Area", "Verification_Status": "", "Area_SqKM": 0.1491706810331487}, "geometry": {"type": "Point", "coordinates": [-110.70349424278443, 32.072245742779515]}}, {"type": "Feature", "properties": {"PWSID": "AZ0410008", "PWS_Name": "POCKETKNIFE WATER COOP", "Primacy_Agency": "AZ", "Population_Served_Count": 65, "Service_Connections_Count": 34, "Service_Area_Type": "Residential Area", "Verification_Status": "", "Area_SqKM": 0.16501117845834276}, "geometry": {"type": "Point", "coordinates": [-110.70238360003158, 32.08756985736518]}}, {"type": "Feature", "properties": {"PWSID": "AZ0410199", "PWS_Name": "RINCON MESA LANDOWNERS", "Primacy_Agency": "AZ", "Population_Served_Count": 75, "Service_Connections_Count": 30, "Service_Area_Type": "Residential Area", "Verification_Status": "", "Area_SqKM": 0.16820028767436826}, "geometry": {"type": "Point", "coordinates": [-110.70701110002419, 32.088395900191436]}}, {"type": "Feature", "properties": {"PWSID": "AZ0402101", "PWS_Name": "SIERRA VISTA MH VILLAGE", "Primacy_Agency": "AZ", "Population_Served_Count": 328, "Service_Connections_Count": 266, "Service_Area_Type": "Mobile Home Park", "Verification_Status": "", "Area_SqKM": 0.19865391223569423}, "geometry": {"type": "Point", "coordinates": [-110.22154745969601, 31.55061559982452]}}, {"type": "Feature", "properties": {"PWSID": "AZ0411003", "PWS_Name": "ARAVAIPA WATER COMPANY", "Primacy_Agency": "AZ", "Population_Served_Count": 60, "Service_Connections_Count": 23, "Service_Area_Type": "Residential Area", "Verification_Status": "", "Area_SqKM": 0.23971428579107829}, "geometry": {"type": "Point", "coordinates": [-110.70111009980118, 32.84370280008223]}}, {"type": "Feature", "properties": {"PWSID": "AZ0405306", "PWS_Name": "USDJ FBP FED CORR INST SAFFORD", "Primacy_Agency": "AZ", "Population_Served_Count": 949, "Service_Connections_Count": 16, "Service_Area_Type": "Residential Area", "Verification_Status": "", "Area_SqKM": 0.3109885211460231}, "geometry": {"type": "Point", "coordinates": [-109.72499854440234, 32.71776148898119]}}, {"type": "Feature", "properties": {"PWSID": "AZ0410481", "PWS_Name": "GARIGANS GULCH WATER COOP", "Primacy_Agency": "AZ", "Population_Served_Count": 35, "Service_Connections_Count": 17, "Service_Area_Type": "Residential Area", "Verification_Status": "", "Area_SqKM": 0.08402150926700636}, "geometry": {"type": "Point", "coordinates": [-110.7027708998884, 32.08139823994948]}}, {"type": "Feature", "properties": {"PWSID": "AZ0405303", "PWS_Name": "ADOC ASPC FORT GRANT", "Primacy_Agency": "AZ", "Population_Served_Count": 800, "Service_Connections_Count": 40, "Service_Area_Type": "Residential Area", "Verification_Status": "", "Area_SqKM": 0.797054304055243}, "geometry": {"type": "Point", "coordinates": [-109.94733162304375, 32.623770461503966]}}, {"type": "Feature", "properties": {"PWSID": "AZ0412020", "PWS_Name": "CASAS ARROYO ASSOCIATION INC", "Primacy_Agency": "AZ", "Population_Served_Count": 27, "Service_Connections_Count": 27, "Service_Area_Type": "Homeowners Association", "Verification_Status": "", "Area_SqKM": 0.8438798340838909}, "geometry": {"type": "Point", "coordinates": [-110.68067394457722, 31.662763466541232]}}, {"type": "Feature", "properties": {"PWSID": "AZ0402016", "PWS_Name": "MCNEAL WATER COMPANY", "Primacy_Agency": "AZ", "Population_Served_Count": 66, "Service_Connections_Count": 28, "Service_Area_Type": "Residential Area", "Verification_Status": "", "Area_SqKM": 0.9737021310176144}, "geometry": {"type": "Point", "coordinates": [-109.67399241433013, 31.6017348569876]}}, {"type": "Feature", "properties": {"PWSID": "AZ0402042", "PWS_Name": "WILLOW LAKES PROPERTY OWNERS ASSOC", "Primacy_Agency": "AZ", "Population_Served_Count": 190, "Service_Connections_Count": 80, "Service_Area_Type": "Residential Area", "Verification_Status": "", "Area_SqKM": 1.0935287734197392}, "geometry": {"type": "Point", "coordinates": [-110.34413354128823, 32.06108410017946]}}, {"type": "Feature", "properties": {"PWSID": "AZ0410281", "PWS_Name": "PANTANO WATER COOP", "Primacy_Agency": "AZ", "Population_Served_Count": 106, "Service_Connections_Count": 53, "Service_Area_Type": "Residential Area", "Verification_Status": "", "Area_SqKM": 1.1786353393141042}, "geometry": {"type": "Point", "coordinates": [-110.70419860463558, 32.07254056805886]}}, {"type": "Feature", "properties": {"PWSID": "AZ0402027", "PWS_Name": "SAN SIMON DWID", "Primacy_Agency": "AZ", "Population_Served_Count": 312, "Service_Connections_Count": 120, "Service_Area_Type": "Residential Area", "Verification_Status": "", "Area_SqKM": 1.8127612102871198}, "geometry": {"type": "Point", "coordinates": [-109.23547440571511, 32.26999625881239]}}, {"type": "Feature", "properties": {"PWSID": "AZ0402040", "PWS_Name": "COCHISE COLLEGE PARK WATER ASSOC", "Primacy_Agency": "AZ", "Population_Served_Count": 83, "Service_Connections_Count": 33, "Service_Area_Type": "Residential Area", "Verification_Status": "", "Area_SqKM": 1.9068837491166053}, "geometry": {"type": "Point", "coordinates": [-109.53860238010358, 31.432571439934623]}}, {"type": "Feature", "properties": {"PWSID": "AZ0402360", "PWS_Name": "TWIN BUTTES RV, LLC", "Primacy_Agency": "AZ", "Population_Served_Count": 79, "Service_Connections_Count": 54, "Service_Area_Type": "Recreation Area", "Verification_Status": "", "Area_SqKM": 0.08179230625691981}, "geometry": {"type": "Point", "coordinates": [-109.7430900201186, 31.380797040017637]}}, {"type": "Feature", "properties": {"PWSID": "AZ0409026", "PWS_Name": "CITY OF SHOW LOW", "Primacy_Agency": "AZ", "Population_Served_Count": 17139, "Service_Connections_Count": 7452, "Service_Area_Type": "Residential Area", "Verification_Status": "", "Area_SqKM": 172.77105609892337}, "geometry": {"type": "Point", "coordinates": [-110.04166624213076, 34.22810395294542]}}, {"type": "Feature", "properties": {"PWSID": "AZ0410810", "PWS_Name": "WILDCAT ONE WELL COOP", "Primacy_Agency": "AZ", "Population_Served_Count": 52, "Service_Connections_Count": 38, "Service_Area_Type": "Residential Area", "Verification_Status": "", "Area_SqKM": 0.07710237140781186}, "geometry": {"type": "Point", "coordinates": [-110.7065874999015, 32.07976713331337]}}, {"type": "Feature", "properties": {"PWSID": "AZ0402026", "PWS_Name": "PALOMINAS WATER SEWER CO", "Primacy_Agency": "AZ", "Population_Served_Count": 27, "Service_Connections_Count": 16, "Service_Area_Type": "Residential Area", "Verification_Status": "", "Area_SqKM": 0.061228665147959695}, "geometry": {"type": "Point", "coordinates": [-110.12058334247772, 31.388188471477555]}}, {"type": "Feature", "properties": {"PWSID": "AZ0402327", "PWS_Name": "SWEET SPRINGS MOBILE HOME PARK", "Primacy_Agency": "AZ", "Population_Served_Count": 85, "Service_Connections_Count": 57, "Service_Area_Type": "Mobile Home Park", "Verification_Status": "", "Area_SqKM": 0.05883628621780227}, "geometry": {"type": "Point", "coordinates": [-110.21274798349434, 31.900014166578433]}}, {"type": "Feature", "properties": {"PWSID": "AZ0402353", "PWS_Name": "DESERT WINDS MOBILE PARK", "Primacy_Agency": "AZ", "Population_Served_Count": 34, "Service_Connections_Count": 35, "Service_Area_Type": "Mobile Home Park", "Verification_Status": "", "Area_SqKM": 0.02061070019925041}, "geometry": {"type": "Point", "coordinates": [-110.3346405402546, 31.618205799749056]}}, {"type": "Feature", "properties": {"PWSID": "AZ0402345", "PWS_Name": "NACO ESTATES", "Primacy_Agency": "AZ", "Population_Served_Count": 75, "Service_Connections_Count": 30, "Service_Area_Type": "Mobile Home Park", "Verification_Status": "", "Area_SqKM": 0.017007546859874306}, "geometry": {"type": "Point", "coordinates": [-109.95333766025101, 31.33810705982328]}}, {"type": "Feature", "properties": {"PWSID": "AZ0401018", "PWS_Name": "LIVCO WATER COMPANY", "Primacy_Agency": "AZ", "Population_Served_Count": 1120, "Service_Connections_Count": 448, "Service_Area_Type": "Subdivision", "Verification_Status": "", "Area_SqKM": 11.758204111067656}, "geometry": {"type": "Point", "coordinates": [-109.62092083050578, 34.43995962777073]}}, {"type": "Feature", "properties": {"PWSID": "AZ0409009", "PWS_Name": "CLAY SPRINGS DWID", "Primacy_Agency": "AZ", "Population_Served_Count": 425, "Service_Connections_Count": 170, "Service_Area_Type": "Residential Area", "Verification_Status": "", "Area_SqKM": 10.693176278724515}, "geometry": {"type": "Point", "coordinates": [-110.30341832707363, 34.34767198160733]}}, {"type": "Feature", "properties": {"PWSID": "AZ0409032", "PWS_Name": "A PETERSEN WATER COMPANY", "Primacy_Agency": "AZ", "Population_Served_Count": 160, "Service_Connections_Count": 55, "Service_Area_Type": "Residential Area", "Verification_Status": "", "Area_SqKM": 10.364135307398952}, "geometry": {"type": "Point", "coordinates": [-110.24108642025439, 34.50093012024476]}}, {"type": "Feature", "properties": {"PWSID": "AZ0409021", "PWS_Name": "PINETOP WATER COMMUNITY FACILITIES DIST", "Primacy_Agency": "AZ", "Population_Served_Count": 3250, "Service_Connections_Count": 1300, "Service_Area_Type": "Residential Area", "Verification_Status": "", "Area_SqKM": 5.382176029975786}, "geometry": {"type": "Point", "coordinates": [-109.93993637657562, 34.122895173406974]}}, {"type": "Feature", "properties": {"PWSID": "AZ0409018", "PWS_Name": "ARIZONA WATER CO - PINETOP LAKES", "Primacy_Agency": "AZ", "Population_Served_Count": 3513, "Service_Connections_Count": 1051, "Service_Area_Type": "Residential Area", "Verification_Status": "", "Area_SqKM": 5.0909123787252755}, "geometry": {"type": "Point", "coordinates": [-109.9099144800374, 34.11438580990602]}}, {"type": "Feature", "properties": {"PWSID": "AZ0409023", "PWS_Name": "PONDEROSA DWID", "Primacy_Agency": "AZ", "Population_Served_Count": 5375, "Service_Connections_Count": 2150, "Service_Area_Type": "Residential Area", "Verification_Status": "", "Area_SqKM": 5.058717756278216}, "geometry": {"type": "Point", "coordinates": [-109.87964787230221, 34.10621519999644]}}, {"type": "Feature", "properties": {"PWSID": "AZ0409036", "PWS_Name": "WHITE MOUNTAIN SUMMER HOMES DWID", "Primacy_Agency": "AZ", "Population_Served_Count": 1233, "Service_Connections_Count": 474, "Service_Area_Type": "Residential Area", "Verification_Status": "", "Area_SqKM": 2.769958819684608}, "geometry": {"type": "Point", "coordinates": [-109.92165759470149, 34.11214407898029]}}, {"type": "Feature", "properties": {"PWSID": "AZ0409090", "PWS_Name": "MOUNTAIN GLEN WATER SERVIC LINDEN TRAILS", "Primacy_Agency": "AZ", "Population_Served_Count": 975, "Service_Connections_Count": 390, "Service_Area_Type": "Residential Area", "Verification_Status": "", "Area_SqKM": 2.6331360483224553}, "geometry": {"type": "Point", "coordinates": [-110.103367994561, 34.29425772107442]}}, {"type": "Feature", "properties": {"PWSID": "AZ0409329", "PWS_Name": "CS HIGH COUNTRY PINES WATER COMPANY", "Primacy_Agency": "AZ", "Population_Served_Count": 668, "Service_Connections_Count": 261, "Service_Area_Type": "Residential Area", "Verification_Status": "", "Area_SqKM": 2.5696801484698204}, "geometry": {"type": "Point", "coordinates": [-110.6250564163925, 34.43930951670198]}}, {"type": "Feature", "properties": {"PWSID": "AZ0409005", "PWS_Name": "TIMBERLAND ACRES DWID", "Primacy_Agency": "AZ", "Population_Served_Count": 922, "Service_Connections_Count": 375, "Service_Area_Type": "Residential Area", "Verification_Status": "", "Area_SqKM": 2.4883242809426815}, "geometry": {"type": "Point", "coordinates": [-110.16961034411277, 34.26060931131272]}}, {"type": "Feature", "properties": {"PWSID": "AZ0409049", "PWS_Name": "WATCO WATER", "Primacy_Agency": "AZ", "Population_Served_Count": 1153, "Service_Connections_Count": 332, "Service_Area_Type": "Subdivision", "Verification_Status": "", "Area_SqKM": 1.9614637440403297}, "geometry": {"type": "Point", "coordinates": [-109.96495092865986, 34.322049185553524]}}, {"type": "Feature", "properties": {"PWSID": "AZ0409330", "PWS_Name": "WHITE MOUNTAIN WATER COMPANY", "Primacy_Agency": "AZ", "Population_Served_Count": 475, "Service_Connections_Count": 235, "Service_Area_Type": "Residential Area", "Verification_Status": "", "Area_SqKM": 1.2939334353310132}, "geometry": {"type": "Point", "coordinates": [-110.13366654491261, 34.280471779254114]}}, {"type": "Feature", "properties": {"PWSID": "AZ0401011", "PWS_Name": "OLD CONCHO WATER USERS", "Primacy_Agency": "AZ", "Population_Served_Count": 40, "Service_Connections_Count": 31, "Service_Area_Type": "Subdivision", "Verification_Status": "", "Area_SqKM": 0.9633890322676998}, "geometry": {"type": "Point", "coordinates": [-109.6062568398603, 34.47446338997883]}}, {"type": "Feature", "properties": {"PWSID": "AZ0401015", "PWS_Name": "TIMBER KNOLL DWID", "Primacy_Agency": "AZ", "Population_Served_Count": 153, "Service_Connections_Count": 57, "Service_Area_Type": "Residential Area", "Verification_Status": "", "Area_SqKM": 0.8701900686695953}, "geometry": {"type": "Point", "coordinates": [-109.739354840079, 34.2545166399328]}}, {"type": "Feature", "properties": {"PWSID": "AZ0401019", "PWS_Name": "VERNON DWID", "Primacy_Agency": "AZ", "Population_Served_Count": 100, "Service_Connections_Count": 33, "Service_Area_Type": "Subdivision", "Verification_Status": "", "Area_SqKM": 0.8317986232122606}, "geometry": {"type": "Point", "coordinates": [-109.69216609409534, 34.253370017713365]}}, {"type": "Feature", "properties": {"PWSID": "AZ0409075", "PWS_Name": "MISTY MOUNTAIN DWID", "Primacy_Agency": "AZ", "Population_Served_Count": 44, "Service_Connections_Count": 44, "Service_Area_Type": "Other Residential", "Verification_Status": "", "Area_SqKM": 0.41561649179889915}, "geometry": {"type": "Point", "coordinates": [-109.9159843143447, 34.19159714281549]}}, {"type": "Feature", "properties": {"PWSID": "AZ0409060", "PWS_Name": "WONDERLAND ACRES DWID", "Primacy_Agency": "AZ", "Population_Served_Count": 380, "Service_Connections_Count": 156, "Service_Area_Type": "Subdivision", "Verification_Status": "", "Area_SqKM": 0.3558984974411063}, "geometry": {"type": "Point", "coordinates": [-109.96307273308834, 34.14198136117232]}}, {"type": "Feature", "properties": {"PWSID": "AZ0409039", "PWS_Name": "NAVAJO WATER - CHAPARRAL PINES", "Primacy_Agency": "AZ", "Population_Served_Count": 198, "Service_Connections_Count": 85, "Service_Area_Type": "Residential Area", "Verification_Status": "", "Area_SqKM": 0.3533524713357184}, "geometry": {"type": "Point", "coordinates": [-110.10352413631955, 34.28754163634357]}}, {"type": "Feature", "properties": {"PWSID": "AZ0409086", "PWS_Name": "SWEETWATER RANCH - TOWN OF TAYLOR", "Primacy_Agency": "AZ", "Population_Served_Count": 180, "Service_Connections_Count": 63, "Service_Area_Type": "Municipality", "Verification_Status": "", "Area_SqKM": 0.33312201475491326}, "geometry": {"type": "Point", "coordinates": [-110.05009483099194, 34.42699799377017]}}, {"type": "Feature", "properties": {"PWSID": "AZ0409000", "PWS_Name": "NAVAJO WATER - LAGUNA ESTATES", "Primacy_Agency": "AZ", "Population_Served_Count": 89, "Service_Connections_Count": 38, "Service_Area_Type": "Residential Area", "Verification_Status": "", "Area_SqKM": 0.16044068730219782}, "geometry": {"type": "Point", "coordinates": [-109.9567781803006, 34.32533262005738]}}, {"type": "Feature", "properties": {"PWSID": "AZ0409046", "PWS_Name": "HOLBROOK SDA INDIAN SCHOOL", "Primacy_Agency": "AZ", "Population_Served_Count": 100, "Service_Connections_Count": 25, "Service_Area_Type": "School", "Verification_Status": "", "Area_SqKM": 0.6829005776397455}, "geometry": {"type": "Point", "coordinates": [-110.26908429514165, 34.92479692428281]}}, {"type": "Feature", "properties": {"PWSID": "AZ0409029", "PWS_Name": "SNOWFLAKE TOWN OF", "Primacy_Agency": "AZ", "Population_Served_Count": 5590, "Service_Connections_Count": 1757, "Service_Area_Type": "Residential Area", "Verification_Status": "", "Area_SqKM": 80.36853345557556}, "geometry": {"type": "Point", "coordinates": [-110.07071391167717, 34.519014062780045]}}, {"type": "Feature", "properties": {"PWSID": "AZ0409015", "PWS_Name": "HOLBROOK CITY OF", "Primacy_Agency": "AZ", "Population_Served_Count": 5318, "Service_Connections_Count": 2002, "Service_Area_Type": "Residential Area", "Verification_Status": "", "Area_SqKM": 57.46127531961163}, "geometry": {"type": "Point", "coordinates": [-110.16215579435323, 34.91980423337983]}}, {"type": "Feature", "properties": {"PWSID": "AZ0409035", "PWS_Name": "WINSLOW CITY OF", "Primacy_Agency": "AZ", "Population_Served_Count": 9789, "Service_Connections_Count": 3267, "Service_Area_Type": "Residential Area", "Verification_Status": "", "Area_SqKM": 56.52054014589671}, "geometry": {"type": "Point", "coordinates": [-110.70394412665874, 35.01346216659762]}}, {"type": "Feature", "properties": {"PWSID": "AZ0409016", "PWS_Name": "JOSEPH CITY DWID", "Primacy_Agency": "AZ", "Population_Served_Count": 1811, "Service_Connections_Count": 465, "Service_Area_Type": "Residential Area", "Verification_Status": "", "Area_SqKM": 15.971757555261945}, "geometry": {"type": "Point", "coordinates": [-110.34602067774955, 34.95525114447802]}}, {"type": "Feature", "properties": {"PWSID": "AZ0409050", "PWS_Name": "WOODRUFF DOMESTIC WATER COMPANY INC", "Primacy_Agency": "AZ", "Population_Served_Count": 140, "Service_Connections_Count": 57, "Service_Area_Type": "Subdivision", "Verification_Status": "", "Area_SqKM": 2.6031456931364882}, "geometry": {"type": "Point", "coordinates": [-110.0423416599044, 34.78687948012402]}}, {"type": "Feature", "properties": {"PWSID": "AZ0409001", "PWS_Name": "SUN VALLEY UTILITIES", "Primacy_Agency": "AZ", "Population_Served_Count": 287, "Service_Connections_Count": 83, "Service_Area_Type": "Residential Area", "Verification_Status": "", "Area_SqKM": 2.591062422973207}, "geometry": {"type": "Point", "coordinates": [-110.0145607994464, 34.976677119781904]}}, {"type": "Feature", "properties": {"PWSID": "AZ0401022", "PWS_Name": "SANDERS SCHOOL DISTRICT", "Primacy_Agency": "AZ", "Population_Served_Count": 350, "Service_Connections_Count": 100, "Service_Area_Type": "School", "Verification_Status": "", "Area_SqKM": 0.4957906983973645}, "geometry": {"type": "Point", "coordinates": [-109.33254369499346, 35.219776910135906]}}, {"type": "Feature", "properties": {"PWSID": "AZ0402104", "PWS_Name": "WHETSTONE VILLAGE MHP", "Primacy_Agency": "AZ", "Population_Served_Count": 50, "Service_Connections_Count": 25, "Service_Area_Type": "Mobile Home Park", "Verification_Status": "", "Area_SqKM": 0.013572846967307187}, "geometry": {"type": "Point", "coordinates": [-110.346188287112, 31.693550799809238]}}, {"type": "Feature", "properties": {"PWSID": "AZ0402105", "PWS_Name": "ASHLEY ROSE MHP", "Primacy_Agency": "AZ", "Population_Served_Count": 50, "Service_Connections_Count": 25, "Service_Area_Type": "Mobile Home Park - Principal Residence", "Verification_Status": "", "Area_SqKM": 0.012108311723139151}, "geometry": {"type": "Point", "coordinates": [-110.3449007000152, 31.693755340111142]}}, {"type": "Feature", "properties": {"PWSID": "AZ0401704", "PWS_Name": "PETRIFIED FOREST NP", "Primacy_Agency": "AZ", "Population_Served_Count": 1742, "Service_Connections_Count": 58, "Service_Area_Type": "Recreation Area", "Verification_Status": "", "Area_SqKM": 0.2530762523570792}, "geometry": {"type": "Point", "coordinates": [-110.046728325042, 34.9811998374955]}}, {"type": "Feature", "properties": {"PWSID": "AZ0409316", "PWS_Name": "APACHE ACRES MHP", "Primacy_Agency": "AZ", "Population_Served_Count": 150, "Service_Connections_Count": 65, "Service_Area_Type": "Mobile Home Park", "Verification_Status": "", "Area_SqKM": 0.02504845268235322}, "geometry": {"type": "Point", "coordinates": [-109.99107941984781, 34.162731360098476]}}, {"type": "Feature", "properties": {"PWSID": "AZ0409311", "PWS_Name": "COUNTRY LANE TRAILER PARK", "Primacy_Agency": "AZ", "Population_Served_Count": 450, "Service_Connections_Count": 174, "Service_Area_Type": "Mobile Home Park", "Verification_Status": "", "Area_SqKM": 0.0707246470422164}, "geometry": {"type": "Point", "coordinates": [-110.04174036017221, 34.258984279955556]}}, {"type": "Feature", "properties": {"PWSID": "AZ0409300", "PWS_Name": "TIMBERLINE MHP", "Primacy_Agency": "AZ", "Population_Served_Count": 350, "Service_Connections_Count": 125, "Service_Area_Type": "Mobile Home Park", "Verification_Status": "", "Area_SqKM": 0.08876946110099394}, "geometry": {"type": "Point", "coordinates": [-110.03189713332866, 34.22233178910371]}}, {"type": "Feature", "properties": {"PWSID": "AZ0401056", "PWS_Name": "ASPC APACHE", "Primacy_Agency": "AZ", "Population_Served_Count": 540, "Service_Connections_Count": 14, "Service_Area_Type": "Residential Area", "Verification_Status": "", "Area_SqKM": 0.10165973329604211}, "geometry": {"type": "Point", "coordinates": [-109.39014183331756, 34.321083755741824]}}, {"type": "Feature", "properties": {"PWSID": "AZ0401372", "PWS_Name": "SHOW LOW CROSSROADS HOA", "Primacy_Agency": "AZ", "Population_Served_Count": 38, "Service_Connections_Count": 24, "Service_Area_Type": "Subdivision", "Verification_Status": "", "Area_SqKM": 0.143529314980943}, "geometry": {"type": "Point", "coordinates": [-109.77720394286042, 34.2772058285942]}}, {"type": "Feature", "properties": {"PWSID": "AZ0409074", "PWS_Name": "AMERICAN INDIAN CHRISTIAN MISSION", "Primacy_Agency": "AZ", "Population_Served_Count": 37, "Service_Connections_Count": 20, "Service_Area_Type": "School", "Verification_Status": "", "Area_SqKM": 0.20483053092053347}, "geometry": {"type": "Point", "coordinates": [-110.14901671390271, 34.27734868570873]}}, {"type": "Feature", "properties": {"PWSID": "AZ0409040", "PWS_Name": "PINEDALE ESTATES DWID", "Primacy_Agency": "AZ", "Population_Served_Count": 208, "Service_Connections_Count": 85, "Service_Area_Type": "Subdivision", "Verification_Status": "", "Area_SqKM": 0.25773762788255583}, "geometry": {"type": "Point", "coordinates": [-110.24025205004666, 34.253806199947896]}}, {"type": "Feature", "properties": {"PWSID": "AZ0409013", "PWS_Name": "PORTER CREEK DWID", "Primacy_Agency": "AZ", "Population_Served_Count": 245, "Service_Connections_Count": 102, "Service_Area_Type": "Subdivision", "Verification_Status": "", "Area_SqKM": 0.32514680845242966}, "geometry": {"type": "Point", "coordinates": [-109.97483570001859, 34.17738183966538]}}, {"type": "Feature", "properties": {"PWSID": "AZ0401010", "PWS_Name": "PINECREST WATER COMPANY", "Primacy_Agency": "AZ", "Population_Served_Count": 84, "Service_Connections_Count": 48, "Service_Area_Type": "Residential Area", "Verification_Status": "", "Area_SqKM": 0.32549733746857973}, "geometry": {"type": "Point", "coordinates": [-109.24019534453267, 33.955293955192246]}}, {"type": "Feature", "properties": {"PWSID": "AZ0401001", "PWS_Name": "ALPINE DWID", "Primacy_Agency": "AZ", "Population_Served_Count": 1030, "Service_Connections_Count": 555, "Service_Area_Type": "Subdivision", "Verification_Status": "", "Area_SqKM": 1.3495048177683404}, "geometry": {"type": "Point", "coordinates": [-109.1439959665948, 33.847592725049736]}}, {"type": "Feature", "properties": {"PWSID": "AZ0403013", "PWS_Name": "KACHINA VILLAGE DWID", "Primacy_Agency": "AZ", "Population_Served_Count": 3500, "Service_Connections_Count": 1417, "Service_Area_Type": "Residential Area", "Verification_Status": "", "Area_SqKM": 3.7120688479662727}, "geometry": {"type": "Point", "coordinates": [-111.69646034206261, 35.10029954482525]}}, {"type": "Feature", "properties": {"PWSID": "AZ0403073", "PWS_Name": "FOREST HIGHLANDS WATER COMPANY", "Primacy_Agency": "AZ", "Population_Served_Count": 1668, "Service_Connections_Count": 783, "Service_Area_Type": "Residential Area", "Verification_Status": "", "Area_SqKM": 4.557334856519945}, "geometry": {"type": "Point", "coordinates": [-111.69925589268259, 35.102149760942225]}}, {"type": "Feature", "properties": {"PWSID": "AZ0403088", "PWS_Name": "CS FLAGSTAFF RANCH WATER COMPANY", "Primacy_Agency": "AZ", "Population_Served_Count": 350, "Service_Connections_Count": 350, "Service_Area_Type": "Residential Area", "Verification_Status": "", "Area_SqKM": 6.375771254565641}, "geometry": {"type": "Point", "coordinates": [-111.71359082696145, 35.1826037091539]}}, {"type": "Feature", "properties": {"PWSID": "AZ0413012", "PWS_Name": "BIG PARK WATER COMPANY", "Primacy_Agency": "AZ", "Population_Served_Count": 7392, "Service_Connections_Count": 3214, "Service_Area_Type": "Residential Area", "Verification_Status": "", "Area_SqKM": 7.3596333215596}, "geometry": {"type": "Point", "coordinates": [-111.76717650365578, 34.782330151823686]}}, {"type": "Feature", "properties": {"PWSID": "AZ0403044", "PWS_Name": "MAJESTIC VIEW WATER IMPROVEMENT DISTRICT", "Primacy_Agency": "AZ", "Population_Served_Count": 70, "Service_Connections_Count": 41, "Service_Area_Type": "Residential Area", "Verification_Status": "", "Area_SqKM": 8.853768491225797}, "geometry": {"type": "Point", "coordinates": [-111.73051547789669, 35.261527569532916]}}, {"type": "Feature", "properties": {"PWSID": "AZ0413298", "PWS_Name": "RETREAT AT OAK CREEK DWID", "Primacy_Agency": "AZ", "Population_Served_Count": 52, "Service_Connections_Count": 35, "Service_Area_Type": "Residential Area", "Verification_Status": "", "Area_SqKM": 0.17423912096049893}, "geometry": {"type": "Point", "coordinates": [-111.68636354922518, 35.24053160291386]}}, {"type": "Feature", "properties": {"PWSID": "AZ0413248", "PWS_Name": "SEVEN CANYONS OF SEDONA", "Primacy_Agency": "AZ", "Population_Served_Count": 195, "Service_Connections_Count": 100, "Service_Area_Type": "Hotel/Motel", "Verification_Status": "", "Area_SqKM": 0.03999263219001481}, "geometry": {"type": "Point", "coordinates": [-111.82520265778483, 34.914192857659756]}}, {"type": "Feature", "properties": {"PWSID": "AZ0413024", "PWS_Name": "CLARKDALE MUNICIPAL WATER SYSTEM", "Primacy_Agency": "AZ", "Population_Served_Count": 4920, "Service_Connections_Count": 1981, "Service_Area_Type": "Residential Area", "Verification_Status": "", "Area_SqKM": 19.1137960155587}, "geometry": {"type": "Point", "coordinates": [-112.05128678519537, 34.765314285205186]}}, {"type": "Feature", "properties": {"PWSID": "AZ0413025", "PWS_Name": "COTTONWOOD MUNICIPAL WATER CW1", "Primacy_Agency": "AZ", "Population_Served_Count": 11023, "Service_Connections_Count": 4409, "Service_Area_Type": "Residential Area", "Verification_Status": "", "Area_SqKM": 19.416980714336173}, "geometry": {"type": "Point", "coordinates": [-112.01890443006953, 34.73759523288402]}}, {"type": "Feature", "properties": {"PWSID": "AZ0404400", "PWS_Name": "RIM COUNTRY ESTATES MHP", "Primacy_Agency": "AZ", "Population_Served_Count": 36, "Service_Connections_Count": 18, "Service_Area_Type": "Mobile Home Park", "Verification_Status": "", "Area_SqKM": 0.01122124687671262}, "geometry": {"type": "Point", "coordinates": [-111.32627572034139, 34.23697607963232]}}, {"type": "Feature", "properties": {"PWSID": "AZ0404318", "PWS_Name": "TWIN LAKES MOBILE HOME PARK", "Primacy_Agency": "AZ", "Population_Served_Count": 0, "Service_Connections_Count": 1, "Service_Area_Type": "Mobile Home Park", "Verification_Status": "", "Area_SqKM": 0.018729588473867482}, "geometry": {"type": "Point", "coordinates": [-111.30883445709985, 34.238309356749745]}}, {"type": "Feature", "properties": {"PWSID": "AZ0404141", "PWS_Name": "LIL W RANCH", "Primacy_Agency": "AZ", "Population_Served_Count": 190, "Service_Connections_Count": 54, "Service_Area_Type": "Mobile Home Park", "Verification_Status": "", "Area_SqKM": 0.03752380347077228}, "geometry": {"type": "Point", "coordinates": [-111.25907078977029, 34.25794458989517]}}, {"type": "Feature", "properties": {"PWSID": "AZ0404324", "PWS_Name": "LAMPLIGHTER RV RESORT", "Primacy_Agency": "AZ", "Population_Served_Count": 308, "Service_Connections_Count": 272, "Service_Area_Type": "Mobile Home Park", "Verification_Status": "", "Area_SqKM": 0.10549055500752808}, "geometry": {"type": "Point", "coordinates": [-111.25984610776007, 34.25251461550676]}}, {"type": "Feature", "properties": {"PWSID": "AZ0404233", "PWS_Name": "SOLITUDE TRAILS DWID", "Primacy_Agency": "AZ", "Population_Served_Count": 90, "Service_Connections_Count": 75, "Service_Area_Type": "Residential Area", "Verification_Status": "", "Area_SqKM": 0.15161259444043634}, "geometry": {"type": "Point", "coordinates": [-111.443949266606, 34.384794100113034]}}, {"type": "Feature", "properties": {"PWSID": "AZ0404037", "PWS_Name": "TOWN OF STAR VALLEY WATER DEPARTMENT", "Primacy_Agency": "AZ", "Population_Served_Count": 1157, "Service_Connections_Count": 416, "Service_Area_Type": "Residential Area", "Verification_Status": "", "Area_SqKM": 0.2587778809123713}, "geometry": {"type": "Point", "coordinates": [-111.251114528529, 34.24982880712027]}}, {"type": "Feature", "properties": {"PWSID": "AZ0404064", "PWS_Name": "PAYSON WATER - DEER CREEK", "Primacy_Agency": "AZ", "Population_Served_Count": 308, "Service_Connections_Count": 132, "Service_Area_Type": "Residential Area", "Verification_Status": "", "Area_SqKM": 0.3152873407854804}, "geometry": {"type": "Point", "coordinates": [-111.35702792112141, 34.06306092621205]}}, {"type": "Feature", "properties": {"PWSID": "AZ0404015", "PWS_Name": "PAYSON WATER - MEADS RANCH", "Primacy_Agency": "AZ", "Population_Served_Count": 172, "Service_Connections_Count": 74, "Service_Area_Type": "Residential Area", "Verification_Status": "", "Area_SqKM": 0.31545650689727467}, "geometry": {"type": "Point", "coordinates": [-111.14375015994581, 34.34548524015372]}}, {"type": "Feature", "properties": {"PWSID": "AZ0404023", "PWS_Name": "CS TONTO VILLAGE WATER COMPANY", "Primacy_Agency": "AZ", "Population_Served_Count": 512, "Service_Connections_Count": 200, "Service_Area_Type": "Residential Area", "Verification_Status": "", "Area_SqKM": 0.3561405819750699}, "geometry": {"type": "Point", "coordinates": [-111.13845033369088, 34.31920602216331]}}, {"type": "Feature", "properties": {"PWSID": "AZ0404021", "PWS_Name": "TONTO CREEK WATER COMPANY", "Primacy_Agency": "AZ", "Population_Served_Count": 190, "Service_Connections_Count": 76, "Service_Area_Type": "Residential Area", "Verification_Status": "", "Area_SqKM": 0.3800121780414166}, "geometry": {"type": "Point", "coordinates": [-111.0954926596492, 34.35906363988618]}}, {"type": "Feature", "properties": {"PWSID": "AZ0404026", "PWS_Name": "PAYSON WATER - EAST VERDE ESTATES", "Primacy_Agency": "AZ", "Population_Served_Count": 375, "Service_Connections_Count": 161, "Service_Area_Type": "Residential Area", "Verification_Status": "", "Area_SqKM": 0.39680144024588476}, "geometry": {"type": "Point", "coordinates": [-111.366747116841, 34.293456583478395]}}, {"type": "Feature", "properties": {"PWSID": "AZ0404027", "PWS_Name": "PAYSON WATER - FLOWING SPRINGS", "Primacy_Agency": "AZ", "Population_Served_Count": 86, "Service_Connections_Count": 37, "Service_Area_Type": "Residential Area", "Verification_Status": "", "Area_SqKM": 0.4280791215062475}, "geometry": {"type": "Point", "coordinates": [-111.33815330039701, 34.315197318192276]}}, {"type": "Feature", "properties": {"PWSID": "AZ0404004", "PWS_Name": "BEAVER VALLEY WATER COMPANY", "Primacy_Agency": "AZ", "Population_Served_Count": 150, "Service_Connections_Count": 224, "Service_Area_Type": "Residential Area", "Verification_Status": "", "Area_SqKM": 0.4785492075305947}, "geometry": {"type": "Point", "coordinates": [-111.29643816670111, 34.337067199992134]}}, {"type": "Feature", "properties": {"PWSID": "AZ0404044", "PWS_Name": "PINE CREEK CANYON DWID", "Primacy_Agency": "AZ", "Population_Served_Count": 173, "Service_Connections_Count": 137, "Service_Area_Type": "Secondary Residences", "Verification_Status": "", "Area_SqKM": 0.49475917168940436}, "geometry": {"type": "Point", "coordinates": [-111.46514266374108, 34.39607556351121]}}, {"type": "Feature", "properties": {"PWSID": "AZ0404005", "PWS_Name": "CS CHRISTOPHER CREEK HAVEN", "Primacy_Agency": "AZ", "Population_Served_Count": 497, "Service_Connections_Count": 194, "Service_Area_Type": "Residential Area", "Verification_Status": "", "Area_SqKM": 0.5391272091381798}, "geometry": {"type": "Point", "coordinates": [-111.01508299394376, 34.316532599982274]}}, {"type": "Feature", "properties": {"PWSID": "AZ0407015", "PWS_Name": "CAREFREE WATER COMPANY", "Primacy_Agency": "AZ", "Population_Served_Count": 3894, "Service_Connections_Count": 2596, "Service_Area_Type": "Residential Area", "Verification_Status": "", "Area_SqKM": 13.419142480044771}, "geometry": {"type": "Point", "coordinates": [-111.9087256600418, 33.82157625520896]}}, {"type": "Feature", "properties": {"PWSID": "AZ0407121", "PWS_Name": "EPCOR- RIO VERDE", "Primacy_Agency": "AZ", "Population_Served_Count": 5330, "Service_Connections_Count": 3046, "Service_Area_Type": "Residential Area", "Verification_Status": "", "Area_SqKM": 15.55494024737975}, "geometry": {"type": "Point", "coordinates": [-111.69240679080218, 33.73379271817675]}}, {"type": "Feature", "properties": {"PWSID": "AZ0407017", "PWS_Name": "EPCOR - CHAPARRAL CITY", "Primacy_Agency": "AZ", "Population_Served_Count": 26026, "Service_Connections_Count": 13438, "Service_Area_Type": "Residential Area", "Verification_Status": "", "Area_SqKM": 48.87243246454892}, "geometry": {"type": "Point", "coordinates": [-111.76058663412472, 33.60282980736778]}}, {"type": "Feature", "properties": {"PWSID": "AZ0407098", "PWS_Name": "SCOTTSDALE CITY OF", "Primacy_Agency": "AZ", "Population_Served_Count": 241361, "Service_Connections_Count": 92701, "Service_Area_Type": "Residential Area", "Verification_Status": "", "Area_SqKM": 372.61672603772416}, "geometry": {"type": "Point", "coordinates": [-111.85730435939193, 33.67168174739676]}}, {"type": "Feature", "properties": {"PWSID": "AZ0404092", "PWS_Name": "HOUSTON CREEK  PARK", "Primacy_Agency": "AZ", "Population_Served_Count": 60, "Service_Connections_Count": 76, "Service_Area_Type": "Other Residential", "Verification_Status": "", "Area_SqKM": 0.2988211061069}, "geometry": {"type": "Point", "coordinates": [-111.21259091010147, 34.31550636568746]}}, {"type": "Feature", "properties": {"PWSID": "AZ0404020", "PWS_Name": "PONDEROSA WATER, L.L.C", "Primacy_Agency": "AZ", "Population_Served_Count": 117, "Service_Connections_Count": 44, "Service_Area_Type": "Residential Area", "Verification_Status": "", "Area_SqKM": 4.501333348650853}, "geometry": {"type": "Point", "coordinates": [-111.51314769530345, 34.40866562423977]}}, {"type": "Feature", "properties": {"PWSID": "AZ0410011", "PWS_Name": "RIO VIEJO WATER", "Primacy_Agency": "AZ", "Population_Served_Count": 272, "Service_Connections_Count": 100, "Service_Area_Type": "Other Residential", "Verification_Status": "", "Area_SqKM": 0.0032536812248362044}, "geometry": {"type": "Point", "coordinates": [-110.957980920322, 32.15243013990326]}}, {"type": "Feature", "properties": {"PWSID": "AZ0420575", "PWS_Name": "CAMMIES FOOTHILLS  VISTA MHC", "Primacy_Agency": "AZ", "Population_Served_Count": 80, "Service_Connections_Count": 41, "Service_Area_Type": "Residential Area", "Verification_Status": "", "Area_SqKM": 0.015732467159003137}, "geometry": {"type": "Point", "coordinates": [-110.90717942863873, 32.26615694300154]}}, {"type": "Feature", "properties": {"PWSID": "AZ0420092", "PWS_Name": "SIERRA COURT MHC LLC", "Primacy_Agency": "AZ", "Population_Served_Count": 43, "Service_Connections_Count": 47, "Service_Area_Type": "Mobile Home Park", "Verification_Status": "", "Area_SqKM": 0.01634666712697892}, "geometry": {"type": "Point", "coordinates": [-110.94796509998301, 32.17451418035882]}}, {"type": "Feature", "properties": {"PWSID": "AZ0404356", "PWS_Name": "H A V PROPERTIES, LLC", "Primacy_Agency": "AZ", "Population_Served_Count": 35, "Service_Connections_Count": 15, "Service_Area_Type": "Mobile Home Park", "Verification_Status": "", "Area_SqKM": 0.015533924193047874}, "geometry": {"type": "Point", "coordinates": [-110.77255839994463, 33.384513012570416]}}, {"type": "Feature", "properties": {"PWSID": "AZ0410219", "PWS_Name": "CATALINA VILLAGE", "Primacy_Agency": "AZ", "Population_Served_Count": 107, "Service_Connections_Count": 107, "Service_Area_Type": "Residential Area", "Verification_Status": "", "Area_SqKM": 0.01716305538917552}, "geometry": {"type": "Point", "coordinates": [-110.8789117197958, 32.234792919600224]}}, {"type": "Feature", "properties": {"PWSID": "AZ0420043", "PWS_Name": "NORTH LA CHOLLA MHP", "Primacy_Agency": "AZ", "Population_Served_Count": 150, "Service_Connections_Count": 50, "Service_Area_Type": "Mobile Home Park", "Verification_Status": "", "Area_SqKM": 0.01858461703162977}, "geometry": {"type": "Point", "coordinates": [-111.01038969999816, 32.29932596640115]}}, {"type": "Feature", "properties": {"PWSID": "AZ0420096", "PWS_Name": "CROSSROADS PARK MHP", "Primacy_Agency": "AZ", "Population_Served_Count": 100, "Service_Connections_Count": 80, "Service_Area_Type": "Mobile Home Park", "Verification_Status": "", "Area_SqKM": 0.03130170065336801}, "geometry": {"type": "Point", "coordinates": [-110.88968835982041, 32.2495406400129]}}, {"type": "Feature", "properties": {"PWSID": "AZ0404300", "PWS_Name": "APACHE MOBILE HOME AND RV PARK, LLC", "Primacy_Agency": "AZ", "Population_Served_Count": 130, "Service_Connections_Count": 74, "Service_Area_Type": "Mobile Home Park", "Verification_Status": "", "Area_SqKM": 0.03494333512067205}, "geometry": {"type": "Point", "coordinates": [-110.84921818563315, 33.485414871450885]}}, {"type": "Feature", "properties": {"PWSID": "AZ0420159", "PWS_Name": "ORCHARD VALLEY MOBILE HOME PARK", "Primacy_Agency": "AZ", "Population_Served_Count": 130, "Service_Connections_Count": 52, "Service_Area_Type": "Mobile Home Park", "Verification_Status": "", "Area_SqKM": 0.03792770266554673}, "geometry": {"type": "Point", "coordinates": [-110.909356820073, 32.48826502011316]}}, {"type": "Feature", "properties": {"PWSID": "AZ0420033", "PWS_Name": "DESERT SHORES RV MHP", "Primacy_Agency": "AZ", "Population_Served_Count": 220, "Service_Connections_Count": 126, "Service_Area_Type": "Mobile Home Park", "Verification_Status": "", "Area_SqKM": 0.040478936326820605}, "geometry": {"type": "Point", "coordinates": [-110.988193366682, 32.25966488902353]}}, {"type": "Feature", "properties": {"PWSID": "AZ0411079", "PWS_Name": "SIGNAL PEAK WATER COMPANY", "Primacy_Agency": "AZ", "Population_Served_Count": 99, "Service_Connections_Count": 37, "Service_Area_Type": "Residential Area", "Verification_Status": "", "Area_SqKM": 0.04132369028840777}, "geometry": {"type": "Point", "coordinates": [-111.6212475798604, 32.929291199943876]}}, {"type": "Feature", "properties": {"PWSID": "AZ0420478", "PWS_Name": "SILVER CHOLLA LLC", "Primacy_Agency": "AZ", "Population_Served_Count": 168, "Service_Connections_Count": 84, "Service_Area_Type": "Mobile Home Park", "Verification_Status": "", "Area_SqKM": 0.042137392183743044}, "geometry": {"type": "Point", "coordinates": [-111.01007472862943, 32.29802750017044]}}, {"type": "Feature", "properties": {"PWSID": "AZ0420487", "PWS_Name": "RIO VISTA MOBILE HOME PARK", "Primacy_Agency": "AZ", "Population_Served_Count": 217, "Service_Connections_Count": 99, "Service_Area_Type": "Mobile Home Park", "Verification_Status": "", "Area_SqKM": 0.0439683465302389}, "geometry": {"type": "Point", "coordinates": [-110.92280901985689, 32.27047766002969]}}, {"type": "Feature", "properties": {"PWSID": "AZ0420500", "PWS_Name": "CATALINA COUNTRY ESTATES", "Primacy_Agency": "AZ", "Population_Served_Count": 76, "Service_Connections_Count": 52, "Service_Area_Type": "Mobile Home Park", "Verification_Status": "", "Area_SqKM": 0.0497626981632245}, "geometry": {"type": "Point", "coordinates": [-110.92222912477712, 32.492206174993875]}}, {"type": "Feature", "properties": {"PWSID": "AZ0404332", "PWS_Name": "AUGUST HILLS MHP", "Primacy_Agency": "AZ", "Population_Served_Count": 41, "Service_Connections_Count": 16, "Service_Area_Type": "Mobile Home Park", "Verification_Status": "", "Area_SqKM": 0.05597802106535994}, "geometry": {"type": "Point", "coordinates": [-110.782199333223, 33.37202068335102]}}, {"type": "Feature", "properties": {"PWSID": "AZ0420026", "PWS_Name": "CRESCENT MANOR MHP", "Primacy_Agency": "AZ", "Population_Served_Count": 200, "Service_Connections_Count": 138, "Service_Area_Type": "Mobile Home Park", "Verification_Status": "", "Area_SqKM": 0.05764148379220777}, "geometry": {"type": "Point", "coordinates": [-110.99188563748413, 32.27381088756529]}}, {"type": "Feature", "properties": {"PWSID": "AZ0404314", "PWS_Name": "MOUNTAIN GATE ESTATES MHP", "Primacy_Agency": "AZ", "Population_Served_Count": 400, "Service_Connections_Count": 112, "Service_Area_Type": "Mobile Home Park", "Verification_Status": "", "Area_SqKM": 0.05950313350161998}, "geometry": {"type": "Point", "coordinates": [-110.76721055715929, 33.356016085816556]}}, {"type": "Feature", "properties": {"PWSID": "AZ0420019", "PWS_Name": "CAMPBELL ESTATES MHP", "Primacy_Agency": "AZ", "Population_Served_Count": 450, "Service_Connections_Count": 150, "Service_Area_Type": "Mobile Home Park", "Verification_Status": "", "Area_SqKM": 0.06741865969560684}, "geometry": {"type": "Point", "coordinates": [-110.94634117769489, 32.27809893334029]}}, {"type": "Feature", "properties": {"PWSID": "AZ0420531", "PWS_Name": "CASITAS DE CASTILIAN", "Primacy_Agency": "AZ", "Population_Served_Count": 158, "Service_Connections_Count": 120, "Service_Area_Type": "Residential Area", "Verification_Status": "", "Area_SqKM": 0.06815415569747496}, "geometry": {"type": "Point", "coordinates": [-110.98087446054419, 32.31100431974768]}}, {"type": "Feature", "properties": {"PWSID": "AZ0420529", "PWS_Name": "CAROLANNE DRIVE HOA", "Primacy_Agency": "AZ", "Population_Served_Count": 72, "Service_Connections_Count": 17, "Service_Area_Type": "Residential Area", "Verification_Status": "", "Area_SqKM": 0.07600859571863472}, "geometry": {"type": "Point", "coordinates": [-111.06981570047819, 32.350517000004416]}}, {"type": "Feature", "properties": {"PWSID": "AZ0411365", "PWS_Name": "WHISPERING WIND MOBILE HOME PARK", "Primacy_Agency": "AZ", "Population_Served_Count": 200, "Service_Connections_Count": 99, "Service_Area_Type": "Mobile Home Park", "Verification_Status": "", "Area_SqKM": 0.07557260872881104}, "geometry": {"type": "Point", "coordinates": [-111.4845876198518, 33.00483938016552]}}, {"type": "Feature", "properties": {"PWSID": "AZ0420475", "PWS_Name": "CORONADO FOREST DRIVE WATER COOP", "Primacy_Agency": "AZ", "Population_Served_Count": 30, "Service_Connections_Count": 15, "Service_Area_Type": "Residential Area", "Verification_Status": "", "Area_SqKM": 0.07681551917890327}, "geometry": {"type": "Point", "coordinates": [-110.9069205799495, 32.48749024998463]}}, {"type": "Feature", "properties": {"PWSID": "AZ0410402", "PWS_Name": "WILMOT WATER USERS GROUP", "Primacy_Agency": "AZ", "Population_Served_Count": 30, "Service_Connections_Count": 10, "Service_Area_Type": "Residential Area", "Verification_Status": "", "Area_SqKM": 0.08121575341901142}, "geometry": {"type": "Point", "coordinates": [-110.8699048997606, 32.09617754011718]}}, {"type": "Feature", "properties": {"PWSID": "AZ0410400", "PWS_Name": "KLAFTER WELL COOP", "Primacy_Agency": "AZ", "Population_Served_Count": 45, "Service_Connections_Count": 15, "Service_Area_Type": "Residential Area", "Verification_Status": "", "Area_SqKM": 0.08146134808748487}, "geometry": {"type": "Point", "coordinates": [-110.86778015971461, 32.09622238007696]}}, {"type": "Feature", "properties": {"PWSID": "AZ0411381", "PWS_Name": "SAGUARO MOBILE HOME PARK", "Primacy_Agency": "AZ", "Population_Served_Count": 36, "Service_Connections_Count": 18, "Service_Area_Type": "Mobile Home Park - Principal Residence", "Verification_Status": "", "Area_SqKM": 0.08515238145035098}, "geometry": {"type": "Point", "coordinates": [-110.92806151129422, 33.0801109224482]}}, {"type": "Feature", "properties": {"PWSID": "AZ0420042", "PWS_Name": "FAR HORIZONS MHP", "Primacy_Agency": "AZ", "Population_Served_Count": 248, "Service_Connections_Count": 195, "Service_Area_Type": "Mobile Home Park", "Verification_Status": "", "Area_SqKM": 0.10150128632805872}, "geometry": {"type": "Point", "coordinates": [-110.8871525000352, 32.249163639822676]}}, {"type": "Feature", "properties": {"PWSID": "AZ0411129", "PWS_Name": "DESERT GARDENS RV RESORT CO-OP, INC", "Primacy_Agency": "AZ", "Population_Served_Count": 532, "Service_Connections_Count": 266, "Service_Area_Type": "Recreation Area", "Verification_Status": "", "Area_SqKM": 0.11361622145839267}, "geometry": {"type": "Point", "coordinates": [-111.33942640003134, 32.96065461680193]}}, {"type": "Feature", "properties": {"PWSID": "AZ0411315", "PWS_Name": "BREEZEWAY TRAILER PARK", "Primacy_Agency": "AZ", "Population_Served_Count": 38, "Service_Connections_Count": 70, "Service_Area_Type": "Mobile Home Park", "Verification_Status": "", "Area_SqKM": 0.11591684740841622}, "geometry": {"type": "Point", "coordinates": [-110.9255766402244, 33.078745419745225]}}, {"type": "Feature", "properties": {"PWSID": "AZ0420570", "PWS_Name": "MISSION PALMS APARTMENTS", "Primacy_Agency": "AZ", "Population_Served_Count": 720, "Service_Connections_Count": 360, "Service_Area_Type": "Residential Area", "Verification_Status": "", "Area_SqKM": 0.11700581571904634}, "geometry": {"type": "Point", "coordinates": [-110.98498155715042, 32.3210746997371]}}, {"type": "Feature", "properties": {"PWSID": "AZ0407903", "PWS_Name": "GILBERT RIGG WELL COOP", "Primacy_Agency": "AZ", "Population_Served_Count": 95, "Service_Connections_Count": 30, "Service_Area_Type": "Residential Area", "Verification_Status": "", "Area_SqKM": 0.1185470402924874}, "geometry": {"type": "Point", "coordinates": [-111.78333700006381, 33.22435848012422]}}, {"type": "Feature", "properties": {"PWSID": "AZ0411022", "PWS_Name": "BIDEGAIN WATER COMPANY", "Primacy_Agency": "AZ", "Population_Served_Count": 49, "Service_Connections_Count": 21, "Service_Area_Type": "Residential Area", "Verification_Status": "", "Area_SqKM": 0.12082822475376569}, "geometry": {"type": "Point", "coordinates": [-110.92303620010901, 33.07940401992228]}}, {"type": "Feature", "properties": {"PWSID": "AZ0410319", "PWS_Name": "MOBILE HOME PROPERTIES", "Primacy_Agency": "AZ", "Population_Served_Count": 114, "Service_Connections_Count": 38, "Service_Area_Type": "Residential Area", "Verification_Status": "", "Area_SqKM": 0.12615712723155106}, "geometry": {"type": "Point", "coordinates": [-110.9472467997156, 32.06875414027942]}}, {"type": "Feature", "properties": {"PWSID": "AZ0404342", "PWS_Name": "ROOSEVELT RANCH RV & MHP", "Primacy_Agency": "AZ", "Population_Served_Count": 430, "Service_Connections_Count": 177, "Service_Area_Type": "Mobile Home Park", "Verification_Status": "", "Area_SqKM": 0.1282522456021502}, "geometry": {"type": "Point", "coordinates": [-110.8610141301123, 33.49753262023043]}}, {"type": "Feature", "properties": {"PWSID": "AZ0411556", "PWS_Name": "SKYLINE RESORT RV PARK", "Primacy_Agency": "AZ", "Population_Served_Count": 375, "Service_Connections_Count": 214, "Service_Area_Type": "Other Transient Area", "Verification_Status": "", "Area_SqKM": 0.13987569516001663}, "geometry": {"type": "Point", "coordinates": [-111.50904622862656, 33.18903428563427]}}, {"type": "Feature", "properties": {"PWSID": "AZ0407900", "PWS_Name": "SONTEL WATER COOP", "Primacy_Agency": "AZ", "Population_Served_Count": 80, "Service_Connections_Count": 30, "Service_Area_Type": "Homeowners Association", "Verification_Status": "", "Area_SqKM": 0.13981160416804272}, "geometry": {"type": "Point", "coordinates": [-111.69760619976772, 33.33015025691952]}}, {"type": "Feature", "properties": {"PWSID": "AZ0420445", "PWS_Name": "BELLA CAPRI MHP", "Primacy_Agency": "AZ", "Population_Served_Count": 342, "Service_Connections_Count": 258, "Service_Area_Type": "Mobile Home Park - Principal Residence", "Verification_Status": "", "Area_SqKM": 0.15195562527137663}, "geometry": {"type": "Point", "coordinates": [-111.01737238546457, 32.292473371281915]}}, {"type": "Feature", "properties": {"PWSID": "AZ0411201", "PWS_Name": "NORTHERN SECTION 4 COOP", "Primacy_Agency": "AZ", "Population_Served_Count": 48, "Service_Connections_Count": 18, "Service_Area_Type": "Residential Area", "Verification_Status": "", "Area_SqKM": 0.26439148375648786}, "geometry": {"type": "Point", "coordinates": [-111.53241466682812, 33.45923450014378]}}, {"type": "Feature", "properties": {"PWSID": "AZ0410101", "PWS_Name": "SAMALAYUCA IMPROVEMENT ASSOC", "Primacy_Agency": "AZ", "Population_Served_Count": 150, "Service_Connections_Count": 51, "Service_Area_Type": "Residential Area", "Verification_Status": "", "Area_SqKM": 0.26910990534267526}, "geometry": {"type": "Point", "coordinates": [-110.988070442873, 32.3501647285156]}}, {"type": "Feature", "properties": {"PWSID": "AZ0411708", "PWS_Name": "ARIZONIAN RV RESORT", "Primacy_Agency": "AZ", "Population_Served_Count": 225, "Service_Connections_Count": 360, "Service_Area_Type": "Mobile Home Park", "Verification_Status": "", "Area_SqKM": 0.27673063244611745}, "geometry": {"type": "Point", "coordinates": [-111.3964725601252, 33.30266624011012]}}, {"type": "Feature", "properties": {"PWSID": "AZ0407492", "PWS_Name": "GREENFIELD RANCHETTES", "Primacy_Agency": "AZ", "Population_Served_Count": 53, "Service_Connections_Count": 24, "Service_Area_Type": "Residential Area", "Verification_Status": "", "Area_SqKM": 0.2863423897823913}, "geometry": {"type": "Point", "coordinates": [-111.74098828359267, 33.2359045666471]}}, {"type": "Feature", "properties": {"PWSID": "AZ0410154", "PWS_Name": "GW SAGUARO DIST WATER CO - TORTOLITA", "Primacy_Agency": "AZ", "Population_Served_Count": 69, "Service_Connections_Count": 23, "Service_Area_Type": "Residential Area", "Verification_Status": "", "Area_SqKM": 0.304579614172148}, "geometry": {"type": "Point", "coordinates": [-111.09547081441815, 32.44396291425816]}}, {"type": "Feature", "properties": {"PWSID": "AZ0410119", "PWS_Name": "WINTERHAVEN WATER DEVELOPMENT", "Primacy_Agency": "AZ", "Population_Served_Count": 685, "Service_Connections_Count": 274, "Service_Area_Type": "Residential Area", "Verification_Status": "", "Area_SqKM": 0.34595231370510815}, "geometry": {"type": "Point", "coordinates": [-110.93070419461874, 32.268419147201236]}}, {"type": "Feature", "properties": {"PWSID": "AZ0411037", "PWS_Name": "ARIZONA TRAINING PROGRAM", "Primacy_Agency": "AZ", "Population_Served_Count": 470, "Service_Connections_Count": 51, "Service_Area_Type": "Residential Area", "Verification_Status": "", "Area_SqKM": 0.3681689989125513}, "geometry": {"type": "Point", "coordinates": [-111.51862042852214, 32.904600428742334]}}, {"type": "Feature", "properties": {"PWSID": "AZ0411090", "PWS_Name": "DAVIS RANCH LAND OWNERS", "Primacy_Agency": "AZ", "Population_Served_Count": 40, "Service_Connections_Count": 19, "Service_Area_Type": "Residential Area", "Verification_Status": "", "Area_SqKM": 0.4069993669535482}, "geometry": {"type": "Point", "coordinates": [-111.19688515709299, 32.54251807149033]}}, {"type": "Feature", "properties": {"PWSID": "AZ0410035", "PWS_Name": "VOYAGER WATER COMPANY", "Primacy_Agency": "AZ", "Population_Served_Count": 6314, "Service_Connections_Count": 1801, "Service_Area_Type": "Residential Area", "Verification_Status": "", "Area_SqKM": 0.4148030640753155}, "geometry": {"type": "Point", "coordinates": [-110.83623859975633, 32.09288789991653]}}, {"type": "Feature", "properties": {"PWSID": "AZ0420602", "PWS_Name": "RINCON COUNTRY EAST RV PARK", "Primacy_Agency": "AZ", "Population_Served_Count": 912, "Service_Connections_Count": 456, "Service_Area_Type": "Mobile Home Park - Principal Residence", "Verification_Status": "", "Area_SqKM": 0.43113752733061794}, "geometry": {"type": "Point", "coordinates": [-110.80321600927064, 32.181194881780634]}}, {"type": "Feature", "properties": {"PWSID": "AZ0410408", "PWS_Name": "TRAILS WEST MHP", "Primacy_Agency": "AZ", "Population_Served_Count": 500, "Service_Connections_Count": 520, "Service_Area_Type": "Mobile Home Park", "Verification_Status": "", "Area_SqKM": 0.4390720568150428}, "geometry": {"type": "Point", "coordinates": [-110.83196151662166, 32.09513416648432]}}, {"type": "Feature", "properties": {"PWSID": "AZ0410162", "PWS_Name": "TUCSON WATER- SILVERBELL WEST", "Primacy_Agency": "AZ", "Population_Served_Count": 252, "Service_Connections_Count": 90, "Service_Area_Type": "Residential Area", "Verification_Status": "", "Area_SqKM": 0.464367549005716}, "geometry": {"type": "Point", "coordinates": [-111.26766902017141, 32.43217797998746]}}, {"type": "Feature", "properties": {"PWSID": "AZ0410058", "PWS_Name": "HALCYON ACRES 2", "Primacy_Agency": "AZ", "Population_Served_Count": 164, "Service_Connections_Count": 67, "Service_Area_Type": "Residential Area", "Verification_Status": "", "Area_SqKM": 0.4900127459155584}, "geometry": {"type": "Point", "coordinates": [-110.79824410014216, 32.208518133344505]}}, {"type": "Feature", "properties": {"PWSID": "AZ0410179", "PWS_Name": "TUCSON WATER -  THUNDERHEAD", "Primacy_Agency": "AZ", "Population_Served_Count": 165, "Service_Connections_Count": 59, "Service_Area_Type": "Residential Area", "Verification_Status": "", "Area_SqKM": 0.622240908166209}, "geometry": {"type": "Point", "coordinates": [-110.73035880014767, 32.13503249981098]}}, {"type": "Feature", "properties": {"PWSID": "AZ0410074", "PWS_Name": "MESALAND WATER COMPANY", "Primacy_Agency": "AZ", "Population_Served_Count": 300, "Service_Connections_Count": 100, "Service_Area_Type": "Residential Area", "Verification_Status": "", "Area_SqKM": 0.6431422628570415}, "geometry": {"type": "Point", "coordinates": [-110.99718784448423, 32.363053011035774]}}, {"type": "Feature", "properties": {"PWSID": "AZ0407671", "PWS_Name": "PEEKABOO WATER COOP", "Primacy_Agency": "AZ", "Population_Served_Count": 100, "Service_Connections_Count": 26, "Service_Area_Type": "Residential Area", "Verification_Status": "", "Area_SqKM": 0.648254112204949}, "geometry": {"type": "Point", "coordinates": [-111.75026106040801, 33.21490083971004]}}, {"type": "Feature", "properties": {"PWSID": "AZ0410057", "PWS_Name": "HALCYON ACRES WATER USERS ASSOCIATION", "Primacy_Agency": "AZ", "Population_Served_Count": 215, "Service_Connections_Count": 88, "Service_Area_Type": "Residential Area", "Verification_Status": "", "Area_SqKM": 0.810653045337717}, "geometry": {"type": "Point", "coordinates": [-110.79337194280572, 32.214703142841444]}}, {"type": "Feature", "properties": {"PWSID": "AZ0411066", "PWS_Name": "ADOC FLORENCE ASP", "Primacy_Agency": "AZ", "Population_Served_Count": 1001, "Service_Connections_Count": 390, "Service_Area_Type": "Residential Area", "Verification_Status": "", "Area_SqKM": 0.8554709046499405}, "geometry": {"type": "Point", "coordinates": [-111.37122279169613, 33.02874149603837]}}, {"type": "Feature", "properties": {"PWSID": "AZ0411061", "PWS_Name": "AWC - CASA GRANDE SOUTH WATER COMPANY", "Primacy_Agency": "AZ", "Population_Served_Count": 176, "Service_Connections_Count": 68, "Service_Area_Type": "Residential Area", "Verification_Status": "", "Area_SqKM": 0.8691348069264855}, "geometry": {"type": "Point", "coordinates": [-111.739573785994, 32.8287383857039]}}, {"type": "Feature", "properties": {"PWSID": "AZ0410007", "PWS_Name": "GW SAGUARO DIST WATER CO - LYN LEE", "Primacy_Agency": "AZ", "Population_Served_Count": 114, "Service_Connections_Count": 38, "Service_Area_Type": "Residential Area", "Verification_Status": "", "Area_SqKM": 1.1128063735353073}, "geometry": {"type": "Point", "coordinates": [-111.269754555503, 32.45686086676057]}}, {"type": "Feature", "properties": {"PWSID": "AZ0411321", "PWS_Name": "VILLA GRANDE DWID", "Primacy_Agency": "AZ", "Population_Served_Count": 283, "Service_Connections_Count": 110, "Service_Area_Type": "Residential Area", "Verification_Status": "", "Area_SqKM": 1.2609266343192826}, "geometry": {"type": "Point", "coordinates": [-111.5189747027672, 32.78663844406034]}}, {"type": "Feature", "properties": {"PWSID": "AZ0410171", "PWS_Name": "TUCSON WATER - CATALINA", "Primacy_Agency": "AZ", "Population_Served_Count": 1053, "Service_Connections_Count": 376, "Service_Area_Type": "Residential Area", "Verification_Status": "", "Area_SqKM": 1.5877684962334753}, "geometry": {"type": "Point", "coordinates": [-110.91715938615772, 32.504794630905806]}}, {"type": "Feature", "properties": {"PWSID": "AZ0411705", "PWS_Name": "ADOC EYMAN UNIT", "Primacy_Agency": "AZ", "Population_Served_Count": 3969, "Service_Connections_Count": 11, "Service_Area_Type": "Residential Area", "Verification_Status": "", "Area_SqKM": 1.8030814529379504}, "geometry": {"type": "Point", "coordinates": [-111.32510364347463, 33.0375411600405]}}, {"type": "Feature", "properties": {"PWSID": "AZ0411130", "PWS_Name": "GOODMAN WATER COMPANY", "Primacy_Agency": "AZ", "Population_Served_Count": 2656, "Service_Connections_Count": 959, "Service_Area_Type": "Residential Area", "Verification_Status": "", "Area_SqKM": 1.9084984041483093}, "geometry": {"type": "Point", "coordinates": [-110.92013589992166, 32.519132099836064]}}, {"type": "Feature", "properties": {"PWSID": "AZ0410065", "PWS_Name": "LAZY C WATER SERVICE", "Primacy_Agency": "AZ", "Population_Served_Count": 359, "Service_Connections_Count": 147, "Service_Area_Type": "Residential Area", "Verification_Status": "", "Area_SqKM": 3.8467653380606923}, "geometry": {"type": "Point", "coordinates": [-111.07018145554845, 32.26684982231531]}}, {"type": "Feature", "properties": {"PWSID": "AZ0410128", "PWS_Name": "CS LOS CERROS WATER COMPANY INC", "Primacy_Agency": "AZ", "Population_Served_Count": 2613, "Service_Connections_Count": 902, "Service_Area_Type": "Residential Area", "Verification_Status": "", "Area_SqKM": 3.8565982331528006}, "geometry": {"type": "Point", "coordinates": [-110.90342443972058, 32.47591734011218]}}, {"type": "Feature", "properties": {"PWSID": "AZ0411407", "PWS_Name": "PARK WATER COMPANY INC", "Primacy_Agency": "AZ", "Population_Served_Count": 416, "Service_Connections_Count": 150, "Service_Area_Type": "Residential Area", "Verification_Status": "", "Area_SqKM": 5.233393262041985}, "geometry": {"type": "Point", "coordinates": [-111.28468626661589, 32.915838822159124]}}, {"type": "Feature", "properties": {"PWSID": "AZ0407409", "PWS_Name": "CHANDLER HEIGHTS CITRUS IRRIGATION DIST", "Primacy_Agency": "AZ", "Population_Served_Count": 2620, "Service_Connections_Count": 1063, "Service_Area_Type": "Residential Area", "Verification_Status": "", "Area_SqKM": 5.585142487215571}, "geometry": {"type": "Point", "coordinates": [-111.69236310721736, 33.21165609996787]}}, {"type": "Feature", "properties": {"PWSID": "AZ0410095", "PWS_Name": "RAY WATER COMPANY INC", "Primacy_Agency": "AZ", "Population_Served_Count": 4495, "Service_Connections_Count": 1842, "Service_Area_Type": "Residential Area", "Verification_Status": "", "Area_SqKM": 6.097611806898917}, "geometry": {"type": "Point", "coordinates": [-110.90885717250255, 32.15041076888531]}}, {"type": "Feature", "properties": {"PWSID": "AZ0410060", "PWS_Name": "METROPOLITAN DWID - HUB", "Primacy_Agency": "AZ", "Population_Served_Count": 4252, "Service_Connections_Count": 1705, "Service_Area_Type": "Residential Area", "Verification_Status": "", "Area_SqKM": 6.141180431119162}, "geometry": {"type": "Point", "coordinates": [-110.82171836369236, 32.27333588649691]}}, {"type": "Feature", "properties": {"PWSID": "AZ0410139", "PWS_Name": "MARANA DWID - DERRINGER", "Primacy_Agency": "AZ", "Population_Served_Count": 1950, "Service_Connections_Count": 704, "Service_Area_Type": "Residential Area", "Verification_Status": "", "Area_SqKM": 6.188394387957319}, "geometry": {"type": "Point", "coordinates": [-111.32085972670887, 32.43204728673119]}}, {"type": "Feature", "properties": {"PWSID": "AZ0411039", "PWS_Name": "APACHE JUNCTION WATER DISTRICT", "Primacy_Agency": "AZ", "Population_Served_Count": 15610, "Service_Connections_Count": 4200, "Service_Area_Type": "Residential Area", "Verification_Status": "", "Area_SqKM": 17.46406295267236}, "geometry": {"type": "Point", "coordinates": [-111.53894355913174, 33.38802943333466]}}, {"type": "Feature", "properties": {"PWSID": "AZ0410150", "PWS_Name": "MARANA MUNICIPAL - MARANA", "Primacy_Agency": "AZ", "Population_Served_Count": 15162, "Service_Connections_Count": 5567, "Service_Area_Type": "Municipality", "Verification_Status": "", "Area_SqKM": 21.478624842157203}, "geometry": {"type": "Point", "coordinates": [-111.2257707377105, 32.4521335018387]}}, {"type": "Feature", "properties": {"PWSID": "AZ0420549", "PWS_Name": "USAF DAVIS MONTHAN AFB", "Primacy_Agency": "AZ", "Population_Served_Count": 18640, "Service_Connections_Count": 1509, "Service_Area_Type": "Municipality", "Verification_Status": "", "Area_SqKM": 37.0663230669739}, "geometry": {"type": "Point", "coordinates": [-110.87391900557007, 32.166276033948066]}}, {"type": "Feature", "properties": {"PWSID": "AZ0404008", "PWS_Name": "GLOBE CITY OF", "Primacy_Agency": "AZ", "Population_Served_Count": 7536, "Service_Connections_Count": 3550, "Service_Area_Type": "Residential Area", "Verification_Status": "", "Area_SqKM": 44.40469864079333}, "geometry": {"type": "Point", "coordinates": [-110.77775954399428, 33.39432291715435]}}, {"type": "Feature", "properties": {"PWSID": "AZ0411117", "PWS_Name": "LAGO DEL ORO WATER COMPANY", "Primacy_Agency": "AZ", "Population_Served_Count": 18132, "Service_Connections_Count": 6915, "Service_Area_Type": "Residential Area", "Verification_Status": "", "Area_SqKM": 44.609068883939784}, "geometry": {"type": "Point", "coordinates": [-110.89412495178863, 32.51139976291279]}}, {"type": "Feature", "properties": {"PWSID": "AZ0410076", "PWS_Name": "METROPOLITAN DWID", "Primacy_Agency": "AZ", "Population_Served_Count": 45570, "Service_Connections_Count": 18196, "Service_Area_Type": "Residential Area", "Verification_Status": "", "Area_SqKM": 55.458789552969506}, "geometry": {"type": "Point", "coordinates": [-111.00740351049343, 32.332513721062305]}}, {"type": "Feature", "properties": {"PWSID": "AZ0411019", "PWS_Name": "ARIZONA WATER CO - ORACLE", "Primacy_Agency": "AZ", "Population_Served_Count": 10585, "Service_Connections_Count": 3410, "Service_Area_Type": "Residential Area", "Verification_Status": "", "Area_SqKM": 76.0260720804815}, "geometry": {"type": "Point", "coordinates": [-110.863144394825, 32.59962628460856]}}, {"type": "Feature", "properties": {"PWSID": "AZ0410164", "PWS_Name": "ORO VALLEY WATER UTILITY", "Primacy_Agency": "AZ", "Population_Served_Count": 42316, "Service_Connections_Count": 18481, "Service_Area_Type": "Municipality", "Verification_Status": "", "Area_SqKM": 79.12043250547806}, "geometry": {"type": "Point", "coordinates": [-110.98931397392832, 32.41524145791219]}}, {"type": "Feature", "properties": {"PWSID": "AZ0411021", "PWS_Name": "ARIZONA WATER CO - SUPERIOR", "Primacy_Agency": "AZ", "Population_Served_Count": 4393, "Service_Connections_Count": 1369, "Service_Area_Type": "Municipality", "Verification_Status": "", "Area_SqKM": 92.89384864338}, "geometry": {"type": "Point", "coordinates": [-111.19185595557234, 33.279055327759494]}}, {"type": "Feature", "properties": {"PWSID": "AZ0407100", "PWS_Name": "TEMPE CITY OF", "Primacy_Agency": "AZ", "Population_Served_Count": 165000, "Service_Connections_Count": 40000, "Service_Area_Type": "Residential Area", "Verification_Status": "", "Area_SqKM": 105.83984907517396}, "geometry": {"type": "Point", "coordinates": [-111.92522606935539, 33.40401550140029]}}, {"type": "Feature", "properties": {"PWSID": "AZ0411128", "PWS_Name": "EPCOR - SAN TAN", "Primacy_Agency": "AZ", "Population_Served_Count": 87435, "Service_Connections_Count": 26986, "Service_Area_Type": "Residential Area", "Verification_Status": "", "Area_SqKM": 187.209373460807}, "geometry": {"type": "Point", "coordinates": [-111.51974013265888, 33.11801848985158]}}, {"type": "Feature", "properties": {"PWSID": "AZ0411004", "PWS_Name": "ARIZONA WATER CO - APACHE JUNCTION", "Primacy_Agency": "AZ", "Population_Served_Count": 62055, "Service_Connections_Count": 22175, "Service_Area_Type": "Residential Area", "Verification_Status": "", "Area_SqKM": 296.65384299472356}, "geometry": {"type": "Point", "coordinates": [-111.50080305474447, 33.368278571457324]}}, {"type": "Feature", "properties": {"PWSID": "AZ0407095", "PWS_Name": "MESA CITY OF", "Primacy_Agency": "AZ", "Population_Served_Count": 466000, "Service_Connections_Count": 142500, "Service_Area_Type": "Residential Area", "Verification_Status": "", "Area_SqKM": 375.693395485376}, "geometry": {"type": "Point", "coordinates": [-111.69717515367306, 33.42573707415196]}}, {"type": "Feature", "properties": {"PWSID": "AZ0407033", "PWS_Name": "QUEEN CREEK TOWN OF", "Primacy_Agency": "AZ", "Population_Served_Count": 95502, "Service_Connections_Count": 34751, "Service_Area_Type": "Residential Area", "Verification_Status": "", "Area_SqKM": 95.3271737446833}, "geometry": {"type": "Point", "coordinates": [-111.61733409053487, 33.231666047332276]}}, {"type": "Feature", "properties": {"PWSID": "AZ0404112", "PWS_Name": "CANYON WATER IMPROVEMENT DISTRICT", "Primacy_Agency": "AZ", "Population_Served_Count": 130, "Service_Connections_Count": 100, "Service_Area_Type": "Residential Area", "Verification_Status": "", "Area_SqKM": 0.5126122859952291}, "geometry": {"type": "Point", "coordinates": [-110.7695428259305, 33.37009340742889]}}, {"type": "Feature", "properties": {"PWSID": "AZ0410445", "PWS_Name": "GATOR WATER COMPANY", "Primacy_Agency": "AZ", "Population_Served_Count": 29, "Service_Connections_Count": 16, "Service_Area_Type": "Residential Area", "Verification_Status": "", "Area_SqKM": 0.16186748756131206}, "geometry": {"type": "Point", "coordinates": [-111.09483544994137, 32.39243083752516]}}, {"type": "Feature", "properties": {"PWSID": "AZ0410132", "PWS_Name": "WORDEN WATER COMPANY", "Primacy_Agency": "AZ", "Population_Served_Count": 60, "Service_Connections_Count": 28, "Service_Area_Type": "Residential Area", "Verification_Status": "", "Area_SqKM": 0.43267232091371355}, "geometry": {"type": "Point", "coordinates": [-111.34281581508944, 32.09234639006092]}}, {"type": "Feature", "properties": {"PWSID": "AZ0410411", "PWS_Name": "TIERRA LINDA HOA WATER COMPANY", "Primacy_Agency": "AZ", "Population_Served_Count": 266, "Service_Connections_Count": 109, "Service_Area_Type": "Residential Area", "Verification_Status": "", "Area_SqKM": 0.829426469809167}, "geometry": {"type": "Point", "coordinates": [-111.24406636677222, 32.361926755588534]}}, {"type": "Feature", "properties": {"PWSID": "AZ0410136", "PWS_Name": "MARANA MUNICIPAL - PALO VERDE", "Primacy_Agency": "AZ", "Population_Served_Count": 118, "Service_Connections_Count": 47, "Service_Area_Type": "Residential Area", "Verification_Status": "", "Area_SqKM": 0.9014669447541609}, "geometry": {"type": "Point", "coordinates": [-111.24606085724214, 32.38225235698798]}}, {"type": "Feature", "properties": {"PWSID": "AZ0410218", "PWS_Name": "METROPOLITAN DWID - LAZY B", "Primacy_Agency": "AZ", "Population_Served_Count": 77, "Service_Connections_Count": 31, "Service_Area_Type": "Residential Area", "Verification_Status": "", "Area_SqKM": 0.9815292982187798}, "geometry": {"type": "Point", "coordinates": [-111.16106175738229, 32.18448451427518]}}, {"type": "Feature", "properties": {"PWSID": "AZ0410351", "PWS_Name": "THIM UTILITY COMPANY - RANCHO VISTA", "Primacy_Agency": "AZ", "Population_Served_Count": 105, "Service_Connections_Count": 43, "Service_Area_Type": "Residential Area", "Verification_Status": "", "Area_SqKM": 0.9825665550190679}, "geometry": {"type": "Point", "coordinates": [-111.34233699979251, 32.1002127501965]}}, {"type": "Feature", "properties": {"PWSID": "AZ0410098", "PWS_Name": "RILLITO WATER USERS ASSOC", "Primacy_Agency": "AZ", "Population_Served_Count": 165, "Service_Connections_Count": 55, "Service_Area_Type": "Residential Area", "Verification_Status": "", "Area_SqKM": 1.6345881454559816}, "geometry": {"type": "Point", "coordinates": [-111.15938146698483, 32.4177552334596]}}, {"type": "Feature", "properties": {"PWSID": "AZ0411024", "PWS_Name": "AWC - CASA GRANDE WEST WATER COMPANY", "Primacy_Agency": "AZ", "Population_Served_Count": 943, "Service_Connections_Count": 322, "Service_Area_Type": "Residential Area", "Verification_Status": "", "Area_SqKM": 1.9230896229631491}, "geometry": {"type": "Point", "coordinates": [-111.85319228566958, 32.863860885729984]}}, {"type": "Feature", "properties": {"PWSID": "AZ0410138", "PWS_Name": "MARANA MUNICIPAL - AIRLINE LAMBERT", "Primacy_Agency": "AZ", "Population_Served_Count": 4568, "Service_Connections_Count": 1827, "Service_Area_Type": "Residential Area", "Verification_Status": "", "Area_SqKM": 3.432143037765563}, "geometry": {"type": "Point", "coordinates": [-111.1557938498886, 32.39451376657095]}}, {"type": "Feature", "properties": {"PWSID": "AZ0410175", "PWS_Name": "ORO VALLEY WATER COUNTRYSIDE", "Primacy_Agency": "AZ", "Population_Served_Count": 4534, "Service_Connections_Count": 1980, "Service_Area_Type": "Municipality", "Verification_Status": "", "Area_SqKM": 4.549705673443444}, "geometry": {"type": "Point", "coordinates": [-111.07856509003321, 32.37021297995589]}}, {"type": "Feature", "properties": {"PWSID": "AZ0410046", "PWS_Name": "METROPOLITAN DWID - E&T SYSTEM", "Primacy_Agency": "AZ", "Population_Served_Count": 880, "Service_Connections_Count": 358, "Service_Area_Type": "Residential Area", "Verification_Status": "", "Area_SqKM": 5.224519589986592}, "geometry": {"type": "Point", "coordinates": [-111.30046894985117, 32.07736071642935]}}, {"type": "Feature", "properties": {"PWSID": "AZ0410093", "PWS_Name": "SANDARIO WATER COMPANY", "Primacy_Agency": "AZ", "Population_Served_Count": 853, "Service_Connections_Count": 348, "Service_Area_Type": "Residential Area", "Verification_Status": "", "Area_SqKM": 7.826940071095319}, "geometry": {"type": "Point", "coordinates": [-111.22837511980602, 32.23655153971124]}}, {"type": "Feature", "properties": {"PWSID": "AZ0411328", "PWS_Name": "COPPER MOUNTAIN RANCH CFD", "Primacy_Agency": "AZ", "Population_Served_Count": 1071, "Service_Connections_Count": 323, "Service_Area_Type": "Residential Area", "Verification_Status": "", "Area_SqKM": 8.062969621788342}, "geometry": {"type": "Point", "coordinates": [-111.92949732211083, 32.96964000549316]}}, {"type": "Feature", "properties": {"PWSID": "AZ0410092", "PWS_Name": "MARANA MUNICIPAL - PICTURE ROCKS", "Primacy_Agency": "AZ", "Population_Served_Count": 5278, "Service_Connections_Count": 2111, "Service_Area_Type": "Residential Area", "Verification_Status": "", "Area_SqKM": 8.770909110245485}, "geometry": {"type": "Point", "coordinates": [-111.11565222886364, 32.34323430634676]}}, {"type": "Feature", "properties": {"PWSID": "AZ0403299", "PWS_Name": "SAGE VALLEY MHP", "Primacy_Agency": "AZ", "Population_Served_Count": 55, "Service_Connections_Count": 34, "Service_Area_Type": "Mobile Home Park", "Verification_Status": "", "Area_SqKM": 0.24996760544518062}, "geometry": {"type": "Point", "coordinates": [-112.1135930998538, 35.732180620021985]}}, {"type": "Feature", "properties": {"PWSID": "AZ0403312", "PWS_Name": "HYDRO RESOURCES-TUSAYAN", "Primacy_Agency": "AZ", "Population_Served_Count": 1710, "Service_Connections_Count": 117, "Service_Area_Type": "Municipality", "Verification_Status": "", "Area_SqKM": 0.5990944330923781}, "geometry": {"type": "Point", "coordinates": [-112.12945980900818, 35.97324297276654]}}, {"type": "Feature", "properties": {"PWSID": "AZ0403084", "PWS_Name": "VALLE AIRPORT GRAND CANYON", "Primacy_Agency": "AZ", "Population_Served_Count": 430, "Service_Connections_Count": 110, "Service_Area_Type": "Mobile Home Park", "Verification_Status": "", "Area_SqKM": 2.5851505003770714}, "geometry": {"type": "Point", "coordinates": [-112.1500288198798, 35.64879594050906]}}, {"type": "Feature", "properties": {"PWSID": "AZ0403010", "PWS_Name": "ADOT AIRPORT GRAND CANYON", "Primacy_Agency": "AZ", "Population_Served_Count": 1140, "Service_Connections_Count": 18, "Service_Area_Type": "Residential Area", "Verification_Status": "", "Area_SqKM": 3.519298499300079}, "geometry": {"type": "Point", "coordinates": [-112.13886116989211, 35.95659164012166]}}, {"type": "Feature", "properties": {"PWSID": "AZ0408142", "PWS_Name": "VIRGIN MOUNTAIN ESTATES MHP", "Primacy_Agency": "AZ", "Population_Served_Count": 100, "Service_Connections_Count": 80, "Service_Area_Type": "Mobile Home Park", "Verification_Status": "", "Area_SqKM": 0.049284361328282934}, "geometry": {"type": "Point", "coordinates": [-113.93173059171966, 36.916196750050595]}}, {"type": "Feature", "properties": {"PWSID": "AZ0408127", "PWS_Name": "BEAVER DAM EAST DWID", "Primacy_Agency": "AZ", "Population_Served_Count": 47, "Service_Connections_Count": 30, "Service_Area_Type": "Subdivision", "Verification_Status": "", "Area_SqKM": 0.20104395344307668}, "geometry": {"type": "Point", "coordinates": [-113.929405800034, 36.905045040181804]}}, {"type": "Feature", "properties": {"PWSID": "AZ0408150", "PWS_Name": "GHR LANDOWNERS ASSN WATER COOP", "Primacy_Agency": "AZ", "Population_Served_Count": 280, "Service_Connections_Count": 131, "Service_Area_Type": "Residential Area", "Verification_Status": "", "Area_SqKM": 2.5449113991208097}, "geometry": {"type": "Point", "coordinates": [-114.35570223996399, 35.74072316007016]}}, {"type": "Feature", "properties": {"PWSID": "AZ0408149", "PWS_Name": "CS WHITE HILLS WATER COMPANY UNIT 1", "Primacy_Agency": "AZ", "Population_Served_Count": 338, "Service_Connections_Count": 132, "Service_Area_Type": "Dispenser", "Verification_Status": "", "Area_SqKM": 2.5955783586677597}, "geometry": {"type": "Point", "coordinates": [-114.42666421997039, 35.740833839967536]}}, {"type": "Feature", "properties": {"PWSID": "AZ0408138", "PWS_Name": "BIASI WATER COMPANY", "Primacy_Agency": "AZ", "Population_Served_Count": 284, "Service_Connections_Count": 284, "Service_Area_Type": "Residential Area", "Verification_Status": "", "Area_SqKM": 3.98422125680207}, "geometry": {"type": "Point", "coordinates": [-113.93541384166458, 36.91592564592869]}}, {"type": "Feature", "properties": {"PWSID": "AZ0408072", "PWS_Name": "DS WATER COMPANY", "Primacy_Agency": "AZ", "Population_Served_Count": 258, "Service_Connections_Count": 106, "Service_Area_Type": "Residential Area", "Verification_Status": "", "Area_SqKM": 5.498079572091086}, "geometry": {"type": "Point", "coordinates": [-113.8983080233373, 36.899958910133705]}}, {"type": "Feature", "properties": {"PWSID": "AZ0408090", "PWS_Name": "CENTENNIAL PARK DWID", "Primacy_Agency": "AZ", "Population_Served_Count": 1267, "Service_Connections_Count": 211, "Service_Area_Type": "Residential Area", "Verification_Status": "", "Area_SqKM": 5.589257182234851}, "geometry": {"type": "Point", "coordinates": [-112.98530679984019, 36.95274407988822]}}, {"type": "Feature", "properties": {"PWSID": "AZ0408173", "PWS_Name": "VIRGIN MOUNTAIN UTILITIES COMPANY", "Primacy_Agency": "AZ", "Population_Served_Count": 200, "Service_Connections_Count": 100, "Service_Area_Type": "Residential Area", "Verification_Status": "", "Area_SqKM": 7.808314657554388}, "geometry": {"type": "Point", "coordinates": [-114.00787025745701, 36.96136070028784]}}, {"type": "Feature", "properties": {"PWSID": "AZ0408039", "PWS_Name": "CS WHITE HILLS WATER COMPANY UNITS 3 4 6", "Primacy_Agency": "AZ", "Population_Served_Count": 333, "Service_Connections_Count": 130, "Service_Area_Type": "Residential Area", "Verification_Status": "", "Area_SqKM": 7.841199944710384}, "geometry": {"type": "Point", "coordinates": [-114.32507942490732, 35.728431393799205]}}, {"type": "Feature", "properties": {"PWSID": "AZ0408006", "PWS_Name": "BEAVER DAM WC SYSTEM 1", "Primacy_Agency": "AZ", "Population_Served_Count": 1048, "Service_Connections_Count": 507, "Service_Area_Type": "Residential Area", "Verification_Status": "", "Area_SqKM": 8.553600205768792}, "geometry": {"type": "Point", "coordinates": [-113.94744728137681, 36.88083430632853]}}, {"type": "Feature", "properties": {"PWSID": "AZ0408093", "PWS_Name": "BEAVER DAM WC SYSTEM 2", "Primacy_Agency": "AZ", "Population_Served_Count": 162, "Service_Connections_Count": 78, "Service_Area_Type": "Residential Area", "Verification_Status": "", "Area_SqKM": 8.60339927793561}, "geometry": {"type": "Point", "coordinates": [-113.94740763148069, 36.88084472512926]}}, {"type": "Feature", "properties": {"PWSID": "AZ0403009", "PWS_Name": "FREDONIA TOWN OF", "Primacy_Agency": "AZ", "Population_Served_Count": 1327, "Service_Connections_Count": 622, "Service_Area_Type": "Residential Area", "Verification_Status": "", "Area_SqKM": 10.390749825338622}, "geometry": {"type": "Point", "coordinates": [-112.5260012196976, 36.943965339776916]}}, {"type": "Feature", "properties": {"PWSID": "AZ0408017", "PWS_Name": "JOSHUA VALLEY UTILITY COMPANY", "Primacy_Agency": "AZ", "Population_Served_Count": 1500, "Service_Connections_Count": 1054, "Service_Area_Type": "Residential Area", "Verification_Status": "", "Area_SqKM": 11.549973580171883}, "geometry": {"type": "Point", "coordinates": [-114.0710629934654, 36.00124799313569]}}, {"type": "Feature", "properties": {"PWSID": "AZ0408059", "PWS_Name": "MT TIPTON WATER COMPANY", "Primacy_Agency": "AZ", "Population_Served_Count": 2257, "Service_Connections_Count": 917, "Service_Area_Type": "Residential Area", "Verification_Status": "", "Area_SqKM": 37.154977971178184}, "geometry": {"type": "Point", "coordinates": [-114.28977999256996, 35.58274612600679]}}, {"type": "Feature", "properties": {"PWSID": "AZ0408177", "PWS_Name": "BEAVER DAM WC SYSTEM 3", "Primacy_Agency": "AZ", "Population_Served_Count": 75, "Service_Connections_Count": 60, "Service_Area_Type": "Residential Area", "Verification_Status": "", "Area_SqKM": 1.7338124881035781}, "geometry": {"type": "Point", "coordinates": [-114.03593560567695, 36.8145395886636]}}, {"type": "Feature", "properties": {"PWSID": "AZ0408342", "PWS_Name": "HARDYVILLE ON THE RIVER", "Primacy_Agency": "AZ", "Population_Served_Count": 42, "Service_Connections_Count": 39, "Service_Area_Type": "Residential Area", "Verification_Status": "", "Area_SqKM": 0.010600674386048987}, "geometry": {"type": "Point", "coordinates": [-114.58667069981567, 35.123019666662934]}}, {"type": "Feature", "properties": {"PWSID": "AZ0403659", "PWS_Name": "USFS KNF TUSAYAN ADMIN", "Primacy_Agency": "AZ", "Population_Served_Count": 80, "Service_Connections_Count": 31, "Service_Area_Type": "Residential Area", "Verification_Status": "", "Area_SqKM": 0.01806394704446442}, "geometry": {"type": "Point", "coordinates": [-112.19028455717442, 35.240474171189724]}}, {"type": "Feature", "properties": {"PWSID": "AZ0408064", "PWS_Name": "SILVER CREEK RV PARK", "Primacy_Agency": "AZ", "Population_Served_Count": 280, "Service_Connections_Count": 141, "Service_Area_Type": "Mobile Home Park", "Verification_Status": "", "Area_SqKM": 0.037527497442638}, "geometry": {"type": "Point", "coordinates": [-114.57291637998301, 35.1114149200789]}}, {"type": "Feature", "properties": {"PWSID": "AZ0408164", "PWS_Name": "SILVERVIEW RV PARK", "Primacy_Agency": "AZ", "Population_Served_Count": 800, "Service_Connections_Count": 426, "Service_Area_Type": "Recreation Area", "Verification_Status": "", "Area_SqKM": 0.04434620975599973}, "geometry": {"type": "Point", "coordinates": [-114.573102324891, 35.11406508744689]}}, {"type": "Feature", "properties": {"PWSID": "AZ0408018", "PWS_Name": "KATHERINE RESORTS WATER COMPANY", "Primacy_Agency": "AZ", "Population_Served_Count": 58, "Service_Connections_Count": 44, "Service_Area_Type": "Residential Area", "Verification_Status": "", "Area_SqKM": 0.0460321764131621}, "geometry": {"type": "Point", "coordinates": [-114.54520145534745, 35.23321908883733]}}, {"type": "Feature", "properties": {"PWSID": "AZ0408174", "PWS_Name": "KATHERINE HEIGHTS", "Primacy_Agency": "AZ", "Population_Served_Count": 415, "Service_Connections_Count": 166, "Service_Area_Type": "Residential Area", "Verification_Status": "", "Area_SqKM": 0.33595978246482544}, "geometry": {"type": "Point", "coordinates": [-114.4629000799378, 35.18885056037182]}}, {"type": "Feature", "properties": {"PWSID": "AZ0408133", "PWS_Name": "SUNRISE VISTA UTILITIES", "Primacy_Agency": "AZ", "Population_Served_Count": 1500, "Service_Connections_Count": 700, "Service_Area_Type": "Residential Area", "Verification_Status": "", "Area_SqKM": 0.6203111295926138}, "geometry": {"type": "Point", "coordinates": [-114.5590979599646, 35.02907295975316]}}, {"type": "Feature", "properties": {"PWSID": "AZ0408184", "PWS_Name": "AZ STATE PRISON - GEO GROUP - KINGMAN", "Primacy_Agency": "AZ", "Population_Served_Count": 3500, "Service_Connections_Count": 5, "Service_Area_Type": "Institution", "Verification_Status": "", "Area_SqKM": 0.635941303334067}, "geometry": {"type": "Point", "coordinates": [-114.1805754999738, 35.02825945995474]}}, {"type": "Feature", "properties": {"PWSID": "AZ0413010", "PWS_Name": "YAVAPAI WATER COMPANY", "Primacy_Agency": "AZ", "Population_Served_Count": 728, "Service_Connections_Count": 291, "Service_Area_Type": "Residential Area", "Verification_Status": "", "Area_SqKM": 2.535417704982577}, "geometry": {"type": "Point", "coordinates": [-112.87333670461301, 35.32936894286873]}}, {"type": "Feature", "properties": {"PWSID": "AZ0408014", "PWS_Name": "HATCH VALLEY DWID", "Primacy_Agency": "AZ", "Population_Served_Count": 150, "Service_Connections_Count": 80, "Service_Area_Type": "Residential Area", "Verification_Status": "", "Area_SqKM": 3.890324471639728}, "geometry": {"type": "Point", "coordinates": [-113.5589080900094, 35.48593906010335]}}, {"type": "Feature", "properties": {"PWSID": "AZ0408041", "PWS_Name": "SO HI DWID", "Primacy_Agency": "AZ", "Population_Served_Count": 503, "Service_Connections_Count": 245, "Service_Area_Type": "Residential Area", "Verification_Status": "", "Area_SqKM": 6.246747319716435}, "geometry": {"type": "Point", "coordinates": [-114.123533141805, 35.25581750010934]}}, {"type": "Feature", "properties": {"PWSID": "AZ0408078", "PWS_Name": "WALNUT CREEK WATER COMPANY", "Primacy_Agency": "AZ", "Population_Served_Count": 728, "Service_Connections_Count": 291, "Service_Area_Type": "Residential Area", "Verification_Status": "", "Area_SqKM": 7.1418404771192145}, "geometry": {"type": "Point", "coordinates": [-114.139108069813, 35.141467830139774]}}, {"type": "Feature", "properties": {"PWSID": "AZ0408035", "PWS_Name": "FOOTHILLS UTILITIES KINGMAN EAST", "Primacy_Agency": "AZ", "Population_Served_Count": 2538, "Service_Connections_Count": 1072, "Service_Area_Type": "Residential Area", "Verification_Status": "", "Area_SqKM": 10.409092032280943}, "geometry": {"type": "Point", "coordinates": [-113.85777107493375, 35.392552187432585]}}, {"type": "Feature", "properties": {"PWSID": "AZ0408068", "PWS_Name": "NORTH MOHAVE VALLEY", "Primacy_Agency": "AZ", "Population_Served_Count": 5190, "Service_Connections_Count": 2218, "Service_Area_Type": "Residential Area", "Verification_Status": "", "Area_SqKM": 14.685403463652348}, "geometry": {"type": "Point", "coordinates": [-114.54092444593675, 35.17368493737083]}}, {"type": "Feature", "properties": {"PWSID": "AZ0408032", "PWS_Name": "BULLHEAD CITY MOHAVE", "Primacy_Agency": "AZ", "Population_Served_Count": 36330, "Service_Connections_Count": 14532, "Service_Area_Type": "Residential Area", "Verification_Status": "", "Area_SqKM": 53.661578989925154}, "geometry": {"type": "Point", "coordinates": [-114.59901447950276, 35.10333534361793]}}, {"type": "Feature", "properties": {"PWSID": "AZ0408038", "PWS_Name": "VALLEY PIONEERS WATER COMPANY INC", "Primacy_Agency": "AZ", "Population_Served_Count": 5942, "Service_Connections_Count": 2425, "Service_Area_Type": "Residential Area", "Verification_Status": "", "Area_SqKM": 65.62073465941427}, "geometry": {"type": "Point", "coordinates": [-114.19888462497924, 35.214428237492264]}}, {"type": "Feature", "properties": {"PWSID": "AZ0408081", "PWS_Name": "GOLDEN VALLEY IMPROVEMENT DISTRICT", "Primacy_Agency": "AZ", "Population_Served_Count": 3950, "Service_Connections_Count": 1540, "Service_Area_Type": "Residential Area", "Verification_Status": "", "Area_SqKM": 101.20620947429543}, "geometry": {"type": "Point", "coordinates": [-114.29364430014788, 35.2051334999437]}}, {"type": "Feature", "properties": {"PWSID": "AZ0403026", "PWS_Name": "WILLIAMS CITY OF", "Primacy_Agency": "AZ", "Population_Served_Count": 3145, "Service_Connections_Count": 1883, "Service_Area_Type": "Municipality", "Verification_Status": "", "Area_SqKM": 115.47004479901706}, "geometry": {"type": "Point", "coordinates": [-112.19143897882913, 35.25745733331458]}}, {"type": "Feature", "properties": {"PWSID": "AZ0408020", "PWS_Name": "KINGMAN MUNICIPAL WATER", "Primacy_Agency": "AZ", "Population_Served_Count": 45000, "Service_Connections_Count": 18400, "Service_Area_Type": "Residential Area", "Verification_Status": "", "Area_SqKM": 153.0227730742296}, "geometry": {"type": "Point", "coordinates": [-113.99569833886488, 35.21995948672656]}}, {"type": "Feature", "properties": {"PWSID": "AZ0413037", "PWS_Name": "JEROME TOWN OF", "Primacy_Agency": "AZ", "Population_Served_Count": 440, "Service_Connections_Count": 342, "Service_Area_Type": "Residential Area", "Verification_Status": "", "Area_SqKM": 2.250512487334099}, "geometry": {"type": "Point", "coordinates": [-112.10814113777451, 34.74748261247496]}}, {"type": "Feature", "properties": {"PWSID": "AZ0413264", "PWS_Name": "MANNEKEN APARTMENTS", "Primacy_Agency": "AZ", "Population_Served_Count": 34, "Service_Connections_Count": 14, "Service_Area_Type": "Residential Area", "Verification_Status": "", "Area_SqKM": 0.0037765750164359775}, "geometry": {"type": "Point", "coordinates": [-112.4566328001602, 34.77315140034282]}}, {"type": "Feature", "properties": {"PWSID": "AZ0413431", "PWS_Name": "CHINO VALLEY PARK", "Primacy_Agency": "AZ", "Population_Served_Count": 65, "Service_Connections_Count": 33, "Service_Area_Type": "Mobile Home Park", "Verification_Status": "", "Area_SqKM": 0.013849597038458202}, "geometry": {"type": "Point", "coordinates": [-112.45490484022639, 34.76348477989386]}}, {"type": "Feature", "properties": {"PWSID": "AZ0408066", "PWS_Name": "SNOWBIRD RV PARK", "Primacy_Agency": "AZ", "Population_Served_Count": 180, "Service_Connections_Count": 140, "Service_Area_Type": "Mobile Home Park", "Verification_Status": "", "Area_SqKM": 0.0360020526935248}, "geometry": {"type": "Point", "coordinates": [-114.59488309976021, 34.99588029992384]}}, {"type": "Feature", "properties": {"PWSID": "AZ0413338", "PWS_Name": "ROAD RUNNER MHP", "Primacy_Agency": "AZ", "Population_Served_Count": 60, "Service_Connections_Count": 34, "Service_Area_Type": "Mobile Home Park", "Verification_Status": "", "Area_SqKM": 0.03851844279844278}, "geometry": {"type": "Point", "coordinates": [-112.4512698600702, 34.75549194026194]}}, {"type": "Feature", "properties": {"PWSID": "AZ0413419", "PWS_Name": "MOUNTAIN VIEW MHP", "Primacy_Agency": "AZ", "Population_Served_Count": 160, "Service_Connections_Count": 84, "Service_Area_Type": "Mobile Home Park", "Verification_Status": "", "Area_SqKM": 0.04446655997681808}, "geometry": {"type": "Point", "coordinates": [-112.46463029993772, 34.740442785638045]}}, {"type": "Feature", "properties": {"PWSID": "AZ0413077", "PWS_Name": "ACME WATER - YAVAPAI ESTATES", "Primacy_Agency": "AZ", "Population_Served_Count": 243, "Service_Connections_Count": 100, "Service_Area_Type": "Residential Area", "Verification_Status": "", "Area_SqKM": 0.227719000706303}, "geometry": {"type": "Point", "coordinates": [-112.45090357973861, 34.72236759973934]}}, {"type": "Feature", "properties": {"PWSID": "AZ0413281", "PWS_Name": "MINGUS MOUNTAIN ACADEMY", "Primacy_Agency": "AZ", "Population_Served_Count": 130, "Service_Connections_Count": 10, "Service_Area_Type": "School", "Verification_Status": "", "Area_SqKM": 0.4355288856205586}, "geometry": {"type": "Point", "coordinates": [-112.18867286463848, 34.64421168832995]}}, {"type": "Feature", "properties": {"PWSID": "AZ0413307", "PWS_Name": "QUAIL RIDGE DWID", "Primacy_Agency": "AZ", "Population_Served_Count": 179, "Service_Connections_Count": 177, "Service_Area_Type": "Residential Area", "Verification_Status": "", "Area_SqKM": 0.751318871909916}, "geometry": {"type": "Point", "coordinates": [-112.49472165736172, 34.80085655701223]}}, {"type": "Feature", "properties": {"PWSID": "AZ0408042", "PWS_Name": "YUCCA WATER ASSOCIATION", "Primacy_Agency": "AZ", "Population_Served_Count": 250, "Service_Connections_Count": 110, "Service_Area_Type": "Residential Area", "Verification_Status": "", "Area_SqKM": 0.9448938326329298}, "geometry": {"type": "Point", "coordinates": [-114.14983798298, 34.87190905008245]}}, {"type": "Feature", "properties": {"PWSID": "AZ0413247", "PWS_Name": "MINGUS WEST WATER SYSTEM", "Primacy_Agency": "AZ", "Population_Served_Count": 602, "Service_Connections_Count": 251, "Service_Area_Type": "Subdivision", "Verification_Status": "", "Area_SqKM": 1.255658464129435}, "geometry": {"type": "Point", "coordinates": [-112.22933314270243, 34.66927754308308]}}, {"type": "Feature", "properties": {"PWSID": "AZ0408046", "PWS_Name": "LAGOON ESTATES WC UNIT 2", "Primacy_Agency": "AZ", "Population_Served_Count": 125, "Service_Connections_Count": 45, "Service_Area_Type": "Residential Area", "Verification_Status": "", "Area_SqKM": 1.2809044037274817}, "geometry": {"type": "Point", "coordinates": [-114.59070922008542, 34.89945074019036]}}, {"type": "Feature", "properties": {"PWSID": "AZ0408333", "PWS_Name": "RIO VISTA RANCHES", "Primacy_Agency": "AZ", "Population_Served_Count": 59, "Service_Connections_Count": 25, "Service_Area_Type": "Residential Area", "Verification_Status": "", "Area_SqKM": 1.2936648307983345}, "geometry": {"type": "Point", "coordinates": [-114.58571936039421, 35.01728280000388]}}, {"type": "Feature", "properties": {"PWSID": "AZ0408021", "PWS_Name": "LAGOON ESTATES WC UNIT 7", "Primacy_Agency": "AZ", "Population_Served_Count": 1578, "Service_Connections_Count": 365, "Service_Area_Type": "Residential Area", "Verification_Status": "", "Area_SqKM": 2.588767281315168}, "geometry": {"type": "Point", "coordinates": [-114.57310927971521, 34.886450920150104]}}, {"type": "Feature", "properties": {"PWSID": "AZ0413137", "PWS_Name": "CHINO VALLEY TOWN OF", "Primacy_Agency": "AZ", "Population_Served_Count": 2742, "Service_Connections_Count": 1097, "Service_Area_Type": "Municipality", "Verification_Status": "", "Area_SqKM": 3.554590406649352}, "geometry": {"type": "Point", "coordinates": [-112.4316078999772, 34.764558122213025]}}, {"type": "Feature", "properties": {"PWSID": "AZ0413155", "PWS_Name": "GRANITE OAKS WATER USERS ASSOCIATION", "Primacy_Agency": "AZ", "Population_Served_Count": 1200, "Service_Connections_Count": 466, "Service_Area_Type": "Residential Area", "Verification_Status": "", "Area_SqKM": 3.854314650162782}, "geometry": {"type": "Point", "coordinates": [-112.511138560084, 34.659145179848544]}}, {"type": "Feature", "properties": {"PWSID": "AZ0408024", "PWS_Name": "GOLDEN SHORES WATER COMPANY", "Primacy_Agency": "AZ", "Population_Served_Count": 3970, "Service_Connections_Count": 1704, "Service_Area_Type": "Residential Area", "Verification_Status": "", "Area_SqKM": 5.319313699874275}, "geometry": {"type": "Point", "coordinates": [-114.48234585001286, 34.7773424642612]}}, {"type": "Feature", "properties": {"PWSID": "AZ0408040", "PWS_Name": "EPCOR - WILLOW VALLEY/KING STREET", "Primacy_Agency": "AZ", "Population_Served_Count": 3408, "Service_Connections_Count": 1421, "Service_Area_Type": "Residential Area", "Verification_Status": "", "Area_SqKM": 5.630400607939936}, "geometry": {"type": "Point", "coordinates": [-114.59188276548376, 34.92691460388845]}}, {"type": "Feature", "properties": {"PWSID": "AZ0413303", "PWS_Name": "INSCRIPTION CANYON WATER COMPANY", "Primacy_Agency": "AZ", "Population_Served_Count": 507, "Service_Connections_Count": 518, "Service_Area_Type": "Residential Area", "Verification_Status": "", "Area_SqKM": 8.39835810574597}, "geometry": {"type": "Point", "coordinates": [-112.56909529987587, 34.72893891663135]}}, {"type": "Feature", "properties": {"PWSID": "AZ0413263", "PWS_Name": "INSCRIPTION CANYON WATER COMPANY", "Primacy_Agency": "AZ", "Population_Served_Count": 566, "Service_Connections_Count": 476, "Service_Area_Type": "Residential Area", "Verification_Status": "", "Area_SqKM": 11.79837033042469}, "geometry": {"type": "Point", "coordinates": [-112.580613833296, 34.75804029583322]}}, {"type": "Feature", "properties": {"PWSID": "AZ0413001", "PWS_Name": "ABRA WATER COMPANY", "Primacy_Agency": "AZ", "Population_Served_Count": 1932, "Service_Connections_Count": 840, "Service_Area_Type": "Other Residential", "Verification_Status": "", "Area_SqKM": 26.8501468028233}, "geometry": {"type": "Point", "coordinates": [-112.47142570542184, 34.90833787900625]}}, {"type": "Feature", "properties": {"PWSID": "AZ0408063", "PWS_Name": "BERMUDA WATER COMPANY INC", "Primacy_Agency": "AZ", "Population_Served_Count": 18000, "Service_Connections_Count": 9800, "Service_Area_Type": "Municipality", "Verification_Status": "", "Area_SqKM": 68.82945096721987}, "geometry": {"type": "Point", "coordinates": [-114.57877723436746, 35.00890621435933]}}, {"type": "Feature", "properties": {"PWSID": "AZ0413487", "PWS_Name": "WHISPERING WINDS APARTMENTS", "Primacy_Agency": "AZ", "Population_Served_Count": 60, "Service_Connections_Count": 27, "Service_Area_Type": "Residential Area", "Verification_Status": "", "Area_SqKM": 0.4856271598741544}, "geometry": {"type": "Point", "coordinates": [-112.45801941276385, 34.742636044613164]}}, {"type": "Feature", "properties": {"PWSID": "AZ0412306", "PWS_Name": "MOUNTAIN VIEW RV RANCH", "Primacy_Agency": "AZ", "Population_Served_Count": 100, "Service_Connections_Count": 96, "Service_Area_Type": "Mobile Home Park", "Verification_Status": "", "Area_SqKM": 0.04387507603281467}, "geometry": {"type": "Point", "coordinates": [-111.0632380602578, 31.70333294008468]}}, {"type": "Feature", "properties": {"PWSID": "AZ0420546", "PWS_Name": "DESERT PARADISE MHP LLC", "Primacy_Agency": "AZ", "Population_Served_Count": 90, "Service_Connections_Count": 42, "Service_Area_Type": "Mobile Home Park", "Verification_Status": "", "Area_SqKM": 0.052193875402363206}, "geometry": {"type": "Point", "coordinates": [-111.04874654975465, 31.74540496687995]}}, {"type": "Feature", "properties": {"PWSID": "AZ0420419", "PWS_Name": "SANTA RITA HEIGHTS MHP", "Primacy_Agency": "AZ", "Population_Served_Count": 50, "Service_Connections_Count": 50, "Service_Area_Type": "Mobile Home Park", "Verification_Status": "", "Area_SqKM": 0.06173832026341759}, "geometry": {"type": "Point", "coordinates": [-110.9261499715003, 31.937587357304974]}}, {"type": "Feature", "properties": {"PWSID": "AZ0420197", "PWS_Name": "CACTUS COUNTRY RV RESORT", "Primacy_Agency": "AZ", "Population_Served_Count": 420, "Service_Connections_Count": 263, "Service_Area_Type": "Mobile Home Park", "Verification_Status": "", "Area_SqKM": 0.08184379554222777}, "geometry": {"type": "Point", "coordinates": [-110.7644507201164, 32.06796109989766]}}, {"type": "Feature", "properties": {"PWSID": "AZ0420175", "PWS_Name": "LOS ARBOLES MOBILE HOME PARK", "Primacy_Agency": "AZ", "Population_Served_Count": 303, "Service_Connections_Count": 101, "Service_Area_Type": "Mobile Home Park", "Verification_Status": "", "Area_SqKM": 0.08373384966632648}, "geometry": {"type": "Point", "coordinates": [-110.9709993426353, 31.938567071575683]}}, {"type": "Feature", "properties": {"PWSID": "AZ0412311", "PWS_Name": "TOWN & COUNTRY - PRESTON", "Primacy_Agency": "AZ", "Population_Served_Count": 430, "Service_Connections_Count": 90, "Service_Area_Type": "Mobile Home Park - Principal Residence", "Verification_Status": "", "Area_SqKM": 0.17190550284284695}, "geometry": {"type": "Point", "coordinates": [-110.93823858577728, 31.368975385501916]}}, {"type": "Feature", "properties": {"PWSID": "AZ0410123", "PWS_Name": "SAHUARITA VILLAGE WATER COMPANY", "Primacy_Agency": "AZ", "Population_Served_Count": 93, "Service_Connections_Count": 31, "Service_Area_Type": "Residential Area", "Verification_Status": "", "Area_SqKM": 0.32366980541005647}, "geometry": {"type": "Point", "coordinates": [-110.9664233002978, 31.96368001981086]}}, {"type": "Feature", "properties": {"PWSID": "AZ0410152", "PWS_Name": "VALLE VERDE DEL NORTE", "Primacy_Agency": "AZ", "Population_Served_Count": 300, "Service_Connections_Count": 105, "Service_Area_Type": "Residential Area", "Verification_Status": "", "Area_SqKM": 0.5169686829439}, "geometry": {"type": "Point", "coordinates": [-110.9829078399496, 31.92446871998832]}}, {"type": "Feature", "properties": {"PWSID": "AZ0412044", "PWS_Name": "AVALON GARDENS WATER SYSTEM", "Primacy_Agency": "AZ", "Population_Served_Count": 100, "Service_Connections_Count": 8, "Service_Area_Type": "Other Residential", "Verification_Status": "", "Area_SqKM": 0.5884471321576981}, "geometry": {"type": "Point", "coordinates": [-111.04087058463232, 31.575333977069597]}}, {"type": "Feature", "properties": {"PWSID": "AZ0410063", "PWS_Name": "LAKEWOOD ESTATES WATER COMPANY", "Primacy_Agency": "AZ", "Population_Served_Count": 764, "Service_Connections_Count": 313, "Service_Area_Type": "Residential Area", "Verification_Status": "", "Area_SqKM": 1.6464495312549663}, "geometry": {"type": "Point", "coordinates": [-111.0720256900161, 31.729434590082214]}}, {"type": "Feature", "properties": {"PWSID": "AZ0410414", "PWS_Name": "GW FARMERS WATER CO - SAHUARITA HIGHLAND", "Primacy_Agency": "AZ", "Population_Served_Count": 416, "Service_Connections_Count": 164, "Service_Area_Type": "Residential Area", "Verification_Status": "", "Area_SqKM": 2.6304736483393762}, "geometry": {"type": "Point", "coordinates": [-110.92037591988439, 31.92253476029878]}}, {"type": "Feature", "properties": {"PWSID": "AZ0410213", "PWS_Name": "GW FARMERS WATER CO - SANTA RITA SPRINGS", "Primacy_Agency": "AZ", "Population_Served_Count": 3990, "Service_Connections_Count": 1330, "Service_Area_Type": "Residential Area", "Verification_Status": "", "Area_SqKM": 2.8167891347936376}, "geometry": {"type": "Point", "coordinates": [-110.99857755442572, 31.82615785456369]}}, {"type": "Feature", "properties": {"PWSID": "AZ0420557", "PWS_Name": "ADOC TUCSON", "Primacy_Agency": "AZ", "Population_Served_Count": 4500, "Service_Connections_Count": 23, "Service_Area_Type": "Other Residential", "Verification_Status": "", "Area_SqKM": 2.841870759950013}, "geometry": {"type": "Point", "coordinates": [-110.865557900178, 32.069049499891854]}}, {"type": "Feature", "properties": {"PWSID": "AZ0410410", "PWS_Name": "LA CASITA WATER COMPANY 2", "Primacy_Agency": "AZ", "Population_Served_Count": 261, "Service_Connections_Count": 107, "Service_Area_Type": "Residential Area", "Verification_Status": "", "Area_SqKM": 2.859995790935278}, "geometry": {"type": "Point", "coordinates": [-110.93932530023442, 32.07108545723907]}}, {"type": "Feature", "properties": {"PWSID": "AZ0410409", "PWS_Name": "LA CASITA WATER COMPANY 1", "Primacy_Agency": "AZ", "Population_Served_Count": 174, "Service_Connections_Count": 71, "Service_Area_Type": "Residential Area", "Verification_Status": "", "Area_SqKM": 2.8630275205541547}, "geometry": {"type": "Point", "coordinates": [-110.93930512869315, 32.0710854574566]}}, {"type": "Feature", "properties": {"PWSID": "AZ0420606", "PWS_Name": "LA CASITA WATER COMPANY 3", "Primacy_Agency": "AZ", "Population_Served_Count": 605, "Service_Connections_Count": 248, "Service_Area_Type": "Residential Area", "Verification_Status": "", "Area_SqKM": 2.872293627573812}, "geometry": {"type": "Point", "coordinates": [-110.93771806029699, 32.06605244007754]}}, {"type": "Feature", "properties": {"PWSID": "AZ0412015", "PWS_Name": "KINO RANCH 2", "Primacy_Agency": "AZ", "Population_Served_Count": 109, "Service_Connections_Count": 56, "Service_Area_Type": "Residential Area", "Verification_Status": "", "Area_SqKM": 3.284827573319614}, "geometry": {"type": "Point", "coordinates": [-110.81123103951627, 31.355439678983352]}}, {"type": "Feature", "properties": {"PWSID": "AZ0410064", "PWS_Name": "GW SAGUARO DIST WATER CO - LAS QUINTAS", "Primacy_Agency": "AZ", "Population_Served_Count": 3720, "Service_Connections_Count": 1240, "Service_Area_Type": "Residential Area", "Verification_Status": "", "Area_SqKM": 6.607992762247212}, "geometry": {"type": "Point", "coordinates": [-111.01105458679812, 31.93415036669183]}}, {"type": "Feature", "properties": {"PWSID": "AZ0412009", "PWS_Name": "VALLE VERDE WATER COMPANY - EAST", "Primacy_Agency": "AZ", "Population_Served_Count": 2331, "Service_Connections_Count": 815, "Service_Area_Type": "Residential Area", "Verification_Status": "", "Area_SqKM": 8.474546608010328}, "geometry": {"type": "Point", "coordinates": [-110.95615734481775, 31.398065062192845]}}, {"type": "Feature", "properties": {"PWSID": "AZ0412037", "PWS_Name": "BACA FLOAT WATER COMPANY", "Primacy_Agency": "AZ", "Population_Served_Count": 1090, "Service_Connections_Count": 436, "Service_Area_Type": "Residential Area", "Verification_Status": "", "Area_SqKM": 9.054852675125671}, "geometry": {"type": "Point", "coordinates": [-111.03685324609107, 31.597922923009154]}}, {"type": "Feature", "properties": {"PWSID": "AZ0410262", "PWS_Name": "QUAIL CREEK WATER COMPANY", "Primacy_Agency": "AZ", "Population_Served_Count": 6812, "Service_Connections_Count": 3406, "Service_Area_Type": "Residential Area", "Verification_Status": "", "Area_SqKM": 9.516706351229711}, "geometry": {"type": "Point", "coordinates": [-110.94856953986621, 31.881698590125108]}}, {"type": "Feature", "properties": {"PWSID": "AZ0410312", "PWS_Name": "SAHUARITA WATER COMPANY", "Primacy_Agency": "AZ", "Population_Served_Count": 18178, "Service_Connections_Count": 7002, "Service_Area_Type": "Residential Area", "Verification_Status": "", "Area_SqKM": 9.747663319766685}, "geometry": {"type": "Point", "coordinates": [-110.97782693541211, 31.9707329233425]}}, {"type": "Feature", "properties": {"PWSID": "AZ0412006", "PWS_Name": "PATAGONIA WATER DEPARTMENT", "Primacy_Agency": "AZ", "Population_Served_Count": 819, "Service_Connections_Count": 456, "Service_Area_Type": "Residential Area", "Verification_Status": "", "Area_SqKM": 11.377275523222556}, "geometry": {"type": "Point", "coordinates": [-110.73863595299765, 31.54100117658488]}}, {"type": "Feature", "properties": {"PWSID": "AZ0412001", "PWS_Name": "EPCOR - TUBAC", "Primacy_Agency": "AZ", "Population_Served_Count": 2076, "Service_Connections_Count": 716, "Service_Area_Type": "Residential Area", "Verification_Status": "", "Area_SqKM": 16.58638727965304}, "geometry": {"type": "Point", "coordinates": [-111.04920061330621, 31.613480206658345]}}, {"type": "Feature", "properties": {"PWSID": "AZ0410049", "PWS_Name": "GW FARMERS WATER CO \u00e2\u20ac\u201c CONTINENTAL", "Primacy_Agency": "AZ", "Population_Served_Count": 5592, "Service_Connections_Count": 1846, "Service_Area_Type": "Residential Area", "Verification_Status": "", "Area_SqKM": 19.403834580681277}, "geometry": {"type": "Point", "coordinates": [-110.98554760907227, 31.847542822765174]}}, {"type": "Feature", "properties": {"PWSID": "AZ0407056", "PWS_Name": "EPCOR - PARADISE VALLEY/SCOTTSDALE", "Primacy_Agency": "AZ", "Population_Served_Count": 14107, "Service_Connections_Count": 5643, "Service_Area_Type": "Residential Area", "Verification_Status": "", "Area_SqKM": 23.806129976445998}, "geometry": {"type": "Point", "coordinates": [-111.94615181951255, 33.531037643934006]}}, {"type": "Feature", "properties": {"PWSID": "AZ0410169", "PWS_Name": "TUCSON WATER CORONA DE TUCSON", "Primacy_Agency": "AZ", "Population_Served_Count": 10217, "Service_Connections_Count": 3649, "Service_Area_Type": "Residential Area", "Verification_Status": "", "Area_SqKM": 24.84700359363228}, "geometry": {"type": "Point", "coordinates": [-110.77751170161326, 31.955767867762194]}}, {"type": "Feature", "properties": {"PWSID": "AZ0410004", "PWS_Name": "COMMUNITY WC OF GREEN VALLEY", "Primacy_Agency": "AZ", "Population_Served_Count": 22085, "Service_Connections_Count": 11215, "Service_Area_Type": "Municipality", "Verification_Status": "", "Area_SqKM": 25.699162433446045}, "geometry": {"type": "Point", "coordinates": [-110.98971236132716, 31.879737093607297]}}, {"type": "Feature", "properties": {"PWSID": "AZ0410048", "PWS_Name": "GW FARMERS WATER CO \u00e2\u20ac\u201c SAHUARITA", "Primacy_Agency": "AZ", "Population_Served_Count": 492, "Service_Connections_Count": 164, "Service_Area_Type": "Residential Area", "Verification_Status": "", "Area_SqKM": 28.334539981277807}, "geometry": {"type": "Point", "coordinates": [-110.95112510498309, 31.947986384966015]}}, {"type": "Feature", "properties": {"PWSID": "AZ0410157", "PWS_Name": "GREEN VALLEY DWID", "Primacy_Agency": "AZ", "Population_Served_Count": 8687, "Service_Connections_Count": 4521, "Service_Area_Type": "Residential Area", "Verification_Status": "", "Area_SqKM": 34.8684370664679}, "geometry": {"type": "Point", "coordinates": [-111.01489425384986, 31.803328084712795]}}, {"type": "Feature", "properties": {"PWSID": "AZ0411131", "PWS_Name": "GW SANTA CRUZ WATER CO", "Primacy_Agency": "AZ", "Population_Served_Count": 50790, "Service_Connections_Count": 17123, "Service_Area_Type": "Residential Area", "Verification_Status": "", "Area_SqKM": 42.07305604320824}, "geometry": {"type": "Point", "coordinates": [-112.0260160104978, 33.05265448599887]}}, {"type": "Feature", "properties": {"PWSID": "AZ0412004", "PWS_Name": "NOGALES CITY OF", "Primacy_Agency": "AZ", "Population_Served_Count": 22000, "Service_Connections_Count": 5400, "Service_Area_Type": "Residential Area", "Verification_Status": "", "Area_SqKM": 52.8351649255413}, "geometry": {"type": "Point", "coordinates": [-110.94783410543245, 31.380412894665458]}}, {"type": "Feature", "properties": {"PWSID": "AZ0412011", "PWS_Name": "LIBERTY WATER RIO RICO", "Primacy_Agency": "AZ", "Population_Served_Count": 17960, "Service_Connections_Count": 7184, "Service_Area_Type": "Residential Area", "Verification_Status": "", "Area_SqKM": 228.38722090221088}, "geometry": {"type": "Point", "coordinates": [-110.97472907138571, 31.554938921350953]}}, {"type": "Feature", "properties": {"PWSID": "AZ0410268", "PWS_Name": "SHAE WATER COMPANY", "Primacy_Agency": "AZ", "Population_Served_Count": 54, "Service_Connections_Count": 18, "Service_Area_Type": "Residential Area", "Verification_Status": "", "Area_SqKM": 0.0374063868778054}, "geometry": {"type": "Point", "coordinates": [-110.95317538958616, 31.41960831389181]}}, {"type": "Feature", "properties": {"PWSID": "AZ0420600", "PWS_Name": "PITA WATER COMPANY", "Primacy_Agency": "AZ", "Population_Served_Count": 54, "Service_Connections_Count": 18, "Service_Area_Type": "Residential Area", "Verification_Status": "", "Area_SqKM": 0.3009838568620583}, "geometry": {"type": "Point", "coordinates": [-111.07640961646551, 31.728906516810117]}}, {"type": "Feature", "properties": {"PWSID": "AZ0410047", "PWS_Name": "SASABE BORDER VILLAGE", "Primacy_Agency": "AZ", "Population_Served_Count": 42, "Service_Connections_Count": 20, "Service_Area_Type": "Residential Area", "Verification_Status": "", "Area_SqKM": 0.3062632925697417}, "geometry": {"type": "Point", "coordinates": [-111.54399313311407, 31.489914526691994]}}, {"type": "Feature", "properties": {"PWSID": "AZ0410317", "PWS_Name": "GW SAGUARO DIST WATER CO - AMBER ANN", "Primacy_Agency": "AZ", "Population_Served_Count": 108, "Service_Connections_Count": 36, "Service_Area_Type": "Residential Area", "Verification_Status": "", "Area_SqKM": 0.3263987954704932}, "geometry": {"type": "Point", "coordinates": [-111.27209535985821, 32.03572309998414]}}, {"type": "Feature", "properties": {"PWSID": "AZ0410269", "PWS_Name": "WELLS FARGO WATER COMPANY", "Primacy_Agency": "AZ", "Population_Served_Count": 83, "Service_Connections_Count": 34, "Service_Area_Type": "Residential Area", "Verification_Status": "", "Area_SqKM": 0.4863003557551241}, "geometry": {"type": "Point", "coordinates": [-111.27864488596742, 32.04945078575986]}}, {"type": "Feature", "properties": {"PWSID": "AZ0420598", "PWS_Name": "DEEP WELL COOP", "Primacy_Agency": "AZ", "Population_Served_Count": 26, "Service_Connections_Count": 17, "Service_Area_Type": "Residential Area", "Verification_Status": "", "Area_SqKM": 0.563160488644363}, "geometry": {"type": "Point", "coordinates": [-111.278047255531, 32.03617745554321]}}, {"type": "Feature", "properties": {"PWSID": "AZ0410270", "PWS_Name": "TUCSON WATER - SIERRITA FOOTHILLS", "Primacy_Agency": "AZ", "Population_Served_Count": 84, "Service_Connections_Count": 30, "Service_Area_Type": "Residential Area", "Verification_Status": "", "Area_SqKM": 0.5791940717676868}, "geometry": {"type": "Point", "coordinates": [-111.2755933870098, 32.023852006471365]}}, {"type": "Feature", "properties": {"PWSID": "AZ0410265", "PWS_Name": "WILDFLOWER WATER COOP", "Primacy_Agency": "AZ", "Population_Served_Count": 157, "Service_Connections_Count": 64, "Service_Area_Type": "Residential Area", "Verification_Status": "", "Area_SqKM": 0.643145619776849}, "geometry": {"type": "Point", "coordinates": [-111.27030461990259, 32.04148443991216]}}, {"type": "Feature", "properties": {"PWSID": "AZ0410208", "PWS_Name": "SIERRITA MOUNTAIN WATER COOP", "Primacy_Agency": "AZ", "Population_Served_Count": 258, "Service_Connections_Count": 67, "Service_Area_Type": "Residential Area", "Verification_Status": "", "Area_SqKM": 0.64849076962614}, "geometry": {"type": "Point", "coordinates": [-111.27021783995119, 32.05602775996258]}}, {"type": "Feature", "properties": {"PWSID": "AZ0410283", "PWS_Name": "GW SAGUARO DIST WATER CO -  TALA WAY", "Primacy_Agency": "AZ", "Population_Served_Count": 255, "Service_Connections_Count": 85, "Service_Area_Type": "Residential Area", "Verification_Status": "", "Area_SqKM": 0.6528196025781904}, "geometry": {"type": "Point", "coordinates": [-111.270251220269, 32.06330393971856]}}, {"type": "Feature", "properties": {"PWSID": "AZ0410188", "PWS_Name": "DESERT WATER COOP", "Primacy_Agency": "AZ", "Population_Served_Count": 150, "Service_Connections_Count": 51, "Service_Area_Type": "Residential Area", "Verification_Status": "", "Area_SqKM": 0.6528045558573922}, "geometry": {"type": "Point", "coordinates": [-111.27022111987999, 32.05019223981872]}}, {"type": "Feature", "properties": {"PWSID": "AZ0410278", "PWS_Name": "RAINDANCE WATER COOP", "Primacy_Agency": "AZ", "Population_Served_Count": 148, "Service_Connections_Count": 59, "Service_Area_Type": "Residential Area", "Verification_Status": "", "Area_SqKM": 0.6607259538484298}, "geometry": {"type": "Point", "coordinates": [-111.2790062398356, 32.04147977939018]}}, {"type": "Feature", "properties": {"PWSID": "AZ0410002", "PWS_Name": "ARIVACA TOWNSITE WATER COOP", "Primacy_Agency": "AZ", "Population_Served_Count": 150, "Service_Connections_Count": 165, "Service_Area_Type": "Residential Area", "Verification_Status": "", "Area_SqKM": 0.6744423929792484}, "geometry": {"type": "Point", "coordinates": [-111.332840353731, 31.575926530645038]}}, {"type": "Feature", "properties": {"PWSID": "AZ0410286", "PWS_Name": "RANCHO SIERRITA WELL ASSOC", "Primacy_Agency": "AZ", "Population_Served_Count": 55, "Service_Connections_Count": 30, "Service_Area_Type": "Residential Area", "Verification_Status": "", "Area_SqKM": 0.7852019972135272}, "geometry": {"type": "Point", "coordinates": [-111.27635949993069, 32.022595569015444]}}, {"type": "Feature", "properties": {"PWSID": "AZ0410178", "PWS_Name": "GW SAGUARO DIST WATER CO - MIRABELL", "Primacy_Agency": "AZ", "Population_Served_Count": 171, "Service_Connections_Count": 60, "Service_Area_Type": "Residential Area", "Verification_Status": "", "Area_SqKM": 0.8014614922672438}, "geometry": {"type": "Point", "coordinates": [-111.270103299876, 32.02563122852033]}}, {"type": "Feature", "properties": {"PWSID": "AZ0410450", "PWS_Name": "SHILOH WATER COMPANY", "Primacy_Agency": "AZ", "Population_Served_Count": 309, "Service_Connections_Count": 113, "Service_Area_Type": "Residential Area", "Verification_Status": "", "Area_SqKM": 1.4990491605008305}, "geometry": {"type": "Point", "coordinates": [-111.170928625053, 31.894325593501105]}}, {"type": "Feature", "properties": {"PWSID": "AZ0410264", "PWS_Name": "THIM WATER COMPANY 2", "Primacy_Agency": "AZ", "Population_Served_Count": 750, "Service_Connections_Count": 150, "Service_Area_Type": "Residential Area", "Verification_Status": "", "Area_SqKM": 1.8380512018380284}, "geometry": {"type": "Point", "coordinates": [-111.30689011255538, 32.04939448749021]}}, {"type": "Feature", "properties": {"PWSID": "AZ0412040", "PWS_Name": "TRUJILLO TRAIL DWID", "Primacy_Agency": "AZ", "Population_Served_Count": 75, "Service_Connections_Count": 37, "Service_Area_Type": "Residential Area", "Verification_Status": "", "Area_SqKM": 2.5803121586826823}, "geometry": {"type": "Point", "coordinates": [-111.08804919998079, 31.588832279443444]}}, {"type": "Feature", "properties": {"PWSID": "AZ0413026", "PWS_Name": "LAKESIDE WATER COMPANY", "Primacy_Agency": "AZ", "Population_Served_Count": 55, "Service_Connections_Count": 48, "Service_Area_Type": "Mobile Home Park", "Verification_Status": "", "Area_SqKM": 0.02155434712324597}, "geometry": {"type": "Point", "coordinates": [-112.42745264436468, 34.59663892197645]}}, {"type": "Feature", "properties": {"PWSID": "AZ0413408", "PWS_Name": "BEVERLY GARDENS TRAILER PARK", "Primacy_Agency": "AZ", "Population_Served_Count": 120, "Service_Connections_Count": 65, "Service_Area_Type": "Mobile Home Park", "Verification_Status": "", "Area_SqKM": 0.03196601809575244}, "geometry": {"type": "Point", "coordinates": [-112.49258017982879, 34.564069720133]}}, {"type": "Feature", "properties": {"PWSID": "AZ0402061", "PWS_Name": "BISBEE DOUGLAS INTL AIRPORT", "Primacy_Agency": "AZ", "Population_Served_Count": 2600, "Service_Connections_Count": 1, "Service_Area_Type": "Residential Area", "Verification_Status": "", "Area_SqKM": 0.6886678592901637}, "geometry": {"type": "Point", "coordinates": [-109.59570965560044, 31.461025811075793]}}, {"type": "Feature", "properties": {"PWSID": "AZ0410260", "PWS_Name": "DOME WELL COOP", "Primacy_Agency": "AZ", "Population_Served_Count": 25, "Service_Connections_Count": 11, "Service_Area_Type": "Residential Area", "Verification_Status": "", "Area_SqKM": 0.678610528831697}, "geometry": {"type": "Point", "coordinates": [-110.7101051202856, 31.94566517988344]}}, {"type": "Feature", "properties": {"PWSID": "AZ0402110", "PWS_Name": "CS WINCHESTER WATER COMPANY", "Primacy_Agency": "AZ", "Population_Served_Count": 402, "Service_Connections_Count": 157, "Service_Area_Type": "Residential Area", "Verification_Status": "", "Area_SqKM": 0.6595625986453196}, "geometry": {"type": "Point", "coordinates": [-109.92365728032401, 32.41023479983416]}}, {"type": "Feature", "properties": {"PWSID": "AZ0406005", "PWS_Name": "CS LOMA LINDA WATER COMPANY", "Primacy_Agency": "AZ", "Population_Served_Count": 351, "Service_Connections_Count": 137, "Service_Area_Type": "Residential Area", "Verification_Status": "", "Area_SqKM": 0.6441525539287362}, "geometry": {"type": "Point", "coordinates": [-109.2258292603932, 33.01382601989978]}}, {"type": "Feature", "properties": {"PWSID": "AZ0402009", "PWS_Name": "CLOUD NINE WATER COMPANY", "Primacy_Agency": "AZ", "Population_Served_Count": 143, "Service_Connections_Count": 97, "Service_Area_Type": "Residential Area", "Verification_Status": "", "Area_SqKM": 0.6429996993014682}, "geometry": {"type": "Point", "coordinates": [-110.24566695989199, 31.551735739935758]}}, {"type": "Feature", "properties": {"PWSID": "AZ0402015", "PWS_Name": "DRAGOON WATER COMPANY", "Primacy_Agency": "AZ", "Population_Served_Count": 283, "Service_Connections_Count": 115, "Service_Area_Type": "Residential Area", "Verification_Status": "", "Area_SqKM": 0.46465653937303364}, "geometry": {"type": "Point", "coordinates": [-110.037149728707, 32.03021514290637]}}, {"type": "Feature", "properties": {"PWSID": "AZ0402075", "PWS_Name": "STRATMAN WATER COMPANY", "Primacy_Agency": "AZ", "Population_Served_Count": 105, "Service_Connections_Count": 40, "Service_Area_Type": "Residential Area", "Verification_Status": "", "Area_SqKM": 0.32557353980867954}, "geometry": {"type": "Point", "coordinates": [-110.20578758878811, 31.87301776688338]}}, {"type": "Feature", "properties": {"PWSID": "AZ0409031", "PWS_Name": "TOWN OF TAYLOR", "Primacy_Agency": "AZ", "Population_Served_Count": 4190, "Service_Connections_Count": 1505, "Service_Area_Type": "Municipality", "Verification_Status": "", "Area_SqKM": 85.35695851024643}, "geometry": {"type": "Point", "coordinates": [-110.07589754281364, 34.43401130721186]}}, {"type": "Feature", "properties": {"PWSID": "AZ0401012", "PWS_Name": "ST JOHNS CITY OF", "Primacy_Agency": "AZ", "Population_Served_Count": 3500, "Service_Connections_Count": 1275, "Service_Area_Type": "Municipality", "Verification_Status": "", "Area_SqKM": 70.05748262948494}, "geometry": {"type": "Point", "coordinates": [-109.37424945585445, 34.490948988882565]}}, {"type": "Feature", "properties": {"PWSID": "AZ0409004", "PWS_Name": "ARIZONA WATER CO - OVERGAARD", "Primacy_Agency": "AZ", "Population_Served_Count": 13797, "Service_Connections_Count": 4534, "Service_Area_Type": "Residential Area", "Verification_Status": "", "Area_SqKM": 39.42252425202657}, "geometry": {"type": "Point", "coordinates": [-110.57657547331436, 34.410124163465795]}}, {"type": "Feature", "properties": {"PWSID": "AZ0401013", "PWS_Name": "SPRINGERVILLE TOWN OF", "Primacy_Agency": "AZ", "Population_Served_Count": 1972, "Service_Connections_Count": 764, "Service_Area_Type": "Residential Area", "Verification_Status": "", "Area_SqKM": 14.762766878581889}, "geometry": {"type": "Point", "coordinates": [-109.27721638613801, 34.130691720995266]}}, {"type": "Feature", "properties": {"PWSID": "AZ0409034", "PWS_Name": "VOYAGER AT WHITE MOUNTAIN LAKES WC", "Primacy_Agency": "AZ", "Population_Served_Count": 1997, "Service_Connections_Count": 779, "Service_Area_Type": "Residential Area", "Verification_Status": "", "Area_SqKM": 13.944323839185468}, "geometry": {"type": "Point", "coordinates": [-109.98745524708035, 34.35957682947227]}}, {"type": "Feature", "properties": {"PWSID": "AZ0410158", "PWS_Name": "TUCSON WATER - VALLEY VIEW ACRES", "Primacy_Agency": "AZ", "Population_Served_Count": 448, "Service_Connections_Count": 160, "Service_Area_Type": "Residential Area", "Verification_Status": "", "Area_SqKM": 3.0893231945282236}, "geometry": {"type": "Point", "coordinates": [-111.23708401429586, 32.04594868558929]}}, {"type": "Feature", "properties": {"PWSID": "AZ0410159", "PWS_Name": "TUCSON WATER - DIAMOND BELL", "Primacy_Agency": "AZ", "Population_Served_Count": 591, "Service_Connections_Count": 211, "Service_Area_Type": "Residential Area", "Verification_Status": "", "Area_SqKM": 10.406503947455555}, "geometry": {"type": "Point", "coordinates": [-111.31377928174037, 31.995533072772755]}}, {"type": "Feature", "properties": {"PWSID": "AZ0411012", "PWS_Name": "ARIZONA WATER CO - STANFIELD", "Primacy_Agency": "AZ", "Population_Served_Count": 639, "Service_Connections_Count": 196, "Service_Area_Type": "Residential Area", "Verification_Status": "", "Area_SqKM": 71.85470416100412}, "geometry": {"type": "Point", "coordinates": [-112.0023205124265, 32.87870422082319]}}, {"type": "Feature", "properties": {"PWSID": "AZ0410282", "PWS_Name": "HIGH CHAPARRAL WATER COOP", "Primacy_Agency": "AZ", "Population_Served_Count": 72, "Service_Connections_Count": 29, "Service_Area_Type": "Residential Area", "Verification_Status": "", "Area_SqKM": 1.0402336267330674}, "geometry": {"type": "Point", "coordinates": [-111.2664974153685, 32.06717628213657]}}, {"type": "Feature", "properties": {"PWSID": "AZ0413122", "PWS_Name": "SOFTWINDS MOBILE HOME PARK", "Primacy_Agency": "AZ", "Population_Served_Count": 70, "Service_Connections_Count": 52, "Service_Area_Type": "Mobile Home Park", "Verification_Status": "", "Area_SqKM": 0.031602365990183436}, "geometry": {"type": "Point", "coordinates": [-112.246002999818, 34.530796739814264]}}, {"type": "Feature", "properties": {"PWSID": "AZ0413193", "PWS_Name": "CHIMNEY ESTATES", "Primacy_Agency": "AZ", "Population_Served_Count": 90, "Service_Connections_Count": 60, "Service_Area_Type": "Mobile Home Park", "Verification_Status": "", "Area_SqKM": 0.03432573252707822}, "geometry": {"type": "Point", "coordinates": [-112.22680563340784, 34.399489716483366]}}, {"type": "Feature", "properties": {"PWSID": "AZ0413330", "PWS_Name": "RANCHO VIDA RV PARK", "Primacy_Agency": "AZ", "Population_Served_Count": 57, "Service_Connections_Count": 30, "Service_Area_Type": "Mobile Home Park", "Verification_Status": "", "Area_SqKM": 0.06604180040849698}, "geometry": {"type": "Point", "coordinates": [-112.71218444416745, 34.41543111118082]}}, {"type": "Feature", "properties": {"PWSID": "AZ0413055", "PWS_Name": "ACME WATER - BLUE HILLS", "Primacy_Agency": "AZ", "Population_Served_Count": 138, "Service_Connections_Count": 62, "Service_Area_Type": "Residential Area", "Verification_Status": "", "Area_SqKM": 0.07644984170146257}, "geometry": {"type": "Point", "coordinates": [-112.24947931988761, 34.53783584018796]}}, {"type": "Feature", "properties": {"PWSID": "AZ0413043", "PWS_Name": "PINEHURST WATER COMPANY", "Primacy_Agency": "AZ", "Population_Served_Count": 54, "Service_Connections_Count": 34, "Service_Area_Type": "Other Residential", "Verification_Status": "", "Area_SqKM": 0.08357170430962657}, "geometry": {"type": "Point", "coordinates": [-112.4460333998974, 34.491241840033396]}}, {"type": "Feature", "properties": {"PWSID": "AZ0413049", "PWS_Name": "SHERMAN PINES WATER COMPANY", "Primacy_Agency": "AZ", "Population_Served_Count": 110, "Service_Connections_Count": 43, "Service_Area_Type": "Homeowners Association", "Verification_Status": "", "Area_SqKM": 0.11642150913019349}, "geometry": {"type": "Point", "coordinates": [-112.43964587029429, 34.51774950362922]}}, {"type": "Feature", "properties": {"PWSID": "AZ0413029", "PWS_Name": "ACME WATER -DELLS WATER", "Primacy_Agency": "AZ", "Population_Served_Count": 163, "Service_Connections_Count": 79, "Service_Area_Type": "Residential Area", "Verification_Status": "", "Area_SqKM": 0.16643330701203424}, "geometry": {"type": "Point", "coordinates": [-112.42748687269955, 34.59470891818899]}}, {"type": "Feature", "properties": {"PWSID": "AZ0402012", "PWS_Name": "POMERENE DWID", "Primacy_Agency": "AZ", "Population_Served_Count": 2830, "Service_Connections_Count": 425, "Service_Area_Type": "Residential Area", "Verification_Status": "", "Area_SqKM": 1.9520683040092701}, "geometry": {"type": "Point", "coordinates": [-110.28584027108728, 31.997773728330554]}}, {"type": "Feature", "properties": {"PWSID": "AZ0406004", "PWS_Name": "CS VERDE LEE WATER COMPANY", "Primacy_Agency": "AZ", "Population_Served_Count": 604, "Service_Connections_Count": 236, "Service_Area_Type": "Residential Area", "Verification_Status": "", "Area_SqKM": 1.9607227171709172}, "geometry": {"type": "Point", "coordinates": [-109.254428400196, 33.0146492196154]}}, {"type": "Feature", "properties": {"PWSID": "AZ0402041", "PWS_Name": "LA COSTA WATER USERS ASSOC", "Primacy_Agency": "AZ", "Population_Served_Count": 30, "Service_Connections_Count": 16, "Service_Area_Type": "Residential Area", "Verification_Status": "", "Area_SqKM": 1.9879067084138817}, "geometry": {"type": "Point", "coordinates": [-109.55386826675834, 31.41951344466508]}}, {"type": "Feature", "properties": {"PWSID": "AZ0412321", "PWS_Name": "RED ROCK ACRES HOA", "Primacy_Agency": "AZ", "Population_Served_Count": 23, "Service_Connections_Count": 20, "Service_Area_Type": "Residential Area", "Verification_Status": "", "Area_SqKM": 2.014711937122901}, "geometry": {"type": "Point", "coordinates": [-110.72681226933346, 31.5390724770139]}}, {"type": "Feature", "properties": {"PWSID": "AZ0402120", "PWS_Name": "SULGER WATER COMPANY 2", "Primacy_Agency": "AZ", "Population_Served_Count": 67, "Service_Connections_Count": 26, "Service_Area_Type": "Residential Area", "Verification_Status": "", "Area_SqKM": 2.188997368101109}, "geometry": {"type": "Point", "coordinates": [-110.34248877773545, 31.719942178068422]}}, {"type": "Feature", "properties": {"PWSID": "AZ0402006", "PWS_Name": "BOWIE WID", "Primacy_Agency": "AZ", "Population_Served_Count": 489, "Service_Connections_Count": 199, "Service_Area_Type": "Residential Area", "Verification_Status": "", "Area_SqKM": 2.363043473981544}, "geometry": {"type": "Point", "coordinates": [-109.48515968323817, 32.326251366816585]}}, {"type": "Feature", "properties": {"PWSID": "AZ0412005", "PWS_Name": "SONOITA VALLEY (SOUTH) WATER COMPANY", "Primacy_Agency": "AZ", "Population_Served_Count": 169, "Service_Connections_Count": 59, "Service_Area_Type": "Residential Area", "Verification_Status": "", "Area_SqKM": 2.55371849328396}, "geometry": {"type": "Point", "coordinates": [-110.6488322000508, 31.65231697991946]}}, {"type": "Feature", "properties": {"PWSID": "AZ0402036", "PWS_Name": "CS SUNIZONA WATER COMPANY", "Primacy_Agency": "AZ", "Population_Served_Count": 136, "Service_Connections_Count": 53, "Service_Area_Type": "Residential Area", "Verification_Status": "", "Area_SqKM": 2.6131486906417303}, "geometry": {"type": "Point", "coordinates": [-109.688398180113, 31.88522829995576]}}, {"type": "Feature", "properties": {"PWSID": "AZ0412308", "PWS_Name": "SONOITA VALLEY (NORTH) WATER COMPANY", "Primacy_Agency": "AZ", "Population_Served_Count": 49, "Service_Connections_Count": 17, "Service_Area_Type": "Residential Area", "Verification_Status": "", "Area_SqKM": 2.6174812590256145}, "geometry": {"type": "Point", "coordinates": [-110.64436438335066, 31.677476933234132]}}, {"type": "Feature", "properties": {"PWSID": "AZ0402094", "PWS_Name": "EAST SLOPE WATER - WEST", "Primacy_Agency": "AZ", "Population_Served_Count": 655, "Service_Connections_Count": 262, "Service_Area_Type": "Residential Area", "Verification_Status": "", "Area_SqKM": 2.7275895860376873}, "geometry": {"type": "Point", "coordinates": [-110.2820950101021, 31.48499176998494]}}, {"type": "Feature", "properties": {"PWSID": "AZ0402038", "PWS_Name": "WHETSTONE DWID", "Primacy_Agency": "AZ", "Population_Served_Count": 940, "Service_Connections_Count": 370, "Service_Area_Type": "Residential Area", "Verification_Status": "", "Area_SqKM": 2.953241077298545}, "geometry": {"type": "Point", "coordinates": [-110.34193166655112, 31.713940744414465]}}, {"type": "Feature", "properties": {"PWSID": "AZ0402024", "PWS_Name": "NACO WATER CO MAIN", "Primacy_Agency": "AZ", "Population_Served_Count": 658, "Service_Connections_Count": 263, "Service_Area_Type": "Residential Area", "Verification_Status": "", "Area_SqKM": 2.9724728604021187}, "geometry": {"type": "Point", "coordinates": [-109.9462602398064, 31.344213099913702]}}, {"type": "Feature", "properties": {"PWSID": "AZ0402049", "PWS_Name": "CLEAR SPRINGS UTILITY WELL 6", "Primacy_Agency": "AZ", "Population_Served_Count": 48, "Service_Connections_Count": 19, "Service_Area_Type": "Residential Area", "Verification_Status": "", "Area_SqKM": 3.053273567220283}, "geometry": {"type": "Point", "coordinates": [-109.8381872028724, 31.94759047094916]}}, {"type": "Feature", "properties": {"PWSID": "AZ0402008", "PWS_Name": "CLEAR SPRINGS UTILITY MAIN", "Primacy_Agency": "AZ", "Population_Served_Count": 1385, "Service_Connections_Count": 554, "Service_Area_Type": "Residential Area", "Verification_Status": "", "Area_SqKM": 3.0595644224865004}, "geometry": {"type": "Point", "coordinates": [-109.8395180831965, 31.9485577996638]}}, {"type": "Feature", "properties": {"PWSID": "AZ0402028", "PWS_Name": "EAST SLOPE WATER COMPANY", "Primacy_Agency": "AZ", "Population_Served_Count": 1980, "Service_Connections_Count": 792, "Service_Area_Type": "Residential Area", "Verification_Status": "", "Area_SqKM": 3.5242193175775354}, "geometry": {"type": "Point", "coordinates": [-110.24922588397915, 31.480133541686296]}}, {"type": "Feature", "properties": {"PWSID": "AZ0405007", "PWS_Name": "ASH CREEK WATER COMPANY", "Primacy_Agency": "AZ", "Population_Served_Count": 310, "Service_Connections_Count": 132, "Service_Area_Type": "Residential Area", "Verification_Status": "", "Area_SqKM": 3.5372409725950043}, "geometry": {"type": "Point", "coordinates": [-109.833947395875, 32.841554895941954]}}, {"type": "Feature", "properties": {"PWSID": "AZ0402112", "PWS_Name": "NACO WATER CO BISBEE", "Primacy_Agency": "AZ", "Population_Served_Count": 138, "Service_Connections_Count": 55, "Service_Area_Type": "Residential Area", "Verification_Status": "", "Area_SqKM": 3.960792779171888}, "geometry": {"type": "Point", "coordinates": [-109.88218445748721, 31.352602714882856]}}, {"type": "Feature", "properties": {"PWSID": "AZ0411018", "PWS_Name": "MAMMOTH TOWN OF", "Primacy_Agency": "AZ", "Population_Served_Count": 1181, "Service_Connections_Count": 539, "Service_Area_Type": "Residential Area", "Verification_Status": "", "Area_SqKM": 4.416982916107296}, "geometry": {"type": "Point", "coordinates": [-110.64609355004801, 32.723172256361515]}}, {"type": "Feature", "properties": {"PWSID": "AZ0402125", "PWS_Name": "WHETSTONE RANCH WATER SYSTEM", "Primacy_Agency": "AZ", "Population_Served_Count": 183, "Service_Connections_Count": 105, "Service_Area_Type": "Residential Area", "Verification_Status": "", "Area_SqKM": 4.488190022790332}, "geometry": {"type": "Point", "coordinates": [-110.33182562749901, 31.925612108927737]}}, {"type": "Feature", "properties": {"PWSID": "AZ0402052", "PWS_Name": "MESCAL LAKES WATER SYSTEM", "Primacy_Agency": "AZ", "Population_Served_Count": 1390, "Service_Connections_Count": 556, "Service_Area_Type": "Residential Area", "Verification_Status": "", "Area_SqKM": 4.885697732421352}, "geometry": {"type": "Point", "coordinates": [-110.43291652199377, 31.97947497775054]}}, {"type": "Feature", "properties": {"PWSID": "AZ0402033", "PWS_Name": "TOMBSTONE CITY OF", "Primacy_Agency": "AZ", "Population_Served_Count": 1545, "Service_Connections_Count": 927, "Service_Area_Type": "Municipality", "Verification_Status": "", "Area_SqKM": 4.980715981571129}, "geometry": {"type": "Point", "coordinates": [-110.06222630219227, 31.715418040916823]}}, {"type": "Feature", "properties": {"PWSID": "AZ0402029", "PWS_Name": "SOUTHLAND UTILITIES - GOLDEN ACRES", "Primacy_Agency": "AZ", "Population_Served_Count": 1614, "Service_Connections_Count": 656, "Service_Area_Type": "Residential Area", "Verification_Status": "", "Area_SqKM": 5.208401669565271}, "geometry": {"type": "Point", "coordinates": [-110.24271976821836, 31.49611123930711]}}, {"type": "Feature", "properties": {"PWSID": "AZ0406001", "PWS_Name": "DUNCAN TOWN OF", "Primacy_Agency": "AZ", "Population_Served_Count": 605, "Service_Connections_Count": 300, "Service_Area_Type": "Residential Area", "Verification_Status": "", "Area_SqKM": 5.585222349807276}, "geometry": {"type": "Point", "coordinates": [-109.09557606041388, 32.732135983744044]}}, {"type": "Feature", "properties": {"PWSID": "AZ0406009", "PWS_Name": "HUNTER WATER - TOWN OF DUNCAN", "Primacy_Agency": "AZ", "Population_Served_Count": 185, "Service_Connections_Count": 59, "Service_Area_Type": "Residential Area", "Verification_Status": "", "Area_SqKM": 5.5865578901075015}, "geometry": {"type": "Point", "coordinates": [-109.09702856333263, 32.73217481909961]}}, {"type": "Feature", "properties": {"PWSID": "AZ0402011", "PWS_Name": "SOUTHERN SUNRISE WC COCHISE HORSESHOE", "Primacy_Agency": "AZ", "Population_Served_Count": 1588, "Service_Connections_Count": 619, "Service_Area_Type": "Residential Area", "Verification_Status": "", "Area_SqKM": 5.851732673650948}, "geometry": {"type": "Point", "coordinates": [-110.23076704699582, 31.4480907352925]}}, {"type": "Feature", "properties": {"PWSID": "AZ0402017", "PWS_Name": "ELFRIDA WID", "Primacy_Agency": "AZ", "Population_Served_Count": 800, "Service_Connections_Count": 233, "Service_Area_Type": "Residential Area", "Verification_Status": "", "Area_SqKM": 6.086043693856564}, "geometry": {"type": "Point", "coordinates": [-109.68709140994198, 31.68362541958167]}}, {"type": "Feature", "properties": {"PWSID": "AZ0405001", "PWS_Name": "GRAHAM COUNTY UTILITIES-FORT THOMAS", "Primacy_Agency": "AZ", "Population_Served_Count": 452, "Service_Connections_Count": 187, "Service_Area_Type": "Residential Area", "Verification_Status": "", "Area_SqKM": 6.508840668686323}, "geometry": {"type": "Point", "coordinates": [-109.96549510008272, 33.03424124300901]}}, {"type": "Feature", "properties": {"PWSID": "AZ0402019", "PWS_Name": "TOWN OF HUACHUCA CITY", "Primacy_Agency": "AZ", "Population_Served_Count": 1750, "Service_Connections_Count": 715, "Service_Area_Type": "Residential Area", "Verification_Status": "", "Area_SqKM": 6.541218891307154}, "geometry": {"type": "Point", "coordinates": [-110.33343016802725, 31.63851920006776]}}, {"type": "Feature", "properties": {"PWSID": "AZ0402122", "PWS_Name": "EMPIRITA WATER COMPANY", "Primacy_Agency": "AZ", "Population_Served_Count": 120, "Service_Connections_Count": 81, "Service_Area_Type": "Residential Area", "Verification_Status": "", "Area_SqKM": 7.857045295514316}, "geometry": {"type": "Point", "coordinates": [-110.43455930791649, 31.92863277112194]}}, {"type": "Feature", "properties": {"PWSID": "AZ0410144", "PWS_Name": "GW SAGUARO DIST WATER CO - RINCON", "Primacy_Agency": "AZ", "Population_Served_Count": 261, "Service_Connections_Count": 87, "Service_Area_Type": "Residential Area", "Verification_Status": "", "Area_SqKM": 9.769355817105026}, "geometry": {"type": "Point", "coordinates": [-110.62518123310917, 32.1139237918761]}}, {"type": "Feature", "properties": {"PWSID": "AZ0402018", "PWS_Name": "HOLIDAY WATER COMPANY", "Primacy_Agency": "AZ", "Population_Served_Count": 395, "Service_Connections_Count": 160, "Service_Area_Type": "Residential Area", "Verification_Status": "", "Area_SqKM": 10.391232247986759}, "geometry": {"type": "Point", "coordinates": [-110.03362147996941, 31.7302440801545]}}, {"type": "Feature", "properties": {"PWSID": "AZ0410177", "PWS_Name": "SAGUARO WATER COMPANY", "Primacy_Agency": "AZ", "Population_Served_Count": 3243, "Service_Connections_Count": 1329, "Service_Area_Type": "Residential Area", "Verification_Status": "", "Area_SqKM": 11.588134300564459}, "geometry": {"type": "Point", "coordinates": [-110.686546792222, 32.09244789188821]}}, {"type": "Feature", "properties": {"PWSID": "AZ0402004", "PWS_Name": "ARIZONA WATER CO - SIERRA VISTA", "Primacy_Agency": "AZ", "Population_Served_Count": 9175, "Service_Connections_Count": 3245, "Service_Area_Type": "Residential Area", "Verification_Status": "", "Area_SqKM": 11.702190876647474}, "geometry": {"type": "Point", "coordinates": [-110.23762075860886, 31.552211255150812]}}, {"type": "Feature", "properties": {"PWSID": "AZ0402054", "PWS_Name": "NORTHERN SUNRISE WC MUSTANG CRYSTAL", "Primacy_Agency": "AZ", "Population_Served_Count": 315, "Service_Connections_Count": 137, "Service_Area_Type": "Residential Area", "Verification_Status": "", "Area_SqKM": 12.827286674048679}, "geometry": {"type": "Point", "coordinates": [-110.35655166373982, 31.697419754639483]}}, {"type": "Feature", "properties": {"PWSID": "AZ0402013", "PWS_Name": "NORTHERN SUNRISE WC CORONADO", "Primacy_Agency": "AZ", "Population_Served_Count": 553, "Service_Connections_Count": 228, "Service_Area_Type": "Residential Area", "Verification_Status": "", "Area_SqKM": 12.870775423674546}, "geometry": {"type": "Point", "coordinates": [-110.35657700905209, 31.69743493652269]}}, {"type": "Feature", "properties": {"PWSID": "AZ0406003", "PWS_Name": "MORENCI WATER ELEC CO MAIN", "Primacy_Agency": "AZ", "Population_Served_Count": 4108, "Service_Connections_Count": 1643, "Service_Area_Type": "Residential Area", "Verification_Status": "", "Area_SqKM": 14.947482898477581}, "geometry": {"type": "Point", "coordinates": [-109.31345986474277, 33.05469071767951]}}, {"type": "Feature", "properties": {"PWSID": "AZ0406002", "PWS_Name": "MORENCI WATER ELEC CO CLIFTON", "Primacy_Agency": "AZ", "Population_Served_Count": 1678, "Service_Connections_Count": 671, "Service_Area_Type": "Other Residential", "Verification_Status": "", "Area_SqKM": 14.963891227849853}, "geometry": {"type": "Point", "coordinates": [-109.31342798823636, 33.054686594106876]}}, {"type": "Feature", "properties": {"PWSID": "AZ0402039", "PWS_Name": "ST DAVID DWID", "Primacy_Agency": "AZ", "Population_Served_Count": 1255, "Service_Connections_Count": 527, "Service_Area_Type": "Residential Area", "Verification_Status": "", "Area_SqKM": 17.286798772372368}, "geometry": {"type": "Point", "coordinates": [-110.23209427777257, 31.897949349995844]}}, {"type": "Feature", "properties": {"PWSID": "AZ0402035", "PWS_Name": "CITY OF WILLCOX", "Primacy_Agency": "AZ", "Population_Served_Count": 3757, "Service_Connections_Count": 1806, "Service_Area_Type": "Municipality", "Verification_Status": "", "Area_SqKM": 17.69223544279927}, "geometry": {"type": "Point", "coordinates": [-109.83279083414692, 32.25590187045126]}}, {"type": "Feature", "properties": {"PWSID": "AZ0402044", "PWS_Name": "PUEBLO DEL SOL WATER COMPANY", "Primacy_Agency": "AZ", "Population_Served_Count": 12804, "Service_Connections_Count": 5513, "Service_Area_Type": "Residential Area", "Verification_Status": "", "Area_SqKM": 21.023692982394547}, "geometry": {"type": "Point", "coordinates": [-110.25226864640878, 31.518470235692288]}}, {"type": "Feature", "properties": {"PWSID": "AZ0402078", "PWS_Name": "US ARMY FORT HUACHUCA", "Primacy_Agency": "AZ", "Population_Served_Count": 15603, "Service_Connections_Count": 1625, "Service_Area_Type": "Residential Area", "Verification_Status": "", "Area_SqKM": 21.32118811176867}, "geometry": {"type": "Point", "coordinates": [-110.3505115833283, 31.561376599962994]}}, {"type": "Feature", "properties": {"PWSID": "AZ0402007", "PWS_Name": "BELLA VISTA WATER SOUTH", "Primacy_Agency": "AZ", "Population_Served_Count": 2178, "Service_Connections_Count": 881, "Service_Area_Type": "Residential Area", "Verification_Status": "", "Area_SqKM": 21.506897869806924}, "geometry": {"type": "Point", "coordinates": [-110.247528327294, 31.42707263626719]}}, {"type": "Feature", "properties": {"PWSID": "AZ0402014", "PWS_Name": "DOUGLAS CITY OF", "Primacy_Agency": "AZ", "Population_Served_Count": 16656, "Service_Connections_Count": 6230, "Service_Area_Type": "Residential Area", "Verification_Status": "", "Area_SqKM": 22.250645073772255}, "geometry": {"type": "Point", "coordinates": [-109.54838933998128, 31.353585106649202]}}, {"type": "Feature", "properties": {"PWSID": "AZ0410127", "PWS_Name": "SPANISH TRAIL WATER COMPANY", "Primacy_Agency": "AZ", "Population_Served_Count": 3822, "Service_Connections_Count": 1566, "Service_Area_Type": "Residential Area", "Verification_Status": "", "Area_SqKM": 25.45416664351348}, "geometry": {"type": "Point", "coordinates": [-110.71794032454291, 32.123863187676704]}}, {"type": "Feature", "properties": {"PWSID": "AZ0405003", "PWS_Name": "EDEN WATER COMPANY INC", "Primacy_Agency": "AZ", "Population_Served_Count": 400, "Service_Connections_Count": 107, "Service_Area_Type": "Residential Area", "Verification_Status": "", "Area_SqKM": 32.127222947604025}, "geometry": {"type": "Point", "coordinates": [-109.88697886813496, 32.9443994640865]}}, {"type": "Feature", "properties": {"PWSID": "AZ0410041", "PWS_Name": "VAIL WATER COMPANY", "Primacy_Agency": "AZ", "Population_Served_Count": 16363, "Service_Connections_Count": 6545, "Service_Area_Type": "Residential Area", "Verification_Status": "", "Area_SqKM": 38.10029092459733}, "geometry": {"type": "Point", "coordinates": [-110.71217501956822, 32.04772485488281]}}, {"type": "Feature", "properties": {"PWSID": "AZ0402010", "PWS_Name": "BELLA VISTA CITY WATER SYSTEM", "Primacy_Agency": "AZ", "Population_Served_Count": 20045, "Service_Connections_Count": 8018, "Service_Area_Type": "Residential Area", "Verification_Status": "", "Area_SqKM": 39.20327808079909}, "geometry": {"type": "Point", "coordinates": [-110.23639830937161, 31.569419011729124]}}, {"type": "Feature", "properties": {"PWSID": "AZ0405002", "PWS_Name": "GRAHAM COUNTY UTILITIES - PIMA", "Primacy_Agency": "AZ", "Population_Served_Count": 3799, "Service_Connections_Count": 1632, "Service_Area_Type": "Residential Area", "Verification_Status": "", "Area_SqKM": 47.595880768842115}, "geometry": {"type": "Point", "coordinates": [-109.85252003784035, 32.88481981076723]}}, {"type": "Feature", "properties": {"PWSID": "AZ0402005", "PWS_Name": "BENSON, CITY OF WATER SYSTEM", "Primacy_Agency": "AZ", "Population_Served_Count": 5355, "Service_Connections_Count": 2423, "Service_Area_Type": "Residential Area", "Verification_Status": "", "Area_SqKM": 100.04948601386835}, "geometry": {"type": "Point", "coordinates": [-110.32285724423022, 31.93422688672231]}}, {"type": "Feature", "properties": {"PWSID": "AZ0402001", "PWS_Name": "ARIZONA WATER CO - BISBEE", "Primacy_Agency": "AZ", "Population_Served_Count": 8707, "Service_Connections_Count": 3452, "Service_Area_Type": "Residential Area", "Verification_Status": "", "Area_SqKM": 105.86823066478846}, "geometry": {"type": "Point", "coordinates": [-109.91529361127245, 31.389354444140444]}}, {"type": "Feature", "properties": {"PWSID": "AZ0405005", "PWS_Name": "SAFFORD CITY OF", "Primacy_Agency": "AZ", "Population_Served_Count": 20600, "Service_Connections_Count": 8152, "Service_Area_Type": "Residential Area", "Verification_Status": "", "Area_SqKM": 243.80479421589297}, "geometry": {"type": "Point", "coordinates": [-109.68636052677893, 32.7944514588076]}}, {"type": "Feature", "properties": {"PWSID": "AZ0402023", "PWS_Name": "SOUTHERN SUNRISE WC MIRACLE VALLEY", "Primacy_Agency": "AZ", "Population_Served_Count": 620, "Service_Connections_Count": 272, "Service_Area_Type": "Residential Area", "Verification_Status": "", "Area_SqKM": 1.9484511766300088}, "geometry": {"type": "Point", "coordinates": [-110.17553128685553, 31.464924260714696]}}]}