{"type": "FeatureCollection", "features": [{"type": "Feature", "properties": {"PWSID": "MD0040011", "PWS_Name": "PRINCE FREDERICK", "Primacy_Agency": "MD", "Population_Served_Count": 4371, "Service_Connections_Count": 1561, "Service_Area_Type": "Residential Area", "Verification_Status": "", "Area_SqKM": 7.023133145911584}, "geometry": {"type": "Point", "coordinates": [-76.59267637957481, 38.54552667284111]}}, {"type": "Feature", "properties": {"PWSID": "MD0040202", "PWS_Name": "REGENCY MANOR MOBILE HOME PARK", "Primacy_Agency": "MD", "Population_Served_Count": 224, "Service_Connections_Count": 96, "Service_Area_Type": "Mobile Home Park", "Verification_Status": "", "Area_SqKM": 0.18711644100799388}, "geometry": {"type": "Point", "coordinates": [-76.65243820573241, 38.7389352221016]}}, {"type": "Feature", "properties": {"PWSID": "MD0040205", "PWS_Name": "TAPESTRY NORTH", "Primacy_Agency": "MD", "Population_Served_Count": 60, "Service_Connections_Count": 23, "Service_Area_Type": "Residential Area", "Verification_Status": "", "Area_SqKM": 0.015164740912027646}, "geometry": {"type": "Point", "coordinates": [-76.63990409005278, 38.690069120031524]}}, {"type": "Feature", "properties": {"PWSID": "MD0040035", "PWS_Name": "WALNUT CREEK", "Primacy_Agency": "MD", "Population_Served_Count": 158, "Service_Connections_Count": 56, "Service_Area_Type": "Residential Area", "Verification_Status": "", "Area_SqKM": 0.31198467309404704}, "geometry": {"type": "Point", "coordinates": [-76.61773438972635, 38.626894274494376]}}, {"type": "Feature", "properties": {"PWSID": "MD0010033", "PWS_Name": "TOWN OF WESTERNPORT", "Primacy_Agency": "MD", "Population_Served_Count": 2200, "Service_Connections_Count": 1200, "Service_Area_Type": "Residential Area", "Verification_Status": "", "Area_SqKM": 3.3720213682712648}, "geometry": {"type": "Point", "coordinates": [-79.04395371953638, 39.48319011187879]}}, {"type": "Feature", "properties": {"PWSID": "MD0010009", "PWS_Name": "WESTERN REGION ALLEGANY DISTRIB. SYSTEM", "Primacy_Agency": "MD", "Population_Served_Count": 4955, "Service_Connections_Count": 1635, "Service_Area_Type": "Residential Area", "Verification_Status": "", "Area_SqKM": 13.011146903676812}, "geometry": {"type": "Point", "coordinates": [-78.9069923704883, 39.65225092032011]}}, {"type": "Feature", "properties": {"PWSID": "MD0010019", "PWS_Name": "TOWN OF LUKE", "Primacy_Agency": "MD", "Population_Served_Count": 68, "Service_Connections_Count": 95, "Service_Area_Type": "Residential Area", "Verification_Status": "", "Area_SqKM": 0.3902772740873869}, "geometry": {"type": "Point", "coordinates": [-79.05807561665064, 39.47557008864352]}}, {"type": "Feature", "properties": {"PWSID": "MD0010045", "PWS_Name": "SOUTHERN REGION ALLEGANY DISTRIB. SYSTEM", "Primacy_Agency": "MD", "Population_Served_Count": 865, "Service_Connections_Count": 3, "Service_Area_Type": "Other Area", "Verification_Status": "", "Area_SqKM": 4.670058137394769}, "geometry": {"type": "Point", "coordinates": [-78.97578614365096, 39.459778703437635]}}, {"type": "Feature", "properties": {"PWSID": "MD0010215", "PWS_Name": "ROCKY GAP MOBILE HOME PARK", "Primacy_Agency": "MD", "Population_Served_Count": 30, "Service_Connections_Count": 15, "Service_Area_Type": "Mobile Home Park", "Verification_Status": "", "Area_SqKM": 0.011371324967767004}, "geometry": {"type": "Point", "coordinates": [-78.67663111327504, 39.69044857335594]}}, {"type": "Feature", "properties": {"PWSID": "MD0010031", "PWS_Name": "RECKLEY SPRING COMMUNITY WATER", "Primacy_Agency": "MD", "Population_Served_Count": 78, "Service_Connections_Count": 32, "Service_Area_Type": "Residential Area", "Verification_Status": "", "Area_SqKM": 0.561101228398581}, "geometry": {"type": "Point", "coordinates": [-78.69747446169598, 39.58518135739444]}}, {"type": "Feature", "properties": {"PWSID": "MD0010023", "PWS_Name": "MIDLOTHIAN WATER COMPANY", "Primacy_Agency": "MD", "Population_Served_Count": 300, "Service_Connections_Count": 110, "Service_Area_Type": "Residential Area", "Verification_Status": "", "Area_SqKM": 0.5075025389109091}, "geometry": {"type": "Point", "coordinates": [-78.95098940250953, 39.63474460625429]}}, {"type": "Feature", "properties": {"PWSID": "MD0010018", "PWS_Name": "MIDLAND-LONACONING", "Primacy_Agency": "MD", "Population_Served_Count": 5000, "Service_Connections_Count": 1450, "Service_Area_Type": "Residential Area", "Verification_Status": "", "Area_SqKM": 6.845311473479129}, "geometry": {"type": "Point", "coordinates": [-78.98431618187685, 39.556716986559174]}}, {"type": "Feature", "properties": {"PWSID": "MD0010016", "PWS_Name": "LAVALE SANITARY COMMISSION", "Primacy_Agency": "MD", "Population_Served_Count": 5500, "Service_Connections_Count": 2515, "Service_Area_Type": "Residential Area", "Verification_Status": "", "Area_SqKM": 11.088863416231952}, "geometry": {"type": "Point", "coordinates": [-78.82343146641688, 39.64489245336837]}}, {"type": "Feature", "properties": {"PWSID": "MD0010049", "PWS_Name": "HIGHLAND ESTATES DISTRIBUTION SYSTEM", "Primacy_Agency": "MD", "Population_Served_Count": 105, "Service_Connections_Count": 39, "Service_Area_Type": "Residential Area", "Verification_Status": "", "Area_SqKM": 0.0818511147958313}, "geometry": {"type": "Point", "coordinates": [-78.7331817444321, 39.67461258997444]}}, {"type": "Feature", "properties": {"PWSID": "MD0010005", "PWS_Name": "EASTERN REGION ALLEGANY DISTRIB. SYSTEM", "Primacy_Agency": "MD", "Population_Served_Count": 5703, "Service_Connections_Count": 2170, "Service_Area_Type": "Residential Area", "Verification_Status": "", "Area_SqKM": 10.159305214309938}, "geometry": {"type": "Point", "coordinates": [-78.81546814899846, 39.60617525685217]}}, {"type": "Feature", "properties": {"PWSID": "MD0010011", "PWS_Name": "CITY OF FROSTBURG", "Primacy_Agency": "MD", "Population_Served_Count": 11000, "Service_Connections_Count": 2940, "Service_Area_Type": "Residential Area", "Verification_Status": "", "Area_SqKM": 8.678141687279089}, "geometry": {"type": "Point", "coordinates": [-78.92651522380285, 39.65228591396854]}}, {"type": "Feature", "properties": {"PWSID": "MD0010008", "PWS_Name": "CITY OF CUMBERLAND", "Primacy_Agency": "MD", "Population_Served_Count": 27039, "Service_Connections_Count": 9242, "Service_Area_Type": "Residential Area", "Verification_Status": "", "Area_SqKM": 32.905274070667886}, "geometry": {"type": "Point", "coordinates": [-78.75777585364523, 39.65309813332811]}}, {"type": "Feature", "properties": {"PWSID": "MD0010038", "PWS_Name": "BROPHYTOWN DISTRIBUTION SYSTEM", "Primacy_Agency": "MD", "Population_Served_Count": 47, "Service_Connections_Count": 16, "Service_Area_Type": "Residential Area", "Verification_Status": "", "Area_SqKM": 0.11633492866054711}, "geometry": {"type": "Point", "coordinates": [-79.05015639026999, 39.49902229593123]}}, {"type": "Feature", "properties": {"PWSID": "MD0010003", "PWS_Name": "BEL AIR - PINTO DISTRIBUTION SYSTEM", "Primacy_Agency": "MD", "Population_Served_Count": 2614, "Service_Connections_Count": 968, "Service_Area_Type": "Residential Area", "Verification_Status": "", "Area_SqKM": 2.449768022881369}, "geometry": {"type": "Point", "coordinates": [-78.85360385543858, 39.58002472000175]}}, {"type": "Feature", "properties": {"PWSID": "MD0010001", "PWS_Name": "BARRELVILLE", "Primacy_Agency": "MD", "Population_Served_Count": 130, "Service_Connections_Count": 42, "Service_Area_Type": "Residential Area", "Verification_Status": "", "Area_SqKM": 0.13250604922151166}, "geometry": {"type": "Point", "coordinates": [-78.84320043265578, 39.70443295843794]}}, {"type": "Feature", "properties": {"PWSID": "MD0040209", "PWS_Name": "B&L MOBILE HOME PARK", "Primacy_Agency": "MD", "Population_Served_Count": 65, "Service_Connections_Count": 21, "Service_Area_Type": "Mobile Home Park", "Verification_Status": "", "Area_SqKM": 0.09809100754350358}, "geometry": {"type": "Point", "coordinates": [-76.60256799608939, 38.56404001288612]}}, {"type": "Feature", "properties": {"PWSID": "MD0040206", "PWS_Name": "CALVERT MOBILE HOME PARK", "Primacy_Agency": "MD", "Population_Served_Count": 80, "Service_Connections_Count": 20, "Service_Area_Type": "Mobile Home Park", "Verification_Status": "", "Area_SqKM": 0.03205839682038676}, "geometry": {"type": "Point", "coordinates": [-76.64297165906538, 38.5057910750288]}}, {"type": "Feature", "properties": {"PWSID": "MD0040052", "PWS_Name": "CROSS POINT SUBDIVISION", "Primacy_Agency": "MD", "Population_Served_Count": 434, "Service_Connections_Count": 17, "Service_Area_Type": "Other Area", "Verification_Status": "", "Area_SqKM": 0.8622483083478127}, "geometry": {"type": "Point", "coordinates": [-76.61155366967009, 38.7144340095452]}}, {"type": "Feature", "properties": {"PWSID": "MD0040006", "PWS_Name": "HUNTING HILLS", "Primacy_Agency": "MD", "Population_Served_Count": 124, "Service_Connections_Count": 45, "Service_Area_Type": "Residential Area", "Verification_Status": "", "Area_SqKM": 0.12948911292498475}, "geometry": {"type": "Point", "coordinates": [-76.61393597151343, 38.5918058952449]}}, {"type": "Feature", "properties": {"PWSID": "MD0040008", "PWS_Name": "LAKEWOOD", "Primacy_Agency": "MD", "Population_Served_Count": 203, "Service_Connections_Count": 65, "Service_Area_Type": "Residential Area", "Verification_Status": "", "Area_SqKM": 0.4954494185782713}, "geometry": {"type": "Point", "coordinates": [-76.6505127006369, 38.73649464005375]}}, {"type": "Feature", "properties": {"PWSID": "MD0040053", "PWS_Name": "MARLEY RUN", "Primacy_Agency": "MD", "Population_Served_Count": 290, "Service_Connections_Count": 57, "Service_Area_Type": "Residential Area", "Verification_Status": "", "Area_SqKM": 0.3327308085213136}, "geometry": {"type": "Point", "coordinates": [-76.59564404353262, 38.61026405909803]}}, {"type": "Feature", "properties": {"PWSID": "MD0040015", "PWS_Name": "SHORES OF CALVERT", "Primacy_Agency": "MD", "Population_Served_Count": 361, "Service_Connections_Count": 126, "Service_Area_Type": "Residential Area", "Verification_Status": "", "Area_SqKM": 0.5692882897031125}, "geometry": {"type": "Point", "coordinates": [-76.68049469869568, 38.74219850466878]}}, {"type": "Feature", "properties": {"PWSID": "MD0040034", "PWS_Name": "TARA SUBDIVISION", "Primacy_Agency": "MD", "Population_Served_Count": 68, "Service_Connections_Count": 24, "Service_Area_Type": "Residential Area", "Verification_Status": "", "Area_SqKM": 0.1403645603357767}, "geometry": {"type": "Point", "coordinates": [-76.6081444901461, 38.62321440592735]}}, {"type": "Feature", "properties": {"PWSID": "MD0080002", "PWS_Name": "AVON CREST", "Primacy_Agency": "MD", "Population_Served_Count": 79, "Service_Connections_Count": 29, "Service_Area_Type": "Residential Area", "Verification_Status": "", "Area_SqKM": 0.13373305523378862}, "geometry": {"type": "Point", "coordinates": [-77.01084323677566, 38.585823383595425]}}, {"type": "Feature", "properties": {"PWSID": "MD0080005", "PWS_Name": "BEL ALTON", "Primacy_Agency": "MD", "Population_Served_Count": 311, "Service_Connections_Count": 116, "Service_Area_Type": "Residential Area", "Verification_Status": "", "Area_SqKM": 0.9263891077979304}, "geometry": {"type": "Point", "coordinates": [-76.97783169738513, 38.470199425127475]}}, {"type": "Feature", "properties": {"PWSID": "MD0080006", "PWS_Name": "BELLEWOOD WATER ASSOCIATION", "Primacy_Agency": "MD", "Population_Served_Count": 75, "Service_Connections_Count": 32, "Service_Area_Type": "Residential Area", "Verification_Status": "", "Area_SqKM": 0.1535486524265242}, "geometry": {"type": "Point", "coordinates": [-76.85178916295494, 38.61253449277053]}}, {"type": "Feature", "properties": {"PWSID": "MD0080062", "PWS_Name": "BENEDICT", "Primacy_Agency": "MD", "Population_Served_Count": 376, "Service_Connections_Count": 85, "Service_Area_Type": "Residential Area", "Verification_Status": "", "Area_SqKM": 0.6189890556528347}, "geometry": {"type": "Point", "coordinates": [-76.68007332100156, 38.50837996279755]}}, {"type": "Feature", "properties": {"PWSID": "MD0080033", "PWS_Name": "BRYANS ROAD", "Primacy_Agency": "MD", "Population_Served_Count": 5428, "Service_Connections_Count": 2230, "Service_Area_Type": "Residential Area", "Verification_Status": "", "Area_SqKM": 6.083056347618459}, "geometry": {"type": "Point", "coordinates": [-77.07726426329411, 38.6284536523472]}}, {"type": "Feature", "properties": {"PWSID": "MD0080015", "PWS_Name": "GARDEN ESTATES CENTRAL WATER", "Primacy_Agency": "MD", "Population_Served_Count": 55, "Service_Connections_Count": 22, "Service_Area_Type": "Residential Area", "Verification_Status": "", "Area_SqKM": 0.15048664141883633}, "geometry": {"type": "Point", "coordinates": [-77.10235229199172, 38.52085439594568]}}, {"type": "Feature", "properties": {"PWSID": "MD0080017", "PWS_Name": "GREEN MEADOWS WATER COMPANY", "Primacy_Agency": "MD", "Population_Served_Count": 68, "Service_Connections_Count": 35, "Service_Area_Type": "Residential Area", "Verification_Status": "", "Area_SqKM": 0.1369537213815789}, "geometry": {"type": "Point", "coordinates": [-77.09061080340426, 38.620793165737]}}, {"type": "Feature", "properties": {"PWSID": "MD0080018", "PWS_Name": "HAWTHORNE WATER SUPPLY, INC", "Primacy_Agency": "MD", "Population_Served_Count": 60, "Service_Connections_Count": 27, "Service_Area_Type": "Residential Area", "Verification_Status": "", "Area_SqKM": 0.16799950572266184}, "geometry": {"type": "Point", "coordinates": [-77.01265331900804, 38.540493984391034]}}, {"type": "Feature", "properties": {"PWSID": "MD0080083", "PWS_Name": "HUNTERS BROOKE/FALCON RIDGE SUBD", "Primacy_Agency": "MD", "Population_Served_Count": 614, "Service_Connections_Count": 190, "Service_Area_Type": "Residential Area", "Verification_Status": "", "Area_SqKM": 0.49066476178721957}, "geometry": {"type": "Point", "coordinates": [-77.11507519997538, 38.5717612013972]}}, {"type": "Feature", "properties": {"PWSID": "MD0080205", "PWS_Name": "IDLEWOOD PARK", "Primacy_Agency": "MD", "Population_Served_Count": 320, "Service_Connections_Count": 103, "Service_Area_Type": "Mobile Home Park", "Verification_Status": "", "Area_SqKM": 0.329214419472338}, "geometry": {"type": "Point", "coordinates": [-76.8767519434812, 38.63553528706559]}}, {"type": "Feature", "properties": {"PWSID": "MD0080035", "PWS_Name": "PARKWAY SUBDIVISION WATER COMPANY", "Primacy_Agency": "MD", "Population_Served_Count": 50, "Service_Connections_Count": 13, "Service_Area_Type": "Residential Area", "Verification_Status": "", "Area_SqKM": 0.041361287754678934}, "geometry": {"type": "Point", "coordinates": [-76.993001951099, 38.55204517914967]}}, {"type": "Feature", "properties": {"PWSID": "MD0080036", "PWS_Name": "PINE HILL WATER COMPANY", "Primacy_Agency": "MD", "Population_Served_Count": 140, "Service_Connections_Count": 35, "Service_Area_Type": "Residential Area", "Verification_Status": "", "Area_SqKM": 0.1234399174939076}, "geometry": {"type": "Point", "coordinates": [-76.9017723441235, 38.5779028712017]}}, {"type": "Feature", "properties": {"PWSID": "MD0080037", "PWS_Name": "POMFRET ESTATES - UTILCO, INC.", "Primacy_Agency": "MD", "Population_Served_Count": 150, "Service_Connections_Count": 53, "Service_Area_Type": "Residential Area", "Verification_Status": "", "Area_SqKM": 0.39943219635033705}, "geometry": {"type": "Point", "coordinates": [-77.03135365758898, 38.5754809735219]}}, {"type": "Feature", "properties": {"PWSID": "MD0080012", "PWS_Name": "POMONKEY WATER COMPANY - FORD HEIGHTS", "Primacy_Agency": "MD", "Population_Served_Count": 125, "Service_Connections_Count": 27, "Service_Area_Type": "Residential Area", "Verification_Status": "", "Area_SqKM": 0.11094913158869288}, "geometry": {"type": "Point", "coordinates": [-77.0987617891021, 38.597101127057115]}}, {"type": "Feature", "properties": {"PWSID": "MD1080029", "PWS_Name": "THUNDERBIRD APARTMENTS", "Primacy_Agency": "MD", "Population_Served_Count": 40, "Service_Connections_Count": 2, "Service_Area_Type": "Other Residential", "Verification_Status": "", "Area_SqKM": 0.01959915600848464}, "geometry": {"type": "Point", "coordinates": [-76.99185229584295, 38.45817704589242]}}, {"type": "Feature", "properties": {"PWSID": "MD0080069", "PWS_Name": "THUNDERBIRD MOTEL", "Primacy_Agency": "MD", "Population_Served_Count": 60, "Service_Connections_Count": 2, "Service_Area_Type": "Residential Area", "Verification_Status": "", "Area_SqKM": 0.02357022579664356}, "geometry": {"type": "Point", "coordinates": [-76.95314458141026, 38.40901822513915]}}, {"type": "Feature", "properties": {"PWSID": "MD0080208", "PWS_Name": "WHITE PLAINS 2 MHP/JACK BLAIR", "Primacy_Agency": "MD", "Population_Served_Count": 70, "Service_Connections_Count": 20, "Service_Area_Type": "Mobile Home Park", "Verification_Status": "", "Area_SqKM": 0.031161823599360188}, "geometry": {"type": "Point", "coordinates": [-76.9640158665221, 38.57865285575552]}}, {"type": "Feature", "properties": {"PWSID": "MD0080049", "PWS_Name": "WALDORF - CHARLES COUNTY DPW", "Primacy_Agency": "MD", "Population_Served_Count": 84296, "Service_Connections_Count": 31337, "Service_Area_Type": "Residential Area", "Verification_Status": "", "Area_SqKM": 73.50671005799107}, "geometry": {"type": "Point", "coordinates": [-76.94594546105102, 38.628063438506445]}}, {"type": "Feature", "properties": {"PWSID": "MD0080003", "PWS_Name": "BANKS ODEE", "Primacy_Agency": "MD", "Population_Served_Count": 65, "Service_Connections_Count": 30, "Service_Area_Type": "Residential Area", "Verification_Status": "", "Area_SqKM": 0.12091080933059975}, "geometry": {"type": "Point", "coordinates": [-76.91325152463862, 38.313910741435436]}}, {"type": "Feature", "properties": {"PWSID": "MD0080004", "PWS_Name": "BEANTOWN PARK- WOODLEY ROAD", "Primacy_Agency": "MD", "Population_Served_Count": 127, "Service_Connections_Count": 35, "Service_Area_Type": "Residential Area", "Verification_Status": "", "Area_SqKM": 0.15876711507847274}, "geometry": {"type": "Point", "coordinates": [-76.85456312372783, 38.612250253354794]}}, {"type": "Feature", "properties": {"PWSID": "MD0080008", "PWS_Name": "CHARLES COUNTY GARDENS WATER", "Primacy_Agency": "MD", "Population_Served_Count": 551, "Service_Connections_Count": 190, "Service_Area_Type": "Residential Area", "Verification_Status": "", "Area_SqKM": 0.16363594908109505}, "geometry": {"type": "Point", "coordinates": [-76.86623884396992, 38.587208555330825]}}, {"type": "Feature", "properties": {"PWSID": "MD0080009", "PWS_Name": "CLIFFTON ON THE POTOMAC", "Primacy_Agency": "MD", "Population_Served_Count": 744, "Service_Connections_Count": 200, "Service_Area_Type": "Residential Area", "Verification_Status": "", "Area_SqKM": 0.9614162216720037}, "geometry": {"type": "Point", "coordinates": [-76.97534885969716, 38.372686532819074]}}, {"type": "Feature", "properties": {"PWSID": "MD0080010", "PWS_Name": "DU MAR ESTATES WATER COMPANY", "Primacy_Agency": "MD", "Population_Served_Count": 150, "Service_Connections_Count": 48, "Service_Area_Type": "Residential Area", "Verification_Status": "", "Area_SqKM": 0.1556816866165261}, "geometry": {"type": "Point", "coordinates": [-77.16380905571107, 38.5707776798664]}}, {"type": "Feature", "properties": {"PWSID": "MD0080057", "PWS_Name": "ELLENWOOD", "Primacy_Agency": "MD", "Population_Served_Count": 229, "Service_Connections_Count": 78, "Service_Area_Type": "Residential Area", "Verification_Status": "", "Area_SqKM": 0.4015081381968002}, "geometry": {"type": "Point", "coordinates": [-76.94243279150277, 38.51995818133865]}}, {"type": "Feature", "properties": {"PWSID": "MD0080019", "PWS_Name": "INDEPENDENCE VILLAGE", "Primacy_Agency": "MD", "Population_Served_Count": 88, "Service_Connections_Count": 23, "Service_Area_Type": "Residential Area", "Verification_Status": "", "Area_SqKM": 0.1121125006622824}, "geometry": {"type": "Point", "coordinates": [-76.80344518835402, 38.50372030166622]}}, {"type": "Feature", "properties": {"PWSID": "MD0080020", "PWS_Name": "TOWN OF INDIAN HEAD", "Primacy_Agency": "MD", "Population_Served_Count": 4100, "Service_Connections_Count": 1232, "Service_Area_Type": "Residential Area", "Verification_Status": "", "Area_SqKM": 2.7467835761404955}, "geometry": {"type": "Point", "coordinates": [-77.15346935548509, 38.59945183665043]}}, {"type": "Feature", "properties": {"PWSID": "MD0080022", "PWS_Name": "INMAN UTILITIES", "Primacy_Agency": "MD", "Population_Served_Count": 0, "Service_Connections_Count": 38, "Service_Area_Type": "Residential Area", "Verification_Status": "", "Area_SqKM": 0.10504907382279008}, "geometry": {"type": "Point", "coordinates": [-77.0605519101855, 38.63419472521062]}}, {"type": "Feature", "properties": {"PWSID": "MD0080024", "PWS_Name": "KINGS MANOR - WHITE PLAINS WATER CO, INC", "Primacy_Agency": "MD", "Population_Served_Count": 372, "Service_Connections_Count": 107, "Service_Area_Type": "Residential Area", "Verification_Status": "", "Area_SqKM": 0.3155849566713532}, "geometry": {"type": "Point", "coordinates": [-76.95940006466064, 38.58382400231561]}}, {"type": "Feature", "properties": {"PWSID": "MD0080026", "PWS_Name": "LAUREL WATER SUPPLY", "Primacy_Agency": "MD", "Population_Served_Count": 50, "Service_Connections_Count": 16, "Service_Area_Type": "Residential Area", "Verification_Status": "", "Area_SqKM": 0.11479412862223497}, "geometry": {"type": "Point", "coordinates": [-77.09206619233981, 38.61679346190566]}}, {"type": "Feature", "properties": {"PWSID": "MD0080025", "PWS_Name": "TOWN OF LA PLATA", "Primacy_Agency": "MD", "Population_Served_Count": 11535, "Service_Connections_Count": 4723, "Service_Area_Type": "Residential Area", "Verification_Status": "", "Area_SqKM": 12.709492772411727}, "geometry": {"type": "Point", "coordinates": [-76.97376265499132, 38.53623610475793]}}, {"type": "Feature", "properties": {"PWSID": "MD0080028", "PWS_Name": "MARIELLEN PARK", "Primacy_Agency": "MD", "Population_Served_Count": 184, "Service_Connections_Count": 70, "Service_Area_Type": "Residential Area", "Verification_Status": "", "Area_SqKM": 0.27367474386213475}, "geometry": {"type": "Point", "coordinates": [-76.95260702352124, 38.50740959675275]}}, {"type": "Feature", "properties": {"PWSID": "MD0080027", "PWS_Name": "MATTHEWS MANOR", "Primacy_Agency": "MD", "Population_Served_Count": 45, "Service_Connections_Count": 11, "Service_Area_Type": "Residential Area", "Verification_Status": "", "Area_SqKM": 0.061370468814152604}, "geometry": {"type": "Point", "coordinates": [-76.90338741604525, 38.28796777462092]}}, {"type": "Feature", "properties": {"PWSID": "MD0080030", "PWS_Name": "MOUNT CARMEL WOODS", "Primacy_Agency": "MD", "Population_Served_Count": 175, "Service_Connections_Count": 70, "Service_Area_Type": "Residential Area", "Verification_Status": "", "Area_SqKM": 0.28112631687118}, "geometry": {"type": "Point", "coordinates": [-76.99512091768777, 38.56391577454419]}}, {"type": "Feature", "properties": {"PWSID": "MD0080058", "PWS_Name": "NAVAL SUPPORT FACILITY, INDIAN HEAD", "Primacy_Agency": "MD", "Population_Served_Count": 3321, "Service_Connections_Count": 2000, "Service_Area_Type": "Residential Area", "Verification_Status": "", "Area_SqKM": 8.060020058052965}, "geometry": {"type": "Point", "coordinates": [-77.1845907766898, 38.5807044829335]}}, {"type": "Feature", "properties": {"PWSID": "MD0110001", "PWS_Name": "TOWN OF ACCIDENT", "Primacy_Agency": "MD", "Population_Served_Count": 300, "Service_Connections_Count": 204, "Service_Area_Type": "Residential Area", "Verification_Status": "", "Area_SqKM": 1.419765374562636}, "geometry": {"type": "Point", "coordinates": [-79.32057498483053, 39.62724403526776]}}, {"type": "Feature", "properties": {"PWSID": "MD0110204", "PWS_Name": "BACKBONE MOUNTAIN BOYS CAMP", "Primacy_Agency": "MD", "Population_Served_Count": 60, "Service_Connections_Count": 11, "Service_Area_Type": "Institution", "Verification_Status": "", "Area_SqKM": 39.290909806737375}, "geometry": {"type": "Point", "coordinates": [-79.2442720172695, 39.39275867787558]}}, {"type": "Feature", "properties": {"PWSID": "MD0080032", "PWS_Name": "NEWTOWN VILLAGE", "Primacy_Agency": "MD", "Population_Served_Count": 170, "Service_Connections_Count": 60, "Service_Area_Type": "Residential Area", "Verification_Status": "", "Area_SqKM": 0.1639512183460312}, "geometry": {"type": "Point", "coordinates": [-76.94499627168511, 38.49564998514755]}}, {"type": "Feature", "properties": {"PWSID": "MD0080031", "PWS_Name": "NEWTOWN ESTATES - TIP HILL WATER CO.", "Primacy_Agency": "MD", "Population_Served_Count": 110, "Service_Connections_Count": 45, "Service_Area_Type": "Residential Area", "Verification_Status": "", "Area_SqKM": 0.3305775643811712}, "geometry": {"type": "Point", "coordinates": [-76.93900260492258, 38.49932957475877]}}, {"type": "Feature", "properties": {"PWSID": "MD0080034", "PWS_Name": "OAK HILL WATER COMPANY, LLC", "Primacy_Agency": "MD", "Population_Served_Count": 180, "Service_Connections_Count": 55, "Service_Area_Type": "Residential Area", "Verification_Status": "", "Area_SqKM": 0.18016580337344765}, "geometry": {"type": "Point", "coordinates": [-76.98715095615276, 38.58896728472004]}}, {"type": "Feature", "properties": {"PWSID": "MD0080055", "PWS_Name": "OAKWOOD", "Primacy_Agency": "MD", "Population_Served_Count": 45, "Service_Connections_Count": 17, "Service_Area_Type": "Residential Area", "Verification_Status": "", "Area_SqKM": 0.0662109428194125}, "geometry": {"type": "Point", "coordinates": [-77.03554792623686, 38.561027677095495]}}, {"type": "Feature", "properties": {"PWSID": "MD0080038", "PWS_Name": "POTOMAC HEIGHTS", "Primacy_Agency": "MD", "Population_Served_Count": 1800, "Service_Connections_Count": 484, "Service_Area_Type": "Residential Area", "Verification_Status": "", "Area_SqKM": 0.7097162574702517}, "geometry": {"type": "Point", "coordinates": [-77.13935700766227, 38.607198276666736]}}, {"type": "Feature", "properties": {"PWSID": "MD0080084", "PWS_Name": "POMUNK WATER COMPANY DISTRIBUTION SYSTEM", "Primacy_Agency": "MD", "Population_Served_Count": 340, "Service_Connections_Count": 87, "Service_Area_Type": "Residential Area", "Verification_Status": "", "Area_SqKM": 0.23429149337051589}, "geometry": {"type": "Point", "coordinates": [-77.0592522401919, 38.631790991309686]}}, {"type": "Feature", "properties": {"PWSID": "MD0080040", "PWS_Name": "RED HILL WATER COMPANY, INC.", "Primacy_Agency": "MD", "Population_Served_Count": 200, "Service_Connections_Count": 49, "Service_Area_Type": "Residential Area", "Verification_Status": "", "Area_SqKM": 0.10334826150006718}, "geometry": {"type": "Point", "coordinates": [-77.13103217687878, 38.56613250644141]}}, {"type": "Feature", "properties": {"PWSID": "MD0080041", "PWS_Name": "SOUTHVIEW WISE", "Primacy_Agency": "MD", "Population_Served_Count": 61, "Service_Connections_Count": 24, "Service_Area_Type": "Residential Area", "Verification_Status": "", "Area_SqKM": 0.07213789553508616}, "geometry": {"type": "Point", "coordinates": [-76.96450561995003, 38.34081117221826]}}, {"type": "Feature", "properties": {"PWSID": "MD0080043", "PWS_Name": "SPRING VALLEY", "Primacy_Agency": "MD", "Population_Served_Count": 91, "Service_Connections_Count": 32, "Service_Area_Type": "Residential Area", "Verification_Status": "", "Area_SqKM": 0.1916773531777486}, "geometry": {"type": "Point", "coordinates": [-76.99039188847844, 38.60166693474177]}}, {"type": "Feature", "properties": {"PWSID": "MD0080046", "PWS_Name": "SWAN POINT", "Primacy_Agency": "MD", "Population_Served_Count": 945, "Service_Connections_Count": 326, "Service_Area_Type": "Residential Area", "Verification_Status": "", "Area_SqKM": 1.523495707529152}, "geometry": {"type": "Point", "coordinates": [-76.916387236054, 38.30438104920954]}}, {"type": "Feature", "properties": {"PWSID": "MD0080013", "PWS_Name": "TRIMAC WATER COMPANY - FOREST PARK", "Primacy_Agency": "MD", "Population_Served_Count": 139, "Service_Connections_Count": 46, "Service_Area_Type": "Residential Area", "Verification_Status": "", "Area_SqKM": 0.25580035217884683}, "geometry": {"type": "Point", "coordinates": [-76.86756378307703, 38.594775739515306]}}, {"type": "Feature", "properties": {"PWSID": "MD0080048", "PWS_Name": "TURKEY HILL WATER COMPANY", "Primacy_Agency": "MD", "Population_Served_Count": 150, "Service_Connections_Count": 47, "Service_Area_Type": "Residential Area", "Verification_Status": "", "Area_SqKM": 0.17491070700515873}, "geometry": {"type": "Point", "coordinates": [-76.9895998591385, 38.57292413945187]}}, {"type": "Feature", "properties": {"PWSID": "MD0080051", "PWS_Name": "WEST WHITE PLAINS", "Primacy_Agency": "MD", "Population_Served_Count": 50, "Service_Connections_Count": 15, "Service_Area_Type": "Residential Area", "Verification_Status": "", "Area_SqKM": 0.06236139009581806}, "geometry": {"type": "Point", "coordinates": [-76.96682257823592, 38.58549300365486]}}, {"type": "Feature", "properties": {"PWSID": "MD0080207", "PWS_Name": "WHITE PLAINS 1 MHP/SMITTYS", "Primacy_Agency": "MD", "Population_Served_Count": 100, "Service_Connections_Count": 35, "Service_Area_Type": "Mobile Home Park", "Verification_Status": "", "Area_SqKM": 0.044402473332984325}, "geometry": {"type": "Point", "coordinates": [-76.95234425481772, 38.57970475002545]}}, {"type": "Feature", "properties": {"PWSID": "MD0080064", "PWS_Name": "CHAPEL POINT WDS/ JUDE HOUSE/ COMM CTR", "Primacy_Agency": "MD", "Population_Served_Count": 280, "Service_Connections_Count": 96, "Service_Area_Type": "Residential Area", "Verification_Status": "", "Area_SqKM": 0.9963344803752023}, "geometry": {"type": "Point", "coordinates": [-76.9936036345284, 38.465474746297836]}}, {"type": "Feature", "properties": {"PWSID": "MD0110002", "PWS_Name": "BLOOMINGTON", "Primacy_Agency": "MD", "Population_Served_Count": 350, "Service_Connections_Count": 144, "Service_Area_Type": "Residential Area", "Verification_Status": "", "Area_SqKM": 0.8518102650249108}, "geometry": {"type": "Point", "coordinates": [-79.07321230750762, 39.48038164731742]}}, {"type": "Feature", "properties": {"PWSID": "MD0110003", "PWS_Name": "CRELLIN", "Primacy_Agency": "MD", "Population_Served_Count": 230, "Service_Connections_Count": 77, "Service_Area_Type": "Residential Area", "Verification_Status": "", "Area_SqKM": 0.5757726210018056}, "geometry": {"type": "Point", "coordinates": [-79.4660427185062, 39.38955112053261]}}, {"type": "Feature", "properties": {"PWSID": "MD0110021", "PWS_Name": "TOWN OF DEER PARK", "Primacy_Agency": "MD", "Population_Served_Count": 272, "Service_Connections_Count": 136, "Service_Area_Type": "Residential Area", "Verification_Status": "", "Area_SqKM": 3.4698253810471824}, "geometry": {"type": "Point", "coordinates": [-79.32155806490834, 39.419573391612346]}}, {"type": "Feature", "properties": {"PWSID": "MD0110004", "PWS_Name": "TOWN OF FRIENDSVILLE", "Primacy_Agency": "MD", "Population_Served_Count": 622, "Service_Connections_Count": 230, "Service_Area_Type": "Residential Area", "Verification_Status": "", "Area_SqKM": 0.8437491119316853}, "geometry": {"type": "Point", "coordinates": [-79.40334431285196, 39.66331715266128]}}, {"type": "Feature", "properties": {"PWSID": "MD0110012", "PWS_Name": "GORMAN", "Primacy_Agency": "MD", "Population_Served_Count": 150, "Service_Connections_Count": 106, "Service_Area_Type": "Residential Area", "Verification_Status": "", "Area_SqKM": 12.93800905812488}, "geometry": {"type": "Point", "coordinates": [-79.39817041529282, 39.28677861659642]}}, {"type": "Feature", "properties": {"PWSID": "MD0110005", "PWS_Name": "TOWN OF GRANTSVILLE", "Primacy_Agency": "MD", "Population_Served_Count": 885, "Service_Connections_Count": 234, "Service_Area_Type": "Residential Area", "Verification_Status": "", "Area_SqKM": 2.7132685876942344}, "geometry": {"type": "Point", "coordinates": [-79.1497333367969, 39.69851379313027]}}, {"type": "Feature", "properties": {"PWSID": "MD0110013", "PWS_Name": "TOWN OF KITZMILLER", "Primacy_Agency": "MD", "Population_Served_Count": 370, "Service_Connections_Count": 187, "Service_Area_Type": "Residential Area", "Verification_Status": "", "Area_SqKM": 0.5671097513592377}, "geometry": {"type": "Point", "coordinates": [-79.18361083074791, 39.39019579442592]}}, {"type": "Feature", "properties": {"PWSID": "MD1111096", "PWS_Name": "DEEP CREEK LAKE WATER SERVICE AREA", "Primacy_Agency": "MD", "Population_Served_Count": 5502, "Service_Connections_Count": 377, "Service_Area_Type": "Residential Area", "Verification_Status": "", "Area_SqKM": 19.906019191195035}, "geometry": {"type": "Point", "coordinates": [-79.35739339145401, 39.549460707644236]}}, {"type": "Feature", "properties": {"PWSID": "MD0110230", "PWS_Name": "MEADOW MOUNTAIN BOYS CAMP", "Primacy_Agency": "MD", "Population_Served_Count": 63, "Service_Connections_Count": 16, "Service_Area_Type": "Institution", "Verification_Status": "", "Area_SqKM": 29.852881942641254}, "geometry": {"type": "Point", "coordinates": [-79.15558571872558, 39.53166169338884]}}, {"type": "Feature", "properties": {"PWSID": "MD0180217", "PWS_Name": "CHARLOTTE HALL VA HOME", "Primacy_Agency": "MD", "Population_Served_Count": 270, "Service_Connections_Count": 5, "Service_Area_Type": "Residential Area", "Verification_Status": "", "Area_SqKM": 0.2015310434521716}, "geometry": {"type": "Point", "coordinates": [-76.77991769520793, 38.47745803995515]}}, {"type": "Feature", "properties": {"PWSID": "MD0180206", "PWS_Name": "CHRISTMAS TREE FARM TRAILER PARK", "Primacy_Agency": "MD", "Population_Served_Count": 100, "Service_Connections_Count": 37, "Service_Area_Type": "Mobile Home Park", "Verification_Status": "", "Area_SqKM": 0.024594589504123417}, "geometry": {"type": "Point", "coordinates": [-76.58638237819072, 38.27453388703047]}}, {"type": "Feature", "properties": {"PWSID": "MD0110007", "PWS_Name": "TOWN OF MOUNTAIN LAKE PARK", "Primacy_Agency": "MD", "Population_Served_Count": 3000, "Service_Connections_Count": 1200, "Service_Area_Type": "Residential Area", "Verification_Status": "", "Area_SqKM": 5.538316825089939}, "geometry": {"type": "Point", "coordinates": [-79.37710773962345, 39.390565990438446]}}, {"type": "Feature", "properties": {"PWSID": "MD0110008", "PWS_Name": "TOWN OF OAKLAND", "Primacy_Agency": "MD", "Population_Served_Count": 1850, "Service_Connections_Count": 1150, "Service_Area_Type": "Residential Area", "Verification_Status": "", "Area_SqKM": 9.454796820558483}, "geometry": {"type": "Point", "coordinates": [-79.39237161015573, 39.4151021014513]}}, {"type": "Feature", "properties": {"PWSID": "MD0180054", "PWS_Name": "FORREST FARM SUBDIVISION", "Primacy_Agency": "MD", "Population_Served_Count": 577, "Service_Connections_Count": 212, "Service_Area_Type": "Residential Area", "Verification_Status": "", "Area_SqKM": 2.3564662606421787}, "geometry": {"type": "Point", "coordinates": [-76.58319054378462, 38.30506586876961]}}, {"type": "Feature", "properties": {"PWSID": "MD0110227", "PWS_Name": "GARRETT CHILDREN'S CENTER", "Primacy_Agency": "MD", "Population_Served_Count": 45, "Service_Connections_Count": 7, "Service_Area_Type": "Institution", "Verification_Status": "", "Area_SqKM": 25.31153411838208}, "geometry": {"type": "Point", "coordinates": [-79.05911312446122, 39.608962291485696]}}, {"type": "Feature", "properties": {"PWSID": "MD0180059", "PWS_Name": "GRANDVIEW HAVEN", "Primacy_Agency": "MD", "Population_Served_Count": 269, "Service_Connections_Count": 99, "Service_Area_Type": "Residential Area", "Verification_Status": "", "Area_SqKM": 1.3029935370984127}, "geometry": {"type": "Point", "coordinates": [-76.69969136448945, 38.38578396209661]}}, {"type": "Feature", "properties": {"PWSID": "MD0180051", "PWS_Name": "HOLLAND FOREST", "Primacy_Agency": "MD", "Population_Served_Count": 139, "Service_Connections_Count": 51, "Service_Area_Type": "Residential Area", "Verification_Status": "", "Area_SqKM": 0.03776092959174538}, "geometry": {"type": "Point", "coordinates": [-76.62498865984408, 38.32332297946871]}}, {"type": "Feature", "properties": {"PWSID": "MD0180044", "PWS_Name": "HEARTS DESIRE", "Primacy_Agency": "MD", "Population_Served_Count": 65, "Service_Connections_Count": 24, "Service_Area_Type": "Residential Area", "Verification_Status": "", "Area_SqKM": 0.10165225743737266}, "geometry": {"type": "Point", "coordinates": [-76.70084440838531, 38.46775093056305]}}, {"type": "Feature", "properties": {"PWSID": "MD0110024", "PWS_Name": "THAYERVILLE WATER DISTRICT I/C 1111096", "Primacy_Agency": "MD", "Population_Served_Count": 0, "Service_Connections_Count": 25, "Service_Area_Type": "Residential Area", "Verification_Status": "", "Area_SqKM": 3.593209591073049}, "geometry": {"type": "Point", "coordinates": [-79.32588460636526, 39.50971721493043]}}, {"type": "Feature", "properties": {"PWSID": "MD0110225", "PWS_Name": "WHITE OAK MOBILE HOME PARK", "Primacy_Agency": "MD", "Population_Served_Count": 32, "Service_Connections_Count": 22, "Service_Area_Type": "Mobile Home Park", "Verification_Status": "", "Area_SqKM": 0.12318713604879568}, "geometry": {"type": "Point", "coordinates": [-79.2827013706337, 39.43930681755222]}}, {"type": "Feature", "properties": {"PWSID": "MD0180006", "PWS_Name": "TOWN OF LEONARDTOWN", "Primacy_Agency": "MD", "Population_Served_Count": 2930, "Service_Connections_Count": 475, "Service_Area_Type": "Residential Area", "Verification_Status": "", "Area_SqKM": 6.039295294025689}, "geometry": {"type": "Point", "coordinates": [-76.6377617234195, 38.302713734009856]}}, {"type": "Feature", "properties": {"PWSID": "MD0180057", "PWS_Name": "LEONARDTOWN FARM", "Primacy_Agency": "MD", "Population_Served_Count": 193, "Service_Connections_Count": 71, "Service_Area_Type": "Residential Area", "Verification_Status": "", "Area_SqKM": 1.0180142502258038}, "geometry": {"type": "Point", "coordinates": [-76.5876099938352, 38.254213162225554]}}, {"type": "Feature", "properties": {"PWSID": "MD0160003", "PWS_Name": "CHELTENHAM BOYS VILLAGE", "Primacy_Agency": "MD", "Population_Served_Count": 330, "Service_Connections_Count": 20, "Service_Area_Type": "Institution", "Verification_Status": "", "Area_SqKM": 2.1529309950041697}, "geometry": {"type": "Point", "coordinates": [-76.83807739802687, 38.736739670713405]}}, {"type": "Feature", "properties": {"PWSID": "MD0160207", "PWS_Name": "CEDARVILLE MOBILE HOME PARK", "Primacy_Agency": "MD", "Population_Served_Count": 780, "Service_Connections_Count": 264, "Service_Area_Type": "Mobile Home Park", "Verification_Status": "", "Area_SqKM": 0.45533796865530557}, "geometry": {"type": "Point", "coordinates": [-76.82459313717044, 38.65594156515031]}}, {"type": "Feature", "properties": {"PWSID": "MD0160004", "PWS_Name": "CALVERT MANOR", "Primacy_Agency": "MD", "Population_Served_Count": 300, "Service_Connections_Count": 93, "Service_Area_Type": "Residential Area", "Verification_Status": "", "Area_SqKM": 0.526234147359169}, "geometry": {"type": "Point", "coordinates": [-77.00735335007205, 38.68961839658177]}}, {"type": "Feature", "properties": {"PWSID": "MD0180001", "PWS_Name": "BRETON BAY", "Primacy_Agency": "MD", "Population_Served_Count": 1012, "Service_Connections_Count": 372, "Service_Area_Type": "Residential Area", "Verification_Status": "", "Area_SqKM": 2.832937070255537}, "geometry": {"type": "Point", "coordinates": [-76.66682711390865, 38.26699715482785]}}, {"type": "Feature", "properties": {"PWSID": "MD0180015", "PWS_Name": "BIRCH MANOR", "Primacy_Agency": "MD", "Population_Served_Count": 272, "Service_Connections_Count": 100, "Service_Area_Type": "Residential Area", "Verification_Status": "", "Area_SqKM": 0.5201481903015068}, "geometry": {"type": "Point", "coordinates": [-76.72178212268358, 38.41561107153245]}}, {"type": "Feature", "properties": {"PWSID": "MD1180005", "PWS_Name": "CHARLOTTE HALL", "Primacy_Agency": "MD", "Population_Served_Count": 615, "Service_Connections_Count": 226, "Service_Area_Type": "Other Area", "Verification_Status": "", "Area_SqKM": 0.15688252749736867}, "geometry": {"type": "Point", "coordinates": [-76.77135149999782, 38.49187163229287]}}, {"type": "Feature", "properties": {"PWSID": "MD0180023", "PWS_Name": "COUNTRY LAKES", "Primacy_Agency": "MD", "Population_Served_Count": 3016, "Service_Connections_Count": 1109, "Service_Area_Type": "Residential Area", "Verification_Status": "", "Area_SqKM": 6.672155073562337}, "geometry": {"type": "Point", "coordinates": [-76.788633764226, 38.404437383625016]}}, {"type": "Feature", "properties": {"PWSID": "MD0180008", "PWS_Name": "KING & KENNEDY", "Primacy_Agency": "MD", "Population_Served_Count": 169, "Service_Connections_Count": 62, "Service_Area_Type": "Residential Area", "Verification_Status": "", "Area_SqKM": 0.7970630412085257}, "geometry": {"type": "Point", "coordinates": [-76.66560249642485, 38.38621366876105]}}, {"type": "Feature", "properties": {"PWSID": "MD0180037", "PWS_Name": "LAUREL RIDGE", "Primacy_Agency": "MD", "Population_Served_Count": 560, "Service_Connections_Count": 206, "Service_Area_Type": "Residential Area", "Verification_Status": "", "Area_SqKM": 1.4418478750813963}, "geometry": {"type": "Point", "coordinates": [-76.74560466703178, 38.48181713733998]}}, {"type": "Feature", "properties": {"PWSID": "MD0180052", "PWS_Name": "VILLAGES AT LEONARDTOWN", "Primacy_Agency": "MD", "Population_Served_Count": 239, "Service_Connections_Count": 88, "Service_Area_Type": "Residential Area", "Verification_Status": "", "Area_SqKM": 0.2539838278150416}, "geometry": {"type": "Point", "coordinates": [-76.67268082157518, 38.31796102042115]}}, {"type": "Feature", "properties": {"PWSID": "MD0180009", "PWS_Name": "MOUNT PLEASANT WATER CO., INC.", "Primacy_Agency": "MD", "Population_Served_Count": 150, "Service_Connections_Count": 50, "Service_Area_Type": "Residential Area", "Verification_Status": "", "Area_SqKM": 0.2767591168721844}, "geometry": {"type": "Point", "coordinates": [-76.74177830022705, 38.30320868311294]}}, {"type": "Feature", "properties": {"PWSID": "MD0180042", "PWS_Name": "MULBERRY SOUTH", "Primacy_Agency": "MD", "Population_Served_Count": 65, "Service_Connections_Count": 24, "Service_Area_Type": "Residential Area", "Verification_Status": "", "Area_SqKM": 0.13207087875805512}, "geometry": {"type": "Point", "coordinates": [-76.64517796086581, 38.26959663662926]}}, {"type": "Feature", "properties": {"PWSID": "MD0180046", "PWS_Name": "PERSIMMON HILLS", "Primacy_Agency": "MD", "Population_Served_Count": 514, "Service_Connections_Count": 198, "Service_Area_Type": "Residential Area", "Verification_Status": "", "Area_SqKM": 0.938681292856482}, "geometry": {"type": "Point", "coordinates": [-76.7195995529163, 38.43523308663265]}}, {"type": "Feature", "properties": {"PWSID": "MD0180017", "PWS_Name": "ROLLING ACRES", "Primacy_Agency": "MD", "Population_Served_Count": 699, "Service_Connections_Count": 257, "Service_Area_Type": "Residential Area", "Verification_Status": "", "Area_SqKM": 2.1620705616165257}, "geometry": {"type": "Point", "coordinates": [-76.71085808250746, 38.497146831805935]}}, {"type": "Feature", "properties": {"PWSID": "MD0180012", "PWS_Name": "ST. CLEMENTS SHORES", "Primacy_Agency": "MD", "Population_Served_Count": 620, "Service_Connections_Count": 228, "Service_Area_Type": "Residential Area", "Verification_Status": "", "Area_SqKM": 0.5184637980210289}, "geometry": {"type": "Point", "coordinates": [-76.70423894387409, 38.28043342558388]}}, {"type": "Feature", "properties": {"PWSID": "MD0180056", "PWS_Name": "WILD GOOSE CREST SUBDIVISION", "Primacy_Agency": "MD", "Population_Served_Count": 65, "Service_Connections_Count": 24, "Service_Area_Type": "Residential Area", "Verification_Status": "", "Area_SqKM": 0.15324013790422567}, "geometry": {"type": "Point", "coordinates": [-76.74705255970214, 38.43812667087806]}}, {"type": "Feature", "properties": {"PWSID": "MD0180036", "PWS_Name": "WILDERNESS RUN", "Primacy_Agency": "MD", "Population_Served_Count": 511, "Service_Connections_Count": 188, "Service_Area_Type": "Residential Area", "Verification_Status": "", "Area_SqKM": 1.8257972228472046}, "geometry": {"type": "Point", "coordinates": [-76.61123930579038, 38.24954984942948]}}, {"type": "Feature", "properties": {"PWSID": "MD1040022", "PWS_Name": "THE CALVERTON SCHOOL", "Primacy_Agency": "MD", "Population_Served_Count": 436, "Service_Connections_Count": 1, "Service_Area_Type": "School", "Verification_Status": "", "Area_SqKM": 0.43467943339900866}, "geometry": {"type": "Point", "coordinates": [-76.60821726000296, 38.59102896402111]}}, {"type": "Feature", "properties": {"PWSID": "MD0180018", "PWS_Name": "WICOMICO SHORES", "Primacy_Agency": "MD", "Population_Served_Count": 1262, "Service_Connections_Count": 464, "Service_Area_Type": "Residential Area", "Verification_Status": "", "Area_SqKM": 3.4424700293582977}, "geometry": {"type": "Point", "coordinates": [-76.85213257677849, 38.38298918626727]}}, {"type": "Feature", "properties": {"PWSID": "MD0020223", "PWS_Name": "WAYSONS MOBILE COURT", "Primacy_Agency": "MD", "Population_Served_Count": 540, "Service_Connections_Count": 307, "Service_Area_Type": "Mobile Home Park", "Verification_Status": "", "Area_SqKM": 0.2173724474935639}, "geometry": {"type": "Point", "coordinates": [-76.70280092632959, 38.81347927110219]}}, {"type": "Feature", "properties": {"PWSID": "MD0030202", "PWS_Name": "CHAPEL HILL NURSING CENTER", "Primacy_Agency": "MD", "Population_Served_Count": 125, "Service_Connections_Count": 1, "Service_Area_Type": "Residential Area", "Verification_Status": "", "Area_SqKM": 0.023770230697395953}, "geometry": {"type": "Point", "coordinates": [-76.86037801762022, 39.396799826479494]}}, {"type": "Feature", "properties": {"PWSID": "MD0030023", "PWS_Name": "GRAMERCY LLC (AKA KOINONIA PARTNERSHIP )", "Primacy_Agency": "MD", "Population_Served_Count": 40, "Service_Connections_Count": 11, "Service_Area_Type": "Residential Area", "Verification_Status": "", "Area_SqKM": 0.17956392023781692}, "geometry": {"type": "Point", "coordinates": [-76.6960484050484, 39.42530221129063]}}, {"type": "Feature", "properties": {"PWSID": "MD0020221", "PWS_Name": "SUMMERHILL MOBILE HOME PARK", "Primacy_Agency": "MD", "Population_Served_Count": 350, "Service_Connections_Count": 105, "Service_Area_Type": "Mobile Home Park", "Verification_Status": "", "Area_SqKM": 0.16896319778496627}, "geometry": {"type": "Point", "coordinates": [-76.58842705558219, 39.007041140703166]}}, {"type": "Feature", "properties": {"PWSID": "MD0020218", "PWS_Name": "RIO VISTA PLAZA MOBILE HOME PARK", "Primacy_Agency": "MD", "Population_Served_Count": 150, "Service_Connections_Count": 50, "Service_Area_Type": "Mobile Home Park", "Verification_Status": "", "Area_SqKM": 0.09806808403543305}, "geometry": {"type": "Point", "coordinates": [-76.69561671375325, 38.8191886394427]}}, {"type": "Feature", "properties": {"PWSID": "MD1020035", "PWS_Name": "REGENCY PARK ASSISTED LIVING RESIDENCE", "Primacy_Agency": "MD", "Population_Served_Count": 85, "Service_Connections_Count": 1, "Service_Area_Type": "Medical Facility", "Verification_Status": "", "Area_SqKM": 0.0558465126821131}, "geometry": {"type": "Point", "coordinates": [-76.66427507001926, 39.05251879002]}}, {"type": "Feature", "properties": {"PWSID": "MD0020029", "PWS_Name": "THE PROVINCES", "Primacy_Agency": "MD", "Population_Served_Count": 3991, "Service_Connections_Count": 1478, "Service_Area_Type": "Residential Area", "Verification_Status": "", "Area_SqKM": 1.8281184998050266}, "geometry": {"type": "Point", "coordinates": [-76.72768026109908, 39.13644759427054]}}, {"type": "Feature", "properties": {"PWSID": "MD0020217", "PWS_Name": "PATUXENT MOBILE ESTATES", "Primacy_Agency": "MD", "Population_Served_Count": 450, "Service_Connections_Count": 150, "Service_Area_Type": "Mobile Home Park", "Verification_Status": "", "Area_SqKM": 0.17107811606211532}, "geometry": {"type": "Point", "coordinates": [-76.69655056767596, 38.81553306190322]}}, {"type": "Feature", "properties": {"PWSID": "MD0020214", "PWS_Name": "MARYLAND MANOR MOBILE HOME PARK", "Primacy_Agency": "MD", "Population_Served_Count": 810, "Service_Connections_Count": 270, "Service_Area_Type": "Mobile Home Park", "Verification_Status": "", "Area_SqKM": 0.20335298411938707}, "geometry": {"type": "Point", "coordinates": [-76.68306208891424, 38.8593965664987]}}, {"type": "Feature", "properties": {"PWSID": "MD0020213", "PWS_Name": "LYONS CREEK ESTATES", "Primacy_Agency": "MD", "Population_Served_Count": 750, "Service_Connections_Count": 250, "Service_Area_Type": "Mobile Home Park", "Verification_Status": "", "Area_SqKM": 0.3448109625609337}, "geometry": {"type": "Point", "coordinates": [-76.66696199997226, 38.76473002917295]}}, {"type": "Feature", "properties": {"PWSID": "MD0020019", "PWS_Name": "LAKE VILLAGE TOWNHOMES", "Primacy_Agency": "MD", "Population_Served_Count": 2400, "Service_Connections_Count": 640, "Service_Area_Type": "Residential Area", "Verification_Status": "", "Area_SqKM": 0.20199536494496903}, "geometry": {"type": "Point", "coordinates": [-76.71226984144188, 39.13034990683796]}}, {"type": "Feature", "properties": {"PWSID": "MD0020211", "PWS_Name": "HOLIDAY MOBILE ESTATES, INC.", "Primacy_Agency": "MD", "Population_Served_Count": 900, "Service_Connections_Count": 380, "Service_Area_Type": "Mobile Home Park", "Verification_Status": "", "Area_SqKM": 0.34807950847470587}, "geometry": {"type": "Point", "coordinates": [-76.7397901865976, 39.14571874963247]}}, {"type": "Feature", "properties": {"PWSID": "MD0020012", "PWS_Name": "FORT GEORGE G. MEADE", "Primacy_Agency": "MD", "Population_Served_Count": 62234, "Service_Connections_Count": 10000, "Service_Area_Type": "Residential Area", "Verification_Status": "", "Area_SqKM": 19.21857878293979}, "geometry": {"type": "Point", "coordinates": [-76.73734161366313, 39.099869277251074]}}, {"type": "Feature", "properties": {"PWSID": "MD0020009", "PWS_Name": "CROWNSVILLE HOSPITAL CENTER", "Primacy_Agency": "MD", "Population_Served_Count": 1348, "Service_Connections_Count": 50, "Service_Area_Type": "Residential Area", "Verification_Status": "", "Area_SqKM": 2.154539521473438}, "geometry": {"type": "Point", "coordinates": [-76.6069373192187, 39.02029101610753]}}, {"type": "Feature", "properties": {"PWSID": "MD0020008", "PWS_Name": "CROFTON-ODENTON", "Primacy_Agency": "MD", "Population_Served_Count": 62986, "Service_Connections_Count": 22070, "Service_Area_Type": "Residential Area", "Verification_Status": "", "Area_SqKM": 60.590682559160626}, "geometry": {"type": "Point", "coordinates": [-76.69562627199282, 39.04841769376653]}}, {"type": "Feature", "properties": {"PWSID": "MD0020231", "PWS_Name": "BOONES MOBILE ESTATES", "Primacy_Agency": "MD", "Population_Served_Count": 650, "Service_Connections_Count": 350, "Service_Area_Type": "Mobile Home Park", "Verification_Status": "", "Area_SqKM": 0.4935203280570984}, "geometry": {"type": "Point", "coordinates": [-76.67646418458786, 38.808790754125006]}}, {"type": "Feature", "properties": {"PWSID": "MD0010212", "PWS_Name": "GREEN RIDGE BOYS CAMP", "Primacy_Agency": "MD", "Population_Served_Count": 100, "Service_Connections_Count": 13, "Service_Area_Type": "Institution", "Verification_Status": "", "Area_SqKM": 0.08070217456488915}, "geometry": {"type": "Point", "coordinates": [-78.45840042000752, 39.6733764950225]}}, {"type": "Feature", "properties": {"PWSID": "MD0060019", "PWS_Name": "BARK HILL", "Primacy_Agency": "MD", "Population_Served_Count": 163, "Service_Connections_Count": 61, "Service_Area_Type": "Residential Area", "Verification_Status": "", "Area_SqKM": 0.7964776831822336}, "geometry": {"type": "Point", "coordinates": [-77.1410700609213, 39.59379216456165]}}, {"type": "Feature", "properties": {"PWSID": "MD0060002", "PWS_Name": "FREEDOM DISTRICT", "Primacy_Agency": "MD", "Population_Served_Count": 24867, "Service_Connections_Count": 8458, "Service_Area_Type": "Residential Area", "Verification_Status": "", "Area_SqKM": 36.13164920744051}, "geometry": {"type": "Point", "coordinates": [-76.94895262433039, 39.392592870730056]}}, {"type": "Feature", "properties": {"PWSID": "MD0060003", "PWS_Name": "TOWN OF HAMPSTEAD", "Primacy_Agency": "MD", "Population_Served_Count": 6600, "Service_Connections_Count": 2184, "Service_Area_Type": "Residential Area", "Verification_Status": "", "Area_SqKM": 5.756363372764477}, "geometry": {"type": "Point", "coordinates": [-76.84529121408019, 39.60184751739198]}}, {"type": "Feature", "properties": {"PWSID": "MD0060202", "PWS_Name": "GAITHER MANOR APARTMENTS", "Primacy_Agency": "MD", "Population_Served_Count": 450, "Service_Connections_Count": 16, "Service_Area_Type": "Residential Area", "Verification_Status": "", "Area_SqKM": 0.0021694188616165153}, "geometry": {"type": "Point", "coordinates": [-76.993009689799, 39.36964657019805]}}, {"type": "Feature", "properties": {"PWSID": "MD0060206", "PWS_Name": "HILLANDALE MOBILE HOME PARK", "Primacy_Agency": "MD", "Population_Served_Count": 220, "Service_Connections_Count": 160, "Service_Area_Type": "Mobile Home Park", "Verification_Status": "", "Area_SqKM": 0.38557700936949857}, "geometry": {"type": "Point", "coordinates": [-76.90780489101437, 39.50881171799255]}}, {"type": "Feature", "properties": {"PWSID": "MD0060208", "PWS_Name": "LAKEVIEW MHP LLC", "Primacy_Agency": "MD", "Population_Served_Count": 76, "Service_Connections_Count": 38, "Service_Area_Type": "Mobile Home Park", "Verification_Status": "", "Area_SqKM": 0.0236783895010809}, "geometry": {"type": "Point", "coordinates": [-76.92499006188893, 39.44901213685527]}}, {"type": "Feature", "properties": {"PWSID": "MD0030204", "PWS_Name": "GRANITE MOBILE HOME PARK", "Primacy_Agency": "MD", "Population_Served_Count": 96, "Service_Connections_Count": 52, "Service_Area_Type": "Mobile Home Park", "Verification_Status": "", "Area_SqKM": 0.06043029035707325}, "geometry": {"type": "Point", "coordinates": [-76.85160952739706, 39.33304670583487]}}, {"type": "Feature", "properties": {"PWSID": "MD0030017", "PWS_Name": "PHOENIX", "Primacy_Agency": "MD", "Population_Served_Count": 31, "Service_Connections_Count": 13, "Service_Area_Type": "Residential Area", "Verification_Status": "", "Area_SqKM": 0.16029214583217652}, "geometry": {"type": "Point", "coordinates": [-76.57453522869226, 39.5209040506017]}}, {"type": "Feature", "properties": {"PWSID": "MD0030012", "PWS_Name": "WOODSTOCK JOB CORPS CENTER", "Primacy_Agency": "MD", "Population_Served_Count": 675, "Service_Connections_Count": 8, "Service_Area_Type": "Residential Area", "Verification_Status": "", "Area_SqKM": 2.786189142416847}, "geometry": {"type": "Point", "coordinates": [-76.86616348057873, 39.33976087903639]}}, {"type": "Feature", "properties": {"PWSID": "MD0060217", "PWS_Name": "TODD VILLAGE MOBILE HOME PARK", "Primacy_Agency": "MD", "Population_Served_Count": 180, "Service_Connections_Count": 99, "Service_Area_Type": "Mobile Home Park", "Verification_Status": "", "Area_SqKM": 0.07602301765143536}, "geometry": {"type": "Point", "coordinates": [-76.90184215293486, 39.507413005982414]}}, {"type": "Feature", "properties": {"PWSID": "MD0060013", "PWS_Name": "TOWN OF UNION BRIDGE", "Primacy_Agency": "MD", "Population_Served_Count": 997, "Service_Connections_Count": 300, "Service_Area_Type": "Residential Area", "Verification_Status": "", "Area_SqKM": 1.1450930081669168}, "geometry": {"type": "Point", "coordinates": [-77.17467442645287, 39.57221182852832]}}, {"type": "Feature", "properties": {"PWSID": "MD0060218", "PWS_Name": "TWIN ARCH MOBILE HOME PARK", "Primacy_Agency": "MD", "Population_Served_Count": 50, "Service_Connections_Count": 20, "Service_Area_Type": "Mobile Home Park", "Verification_Status": "", "Area_SqKM": 0.014258528882000418}, "geometry": {"type": "Point", "coordinates": [-77.14126331836297, 39.3664050500614]}}, {"type": "Feature", "properties": {"PWSID": "MD0060017", "PWS_Name": "WAKEFIELD VALLEY", "Primacy_Agency": "MD", "Population_Served_Count": 2436, "Service_Connections_Count": 500, "Service_Area_Type": "Residential Area", "Verification_Status": "", "Area_SqKM": 1.3754377719618494}, "geometry": {"type": "Point", "coordinates": [-77.03584211584503, 39.563133072350446]}}, {"type": "Feature", "properties": {"PWSID": "MD0060203", "PWS_Name": "WOODBINE VILLAGE MOBILE HOME PARK", "Primacy_Agency": "MD", "Population_Served_Count": 150, "Service_Connections_Count": 51, "Service_Area_Type": "Mobile Home Park", "Verification_Status": "", "Area_SqKM": 0.08654505732036485}, "geometry": {"type": "Point", "coordinates": [-77.05494422600955, 39.409389858649575]}}, {"type": "Feature", "properties": {"PWSID": "MD0060015", "PWS_Name": "CITY OF WESTMINSTER", "Primacy_Agency": "MD", "Population_Served_Count": 35256, "Service_Connections_Count": 10157, "Service_Area_Type": "Residential Area", "Verification_Status": "", "Area_SqKM": 25.94936723771923}, "geometry": {"type": "Point", "coordinates": [-76.99289608889298, 39.573725654840764]}}, {"type": "Feature", "properties": {"PWSID": "MD0040002", "PWS_Name": "CAVALIER COUNTRY", "Primacy_Agency": "MD", "Population_Served_Count": 381, "Service_Connections_Count": 134, "Service_Area_Type": "Residential Area", "Verification_Status": "", "Area_SqKM": 0.35447251786114153}, "geometry": {"type": "Point", "coordinates": [-76.6297059879763, 38.748810818708115]}}, {"type": "Feature", "properties": {"PWSID": "MD0060006", "PWS_Name": "TOWN OF MANCHESTER", "Primacy_Agency": "MD", "Population_Served_Count": 4954, "Service_Connections_Count": 1714, "Service_Area_Type": "Residential Area", "Verification_Status": "", "Area_SqKM": 5.151372532651288}, "geometry": {"type": "Point", "coordinates": [-76.88910767074071, 39.658095445120566]}}, {"type": "Feature", "properties": {"PWSID": "MD0060007", "PWS_Name": "TOWN OF MOUNT AIRY", "Primacy_Agency": "MD", "Population_Served_Count": 9890, "Service_Connections_Count": 3326, "Service_Area_Type": "Residential Area", "Verification_Status": "", "Area_SqKM": 8.611781240357372}, "geometry": {"type": "Point", "coordinates": [-77.15010228365317, 39.37700826182879]}}, {"type": "Feature", "properties": {"PWSID": "MD0060213", "PWS_Name": "RESERVOIR TRAILER PARK", "Primacy_Agency": "MD", "Population_Served_Count": 79, "Service_Connections_Count": 31, "Service_Area_Type": "Mobile Home Park", "Verification_Status": "", "Area_SqKM": 0.08205001003592931}, "geometry": {"type": "Point", "coordinates": [-76.88098272829266, 39.48425229978887]}}, {"type": "Feature", "properties": {"PWSID": "MD0060214", "PWS_Name": "ROCKBROOK VILLAGE MOBILE HOME PARK", "Primacy_Agency": "MD", "Population_Served_Count": 150, "Service_Connections_Count": 43, "Service_Area_Type": "Mobile Home Park", "Verification_Status": "", "Area_SqKM": 0.03984173752500265}, "geometry": {"type": "Point", "coordinates": [-76.83155581996371, 39.63771426005492]}}, {"type": "Feature", "properties": {"PWSID": "MD0060010", "PWS_Name": "SPRINGFIELD HOSPITAL DISTRIBUTION", "Primacy_Agency": "MD", "Population_Served_Count": 1500, "Service_Connections_Count": 56, "Service_Area_Type": "Medical Facility", "Verification_Status": "", "Area_SqKM": 1.2880963227811988}, "geometry": {"type": "Point", "coordinates": [-76.96083508381608, 39.384603632687394]}}, {"type": "Feature", "properties": {"PWSID": "MD0060215", "PWS_Name": "SULLIVANS MOBILE HOME PARK COMMUNITY", "Primacy_Agency": "MD", "Population_Served_Count": 70, "Service_Connections_Count": 40, "Service_Area_Type": "Mobile Home Park", "Verification_Status": "", "Area_SqKM": 0.02004670805797233}, "geometry": {"type": "Point", "coordinates": [-76.92083664284253, 39.52127261427474]}}, {"type": "Feature", "properties": {"PWSID": "MD0060012", "PWS_Name": "CITY OF TANEYTOWN", "Primacy_Agency": "MD", "Population_Served_Count": 6750, "Service_Connections_Count": 2635, "Service_Area_Type": "Residential Area", "Verification_Status": "", "Area_SqKM": 5.064412621213785}, "geometry": {"type": "Point", "coordinates": [-77.16612194534603, 39.65852303460421]}}, {"type": "Feature", "properties": {"PWSID": "MD0060216", "PWS_Name": "TAYLORSVILLE MHC, LLC", "Primacy_Agency": "MD", "Population_Served_Count": 38, "Service_Connections_Count": 19, "Service_Area_Type": "Mobile Home Park", "Verification_Status": "", "Area_SqKM": 0.011165199337672361}, "geometry": {"type": "Point", "coordinates": [-77.08868357576884, 39.45615382970524]}}, {"type": "Feature", "properties": {"PWSID": "MD0060008", "PWS_Name": "TOWN OF NEW WINDSOR", "Primacy_Agency": "MD", "Population_Served_Count": 1732, "Service_Connections_Count": 740, "Service_Area_Type": "Residential Area", "Verification_Status": "", "Area_SqKM": 1.8495706951097488}, "geometry": {"type": "Point", "coordinates": [-77.10171421142336, 39.543560455384366]}}, {"type": "Feature", "properties": {"PWSID": "MD0060210", "PWS_Name": "PHEASANT RIDGE ESTATES", "Primacy_Agency": "MD", "Population_Served_Count": 300, "Service_Connections_Count": 101, "Service_Area_Type": "Mobile Home Park", "Verification_Status": "", "Area_SqKM": 0.13918915604301263}, "geometry": {"type": "Point", "coordinates": [-77.14787478673084, 39.35889678418586]}}, {"type": "Feature", "properties": {"PWSID": "MD0060009", "PWS_Name": "PLEASANT VALLEY", "Primacy_Agency": "MD", "Population_Served_Count": 139, "Service_Connections_Count": 53, "Service_Area_Type": "Residential Area", "Verification_Status": "", "Area_SqKM": 0.17784364017661722}, "geometry": {"type": "Point", "coordinates": [-77.04582116579068, 39.63332137450926]}}, {"type": "Feature", "properties": {"PWSID": "MD0060211", "PWS_Name": "PLEASANT VIEW NURSING HOME", "Primacy_Agency": "MD", "Population_Served_Count": 104, "Service_Connections_Count": 2, "Service_Area_Type": "Residential Area", "Verification_Status": "", "Area_SqKM": 0.14899879559581694}, "geometry": {"type": "Point", "coordinates": [-77.14629041161999, 39.35724027310193]}}, {"type": "Feature", "properties": {"PWSID": "MD0100203", "PWS_Name": "CONCORD ESTATES MOBILE HOME PARK", "Primacy_Agency": "MD", "Population_Served_Count": 150, "Service_Connections_Count": 60, "Service_Area_Type": "Mobile Home Park", "Verification_Status": "", "Area_SqKM": 0.03964312133366278}, "geometry": {"type": "Point", "coordinates": [-77.50005929734841, 39.36970578396759]}}, {"type": "Feature", "properties": {"PWSID": "MD0100019", "PWS_Name": "MOUNT SAINT MARYS UNIVERSITY", "Primacy_Agency": "MD", "Population_Served_Count": 1900, "Service_Connections_Count": 8, "Service_Area_Type": "Residential Area", "Verification_Status": "", "Area_SqKM": 4.188700593794789}, "geometry": {"type": "Point", "coordinates": [-77.34989129387544, 39.681280337819885]}}, {"type": "Feature", "properties": {"PWSID": "MD0100020", "PWS_Name": "TOWN OF MYERSVILLE", "Primacy_Agency": "MD", "Population_Served_Count": 1516, "Service_Connections_Count": 574, "Service_Area_Type": "Residential Area", "Verification_Status": "", "Area_SqKM": 1.9026064021573128}, "geometry": {"type": "Point", "coordinates": [-77.56880207860058, 39.50854801751425]}}, {"type": "Feature", "properties": {"PWSID": "MD0100030", "PWS_Name": "NEW DESIGN - FREDERICK COUNTY", "Primacy_Agency": "MD", "Population_Served_Count": 49200, "Service_Connections_Count": 22869, "Service_Area_Type": "Residential Area", "Verification_Status": "", "Area_SqKM": 47.2413541204936}, "geometry": {"type": "Point", "coordinates": [-77.36192616703369, 39.377654048707065]}}, {"type": "Feature", "properties": {"PWSID": "MD0100210", "PWS_Name": "POLINGS MOBILE HOME PARK", "Primacy_Agency": "MD", "Population_Served_Count": 80, "Service_Connections_Count": 40, "Service_Area_Type": "Mobile Home Park", "Verification_Status": "", "Area_SqKM": 0.15735798153641442}, "geometry": {"type": "Point", "coordinates": [-77.49872022635044, 39.40841543244362]}}, {"type": "Feature", "properties": {"PWSID": "MD0100045", "PWS_Name": "ROSEMONT DISTRIBUTION SYSTEM", "Primacy_Agency": "MD", "Population_Served_Count": 237, "Service_Connections_Count": 88, "Service_Area_Type": "Residential Area", "Verification_Status": "", "Area_SqKM": 0.6758620709636287}, "geometry": {"type": "Point", "coordinates": [-77.62053052810656, 39.33034362121079]}}, {"type": "Feature", "properties": {"PWSID": "MD0100040", "PWS_Name": "SAM HILL ESTATES", "Primacy_Agency": "MD", "Population_Served_Count": 1036, "Service_Connections_Count": 384, "Service_Area_Type": "Residential Area", "Verification_Status": "", "Area_SqKM": 1.3430263283672996}, "geometry": {"type": "Point", "coordinates": [-77.19525131541181, 39.351312562569476]}}, {"type": "Feature", "properties": {"PWSID": "MD0100026", "PWS_Name": "WHITE ROCK", "Primacy_Agency": "MD", "Population_Served_Count": 256, "Service_Connections_Count": 95, "Service_Area_Type": "Residential Area", "Verification_Status": "", "Area_SqKM": 0.17272850939908255}, "geometry": {"type": "Point", "coordinates": [-77.45609158986404, 39.490387402891905]}}, {"type": "Feature", "properties": {"PWSID": "MD0100041", "PWS_Name": "KNOLLS OF WINDSOR", "Primacy_Agency": "MD", "Population_Served_Count": 1553, "Service_Connections_Count": 1062, "Service_Area_Type": "Residential Area", "Verification_Status": "", "Area_SqKM": 1.1154129106975086}, "geometry": {"type": "Point", "coordinates": [-77.28189717981708, 39.31766393622052]}}, {"type": "Feature", "properties": {"PWSID": "MD0100027", "PWS_Name": "TOWN OF WOODSBORO", "Primacy_Agency": "MD", "Population_Served_Count": 846, "Service_Connections_Count": 440, "Service_Area_Type": "Residential Area", "Verification_Status": "", "Area_SqKM": 1.4754011617841083}, "geometry": {"type": "Point", "coordinates": [-77.31127630329573, 39.53386380860357]}}, {"type": "Feature", "properties": {"PWSID": "MD1101230", "PWS_Name": "CROWS NEST LODGE AND CAMPGROUND", "Primacy_Agency": "MD", "Population_Served_Count": 50, "Service_Connections_Count": 1, "Service_Area_Type": "Other Area", "Verification_Status": "", "Area_SqKM": 0.01573584759681666}, "geometry": {"type": "Point", "coordinates": [-77.42472585658041, 39.62091766345601]}}, {"type": "Feature", "properties": {"PWSID": "MD0130002", "PWS_Name": "HOWARD COUNTY D.P.W. DISTRIBUTION", "Primacy_Agency": "MD", "Population_Served_Count": 286158, "Service_Connections_Count": 79084, "Service_Area_Type": "Residential Area", "Verification_Status": "", "Area_SqKM": 182.8255156390682}, "geometry": {"type": "Point", "coordinates": [-76.83606624498444, 39.21380687052273]}}, {"type": "Feature", "properties": {"PWSID": "MD0130007", "PWS_Name": "LUTHERAN VILLAGE AT MILLER'S GRANT", "Primacy_Agency": "MD", "Population_Served_Count": 315, "Service_Connections_Count": 1, "Service_Area_Type": "Residential Area", "Verification_Status": "", "Area_SqKM": 0.20121975751355878}, "geometry": {"type": "Point", "coordinates": [-76.84160954549489, 39.27111340170625]}}, {"type": "Feature", "properties": {"PWSID": "MD0100031", "PWS_Name": "CLOVERHILL 3 - CONSECUTIVE TO MD0100015", "Primacy_Agency": "MD", "Population_Served_Count": 888, "Service_Connections_Count": 329, "Service_Area_Type": "Residential Area", "Verification_Status": "", "Area_SqKM": 0.7575185689726524}, "geometry": {"type": "Point", "coordinates": [-77.43495302491623, 39.46176521102377]}}, {"type": "Feature", "properties": {"PWSID": "MD0100037", "PWS_Name": "COPPERFIELD", "Primacy_Agency": "MD", "Population_Served_Count": 338, "Service_Connections_Count": 125, "Service_Area_Type": "Residential Area", "Verification_Status": "", "Area_SqKM": 0.27325510580814494}, "geometry": {"type": "Point", "coordinates": [-77.55251227369489, 39.360492715118355]}}, {"type": "Feature", "properties": {"PWSID": "MD0100010", "PWS_Name": "TOWN OF EMMITSBURG", "Primacy_Agency": "MD", "Population_Served_Count": 2400, "Service_Connections_Count": 1209, "Service_Area_Type": "Residential Area", "Verification_Status": "", "Area_SqKM": 5.568698981186254}, "geometry": {"type": "Point", "coordinates": [-77.32628585734702, 39.70526843998588]}}, {"type": "Feature", "properties": {"PWSID": "MD0100011", "PWS_Name": "FORT DETRICK", "Primacy_Agency": "MD", "Population_Served_Count": 7900, "Service_Connections_Count": 644, "Service_Area_Type": "Residential Area", "Verification_Status": "", "Area_SqKM": 4.8499146668710305}, "geometry": {"type": "Point", "coordinates": [-77.43953923030587, 39.43908768514495]}}, {"type": "Feature", "properties": {"PWSID": "MD0100013", "PWS_Name": "FOUNTAINDALE SOUTH", "Primacy_Agency": "MD", "Population_Served_Count": 2610, "Service_Connections_Count": 967, "Service_Area_Type": "Residential Area", "Verification_Status": "", "Area_SqKM": 3.540698910181349}, "geometry": {"type": "Point", "coordinates": [-77.50782996828222, 39.42116101737081]}}, {"type": "Feature", "properties": {"PWSID": "MD0100207", "PWS_Name": "GILBERTS MOBILE HOME PARK", "Primacy_Agency": "MD", "Population_Served_Count": 75, "Service_Connections_Count": 20, "Service_Area_Type": "Mobile Home Park", "Verification_Status": "", "Area_SqKM": 0.013713924925218064}, "geometry": {"type": "Point", "coordinates": [-77.46120594983702, 39.395814268966134]}}, {"type": "Feature", "properties": {"PWSID": "MD0100036", "PWS_Name": "LIBERTYTOWN APARTMENTS", "Primacy_Agency": "MD", "Population_Served_Count": 97, "Service_Connections_Count": 36, "Service_Area_Type": "Residential Area", "Verification_Status": "", "Area_SqKM": 0.2761126512480808}, "geometry": {"type": "Point", "coordinates": [-77.25061031354001, 39.48582484910952]}}, {"type": "Feature", "properties": {"PWSID": "MD0100038", "PWS_Name": "LIBERTYTOWN EAST", "Primacy_Agency": "MD", "Population_Served_Count": 140, "Service_Connections_Count": 52, "Service_Area_Type": "Residential Area", "Verification_Status": "", "Area_SqKM": 0.0863085635500004}, "geometry": {"type": "Point", "coordinates": [-77.23436436863442, 39.48439217023807]}}, {"type": "Feature", "properties": {"PWSID": "MD0100018", "PWS_Name": "TOWN OF MIDDLETOWN", "Primacy_Agency": "MD", "Population_Served_Count": 4288, "Service_Connections_Count": 1586, "Service_Area_Type": "Residential Area", "Verification_Status": "", "Area_SqKM": 5.167018155027694}, "geometry": {"type": "Point", "coordinates": [-77.53955978649975, 39.44007095538762]}}, {"type": "Feature", "properties": {"PWSID": "MD0100212", "PWS_Name": "SPRING VIEW MOBILE HOME PARK", "Primacy_Agency": "MD", "Population_Served_Count": 70, "Service_Connections_Count": 35, "Service_Area_Type": "Mobile Home Park", "Verification_Status": "", "Area_SqKM": 0.017669700517568616}, "geometry": {"type": "Point", "coordinates": [-77.45913719343949, 39.39662330674718]}}, {"type": "Feature", "properties": {"PWSID": "MD0100023", "PWS_Name": "TOWN OF THURMONT", "Primacy_Agency": "MD", "Population_Served_Count": 6200, "Service_Connections_Count": 2360, "Service_Area_Type": "Residential Area", "Verification_Status": "", "Area_SqKM": 5.9781176861816325}, "geometry": {"type": "Point", "coordinates": [-77.40730306895848, 39.623077507178145]}}, {"type": "Feature", "properties": {"PWSID": "MD0100025", "PWS_Name": "TOWN OF WALKERSVILLE", "Primacy_Agency": "MD", "Population_Served_Count": 8440, "Service_Connections_Count": 2857, "Service_Area_Type": "Residential Area", "Verification_Status": "", "Area_SqKM": 5.474321857032753}, "geometry": {"type": "Point", "coordinates": [-77.34906904358546, 39.48524176316777]}}, {"type": "Feature", "properties": {"PWSID": "MD0160002", "PWS_Name": "CITY OF BOWIE", "Primacy_Agency": "MD", "Population_Served_Count": 25000, "Service_Connections_Count": 7921, "Service_Area_Type": "Residential Area", "Verification_Status": "", "Area_SqKM": 13.631478649653152}, "geometry": {"type": "Point", "coordinates": [-76.74036524004964, 38.97139351329514]}}, {"type": "Feature", "properties": {"PWSID": "MD0100029", "PWS_Name": "WATERSIDE", "Primacy_Agency": "MD", "Population_Served_Count": 1509, "Service_Connections_Count": 559, "Service_Area_Type": "Residential Area", "Verification_Status": "", "Area_SqKM": 0.344735647535481}, "geometry": {"type": "Point", "coordinates": [-77.37758091257763, 39.4536951182324]}}, {"type": "Feature", "properties": {"PWSID": "MD0130005", "PWS_Name": "VILLAS AT CATTAIL CREEK", "Primacy_Agency": "MD", "Population_Served_Count": 170, "Service_Connections_Count": 93, "Service_Area_Type": "Residential Area", "Verification_Status": "", "Area_SqKM": 0.23455938113913982}, "geometry": {"type": "Point", "coordinates": [-77.0389813888538, 39.274923950839316]}}, {"type": "Feature", "properties": {"PWSID": "MD0100032", "PWS_Name": "BRADFORD ESTATES", "Primacy_Agency": "MD", "Population_Served_Count": 178, "Service_Connections_Count": 66, "Service_Area_Type": "Residential Area", "Verification_Status": "", "Area_SqKM": 0.39402073733689674}, "geometry": {"type": "Point", "coordinates": [-77.2289336430846, 39.36439505563909]}}, {"type": "Feature", "properties": {"PWSID": "MD0100004", "PWS_Name": "BRIERCREST APARTMENTS", "Primacy_Agency": "MD", "Population_Served_Count": 45, "Service_Connections_Count": 24, "Service_Area_Type": "Residential Area", "Verification_Status": "", "Area_SqKM": 0.01209666346015763}, "geometry": {"type": "Point", "coordinates": [-77.5365640684321, 39.36464554713697]}}, {"type": "Feature", "properties": {"PWSID": "MD0100005", "PWS_Name": "CITY OF BRUNSWICK", "Primacy_Agency": "MD", "Population_Served_Count": 7312, "Service_Connections_Count": 5322, "Service_Area_Type": "Residential Area", "Verification_Status": "", "Area_SqKM": 4.526295666909507}, "geometry": {"type": "Point", "coordinates": [-77.62473672543422, 39.324219390110635]}}, {"type": "Feature", "properties": {"PWSID": "MD0100033", "PWS_Name": "CAMBRIDGE FARMS", "Primacy_Agency": "MD", "Population_Served_Count": 953, "Service_Connections_Count": 353, "Service_Area_Type": "Residential Area", "Verification_Status": "", "Area_SqKM": 0.6138935270378247}, "geometry": {"type": "Point", "coordinates": [-77.5272063468853, 39.3667338281626]}}, {"type": "Feature", "properties": {"PWSID": "MD0150002", "PWS_Name": "TOWN OF POOLESVILLE", "Primacy_Agency": "MD", "Population_Served_Count": 5400, "Service_Connections_Count": 1600, "Service_Area_Type": "Residential Area", "Verification_Status": "", "Area_SqKM": 6.171930511009674}, "geometry": {"type": "Point", "coordinates": [-77.40903749198728, 39.141595608036106]}}, {"type": "Feature", "properties": {"PWSID": "MD0150003", "PWS_Name": "CITY OF ROCKVILLE", "Primacy_Agency": "MD", "Population_Served_Count": 52000, "Service_Connections_Count": 17500, "Service_Area_Type": "Residential Area", "Verification_Status": "", "Area_SqKM": 27.9377950774082}, "geometry": {"type": "Point", "coordinates": [-77.16441179286633, 39.08074291975649]}}, {"type": "Feature", "properties": {"PWSID": "MD0210018", "PWS_Name": "TOWN OF SMITHSBURG DISTRIBUTION SYSTEM", "Primacy_Agency": "MD", "Population_Served_Count": 2500, "Service_Connections_Count": 1157, "Service_Area_Type": "Residential Area", "Verification_Status": "", "Area_SqKM": 3.2444524910812778}, "geometry": {"type": "Point", "coordinates": [-77.57632214688968, 39.65513718932526]}}, {"type": "Feature", "properties": {"PWSID": "MD0210004", "PWS_Name": "BROOK LANE HEALTH SERVICES", "Primacy_Agency": "MD", "Population_Served_Count": 175, "Service_Connections_Count": 17, "Service_Area_Type": "Residential Area", "Verification_Status": "", "Area_SqKM": 0.4070212757257303}, "geometry": {"type": "Point", "coordinates": [-77.61118916972043, 39.677182429240105]}}, {"type": "Feature", "properties": {"PWSID": "MD0210020", "PWS_Name": "CEDAR RIDGE CHILDREN'S HOME & SCHOOL", "Primacy_Agency": "MD", "Population_Served_Count": 45, "Service_Connections_Count": 10, "Service_Area_Type": "Residential Area", "Verification_Status": "", "Area_SqKM": 0.49289476074488425}, "geometry": {"type": "Point", "coordinates": [-77.86245698510506, 39.64798084934991]}}, {"type": "Feature", "properties": {"PWSID": "MD0210005", "PWS_Name": "TOWN OF CLEAR SPRING", "Primacy_Agency": "MD", "Population_Served_Count": 455, "Service_Connections_Count": 180, "Service_Area_Type": "Residential Area", "Verification_Status": "", "Area_SqKM": 1.5345920903363444}, "geometry": {"type": "Point", "coordinates": [-77.93245969734362, 39.65599499173506]}}, {"type": "Feature", "properties": {"PWSID": "MD0210202", "PWS_Name": "DEER LODGE MOBILE HOME PARK", "Primacy_Agency": "MD", "Population_Served_Count": 87, "Service_Connections_Count": 54, "Service_Area_Type": "Mobile Home Park", "Verification_Status": "", "Area_SqKM": 0.04899646605644946}, "geometry": {"type": "Point", "coordinates": [-77.8312754715017, 39.6538127823044]}}, {"type": "Feature", "properties": {"PWSID": "MD0210006", "PWS_Name": "ELK RIDGE LAKE", "Primacy_Agency": "MD", "Population_Served_Count": 120, "Service_Connections_Count": 38, "Service_Area_Type": "Residential Area", "Verification_Status": "", "Area_SqKM": 0.14946633777633186}, "geometry": {"type": "Point", "coordinates": [-77.69060542497672, 39.41909941823648]}}, {"type": "Feature", "properties": {"PWSID": "MD0210204", "PWS_Name": "EL RANCHO MOBILE HOME PARK", "Primacy_Agency": "MD", "Population_Served_Count": 86, "Service_Connections_Count": 31, "Service_Area_Type": "Mobile Home Park", "Verification_Status": "", "Area_SqKM": 0.13564562452964263}, "geometry": {"type": "Point", "coordinates": [-77.6759173063259, 39.5837370281124]}}, {"type": "Feature", "properties": {"PWSID": "MD0210213", "PWS_Name": "FAHRNEY-KEEDY SENIOR LIVING COMMUNITY", "Primacy_Agency": "MD", "Population_Served_Count": 250, "Service_Connections_Count": 65, "Service_Area_Type": "Residential Area", "Verification_Status": "", "Area_SqKM": 0.3492956826881734}, "geometry": {"type": "Point", "coordinates": [-77.6459157234489, 39.54808740593599]}}, {"type": "Feature", "properties": {"PWSID": "MD0210008", "PWS_Name": "TOWN OF FUNKSTOWN DISTRIBUTION SYSTEM", "Primacy_Agency": "MD", "Population_Served_Count": 1300, "Service_Connections_Count": 485, "Service_Area_Type": "Residential Area", "Verification_Status": "", "Area_SqKM": 0.8166747581589562}, "geometry": {"type": "Point", "coordinates": [-77.70688533718733, 39.60899344000321]}}, {"type": "Feature", "properties": {"PWSID": "MD0210010", "PWS_Name": "CITY OF HAGERSTOWN", "Primacy_Agency": "MD", "Population_Served_Count": 92200, "Service_Connections_Count": 28000, "Service_Area_Type": "Residential Area", "Verification_Status": "", "Area_SqKM": 83.4600381462041}, "geometry": {"type": "Point", "coordinates": [-77.72627001686861, 39.6426474059301]}}, {"type": "Feature", "properties": {"PWSID": "MD0300006", "PWS_Name": "METROPOLITAN OF BALTIMORE", "Primacy_Agency": "MD", "Population_Served_Count": 414, "Service_Connections_Count": 3, "Service_Area_Type": "Residential Area", "Verification_Status": "", "Area_SqKM": 0.06461649658354217}, "geometry": {"type": "Point", "coordinates": [-76.58243856690483, 39.36906661670748]}}, {"type": "Feature", "properties": {"PWSID": "MD0300004", "PWS_Name": "THE NEIGHBORHOODS AT ST. ELIZABETH", "Primacy_Agency": "MD", "Population_Served_Count": 162, "Service_Connections_Count": 1, "Service_Area_Type": "Other Residential", "Verification_Status": "", "Area_SqKM": 0.2573457210806173}, "geometry": {"type": "Point", "coordinates": [-76.6738724771766, 39.269656215327025]}}, {"type": "Feature", "properties": {"PWSID": "MD0100001", "PWS_Name": "AMELANO MANOR", "Primacy_Agency": "MD", "Population_Served_Count": 36, "Service_Connections_Count": 12, "Service_Area_Type": "Residential Area", "Verification_Status": "", "Area_SqKM": 0.10877620402756212}, "geometry": {"type": "Point", "coordinates": [-77.42930072222897, 39.47633028904638]}}, {"type": "Feature", "properties": {"PWSID": "MD0100047", "PWS_Name": "COUNTRY MEADOWS OF FREDERICK", "Primacy_Agency": "MD", "Population_Served_Count": 295, "Service_Connections_Count": 1, "Service_Area_Type": "Other Residential", "Verification_Status": "", "Area_SqKM": 0.2184568999280793}, "geometry": {"type": "Point", "coordinates": [-77.37951882135198, 39.39224417858791]}}, {"type": "Feature", "properties": {"PWSID": "MD0100015", "PWS_Name": "CITY OF FREDERICK", "Primacy_Agency": "MD", "Population_Served_Count": 54000, "Service_Connections_Count": 16600, "Service_Area_Type": "Residential Area", "Verification_Status": "", "Area_SqKM": 37.9158522878569}, "geometry": {"type": "Point", "coordinates": [-77.41998549376318, 39.433841450580616]}}, {"type": "Feature", "properties": {"PWSID": "MD0100214", "PWS_Name": "TRANQUILITY AT FREDERICKTOWNE", "Primacy_Agency": "MD", "Population_Served_Count": 105, "Service_Connections_Count": 1, "Service_Area_Type": "Other Residential", "Verification_Status": "", "Area_SqKM": 0.08768689735068681}, "geometry": {"type": "Point", "coordinates": [-77.44033134075855, 39.40179492193789]}}, {"type": "Feature", "properties": {"PWSID": "MD0210215", "PWS_Name": "LAKESIDE VILLAGE", "Primacy_Agency": "MD", "Population_Served_Count": 1575, "Service_Connections_Count": 525, "Service_Area_Type": "Mobile Home Park", "Verification_Status": "", "Area_SqKM": 0.5900984362944736}, "geometry": {"type": "Point", "coordinates": [-77.78177396656532, 39.62341332771723]}}, {"type": "Feature", "properties": {"PWSID": "MD0210012", "PWS_Name": "TOWN OF HANCOCK", "Primacy_Agency": "MD", "Population_Served_Count": 1921, "Service_Connections_Count": 650, "Service_Area_Type": "Residential Area", "Verification_Status": "", "Area_SqKM": 4.31946469125083}, "geometry": {"type": "Point", "coordinates": [-78.17564956406129, 39.7044873628835]}}, {"type": "Feature", "properties": {"PWSID": "MD0210001", "PWS_Name": "HIGHFIELD", "Primacy_Agency": "MD", "Population_Served_Count": 1141, "Service_Connections_Count": 493, "Service_Area_Type": "Residential Area", "Verification_Status": "", "Area_SqKM": 5.367251982692662}, "geometry": {"type": "Point", "coordinates": [-77.49210696864847, 39.71094751784167]}}, {"type": "Feature", "properties": {"PWSID": "MD0210015", "PWS_Name": "MOUNT AETNA", "Primacy_Agency": "MD", "Population_Served_Count": 688, "Service_Connections_Count": 146, "Service_Area_Type": "Residential Area", "Verification_Status": "", "Area_SqKM": 2.095558206104779}, "geometry": {"type": "Point", "coordinates": [-77.60620005937831, 39.59421526968669]}}, {"type": "Feature", "properties": {"PWSID": "MD0210019", "PWS_Name": "SANDY HOOK", "Primacy_Agency": "MD", "Population_Served_Count": 220, "Service_Connections_Count": 65, "Service_Area_Type": "Residential Area", "Verification_Status": "", "Area_SqKM": 0.22136308443247374}, "geometry": {"type": "Point", "coordinates": [-77.70736852570641, 39.32667953451907]}}, {"type": "Feature", "properties": {"PWSID": "MD0210017", "PWS_Name": "TOWN OF SHARPSBURG", "Primacy_Agency": "MD", "Population_Served_Count": 1360, "Service_Connections_Count": 587, "Service_Area_Type": "Residential Area", "Verification_Status": "", "Area_SqKM": 2.4362834753811087}, "geometry": {"type": "Point", "coordinates": [-77.75417514665101, 39.45416855609105]}}, {"type": "Feature", "properties": {"PWSID": "MD0210209", "PWS_Name": "SAINT JAMES SCHOOL", "Primacy_Agency": "MD", "Population_Served_Count": 200, "Service_Connections_Count": 20, "Service_Area_Type": "School", "Verification_Status": "", "Area_SqKM": 0.3094471002478579}, "geometry": {"type": "Point", "coordinates": [-77.75917263336257, 39.575183000722944]}}, {"type": "Feature", "properties": {"PWSID": "MD0210021", "PWS_Name": "TOWN OF WILLIAMSPORT DISTRIBUTION SYSTEM", "Primacy_Agency": "MD", "Population_Served_Count": 2400, "Service_Connections_Count": 750, "Service_Area_Type": "Residential Area", "Verification_Status": "", "Area_SqKM": 2.5063044641686085}, "geometry": {"type": "Point", "coordinates": [-77.81814767635763, 39.5965676549828]}}, {"type": "Feature", "properties": {"PWSID": "MD0210205", "PWS_Name": "WOODLAND TRAILER PARK", "Primacy_Agency": "MD", "Population_Served_Count": 65, "Service_Connections_Count": 39, "Service_Area_Type": "Mobile Home Park", "Verification_Status": "", "Area_SqKM": 0.042789274945910255}, "geometry": {"type": "Point", "coordinates": [-77.72716773068603, 39.546416738826224]}}, {"type": "Feature", "properties": {"PWSID": "MD0300005", "PWS_Name": "KESWICK MULTI-CARE CENTER", "Primacy_Agency": "MD", "Population_Served_Count": 575, "Service_Connections_Count": 1, "Service_Area_Type": "Other Residential", "Verification_Status": "", "Area_SqKM": 0.1150110928162181}, "geometry": {"type": "Point", "coordinates": [-76.63197247004888, 39.339365710016]}}, {"type": "Feature", "properties": {"PWSID": "MD0020030", "PWS_Name": "ROSE HAVEN", "Primacy_Agency": "MD", "Population_Served_Count": 235, "Service_Connections_Count": 192, "Service_Area_Type": "Residential Area", "Verification_Status": "", "Area_SqKM": 0.40904754847020675}, "geometry": {"type": "Point", "coordinates": [-76.54147361150368, 38.72571807977922]}}, {"type": "Feature", "properties": {"PWSID": "MD0040004", "PWS_Name": "CHESAPEAKE RANCH ESTATES", "Primacy_Agency": "MD", "Population_Served_Count": 9500, "Service_Connections_Count": 3874, "Service_Area_Type": "Residential Area", "Verification_Status": "", "Area_SqKM": 11.010363391275025}, "geometry": {"type": "Point", "coordinates": [-76.41694175902094, 38.35802699988072]}}, {"type": "Feature", "properties": {"PWSID": "MD1021462", "PWS_Name": "MAYO CENTER AND APRATMENTS", "Primacy_Agency": "MD", "Population_Served_Count": 60, "Service_Connections_Count": 2, "Service_Area_Type": "Residential Area", "Verification_Status": "", "Area_SqKM": 0.01431724784803107}, "geometry": {"type": "Point", "coordinates": [-76.5273283064169, 38.9053958666805]}}, {"type": "Feature", "properties": {"PWSID": "MD0040210", "PWS_Name": "PINE TRAILER PARK", "Primacy_Agency": "MD", "Population_Served_Count": 65, "Service_Connections_Count": 28, "Service_Area_Type": "Mobile Home Park", "Verification_Status": "", "Area_SqKM": 0.027550592931864095}, "geometry": {"type": "Point", "coordinates": [-76.56723712132685, 38.512856981831625]}}, {"type": "Feature", "properties": {"PWSID": "MD0040027", "PWS_Name": "SOLOMONS", "Primacy_Agency": "MD", "Population_Served_Count": 3811, "Service_Connections_Count": 1361, "Service_Area_Type": "Residential Area", "Verification_Status": "", "Area_SqKM": 5.205584885208153}, "geometry": {"type": "Point", "coordinates": [-76.45976239854694, 38.33622967724825]}}, {"type": "Feature", "properties": {"PWSID": "MD0050001", "PWS_Name": "TOWN OF DENTON", "Primacy_Agency": "MD", "Population_Served_Count": 4500, "Service_Connections_Count": 1756, "Service_Area_Type": "Residential Area", "Verification_Status": "", "Area_SqKM": 7.533484513180999}, "geometry": {"type": "Point", "coordinates": [-75.82670637668896, 38.88391408263897]}}, {"type": "Feature", "properties": {"PWSID": "MD0050002", "PWS_Name": "TOWN OF FEDERALSBURG", "Primacy_Agency": "MD", "Population_Served_Count": 2450, "Service_Connections_Count": 1300, "Service_Area_Type": "Residential Area", "Verification_Status": "", "Area_SqKM": 4.351657563175828}, "geometry": {"type": "Point", "coordinates": [-75.76873944159766, 38.69215274043496]}}, {"type": "Feature", "properties": {"PWSID": "MD0050216", "PWS_Name": "TOWER COURT MOBILE HOME PARK", "Primacy_Agency": "MD", "Population_Served_Count": 40, "Service_Connections_Count": 22, "Service_Area_Type": "Mobile Home Park", "Verification_Status": "", "Area_SqKM": 0.03172886643557114}, "geometry": {"type": "Point", "coordinates": [-75.7886479502387, 38.90500710638053]}}, {"type": "Feature", "properties": {"PWSID": "MD0040009", "PWS_Name": "BEACHES WATER CO-OPERATIVE", "Primacy_Agency": "MD", "Population_Served_Count": 2000, "Service_Connections_Count": 800, "Service_Area_Type": "Residential Area", "Verification_Status": "", "Area_SqKM": 2.7290269063009935}, "geometry": {"type": "Point", "coordinates": [-76.4803541036469, 38.46240753625525]}}, {"type": "Feature", "properties": {"PWSID": "MD0040003", "PWS_Name": "TOWN OF CHESAPEAKE BEACH", "Primacy_Agency": "MD", "Population_Served_Count": 5000, "Service_Connections_Count": 2800, "Service_Area_Type": "Residential Area", "Verification_Status": "", "Area_SqKM": 2.8946563514103962}, "geometry": {"type": "Point", "coordinates": [-76.54594255981672, 38.691265293213064]}}, {"type": "Feature", "properties": {"PWSID": "MD0040018", "PWS_Name": "CHESAPEAKE HEIGHTS (BAYSIDE FOREST)", "Primacy_Agency": "MD", "Population_Served_Count": 1190, "Service_Connections_Count": 476, "Service_Area_Type": "Residential Area", "Verification_Status": "", "Area_SqKM": 1.723541389245381}, "geometry": {"type": "Point", "coordinates": [-76.53332619218432, 38.56351214794406]}}, {"type": "Feature", "properties": {"PWSID": "MD0040007", "PWS_Name": "KENWOOD BEACH", "Primacy_Agency": "MD", "Population_Served_Count": 338, "Service_Connections_Count": 125, "Service_Area_Type": "Residential Area", "Verification_Status": "", "Area_SqKM": 0.22306034360249574}, "geometry": {"type": "Point", "coordinates": [-76.50417243989837, 38.49756637175944]}}, {"type": "Feature", "properties": {"PWSID": "MD0040030", "PWS_Name": "TOWN OF NORTH BEACH", "Primacy_Agency": "MD", "Population_Served_Count": 3000, "Service_Connections_Count": 850, "Service_Area_Type": "Residential Area", "Verification_Status": "", "Area_SqKM": 0.7065568849810897}, "geometry": {"type": "Point", "coordinates": [-76.53319549998787, 38.70807043756344]}}, {"type": "Feature", "properties": {"PWSID": "MD0040010", "PWS_Name": "PARIS OAKS / DAYS END", "Primacy_Agency": "MD", "Population_Served_Count": 251, "Service_Connections_Count": 88, "Service_Area_Type": "Residential Area", "Verification_Status": "", "Area_SqKM": 0.5442523462206487}, "geometry": {"type": "Point", "coordinates": [-76.56684847664685, 38.711447277055576]}}, {"type": "Feature", "properties": {"PWSID": "MD0040014", "PWS_Name": "SCIENTISTS CLIFFS", "Primacy_Agency": "MD", "Population_Served_Count": 1425, "Service_Connections_Count": 247, "Service_Area_Type": "Residential Area", "Verification_Status": "", "Area_SqKM": 1.259133930628019}, "geometry": {"type": "Point", "coordinates": [-76.51507196799437, 38.51629115476335]}}, {"type": "Feature", "properties": {"PWSID": "MD0040013", "PWS_Name": "ST. LEONARD", "Primacy_Agency": "MD", "Population_Served_Count": 350, "Service_Connections_Count": 62, "Service_Area_Type": "Residential Area", "Verification_Status": "", "Area_SqKM": 0.6711880068334521}, "geometry": {"type": "Point", "coordinates": [-76.50611530681438, 38.472225377103825]}}, {"type": "Feature", "properties": {"PWSID": "MD0040026", "PWS_Name": "SUMMIT/HIGHLANDS", "Primacy_Agency": "MD", "Population_Served_Count": 1108, "Service_Connections_Count": 259, "Service_Area_Type": "Residential Area", "Verification_Status": "", "Area_SqKM": 1.223110969036127}, "geometry": {"type": "Point", "coordinates": [-76.55133338126855, 38.70331945803217]}}, {"type": "Feature", "properties": {"PWSID": "MD0040016", "PWS_Name": "WESTERN SHORES", "Primacy_Agency": "MD", "Population_Served_Count": 200, "Service_Connections_Count": 65, "Service_Area_Type": "Residential Area", "Verification_Status": "", "Area_SqKM": 0.6273249115525106}, "geometry": {"type": "Point", "coordinates": [-76.50181384107462, 38.49125387884875]}}, {"type": "Feature", "properties": {"PWSID": "MD0040017", "PWS_Name": "WHITE SANDS", "Primacy_Agency": "MD", "Population_Served_Count": 82, "Service_Connections_Count": 30, "Service_Area_Type": "Residential Area", "Verification_Status": "", "Area_SqKM": 0.07084090568824417}, "geometry": {"type": "Point", "coordinates": [-76.4684129300411, 38.425099229700535]}}, {"type": "Feature", "properties": {"PWSID": "MD0050206", "PWS_Name": "HOLLY COVE HARBOR MOBILE HOME PARK", "Primacy_Agency": "MD", "Population_Served_Count": 45, "Service_Connections_Count": 20, "Service_Area_Type": "Mobile Home Park", "Verification_Status": "", "Area_SqKM": 0.05777829305059608}, "geometry": {"type": "Point", "coordinates": [-75.94378844505873, 38.77069910609891]}}, {"type": "Feature", "properties": {"PWSID": "MD0050004", "PWS_Name": "JONESTOWN WATER SYSTEM", "Primacy_Agency": "MD", "Population_Served_Count": 150, "Service_Connections_Count": 56, "Service_Area_Type": "Residential Area", "Verification_Status": "", "Area_SqKM": 0.27375548566482416}, "geometry": {"type": "Point", "coordinates": [-75.89196335983411, 38.72968182343272]}}, {"type": "Feature", "properties": {"PWSID": "MD0050207", "PWS_Name": "LIBERTY MOBILE HOME PARK", "Primacy_Agency": "MD", "Population_Served_Count": 40, "Service_Connections_Count": 20, "Service_Area_Type": "Mobile Home Park", "Verification_Status": "", "Area_SqKM": 0.015749325102148402}, "geometry": {"type": "Point", "coordinates": [-75.75665518831997, 38.69422871922155]}}, {"type": "Feature", "properties": {"PWSID": "MD0050208", "PWS_Name": "MEADOWBROOK COURT", "Primacy_Agency": "MD", "Population_Served_Count": 50, "Service_Connections_Count": 20, "Service_Area_Type": "Residential Area", "Verification_Status": "", "Area_SqKM": 0.02089177717387416}, "geometry": {"type": "Point", "coordinates": [-75.81252803640731, 38.72513310913348]}}, {"type": "Feature", "properties": {"PWSID": "MD0050210", "PWS_Name": "NELPINE MOBILE HOME PARK", "Primacy_Agency": "MD", "Population_Served_Count": 70, "Service_Connections_Count": 20, "Service_Area_Type": "Mobile Home Park", "Verification_Status": "", "Area_SqKM": 0.033384637438869554}, "geometry": {"type": "Point", "coordinates": [-75.89313135442684, 38.732373309247265]}}, {"type": "Feature", "properties": {"PWSID": "MD0050218", "PWS_Name": "NIELSEN MOBILE HOME PARK [MARSH CREEK]", "Primacy_Agency": "MD", "Population_Served_Count": 35, "Service_Connections_Count": 15, "Service_Area_Type": "Mobile Home Park", "Verification_Status": "", "Area_SqKM": 0.019671044550332025}, "geometry": {"type": "Point", "coordinates": [-75.97380888900933, 38.74435598886838]}}, {"type": "Feature", "properties": {"PWSID": "MD0050005", "PWS_Name": "TOWN OF PRESTON", "Primacy_Agency": "MD", "Population_Served_Count": 700, "Service_Connections_Count": 259, "Service_Area_Type": "Residential Area", "Verification_Status": "", "Area_SqKM": 1.2330111048659504}, "geometry": {"type": "Point", "coordinates": [-75.90802195214829, 38.71057689339681]}}, {"type": "Feature", "properties": {"PWSID": "MD0050209", "PWS_Name": "DOVER BRIDGE PARK", "Primacy_Agency": "MD", "Population_Served_Count": 100, "Service_Connections_Count": 80, "Service_Area_Type": "Mobile Home Park", "Verification_Status": "", "Area_SqKM": 0.2634069807479503}, "geometry": {"type": "Point", "coordinates": [-75.9705585960615, 38.74516422167053]}}, {"type": "Feature", "properties": {"PWSID": "MD0090219", "PWS_Name": "BAY COUNTRY MOBILE HOME PARK", "Primacy_Agency": "MD", "Population_Served_Count": 300, "Service_Connections_Count": 140, "Service_Area_Type": "Mobile Home Park", "Verification_Status": "", "Area_SqKM": 0.14358901936276738}, "geometry": {"type": "Point", "coordinates": [-76.03955384132823, 38.5504171597781]}}, {"type": "Feature", "properties": {"PWSID": "MD0090222", "PWS_Name": "BEAVER RUN MOBILE HOME PARK", "Primacy_Agency": "MD", "Population_Served_Count": 275, "Service_Connections_Count": 123, "Service_Area_Type": "Mobile Home Park", "Verification_Status": "", "Area_SqKM": 0.32210665036690916}, "geometry": {"type": "Point", "coordinates": [-75.96197588226299, 38.541602248876025]}}, {"type": "Feature", "properties": {"PWSID": "MD0090001", "PWS_Name": "BONNIE BROOK", "Primacy_Agency": "MD", "Population_Served_Count": 390, "Service_Connections_Count": 110, "Service_Area_Type": "Residential Area", "Verification_Status": "", "Area_SqKM": 0.5286203131396132}, "geometry": {"type": "Point", "coordinates": [-76.02191918729586, 38.556808190740306]}}, {"type": "Feature", "properties": {"PWSID": "MD0090002", "PWS_Name": "CITY OF CAMBRIDGE WATER", "Primacy_Agency": "MD", "Population_Served_Count": 15000, "Service_Connections_Count": 5125, "Service_Area_Type": "Residential Area", "Verification_Status": "", "Area_SqKM": 23.54884756947864}, "geometry": {"type": "Point", "coordinates": [-76.07714748682814, 38.56429573682137]}}, {"type": "Feature", "properties": {"PWSID": "MD0090220", "PWS_Name": "DORCHESTER COUNTRY ESTATES M.H.P.", "Primacy_Agency": "MD", "Population_Served_Count": 118, "Service_Connections_Count": 40, "Service_Area_Type": "Mobile Home Park", "Verification_Status": "", "Area_SqKM": 0.030054913766625}, "geometry": {"type": "Point", "coordinates": [-76.03280687359927, 38.55208081184881]}}, {"type": "Feature", "properties": {"PWSID": "MD0090004", "PWS_Name": "TOWN OF EAST NEW MARKET", "Primacy_Agency": "MD", "Population_Served_Count": 400, "Service_Connections_Count": 175, "Service_Area_Type": "Residential Area", "Verification_Status": "", "Area_SqKM": 1.012074016429575}, "geometry": {"type": "Point", "coordinates": [-75.92227630503412, 38.59692099253523]}}, {"type": "Feature", "properties": {"PWSID": "MD0090224", "PWS_Name": "HERITAGE MOBILE HOME PARK", "Primacy_Agency": "MD", "Population_Served_Count": 80, "Service_Connections_Count": 80, "Service_Area_Type": "Mobile Home Park", "Verification_Status": "", "Area_SqKM": 0.1131396674172677}, "geometry": {"type": "Point", "coordinates": [-75.9341171843906, 38.59572981570615]}}, {"type": "Feature", "properties": {"PWSID": "MD0090005", "PWS_Name": "TOWN OF HURLOCK", "Primacy_Agency": "MD", "Population_Served_Count": 2150, "Service_Connections_Count": 920, "Service_Area_Type": "Residential Area", "Verification_Status": "", "Area_SqKM": 7.018865954469276}, "geometry": {"type": "Point", "coordinates": [-75.85729430737489, 38.622470901565954]}}, {"type": "Feature", "properties": {"PWSID": "MD0090009", "PWS_Name": "LODGECLIFFE DISTRIBUTION SYSTEM", "Primacy_Agency": "MD", "Population_Served_Count": 300, "Service_Connections_Count": 103, "Service_Area_Type": "Residential Area", "Verification_Status": "", "Area_SqKM": 0.2439791949196911}, "geometry": {"type": "Point", "coordinates": [-76.09802665322998, 38.58562352366115]}}, {"type": "Feature", "properties": {"PWSID": "MD0170009", "PWS_Name": "PROSPECT BAY", "Primacy_Agency": "MD", "Population_Served_Count": 913, "Service_Connections_Count": 315, "Service_Area_Type": "Residential Area", "Verification_Status": "", "Area_SqKM": 2.543455369794702}, "geometry": {"type": "Point", "coordinates": [-76.20008562644263, 38.90502678426566]}}, {"type": "Feature", "properties": {"PWSID": "MD0180210", "PWS_Name": "COOK'S TRAILER COURT (AKA GARRETT TP)", "Primacy_Agency": "MD", "Population_Served_Count": 120, "Service_Connections_Count": 35, "Service_Area_Type": "Mobile Home Park", "Verification_Status": "", "Area_SqKM": 0.019257797268148327}, "geometry": {"type": "Point", "coordinates": [-76.44167853655782, 38.22266908635488]}}, {"type": "Feature", "properties": {"PWSID": "MD0180045", "PWS_Name": "GREENBRIER", "Primacy_Agency": "MD", "Population_Served_Count": 1161, "Service_Connections_Count": 427, "Service_Area_Type": "Residential Area", "Verification_Status": "", "Area_SqKM": 1.0843292183368622}, "geometry": {"type": "Point", "coordinates": [-76.44099242985791, 38.24009310458557]}}, {"type": "Feature", "properties": {"PWSID": "MD0180212", "PWS_Name": "LANGLEY MOBILE HOME PARK", "Primacy_Agency": "MD", "Population_Served_Count": 175, "Service_Connections_Count": 37, "Service_Area_Type": "Mobile Home Park", "Verification_Status": "", "Area_SqKM": 0.25558862993864057}, "geometry": {"type": "Point", "coordinates": [-76.48905983247988, 38.2271949561797]}}, {"type": "Feature", "properties": {"PWSID": "MD0090221", "PWS_Name": "RELIANCE MOBILE HOME PARK", "Primacy_Agency": "MD", "Population_Served_Count": 200, "Service_Connections_Count": 75, "Service_Area_Type": "Mobile Home Park", "Verification_Status": "", "Area_SqKM": 0.13007668213953097}, "geometry": {"type": "Point", "coordinates": [-75.71007654312103, 38.63387941953257]}}, {"type": "Feature", "properties": {"PWSID": "MD0090007", "PWS_Name": "TOWN OF SECRETARY", "Primacy_Agency": "MD", "Population_Served_Count": 535, "Service_Connections_Count": 246, "Service_Area_Type": "Residential Area", "Verification_Status": "", "Area_SqKM": 0.8400365033044791}, "geometry": {"type": "Point", "coordinates": [-75.94797717269076, 38.60902166097105]}}, {"type": "Feature", "properties": {"PWSID": "MD0180034", "PWS_Name": "PINEY POINT", "Primacy_Agency": "MD", "Population_Served_Count": 672, "Service_Connections_Count": 247, "Service_Area_Type": "Residential Area", "Verification_Status": "", "Area_SqKM": 0.3064387801379437}, "geometry": {"type": "Point", "coordinates": [-76.5085466958961, 38.14281310819301]}}, {"type": "Feature", "properties": {"PWSID": "MD0090008", "PWS_Name": "TOWN OF VIENNA", "Primacy_Agency": "MD", "Population_Served_Count": 460, "Service_Connections_Count": 265, "Service_Area_Type": "Residential Area", "Verification_Status": "", "Area_SqKM": 1.3049326527378122}, "geometry": {"type": "Point", "coordinates": [-75.83153785383321, 38.48848016831026]}}, {"type": "Feature", "properties": {"PWSID": "MD0190002", "PWS_Name": "TOWN OF PRINCESS ANNE", "Primacy_Agency": "MD", "Population_Served_Count": 3300, "Service_Connections_Count": 1277, "Service_Area_Type": "Residential Area", "Verification_Status": "", "Area_SqKM": 17.92875903158629}, "geometry": {"type": "Point", "coordinates": [-75.69737355609965, 38.185652962201246]}}, {"type": "Feature", "properties": {"PWSID": "MD0190012", "PWS_Name": "FAIRMOUNT", "Primacy_Agency": "MD", "Population_Served_Count": 750, "Service_Connections_Count": 321, "Service_Area_Type": "Residential Area", "Verification_Status": "", "Area_SqKM": 10.48151588260449}, "geometry": {"type": "Point", "coordinates": [-75.81874162964388, 38.104111716444876]}}, {"type": "Feature", "properties": {"PWSID": "MD0200003", "PWS_Name": "EASTON UTILITIES", "Primacy_Agency": "MD", "Population_Served_Count": 17357, "Service_Connections_Count": 7185, "Service_Area_Type": "Residential Area", "Verification_Status": "", "Area_SqKM": 26.424200774388492}, "geometry": {"type": "Point", "coordinates": [-76.07546438369678, 38.77077360606738]}}, {"type": "Feature", "properties": {"PWSID": "MD0180002", "PWS_Name": "CEDAR COVE", "Primacy_Agency": "MD", "Population_Served_Count": 2728, "Service_Connections_Count": 1003, "Service_Area_Type": "Residential Area", "Verification_Status": "", "Area_SqKM": 0.612959358725276}, "geometry": {"type": "Point", "coordinates": [-76.41242078871296, 38.260545421801275]}}, {"type": "Feature", "properties": {"PWSID": "MD0180020", "PWS_Name": "FENWICK MANOR", "Primacy_Agency": "MD", "Population_Served_Count": 234, "Service_Connections_Count": 86, "Service_Area_Type": "Residential Area", "Verification_Status": "", "Area_SqKM": 0.5055563924504972}, "geometry": {"type": "Point", "coordinates": [-76.5610255674999, 38.35539162928136]}}, {"type": "Feature", "properties": {"PWSID": "MD0180041", "PWS_Name": "FOX MEADOW", "Primacy_Agency": "MD", "Population_Served_Count": 128, "Service_Connections_Count": 47, "Service_Area_Type": "Residential Area", "Verification_Status": "", "Area_SqKM": 0.2177913537101241}, "geometry": {"type": "Point", "coordinates": [-76.44847925475278, 38.22597508994637]}}, {"type": "Feature", "properties": {"PWSID": "MD0180038", "PWS_Name": "HUNTING QUARTERS", "Primacy_Agency": "MD", "Population_Served_Count": 715, "Service_Connections_Count": 263, "Service_Area_Type": "Residential Area", "Verification_Status": "", "Area_SqKM": 0.4338082648743659}, "geometry": {"type": "Point", "coordinates": [-76.52383167063202, 38.2444221650377]}}, {"type": "Feature", "properties": {"PWSID": "MD0180207", "PWS_Name": "LEXINGTON MOBILE HOME CO., LLC", "Primacy_Agency": "MD", "Population_Served_Count": 300, "Service_Connections_Count": 73, "Service_Area_Type": "Mobile Home Park", "Verification_Status": "", "Area_SqKM": 0.05033321271017783}, "geometry": {"type": "Point", "coordinates": [-76.40800915848202, 38.2328428253373]}}, {"type": "Feature", "properties": {"PWSID": "MD0180007", "PWS_Name": "LEXINGTON PARK", "Primacy_Agency": "MD", "Population_Served_Count": 43030, "Service_Connections_Count": 15820, "Service_Area_Type": "Residential Area", "Verification_Status": "", "Area_SqKM": 31.46283530034783}, "geometry": {"type": "Point", "coordinates": [-76.49917499251393, 38.286516167320784]}}, {"type": "Feature", "properties": {"PWSID": "MD0180213", "PWS_Name": "LORD CALVERT TRAILER PARK", "Primacy_Agency": "MD", "Population_Served_Count": 892, "Service_Connections_Count": 223, "Service_Area_Type": "Mobile Home Park", "Verification_Status": "", "Area_SqKM": 0.2776108779720147}, "geometry": {"type": "Point", "coordinates": [-76.49183779077822, 38.24765916021205]}}, {"type": "Feature", "properties": {"PWSID": "MD0180022", "PWS_Name": "PATUXENT NAVAL AIR STATION (NAVFAC-WASH)", "Primacy_Agency": "MD", "Population_Served_Count": 22000, "Service_Connections_Count": 832, "Service_Area_Type": "Residential Area", "Verification_Status": "", "Area_SqKM": 24.910843469860318}, "geometry": {"type": "Point", "coordinates": [-76.40665088347441, 38.293926408354366]}}, {"type": "Feature", "properties": {"PWSID": "MD0180047", "PWS_Name": "PINEY POINT LANDINGS", "Primacy_Agency": "MD", "Population_Served_Count": 237, "Service_Connections_Count": 88, "Service_Area_Type": "Residential Area", "Verification_Status": "", "Area_SqKM": 1.2463348542417452}, "geometry": {"type": "Point", "coordinates": [-76.53358282944876, 38.152784645499864]}}, {"type": "Feature", "properties": {"PWSID": "MD0220213", "PWS_Name": "COUNTRY VILLAGE MOBILE HOME PARK", "Primacy_Agency": "MD", "Population_Served_Count": 38, "Service_Connections_Count": 28, "Service_Area_Type": "Mobile Home Park", "Verification_Status": "", "Area_SqKM": 0.03459703328105479}, "geometry": {"type": "Point", "coordinates": [-75.55676868716554, 38.445398308555944]}}, {"type": "Feature", "properties": {"PWSID": "MD0220001", "PWS_Name": "TOWN OF DELMAR", "Primacy_Agency": "MD", "Population_Served_Count": 4500, "Service_Connections_Count": 1503, "Service_Area_Type": "Residential Area", "Verification_Status": "", "Area_SqKM": 3.9797776532594358}, "geometry": {"type": "Point", "coordinates": [-75.56347444948237, 38.443195481453564]}}, {"type": "Feature", "properties": {"PWSID": "MD0220008", "PWS_Name": "CITY OF FRUITLAND", "Primacy_Agency": "MD", "Population_Served_Count": 5907, "Service_Connections_Count": 2362, "Service_Area_Type": "Residential Area", "Verification_Status": "", "Area_SqKM": 8.269813324459955}, "geometry": {"type": "Point", "coordinates": [-75.62011174383036, 38.32173036167579]}}, {"type": "Feature", "properties": {"PWSID": "MD0220204", "PWS_Name": "GATEWAY VILLAGE MOBILE HOME PARK", "Primacy_Agency": "MD", "Population_Served_Count": 60, "Service_Connections_Count": 28, "Service_Area_Type": "Mobile Home Park", "Verification_Status": "", "Area_SqKM": 0.049692406536639706}, "geometry": {"type": "Point", "coordinates": [-75.56841282444708, 38.43600514659624]}}, {"type": "Feature", "properties": {"PWSID": "MD0220212", "PWS_Name": "HARBOUR LIGHT ESTATES COMMUNITY", "Primacy_Agency": "MD", "Population_Served_Count": 95, "Service_Connections_Count": 55, "Service_Area_Type": "Residential Area", "Verification_Status": "", "Area_SqKM": 0.03937745631915237}, "geometry": {"type": "Point", "coordinates": [-75.54199368973514, 38.33892843278842]}}, {"type": "Feature", "properties": {"PWSID": "MD0180048", "PWS_Name": "SOUTHGATE", "Primacy_Agency": "MD", "Population_Served_Count": 188, "Service_Connections_Count": 69, "Service_Area_Type": "Residential Area", "Verification_Status": "", "Area_SqKM": 0.056938855947339787}, "geometry": {"type": "Point", "coordinates": [-76.42429852248517, 38.24719089217222]}}, {"type": "Feature", "properties": {"PWSID": "MD0180013", "PWS_Name": "SAINT MARYS COLLEGE", "Primacy_Agency": "MD", "Population_Served_Count": 2200, "Service_Connections_Count": 24, "Service_Area_Type": "School", "Verification_Status": "", "Area_SqKM": 1.6010202461125744}, "geometry": {"type": "Point", "coordinates": [-76.43143307911153, 38.18839620176861]}}, {"type": "Feature", "properties": {"PWSID": "MD0190001", "PWS_Name": "CITY OF CRISFIELD", "Primacy_Agency": "MD", "Population_Served_Count": 2976, "Service_Connections_Count": 2034, "Service_Area_Type": "Residential Area", "Verification_Status": "", "Area_SqKM": 6.4260099592764925}, "geometry": {"type": "Point", "coordinates": [-75.8295039841396, 37.98920826553623]}}, {"type": "Feature", "properties": {"PWSID": "MD0190013", "PWS_Name": "EASTERN CORRECTIONAL INSTITUTE", "Primacy_Agency": "MD", "Population_Served_Count": 3500, "Service_Connections_Count": 5, "Service_Area_Type": "Residential Area", "Verification_Status": "", "Area_SqKM": 2.5687791100862833}, "geometry": {"type": "Point", "coordinates": [-75.70458496349616, 38.14720072694765]}}, {"type": "Feature", "properties": {"PWSID": "MD0190205", "PWS_Name": "EDEN MOBILE HOME PARK", "Primacy_Agency": "MD", "Population_Served_Count": 250, "Service_Connections_Count": 108, "Service_Area_Type": "Mobile Home Park", "Verification_Status": "", "Area_SqKM": 0.2554205773131947}, "geometry": {"type": "Point", "coordinates": [-75.65528472958377, 38.28120636308118]}}, {"type": "Feature", "properties": {"PWSID": "MD0190004", "PWS_Name": "EWELL WATERWORKS COOPERATIVE", "Primacy_Agency": "MD", "Population_Served_Count": 75, "Service_Connections_Count": 30, "Service_Area_Type": "Residential Area", "Verification_Status": "", "Area_SqKM": 0.3331975599685115}, "geometry": {"type": "Point", "coordinates": [-76.03446439630179, 37.9947491136263]}}, {"type": "Feature", "properties": {"PWSID": "MD0190009", "PWS_Name": "RHODES POINT SOUTH WATERWORKS", "Primacy_Agency": "MD", "Population_Served_Count": 100, "Service_Connections_Count": 27, "Service_Area_Type": "Residential Area", "Verification_Status": "", "Area_SqKM": 0.16265436455147403}, "geometry": {"type": "Point", "coordinates": [-76.0416622401912, 37.97451951989719]}}, {"type": "Feature", "properties": {"PWSID": "MD0190011", "PWS_Name": "TYLERTON WATERWORK COOPERATIVE", "Primacy_Agency": "MD", "Population_Served_Count": 100, "Service_Connections_Count": 55, "Service_Area_Type": "Residential Area", "Verification_Status": "", "Area_SqKM": 0.15679491983757674}, "geometry": {"type": "Point", "coordinates": [-76.02285621575032, 37.96657691450311]}}, {"type": "Feature", "properties": {"PWSID": "MD0200006", "PWS_Name": "TOWN OF ST. MICHAELS", "Primacy_Agency": "MD", "Population_Served_Count": 2650, "Service_Connections_Count": 1300, "Service_Area_Type": "Residential Area", "Verification_Status": "", "Area_SqKM": 3.181783323017782}, "geometry": {"type": "Point", "coordinates": [-76.0603827652718, 38.659144012972085]}}, {"type": "Feature", "properties": {"PWSID": "MD0220220", "PWS_Name": "WESTSIDE MOBILE HOME PARK", "Primacy_Agency": "MD", "Population_Served_Count": 300, "Service_Connections_Count": 94, "Service_Area_Type": "Mobile Home Park", "Verification_Status": "", "Area_SqKM": 0.22932727071891237}, "geometry": {"type": "Point", "coordinates": [-75.70488758416896, 38.35296727927448]}}, {"type": "Feature", "properties": {"PWSID": "MD0220007", "PWS_Name": "TOWN OF WILLARDS", "Primacy_Agency": "MD", "Population_Served_Count": 1021, "Service_Connections_Count": 451, "Service_Area_Type": "Residential Area", "Verification_Status": "", "Area_SqKM": 2.2542169943420665}, "geometry": {"type": "Point", "coordinates": [-75.35020484661929, 38.39182887266312]}}, {"type": "Feature", "properties": {"PWSID": "MD0220201", "PWS_Name": "GREEN MEADOWS COMPACT HOMES", "Primacy_Agency": "MD", "Population_Served_Count": 86, "Service_Connections_Count": 39, "Service_Area_Type": "Residential Area", "Verification_Status": "", "Area_SqKM": 0.025476585633000325}, "geometry": {"type": "Point", "coordinates": [-75.5665957887869, 38.43007621097385]}}, {"type": "Feature", "properties": {"PWSID": "MD1231051", "PWS_Name": "BAYSIDE VILLAGE", "Primacy_Agency": "MD", "Population_Served_Count": 50, "Service_Connections_Count": 35, "Service_Area_Type": "Other Area", "Verification_Status": "", "Area_SqKM": 0.039755509743707985}, "geometry": {"type": "Point", "coordinates": [-75.11177908944873, 38.33114422499431]}}, {"type": "Feature", "properties": {"PWSID": "MD0230023", "PWS_Name": "BB APARTMENTS (PREV WOC VILLAGE APTS)", "Primacy_Agency": "MD", "Population_Served_Count": 40, "Service_Connections_Count": 3, "Service_Area_Type": "Residential Area", "Verification_Status": "", "Area_SqKM": 0.00317015922964887}, "geometry": {"type": "Point", "coordinates": [-75.11758172749877, 38.33704070001574]}}, {"type": "Feature", "properties": {"PWSID": "MD0230001", "PWS_Name": "TOWN OF BERLIN", "Primacy_Agency": "MD", "Population_Served_Count": 4500, "Service_Connections_Count": 1959, "Service_Area_Type": "Residential Area", "Verification_Status": "", "Area_SqKM": 7.03991887843721}, "geometry": {"type": "Point", "coordinates": [-75.20962487028262, 38.32904238170677]}}, {"type": "Feature", "properties": {"PWSID": "MD0200202", "PWS_Name": "SWANN HAVEN MOBILE HOME PARK", "Primacy_Agency": "MD", "Population_Served_Count": 44, "Service_Connections_Count": 19, "Service_Area_Type": "Mobile Home Park", "Verification_Status": "", "Area_SqKM": 0.5048234346386652}, "geometry": {"type": "Point", "coordinates": [-76.04216392154129, 38.776156930774185]}}, {"type": "Feature", "properties": {"PWSID": "MD0200007", "PWS_Name": "TOWN OF TRAPPE", "Primacy_Agency": "MD", "Population_Served_Count": 1200, "Service_Connections_Count": 474, "Service_Area_Type": "Residential Area", "Verification_Status": "", "Area_SqKM": 3.1322600531942726}, "geometry": {"type": "Point", "coordinates": [-76.21509407261915, 38.78055045492401]}}, {"type": "Feature", "properties": {"PWSID": "MD0230210", "PWS_Name": "FOUR SEASONS PARK INC.", "Primacy_Agency": "MD", "Population_Served_Count": 25, "Service_Connections_Count": 25, "Service_Area_Type": "Mobile Home Park", "Verification_Status": "", "Area_SqKM": 0.026263499144767662}, "geometry": {"type": "Point", "coordinates": [-75.13837381261551, 38.33608079494344]}}, {"type": "Feature", "properties": {"PWSID": "MD0230206", "PWS_Name": "LAKE HAVEN MOBILE HOME PARK", "Primacy_Agency": "MD", "Population_Served_Count": 384, "Service_Connections_Count": 119, "Service_Area_Type": "Mobile Home Park", "Verification_Status": "", "Area_SqKM": 0.10274336172232289}, "geometry": {"type": "Point", "coordinates": [-75.17755972569394, 38.35035456448914]}}, {"type": "Feature", "properties": {"PWSID": "MD0230011", "PWS_Name": "MYSTIC HARBOUR", "Primacy_Agency": "MD", "Population_Served_Count": 5945, "Service_Connections_Count": 2370, "Service_Area_Type": "Residential Area", "Verification_Status": "", "Area_SqKM": 17.287495987256218}, "geometry": {"type": "Point", "coordinates": [-75.11851067548085, 38.33435378178439]}}, {"type": "Feature", "properties": {"PWSID": "MD0200005", "PWS_Name": "TOWN OF OXFORD", "Primacy_Agency": "MD", "Population_Served_Count": 726, "Service_Connections_Count": 525, "Service_Area_Type": "Residential Area", "Verification_Status": "", "Area_SqKM": 2.0318553126579104}, "geometry": {"type": "Point", "coordinates": [-76.17053807934835, 38.68457870214845]}}, {"type": "Feature", "properties": {"PWSID": "MD0230002", "PWS_Name": "NEWARK", "Primacy_Agency": "MD", "Population_Served_Count": 325, "Service_Connections_Count": 80, "Service_Area_Type": "Residential Area", "Verification_Status": "", "Area_SqKM": 1.7509470951812356}, "geometry": {"type": "Point", "coordinates": [-75.28427872316315, 38.25118991514713]}}, {"type": "Feature", "properties": {"PWSID": "MD0200004", "PWS_Name": "MARTINGHAM UTILITIES COOPERATIVE", "Primacy_Agency": "MD", "Population_Served_Count": 675, "Service_Connections_Count": 270, "Service_Area_Type": "Residential Area", "Verification_Status": "", "Area_SqKM": 2.7702938320064443}, "geometry": {"type": "Point", "coordinates": [-76.22512277187309, 38.812480494091005]}}, {"type": "Feature", "properties": {"PWSID": "MD0200206", "PWS_Name": "FOSTERS MOBILE HOME PARK", "Primacy_Agency": "MD", "Population_Served_Count": 48, "Service_Connections_Count": 16, "Service_Area_Type": "Mobile Home Park", "Verification_Status": "", "Area_SqKM": 0.025939964248369734}, "geometry": {"type": "Point", "coordinates": [-76.06977816201132, 38.824870128688275]}}, {"type": "Feature", "properties": {"PWSID": "MD0200002", "PWS_Name": "CLAIBORNE", "Primacy_Agency": "MD", "Population_Served_Count": 60, "Service_Connections_Count": 29, "Service_Area_Type": "Residential Area", "Verification_Status": "", "Area_SqKM": 0.31209007547950096}, "geometry": {"type": "Point", "coordinates": [-76.27449294284638, 38.83745379721417]}}, {"type": "Feature", "properties": {"PWSID": "MD0040024", "PWS_Name": "CALVERT BEACH - DECATUR STREET", "Primacy_Agency": "MD", "Population_Served_Count": 350, "Service_Connections_Count": 102, "Service_Area_Type": "Residential Area", "Verification_Status": "", "Area_SqKM": 0.4457855147818493}, "geometry": {"type": "Point", "coordinates": [-76.49387435955654, 38.47138542365532]}}, {"type": "Feature", "properties": {"PWSID": "MD0220222", "PWS_Name": "BENNETT MOBILE HOME PARK", "Primacy_Agency": "MD", "Population_Served_Count": 60, "Service_Connections_Count": 37, "Service_Area_Type": "Mobile Home Park", "Verification_Status": "", "Area_SqKM": 0.08259308395427213}, "geometry": {"type": "Point", "coordinates": [-75.61113152994461, 38.40893711998568]}}, {"type": "Feature", "properties": {"PWSID": "MD0220218", "PWS_Name": "BOH-NAK MOBILE HOME PARK", "Primacy_Agency": "MD", "Population_Served_Count": 85, "Service_Connections_Count": 44, "Service_Area_Type": "Mobile Home Park", "Verification_Status": "", "Area_SqKM": 0.046928006893423836}, "geometry": {"type": "Point", "coordinates": [-75.62525410522225, 38.305209760470454]}}, {"type": "Feature", "properties": {"PWSID": "MD0220216", "PWS_Name": "CEDARHURST MOBILE HOME PARK", "Primacy_Agency": "MD", "Population_Served_Count": 220, "Service_Connections_Count": 91, "Service_Area_Type": "Mobile Home Park", "Verification_Status": "", "Area_SqKM": 0.1945953858802767}, "geometry": {"type": "Point", "coordinates": [-75.63460366397715, 38.39972103047895]}}, {"type": "Feature", "properties": {"PWSID": "MD0220223", "PWS_Name": "COLONIAL MILL ESTATES MOBILE HOME PARK", "Primacy_Agency": "MD", "Population_Served_Count": 86, "Service_Connections_Count": 43, "Service_Area_Type": "Mobile Home Park", "Verification_Status": "", "Area_SqKM": 0.0727410066210096}, "geometry": {"type": "Point", "coordinates": [-75.55705702962757, 38.44760519999647]}}, {"type": "Feature", "properties": {"PWSID": "MD0220219", "PWS_Name": "OAK TERRACE MOBILE HOME PARK LLC", "Primacy_Agency": "MD", "Population_Served_Count": 30, "Service_Connections_Count": 16, "Service_Area_Type": "Mobile Home Park", "Verification_Status": "", "Area_SqKM": 0.0384274614673904}, "geometry": {"type": "Point", "coordinates": [-75.7632829333449, 38.468438846447626]}}, {"type": "Feature", "properties": {"PWSID": "MD0220004", "PWS_Name": "CITY OF SALISBURY", "Primacy_Agency": "MD", "Population_Served_Count": 30343, "Service_Connections_Count": 10501, "Service_Area_Type": "Residential Area", "Verification_Status": "", "Area_SqKM": 42.14437392102296}, "geometry": {"type": "Point", "coordinates": [-75.5897290314659, 38.36609212567151]}}, {"type": "Feature", "properties": {"PWSID": "MD0220005", "PWS_Name": "TOWN OF SHARPTOWN", "Primacy_Agency": "MD", "Population_Served_Count": 625, "Service_Connections_Count": 327, "Service_Area_Type": "Residential Area", "Verification_Status": "", "Area_SqKM": 1.1550183318591838}, "geometry": {"type": "Point", "coordinates": [-75.71946137674495, 38.54037379277303]}}, {"type": "Feature", "properties": {"PWSID": "MD0220206", "PWS_Name": "PINE TREE MOBILE HOME PARK", "Primacy_Agency": "MD", "Population_Served_Count": 91, "Service_Connections_Count": 43, "Service_Area_Type": "Mobile Home Park", "Verification_Status": "", "Area_SqKM": 0.03135025657700315}, "geometry": {"type": "Point", "coordinates": [-75.45699874019029, 38.39631202339327]}}, {"type": "Feature", "properties": {"PWSID": "MD0220009", "PWS_Name": "TOWN OF PITTSVILLE", "Primacy_Agency": "MD", "Population_Served_Count": 1500, "Service_Connections_Count": 741, "Service_Area_Type": "Residential Area", "Verification_Status": "", "Area_SqKM": 4.6181582134674315}, "geometry": {"type": "Point", "coordinates": [-75.40765796436628, 38.39473766652615]}}, {"type": "Feature", "properties": {"PWSID": "MD0220010", "PWS_Name": "STEEPLECHASE WATERWORKS", "Primacy_Agency": "MD", "Population_Served_Count": 395, "Service_Connections_Count": 158, "Service_Area_Type": "Residential Area", "Verification_Status": "", "Area_SqKM": 0.5282962506583679}, "geometry": {"type": "Point", "coordinates": [-75.6537813427371, 38.3576268360942]}}, {"type": "Feature", "properties": {"PWSID": "MD0220012", "PWS_Name": "BEST RENTAL HOUSING, INC.", "Primacy_Agency": "MD", "Population_Served_Count": 68, "Service_Connections_Count": 30, "Service_Area_Type": "Residential Area", "Verification_Status": "", "Area_SqKM": 0.0506129995242042}, "geometry": {"type": "Point", "coordinates": [-75.59936009807132, 38.389231136368736]}}, {"type": "Feature", "properties": {"PWSID": "MD0220217", "PWS_Name": "WALSTONS MOBILE HOME PARK", "Primacy_Agency": "MD", "Population_Served_Count": 165, "Service_Connections_Count": 90, "Service_Area_Type": "Mobile Home Park", "Verification_Status": "", "Area_SqKM": 0.0798511650005395}, "geometry": {"type": "Point", "coordinates": [-75.50972168939506, 38.35963197882718]}}, {"type": "Feature", "properties": {"PWSID": "MD0230015", "PWS_Name": "BRIDDLETOWN DISTRIBUTION SYSTEM", "Primacy_Agency": "MD", "Population_Served_Count": 150, "Service_Connections_Count": 55, "Service_Area_Type": "Residential Area", "Verification_Status": "", "Area_SqKM": 0.8305662951728101}, "geometry": {"type": "Point", "coordinates": [-75.19448087872497, 38.336142230604416]}}, {"type": "Feature", "properties": {"PWSID": "MD0230203", "PWS_Name": "DELMARVA MOBILE HOME PARK", "Primacy_Agency": "MD", "Population_Served_Count": 62, "Service_Connections_Count": 84, "Service_Area_Type": "Mobile Home Park", "Verification_Status": "", "Area_SqKM": 0.04548552930422522}, "geometry": {"type": "Point", "coordinates": [-75.10532808565752, 38.33352437143426]}}, {"type": "Feature", "properties": {"PWSID": "MD0230006", "PWS_Name": "CITY OF POCOMOKE CITY", "Primacy_Agency": "MD", "Population_Served_Count": 4100, "Service_Connections_Count": 1800, "Service_Area_Type": "Residential Area", "Verification_Status": "", "Area_SqKM": 5.6561467183323275}, "geometry": {"type": "Point", "coordinates": [-75.55129066804305, 38.063432414564645]}}, {"type": "Feature", "properties": {"PWSID": "MD0230019", "PWS_Name": "RIDDLE FARM", "Primacy_Agency": "MD", "Population_Served_Count": 500, "Service_Connections_Count": 348, "Service_Area_Type": "Other Area", "Verification_Status": "", "Area_SqKM": 4.219780826327221}, "geometry": {"type": "Point", "coordinates": [-75.14129751561437, 38.35095993283084]}}, {"type": "Feature", "properties": {"PWSID": "MD0230007", "PWS_Name": "TOWN OF SNOW HILL", "Primacy_Agency": "MD", "Population_Served_Count": 2409, "Service_Connections_Count": 1150, "Service_Area_Type": "Residential Area", "Verification_Status": "", "Area_SqKM": 5.2121411927894}, "geometry": {"type": "Point", "coordinates": [-75.39351675796621, 38.173119506971446]}}, {"type": "Feature", "properties": {"PWSID": "MD0230220", "PWS_Name": "SUNSET LAKES MOBILE HOME PARK", "Primacy_Agency": "MD", "Population_Served_Count": 48, "Service_Connections_Count": 34, "Service_Area_Type": "Mobile Home Park", "Verification_Status": "", "Area_SqKM": 0.15019505466239694}, "geometry": {"type": "Point", "coordinates": [-75.20629099999657, 38.31352009444123]}}, {"type": "Feature", "properties": {"PWSID": "MD0230217", "PWS_Name": "PIN OAK APARTMENTS", "Primacy_Agency": "MD", "Population_Served_Count": 40, "Service_Connections_Count": 2, "Service_Area_Type": "Residential Area", "Verification_Status": "", "Area_SqKM": 0.04050820264752011}, "geometry": {"type": "Point", "coordinates": [-75.21295461119765, 38.34972969849822]}}, {"type": "Feature", "properties": {"PWSID": "MD0040020", "PWS_Name": "CALVERT BEACH / FOREST TRAIL", "Primacy_Agency": "MD", "Population_Served_Count": 100, "Service_Connections_Count": 38, "Service_Area_Type": "Residential Area", "Verification_Status": "", "Area_SqKM": 0.2476887399860927}, "geometry": {"type": "Point", "coordinates": [-76.48247331068524, 38.46778995202681]}}, {"type": "Feature", "properties": {"PWSID": "MD0220002", "PWS_Name": "TOWN OF HEBRON", "Primacy_Agency": "MD", "Population_Served_Count": 1022, "Service_Connections_Count": 498, "Service_Area_Type": "Residential Area", "Verification_Status": "", "Area_SqKM": 1.9989125542078763}, "geometry": {"type": "Point", "coordinates": [-75.68620034361581, 38.41822083198992]}}, {"type": "Feature", "properties": {"PWSID": "MD0220224", "PWS_Name": "HEBRON WOODS MOBILE HOME PARK", "Primacy_Agency": "MD", "Population_Served_Count": 250, "Service_Connections_Count": 125, "Service_Area_Type": "Mobile Home Park", "Verification_Status": "", "Area_SqKM": 0.28969807553299315}, "geometry": {"type": "Point", "coordinates": [-75.68688288007425, 38.444040106663316]}}, {"type": "Feature", "properties": {"PWSID": "MD0220221", "PWS_Name": "NAYLOR MILL VILLAGE MOBILE HOME PARK", "Primacy_Agency": "MD", "Population_Served_Count": 180, "Service_Connections_Count": 52, "Service_Area_Type": "Mobile Home Park", "Verification_Status": "", "Area_SqKM": 0.12054689957480524}, "geometry": {"type": "Point", "coordinates": [-75.606412170513, 38.41054278534313]}}, {"type": "Feature", "properties": {"PWSID": "MD0220209", "PWS_Name": "OAK RIDGE MOBILE HOME PARK", "Primacy_Agency": "MD", "Population_Served_Count": 150, "Service_Connections_Count": 43, "Service_Area_Type": "Mobile Home Park", "Verification_Status": "", "Area_SqKM": 0.13436770376770213}, "geometry": {"type": "Point", "coordinates": [-75.69510110287266, 38.334592711304175]}}, {"type": "Feature", "properties": {"PWSID": "MD0020042", "PWS_Name": "U.S. NAVAL ACADEMY", "Primacy_Agency": "MD", "Population_Served_Count": 8700, "Service_Connections_Count": 180, "Service_Area_Type": "School", "Verification_Status": "", "Area_SqKM": 1.6087750176628541}, "geometry": {"type": "Point", "coordinates": [-76.49137367382076, 38.985780338192036]}}, {"type": "Feature", "properties": {"PWSID": "MD1021498", "PWS_Name": "WOODLAND BEACH COMMUNITY ASSOC.", "Primacy_Agency": "MD", "Population_Served_Count": 26, "Service_Connections_Count": 12, "Service_Area_Type": "Other Area", "Verification_Status": "", "Area_SqKM": 0.014997170746552272}, "geometry": {"type": "Point", "coordinates": [-76.50177730262915, 39.149271457180305]}}, {"type": "Feature", "properties": {"PWSID": "MD0030208", "PWS_Name": "GLEN MEADOWS RETIREMENT COMMUNITY", "Primacy_Agency": "MD", "Population_Served_Count": 468, "Service_Connections_Count": 1, "Service_Area_Type": "Residential Area", "Verification_Status": "", "Area_SqKM": 1.1096966902079197}, "geometry": {"type": "Point", "coordinates": [-76.51443384883373, 39.445902351907115]}}, {"type": "Feature", "properties": {"PWSID": "MD0020059", "PWS_Name": "TEBBSTON ON MAGOTHY", "Primacy_Agency": "MD", "Population_Served_Count": 52, "Service_Connections_Count": 15, "Service_Area_Type": "Residential Area", "Verification_Status": "", "Area_SqKM": 0.03740315591935057}, "geometry": {"type": "Point", "coordinates": [-76.51998729819287, 39.08735551298076]}}, {"type": "Feature", "properties": {"PWSID": "MD0020035", "PWS_Name": "SHERWOOD FOREST WATER COMPANY", "Primacy_Agency": "MD", "Population_Served_Count": 1200, "Service_Connections_Count": 341, "Service_Area_Type": "Residential Area", "Verification_Status": "", "Area_SqKM": 1.704741500438127}, "geometry": {"type": "Point", "coordinates": [-76.5475361960964, 39.02662577661999]}}, {"type": "Feature", "properties": {"PWSID": "MD0020044", "PWS_Name": "HERALD HARBOR", "Primacy_Agency": "MD", "Population_Served_Count": 2241, "Service_Connections_Count": 859, "Service_Area_Type": "Residential Area", "Verification_Status": "", "Area_SqKM": 2.2988313594793506}, "geometry": {"type": "Point", "coordinates": [-76.56800442147072, 39.05025605693717]}}, {"type": "Feature", "properties": {"PWSID": "MD0020013", "PWS_Name": "GIBSON ISLAND", "Primacy_Agency": "MD", "Population_Served_Count": 275, "Service_Connections_Count": 197, "Service_Area_Type": "Residential Area", "Verification_Status": "", "Area_SqKM": 3.7788690934166302}, "geometry": {"type": "Point", "coordinates": [-76.43448824893541, 39.08461475566448]}}, {"type": "Feature", "properties": {"PWSID": "MD0020011", "PWS_Name": "EPPING FOREST", "Primacy_Agency": "MD", "Population_Served_Count": 500, "Service_Connections_Count": 190, "Service_Area_Type": "Residential Area", "Verification_Status": "", "Area_SqKM": 0.5184435068167793}, "geometry": {"type": "Point", "coordinates": [-76.53132372835921, 39.01176101068815]}}, {"type": "Feature", "properties": {"PWSID": "MD0020004", "PWS_Name": "BROAD CREEK", "Primacy_Agency": "MD", "Population_Served_Count": 23179, "Service_Connections_Count": 7820, "Service_Area_Type": "Residential Area", "Verification_Status": "", "Area_SqKM": 42.87932208622385}, "geometry": {"type": "Point", "coordinates": [-76.5550790619402, 38.96559456388152]}}, {"type": "Feature", "properties": {"PWSID": "MD0020001", "PWS_Name": "CITY OF ANNAPOLIS", "Primacy_Agency": "MD", "Population_Served_Count": 35000, "Service_Connections_Count": 11100, "Service_Area_Type": "Residential Area", "Verification_Status": "", "Area_SqKM": 20.127339587125327}, "geometry": {"type": "Point", "coordinates": [-76.49909727614597, 38.97380384717661]}}, {"type": "Feature", "properties": {"PWSID": "MD0050205", "PWS_Name": "CEDAR MOBILE HOME PARK", "Primacy_Agency": "MD", "Population_Served_Count": 300, "Service_Connections_Count": 41, "Service_Area_Type": "Mobile Home Park", "Verification_Status": "", "Area_SqKM": 0.05626024839168313}, "geometry": {"type": "Point", "coordinates": [-75.75647083754734, 39.10658396881356]}}, {"type": "Feature", "properties": {"PWSID": "MD0050003", "PWS_Name": "TOWN OF GREENSBORO", "Primacy_Agency": "MD", "Population_Served_Count": 1878, "Service_Connections_Count": 780, "Service_Area_Type": "Residential Area", "Verification_Status": "", "Area_SqKM": 2.2482516145019447}, "geometry": {"type": "Point", "coordinates": [-75.80669772018503, 38.97547549390085]}}, {"type": "Feature", "properties": {"PWSID": "MD0050007", "PWS_Name": "HARMAN SUBDIVISION", "Primacy_Agency": "MD", "Population_Served_Count": 35, "Service_Connections_Count": 20, "Service_Area_Type": "Residential Area", "Verification_Status": "", "Area_SqKM": 0.08152346857586307}, "geometry": {"type": "Point", "coordinates": [-75.76112269723109, 39.12880094461581]}}, {"type": "Feature", "properties": {"PWSID": "MD0050008", "PWS_Name": "TOWN OF HENDERSON", "Primacy_Agency": "MD", "Population_Served_Count": 156, "Service_Connections_Count": 53, "Service_Area_Type": "Residential Area", "Verification_Status": "", "Area_SqKM": 0.31758837645533944}, "geometry": {"type": "Point", "coordinates": [-75.76540450315511, 39.07406497402099]}}, {"type": "Feature", "properties": {"PWSID": "MD0070207", "PWS_Name": "BAY COUNTRY ESTATES MOBILE HOME PARK", "Primacy_Agency": "MD", "Population_Served_Count": 276, "Service_Connections_Count": 106, "Service_Area_Type": "Mobile Home Park", "Verification_Status": "", "Area_SqKM": 0.14221305589000505}, "geometry": {"type": "Point", "coordinates": [-76.00996248618353, 39.641685222389974]}}, {"type": "Feature", "properties": {"PWSID": "MD0070209", "PWS_Name": "BENJAMINS VILLAGE/HOMESTEAD M.H.P.", "Primacy_Agency": "MD", "Population_Served_Count": 400, "Service_Connections_Count": 99, "Service_Area_Type": "Mobile Home Park", "Verification_Status": "", "Area_SqKM": 0.18690632484034678}, "geometry": {"type": "Point", "coordinates": [-76.09725476432068, 39.622819464146346]}}, {"type": "Feature", "properties": {"PWSID": "MD0070206", "PWS_Name": "AUTUMN LAKE HEALTHCARE", "Primacy_Agency": "MD", "Population_Served_Count": 290, "Service_Connections_Count": 1, "Service_Area_Type": "Residential Area", "Verification_Status": "", "Area_SqKM": 0.037343659154914347}, "geometry": {"type": "Point", "coordinates": [-75.98115696746798, 39.70356916514514]}}, {"type": "Feature", "properties": {"PWSID": "MD0070004", "PWS_Name": "TOWN OF CECILTON", "Primacy_Agency": "MD", "Population_Served_Count": 477, "Service_Connections_Count": 291, "Service_Area_Type": "Residential Area", "Verification_Status": "", "Area_SqKM": 1.334224177392258}, "geometry": {"type": "Point", "coordinates": [-75.86576637784586, 39.407333604589326]}}, {"type": "Feature", "properties": {"PWSID": "MD0070236", "PWS_Name": "CECILTON MANOR MOBILE HOME PARK", "Primacy_Agency": "MD", "Population_Served_Count": 60, "Service_Connections_Count": 20, "Service_Area_Type": "Mobile Home Park", "Verification_Status": "", "Area_SqKM": 0.027783635262255895}, "geometry": {"type": "Point", "coordinates": [-75.84192292494429, 39.40351808748976]}}, {"type": "Feature", "properties": {"PWSID": "MD0050201", "PWS_Name": "BENEDICTINE SCHOOL", "Primacy_Agency": "MD", "Population_Served_Count": 300, "Service_Connections_Count": 3, "Service_Area_Type": "School", "Verification_Status": "", "Area_SqKM": 1.4509499125433742}, "geometry": {"type": "Point", "coordinates": [-75.89004921363104, 39.0107541621406]}}, {"type": "Feature", "properties": {"PWSID": "MD0050204", "PWS_Name": "CAROLINE ACRES MOBILE HOME PARK", "Primacy_Agency": "MD", "Population_Served_Count": 395, "Service_Connections_Count": 137, "Service_Area_Type": "Mobile Home Park", "Verification_Status": "", "Area_SqKM": 0.41141045143172944}, "geometry": {"type": "Point", "coordinates": [-75.77044193442157, 39.070107010039344]}}, {"type": "Feature", "properties": {"PWSID": "MD0050217", "PWS_Name": "TAYLORS MOBILE HOME PARK", "Primacy_Agency": "MD", "Population_Served_Count": 27, "Service_Connections_Count": 19, "Service_Area_Type": "Mobile Home Park", "Verification_Status": "", "Area_SqKM": 0.016284385757100017}, "geometry": {"type": "Point", "coordinates": [-75.79770443553222, 38.96905721665278]}}, {"type": "Feature", "properties": {"PWSID": "MD0050006", "PWS_Name": "TOWN OF RIDGELY", "Primacy_Agency": "MD", "Population_Served_Count": 1600, "Service_Connections_Count": 740, "Service_Area_Type": "Residential Area", "Verification_Status": "", "Area_SqKM": 4.778349646035433}, "geometry": {"type": "Point", "coordinates": [-75.88548073401024, 38.94528254413767]}}, {"type": "Feature", "properties": {"PWSID": "MD0070233", "PWS_Name": "STONEY CHASE/ ROCK CREEK M.H.P.S", "Primacy_Agency": "MD", "Population_Served_Count": 396, "Service_Connections_Count": 97, "Service_Area_Type": "Mobile Home Park", "Verification_Status": "", "Area_SqKM": 0.22906065600502287}, "geometry": {"type": "Point", "coordinates": [-75.94086320465419, 39.65004685463642]}}, {"type": "Feature", "properties": {"PWSID": "MD0070235", "PWS_Name": "TOWN & COUNTRY MOBILE HOME PARK", "Primacy_Agency": "MD", "Population_Served_Count": 950, "Service_Connections_Count": 164, "Service_Area_Type": "Mobile Home Park", "Verification_Status": "", "Area_SqKM": 0.22933130599125665}, "geometry": {"type": "Point", "coordinates": [-75.91767847738244, 39.613804403286586]}}, {"type": "Feature", "properties": {"PWSID": "MD0070245", "PWS_Name": "TIMBER GROVE MHP", "Primacy_Agency": "MD", "Population_Served_Count": 76, "Service_Connections_Count": 38, "Service_Area_Type": "Mobile Home Park", "Verification_Status": "", "Area_SqKM": 0.08643505169485928}, "geometry": {"type": "Point", "coordinates": [-76.06627663336671, 39.7188743140884]}}, {"type": "Feature", "properties": {"PWSID": "MD0070204", "PWS_Name": "WEST NOTTINGHAM ACADEMY", "Primacy_Agency": "MD", "Population_Served_Count": 250, "Service_Connections_Count": 10, "Service_Area_Type": "Residential Area", "Verification_Status": "", "Area_SqKM": 0.49917283304924936}, "geometry": {"type": "Point", "coordinates": [-76.07618981841807, 39.66733952757846]}}, {"type": "Feature", "properties": {"PWSID": "MD0070238", "PWS_Name": "WILLIAMS MOBILE HOME PARK", "Primacy_Agency": "MD", "Population_Served_Count": 87, "Service_Connections_Count": 31, "Service_Area_Type": "Mobile Home Park", "Verification_Status": "", "Area_SqKM": 0.09152295372010762}, "geometry": {"type": "Point", "coordinates": [-76.05147165136553, 39.589551499980175]}}, {"type": "Feature", "properties": {"PWSID": "MD0070213", "PWS_Name": "WHISPERING PINES MOBILE HOME PARK", "Primacy_Agency": "MD", "Population_Served_Count": 325, "Service_Connections_Count": 103, "Service_Area_Type": "Mobile Home Park", "Verification_Status": "", "Area_SqKM": 0.07385766886178877}, "geometry": {"type": "Point", "coordinates": [-75.90613800009514, 39.60409091521465]}}, {"type": "Feature", "properties": {"PWSID": "MD0070029", "PWS_Name": "TOWN OF CHARLESTOWN", "Primacy_Agency": "MD", "Population_Served_Count": 3791, "Service_Connections_Count": 770, "Service_Area_Type": "Residential Area", "Verification_Status": "", "Area_SqKM": 2.9162317039962735}, "geometry": {"type": "Point", "coordinates": [-75.97470064751172, 39.5743367964514]}}, {"type": "Feature", "properties": {"PWSID": "MD0070006", "PWS_Name": "TOWN OF CHESAPEAKE CITY [FORMERLY SOUTH]", "Primacy_Agency": "MD", "Population_Served_Count": 673, "Service_Connections_Count": 413, "Service_Area_Type": "Residential Area", "Verification_Status": "", "Area_SqKM": 1.9005303358497743}, "geometry": {"type": "Point", "coordinates": [-75.8143312549147, 39.52561477912703]}}, {"type": "Feature", "properties": {"PWSID": "MD0070211", "PWS_Name": "CHESAPEAKE ESTATES MOBILE HOME PARK", "Primacy_Agency": "MD", "Population_Served_Count": 159, "Service_Connections_Count": 55, "Service_Area_Type": "Mobile Home Park", "Verification_Status": "", "Area_SqKM": 0.06612185522878783}, "geometry": {"type": "Point", "coordinates": [-75.79860462300039, 39.52144007289658]}}, {"type": "Feature", "properties": {"PWSID": "MD0070246", "PWS_Name": "CINNAMON WOODS", "Primacy_Agency": "MD", "Population_Served_Count": 60, "Service_Connections_Count": 30, "Service_Area_Type": "Mobile Home Park", "Verification_Status": "", "Area_SqKM": 0.1143526046127537}, "geometry": {"type": "Point", "coordinates": [-76.17674731306495, 39.68352118267633]}}, {"type": "Feature", "properties": {"PWSID": "MD0070214", "PWS_Name": "CONOWINGO MOBILE HOME PARK", "Primacy_Agency": "MD", "Population_Served_Count": 315, "Service_Connections_Count": 131, "Service_Area_Type": "Mobile Home Park", "Verification_Status": "", "Area_SqKM": 0.2283629031600943}, "geometry": {"type": "Point", "coordinates": [-76.18752674449681, 39.679822085260305]}}, {"type": "Feature", "properties": {"PWSID": "MD0070008", "PWS_Name": "CRYSTAL BEACH MANOR/T&C UTILITY", "Primacy_Agency": "MD", "Population_Served_Count": 500, "Service_Connections_Count": 250, "Service_Area_Type": "Residential Area", "Verification_Status": "", "Area_SqKM": 0.22751658922543458}, "geometry": {"type": "Point", "coordinates": [-75.97320350796618, 39.44204510406651]}}, {"type": "Feature", "properties": {"PWSID": "MD0070036", "PWS_Name": "DEEP ROOTS INC.", "Primacy_Agency": "MD", "Population_Served_Count": 40, "Service_Connections_Count": 6, "Service_Area_Type": "Other Residential", "Verification_Status": "", "Area_SqKM": 0.08011632716101641}, "geometry": {"type": "Point", "coordinates": [-75.91551289510545, 39.45987170003087]}}, {"type": "Feature", "properties": {"PWSID": "MD0070011", "PWS_Name": "TOWN OF ELKTON", "Primacy_Agency": "MD", "Population_Served_Count": 15625, "Service_Connections_Count": 6692, "Service_Area_Type": "Residential Area", "Verification_Status": "", "Area_SqKM": 20.790501972525878}, "geometry": {"type": "Point", "coordinates": [-75.84186576615492, 39.6009769161957]}}, {"type": "Feature", "properties": {"PWSID": "MD0070217", "PWS_Name": "FOREST GREEN COURT MOBILE HOME PARK", "Primacy_Agency": "MD", "Population_Served_Count": 212, "Service_Connections_Count": 139, "Service_Area_Type": "Mobile Home Park", "Verification_Status": "", "Area_SqKM": 0.27090100878039924}, "geometry": {"type": "Point", "coordinates": [-75.89805725641733, 39.62987938454371]}}, {"type": "Feature", "properties": {"PWSID": "MD0070202", "PWS_Name": "GOLDEN KAY APARTMENTS", "Primacy_Agency": "MD", "Population_Served_Count": 148, "Service_Connections_Count": 9, "Service_Area_Type": "Residential Area", "Verification_Status": "", "Area_SqKM": 0.014382575057723387}, "geometry": {"type": "Point", "coordinates": [-75.87475098335342, 39.60739609984948]}}, {"type": "Feature", "properties": {"PWSID": "MD0070203", "PWS_Name": "GRAYMOUNT APARTMENTS", "Primacy_Agency": "MD", "Population_Served_Count": 27, "Service_Connections_Count": 4, "Service_Area_Type": "Residential Area", "Verification_Status": "", "Area_SqKM": 0.008409954555475042}, "geometry": {"type": "Point", "coordinates": [-75.87398082978261, 39.60731475989648]}}, {"type": "Feature", "properties": {"PWSID": "MD0070223", "PWS_Name": "MAPLE HILL MOBILE ESTATES", "Primacy_Agency": "MD", "Population_Served_Count": 180, "Service_Connections_Count": 84, "Service_Area_Type": "Mobile Home Park", "Verification_Status": "", "Area_SqKM": 0.09187631895887251}, "geometry": {"type": "Point", "coordinates": [-76.08435954004361, 39.63034178508774]}}, {"type": "Feature", "properties": {"PWSID": "MD0070248", "PWS_Name": "MAYBELLE MANOR MOBILE HOME PARK", "Primacy_Agency": "MD", "Population_Served_Count": 50, "Service_Connections_Count": 28, "Service_Area_Type": "Mobile Home Park", "Verification_Status": "", "Area_SqKM": 0.11346509880701665}, "geometry": {"type": "Point", "coordinates": [-76.18384387343201, 39.68052447946479]}}, {"type": "Feature", "properties": {"PWSID": "MD0070247", "PWS_Name": "MISTY MEADOWS 1 / HIGHLAND HILLS M.H.P.", "Primacy_Agency": "MD", "Population_Served_Count": 460, "Service_Connections_Count": 118, "Service_Area_Type": "Mobile Home Park", "Verification_Status": "", "Area_SqKM": 0.10692738337075684}, "geometry": {"type": "Point", "coordinates": [-76.08333990001346, 39.62393898249467]}}, {"type": "Feature", "properties": {"PWSID": "MD0070239", "PWS_Name": "WOODLAWN MOBILE HOME PARK - NEW", "Primacy_Agency": "MD", "Population_Served_Count": 134, "Service_Connections_Count": 58, "Service_Area_Type": "Mobile Home Park", "Verification_Status": "", "Area_SqKM": 0.18097807053354548}, "geometry": {"type": "Point", "coordinates": [-76.06686614804424, 39.628251636561785]}}, {"type": "Feature", "properties": {"PWSID": "MD0070016", "PWS_Name": "TOWN OF NORTH EAST", "Primacy_Agency": "MD", "Population_Served_Count": 8600, "Service_Connections_Count": 2709, "Service_Area_Type": "Residential Area", "Verification_Status": "", "Area_SqKM": 13.867144995554701}, "geometry": {"type": "Point", "coordinates": [-75.95039170488286, 39.61613798574222]}}, {"type": "Feature", "properties": {"PWSID": "MD0070226", "PWS_Name": "OAK LANE MOBILE HOME PARK", "Primacy_Agency": "MD", "Population_Served_Count": 55, "Service_Connections_Count": 27, "Service_Area_Type": "Mobile Home Park", "Verification_Status": "", "Area_SqKM": 0.04328154209102382}, "geometry": {"type": "Point", "coordinates": [-76.08204578567107, 39.63411647486743]}}, {"type": "Feature", "properties": {"PWSID": "MD1071359", "PWS_Name": "OBLATES OF ST. FRANCIS", "Primacy_Agency": "MD", "Population_Served_Count": 36, "Service_Connections_Count": 1, "Service_Area_Type": "Other Transient Area", "Verification_Status": "", "Area_SqKM": 0.3175498278480183}, "geometry": {"type": "Point", "coordinates": [-75.86309951081965, 39.63946356902603]}}, {"type": "Feature", "properties": {"PWSID": "MD0070241", "PWS_Name": "WOODLAWN MOBILE HOME PARK - OLD", "Primacy_Agency": "MD", "Population_Served_Count": 50, "Service_Connections_Count": 8, "Service_Area_Type": "Mobile Home Park", "Verification_Status": "", "Area_SqKM": 0.12320103951269794}, "geometry": {"type": "Point", "coordinates": [-76.07349816795697, 39.62767780011925]}}, {"type": "Feature", "properties": {"PWSID": "MD0070017", "PWS_Name": "PERRY POINT V.A. MEDICAL CENTER", "Primacy_Agency": "MD", "Population_Served_Count": 2000, "Service_Connections_Count": 200, "Service_Area_Type": "Residential Area", "Verification_Status": "", "Area_SqKM": 1.6661260624157637}, "geometry": {"type": "Point", "coordinates": [-76.0618133227196, 39.54897731440887]}}, {"type": "Feature", "properties": {"PWSID": "MD0070018", "PWS_Name": "TOWN OF PERRYVILLE", "Primacy_Agency": "MD", "Population_Served_Count": 4413, "Service_Connections_Count": 1395, "Service_Area_Type": "Residential Area", "Verification_Status": "", "Area_SqKM": 8.079742562281414}, "geometry": {"type": "Point", "coordinates": [-76.06681066628819, 39.5633253206035]}}, {"type": "Feature", "properties": {"PWSID": "MD0070230", "PWS_Name": "PLEASANT HILL MOBILE HOME PARK", "Primacy_Agency": "MD", "Population_Served_Count": 64, "Service_Connections_Count": 24, "Service_Area_Type": "Mobile Home Park", "Verification_Status": "", "Area_SqKM": 0.05380990007082472}, "geometry": {"type": "Point", "coordinates": [-75.89434508117151, 39.676575331158745]}}, {"type": "Feature", "properties": {"PWSID": "MD0070021", "PWS_Name": "TOWN OF RISING SUN", "Primacy_Agency": "MD", "Population_Served_Count": 2200, "Service_Connections_Count": 955, "Service_Area_Type": "Residential Area", "Verification_Status": "", "Area_SqKM": 2.2767714893605566}, "geometry": {"type": "Point", "coordinates": [-76.06034002057727, 39.698630397529584]}}, {"type": "Feature", "properties": {"PWSID": "MD0070250", "PWS_Name": "SHERWOOD FOREST/FOREST VIEW VILLAGE MHP", "Primacy_Agency": "MD", "Population_Served_Count": 293, "Service_Connections_Count": 128, "Service_Area_Type": "Mobile Home Park", "Verification_Status": "", "Area_SqKM": 0.15347026343986192}, "geometry": {"type": "Point", "coordinates": [-75.87250021890686, 39.60325340636269]}}, {"type": "Feature", "properties": {"PWSID": "MD0120204", "PWS_Name": "CLEAR VIEW MOBILE HOME PARK LLC", "Primacy_Agency": "MD", "Population_Served_Count": 28, "Service_Connections_Count": 21, "Service_Area_Type": "Mobile Home Park", "Verification_Status": "", "Area_SqKM": 0.04019272979285975}, "geometry": {"type": "Point", "coordinates": [-76.23883728928357, 39.65139343568386]}}, {"type": "Feature", "properties": {"PWSID": "MD0120016", "PWS_Name": "HARFORD COUNTY D.P.W.", "Primacy_Agency": "MD", "Population_Served_Count": 104567, "Service_Connections_Count": 39311, "Service_Area_Type": "Residential Area", "Verification_Status": "", "Area_SqKM": 110.64407605231433}, "geometry": {"type": "Point", "coordinates": [-76.3042631275054, 39.484676303056865]}}, {"type": "Feature", "properties": {"PWSID": "MD0120021", "PWS_Name": "HART HERITAGE", "Primacy_Agency": "MD", "Population_Served_Count": 37, "Service_Connections_Count": 2, "Service_Area_Type": "Residential Area", "Verification_Status": "", "Area_SqKM": 0.09949357467351375}, "geometry": {"type": "Point", "coordinates": [-76.38627823999897, 39.6581094666124]}}, {"type": "Feature", "properties": {"PWSID": "MD0120012", "PWS_Name": "CITY OF HAVRE DE GRACE", "Primacy_Agency": "MD", "Population_Served_Count": 14000, "Service_Connections_Count": 4500, "Service_Area_Type": "Residential Area", "Verification_Status": "", "Area_SqKM": 13.272520832716454}, "geometry": {"type": "Point", "coordinates": [-76.10937225268376, 39.54743563028095]}}, {"type": "Feature", "properties": {"PWSID": "MD0120014", "PWS_Name": "LAKESIDE VISTA", "Primacy_Agency": "MD", "Population_Served_Count": 219, "Service_Connections_Count": 81, "Service_Area_Type": "Residential Area", "Verification_Status": "", "Area_SqKM": 0.22717700652468725}, "geometry": {"type": "Point", "coordinates": [-76.34270914876505, 39.474030199347446]}}, {"type": "Feature", "properties": {"PWSID": "MD0120003", "PWS_Name": "MARYLAND AMERICAN WATER COMPANY", "Primacy_Agency": "MD", "Population_Served_Count": 13200, "Service_Connections_Count": 4745, "Service_Area_Type": "Residential Area", "Verification_Status": "", "Area_SqKM": 15.471576308740596}, "geometry": {"type": "Point", "coordinates": [-76.35477688694048, 39.53618926614056]}}, {"type": "Feature", "properties": {"PWSID": "MD0120213", "PWS_Name": "QUEENS CASTLE MOBILE HOME PARK", "Primacy_Agency": "MD", "Population_Served_Count": 60, "Service_Connections_Count": 40, "Service_Area_Type": "Mobile Home Park", "Verification_Status": "", "Area_SqKM": 0.07633725192500271}, "geometry": {"type": "Point", "coordinates": [-76.2753290870926, 39.633147864555276]}}, {"type": "Feature", "properties": {"PWSID": "MD0120210", "PWS_Name": "R & R ESTATES", "Primacy_Agency": "MD", "Population_Served_Count": 85, "Service_Connections_Count": 41, "Service_Area_Type": "Residential Area", "Verification_Status": "", "Area_SqKM": 0.044562019837308425}, "geometry": {"type": "Point", "coordinates": [-76.2611526999514, 39.64237965841632]}}, {"type": "Feature", "properties": {"PWSID": "MD0120215", "PWS_Name": "SWAN HARBOUR DELL MOBILE HOME PARK", "Primacy_Agency": "MD", "Population_Served_Count": 500, "Service_Connections_Count": 160, "Service_Area_Type": "Mobile Home Park", "Verification_Status": "", "Area_SqKM": 0.13916004772258966}, "geometry": {"type": "Point", "coordinates": [-76.14424681569746, 39.527386935324365]}}, {"type": "Feature", "properties": {"PWSID": "MD0120207", "PWS_Name": "WILLIAMS MOBILE HOME PARK", "Primacy_Agency": "MD", "Population_Served_Count": 35, "Service_Connections_Count": 25, "Service_Area_Type": "Mobile Home Park", "Verification_Status": "", "Area_SqKM": 0.06429492868893426}, "geometry": {"type": "Point", "coordinates": [-76.34859490000068, 39.42091122495238]}}, {"type": "Feature", "properties": {"PWSID": "MD0140011", "PWS_Name": "ANGELICA NURSERIES - NURSERY VIEW", "Primacy_Agency": "MD", "Population_Served_Count": 38, "Service_Connections_Count": 17, "Service_Area_Type": "Residential Area", "Verification_Status": "", "Area_SqKM": 1.2836081333098057}, "geometry": {"type": "Point", "coordinates": [-75.91829517056134, 39.28601227709395]}}, {"type": "Feature", "properties": {"PWSID": "MD0140009", "PWS_Name": "EDESVILLE", "Primacy_Agency": "MD", "Population_Served_Count": 296, "Service_Connections_Count": 89, "Service_Area_Type": "Residential Area", "Verification_Status": "", "Area_SqKM": 1.4244316488904556}, "geometry": {"type": "Point", "coordinates": [-76.2091941285292, 39.1535465260617]}}, {"type": "Feature", "properties": {"PWSID": "MD0140005", "PWS_Name": "KENNEDYVILLE", "Primacy_Agency": "MD", "Population_Served_Count": 300, "Service_Connections_Count": 90, "Service_Area_Type": "Residential Area", "Verification_Status": "", "Area_SqKM": 1.4690147983276163}, "geometry": {"type": "Point", "coordinates": [-75.99592228066743, 39.305113596747056]}}, {"type": "Feature", "properties": {"PWSID": "MD0140006", "PWS_Name": "TOWN OF ROCK HALL", "Primacy_Agency": "MD", "Population_Served_Count": 1750, "Service_Connections_Count": 964, "Service_Area_Type": "Residential Area", "Verification_Status": "", "Area_SqKM": 4.20771045026916}, "geometry": {"type": "Point", "coordinates": [-76.25083419374748, 39.14000454034887]}}, {"type": "Feature", "properties": {"PWSID": "MD0170001", "PWS_Name": "TOWN OF CENTREVILLE", "Primacy_Agency": "MD", "Population_Served_Count": 3322, "Service_Connections_Count": 975, "Service_Area_Type": "Residential Area", "Verification_Status": "", "Area_SqKM": 7.071236187861578}, "geometry": {"type": "Point", "coordinates": [-76.06528107708228, 39.045370441464925]}}, {"type": "Feature", "properties": {"PWSID": "MD0170021", "PWS_Name": "PINEY CREEK CORPORATION", "Primacy_Agency": "MD", "Population_Served_Count": 31, "Service_Connections_Count": 18, "Service_Area_Type": "Residential Area", "Verification_Status": "", "Area_SqKM": 0.01567711136342149}, "geometry": {"type": "Point", "coordinates": [-76.25134832632368, 38.97597950001824]}}, {"type": "Feature", "properties": {"PWSID": "MD0170022", "PWS_Name": "CHURCH HILL CONDO, INC. (THE POND)", "Primacy_Agency": "MD", "Population_Served_Count": 25, "Service_Connections_Count": 15, "Service_Area_Type": "Residential Area", "Verification_Status": "", "Area_SqKM": 0.02918587810615458}, "geometry": {"type": "Point", "coordinates": [-75.97830236660533, 39.1473588181811]}}, {"type": "Feature", "properties": {"PWSID": "MD0170003", "PWS_Name": "TOWN OF QUEENSTOWN", "Primacy_Agency": "MD", "Population_Served_Count": 705, "Service_Connections_Count": 313, "Service_Area_Type": "Residential Area", "Verification_Status": "", "Area_SqKM": 1.4277268877644418}, "geometry": {"type": "Point", "coordinates": [-76.15792407296706, 38.989168368776454]}}, {"type": "Feature", "properties": {"PWSID": "MD0170018", "PWS_Name": "RIVERSIDE COMPLEX", "Primacy_Agency": "MD", "Population_Served_Count": 60, "Service_Connections_Count": 24, "Service_Area_Type": "Residential Area", "Verification_Status": "", "Area_SqKM": 0.07030183273284225}, "geometry": {"type": "Point", "coordinates": [-76.29376179727045, 38.95293897362077]}}, {"type": "Feature", "properties": {"PWSID": "MD0170019", "PWS_Name": "STEVENSVILLE", "Primacy_Agency": "MD", "Population_Served_Count": 9155, "Service_Connections_Count": 2824, "Service_Area_Type": "Residential Area", "Verification_Status": "", "Area_SqKM": 15.663632156705564}, "geometry": {"type": "Point", "coordinates": [-76.30744034974902, 38.976668183076605]}}, {"type": "Feature", "properties": {"PWSID": "MD0170024", "PWS_Name": "TOWN OF SUDLERSVILLE", "Primacy_Agency": "MD", "Population_Served_Count": 497, "Service_Connections_Count": 430, "Service_Area_Type": "Residential Area", "Verification_Status": "", "Area_SqKM": 1.1258330403225523}, "geometry": {"type": "Point", "coordinates": [-75.85725991349383, 39.18593959524198]}}, {"type": "Feature", "properties": {"PWSID": "MD0120001", "PWS_Name": "CITY OF ABERDEEN", "Primacy_Agency": "MD", "Population_Served_Count": 18006, "Service_Connections_Count": 5542, "Service_Area_Type": "Residential Area", "Verification_Status": "", "Area_SqKM": 13.964979475350118}, "geometry": {"type": "Point", "coordinates": [-76.16618185735089, 39.51947058108047]}}, {"type": "Feature", "properties": {"PWSID": "MD0120007", "PWS_Name": "CAMPUS HILLS WATER WORKS", "Primacy_Agency": "MD", "Population_Served_Count": 250, "Service_Connections_Count": 75, "Service_Area_Type": "Residential Area", "Verification_Status": "", "Area_SqKM": 1.276722695656396}, "geometry": {"type": "Point", "coordinates": [-76.27183364522445, 39.56154149614378]}}, {"type": "Feature", "properties": {"PWSID": "MD0120009", "PWS_Name": "TOWN OF DARLINGTON", "Primacy_Agency": "MD", "Population_Served_Count": 250, "Service_Connections_Count": 105, "Service_Area_Type": "Residential Area", "Verification_Status": "", "Area_SqKM": 0.6078940971787551}, "geometry": {"type": "Point", "coordinates": [-76.2026468152833, 39.643259797967566]}}, {"type": "Feature", "properties": {"PWSID": "MD0120214", "PWS_Name": "DARLINGTON MOBILE HOME PARK", "Primacy_Agency": "MD", "Population_Served_Count": 150, "Service_Connections_Count": 63, "Service_Area_Type": "Mobile Home Park", "Verification_Status": "", "Area_SqKM": 0.13445961593306752}, "geometry": {"type": "Point", "coordinates": [-76.23983760157012, 39.64885887308849]}}, {"type": "Feature", "properties": {"PWSID": "MD0120208", "PWS_Name": "FOUNTAIN GREEN MOBILE HOME PARK", "Primacy_Agency": "MD", "Population_Served_Count": 55, "Service_Connections_Count": 24, "Service_Area_Type": "Mobile Home Park", "Verification_Status": "", "Area_SqKM": 0.021377830864581}, "geometry": {"type": "Point", "coordinates": [-76.28247135013943, 39.52688852278577]}}, {"type": "Feature", "properties": {"PWSID": "MD0120011", "PWS_Name": "GREENRIDGE SUBDIVISION", "Primacy_Agency": "MD", "Population_Served_Count": 2271, "Service_Connections_Count": 845, "Service_Area_Type": "Residential Area", "Verification_Status": "", "Area_SqKM": 1.6358036466052246}, "geometry": {"type": "Point", "coordinates": [-76.30540939369081, 39.540639979975026]}}, {"type": "Feature", "properties": {"PWSID": "MD0140003", "PWS_Name": "FAIRLEE", "Primacy_Agency": "MD", "Population_Served_Count": 725, "Service_Connections_Count": 341, "Service_Area_Type": "Residential Area", "Verification_Status": "", "Area_SqKM": 1.3164122302273562}, "geometry": {"type": "Point", "coordinates": [-76.17370293761434, 39.22442792600204]}}, {"type": "Feature", "properties": {"PWSID": "MD0140004", "PWS_Name": "TOWN OF GALENA", "Primacy_Agency": "MD", "Population_Served_Count": 560, "Service_Connections_Count": 312, "Service_Area_Type": "Residential Area", "Verification_Status": "", "Area_SqKM": 1.1552779109725158}, "geometry": {"type": "Point", "coordinates": [-75.87512009803834, 39.34454909864374]}}, {"type": "Feature", "properties": {"PWSID": "MD0140010", "PWS_Name": "TOWN OF MILLINGTON", "Primacy_Agency": "MD", "Population_Served_Count": 625, "Service_Connections_Count": 381, "Service_Area_Type": "Residential Area", "Verification_Status": "", "Area_SqKM": 0.5476680425013081}, "geometry": {"type": "Point", "coordinates": [-75.8404058597983, 39.257913273118426]}}, {"type": "Feature", "properties": {"PWSID": "MD0140012", "PWS_Name": "MILLINGTON DISTRIBUTION SYSTEM", "Primacy_Agency": "MD", "Population_Served_Count": 260, "Service_Connections_Count": 103, "Service_Area_Type": "Residential Area", "Verification_Status": "", "Area_SqKM": 1.1219710397637048}, "geometry": {"type": "Point", "coordinates": [-75.86283756836909, 39.261862898129095]}}, {"type": "Feature", "properties": {"PWSID": "MD0140007", "PWS_Name": "WORTON", "Primacy_Agency": "MD", "Population_Served_Count": 955, "Service_Connections_Count": 382, "Service_Area_Type": "Residential Area", "Verification_Status": "", "Area_SqKM": 2.1884213999848203}, "geometry": {"type": "Point", "coordinates": [-76.09421543835614, 39.275117487356916]}}, {"type": "Feature", "properties": {"PWSID": "MD0170013", "PWS_Name": "BAYVIEW AT KENT NARROWS", "Primacy_Agency": "MD", "Population_Served_Count": 75, "Service_Connections_Count": 22, "Service_Area_Type": "Residential Area", "Verification_Status": "", "Area_SqKM": 0.06601038796356465}, "geometry": {"type": "Point", "coordinates": [-76.2279759438773, 38.968075028359934]}}, {"type": "Feature", "properties": {"PWSID": "MD1170001", "PWS_Name": "BEACH HARBOR", "Primacy_Agency": "MD", "Population_Served_Count": 481, "Service_Connections_Count": 261, "Service_Area_Type": "Other Area", "Verification_Status": "", "Area_SqKM": 0.14833704273323484}, "geometry": {"type": "Point", "coordinates": [-76.21705840545098, 38.96671975832497]}}, {"type": "Feature", "properties": {"PWSID": "MD0170010", "PWS_Name": "FOX RUN CONDOMINIUMS, INC.", "Primacy_Agency": "MD", "Population_Served_Count": 85, "Service_Connections_Count": 28, "Service_Area_Type": "Residential Area", "Verification_Status": "", "Area_SqKM": 0.009655646575839958}, "geometry": {"type": "Point", "coordinates": [-76.19321286568386, 38.96186668575674]}}, {"type": "Feature", "properties": {"PWSID": "MD0170020", "PWS_Name": "GRASONVILLE", "Primacy_Agency": "MD", "Population_Served_Count": 600, "Service_Connections_Count": 255, "Service_Area_Type": "Residential Area", "Verification_Status": "", "Area_SqKM": 1.676472057882321}, "geometry": {"type": "Point", "coordinates": [-76.19712472133702, 38.95770007139969]}}, {"type": "Feature", "properties": {"PWSID": "MD0170011", "PWS_Name": "OYSTER COVE", "Primacy_Agency": "MD", "Population_Served_Count": 600, "Service_Connections_Count": 130, "Service_Area_Type": "Residential Area", "Verification_Status": "", "Area_SqKM": 0.11396639811112218}, "geometry": {"type": "Point", "coordinates": [-76.23809355049703, 38.963749599298346]}}, {"type": "Feature", "properties": {"PWSID": "MD0170207", "PWS_Name": "PINE SPRINGS MHP", "Primacy_Agency": "MD", "Population_Served_Count": 160, "Service_Connections_Count": 79, "Service_Area_Type": "Mobile Home Park", "Verification_Status": "", "Area_SqKM": 0.22328944668918102}, "geometry": {"type": "Point", "coordinates": [-75.92600361596858, 39.23599471916293]}}, {"type": "Feature", "properties": {"PWSID": "MD0140001", "PWS_Name": "TOWN OF BETTERTON", "Primacy_Agency": "MD", "Population_Served_Count": 481, "Service_Connections_Count": 284, "Service_Area_Type": "Residential Area", "Verification_Status": "", "Area_SqKM": 2.699525306914168}, "geometry": {"type": "Point", "coordinates": [-76.06761508119779, 39.36997249208935]}}, {"type": "Feature", "properties": {"PWSID": "MD0140002", "PWS_Name": "TOWN OF CHESTERTOWN", "Primacy_Agency": "MD", "Population_Served_Count": 5400, "Service_Connections_Count": 2200, "Service_Area_Type": "Residential Area", "Verification_Status": "", "Area_SqKM": 6.849629111180858}, "geometry": {"type": "Point", "coordinates": [-76.06478052311053, 39.21095915006675]}}, {"type": "Feature", "properties": {"PWSID": "MD0070251", "PWS_Name": "CHESTNUT POINT ESTATES DISTRIBUTION SYS.", "Primacy_Agency": "MD", "Population_Served_Count": 32, "Service_Connections_Count": 18, "Service_Area_Type": "Mobile Home Park", "Verification_Status": "", "Area_SqKM": 0.1395522132746833}, "geometry": {"type": "Point", "coordinates": [-76.00658285878292, 39.5545961588869]}}, {"type": "Feature", "properties": {"PWSID": "MD0230020", "PWS_Name": "NANTUCKET POINT(DISTRIBUTION-DELAWARE)", "Primacy_Agency": "MD", "Population_Served_Count": 500, "Service_Connections_Count": 200, "Service_Area_Type": "Residential Area", "Verification_Status": "", "Area_SqKM": 0.16616375314668555}, "geometry": {"type": "Point", "coordinates": [-75.06905224313962, 38.447828217582476]}}, {"type": "Feature", "properties": {"PWSID": "MD0230224", "PWS_Name": "RIVERVIEW MOBILE HOME PARK", "Primacy_Agency": "MD", "Population_Served_Count": 150, "Service_Connections_Count": 60, "Service_Area_Type": "Mobile Home Park", "Verification_Status": "", "Area_SqKM": 0.13981661025987588}, "geometry": {"type": "Point", "coordinates": [-75.18687692403736, 38.42685436203494]}}, {"type": "Feature", "properties": {"PWSID": "MD0230003", "PWS_Name": "TOWN OF OCEAN CITY", "Primacy_Agency": "MD", "Population_Served_Count": 30000, "Service_Connections_Count": 7067, "Service_Area_Type": "Residential Area", "Verification_Status": "", "Area_SqKM": 12.193113913475297}, "geometry": {"type": "Point", "coordinates": [-75.06897596963887, 38.401074917043395]}}, {"type": "Feature", "properties": {"PWSID": "MD0230008", "PWS_Name": "ST. MARTINS BY THE BAY", "Primacy_Agency": "MD", "Population_Served_Count": 120, "Service_Connections_Count": 49, "Service_Area_Type": "Residential Area", "Verification_Status": "", "Area_SqKM": 0.16541162276826812}, "geometry": {"type": "Point", "coordinates": [-75.16741970125659, 38.40511080161922]}}, {"type": "Feature", "properties": {"PWSID": "MD0120002", "PWS_Name": "CHAPEL HILL - ABERDEEN PROVING GROUNDS", "Primacy_Agency": "MD", "Population_Served_Count": 15000, "Service_Connections_Count": 1712, "Service_Area_Type": "Residential Area", "Verification_Status": "", "Area_SqKM": 110.44623643302577}, "geometry": {"type": "Point", "coordinates": [-76.16755822639594, 39.43306647650509]}}, {"type": "Feature", "properties": {"PWSID": "MD0020017", "PWS_Name": "GLEN BURNIE-BROADNECK", "Primacy_Agency": "MD", "Population_Served_Count": 290606, "Service_Connections_Count": 83272, "Service_Area_Type": "Residential Area", "Verification_Status": "", "Area_SqKM": 326.6493516105734}, "geometry": {"type": "Point", "coordinates": [-76.55576366351937, 39.10169871976773]}}, {"type": "Feature", "properties": {"PWSID": "MD0150005", "PWS_Name": "WASHINGTON SUBURBAN SANITARY COMMISSION", "Primacy_Agency": "MD", "Population_Served_Count": 1900000, "Service_Connections_Count": 438639, "Service_Area_Type": "Residential Area", "Verification_Status": "", "Area_SqKM": 1606.7498852010704}, "geometry": {"type": "Point", "coordinates": [-76.98196369770767, 38.98013054673949]}}, {"type": "Feature", "properties": {"PWSID": "MD0210002", "PWS_Name": "BOONSBORO - KEEDYSVILLE", "Primacy_Agency": "MD", "Population_Served_Count": 4250, "Service_Connections_Count": 1541, "Service_Area_Type": "Residential Area", "Verification_Status": "", "Area_SqKM": 5.281278985855753}, "geometry": {"type": "Point", "coordinates": [-77.67141480531548, 39.50627612582846]}}, {"type": "Feature", "properties": {"PWSID": "MD0230005", "PWS_Name": "OCEAN PINES", "Primacy_Agency": "MD", "Population_Served_Count": 11890, "Service_Connections_Count": 7402, "Service_Area_Type": "Residential Area", "Verification_Status": "", "Area_SqKM": 18.410936368580852}, "geometry": {"type": "Point", "coordinates": [-75.14808753534932, 38.38009082285287]}}, {"type": "Feature", "properties": {"PWSID": "MD0300002", "PWS_Name": "CITY OF BALTIMORE", "Primacy_Agency": "MD", "Population_Served_Count": 1600000, "Service_Connections_Count": 424600, "Service_Area_Type": "Residential Area", "Verification_Status": "", "Area_SqKM": 706.3819472579477}, "geometry": {"type": "Point", "coordinates": [-76.54821680979192, 39.301563797494616]}}]}