{"type": "FeatureCollection", "features": [{"type": "Feature", "properties": {"PWSID": "MA1267001", "PWS_Name": "BERKSHIRE SCHOOL", "Primacy_Agency": "MA", "Population_Served_Count": 475, "Service_Connections_Count": 36, "Service_Area_Type": "School", "Verification_Status": "Verified", "Area_SqKM": 1.323920795996745}, "geometry": {"type": "Point", "coordinates": [-73.4118677951806, 42.11794828527464]}}, {"type": "Feature", "properties": {"PWSID": "MA1090000", "PWS_Name": "EGREMONT WATER DEPT", "Primacy_Agency": "MA", "Population_Served_Count": 1000, "Service_Connections_Count": 180, "Service_Area_Type": "Residential Area", "Verification_Status": "Verified", "Area_SqKM": 1.616993319685805}, "geometry": {"type": "Point", "coordinates": [-73.42271851334792, 42.16025477177679]}}, {"type": "Feature", "properties": {"PWSID": "MA1111025", "PWS_Name": "CRESCENT VALLEY CONDOS", "Primacy_Agency": "MA", "Population_Served_Count": 78, "Service_Connections_Count": 26, "Service_Area_Type": "Residential Area", "Verification_Status": "Not Verified", "Area_SqKM": 0.07432003300874683}, "geometry": {"type": "Point", "coordinates": [-72.54498899564244, 42.24874793631965]}}, {"type": "Feature", "properties": {"PWSID": "MA1111039", "PWS_Name": "HILLSIDE HEIGHTS OF GRANBY", "Primacy_Agency": "MA", "Population_Served_Count": 30, "Service_Connections_Count": 30, "Service_Area_Type": "Residential Area", "Verification_Status": "Verified", "Area_SqKM": 0.03161868275120232}, "geometry": {"type": "Point", "coordinates": [-72.54233061181642, 42.249906958874256]}}, {"type": "Feature", "properties": {"PWSID": "MA1058002", "PWS_Name": "BERKSHIRE ESTATES", "Primacy_Agency": "MA", "Population_Served_Count": 180, "Service_Connections_Count": 96, "Service_Area_Type": "Mobile Home Park", "Verification_Status": "Not Verified", "Area_SqKM": 0.17018608350373926}, "geometry": {"type": "Point", "coordinates": [-73.1452166548242, 42.568872513819684]}}, {"type": "Feature", "properties": {"PWSID": "MA1061000", "PWS_Name": "CHICOPEE WATER DEPT (MWRA)", "Primacy_Agency": "MA", "Population_Served_Count": 55560, "Service_Connections_Count": 17605, "Service_Area_Type": "Residential Area", "Verification_Status": "Verified", "Area_SqKM": 40.27237143884311}, "geometry": {"type": "Point", "coordinates": [-72.56812335421185, 42.174602031803]}}, {"type": "Feature", "properties": {"PWSID": "MA1066000", "PWS_Name": "COLRAIN FIRE DISTRICT #1", "Primacy_Agency": "MA", "Population_Served_Count": 100, "Service_Connections_Count": 50, "Service_Area_Type": "Residential Area", "Verification_Status": "Not Verified", "Area_SqKM": 0.3192327431191931}, "geometry": {"type": "Point", "coordinates": [-72.69547563842869, 42.67374460196664]}}, {"type": "Feature", "properties": {"PWSID": "MA1066001", "PWS_Name": "GRISWOLDVILLE WATER DISTRICT", "Primacy_Agency": "MA", "Population_Served_Count": 125, "Service_Connections_Count": 43, "Service_Area_Type": "Residential Area", "Verification_Status": "Verified", "Area_SqKM": 0.1339392221079727}, "geometry": {"type": "Point", "coordinates": [-72.71434685859236, 42.65464676331019]}}, {"type": "Feature", "properties": {"PWSID": "MA1069002", "PWS_Name": "WEST CUMMINGTON WATER DEPT", "Primacy_Agency": "MA", "Population_Served_Count": 110, "Service_Connections_Count": 30, "Service_Area_Type": "Residential Area", "Verification_Status": "Verified", "Area_SqKM": 0.2779330656803539}, "geometry": {"type": "Point", "coordinates": [-72.97162257284398, 42.493002323860956]}}, {"type": "Feature", "properties": {"PWSID": "MA1070000", "PWS_Name": "DALTON FIRE DISTRICT", "Primacy_Agency": "MA", "Population_Served_Count": 6330, "Service_Connections_Count": 2231, "Service_Area_Type": "Residential Area", "Verification_Status": "Verified", "Area_SqKM": 9.66281756577687}, "geometry": {"type": "Point", "coordinates": [-73.16126981441884, 42.47038546323148]}}, {"type": "Feature", "properties": {"PWSID": "MA1074000", "PWS_Name": "DEERFIELD FIRE DISTRICT", "Primacy_Agency": "MA", "Population_Served_Count": 1300, "Service_Connections_Count": 344, "Service_Area_Type": "Institution", "Verification_Status": "Not Verified", "Area_SqKM": 4.076483234979396}, "geometry": {"type": "Point", "coordinates": [-72.6130830978668, 42.535695922334575]}}, {"type": "Feature", "properties": {"PWSID": "MA1013000", "PWS_Name": "ASHFIELD WATER DISTRICT", "Primacy_Agency": "MA", "Population_Served_Count": 400, "Service_Connections_Count": 148, "Service_Area_Type": "Residential Area", "Verification_Status": "Not Verified", "Area_SqKM": 1.0090109302295485}, "geometry": {"type": "Point", "coordinates": [-72.7996667548245, 42.53034023277718]}}, {"type": "Feature", "properties": {"PWSID": "MA1053030", "PWS_Name": "WOODLAND MHP LLC", "Primacy_Agency": "MA", "Population_Served_Count": 36, "Service_Connections_Count": 25, "Service_Area_Type": "Mobile Home Park", "Verification_Status": "Verified", "Area_SqKM": 0.03463892507470429}, "geometry": {"type": "Point", "coordinates": [-72.92522575394528, 42.643329245103374]}}, {"type": "Feature", "properties": {"PWSID": "MA1053033", "PWS_Name": "122 MAIN STREET", "Primacy_Agency": "MA", "Population_Served_Count": 30, "Service_Connections_Count": 1, "Service_Area_Type": "Residential Area", "Verification_Status": "Verified", "Area_SqKM": 0.0016608397610879393}, "geometry": {"type": "Point", "coordinates": [-72.87390125720562, 42.6278558142057]}}, {"type": "Feature", "properties": {"PWSID": "MA1058000", "PWS_Name": "CHESHIRE WATER DEPT", "Primacy_Agency": "MA", "Population_Served_Count": 1407, "Service_Connections_Count": 571, "Service_Area_Type": "Residential Area", "Verification_Status": "Not Verified", "Area_SqKM": 2.2971556745118344}, "geometry": {"type": "Point", "coordinates": [-73.15730167706542, 42.56822259334734]}}, {"type": "Feature", "properties": {"PWSID": "MA1024001", "PWS_Name": "SPORTS HAVEN MOBILE HOME PARK", "Primacy_Agency": "MA", "Population_Served_Count": 107, "Service_Connections_Count": 51, "Service_Area_Type": "Mobile Home Park", "Verification_Status": "Verified", "Area_SqKM": 0.21426753290920278}, "geometry": {"type": "Point", "coordinates": [-72.37606444106042, 42.25856833192342]}}, {"type": "Feature", "properties": {"PWSID": "MA1024002", "PWS_Name": "PINE VALLEY PLANTATION", "Primacy_Agency": "MA", "Population_Served_Count": 600, "Service_Connections_Count": 391, "Service_Area_Type": "Mobile Home Park", "Verification_Status": "Verified", "Area_SqKM": 0.5859854002916051}, "geometry": {"type": "Point", "coordinates": [-72.40852846916033, 42.24915619329115]}}, {"type": "Feature", "properties": {"PWSID": "MA1024009", "PWS_Name": "CEDARWOOD APARTMENTS", "Primacy_Agency": "MA", "Population_Served_Count": 25, "Service_Connections_Count": 2, "Service_Area_Type": "Residential Area", "Verification_Status": "Verified", "Area_SqKM": 0.010473865049415117}, "geometry": {"type": "Point", "coordinates": [-72.42520324982624, 42.31589845001637]}}, {"type": "Feature", "properties": {"PWSID": "MA1111000", "PWS_Name": "BACHELOR KNOLLS", "Primacy_Agency": "MA", "Population_Served_Count": 101, "Service_Connections_Count": 31, "Service_Area_Type": "Residential Area", "Verification_Status": "Verified", "Area_SqKM": 0.10990274426657803}, "geometry": {"type": "Point", "coordinates": [-72.50261920280367, 42.27777465560321]}}, {"type": "Feature", "properties": {"PWSID": "MA1111001", "PWS_Name": "THE MACDUFFIE SCHOOL", "Primacy_Agency": "MA", "Population_Served_Count": 305, "Service_Connections_Count": 2, "Service_Area_Type": "School", "Verification_Status": "Not Verified", "Area_SqKM": 0.36282614405847075}, "geometry": {"type": "Point", "coordinates": [-72.47308343405766, 42.26866248183075]}}, {"type": "Feature", "properties": {"PWSID": "MA1111002", "PWS_Name": "GRANBY HOUSING AUTHORITY", "Primacy_Agency": "MA", "Population_Served_Count": 61, "Service_Connections_Count": 5, "Service_Area_Type": "Residential Area", "Verification_Status": "Verified", "Area_SqKM": 0.02618482484334737}, "geometry": {"type": "Point", "coordinates": [-72.53848522511319, 42.25007456285707]}}, {"type": "Feature", "properties": {"PWSID": "MA1058001", "PWS_Name": "HUTCHINSON WATER LLC", "Primacy_Agency": "MA", "Population_Served_Count": 400, "Service_Connections_Count": 123, "Service_Area_Type": "Residential Area", "Verification_Status": "Verified", "Area_SqKM": 0.4299831208480235}, "geometry": {"type": "Point", "coordinates": [-73.18211497604383, 42.53233203601533]}}, {"type": "Feature", "properties": {"PWSID": "MA1148000", "PWS_Name": "LANESBOROUGH FIRE AND WATER DISTRICT", "Primacy_Agency": "MA", "Population_Served_Count": 2324, "Service_Connections_Count": 878, "Service_Area_Type": "Residential Area", "Verification_Status": "Verified", "Area_SqKM": 4.422100917839805}, "geometry": {"type": "Point", "coordinates": [-73.24677122489558, 42.513441183533416]}}, {"type": "Feature", "properties": {"PWSID": "MA1148008", "PWS_Name": "GREYLOCK ESTATES HOMEOWNERS ASSOCIATION", "Primacy_Agency": "MA", "Population_Served_Count": 25, "Service_Connections_Count": 14, "Service_Area_Type": "Residential Area", "Verification_Status": "Verified", "Area_SqKM": 0.3299618931449089}, "geometry": {"type": "Point", "coordinates": [-73.24435664473066, 42.54363978949295]}}, {"type": "Feature", "properties": {"PWSID": "MA1150000", "PWS_Name": "LEE WATER DEPT", "Primacy_Agency": "MA", "Population_Served_Count": 5420, "Service_Connections_Count": 2129, "Service_Area_Type": "Residential Area", "Verification_Status": "Verified", "Area_SqKM": 15.176031427807006}, "geometry": {"type": "Point", "coordinates": [-73.25918278685602, 42.300004312360045]}}, {"type": "Feature", "properties": {"PWSID": "MA1112000", "PWS_Name": "GRANVILLE CENTRE WATER CO", "Primacy_Agency": "MA", "Population_Served_Count": 70, "Service_Connections_Count": 30, "Service_Area_Type": "Residential Area", "Verification_Status": "Verified", "Area_SqKM": 0.12796053192653764}, "geometry": {"type": "Point", "coordinates": [-72.88200991175917, 42.07017411225395]}}, {"type": "Feature", "properties": {"PWSID": "MA1113000", "PWS_Name": "GREAT BARRINGTON FIRE DIST", "Primacy_Agency": "MA", "Population_Served_Count": 4375, "Service_Connections_Count": 1725, "Service_Area_Type": "Residential Area", "Verification_Status": "Verified", "Area_SqKM": 6.335917934217899}, "geometry": {"type": "Point", "coordinates": [-73.35956472101977, 42.19795144749271]}}, {"type": "Feature", "properties": {"PWSID": "MA1113003", "PWS_Name": "HOUSATONIC WATER WORKS", "Primacy_Agency": "MA", "Population_Served_Count": 1391, "Service_Connections_Count": 819, "Service_Area_Type": "Residential Area", "Verification_Status": "Verified", "Area_SqKM": 3.0297338718890368}, "geometry": {"type": "Point", "coordinates": [-73.36653998005409, 42.244299220813154]}}, {"type": "Feature", "properties": {"PWSID": "MA1113017", "PWS_Name": "BARD COLLEGE AT SIMONS ROCK", "Primacy_Agency": "MA", "Population_Served_Count": 500, "Service_Connections_Count": 20, "Service_Area_Type": "School", "Verification_Status": "Verified", "Area_SqKM": 0.7847114583716575}, "geometry": {"type": "Point", "coordinates": [-73.38328473800945, 42.207512674559496]}}, {"type": "Feature", "properties": {"PWSID": "MA1114000", "PWS_Name": "GREENFIELD WATER DEPARTMENT", "Primacy_Agency": "MA", "Population_Served_Count": 17645, "Service_Connections_Count": 5786, "Service_Area_Type": "Residential Area", "Verification_Status": "Verified", "Area_SqKM": 22.855889984070124}, "geometry": {"type": "Point", "coordinates": [-72.59744645761647, 42.60848681412397]}}, {"type": "Feature", "properties": {"PWSID": "MA1120001", "PWS_Name": "VANTAGE AT HAMPDEN", "Primacy_Agency": "MA", "Population_Served_Count": 100, "Service_Connections_Count": 1, "Service_Area_Type": "Medical Facility", "Verification_Status": "Not Verified", "Area_SqKM": 0.01290825799172182}, "geometry": {"type": "Point", "coordinates": [-72.4379186776982, 42.05550935924351]}}, {"type": "Feature", "properties": {"PWSID": "MA1074001", "PWS_Name": "SOUTH DEERFIELD WATER SUPPLY DISTRICT", "Primacy_Agency": "MA", "Population_Served_Count": 3800, "Service_Connections_Count": 1570, "Service_Area_Type": "Residential Area", "Verification_Status": "Verified", "Area_SqKM": 8.025313443820618}, "geometry": {"type": "Point", "coordinates": [-72.61122253421091, 42.48644156348778]}}, {"type": "Feature", "properties": {"PWSID": "MA1074005", "PWS_Name": "EAGLEBROOK SCHOOL", "Primacy_Agency": "MA", "Population_Served_Count": 350, "Service_Connections_Count": 15, "Service_Area_Type": "School", "Verification_Status": "Verified", "Area_SqKM": 0.5271866036650424}, "geometry": {"type": "Point", "coordinates": [-72.59049393893388, 42.541918387369385]}}, {"type": "Feature", "properties": {"PWSID": "MA1137000", "PWS_Name": "HOLYOKE WATER WORKS", "Primacy_Agency": "MA", "Population_Served_Count": 40124, "Service_Connections_Count": 8181, "Service_Area_Type": "Other Area", "Verification_Status": "Verified", "Area_SqKM": 27.451413499378063}, "geometry": {"type": "Point", "coordinates": [-72.64299429630239, 42.20616474504821]}}, {"type": "Feature", "properties": {"PWSID": "MA1143000", "PWS_Name": "HUNTINGTON WATER DEPT", "Primacy_Agency": "MA", "Population_Served_Count": 2180, "Service_Connections_Count": 309, "Service_Area_Type": "Residential Area", "Verification_Status": "Not Verified", "Area_SqKM": 2.0569769301590353}, "geometry": {"type": "Point", "coordinates": [-72.88174313234789, 42.23924293763117]}}, {"type": "Feature", "properties": {"PWSID": "MA1120002", "PWS_Name": "HAMPDEN HOUSING AUTHORITY", "Primacy_Agency": "MA", "Population_Served_Count": 59, "Service_Connections_Count": 57, "Service_Area_Type": "Residential Area", "Verification_Status": "Not Verified", "Area_SqKM": 0.03714213151959449}, "geometry": {"type": "Point", "coordinates": [-72.4415863683105, 42.05511249082071]}}, {"type": "Feature", "properties": {"PWSID": "MA1120015", "PWS_Name": "WHITE BIRCH GARDEN APARTMENTS", "Primacy_Agency": "MA", "Population_Served_Count": 25, "Service_Connections_Count": 2, "Service_Area_Type": "Residential Area", "Verification_Status": "Verified", "Area_SqKM": 0.02284421824768482}, "geometry": {"type": "Point", "coordinates": [-72.42610881554432, 42.06212192321285]}}, {"type": "Feature", "properties": {"PWSID": "MA1043001", "PWS_Name": "MEADOWBROOK ACRES MOBILE HOME PARK", "Primacy_Agency": "MA", "Population_Served_Count": 137, "Service_Connections_Count": 96, "Service_Area_Type": "Mobile Home Park", "Verification_Status": "Verified", "Area_SqKM": 0.14162878727507433}, "geometry": {"type": "Point", "coordinates": [-72.26552622091305, 42.13936088000219]}}, {"type": "Feature", "properties": {"PWSID": "MA1043002", "PWS_Name": "BRIMFIELD HOUSING AUTHORITY", "Primacy_Agency": "MA", "Population_Served_Count": 60, "Service_Connections_Count": 4, "Service_Area_Type": "Residential Area", "Verification_Status": "Not Verified", "Area_SqKM": 0.023060458384822385}, "geometry": {"type": "Point", "coordinates": [-72.20422414286517, 42.120701250066766]}}, {"type": "Feature", "properties": {"PWSID": "MA1004000", "PWS_Name": "ADAMS FIRE DISTRICT", "Primacy_Agency": "MA", "Population_Served_Count": 7851, "Service_Connections_Count": 2988, "Service_Area_Type": "Residential Area", "Verification_Status": "Verified", "Area_SqKM": 9.218143622236983}, "geometry": {"type": "Point", "coordinates": [-73.11859699469386, 42.62016139783781]}}, {"type": "Feature", "properties": {"PWSID": "MA1005000", "PWS_Name": "AGAWAM WATER DEPARTMENT", "Primacy_Agency": "MA", "Population_Served_Count": 28692, "Service_Connections_Count": 10152, "Service_Area_Type": "Residential Area", "Verification_Status": "Verified", "Area_SqKM": 39.18357850931672}, "geometry": {"type": "Point", "coordinates": [-72.65133590781117, 42.06530437632782]}}, {"type": "Feature", "properties": {"PWSID": "MA1008000", "PWS_Name": "AMHERST DPW  WATER DIVISION", "Primacy_Agency": "MA", "Population_Served_Count": 39263, "Service_Connections_Count": 6425, "Service_Area_Type": "Institution", "Verification_Status": "Not Verified", "Area_SqKM": 31.132835983740026}, "geometry": {"type": "Point", "coordinates": [-72.50677396348024, 42.36446392954087]}}, {"type": "Feature", "properties": {"PWSID": "MA1024015", "PWS_Name": "WASHINGTON ACRES", "Primacy_Agency": "MA", "Population_Served_Count": 30, "Service_Connections_Count": 12, "Service_Area_Type": "Residential Area", "Verification_Status": "Verified", "Area_SqKM": 0.015227759972748585}, "geometry": {"type": "Point", "coordinates": [-72.38942381444834, 42.256246742709415]}}, {"type": "Feature", "properties": {"PWSID": "MA1033000", "PWS_Name": "BLANDFORD WATER DEPT", "Primacy_Agency": "MA", "Population_Served_Count": 442, "Service_Connections_Count": 238, "Service_Area_Type": "Residential Area", "Verification_Status": "Not Verified", "Area_SqKM": 4.02050831711812}, "geometry": {"type": "Point", "coordinates": [-72.94961681208534, 42.196326598221454]}}, {"type": "Feature", "properties": {"PWSID": "MA1029000", "PWS_Name": "BERNARDSTON FIRE  WATER DIST", "Primacy_Agency": "MA", "Population_Served_Count": 1462, "Service_Connections_Count": 691, "Service_Area_Type": "Residential Area", "Verification_Status": "Verified", "Area_SqKM": 6.595152336458736}, "geometry": {"type": "Point", "coordinates": [-72.54104349626219, 42.67379257227538]}}, {"type": "Feature", "properties": {"PWSID": "MA1015000", "PWS_Name": "ATHOL DPW  WATER DIVISION", "Primacy_Agency": "MA", "Population_Served_Count": 10418, "Service_Connections_Count": 3350, "Service_Area_Type": "Residential Area", "Verification_Status": "Verified", "Area_SqKM": 15.053990895493241}, "geometry": {"type": "Point", "coordinates": [-72.23924027438974, 42.58677342371845]}}, {"type": "Feature", "properties": {"PWSID": "MA1074007", "PWS_Name": "PAN AM SOUTHERN RAILROAD", "Primacy_Agency": "MA", "Population_Served_Count": 120, "Service_Connections_Count": 10, "Service_Area_Type": "Interstate Carrier", "Verification_Status": "Verified", "Area_SqKM": 0.8113236994610138}, "geometry": {"type": "Point", "coordinates": [-72.57062035358821, 42.57021735003813]}}, {"type": "Feature", "properties": {"PWSID": "MA1085000", "PWS_Name": "EAST LONGMEADOW DPW WATER DEPT", "Primacy_Agency": "MA", "Population_Served_Count": 16161, "Service_Connections_Count": 6203, "Service_Area_Type": "Residential Area", "Verification_Status": "Verified", "Area_SqKM": 29.103862033808976}, "geometry": {"type": "Point", "coordinates": [-72.49422886705803, 42.0536100046669]}}, {"type": "Feature", "properties": {"PWSID": "MA1063003", "PWS_Name": "BRIGGSVILLE WATER DISTRICT", "Primacy_Agency": "MA", "Population_Served_Count": 180, "Service_Connections_Count": 63, "Service_Area_Type": "Other Area", "Verification_Status": "Verified", "Area_SqKM": 0.3058106058380269}, "geometry": {"type": "Point", "coordinates": [-73.07961772677004, 42.715648824919185]}}, {"type": "Feature", "properties": {"PWSID": "MA1111003", "PWS_Name": "GRANBY HEIGHTS CONDOMINIUMS", "Primacy_Agency": "MA", "Population_Served_Count": 152, "Service_Connections_Count": 76, "Service_Area_Type": "Homeowners Association", "Verification_Status": "Not Verified", "Area_SqKM": 0.09077122183239103}, "geometry": {"type": "Point", "coordinates": [-72.53455726466495, 42.28893051204229]}}, {"type": "Feature", "properties": {"PWSID": "MA1337010", "PWS_Name": "WHATELY WATER DEPARTMENT", "Primacy_Agency": "MA", "Population_Served_Count": 900, "Service_Connections_Count": 459, "Service_Area_Type": "Residential Area", "Verification_Status": "Verified", "Area_SqKM": 9.112767742697203}, "geometry": {"type": "Point", "coordinates": [-72.61218809655298, 42.440854468381346]}}, {"type": "Feature", "properties": {"PWSID": "MA1339000", "PWS_Name": "WILBRAHAM WATER DEPT (MWRA)", "Primacy_Agency": "MA", "Population_Served_Count": 8533, "Service_Connections_Count": 3289, "Service_Area_Type": "Other Area", "Verification_Status": "Verified", "Area_SqKM": 17.631577615728364}, "geometry": {"type": "Point", "coordinates": [-72.44627010076844, 42.129240515013194]}}, {"type": "Feature", "properties": {"PWSID": "MA1340000", "PWS_Name": "WILLIAMSBURG WATER DEPT", "Primacy_Agency": "MA", "Population_Served_Count": 1575, "Service_Connections_Count": 571, "Service_Area_Type": "Residential Area", "Verification_Status": "Verified", "Area_SqKM": 3.3797354040762073}, "geometry": {"type": "Point", "coordinates": [-72.71743584508606, 42.381155549411865]}}, {"type": "Feature", "properties": {"PWSID": "MA1341000", "PWS_Name": "WILLIAMSTOWN WATER DEPT", "Primacy_Agency": "MA", "Population_Served_Count": 7326, "Service_Connections_Count": 2119, "Service_Area_Type": "Institution", "Verification_Status": "Verified", "Area_SqKM": 12.17284511523305}, "geometry": {"type": "Point", "coordinates": [-73.19849989019082, 42.71699108207275]}}, {"type": "Feature", "properties": {"PWSID": "MA1341003", "PWS_Name": "SWEET WOOD RETIREMENT COMMUNITY", "Primacy_Agency": "MA", "Population_Served_Count": 200, "Service_Connections_Count": 2, "Service_Area_Type": "Institution", "Verification_Status": "Verified", "Area_SqKM": 0.14486203029536524}, "geometry": {"type": "Point", "coordinates": [-73.23650105427429, 42.67609886575095]}}, {"type": "Feature", "properties": {"PWSID": "MA1341004", "PWS_Name": "WAUBEEKA SPRINGS", "Primacy_Agency": "MA", "Population_Served_Count": 50, "Service_Connections_Count": 19, "Service_Area_Type": "Residential Area", "Verification_Status": "Verified", "Area_SqKM": 2.1293297827137256}, "geometry": {"type": "Point", "coordinates": [-73.2411592468356, 42.65728657845872]}}, {"type": "Feature", "properties": {"PWSID": "MA1193000", "PWS_Name": "MONTEREY WATER COMPANY", "Primacy_Agency": "MA", "Population_Served_Count": 149, "Service_Connections_Count": 72, "Service_Area_Type": "Residential Area", "Verification_Status": "Verified", "Area_SqKM": 0.31596571715773725}, "geometry": {"type": "Point", "coordinates": [-73.21237897942062, 42.177903077230546]}}, {"type": "Feature", "properties": {"PWSID": "MA1193003", "PWS_Name": "GOULD FARM", "Primacy_Agency": "MA", "Population_Served_Count": 93, "Service_Connections_Count": 34, "Service_Area_Type": "Institution", "Verification_Status": "Verified", "Area_SqKM": 1.3639393985457353}, "geometry": {"type": "Point", "coordinates": [-73.23813042979464, 42.17245061637026]}}, {"type": "Feature", "properties": {"PWSID": "MA1203000", "PWS_Name": "MILL RIVER WATER TAKERS ASSOCIATION", "Primacy_Agency": "MA", "Population_Served_Count": 150, "Service_Connections_Count": 31, "Service_Area_Type": "Residential Area", "Verification_Status": "Verified", "Area_SqKM": 0.2296407765579466}, "geometry": {"type": "Point", "coordinates": [-73.26731991758938, 42.11171442978052]}}, {"type": "Feature", "properties": {"PWSID": "MA1203002", "PWS_Name": "SOUTHFIELD WATER COMPANY", "Primacy_Agency": "MA", "Population_Served_Count": 80, "Service_Connections_Count": 36, "Service_Area_Type": "Residential Area", "Verification_Status": "Verified", "Area_SqKM": 0.18963736054487887}, "geometry": {"type": "Point", "coordinates": [-73.23343474088794, 42.10083318605192]}}, {"type": "Feature", "properties": {"PWSID": "MA1209000", "PWS_Name": "NORTH ADAMS WATER DEPT", "Primacy_Agency": "MA", "Population_Served_Count": 13000, "Service_Connections_Count": 4203, "Service_Area_Type": "Other Area", "Verification_Status": "Verified", "Area_SqKM": 12.03240314144874}, "geometry": {"type": "Point", "coordinates": [-73.11904574278374, 42.69476828443171]}}, {"type": "Feature", "properties": {"PWSID": "MA1217000", "PWS_Name": "NORTHFIELD WATER DISTRICT", "Primacy_Agency": "MA", "Population_Served_Count": 800, "Service_Connections_Count": 231, "Service_Area_Type": "Residential Area", "Verification_Status": "Not Verified", "Area_SqKM": 1.817235870242334}, "geometry": {"type": "Point", "coordinates": [-72.44915585024276, 42.69261718239724]}}, {"type": "Feature", "properties": {"PWSID": "MA1120023", "PWS_Name": "SCANTIC VALLEY WATER DISTRICT", "Primacy_Agency": "MA", "Population_Served_Count": 100, "Service_Connections_Count": 9, "Service_Area_Type": "Residential Area", "Verification_Status": "Not Verified", "Area_SqKM": 0.026250073175555905}, "geometry": {"type": "Point", "coordinates": [-72.41564192965502, 42.06384747530325]}}, {"type": "Feature", "properties": {"PWSID": "MA1121004", "PWS_Name": "JIMINY PEAK RESORT", "Primacy_Agency": "MA", "Population_Served_Count": 1000, "Service_Connections_Count": 190, "Service_Area_Type": "Residential Area", "Verification_Status": "Verified", "Area_SqKM": 1.7527864595963574}, "geometry": {"type": "Point", "coordinates": [-73.29217698533347, 42.555871114656036]}}, {"type": "Feature", "properties": {"PWSID": "MA1121011", "PWS_Name": "BEAVER POND MEADOWS", "Primacy_Agency": "MA", "Population_Served_Count": 160, "Service_Connections_Count": 27, "Service_Area_Type": "Residential Area", "Verification_Status": "Verified", "Area_SqKM": 0.1989518785647238}, "geometry": {"type": "Point", "coordinates": [-73.29421318643973, 42.57724252705989]}}, {"type": "Feature", "properties": {"PWSID": "MA1124000", "PWS_Name": "HARDWICK CENTER WATER DISTRICT", "Primacy_Agency": "MA", "Population_Served_Count": 80, "Service_Connections_Count": 18, "Service_Area_Type": "Residential Area", "Verification_Status": "Verified", "Area_SqKM": 3.872855630767892}, "geometry": {"type": "Point", "coordinates": [-72.198820445394, 42.34944676103821]}}, {"type": "Feature", "properties": {"PWSID": "MA1124001", "PWS_Name": "GILBERTVILLE WATER DISTRICT", "Primacy_Agency": "MA", "Population_Served_Count": 1089, "Service_Connections_Count": 220, "Service_Area_Type": "Residential Area", "Verification_Status": "Verified", "Area_SqKM": 0.8889241044293691}, "geometry": {"type": "Point", "coordinates": [-72.20810184587427, 42.31046151449742]}}, {"type": "Feature", "properties": {"PWSID": "MA1124002", "PWS_Name": "WHEELWRIGHT WATER DISTRICT", "Primacy_Agency": "MA", "Population_Served_Count": 300, "Service_Connections_Count": 84, "Service_Area_Type": "Residential Area", "Verification_Status": "Verified", "Area_SqKM": 0.5602565349206454}, "geometry": {"type": "Point", "coordinates": [-72.14270108741614, 42.351535895320566]}}, {"type": "Feature", "properties": {"PWSID": "MA1124003", "PWS_Name": "EAGLE HILL SCHOOL", "Primacy_Agency": "MA", "Population_Served_Count": 300, "Service_Connections_Count": 13, "Service_Area_Type": "School", "Verification_Status": "Verified", "Area_SqKM": 0.1277322250146707}, "geometry": {"type": "Point", "coordinates": [-72.19948034651301, 42.363911618544186]}}, {"type": "Feature", "properties": {"PWSID": "MA1132000", "PWS_Name": "HINSDALE WATER DEPT", "Primacy_Agency": "MA", "Population_Served_Count": 1800, "Service_Connections_Count": 424, "Service_Area_Type": "Summer Camp", "Verification_Status": "Not Verified", "Area_SqKM": 1.6955760780679123}, "geometry": {"type": "Point", "coordinates": [-73.12544171931502, 42.44383108557569]}}, {"type": "Feature", "properties": {"PWSID": "MA1132002", "PWS_Name": "SOUTH ASHMERE WATER ASSOCIATION INC", "Primacy_Agency": "MA", "Population_Served_Count": 150, "Service_Connections_Count": 50, "Service_Area_Type": "Residential Area", "Verification_Status": "Not Verified", "Area_SqKM": 0.026250805558778834}, "geometry": {"type": "Point", "coordinates": [-73.1063336089001, 42.43490208911287]}}, {"type": "Feature", "properties": {"PWSID": "MA1132008", "PWS_Name": "ASHMERE WATER SERVICE", "Primacy_Agency": "MA", "Population_Served_Count": 66, "Service_Connections_Count": 26, "Service_Area_Type": "Residential Area", "Verification_Status": "Verified", "Area_SqKM": 0.08635268536355709}, "geometry": {"type": "Point", "coordinates": [-73.0862767102469, 42.455110429239376]}}, {"type": "Feature", "properties": {"PWSID": "MA1268000", "PWS_Name": "SHELBURNE FALLS FIRE DISTRICT", "Primacy_Agency": "MA", "Population_Served_Count": 1806, "Service_Connections_Count": 814, "Service_Area_Type": "Residential Area", "Verification_Status": "Verified", "Area_SqKM": 3.6417353509678416}, "geometry": {"type": "Point", "coordinates": [-72.73556912308632, 42.60968734640555]}}, {"type": "Feature", "properties": {"PWSID": "MA1223000", "PWS_Name": "ORANGE WATER DEPT", "Primacy_Agency": "MA", "Population_Served_Count": 6526, "Service_Connections_Count": 1884, "Service_Area_Type": "Residential Area", "Verification_Status": "Verified", "Area_SqKM": 9.139034327467835}, "geometry": {"type": "Point", "coordinates": [-72.29525807602926, 42.583383743939436]}}, {"type": "Feature", "properties": {"PWSID": "MA1227000", "PWS_Name": "PALMER WATER DISTRICT NO.1", "Primacy_Agency": "MA", "Population_Served_Count": 4789, "Service_Connections_Count": 1378, "Service_Area_Type": "Residential Area", "Verification_Status": "Verified", "Area_SqKM": 4.3439682523091365}, "geometry": {"type": "Point", "coordinates": [-72.32400664286757, 42.16284679429695]}}, {"type": "Feature", "properties": {"PWSID": "MA1227001", "PWS_Name": "THORNDIKE FIRE AND WATER DISTRICT", "Primacy_Agency": "MA", "Population_Served_Count": 1435, "Service_Connections_Count": 394, "Service_Area_Type": "Residential Area", "Verification_Status": "Verified", "Area_SqKM": 1.4088653049611701}, "geometry": {"type": "Point", "coordinates": [-72.3297910781579, 42.18888771935009]}}, {"type": "Feature", "properties": {"PWSID": "MA1087000", "PWS_Name": "EASTHAMPTON WATER DEPT", "Primacy_Agency": "MA", "Population_Served_Count": 16211, "Service_Connections_Count": 5990, "Service_Area_Type": "Residential Area", "Verification_Status": "Verified", "Area_SqKM": 18.798907261921485}, "geometry": {"type": "Point", "coordinates": [-72.68108398194882, 42.27057225378181]}}, {"type": "Feature", "properties": {"PWSID": "MA1091000", "PWS_Name": "ERVING WATER DEPT", "Primacy_Agency": "MA", "Population_Served_Count": 561, "Service_Connections_Count": 270, "Service_Area_Type": "Residential Area", "Verification_Status": "Verified", "Area_SqKM": 1.1825734688028797}, "geometry": {"type": "Point", "coordinates": [-72.49085010296601, 42.58598867068676]}}, {"type": "Feature", "properties": {"PWSID": "MA1106000", "PWS_Name": "RIVERSIDE WATER DISTRICT", "Primacy_Agency": "MA", "Population_Served_Count": 341, "Service_Connections_Count": 113, "Service_Area_Type": "Residential Area", "Verification_Status": "Not Verified", "Area_SqKM": 0.4754571343622162}, "geometry": {"type": "Point", "coordinates": [-72.54598502622545, 42.61122312332446]}}, {"type": "Feature", "properties": {"PWSID": "MA1106002", "PWS_Name": "NORTHFIELD MT HERMON SCHOOL", "Primacy_Agency": "MA", "Population_Served_Count": 750, "Service_Connections_Count": 78, "Service_Area_Type": null, "Verification_Status": "Verified", "Area_SqKM": 1.0543656994804445}, "geometry": {"type": "Point", "coordinates": [-72.48170079089904, 42.67100737840902]}}, {"type": "Feature", "properties": {"PWSID": "MA1108009", "PWS_Name": "WILDWOOD CONDOMINIUM", "Primacy_Agency": "MA", "Population_Served_Count": 25, "Service_Connections_Count": 6, "Service_Area_Type": "Residential Area", "Verification_Status": "Verified", "Area_SqKM": 0.1249493349557191}, "geometry": {"type": "Point", "coordinates": [-72.83878174140119, 42.46069830348629]}}, {"type": "Feature", "properties": {"PWSID": "MA1349000", "PWS_Name": "WORTHINGTON FIRE DISTRICT", "Primacy_Agency": "MA", "Population_Served_Count": 565, "Service_Connections_Count": 170, "Service_Area_Type": "School", "Verification_Status": "Verified", "Area_SqKM": 5.290140834953065}, "geometry": {"type": "Point", "coordinates": [-72.92860262230874, 42.391399484422074]}}, {"type": "Feature", "properties": {"PWSID": "MA1227015", "PWS_Name": "BRETON ESTATES", "Primacy_Agency": "MA", "Population_Served_Count": 48, "Service_Connections_Count": 2, "Service_Area_Type": "Residential Area", "Verification_Status": "Not Verified", "Area_SqKM": 0.1863492467111097}, "geometry": {"type": "Point", "coordinates": [-72.29693608836966, 42.14747551147812]}}, {"type": "Feature", "properties": {"PWSID": "MA1281000", "PWS_Name": "SPRINGFIELD WATER AND SEWER COMMISSION", "Primacy_Agency": "MA", "Population_Served_Count": 167954, "Service_Connections_Count": 43265, "Service_Area_Type": "Residential Area", "Verification_Status": "Verified", "Area_SqKM": 102.75378182023057}, "geometry": {"type": "Point", "coordinates": [-72.48076534297466, 42.1680010235823]}}, {"type": "Feature", "properties": {"PWSID": "MA1268011", "PWS_Name": "DRAGON HILL CONDOMINIUMS", "Primacy_Agency": "MA", "Population_Served_Count": 30, "Service_Connections_Count": 15, "Service_Area_Type": "Residential Area", "Verification_Status": "Verified", "Area_SqKM": 0.2751216252904848}, "geometry": {"type": "Point", "coordinates": [-72.67367528860177, 42.595067450017304]}}, {"type": "Feature", "properties": {"PWSID": "MA1275000", "PWS_Name": "SOUTH HADLEY FD #1 (MWRA)", "Primacy_Agency": "MA", "Population_Served_Count": 14800, "Service_Connections_Count": 4983, "Service_Area_Type": "Residential Area", "Verification_Status": "Verified", "Area_SqKM": 18.80690597602964}, "geometry": {"type": "Point", "coordinates": [-72.57098605923531, 42.2333140460349]}}, {"type": "Feature", "properties": {"PWSID": "MA1214000", "PWS_Name": "NORTHAMPTON WATER DIVISION", "Primacy_Agency": "MA", "Population_Served_Count": 29571, "Service_Connections_Count": 8984, "Service_Area_Type": "Residential Area", "Verification_Status": "Not Verified", "Area_SqKM": 64.43029922796887}, "geometry": {"type": "Point", "coordinates": [-72.67528962053827, 42.332408045327924]}}, {"type": "Feature", "properties": {"PWSID": "MA1227002", "PWS_Name": "BONDSVILLE FIRE AND WATER DISTRICT", "Primacy_Agency": "MA", "Population_Served_Count": 1429, "Service_Connections_Count": 420, "Service_Area_Type": "Residential Area", "Verification_Status": "Verified", "Area_SqKM": 1.4311987082644628}, "geometry": {"type": "Point", "coordinates": [-72.34847213801211, 42.209011199448646]}}, {"type": "Feature", "properties": {"PWSID": "MA1227003", "PWS_Name": "THREE RIVERS FIRE DISTRICT", "Primacy_Agency": "MA", "Population_Served_Count": 3258, "Service_Connections_Count": 926, "Service_Area_Type": "Residential Area", "Verification_Status": "Verified", "Area_SqKM": 2.490587378154559}, "geometry": {"type": "Point", "coordinates": [-72.36173632961666, 42.17872286017905]}}, {"type": "Feature", "properties": {"PWSID": "MA1190000", "PWS_Name": "MONROE WATER DISTRICT", "Primacy_Agency": "MA", "Population_Served_Count": 55, "Service_Connections_Count": 35, "Service_Area_Type": "Residential Area", "Verification_Status": "Verified", "Area_SqKM": 0.08352464414169676}, "geometry": {"type": "Point", "coordinates": [-72.9430481588837, 42.72250716511465]}}, {"type": "Feature", "properties": {"PWSID": "MA1191000", "PWS_Name": "MONSON WATER AND SEWER DEPT", "Primacy_Agency": "MA", "Population_Served_Count": 4212, "Service_Connections_Count": 1411, "Service_Area_Type": "Residential Area", "Verification_Status": "Verified", "Area_SqKM": 8.017816855880772}, "geometry": {"type": "Point", "coordinates": [-72.31448427136709, 42.10728716672329]}}, {"type": "Feature", "properties": {"PWSID": "MA1192003", "PWS_Name": "MONTAGUE CENTER WATER DISTRICT", "Primacy_Agency": "MA", "Population_Served_Count": 450, "Service_Connections_Count": 156, "Service_Area_Type": "Residential Area", "Verification_Status": "Verified", "Area_SqKM": 0.7425874573383624}, "geometry": {"type": "Point", "coordinates": [-72.53537711966607, 42.53616578290906]}}, {"type": "Feature", "properties": {"PWSID": "MA1309001", "PWS_Name": "QUABBIN SUNRISE COOPERATIVE INC", "Primacy_Agency": "MA", "Population_Served_Count": 65, "Service_Connections_Count": 65, "Service_Area_Type": "Mobile Home Park", "Verification_Status": "Verified", "Area_SqKM": 0.32677414797754734}, "geometry": {"type": "Point", "coordinates": [-72.31279989990523, 42.275685019996935]}}, {"type": "Feature", "properties": {"PWSID": "MA1311000", "PWS_Name": "WARREN WATER DISTRICT", "Primacy_Agency": "MA", "Population_Served_Count": 2289, "Service_Connections_Count": 643, "Service_Area_Type": "Residential Area", "Verification_Status": "Verified", "Area_SqKM": 3.2473472016338305}, "geometry": {"type": "Point", "coordinates": [-72.19760346817446, 42.20872694994679]}}, {"type": "Feature", "properties": {"PWSID": "MA1311001", "PWS_Name": "WEST WARREN WATER DISTRICT", "Primacy_Agency": "MA", "Population_Served_Count": 927, "Service_Connections_Count": 294, "Service_Area_Type": "Residential Area", "Verification_Status": "Verified", "Area_SqKM": 1.8553601025366886}, "geometry": {"type": "Point", "coordinates": [-72.22511419279046, 42.20417812100239]}}, {"type": "Feature", "properties": {"PWSID": "MA1325000", "PWS_Name": "WEST SPRINGFIELD DPW WATER DIVISION", "Primacy_Agency": "MA", "Population_Served_Count": 28835, "Service_Connections_Count": 8586, "Service_Area_Type": "Residential Area", "Verification_Status": "Verified", "Area_SqKM": 27.796113705587832}, "geometry": {"type": "Point", "coordinates": [-72.64634660153767, 42.12786139438682]}}, {"type": "Feature", "properties": {"PWSID": "MA1326000", "PWS_Name": "WEST STOCKBRIDGE WATER DEPT", "Primacy_Agency": "MA", "Population_Served_Count": 535, "Service_Connections_Count": 229, "Service_Area_Type": "Residential Area", "Verification_Status": "Verified", "Area_SqKM": 1.1491233751989136}, "geometry": {"type": "Point", "coordinates": [-73.36888003198915, 42.34019309882037]}}, {"type": "Feature", "properties": {"PWSID": "MA1329000", "PWS_Name": "WESTFIELD DPWWATER DIVISION", "Primacy_Agency": "MA", "Population_Served_Count": 41094, "Service_Connections_Count": 11563, "Service_Area_Type": "Residential Area", "Verification_Status": "Not Verified", "Area_SqKM": 91.44604779827839}, "geometry": {"type": "Point", "coordinates": [-72.78727447157806, 42.124192649690976]}}, {"type": "Feature", "properties": {"PWSID": "MA1256000", "PWS_Name": "RUSSELL WATER DEPT", "Primacy_Agency": "MA", "Population_Served_Count": 1228, "Service_Connections_Count": 324, "Service_Area_Type": "Residential Area", "Verification_Status": "Not Verified", "Area_SqKM": 0.026250257874986}, "geometry": {"type": "Point", "coordinates": [-72.85682819007064, 42.16226571786126]}}, {"type": "Feature", "properties": {"PWSID": "MA1260001", "PWS_Name": "BERKSHIRE REHAB SKILLED CARE CTR", "Primacy_Agency": "MA", "Population_Served_Count": 100, "Service_Connections_Count": 2, "Service_Area_Type": "Institution", "Verification_Status": "Verified", "Area_SqKM": 0.01872204886921797}, "geometry": {"type": "Point", "coordinates": [-73.07871886997131, 42.093171429740195]}}, {"type": "Feature", "properties": {"PWSID": "MA1276000", "PWS_Name": "SOUTHAMPTON WATER DEPT", "Primacy_Agency": "MA", "Population_Served_Count": 4853, "Service_Connections_Count": 1659, "Service_Area_Type": "Residential Area", "Verification_Status": "Verified", "Area_SqKM": 11.76395257680328}, "geometry": {"type": "Point", "coordinates": [-72.71169561996945, 42.228785733168436]}}, {"type": "Feature", "properties": {"PWSID": "MA1279000", "PWS_Name": "SOUTHWICK WATER DEPT", "Primacy_Agency": "MA", "Population_Served_Count": 7646, "Service_Connections_Count": 2732, "Service_Area_Type": "Residential Area", "Verification_Status": "Verified", "Area_SqKM": 14.424102575952137}, "geometry": {"type": "Point", "coordinates": [-72.75904513539767, 42.05347442770326]}}, {"type": "Feature", "properties": {"PWSID": "MA1152000", "PWS_Name": "LENOX DPW WATER DIVISION", "Primacy_Agency": "MA", "Population_Served_Count": 9800, "Service_Connections_Count": 2146, "Service_Area_Type": "Residential Area", "Verification_Status": "Verified", "Area_SqKM": 16.01195989282317}, "geometry": {"type": "Point", "coordinates": [-73.26915793019268, 42.36933409019121]}}, {"type": "Feature", "properties": {"PWSID": "MA1150003", "PWS_Name": "HIGH LAWN FARM", "Primacy_Agency": "MA", "Population_Served_Count": 43, "Service_Connections_Count": 14, "Service_Area_Type": "Industrial/Agricultural", "Verification_Status": "Verified", "Area_SqKM": 5.403743702337995}, "geometry": {"type": "Point", "coordinates": [-73.28489869170978, 42.32072007555048]}}, {"type": "Feature", "properties": {"PWSID": "MA2045000", "PWS_Name": "BROOKFIELD WATER DEPARTMENT", "Primacy_Agency": "MA", "Population_Served_Count": 1008, "Service_Connections_Count": 487, "Service_Area_Type": "Residential Area", "Verification_Status": "Verified", "Area_SqKM": 2.2097335789029984}, "geometry": {"type": "Point", "coordinates": [-72.0859538792249, 42.21158261719496]}}, {"type": "Feature", "properties": {"PWSID": "MA2045001", "PWS_Name": "NANATOMQUA MOBILE HOME PARK", "Primacy_Agency": "MA", "Population_Served_Count": 123, "Service_Connections_Count": 85, "Service_Area_Type": "Mobile Home Park", "Verification_Status": "Verified", "Area_SqKM": 0.2640030159795486}, "geometry": {"type": "Point", "coordinates": [-72.09734494001825, 42.2050671769776]}}, {"type": "Feature", "properties": {"PWSID": "MA2021001", "PWS_Name": "BARRE MHP/WATERWHEEL VILLAGE", "Primacy_Agency": "MA", "Population_Served_Count": 114, "Service_Connections_Count": 70, "Service_Area_Type": "Mobile Home Park", "Verification_Status": "Verified", "Area_SqKM": 0.14980494283176451}, "geometry": {"type": "Point", "coordinates": [-72.16650031995496, 42.44040029400181]}}, {"type": "Feature", "properties": {"PWSID": "MA2021000", "PWS_Name": "BARRE WATER DEPARTMENT", "Primacy_Agency": "MA", "Population_Served_Count": 4098, "Service_Connections_Count": 1132, "Service_Area_Type": "School", "Verification_Status": "Verified", "Area_SqKM": 7.3702819301461995}, "geometry": {"type": "Point", "coordinates": [-72.10490878147228, 42.4091609097263]}}, {"type": "Feature", "properties": {"PWSID": "MA1236000", "PWS_Name": "PITTSFIELD DPU WATER DEPT", "Primacy_Agency": "MA", "Population_Served_Count": 43927, "Service_Connections_Count": 15574, "Service_Area_Type": "Residential Area", "Verification_Status": "Verified", "Area_SqKM": 48.67151983086108}, "geometry": {"type": "Point", "coordinates": [-73.26332893423383, 42.446888768403454]}}, {"type": "Feature", "properties": {"PWSID": "MA1249008", "PWS_Name": "VIEW DRIVE WATER ASSOCIATION", "Primacy_Agency": "MA", "Population_Served_Count": 38, "Service_Connections_Count": 18, "Service_Area_Type": "Residential Area", "Verification_Status": "Verified", "Area_SqKM": 0.32296320800320705}, "geometry": {"type": "Point", "coordinates": [-73.3196646172548, 42.39648282360034]}}, {"type": "Feature", "properties": {"PWSID": "MA1255000", "PWS_Name": "SOUTH ROYALSTON IMPROVEMENT CORP", "Primacy_Agency": "MA", "Population_Served_Count": 275, "Service_Connections_Count": 57, "Service_Area_Type": "Residential Area", "Verification_Status": "Not Verified", "Area_SqKM": 0.029978626679267213}, "geometry": {"type": "Point", "coordinates": [-72.14657111406657, 42.63175153937168]}}, {"type": "Feature", "properties": {"PWSID": "MA1283003", "PWS_Name": "STOCKBRIDGE WATER DEPT", "Primacy_Agency": "MA", "Population_Served_Count": 2800, "Service_Connections_Count": 719, "Service_Area_Type": "Residential Area", "Verification_Status": "Verified", "Area_SqKM": 8.751673935453134}, "geometry": {"type": "Point", "coordinates": [-73.32595209025918, 42.292030761056324]}}, {"type": "Feature", "properties": {"PWSID": "MA1283015", "PWS_Name": "WHITE PINES CONDOMINIUMS", "Primacy_Agency": "MA", "Population_Served_Count": 225, "Service_Connections_Count": 70, "Service_Area_Type": "Homeowners Association", "Verification_Status": "Verified", "Area_SqKM": 0.3351829659288339}, "geometry": {"type": "Point", "coordinates": [-73.3003366925551, 42.33669943592696]}}, {"type": "Feature", "properties": {"PWSID": "MA1283017", "PWS_Name": "HERON POND AT STOCKBRIDGE", "Primacy_Agency": "MA", "Population_Served_Count": 50, "Service_Connections_Count": 9, "Service_Area_Type": "Residential Area", "Verification_Status": "Not Verified", "Area_SqKM": 0.1379999370331839}, "geometry": {"type": "Point", "coordinates": [-73.29415076748778, 42.29376905129203]}}, {"type": "Feature", "properties": {"PWSID": "MA1283019", "PWS_Name": "ORONOQUE CONDOMINIUM TRUST", "Primacy_Agency": "MA", "Population_Served_Count": 25, "Service_Connections_Count": 9, "Service_Area_Type": "Residential Area", "Verification_Status": "Verified", "Area_SqKM": 0.042779122018291746}, "geometry": {"type": "Point", "coordinates": [-73.31916451613432, 42.2945773621528]}}, {"type": "Feature", "properties": {"PWSID": "MA1289000", "PWS_Name": "SUNDERLAND WATER DISTRICT", "Primacy_Agency": "MA", "Population_Served_Count": 3190, "Service_Connections_Count": 995, "Service_Area_Type": "Residential Area", "Verification_Status": "Verified", "Area_SqKM": 5.897055951419864}, "geometry": {"type": "Point", "coordinates": [-72.56536372706739, 42.45016011041849]}}, {"type": "Feature", "properties": {"PWSID": "MA1289001", "PWS_Name": "CLIFFSIDE APARTMENTS", "Primacy_Agency": "MA", "Population_Served_Count": 500, "Service_Connections_Count": 15, "Service_Area_Type": "Residential Area", "Verification_Status": "Verified", "Area_SqKM": 0.11492878029770082}, "geometry": {"type": "Point", "coordinates": [-72.56285270257439, 42.4533985025656]}}, {"type": "Feature", "properties": {"PWSID": "MA1289002", "PWS_Name": "POND RIDGE CONDO ASSN", "Primacy_Agency": "MA", "Population_Served_Count": 88, "Service_Connections_Count": 30, "Service_Area_Type": "Residential Area", "Verification_Status": "Not Verified", "Area_SqKM": 0.00919158592591245}, "geometry": {"type": "Point", "coordinates": [-72.54132756271953, 42.501100275054576]}}, {"type": "Feature", "properties": {"PWSID": "MA1306001", "PWS_Name": "BROOKSIDE VILLAGE", "Primacy_Agency": "MA", "Population_Served_Count": 80, "Service_Connections_Count": 65, "Service_Area_Type": "Mobile Home Park", "Verification_Status": "Not Verified", "Area_SqKM": 0.16181127014438534}, "geometry": {"type": "Point", "coordinates": [-72.23778152133634, 42.034193063606615]}}, {"type": "Feature", "properties": {"PWSID": "MA1306006", "PWS_Name": "SILVER MEADOW", "Primacy_Agency": "MA", "Population_Served_Count": 25, "Service_Connections_Count": 1, "Service_Area_Type": "Residential Area", "Verification_Status": "Not Verified", "Area_SqKM": 0.0628352103154449}, "geometry": {"type": "Point", "coordinates": [-72.23187299029284, 42.06512466188116]}}, {"type": "Feature", "properties": {"PWSID": "MA1309000", "PWS_Name": "WARE WATER DEPT", "Primacy_Agency": "MA", "Population_Served_Count": 10066, "Service_Connections_Count": 2482, "Service_Area_Type": "Residential Area", "Verification_Status": "Verified", "Area_SqKM": 9.820498797572167}, "geometry": {"type": "Point", "coordinates": [-72.25263863476529, 42.26037304456825]}}, {"type": "Feature", "properties": {"PWSID": "MA2045004", "PWS_Name": "WAGON WHEEL COMMUNITY, INC.", "Primacy_Agency": "MA", "Population_Served_Count": 228, "Service_Connections_Count": 146, "Service_Area_Type": "Mobile Home Park", "Verification_Status": "Verified", "Area_SqKM": 0.19305636422557076}, "geometry": {"type": "Point", "coordinates": [-72.09345779406578, 42.19063459123033]}}, {"type": "Feature", "properties": {"PWSID": "MA2045005", "PWS_Name": "BROOKFIELD MEADOWS MHP", "Primacy_Agency": "MA", "Population_Served_Count": 120, "Service_Connections_Count": 68, "Service_Area_Type": "Mobile Home Park", "Verification_Status": "Verified", "Area_SqKM": 0.1516477099662566}, "geometry": {"type": "Point", "coordinates": [-72.13550627138628, 42.18780667140162]}}, {"type": "Feature", "properties": {"PWSID": "MA2287020", "PWS_Name": "STURBRIDGE RETIREMENT COOP. CORP.", "Primacy_Agency": "MA", "Population_Served_Count": 350, "Service_Connections_Count": 227, "Service_Area_Type": "Mobile Home Park", "Verification_Status": "Verified", "Area_SqKM": 0.19860927398500342}, "geometry": {"type": "Point", "coordinates": [-72.08751622034643, 42.07868458616381]}}, {"type": "Feature", "properties": {"PWSID": "MA2287025", "PWS_Name": "STURBRIDGE CROSSING CONDOMINIUM", "Primacy_Agency": "MA", "Population_Served_Count": 52, "Service_Connections_Count": 33, "Service_Area_Type": "Residential Area", "Verification_Status": "Verified", "Area_SqKM": 0.07788622744434015}, "geometry": {"type": "Point", "coordinates": [-72.09483331363693, 42.07352857258421]}}, {"type": "Feature", "properties": {"PWSID": "MA2287000", "PWS_Name": "STURBRIDGE WATER DEPARTMENT", "Primacy_Agency": "MA", "Population_Served_Count": 4567, "Service_Connections_Count": 1784, "Service_Area_Type": "Residential Area", "Verification_Status": "Verified", "Area_SqKM": 9.283366310740316}, "geometry": {"type": "Point", "coordinates": [-72.0940163235688, 42.11652111189349]}}, {"type": "Feature", "properties": {"PWSID": "MA2212000", "PWS_Name": "NORTH BROOKFIELD WATER DEPARTMENT", "Primacy_Agency": "MA", "Population_Served_Count": 3903, "Service_Connections_Count": 1301, "Service_Area_Type": "Residential Area", "Verification_Status": "Verified", "Area_SqKM": 6.59541755719495}, "geometry": {"type": "Point", "coordinates": [-72.07160745579958, 42.26685006199054]}}, {"type": "Feature", "properties": {"PWSID": "MA2294000", "PWS_Name": "TEMPLETON MUNIC. LIGHT AND WATER PLANT", "Primacy_Agency": "MA", "Population_Served_Count": 6152, "Service_Connections_Count": 2315, "Service_Area_Type": "Residential Area", "Verification_Status": "Verified", "Area_SqKM": 18.27624186322959}, "geometry": {"type": "Point", "coordinates": [-72.0710691413916, 42.576615038073285]}}, {"type": "Feature", "properties": {"PWSID": "MA2323000", "PWS_Name": "WEST BROOKFIELD WATER DEPARTMENT", "Primacy_Agency": "MA", "Population_Served_Count": 2477, "Service_Connections_Count": 1011, "Service_Area_Type": "Residential Area", "Verification_Status": "Verified", "Area_SqKM": 3.924755748053978}, "geometry": {"type": "Point", "coordinates": [-72.146909972317, 42.23746327400011]}}, {"type": "Feature", "properties": {"PWSID": "MA2323002", "PWS_Name": "MADDEN ESTATES", "Primacy_Agency": "MA", "Population_Served_Count": 50, "Service_Connections_Count": 22, "Service_Area_Type": "Mobile Home Park", "Verification_Status": "Not Verified", "Area_SqKM": 0.18106803116055334}, "geometry": {"type": "Point", "coordinates": [-72.15775719245762, 42.266449466941516]}}, {"type": "Feature", "properties": {"PWSID": "MA1024000", "PWS_Name": "BELCHERTOWN WATER DISTRICT", "Primacy_Agency": "MA", "Population_Served_Count": 3098, "Service_Connections_Count": 1291, "Service_Area_Type": "Residential Area", "Verification_Status": "Verified", "Area_SqKM": 8.952692656125544}, "geometry": {"type": "Point", "coordinates": [-72.41673304649355, 42.289243291269614]}}, {"type": "Feature", "properties": {"PWSID": "MA1127000", "PWS_Name": "HATFIELD WATER DEPT", "Primacy_Agency": "MA", "Population_Served_Count": 3183, "Service_Connections_Count": 1346, "Service_Area_Type": "Residential Area", "Verification_Status": "Verified", "Area_SqKM": 10.377186013384302}, "geometry": {"type": "Point", "coordinates": [-72.61785061220564, 42.38312448216336]}}, {"type": "Feature", "properties": {"PWSID": "MA1069001", "PWS_Name": "CUMMINGTON WATER DEPT", "Primacy_Agency": "MA", "Population_Served_Count": 310, "Service_Connections_Count": 78, "Service_Area_Type": "Residential Area", "Verification_Status": "Verified", "Area_SqKM": 0.8848863836701057}, "geometry": {"type": "Point", "coordinates": [-72.89453031029103, 42.452377424341655]}}, {"type": "Feature", "properties": {"PWSID": "MA1132009", "PWS_Name": "BISSELVILLE ESTATE", "Primacy_Agency": "MA", "Population_Served_Count": 74, "Service_Connections_Count": 29, "Service_Area_Type": "Mobile Home Park", "Verification_Status": "Not Verified", "Area_SqKM": 0.2161067660675775}, "geometry": {"type": "Point", "coordinates": [-73.1207482090027, 42.40141181299576]}}, {"type": "Feature", "properties": {"PWSID": "MA1214001", "PWS_Name": "LINDA MANOR NURSING HOME", "Primacy_Agency": "MA", "Population_Served_Count": 120, "Service_Connections_Count": 1, "Service_Area_Type": "Institution", "Verification_Status": "Verified", "Area_SqKM": 0.10291050435914374}, "geometry": {"type": "Point", "coordinates": [-72.69165484638084, 42.36079996584476]}}, {"type": "Feature", "properties": {"PWSID": "MA1117002", "PWS_Name": "HADLEY DPW WATER DIVISION", "Primacy_Agency": "MA", "Population_Served_Count": 4871, "Service_Connections_Count": 2384, "Service_Area_Type": "Residential Area", "Verification_Status": "Verified", "Area_SqKM": 17.793388972905603}, "geometry": {"type": "Point", "coordinates": [-72.56982677541741, 42.36022941507854]}}, {"type": "Feature", "properties": {"PWSID": "MA1217001", "PWS_Name": "EAST NORTHFIELD WATER CO", "Primacy_Agency": "MA", "Population_Served_Count": 659, "Service_Connections_Count": 275, "Service_Area_Type": "School", "Verification_Status": "Verified", "Area_SqKM": 2.475460513689534}, "geometry": {"type": "Point", "coordinates": [-72.43926665467217, 42.71287055560545]}}, {"type": "Feature", "properties": {"PWSID": "MA1275001", "PWS_Name": "SOUTH HADLEY FIRE DISTRICT #2 WATER DEPT", "Primacy_Agency": "MA", "Population_Served_Count": 6200, "Service_Connections_Count": 1570, "Service_Area_Type": "Residential Area", "Verification_Status": "Verified", "Area_SqKM": 8.359690255791874}, "geometry": {"type": "Point", "coordinates": [-72.57074837134466, 42.26470930760238]}}, {"type": "Feature", "properties": {"PWSID": "MA1192000", "PWS_Name": "TURNERS FALLS WATER DEPT", "Primacy_Agency": "MA", "Population_Served_Count": 8080, "Service_Connections_Count": 2298, "Service_Area_Type": "Residential Area", "Verification_Status": "Verified", "Area_SqKM": 11.07167285207512}, "geometry": {"type": "Point", "coordinates": [-72.54038852962475, 42.58700567344095]}}, {"type": "Feature", "properties": {"PWSID": "MA1311002", "PWS_Name": "HERITAGE ASSOCIATION", "Primacy_Agency": "MA", "Population_Served_Count": 158, "Service_Connections_Count": 105, "Service_Area_Type": "Mobile Home Park", "Verification_Status": "Verified", "Area_SqKM": 0.15302881604382998}, "geometry": {"type": "Point", "coordinates": [-72.19068968689942, 42.18799976966127]}}, {"type": "Feature", "properties": {"PWSID": "MA1159000", "PWS_Name": "LONGMEADOW WATER DEPT", "Primacy_Agency": "MA", "Population_Served_Count": 15815, "Service_Connections_Count": 5723, "Service_Area_Type": "Residential Area", "Verification_Status": "Verified", "Area_SqKM": 24.85134853826044}, "geometry": {"type": "Point", "coordinates": [-72.59102029398778, 42.049250375754134]}}, {"type": "Feature", "properties": {"PWSID": "MA1059000", "PWS_Name": "CHESTER WATER DEPT", "Primacy_Agency": "MA", "Population_Served_Count": 750, "Service_Connections_Count": 250, "Service_Area_Type": "Residential Area", "Verification_Status": "Verified", "Area_SqKM": 1.6115944155876876}, "geometry": {"type": "Point", "coordinates": [-72.97941439684948, 42.279272169992005]}}, {"type": "Feature", "properties": {"PWSID": "MA2011000", "PWS_Name": "ASHBURNHAM WATER DEPARTMENT", "Primacy_Agency": "MA", "Population_Served_Count": 3680, "Service_Connections_Count": 1206, "Service_Area_Type": "Residential Area", "Verification_Status": "Verified", "Area_SqKM": 9.411158150979624}, "geometry": {"type": "Point", "coordinates": [-71.93469959040866, 42.65135870134611]}}, {"type": "Feature", "properties": {"PWSID": "MA2002000", "PWS_Name": "ACTON WATER SUPPLY DISTRICT", "Primacy_Agency": "MA", "Population_Served_Count": 20780, "Service_Connections_Count": 6896, "Service_Area_Type": "Residential Area", "Verification_Status": "Verified", "Area_SqKM": 28.792245983115695}, "geometry": {"type": "Point", "coordinates": [-71.43361396452862, 42.48559871424802]}}, {"type": "Feature", "properties": {"PWSID": "MA2002010", "PWS_Name": "PINE HILL CONDOMINIUM", "Primacy_Agency": "MA", "Population_Served_Count": 95, "Service_Connections_Count": 2, "Service_Area_Type": "Residential Area", "Verification_Status": "Verified", "Area_SqKM": 0.029774174096804565}, "geometry": {"type": "Point", "coordinates": [-71.41516278562293, 42.48922919278109]}}, {"type": "Feature", "properties": {"PWSID": "MA2037007", "PWS_Name": "BROOK VILLAGE CONDOMINIUM", "Primacy_Agency": "MA", "Population_Served_Count": 400, "Service_Connections_Count": 192, "Service_Area_Type": "Residential Area", "Verification_Status": "Not Verified", "Area_SqKM": 0.06745072746084337}, "geometry": {"type": "Point", "coordinates": [-71.54264051596996, 42.49411706396007]}}, {"type": "Feature", "properties": {"PWSID": "MA2037009", "PWS_Name": "CARRIAGE HOUSE CONDOMINIUM", "Primacy_Agency": "MA", "Population_Served_Count": 68, "Service_Connections_Count": 1, "Service_Area_Type": "Residential Area", "Verification_Status": "Verified", "Area_SqKM": 0.01011105277612953}, "geometry": {"type": "Point", "coordinates": [-71.51580593345993, 42.482811016779856]}}, {"type": "Feature", "properties": {"PWSID": "MA2037013", "PWS_Name": "APPLEWOOD COMMUNITY CORPORATION", "Primacy_Agency": "MA", "Population_Served_Count": 500, "Service_Connections_Count": 125, "Service_Area_Type": "Residential Area", "Verification_Status": "Verified", "Area_SqKM": 0.15049294368816327}, "geometry": {"type": "Point", "coordinates": [-71.49144170604508, 42.48024080305039]}}, {"type": "Feature", "properties": {"PWSID": "MA2037014", "PWS_Name": "LIBERTY HOUSE CONDOMINIUM", "Primacy_Agency": "MA", "Population_Served_Count": 80, "Service_Connections_Count": 30, "Service_Area_Type": "Residential Area", "Verification_Status": "Verified", "Area_SqKM": 0.03620449117358159}, "geometry": {"type": "Point", "coordinates": [-71.49661447488779, 42.4806903250701]}}, {"type": "Feature", "properties": {"PWSID": "MA2037036", "PWS_Name": "PADDOCK ESTATES", "Primacy_Agency": "MA", "Population_Served_Count": 463, "Service_Connections_Count": 16, "Service_Area_Type": "Residential Area", "Verification_Status": "Not Verified", "Area_SqKM": 0.2156458805877264}, "geometry": {"type": "Point", "coordinates": [-71.53841100341431, 42.489743120048765]}}, {"type": "Feature", "properties": {"PWSID": "MA2110004", "PWS_Name": "COUNTRYSIDE CONDOMINIUM", "Primacy_Agency": "MA", "Population_Served_Count": 30, "Service_Connections_Count": 24, "Service_Area_Type": "Residential Area", "Verification_Status": "Verified", "Area_SqKM": 0.016247432707334485}, "geometry": {"type": "Point", "coordinates": [-71.68860937040876, 42.19385329673508]}}, {"type": "Feature", "properties": {"PWSID": "MA2110006", "PWS_Name": "LAUREL HILL CONDOMINIUMS", "Primacy_Agency": "MA", "Population_Served_Count": 64, "Service_Connections_Count": 2, "Service_Area_Type": "Residential Area", "Verification_Status": "Verified", "Area_SqKM": 0.01523956043726846}, "geometry": {"type": "Point", "coordinates": [-71.65831175314385, 42.20019085292533]}}, {"type": "Feature", "properties": {"PWSID": "MA2017000", "PWS_Name": "AUBURN WATER DISTRICT", "Primacy_Agency": "MA", "Population_Served_Count": 12255, "Service_Connections_Count": 4600, "Service_Area_Type": "Other Area", "Verification_Status": "Verified", "Area_SqKM": 21.066548859707126}, "geometry": {"type": "Point", "coordinates": [-71.83488872827141, 42.200228556558486]}}, {"type": "Feature", "properties": {"PWSID": "MA2017001", "PWS_Name": "ELM HILL WATER DISTRICT", "Primacy_Agency": "MA", "Population_Served_Count": 2278, "Service_Connections_Count": 817, "Service_Area_Type": "Residential Area", "Verification_Status": "Verified", "Area_SqKM": 2.669623906179112}, "geometry": {"type": "Point", "coordinates": [-71.81300121777996, 42.219805710719285]}}, {"type": "Feature", "properties": {"PWSID": "MA2039000", "PWS_Name": "BOYLSTON WATER DISTRICT", "Primacy_Agency": "MA", "Population_Served_Count": 3343, "Service_Connections_Count": 1306, "Service_Area_Type": "Residential Area", "Verification_Status": "Verified", "Area_SqKM": 16.829066343224405}, "geometry": {"type": "Point", "coordinates": [-71.73127180843618, 42.34401387322009]}}, {"type": "Feature", "properties": {"PWSID": "MA2019001", "PWS_Name": "DEVENS  MASSDEVELOPMENT", "Primacy_Agency": "MA", "Population_Served_Count": 6500, "Service_Connections_Count": 415, "Service_Area_Type": "Industrial/Agricultural", "Verification_Status": "Verified", "Area_SqKM": 13.388967666731663}, "geometry": {"type": "Point", "coordinates": [-71.59697042599487, 42.55249781335161]}}, {"type": "Feature", "properties": {"PWSID": "MA2025000", "PWS_Name": "BELLINGHAM DPW WATER  SEWER DIVISION", "Primacy_Agency": "MA", "Population_Served_Count": 16061, "Service_Connections_Count": 6387, "Service_Area_Type": "Residential Area", "Verification_Status": "Verified", "Area_SqKM": 43.18675589499147}, "geometry": {"type": "Point", "coordinates": [-71.46824581775608, 42.09056357849206]}}, {"type": "Feature", "properties": {"PWSID": "MA2028007", "PWS_Name": "NORTHBROOK VILLAGE I / BERLIN RET.", "Primacy_Agency": "MA", "Population_Served_Count": 48, "Service_Connections_Count": 13, "Service_Area_Type": "Residential Area", "Verification_Status": "Verified", "Area_SqKM": 0.03628699415386784}, "geometry": {"type": "Point", "coordinates": [-71.63467184644301, 42.3716980322104]}}, {"type": "Feature", "properties": {"PWSID": "MA2028012", "PWS_Name": "MEADOWBROOK VILLAGE CONDOMINIUMS", "Primacy_Agency": "MA", "Population_Served_Count": 150, "Service_Connections_Count": 61, "Service_Area_Type": "Residential Area", "Verification_Status": "Verified", "Area_SqKM": 0.11609453285046663}, "geometry": {"type": "Point", "coordinates": [-71.60999572352286, 42.364649136148934]}}, {"type": "Feature", "properties": {"PWSID": "MA2028015", "PWS_Name": "WHITNEY ESTATES CONDOMINIUMS", "Primacy_Agency": "MA", "Population_Served_Count": 40, "Service_Connections_Count": 5, "Service_Area_Type": "Residential Area", "Verification_Status": "Verified", "Area_SqKM": 0.028016147720417047}, "geometry": {"type": "Point", "coordinates": [-71.62863783346829, 42.354915133409925]}}, {"type": "Feature", "properties": {"PWSID": "MA2028017", "PWS_Name": "SAWYER HILL ECOVILLAGE", "Primacy_Agency": "MA", "Population_Served_Count": 272, "Service_Connections_Count": 68, "Service_Area_Type": "Residential Area", "Verification_Status": "Verified", "Area_SqKM": 0.2626410509840308}, "geometry": {"type": "Point", "coordinates": [-71.62628194190555, 42.37627339183612]}}, {"type": "Feature", "properties": {"PWSID": "MA2028018", "PWS_Name": "NORTHBROOK VILLAGE II", "Primacy_Agency": "MA", "Population_Served_Count": 80, "Service_Connections_Count": 1, "Service_Area_Type": "Residential Area", "Verification_Status": "Verified", "Area_SqKM": 0.040634414995042695}, "geometry": {"type": "Point", "coordinates": [-71.63546937264513, 42.37275879100961]}}, {"type": "Feature", "properties": {"PWSID": "MA2034030", "PWS_Name": "REGENCY AT BOLTON CONDOMINIUMS", "Primacy_Agency": "MA", "Population_Served_Count": 148, "Service_Connections_Count": 61, "Service_Area_Type": "Residential Area", "Verification_Status": "Verified", "Area_SqKM": 0.09213416563104697}, "geometry": {"type": "Point", "coordinates": [-71.62047848542657, 42.443159956080876]}}, {"type": "Feature", "properties": {"PWSID": "MA2101000", "PWS_Name": "FRANKLIN WATER DEPARTMENT", "Primacy_Agency": "MA", "Population_Served_Count": 33399, "Service_Connections_Count": 9616, "Service_Area_Type": "Residential Area", "Verification_Status": "Verified", "Area_SqKM": 53.41412376539323}, "geometry": {"type": "Point", "coordinates": [-71.4195312221923, 42.103094399082146]}}, {"type": "Feature", "properties": {"PWSID": "MA2103000", "PWS_Name": "GARDNER WATER DEPARTMENT", "Primacy_Agency": "MA", "Population_Served_Count": 21287, "Service_Connections_Count": 5804, "Service_Area_Type": "Residential Area", "Verification_Status": "Not Verified", "Area_SqKM": 25.282443612000876}, "geometry": {"type": "Point", "coordinates": [-71.99274662633007, 42.57739298666819]}}, {"type": "Feature", "properties": {"PWSID": "MA2282000", "PWS_Name": "STERLING WATER DEPARTMENT", "Primacy_Agency": "MA", "Population_Served_Count": 6754, "Service_Connections_Count": 2474, "Service_Area_Type": "Residential Area", "Verification_Status": "Verified", "Area_SqKM": 58.763212317024845}, "geometry": {"type": "Point", "coordinates": [-71.78649002057354, 42.444535663521656]}}, {"type": "Feature", "properties": {"PWSID": "MA2216000", "PWS_Name": "WHITINSVILLE WATER COMPANY", "Primacy_Agency": "MA", "Population_Served_Count": 7933, "Service_Connections_Count": 2320, "Service_Area_Type": "Residential Area", "Verification_Status": "Verified", "Area_SqKM": 24.293356456492038}, "geometry": {"type": "Point", "coordinates": [-71.68974225369274, 42.119012797886356]}}, {"type": "Feature", "properties": {"PWSID": "MA2139000", "PWS_Name": "HOPKINTON WATER DEPARTMENT", "Primacy_Agency": "MA", "Population_Served_Count": 12586, "Service_Connections_Count": 4377, "Service_Area_Type": "Residential Area", "Verification_Status": "Verified", "Area_SqKM": 23.93488822361448}, "geometry": {"type": "Point", "coordinates": [-71.53698102400249, 42.21789046810305]}}, {"type": "Feature", "properties": {"PWSID": "MA2139007", "PWS_Name": "VILLAGE AT HIGHLAND PARK", "Primacy_Agency": "MA", "Population_Served_Count": 50, "Service_Connections_Count": 5, "Service_Area_Type": "Residential Area", "Verification_Status": "Verified", "Area_SqKM": 0.06241518448560696}, "geometry": {"type": "Point", "coordinates": [-71.53756909006913, 42.26222467565018]}}, {"type": "Feature", "properties": {"PWSID": "MA2257003", "PWS_Name": "COOL SANDY BEACH COMMUNITY WATER SYSTEM", "Primacy_Agency": "MA", "Population_Served_Count": 70, "Service_Connections_Count": 43, "Service_Area_Type": "Residential Area", "Verification_Status": "Not Verified", "Area_SqKM": 0.026250911618781465}, "geometry": {"type": "Point", "coordinates": [-71.94317865730049, 42.34056393758764]}}, {"type": "Feature", "properties": {"PWSID": "MA2270000", "PWS_Name": "SHIRLEY WATER DISTRICT", "Primacy_Agency": "MA", "Population_Served_Count": 4121, "Service_Connections_Count": 1512, "Service_Area_Type": "Residential Area", "Verification_Status": "Verified", "Area_SqKM": 10.821662819110603}, "geometry": {"type": "Point", "coordinates": [-71.65677316828555, 42.551268666320176]}}, {"type": "Feature", "properties": {"PWSID": "MA2270001", "PWS_Name": "MCI SHIRLEY", "Primacy_Agency": "MA", "Population_Served_Count": 3500, "Service_Connections_Count": 3, "Service_Area_Type": "Institution", "Verification_Status": "Verified", "Area_SqKM": 2.7836142114445748}, "geometry": {"type": "Point", "coordinates": [-71.64726294171038, 42.528912107655664]}}, {"type": "Feature", "properties": {"PWSID": "MA2115000", "PWS_Name": "GROTON WATER DEPARTMENT", "Primacy_Agency": "MA", "Population_Served_Count": 5456, "Service_Connections_Count": 1708, "Service_Area_Type": "Municipality", "Verification_Status": "Verified", "Area_SqKM": 21.53602936587085}, "geometry": {"type": "Point", "coordinates": [-71.53966085870863, 42.59656289527351]}}, {"type": "Feature", "properties": {"PWSID": "MA2034031", "PWS_Name": "CENTURY MILL ESTATES", "Primacy_Agency": "MA", "Population_Served_Count": 135, "Service_Connections_Count": 78, "Service_Area_Type": "Residential Area", "Verification_Status": "Verified", "Area_SqKM": 0.8090579865796962}, "geometry": {"type": "Point", "coordinates": [-71.59000589140774, 42.409825848292016]}}, {"type": "Feature", "properties": {"PWSID": "MA2037001", "PWS_Name": "CODMAN HILL CONDOMINIUM", "Primacy_Agency": "MA", "Population_Served_Count": 360, "Service_Connections_Count": 5, "Service_Area_Type": "Residential Area", "Verification_Status": "Verified", "Area_SqKM": 0.03654503458905665}, "geometry": {"type": "Point", "coordinates": [-71.55282698191023, 42.48071416373619]}}, {"type": "Feature", "properties": {"PWSID": "MA2037002", "PWS_Name": "HARVARD RIDGE CONDOMINIUM", "Primacy_Agency": "MA", "Population_Served_Count": 350, "Service_Connections_Count": 7, "Service_Area_Type": "Residential Area", "Verification_Status": "Verified", "Area_SqKM": 0.09592795591758532}, "geometry": {"type": "Point", "coordinates": [-71.5455876307352, 42.49342161033476]}}, {"type": "Feature", "properties": {"PWSID": "MA2037006", "PWS_Name": "CENTRE VILLAGE APARTMENTS", "Primacy_Agency": "MA", "Population_Served_Count": 36, "Service_Connections_Count": 3, "Service_Area_Type": "Residential Area", "Verification_Status": "Verified", "Area_SqKM": 0.00633295673163978}, "geometry": {"type": "Point", "coordinates": [-71.51367680032273, 42.48160828297977]}}, {"type": "Feature", "properties": {"PWSID": "MA2032000", "PWS_Name": "BLACKSTONE WATER DEPARTMENT", "Primacy_Agency": "MA", "Population_Served_Count": 9868, "Service_Connections_Count": 2790, "Service_Area_Type": "Residential Area", "Verification_Status": "Verified", "Area_SqKM": 21.30646274815852}, "geometry": {"type": "Point", "coordinates": [-71.5161419332875, 42.03813696520473]}}, {"type": "Feature", "properties": {"PWSID": "MA2034027", "PWS_Name": "BOLTON COUNTRY MANOR", "Primacy_Agency": "MA", "Population_Served_Count": 60, "Service_Connections_Count": 1, "Service_Area_Type": "Residential Area", "Verification_Status": "Verified", "Area_SqKM": 0.03890838374819242}, "geometry": {"type": "Point", "coordinates": [-71.60164653916672, 42.430734282654214]}}, {"type": "Feature", "properties": {"PWSID": "MA2077000", "PWS_Name": "DOUGLAS WATER DEPARTMENT", "Primacy_Agency": "MA", "Population_Served_Count": 4400, "Service_Connections_Count": 1251, "Service_Area_Type": "Residential Area", "Verification_Status": "Verified", "Area_SqKM": 4.961957226394233}, "geometry": {"type": "Point", "coordinates": [-71.72071932994774, 42.06736734409773]}}, {"type": "Feature", "properties": {"PWSID": "MA2080000", "PWS_Name": "DUDLEY WATER DEPARTMENT", "Primacy_Agency": "MA", "Population_Served_Count": 5515, "Service_Connections_Count": 2376, "Service_Area_Type": "Residential Area", "Verification_Status": "Verified", "Area_SqKM": 8.110691113488603}, "geometry": {"type": "Point", "coordinates": [-71.91504416441623, 42.0441549905969]}}, {"type": "Feature", "properties": {"PWSID": "MA2081000", "PWS_Name": "DUNSTABLE WATER DEPARTMENT", "Primacy_Agency": "MA", "Population_Served_Count": 337, "Service_Connections_Count": 106, "Service_Area_Type": "Residential Area", "Verification_Status": "Verified", "Area_SqKM": 1.1547615304204155}, "geometry": {"type": "Point", "coordinates": [-71.48571576623507, 42.67434820117729]}}, {"type": "Feature", "properties": {"PWSID": "MA2084000", "PWS_Name": "EAST BROOKFIELD WATER DEPARTMENT", "Primacy_Agency": "MA", "Population_Served_Count": 1526, "Service_Connections_Count": 626, "Service_Area_Type": "Residential Area", "Verification_Status": "Verified", "Area_SqKM": 2.1479503008640366}, "geometry": {"type": "Point", "coordinates": [-72.05027814558197, 42.22636740115307]}}, {"type": "Feature", "properties": {"PWSID": "MA2097000", "PWS_Name": "FITCHBURG DPW  DIVISION OF WATER SUPPLY", "Primacy_Agency": "MA", "Population_Served_Count": 41946, "Service_Connections_Count": 11151, "Service_Area_Type": "Residential Area", "Verification_Status": "Verified", "Area_SqKM": 47.27226843206698}, "geometry": {"type": "Point", "coordinates": [-71.81548772645696, 42.595722644446845]}}, {"type": "Feature", "properties": {"PWSID": "MA2034028", "PWS_Name": "SUNSET RIDGE CONDOMINIUMS", "Primacy_Agency": "MA", "Population_Served_Count": 42, "Service_Connections_Count": 28, "Service_Area_Type": "Residential Area", "Verification_Status": "Verified", "Area_SqKM": 0.0829635903925442}, "geometry": {"type": "Point", "coordinates": [-71.63565876540468, 42.42306894439062]}}, {"type": "Feature", "properties": {"PWSID": "MA2019000", "PWS_Name": "AYER DPW  WATER DIVISION", "Primacy_Agency": "MA", "Population_Served_Count": 8479, "Service_Connections_Count": 3340, "Service_Area_Type": "Residential Area", "Verification_Status": "Verified", "Area_SqKM": 20.951976953971457}, "geometry": {"type": "Point", "coordinates": [-71.55858326754154, 42.565125952871725]}}, {"type": "Feature", "properties": {"PWSID": "MA2140013", "PWS_Name": "BRIARWOOD TOWNHOMES", "Primacy_Agency": "MA", "Population_Served_Count": 40, "Service_Connections_Count": 21, "Service_Area_Type": "Residential Area", "Verification_Status": "Not Verified", "Area_SqKM": 0.186541689394854}, "geometry": {"type": "Point", "coordinates": [-72.01912093711339, 42.45720350000295]}}, {"type": "Feature", "properties": {"PWSID": "MA2141000", "PWS_Name": "HUDSON WATER SUPPLY", "Primacy_Agency": "MA", "Population_Served_Count": 20032, "Service_Connections_Count": 6017, "Service_Area_Type": "Residential Area", "Verification_Status": "Verified", "Area_SqKM": 30.51722963003514}, "geometry": {"type": "Point", "coordinates": [-71.54559752668347, 42.3894574799077]}}, {"type": "Feature", "properties": {"PWSID": "MA2147000", "PWS_Name": "LANCASTER WATER DEPARTMENT", "Primacy_Agency": "MA", "Population_Served_Count": 6000, "Service_Connections_Count": 1908, "Service_Area_Type": "Residential Area", "Verification_Status": "Verified", "Area_SqKM": 16.336269376925472}, "geometry": {"type": "Point", "coordinates": [-71.694278044115, 42.46036035981945]}}, {"type": "Feature", "properties": {"PWSID": "MA2028022", "PWS_Name": "HIGHLAND RIDGE CONDOMINIUMS", "Primacy_Agency": "MA", "Population_Served_Count": 132, "Service_Connections_Count": 33, "Service_Area_Type": "Residential Area", "Verification_Status": "Not Verified", "Area_SqKM": 0.12006875812201712}, "geometry": {"type": "Point", "coordinates": [-71.63524857989363, 42.391774713445685]}}, {"type": "Feature", "properties": {"PWSID": "MA2125016", "PWS_Name": "TRAIL RIDGE CONDOMINIUMS", "Primacy_Agency": "MA", "Population_Served_Count": 104, "Service_Connections_Count": 20, "Service_Area_Type": "Residential Area", "Verification_Status": "Verified", "Area_SqKM": 0.0995759570825717}, "geometry": {"type": "Point", "coordinates": [-71.53991198789366, 42.50792563448815]}}, {"type": "Feature", "properties": {"PWSID": "MA2125021", "PWS_Name": "AYER ROAD PROPERTIES LLC", "Primacy_Agency": "MA", "Population_Served_Count": 150, "Service_Connections_Count": 4, "Service_Area_Type": "Residential Area", "Verification_Status": "Verified", "Area_SqKM": 0.09697566750097164}, "geometry": {"type": "Point", "coordinates": [-71.58023421981966, 42.52674570243836]}}, {"type": "Feature", "properties": {"PWSID": "MA2125026", "PWS_Name": "CRAFTSMAN VILLAGE CONDOMINIUMS", "Primacy_Agency": "MA", "Population_Served_Count": 40, "Service_Connections_Count": 20, "Service_Area_Type": "Residential Area", "Verification_Status": "Not Verified", "Area_SqKM": 0.050422929100067355}, "geometry": {"type": "Point", "coordinates": [-71.57353657202889, 42.54840853987564]}}, {"type": "Feature", "properties": {"PWSID": "MA2134000", "PWS_Name": "HOLDEN WATER DIVISION, DPW", "Primacy_Agency": "MA", "Population_Served_Count": 17951, "Service_Connections_Count": 6504, "Service_Area_Type": "Residential Area", "Verification_Status": "Verified", "Area_SqKM": 33.52694852125646}, "geometry": {"type": "Point", "coordinates": [-71.85777954897898, 42.354604941024704]}}, {"type": "Feature", "properties": {"PWSID": "MA2054005", "PWS_Name": "CHARLTON MANOR REST HOME", "Primacy_Agency": "MA", "Population_Served_Count": 26, "Service_Connections_Count": 1, "Service_Area_Type": "Institution", "Verification_Status": "Not Verified", "Area_SqKM": 0.009072262288773674}, "geometry": {"type": "Point", "coordinates": [-71.93105932604115, 42.163307552256306]}}, {"type": "Feature", "properties": {"PWSID": "MA2110000", "PWS_Name": "GRAFTON WATER DISTRICT", "Primacy_Agency": "MA", "Population_Served_Count": 10925, "Service_Connections_Count": 4577, "Service_Area_Type": "Residential Area", "Verification_Status": "Verified", "Area_SqKM": 21.575697438840336}, "geometry": {"type": "Point", "coordinates": [-71.6903291763784, 42.2147695968748]}}, {"type": "Feature", "properties": {"PWSID": "MA2110001", "PWS_Name": "SOUTH GRAFTON WATER DISTRICT", "Primacy_Agency": "MA", "Population_Served_Count": 3262, "Service_Connections_Count": 942, "Service_Area_Type": "Residential Area", "Verification_Status": "Verified", "Area_SqKM": 2.9313084884338196}, "geometry": {"type": "Point", "coordinates": [-71.69171204044144, 42.17572220167958]}}, {"type": "Feature", "properties": {"PWSID": "MA2187000", "PWS_Name": "MILLIS WATER DEPT", "Primacy_Agency": "MA", "Population_Served_Count": 9002, "Service_Connections_Count": 3068, "Service_Area_Type": "Residential Area", "Verification_Status": "Verified", "Area_SqKM": 17.749278403087942}, "geometry": {"type": "Point", "coordinates": [-71.3588939511786, 42.16441903672338]}}, {"type": "Feature", "properties": {"PWSID": "MA2208000", "PWS_Name": "NORFOLK WATER DIVISION", "Primacy_Agency": "MA", "Population_Served_Count": 7602, "Service_Connections_Count": 2605, "Service_Area_Type": "Residential Area", "Verification_Status": "Verified", "Area_SqKM": 17.958257241976977}, "geometry": {"type": "Point", "coordinates": [-71.33629007619885, 42.11676312869122]}}, {"type": "Feature", "properties": {"PWSID": "MA2138000", "PWS_Name": "HOPEDALE WATER DEPARTMENT", "Primacy_Agency": "MA", "Population_Served_Count": 6017, "Service_Connections_Count": 2181, "Service_Area_Type": "Residential Area", "Verification_Status": "Verified", "Area_SqKM": 7.833716526794059}, "geometry": {"type": "Point", "coordinates": [-71.53803784530784, 42.120782632334894]}}, {"type": "Feature", "properties": {"PWSID": "MA2186000", "PWS_Name": "AQUARION WATER COMPANY, MILLBURY", "Primacy_Agency": "MA", "Population_Served_Count": 11326, "Service_Connections_Count": 3966, "Service_Area_Type": "Residential Area", "Verification_Status": "Verified", "Area_SqKM": 18.333796602580264}, "geometry": {"type": "Point", "coordinates": [-71.75893093912954, 42.2026411732811]}}, {"type": "Feature", "properties": {"PWSID": "MA2186001", "PWS_Name": "MILLBURY IND. PARK/ PARK HILL VILLAGE", "Primacy_Agency": "MA", "Population_Served_Count": 400, "Service_Connections_Count": 26, "Service_Area_Type": "Industrial/Agricultural", "Verification_Status": "Not Verified", "Area_SqKM": 0.026250953503796404}, "geometry": {"type": "Point", "coordinates": [-71.78487444955168, 42.191436265353055]}}, {"type": "Feature", "properties": {"PWSID": "MA2151000", "PWS_Name": "LEICESTER WATER SUPPLY DISTRICT", "Primacy_Agency": "MA", "Population_Served_Count": 3200, "Service_Connections_Count": 707, "Service_Area_Type": "Residential Area", "Verification_Status": "Verified", "Area_SqKM": 3.9227388382826045}, "geometry": {"type": "Point", "coordinates": [-71.91189063991646, 42.25045259878813]}}, {"type": "Feature", "properties": {"PWSID": "MA2151001", "PWS_Name": "CHERRY VALLEY/ ROCHDALE WATER DISTRICT", "Primacy_Agency": "MA", "Population_Served_Count": 3696, "Service_Connections_Count": 1249, "Service_Area_Type": "Residential Area", "Verification_Status": "Verified", "Area_SqKM": 4.735754002296815}, "geometry": {"type": "Point", "coordinates": [-71.8917737802069, 42.219617427592546]}}, {"type": "Feature", "properties": {"PWSID": "MA2151002", "PWS_Name": "HILLCREST WATER DISTRICT", "Primacy_Agency": "MA", "Population_Served_Count": 1500, "Service_Connections_Count": 393, "Service_Area_Type": "Residential Area", "Verification_Status": "Verified", "Area_SqKM": 1.1002408431439095}, "geometry": {"type": "Point", "coordinates": [-71.91285605412322, 42.226734385710614]}}, {"type": "Feature", "properties": {"PWSID": "MA2151009", "PWS_Name": "STAFFORDSHIRE COUNTRY ESTATES", "Primacy_Agency": "MA", "Population_Served_Count": 140, "Service_Connections_Count": 82, "Service_Area_Type": "Residential Area", "Verification_Status": "Not Verified", "Area_SqKM": 0.05662332557028447}, "geometry": {"type": "Point", "coordinates": [-71.8732166600375, 42.22190932666576]}}, {"type": "Feature", "properties": {"PWSID": "MA2153000", "PWS_Name": "LEOMINSTER WATER DIVISION", "Primacy_Agency": "MA", "Population_Served_Count": 41683, "Service_Connections_Count": 13553, "Service_Area_Type": "Residential Area", "Verification_Status": "Not Verified", "Area_SqKM": 44.492264380833774}, "geometry": {"type": "Point", "coordinates": [-71.76106502514165, 42.536221830198805]}}, {"type": "Feature", "properties": {"PWSID": "MA2158000", "PWS_Name": "LITTLETON WATER DEPARTMENT", "Primacy_Agency": "MA", "Population_Served_Count": 9611, "Service_Connections_Count": 3348, "Service_Area_Type": "Industrial/Agricultural", "Verification_Status": "Verified", "Area_SqKM": 21.39138433187185}, "geometry": {"type": "Point", "coordinates": [-71.48684125807497, 42.53628490074169]}}, {"type": "Feature", "properties": {"PWSID": "MA2162000", "PWS_Name": "LUNENBURG WATER DISTRICT", "Primacy_Agency": "MA", "Population_Served_Count": 7145, "Service_Connections_Count": 2515, "Service_Area_Type": "Residential Area", "Verification_Status": "Verified", "Area_SqKM": 16.940038349856838}, "geometry": {"type": "Point", "coordinates": [-71.71979054866121, 42.58742690052752]}}, {"type": "Feature", "properties": {"PWSID": "MA2170000", "PWS_Name": "MARLBOROUGH DPW  WATER DIV. (MWRA)", "Primacy_Agency": "MA", "Population_Served_Count": 41799, "Service_Connections_Count": 10920, "Service_Area_Type": "Residential Area", "Verification_Status": "Verified", "Area_SqKM": 39.50255222256844}, "geometry": {"type": "Point", "coordinates": [-71.5508912973631, 42.349163370790926]}}, {"type": "Feature", "properties": {"PWSID": "MA2290001", "PWS_Name": "MANCHAUG WATER DISTRICT OF SUTTON", "Primacy_Agency": "MA", "Population_Served_Count": 476, "Service_Connections_Count": 174, "Service_Area_Type": "Residential Area", "Verification_Status": "Verified", "Area_SqKM": 0.734030380533386}, "geometry": {"type": "Point", "coordinates": [-71.74709488809378, 42.09292809979756]}}, {"type": "Feature", "properties": {"PWSID": "MA2054040", "PWS_Name": "WOODLAND WALK APARTMENTS", "Primacy_Agency": "MA", "Population_Served_Count": 76, "Service_Connections_Count": 5, "Service_Area_Type": "Residential Area", "Verification_Status": "Not Verified", "Area_SqKM": 0.025333369250038543}, "geometry": {"type": "Point", "coordinates": [-72.0087097523342, 42.11236871618428]}}, {"type": "Feature", "properties": {"PWSID": "MA2054050", "PWS_Name": "CADY BROOK CROSSING CONDOMINIUMS", "Primacy_Agency": "MA", "Population_Served_Count": 75, "Service_Connections_Count": 32, "Service_Area_Type": "Residential Area", "Verification_Status": "Not Verified", "Area_SqKM": 0.12376944448062943}, "geometry": {"type": "Point", "coordinates": [-71.9983400876302, 42.14140418848139]}}, {"type": "Feature", "properties": {"PWSID": "MA2064000", "PWS_Name": "CLINTON WATER DEPT", "Primacy_Agency": "MA", "Population_Served_Count": 15530, "Service_Connections_Count": 4290, "Service_Area_Type": "Residential Area", "Verification_Status": "Verified", "Area_SqKM": 15.097449963063376}, "geometry": {"type": "Point", "coordinates": [-71.69731407580046, 42.40853276086293]}}, {"type": "Feature", "properties": {"PWSID": "MA2270009", "PWS_Name": "WOODLAND RIDGE", "Primacy_Agency": "MA", "Population_Served_Count": 125, "Service_Connections_Count": 28, "Service_Area_Type": "Residential Area", "Verification_Status": "Verified", "Area_SqKM": 0.13573705301264374}, "geometry": {"type": "Point", "coordinates": [-71.63476746597878, 42.603607590174605]}}, {"type": "Feature", "properties": {"PWSID": "MA2271000", "PWS_Name": "SHREWSBURY WATER DEPARTMENT", "Primacy_Agency": "MA", "Population_Served_Count": 38325, "Service_Connections_Count": 11896, "Service_Area_Type": "Residential Area", "Verification_Status": "Verified", "Area_SqKM": 38.504797373320095}, "geometry": {"type": "Point", "coordinates": [-71.71057273002117, 42.28180286398865]}}, {"type": "Feature", "properties": {"PWSID": "MA2290014", "PWS_Name": "WILKINSONVILLE WATER DISTRICT", "Primacy_Agency": "MA", "Population_Served_Count": 2773, "Service_Connections_Count": 1034, "Service_Area_Type": "Residential Area", "Verification_Status": "Verified", "Area_SqKM": 5.248772120234771}, "geometry": {"type": "Point", "coordinates": [-71.72027787534498, 42.16781850140137]}}, {"type": "Feature", "properties": {"PWSID": "MA2286024", "PWS_Name": "VILLAGES AT STOW", "Primacy_Agency": "MA", "Population_Served_Count": 300, "Service_Connections_Count": 96, "Service_Area_Type": "Residential Area", "Verification_Status": "Verified", "Area_SqKM": 0.1544094500701826}, "geometry": {"type": "Point", "coordinates": [-71.5333893057189, 42.43389738887152]}}, {"type": "Feature", "properties": {"PWSID": "MA2286026", "PWS_Name": "ARBOR GLEN CONDOMINIUMS", "Primacy_Agency": "MA", "Population_Served_Count": 132, "Service_Connections_Count": 68, "Service_Area_Type": "Homeowners Association", "Verification_Status": "Verified", "Area_SqKM": 0.1770774633223039}, "geometry": {"type": "Point", "coordinates": [-71.53476429570648, 42.42915818296886]}}, {"type": "Feature", "properties": {"PWSID": "MA2286031", "PWS_Name": "PILOT GROVE APARTMENTS II", "Primacy_Agency": "MA", "Population_Served_Count": 134, "Service_Connections_Count": 5, "Service_Area_Type": "Residential Area", "Verification_Status": "Verified", "Area_SqKM": 0.029577281997636904}, "geometry": {"type": "Point", "coordinates": [-71.50161118761709, 42.441812337435756]}}, {"type": "Feature", "properties": {"PWSID": "MA2286017", "PWS_Name": "ELIZABETH BROOK APARTMENTS", "Primacy_Agency": "MA", "Population_Served_Count": 54, "Service_Connections_Count": 50, "Service_Area_Type": "Other Residential", "Verification_Status": "Verified", "Area_SqKM": 0.04633171812320019}, "geometry": {"type": "Point", "coordinates": [-71.49765817906491, 42.432603148954996]}}, {"type": "Feature", "properties": {"PWSID": "MA2286018", "PWS_Name": "PILOT GROVE APARTMENTS", "Primacy_Agency": "MA", "Population_Served_Count": 175, "Service_Connections_Count": 61, "Service_Area_Type": "Residential Area", "Verification_Status": "Not Verified", "Area_SqKM": 0.0580713461604044}, "geometry": {"type": "Point", "coordinates": [-71.5028631272478, 42.43997106815661]}}, {"type": "Feature", "properties": {"PWSID": "MA3181000", "PWS_Name": "METHUEN WATER DEPT", "Primacy_Agency": "MA", "Population_Served_Count": 53059, "Service_Connections_Count": 15069, "Service_Area_Type": "Residential Area", "Verification_Status": "Verified", "Area_SqKM": 57.73248995606066}, "geometry": {"type": "Point", "coordinates": [-71.18895681485196, 42.722993479224144]}}, {"type": "Feature", "properties": {"PWSID": "MA3184000", "PWS_Name": "MIDDLETON WATER DEPT.", "Primacy_Agency": "MA", "Population_Served_Count": 7255, "Service_Connections_Count": 1957, "Service_Area_Type": "Residential Area", "Verification_Status": "Verified", "Area_SqKM": 11.334884771139187}, "geometry": {"type": "Point", "coordinates": [-71.01560874185405, 42.599451207942494]}}, {"type": "Feature", "properties": {"PWSID": "MA3189000", "PWS_Name": "MILTON WATER DEPT. (MWRA)", "Primacy_Agency": "MA", "Population_Served_Count": 28630, "Service_Connections_Count": 8584, "Service_Area_Type": "Residential Area", "Verification_Status": "Verified", "Area_SqKM": 22.05412432017649}, "geometry": {"type": "Point", "coordinates": [-71.08589265065655, 42.240035680743105]}}, {"type": "Feature", "properties": {"PWSID": "MA3198000", "PWS_Name": "NATICK WATER AND SEWER DIVISION", "Primacy_Agency": "MA", "Population_Served_Count": 37006, "Service_Connections_Count": 11142, "Service_Area_Type": "Residential Area", "Verification_Status": "Verified", "Area_SqKM": 36.33542981015958}, "geometry": {"type": "Point", "coordinates": [-71.34140299769844, 42.283926592207344]}}, {"type": "Feature", "properties": {"PWSID": "MA3205001", "PWS_Name": "BYFIELD WATER DISTRICT", "Primacy_Agency": "MA", "Population_Served_Count": 2228, "Service_Connections_Count": 857, "Service_Area_Type": "School", "Verification_Status": "Verified", "Area_SqKM": 9.71988073079816}, "geometry": {"type": "Point", "coordinates": [-70.9279203284599, 42.75653603889946]}}, {"type": "Feature", "properties": {"PWSID": "MA2215000", "PWS_Name": "NORTHBOROUGH WATER DEPARTMENT (MWRA)", "Primacy_Agency": "MA", "Population_Served_Count": 13535, "Service_Connections_Count": 4278, "Service_Area_Type": "Residential Area", "Verification_Status": "Verified", "Area_SqKM": 23.119812940507554}, "geometry": {"type": "Point", "coordinates": [-71.64579815872004, 42.32136700166527]}}, {"type": "Feature", "properties": {"PWSID": "MA2226007", "PWS_Name": "TORIA HEIGHTS CONDOMINIUM", "Primacy_Agency": "MA", "Population_Served_Count": 60, "Service_Connections_Count": 18, "Service_Area_Type": "Residential Area", "Verification_Status": "Verified", "Area_SqKM": 0.025854432570519364}, "geometry": {"type": "Point", "coordinates": [-71.88635051569322, 42.116304837553]}}, {"type": "Feature", "properties": {"PWSID": "MA2226008", "PWS_Name": "BUFFUMVILLE HEIGHTS ESTATES CONDOMINIUM", "Primacy_Agency": "MA", "Population_Served_Count": 40, "Service_Connections_Count": 20, "Service_Area_Type": "Residential Area", "Verification_Status": "Verified", "Area_SqKM": 0.0684673773355851}, "geometry": {"type": "Point", "coordinates": [-71.89933241495748, 42.11126811561171]}}, {"type": "Feature", "properties": {"PWSID": "MA2226009", "PWS_Name": "MAPLEBROOK APARTMENTS", "Primacy_Agency": "MA", "Population_Served_Count": 33, "Service_Connections_Count": 3, "Service_Area_Type": "Residential Area", "Verification_Status": "Not Verified", "Area_SqKM": 0.01270671454329034}, "geometry": {"type": "Point", "coordinates": [-71.88754777149543, 42.11654862875243]}}, {"type": "Feature", "properties": {"PWSID": "MA3078005", "PWS_Name": "MEADOWBROOK WATER TRUST", "Primacy_Agency": "MA", "Population_Served_Count": 57, "Service_Connections_Count": 27, "Service_Area_Type": "Residential Area", "Verification_Status": "Verified", "Area_SqKM": 0.1401540120055429}, "geometry": {"type": "Point", "coordinates": [-71.30481240169065, 42.266255106740815]}}, {"type": "Feature", "properties": {"PWSID": "MA3078006", "PWS_Name": "AQUARION WATER COMPANY (DOVER)", "Primacy_Agency": "MA", "Population_Served_Count": 1922, "Service_Connections_Count": 645, "Service_Area_Type": "Residential Area", "Verification_Status": "Verified", "Area_SqKM": 3.9974709405853126}, "geometry": {"type": "Point", "coordinates": [-71.27070139966013, 42.221277514581615]}}, {"type": "Feature", "properties": {"PWSID": "MA3009000", "PWS_Name": "ANDOVER WATER DEPT", "Primacy_Agency": "MA", "Population_Served_Count": 36569, "Service_Connections_Count": 10110, "Service_Area_Type": "Residential Area", "Verification_Status": "Verified", "Area_SqKM": 80.5574669386774}, "geometry": {"type": "Point", "coordinates": [-71.15589360461453, 42.64502268110335]}}, {"type": "Feature", "properties": {"PWSID": "MA3014000", "PWS_Name": "ASHLAND WATER AND SEWER DEPT.", "Primacy_Agency": "MA", "Population_Served_Count": 18832, "Service_Connections_Count": 7117, "Service_Area_Type": "Residential Area", "Verification_Status": "Verified", "Area_SqKM": 20.558899261903992}, "geometry": {"type": "Point", "coordinates": [-71.4776351116266, 42.260709554622174]}}, {"type": "Feature", "properties": {"PWSID": "MA2286033", "PWS_Name": "REGENCY AT STOW CONDOMINIUMS", "Primacy_Agency": "MA", "Population_Served_Count": 132, "Service_Connections_Count": 66, "Service_Area_Type": "Residential Area", "Verification_Status": "Not Verified", "Area_SqKM": 0.20899694119712375}, "geometry": {"type": "Point", "coordinates": [-71.51263835117113, 42.45407224096846]}}, {"type": "Feature", "properties": {"PWSID": "MA3078002", "PWS_Name": "GLEN RIDGE RESIDENTS TRUST", "Primacy_Agency": "MA", "Population_Served_Count": 135, "Service_Connections_Count": 44, "Service_Area_Type": "Institution", "Verification_Status": "Verified", "Area_SqKM": 0.40088746928074187}, "geometry": {"type": "Point", "coordinates": [-71.3231578104301, 42.241825458191805]}}, {"type": "Feature", "properties": {"PWSID": "MA2208001", "PWS_Name": "MCI NORFOLK/CEDAR JUNCTION/WALPOLE", "Primacy_Agency": "MA", "Population_Served_Count": 2200, "Service_Connections_Count": 12, "Service_Area_Type": "Institution", "Verification_Status": "Verified", "Area_SqKM": 4.045476246297904}, "geometry": {"type": "Point", "coordinates": [-71.30433829456884, 42.10793679390831]}}, {"type": "Feature", "properties": {"PWSID": "MA2115001", "PWS_Name": "WEST GROTON WATER SUPPLY DISTRICT", "Primacy_Agency": "MA", "Population_Served_Count": 1853, "Service_Connections_Count": 664, "Service_Area_Type": "Residential Area", "Verification_Status": "Verified", "Area_SqKM": 5.035449227806896}, "geometry": {"type": "Point", "coordinates": [-71.63600049594903, 42.62326324555507]}}, {"type": "Feature", "properties": {"PWSID": "MA2115009", "PWS_Name": "STILL MEADOW VILLAGE CONDOMINIUMS", "Primacy_Agency": "MA", "Population_Served_Count": 50, "Service_Connections_Count": 10, "Service_Area_Type": "Residential Area", "Verification_Status": "Verified", "Area_SqKM": 0.020593150608464773}, "geometry": {"type": "Point", "coordinates": [-71.56052053617762, 42.64999166105922]}}, {"type": "Feature", "properties": {"PWSID": "MA2125000", "PWS_Name": "HARVARD WATER DEPARTMENT", "Primacy_Agency": "MA", "Population_Served_Count": 1422, "Service_Connections_Count": 99, "Service_Area_Type": "Residential Area", "Verification_Status": "Verified", "Area_SqKM": 0.5890546817332426}, "geometry": {"type": "Point", "coordinates": [-71.58403319536188, 42.497929226081375]}}, {"type": "Feature", "properties": {"PWSID": "MA2125013", "PWS_Name": "FOXGLOVE APARTMENTS", "Primacy_Agency": "MA", "Population_Served_Count": 40, "Service_Connections_Count": 1, "Service_Area_Type": "Residential Area", "Verification_Status": "Verified", "Area_SqKM": 0.012745036371513075}, "geometry": {"type": "Point", "coordinates": [-71.57775088333923, 42.53362381117753]}}, {"type": "Feature", "properties": {"PWSID": "MA2125014", "PWS_Name": "HARVARD GREEN CONDOMINIUMS", "Primacy_Agency": "MA", "Population_Served_Count": 150, "Service_Connections_Count": 35, "Service_Area_Type": "Residential Area", "Verification_Status": "Not Verified", "Area_SqKM": 0.09471317336008227}, "geometry": {"type": "Point", "coordinates": [-71.58296679995553, 42.52715632852321]}}, {"type": "Feature", "properties": {"PWSID": "MA2174000", "PWS_Name": "MAYNARD DPW, WATER DIVISION", "Primacy_Agency": "MA", "Population_Served_Count": 10401, "Service_Connections_Count": 3906, "Service_Area_Type": "Residential Area", "Verification_Status": "Verified", "Area_SqKM": 10.303845363335157}, "geometry": {"type": "Point", "coordinates": [-71.44623152197872, 42.431233775645566]}}, {"type": "Feature", "properties": {"PWSID": "MA2175000", "PWS_Name": "MEDFIELD WATER DEPT.", "Primacy_Agency": "MA", "Population_Served_Count": 12894, "Service_Connections_Count": 4128, "Service_Area_Type": "Residential Area", "Verification_Status": "Verified", "Area_SqKM": 22.495405191764142}, "geometry": {"type": "Point", "coordinates": [-71.30329649966738, 42.185623783231044]}}, {"type": "Feature", "properties": {"PWSID": "MA2177000", "PWS_Name": "MEDWAY WATER DEPARTMENT", "Primacy_Agency": "MA", "Population_Served_Count": 13115, "Service_Connections_Count": 3852, "Service_Area_Type": "Residential Area", "Verification_Status": "Verified", "Area_SqKM": 17.475404978885404}, "geometry": {"type": "Point", "coordinates": [-71.42921807959948, 42.14951800266216]}}, {"type": "Feature", "properties": {"PWSID": "MA2147008", "PWS_Name": "LANCASTER WOODS CONDOMINIUMS", "Primacy_Agency": "MA", "Population_Served_Count": 120, "Service_Connections_Count": 30, "Service_Area_Type": "Residential Area", "Verification_Status": "Verified", "Area_SqKM": 0.06121436813491105}, "geometry": {"type": "Point", "coordinates": [-71.69538842747725, 42.521570618156396]}}, {"type": "Feature", "properties": {"PWSID": "MA2179000", "PWS_Name": "MENDON WATER DEPARTMENT", "Primacy_Agency": "MA", "Population_Served_Count": 470, "Service_Connections_Count": 153, "Service_Area_Type": "Residential Area", "Verification_Status": "Verified", "Area_SqKM": 0.6604754876172351}, "geometry": {"type": "Point", "coordinates": [-71.50907634205173, 42.09627102770384]}}, {"type": "Feature", "properties": {"PWSID": "MA2136000", "PWS_Name": "HOLLISTON WATER DEPARTMENT", "Primacy_Agency": "MA", "Population_Served_Count": 15713, "Service_Connections_Count": 5002, "Service_Area_Type": "Residential Area", "Verification_Status": "Verified", "Area_SqKM": 35.59910940520048}, "geometry": {"type": "Point", "coordinates": [-71.43427013700536, 42.20013060376821]}}, {"type": "Feature", "properties": {"PWSID": "MA2280002", "PWS_Name": "SAINT JOSEPHS ABBEY", "Primacy_Agency": "MA", "Population_Served_Count": 45, "Service_Connections_Count": 6, "Service_Area_Type": "Residential Area", "Verification_Status": "Verified", "Area_SqKM": 5.660372291263226}, "geometry": {"type": "Point", "coordinates": [-72.00608386985037, 42.29775458557084]}}, {"type": "Feature", "properties": {"PWSID": "MA2226011", "PWS_Name": "PINEWOOD ON THE GREEN CONDOS", "Primacy_Agency": "MA", "Population_Served_Count": 50, "Service_Connections_Count": 12, "Service_Area_Type": "Residential Area", "Verification_Status": "Verified", "Area_SqKM": 0.0553248907360859}, "geometry": {"type": "Point", "coordinates": [-71.90541553170746, 42.18614680536801]}}, {"type": "Feature", "properties": {"PWSID": "MA2228000", "PWS_Name": "PAXTON WATER DEPARTMENT", "Primacy_Agency": "MA", "Population_Served_Count": 4300, "Service_Connections_Count": 1341, "Service_Area_Type": "Residential Area", "Verification_Status": "Verified", "Area_SqKM": 13.34271466527944}, "geometry": {"type": "Point", "coordinates": [-71.92103056595211, 42.303359443316445]}}, {"type": "Feature", "properties": {"PWSID": "MA2232000", "PWS_Name": "PEPPERELL DPW WATER DIVISION", "Primacy_Agency": "MA", "Population_Served_Count": 9217, "Service_Connections_Count": 3239, "Service_Area_Type": "Residential Area", "Verification_Status": "Verified", "Area_SqKM": 42.08470146350246}, "geometry": {"type": "Point", "coordinates": [-71.59804457220994, 42.673723501978024]}}, {"type": "Feature", "properties": {"PWSID": "MA2257000", "PWS_Name": "RUTLAND WATER DEPARTMENT", "Primacy_Agency": "MA", "Population_Served_Count": 5605, "Service_Connections_Count": 1741, "Service_Area_Type": "Residential Area", "Verification_Status": "Verified", "Area_SqKM": 6.710557547274109}, "geometry": {"type": "Point", "coordinates": [-71.9553797973025, 42.38002764762154]}}, {"type": "Feature", "properties": {"PWSID": "MA2332000", "PWS_Name": "WESTMINSTER DEPARTMENT OF PUBLIC WORKS", "Primacy_Agency": "MA", "Population_Served_Count": 3741, "Service_Connections_Count": 1318, "Service_Area_Type": "Residential Area", "Verification_Status": "Verified", "Area_SqKM": 12.196436941390553}, "geometry": {"type": "Point", "coordinates": [-71.90000672878851, 42.55019159971507]}}, {"type": "Feature", "properties": {"PWSID": "MA2332001", "PWS_Name": "HOLMES PARK WATER DISTRICT", "Primacy_Agency": "MA", "Population_Served_Count": 131, "Service_Connections_Count": 49, "Service_Area_Type": "Residential Area", "Verification_Status": "Verified", "Area_SqKM": 0.08636302756017153}, "geometry": {"type": "Point", "coordinates": [-71.95893421981074, 42.54864154810691]}}, {"type": "Feature", "properties": {"PWSID": "MA2332005", "PWS_Name": "LEINO PARK WATER DISTRICT", "Primacy_Agency": "MA", "Population_Served_Count": 120, "Service_Connections_Count": 59, "Service_Area_Type": "Residential Area", "Verification_Status": "Verified", "Area_SqKM": 0.23119641520743098}, "geometry": {"type": "Point", "coordinates": [-71.87684851526289, 42.52554485961714]}}, {"type": "Feature", "properties": {"PWSID": "MA3007000", "PWS_Name": "AMESBURY DPW  WATER DIV.", "Primacy_Agency": "MA", "Population_Served_Count": 17366, "Service_Connections_Count": 6383, "Service_Area_Type": "Residential Area", "Verification_Status": "Verified", "Area_SqKM": 16.894630806761803}, "geometry": {"type": "Point", "coordinates": [-70.94480727951071, 42.84967230831559]}}, {"type": "Feature", "properties": {"PWSID": "MA2216006", "PWS_Name": "NORTHBRIDGE WATER DIVISION", "Primacy_Agency": "MA", "Population_Served_Count": 7889, "Service_Connections_Count": 2514, "Service_Area_Type": "Residential Area", "Verification_Status": "Verified", "Area_SqKM": 16.69367231165433}, "geometry": {"type": "Point", "coordinates": [-71.65489718681974, 42.13733248021132]}}, {"type": "Feature", "properties": {"PWSID": "MA2226000", "PWS_Name": "AQUARION WATER COMPANY OXFORD", "Primacy_Agency": "MA", "Population_Served_Count": 7343, "Service_Connections_Count": 2656, "Service_Area_Type": "Residential Area", "Verification_Status": "Verified", "Area_SqKM": 15.945150478252566}, "geometry": {"type": "Point", "coordinates": [-71.86637517466639, 42.12127171081574]}}, {"type": "Feature", "properties": {"PWSID": "MA2343000", "PWS_Name": "WINCHENDON WATER DEPARTMENT", "Primacy_Agency": "MA", "Population_Served_Count": 5706, "Service_Connections_Count": 2116, "Service_Area_Type": "Residential Area", "Verification_Status": "Verified", "Area_SqKM": 12.2437920928387}, "geometry": {"type": "Point", "coordinates": [-72.04452746193839, 42.67758481571108]}}, {"type": "Feature", "properties": {"PWSID": "MA2286000", "PWS_Name": "JUNIPER HILL WATER COMPANY", "Primacy_Agency": "MA", "Population_Served_Count": 220, "Service_Connections_Count": 74, "Service_Area_Type": "Residential Area", "Verification_Status": "Verified", "Area_SqKM": 0.3556342001555592}, "geometry": {"type": "Point", "coordinates": [-71.50703246478709, 42.42473999596577]}}, {"type": "Feature", "properties": {"PWSID": "MA2286012", "PWS_Name": "THE MEETING HOUSE @ STOW CONDO", "Primacy_Agency": "MA", "Population_Served_Count": 92, "Service_Connections_Count": 1, "Service_Area_Type": "Residential Area", "Verification_Status": "Verified", "Area_SqKM": 0.0643486932465145}, "geometry": {"type": "Point", "coordinates": [-71.48920101990939, 42.436130231502226]}}, {"type": "Feature", "properties": {"PWSID": "MA3301027", "PWS_Name": "400 DUNSTABLE ROAD (PINE KNOLL)", "Primacy_Agency": "MA", "Population_Served_Count": 30, "Service_Connections_Count": 1, "Service_Area_Type": "Residential Area", "Verification_Status": "Not Verified", "Area_SqKM": 0.006869192665295743}, "geometry": {"type": "Point", "coordinates": [-71.43234485364181, 42.6548507460507]}}, {"type": "Feature", "properties": {"PWSID": "MA3116000", "PWS_Name": "GROVELAND WATER DEPARTMENT", "Primacy_Agency": "MA", "Population_Served_Count": 6743, "Service_Connections_Count": 2000, "Service_Area_Type": "Residential Area", "Verification_Status": "Verified", "Area_SqKM": 6.982630688937506}, "geometry": {"type": "Point", "coordinates": [-71.02115364080426, 42.75343185045438]}}, {"type": "Feature", "properties": {"PWSID": "MA3128000", "PWS_Name": "HAVERHILL WATER DEPT", "Primacy_Agency": "MA", "Population_Served_Count": 63235, "Service_Connections_Count": 17996, "Service_Area_Type": "Residential Area", "Verification_Status": "Verified", "Area_SqKM": 71.49165560310793}, "geometry": {"type": "Point", "coordinates": [-71.09751252022775, 42.78338633999182]}}, {"type": "Feature", "properties": {"PWSID": "MA3149000", "PWS_Name": "LAWRENCE WATER WORKS", "Primacy_Agency": "MA", "Population_Served_Count": 88877, "Service_Connections_Count": 12754, "Service_Area_Type": "Residential Area", "Verification_Status": "Verified", "Area_SqKM": 18.13815843881339}, "geometry": {"type": "Point", "coordinates": [-71.15761752870664, 42.700425111695395]}}, {"type": "Feature", "properties": {"PWSID": "MA3157000", "PWS_Name": "LINCOLN WATER DEPT", "Primacy_Agency": "MA", "Population_Served_Count": 5593, "Service_Connections_Count": 1874, "Service_Area_Type": "Residential Area", "Verification_Status": "Verified", "Area_SqKM": 27.565638040628865}, "geometry": {"type": "Point", "coordinates": [-71.31290943249701, 42.42426455510889]}}, {"type": "Feature", "properties": {"PWSID": "MA3157001", "PWS_Name": "HANSCOM FAMILY HOUSING (LANDINGS)", "Primacy_Agency": "MA", "Population_Served_Count": 3067, "Service_Connections_Count": 260, "Service_Area_Type": "Residential Area", "Verification_Status": "Verified", "Area_SqKM": 0.7368505623496122}, "geometry": {"type": "Point", "coordinates": [-71.27943215412826, 42.4535493417664]}}, {"type": "Feature", "properties": {"PWSID": "MA2328000", "PWS_Name": "WESTBOROUGH WATER DEPARTMENT", "Primacy_Agency": "MA", "Population_Served_Count": 21567, "Service_Connections_Count": 5439, "Service_Area_Type": "Other Area", "Verification_Status": "Verified", "Area_SqKM": 45.5898197281021}, "geometry": {"type": "Point", "coordinates": [-71.60996920585575, 42.286814395808285]}}, {"type": "Feature", "properties": {"PWSID": "MA3023000", "PWS_Name": "BEDFORD WATER DEPT.", "Primacy_Agency": "MA", "Population_Served_Count": 14394, "Service_Connections_Count": 4805, "Service_Area_Type": "Residential Area", "Verification_Status": "Verified", "Area_SqKM": 28.23885420659729}, "geometry": {"type": "Point", "coordinates": [-71.28552774287711, 42.5020820577402]}}, {"type": "Feature", "properties": {"PWSID": "MA2299000", "PWS_Name": "TOWNSEND WATER DEPARTMENT", "Primacy_Agency": "MA", "Population_Served_Count": 6500, "Service_Connections_Count": 2092, "Service_Area_Type": "Residential Area", "Verification_Status": "Verified", "Area_SqKM": 9.462993179261522}, "geometry": {"type": "Point", "coordinates": [-71.71268198359465, 42.661872949989935]}}, {"type": "Feature", "properties": {"PWSID": "MA3165000", "PWS_Name": "MALDEN WATER DIVISION (MWRA)", "Primacy_Agency": "MA", "Population_Served_Count": 66263, "Service_Connections_Count": 11855, "Service_Area_Type": "Residential Area", "Verification_Status": "Verified", "Area_SqKM": 13.127478251909984}, "geometry": {"type": "Point", "coordinates": [-71.0701876748389, 42.41778199944373]}}, {"type": "Feature", "properties": {"PWSID": "MA3180000", "PWS_Name": "MERRIMAC WATER DEPARTMENT", "Primacy_Agency": "MA", "Population_Served_Count": 7193, "Service_Connections_Count": 1980, "Service_Area_Type": "Residential Area", "Verification_Status": "Verified", "Area_SqKM": 6.296042927013982}, "geometry": {"type": "Point", "coordinates": [-71.00876532138102, 42.83608303090704]}}, {"type": "Feature", "properties": {"PWSID": "MA3078008", "PWS_Name": "AQUARION WATER CO. (SPRINGDALE FARMS)", "Primacy_Agency": "MA", "Population_Served_Count": 126, "Service_Connections_Count": 42, "Service_Area_Type": "Residential Area", "Verification_Status": "Verified", "Area_SqKM": 0.11319397553861182}, "geometry": {"type": "Point", "coordinates": [-71.28672366603404, 42.244048231947886]}}, {"type": "Feature", "properties": {"PWSID": "MA3079000", "PWS_Name": "DRACUT WATER SUPPLY DISTRICT", "Primacy_Agency": "MA", "Population_Served_Count": 25789, "Service_Connections_Count": 7659, "Service_Area_Type": "Residential Area", "Verification_Status": "Verified", "Area_SqKM": 25.828152808330273}, "geometry": {"type": "Point", "coordinates": [-71.34843072794776, 42.68426054221539]}}, {"type": "Feature", "properties": {"PWSID": "MA3079001", "PWS_Name": "KENWOOD WATER DISTRICT", "Primacy_Agency": "MA", "Population_Served_Count": 9620, "Service_Connections_Count": 2095, "Service_Area_Type": "Residential Area", "Verification_Status": "Verified", "Area_SqKM": 12.81706498403793}, "geometry": {"type": "Point", "coordinates": [-71.26303436301438, 42.68136620477609]}}, {"type": "Feature", "properties": {"PWSID": "MA3100000", "PWS_Name": "FRAMINGHAM WATER DEPT. (MWRA)", "Primacy_Agency": "MA", "Population_Served_Count": 72362, "Service_Connections_Count": 18112, "Service_Area_Type": "Residential Area", "Verification_Status": "Verified", "Area_SqKM": 54.924729839111194}, "geometry": {"type": "Point", "coordinates": [-71.4347267779653, 42.307061477894486]}}, {"type": "Feature", "properties": {"PWSID": "MA3023002", "PWS_Name": "HANSCOM AFB", "Primacy_Agency": "MA", "Population_Served_Count": 11789, "Service_Connections_Count": 201, "Service_Area_Type": "Other Area", "Verification_Status": "Verified", "Area_SqKM": 2.5204310605334372}, "geometry": {"type": "Point", "coordinates": [-71.27647624164047, 42.46399437217585]}}, {"type": "Feature", "properties": {"PWSID": "MA2303000", "PWS_Name": "UPTON DPW WATER/WASTEWATER DIVISION", "Primacy_Agency": "MA", "Population_Served_Count": 4420, "Service_Connections_Count": 1612, "Service_Area_Type": "Residential Area", "Verification_Status": "Verified", "Area_SqKM": 10.688212341149129}, "geometry": {"type": "Point", "coordinates": [-71.60933142956797, 42.172361585360655]}}, {"type": "Feature", "properties": {"PWSID": "MA2303004", "PWS_Name": "ROCKWOOD MEADOWS", "Primacy_Agency": "MA", "Population_Served_Count": 110, "Service_Connections_Count": 63, "Service_Area_Type": "Residential Area", "Verification_Status": "Verified", "Area_SqKM": 0.19085814044144972}, "geometry": {"type": "Point", "coordinates": [-71.5687991272783, 42.19180686778285]}}, {"type": "Feature", "properties": {"PWSID": "MA2304000", "PWS_Name": "UXBRIDGE DPW,  WATER DIVISION", "Primacy_Agency": "MA", "Population_Served_Count": 11525, "Service_Connections_Count": 3707, "Service_Area_Type": "Residential Area", "Verification_Status": "Verified", "Area_SqKM": 20.35780184184806}, "geometry": {"type": "Point", "coordinates": [-71.62887436454699, 42.08064141877893]}}, {"type": "Feature", "properties": {"PWSID": "MA2139008", "PWS_Name": "THE PRESERVE AT HOPKINTON CONDO", "Primacy_Agency": "MA", "Population_Served_Count": 80, "Service_Connections_Count": 8, "Service_Area_Type": "Residential Area", "Verification_Status": "Verified", "Area_SqKM": 0.09267511423875222}, "geometry": {"type": "Point", "coordinates": [-71.52770722914104, 42.26177590839779]}}, {"type": "Feature", "properties": {"PWSID": "MA2139010", "PWS_Name": "ESTATES AT HIGHLAND RIDGE", "Primacy_Agency": "MA", "Population_Served_Count": 100, "Service_Connections_Count": 39, "Service_Area_Type": "Residential Area", "Verification_Status": "Verified", "Area_SqKM": 0.35872581658694597}, "geometry": {"type": "Point", "coordinates": [-71.53633098242321, 42.25768465948436]}}, {"type": "Feature", "properties": {"PWSID": "MA2139011", "PWS_Name": "MAILLET WOODS CONDOMINIUMS", "Primacy_Agency": "MA", "Population_Served_Count": 55, "Service_Connections_Count": 15, "Service_Area_Type": "Residential Area", "Verification_Status": "Verified", "Area_SqKM": 0.0951645107021547}, "geometry": {"type": "Point", "coordinates": [-71.53519898775603, 42.25712118749577]}}, {"type": "Feature", "properties": {"PWSID": "MA2140010", "PWS_Name": "HUBBARDSTON HOUSE APARTMENTS", "Primacy_Agency": "MA", "Population_Served_Count": 40, "Service_Connections_Count": 2, "Service_Area_Type": "Institution", "Verification_Status": "Verified", "Area_SqKM": 0.016201520559789434}, "geometry": {"type": "Point", "coordinates": [-71.99592536672438, 42.46829525244157]}}, {"type": "Feature", "properties": {"PWSID": "MA2140011", "PWS_Name": "SILVERLEAF HOLLOW CONDOMINIUMS", "Primacy_Agency": "MA", "Population_Served_Count": 40, "Service_Connections_Count": 20, "Service_Area_Type": "Residential Area", "Verification_Status": "Not Verified", "Area_SqKM": 0.1893452118058834}, "geometry": {"type": "Point", "coordinates": [-71.99981039746854, 42.525376864984665]}}, {"type": "Feature", "properties": {"PWSID": "MA2277000", "PWS_Name": "SOUTHBOROUGH DPW WATER DIVISION (MWRA)", "Primacy_Agency": "MA", "Population_Served_Count": 10514, "Service_Connections_Count": 3337, "Service_Area_Type": "Residential Area", "Verification_Status": "Not Verified", "Area_SqKM": 35.086607029656214}, "geometry": {"type": "Point", "coordinates": [-71.528194599059, 42.28539584248887]}}, {"type": "Feature", "properties": {"PWSID": "MA2278000", "PWS_Name": "SOUTHBRIDGE WATER DEPARTMENT", "Primacy_Agency": "MA", "Population_Served_Count": 19180, "Service_Connections_Count": 4574, "Service_Area_Type": "Residential Area", "Verification_Status": "Verified", "Area_SqKM": 24.803723686251338}, "geometry": {"type": "Point", "coordinates": [-72.02618571687461, 42.065136942631085]}}, {"type": "Feature", "properties": {"PWSID": "MA2280000", "PWS_Name": "SPENCER WATER DEPARTMENT", "Primacy_Agency": "MA", "Population_Served_Count": 7037, "Service_Connections_Count": 1887, "Service_Area_Type": "Residential Area", "Verification_Status": "Not Verified", "Area_SqKM": 15.440108880321576}, "geometry": {"type": "Point", "coordinates": [-71.99943371122343, 42.24338505625948]}}, {"type": "Feature", "properties": {"PWSID": "MA2179001", "PWS_Name": "MENDON HOUSING AUTHORITY", "Primacy_Agency": "MA", "Population_Served_Count": 31, "Service_Connections_Count": 6, "Service_Area_Type": "Residential Area", "Verification_Status": "Verified", "Area_SqKM": 0.04126651863020416}, "geometry": {"type": "Point", "coordinates": [-71.55207130498562, 42.10403891243184]}}, {"type": "Feature", "properties": {"PWSID": "MA2185000", "PWS_Name": "MILFORD WATER DEPARTMENT", "Primacy_Agency": "MA", "Population_Served_Count": 30379, "Service_Connections_Count": 9335, "Service_Area_Type": "Residential Area", "Verification_Status": "Verified", "Area_SqKM": 30.811132617161675}, "geometry": {"type": "Point", "coordinates": [-71.52892573574309, 42.15820915987171]}}, {"type": "Feature", "properties": {"PWSID": "MA3067000", "PWS_Name": "CONCORD WATER DEPT", "Primacy_Agency": "MA", "Population_Served_Count": 18788, "Service_Connections_Count": 5710, "Service_Area_Type": "Residential Area", "Verification_Status": "Not Verified", "Area_SqKM": 45.54091725103732}, "geometry": {"type": "Point", "coordinates": [-71.37356310332537, 42.468862279864624]}}, {"type": "Feature", "properties": {"PWSID": "MA3073000", "PWS_Name": "DEDHAM WESTWOOD WATER DIST.", "Primacy_Agency": "MA", "Population_Served_Count": 41630, "Service_Connections_Count": 13313, "Service_Area_Type": "Residential Area", "Verification_Status": "Verified", "Area_SqKM": 56.62479219574201}, "geometry": {"type": "Point", "coordinates": [-71.2085755024859, 42.21539525167742]}}, {"type": "Feature", "properties": {"PWSID": "MA3078001", "PWS_Name": "OLD FARM ROAD WATER TRUST", "Primacy_Agency": "MA", "Population_Served_Count": 40, "Service_Connections_Count": 15, "Service_Area_Type": "Residential Area", "Verification_Status": "Verified", "Area_SqKM": 0.08272189856353965}, "geometry": {"type": "Point", "coordinates": [-71.27256728522512, 42.24185784859166]}}, {"type": "Feature", "properties": {"PWSID": "MA3163000", "PWS_Name": "LYNN WATER AND SEWER COMM", "Primacy_Agency": "MA", "Population_Served_Count": 101253, "Service_Connections_Count": 21169, "Service_Area_Type": "Residential Area", "Verification_Status": "Verified", "Area_SqKM": 22.114642039449166}, "geometry": {"type": "Point", "coordinates": [-70.96977205262077, 42.46863201242732]}}, {"type": "Feature", "properties": {"PWSID": "MA3164000", "PWS_Name": "LYNNFIELD CENTER WATER DISTRICT", "Primacy_Agency": "MA", "Population_Served_Count": 8569, "Service_Connections_Count": 2742, "Service_Area_Type": "Residential Area", "Verification_Status": "Verified", "Area_SqKM": 18.955309487939804}, "geometry": {"type": "Point", "coordinates": [-71.05183455509012, 42.54767115544817]}}, {"type": "Feature", "properties": {"PWSID": "MA3164001", "PWS_Name": "LYNNFIELD WATER DIST. (MWRA)", "Primacy_Agency": "MA", "Population_Served_Count": 4820, "Service_Connections_Count": 1477, "Service_Area_Type": "Other Area", "Verification_Status": "Verified", "Area_SqKM": 7.485855411727058}, "geometry": {"type": "Point", "coordinates": [-71.02711731275365, 42.51344797625209]}}, {"type": "Feature", "properties": {"PWSID": "MA3262000", "PWS_Name": "SAUGUS WATER DEPT. (MWRA)", "Primacy_Agency": "MA", "Population_Served_Count": 27082, "Service_Connections_Count": 9690, "Service_Area_Type": "Residential Area", "Verification_Status": "Verified", "Area_SqKM": 17.870799788180896}, "geometry": {"type": "Point", "coordinates": [-71.01708357609571, 42.47145791482385]}}, {"type": "Feature", "properties": {"PWSID": "MA3269002", "PWS_Name": "WOODHAVEN ELDER HOUSING COMMITTEE", "Primacy_Agency": "MA", "Population_Served_Count": 30, "Service_Connections_Count": 3, "Service_Area_Type": "Residential Area", "Verification_Status": "Verified", "Area_SqKM": 0.012020839696136515}, "geometry": {"type": "Point", "coordinates": [-71.36844751606421, 42.24237238432982]}}, {"type": "Feature", "properties": {"PWSID": "MA3269028", "PWS_Name": "LELAND FARMS", "Primacy_Agency": "MA", "Population_Served_Count": 25, "Service_Connections_Count": 17, "Service_Area_Type": "Residential Area", "Verification_Status": "Verified", "Area_SqKM": 0.021348523555297358}, "geometry": {"type": "Point", "coordinates": [-71.36926125546077, 42.241622561222954]}}, {"type": "Feature", "properties": {"PWSID": "MA3288000", "PWS_Name": "SUDBURY WATER DISTRICT", "Primacy_Agency": "MA", "Population_Served_Count": 18416, "Service_Connections_Count": 6288, "Service_Area_Type": "Residential Area", "Verification_Status": "Verified", "Area_SqKM": 51.29050119936698}, "geometry": {"type": "Point", "coordinates": [-71.41205905541364, 42.36156773588787]}}, {"type": "Feature", "properties": {"PWSID": "MA3295000", "PWS_Name": "TEWKSBURY WATER DEPARTMENT", "Primacy_Agency": "MA", "Population_Served_Count": 31342, "Service_Connections_Count": 10336, "Service_Area_Type": "Residential Area", "Verification_Status": "Verified", "Area_SqKM": 37.092554090527805}, "geometry": {"type": "Point", "coordinates": [-71.22466444520694, 42.61180582978369]}}, {"type": "Feature", "properties": {"PWSID": "MA3048000", "PWS_Name": "BURLINGTON WATER DEPT", "Primacy_Agency": "MA", "Population_Served_Count": 26680, "Service_Connections_Count": 9403, "Service_Area_Type": "Residential Area", "Verification_Status": "Verified", "Area_SqKM": 27.9864770186563}, "geometry": {"type": "Point", "coordinates": [-71.19692281755967, 42.505735576746154]}}, {"type": "Feature", "properties": {"PWSID": "MA3051021", "PWS_Name": "BENFIELD FARMS", "Primacy_Agency": "MA", "Population_Served_Count": 50, "Service_Connections_Count": 26, "Service_Area_Type": "Residential Area", "Verification_Status": "Verified", "Area_SqKM": 0.01668544058417013}, "geometry": {"type": "Point", "coordinates": [-71.38098962137516, 42.510598292803856]}}, {"type": "Feature", "properties": {"PWSID": "MA3105000", "PWS_Name": "GEORGETOWN WATER DEPARTMENT", "Primacy_Agency": "MA", "Population_Served_Count": 8766, "Service_Connections_Count": 2860, "Service_Area_Type": "Other Area", "Verification_Status": "Verified", "Area_SqKM": 16.30156056929875}, "geometry": {"type": "Point", "coordinates": [-70.98069639763251, 42.726089286438835]}}, {"type": "Feature", "properties": {"PWSID": "MA3301000", "PWS_Name": "TYNGSBOROUGH WATER DISTRICT", "Primacy_Agency": "MA", "Population_Served_Count": 4382, "Service_Connections_Count": 1270, "Service_Area_Type": "Residential Area", "Verification_Status": "Verified", "Area_SqKM": 7.132167118429651}, "geometry": {"type": "Point", "coordinates": [-71.42665065189867, 42.66102653873089]}}, {"type": "Feature", "properties": {"PWSID": "MA3301002", "PWS_Name": "RIVER CROSSING CONDOMINIUM", "Primacy_Agency": "MA", "Population_Served_Count": 150, "Service_Connections_Count": 1, "Service_Area_Type": "Residential Area", "Verification_Status": "Verified", "Area_SqKM": 0.034126559958687436}, "geometry": {"type": "Point", "coordinates": [-71.4141240132732, 42.6747804264007]}}, {"type": "Feature", "properties": {"PWSID": "MA3301008", "PWS_Name": "BENCHMARK CONDOMINIUMS", "Primacy_Agency": "MA", "Population_Served_Count": 60, "Service_Connections_Count": 6, "Service_Area_Type": "Homeowners Association", "Verification_Status": "Verified", "Area_SqKM": 0.08743061630344932}, "geometry": {"type": "Point", "coordinates": [-71.41084269653136, 42.674217589313265]}}, {"type": "Feature", "properties": {"PWSID": "MA3301020", "PWS_Name": "COLONY HEIGHTS CONDOMINIUM", "Primacy_Agency": "MA", "Population_Served_Count": 120, "Service_Connections_Count": 40, "Service_Area_Type": "Residential Area", "Verification_Status": "Verified", "Area_SqKM": 0.06881091612431348}, "geometry": {"type": "Point", "coordinates": [-71.41489614785141, 42.6719353917918]}}, {"type": "Feature", "properties": {"PWSID": "MA4050000", "PWS_Name": "CANTON WATER DEPT", "Primacy_Agency": "MA", "Population_Served_Count": 22453, "Service_Connections_Count": 7259, "Service_Area_Type": "Residential Area", "Verification_Status": "Verified", "Area_SqKM": 26.696772025163884}, "geometry": {"type": "Point", "coordinates": [-71.12324760258004, 42.171846465679]}}, {"type": "Feature", "properties": {"PWSID": "MA4182000", "PWS_Name": "MIDDLEBOROUGH WATER SUPPLY", "Primacy_Agency": "MA", "Population_Served_Count": 15350, "Service_Connections_Count": 6281, "Service_Area_Type": "Residential Area", "Verification_Status": "Verified", "Area_SqKM": 93.18005241139551}, "geometry": {"type": "Point", "coordinates": [-70.91548350553522, 41.88510256533772]}}, {"type": "Feature", "properties": {"PWSID": "MA4076000", "PWS_Name": "DIGHTON WATER DISTRICT", "Primacy_Agency": "MA", "Population_Served_Count": 5264, "Service_Connections_Count": 1905, "Service_Area_Type": "Residential Area", "Verification_Status": "Verified", "Area_SqKM": 11.97035110196299}, "geometry": {"type": "Point", "coordinates": [-71.14917492725256, 41.83609854658057]}}, {"type": "Feature", "properties": {"PWSID": "MA3301035", "PWS_Name": "CURTIS HILL CONDOMINIUM", "Primacy_Agency": "MA", "Population_Served_Count": 96, "Service_Connections_Count": 2, "Service_Area_Type": "Residential Area", "Verification_Status": "Not Verified", "Area_SqKM": 0.056175337612690876}, "geometry": {"type": "Point", "coordinates": [-71.41323381030466, 42.67573495650866]}}, {"type": "Feature", "properties": {"PWSID": "MA3210000", "PWS_Name": "NORTH ANDOVER WATER DEPT", "Primacy_Agency": "MA", "Population_Served_Count": 30915, "Service_Connections_Count": 8013, "Service_Area_Type": "Residential Area", "Verification_Status": "Verified", "Area_SqKM": 53.53429846667288}, "geometry": {"type": "Point", "coordinates": [-71.1018149070853, 42.66860018472331]}}, {"type": "Feature", "properties": {"PWSID": "MA3213000", "PWS_Name": "NORTH READING WATER DEPT.", "Primacy_Agency": "MA", "Population_Served_Count": 16054, "Service_Connections_Count": 4962, "Service_Area_Type": "Residential Area", "Verification_Status": "Verified", "Area_SqKM": 22.87236733308142}, "geometry": {"type": "Point", "coordinates": [-71.08514686966828, 42.58478302328936]}}, {"type": "Feature", "properties": {"PWSID": "MA3229000", "PWS_Name": "PEABODY WATER DEPT.", "Primacy_Agency": "MA", "Population_Served_Count": 54481, "Service_Connections_Count": 14075, "Service_Area_Type": "Other Area", "Verification_Status": "Not Verified", "Area_SqKM": 37.30922863525754}, "geometry": {"type": "Point", "coordinates": [-70.95995083430296, 42.5267222950272]}}, {"type": "Feature", "properties": {"PWSID": "MA3295001", "PWS_Name": "TEWKSBURY HOSPITAL", "Primacy_Agency": "MA", "Population_Served_Count": 2500, "Service_Connections_Count": 35, "Service_Area_Type": "Institution", "Verification_Status": "Verified", "Area_SqKM": 0.8311511011661479}, "geometry": {"type": "Point", "coordinates": [-71.21800967914999, 42.609106887840575]}}, {"type": "Feature", "properties": {"PWSID": "MA3246000", "PWS_Name": "READING WATER DEPARTMENT (MWRA)", "Primacy_Agency": "MA", "Population_Served_Count": 27358, "Service_Connections_Count": 8228, "Service_Area_Type": "Other Area", "Verification_Status": "Verified", "Area_SqKM": 18.228791868577936}, "geometry": {"type": "Point", "coordinates": [-71.11368428461121, 42.540697153298176]}}, {"type": "Feature", "properties": {"PWSID": "MA3254000", "PWS_Name": "ROWLEY WATER DEPARTMENT", "Primacy_Agency": "MA", "Population_Served_Count": 6283, "Service_Connections_Count": 2002, "Service_Area_Type": "Residential Area", "Verification_Status": "Verified", "Area_SqKM": 30.04996678083455}, "geometry": {"type": "Point", "coordinates": [-70.90588803083378, 42.720957152810904]}}, {"type": "Feature", "properties": {"PWSID": "MA3342000", "PWS_Name": "WILMINGTON WATER DEPT", "Primacy_Agency": "MA", "Population_Served_Count": 22481, "Service_Connections_Count": 7751, "Service_Area_Type": "Residential Area", "Verification_Status": "Verified", "Area_SqKM": 30.948287548539884}, "geometry": {"type": "Point", "coordinates": [-71.16544076845584, 42.555108726389236]}}, {"type": "Feature", "properties": {"PWSID": "MA4001000", "PWS_Name": "ABINGTON/ROCKLAND JOINT WTR. WORKS", "Primacy_Agency": "MA", "Population_Served_Count": 33647, "Service_Connections_Count": 11607, "Service_Area_Type": "Residential Area", "Verification_Status": "Verified", "Area_SqKM": 38.753441992427526}, "geometry": {"type": "Point", "coordinates": [-70.93723290360201, 42.11897975722819]}}, {"type": "Feature", "properties": {"PWSID": "MA4003000", "PWS_Name": "ACUSHNET WATER DEPARTMENT", "Primacy_Agency": "MA", "Population_Served_Count": 8384, "Service_Connections_Count": 2903, "Service_Area_Type": "Residential Area", "Verification_Status": "Verified", "Area_SqKM": 9.671642240412961}, "geometry": {"type": "Point", "coordinates": [-70.90641446359868, 41.698372898589966]}}, {"type": "Feature", "properties": {"PWSID": "MA4003002", "PWS_Name": "BROOKSIDE MOBILE HOME PARK", "Primacy_Agency": "MA", "Population_Served_Count": 67, "Service_Connections_Count": 47, "Service_Area_Type": "Mobile Home Park - Principal Residence", "Verification_Status": "Verified", "Area_SqKM": 0.2291657813223099}, "geometry": {"type": "Point", "coordinates": [-70.88926514527901, 41.733310627326404]}}, {"type": "Feature", "properties": {"PWSID": "MA4003004", "PWS_Name": "ACUSHNET MANUFACTURED HOMES", "Primacy_Agency": "MA", "Population_Served_Count": 85, "Service_Connections_Count": 60, "Service_Area_Type": "Mobile Home Park - Principal Residence", "Verification_Status": "Verified", "Area_SqKM": 0.03542848311700792}, "geometry": {"type": "Point", "coordinates": [-70.90984561249422, 41.73266683733797]}}, {"type": "Feature", "properties": {"PWSID": "MA3308000", "PWS_Name": "WALTHAM WATER DEPARTMENT", "Primacy_Agency": "MA", "Population_Served_Count": 65218, "Service_Connections_Count": 14042, "Service_Area_Type": "Residential Area", "Verification_Status": "Verified", "Area_SqKM": 30.880192160115023}, "geometry": {"type": "Point", "coordinates": [-71.23340171304253, 42.3915012831562]}}, {"type": "Feature", "properties": {"PWSID": "MA3324000", "PWS_Name": "WEST NEWBURY WATER DEPARTMENT", "Primacy_Agency": "MA", "Population_Served_Count": 3080, "Service_Connections_Count": 1108, "Service_Area_Type": "Residential Area", "Verification_Status": "Verified", "Area_SqKM": 11.945434022538118}, "geometry": {"type": "Point", "coordinates": [-70.97402219896969, 42.79935774979299]}}, {"type": "Feature", "properties": {"PWSID": "MA3031000", "PWS_Name": "BILLERICA WATER WORKS", "Primacy_Agency": "MA", "Population_Served_Count": 42119, "Service_Connections_Count": 13758, "Service_Area_Type": "Residential Area", "Verification_Status": "Verified", "Area_SqKM": 65.52834432344561}, "geometry": {"type": "Point", "coordinates": [-71.25626307558328, 42.55578162441566]}}, {"type": "Feature", "properties": {"PWSID": "MA3035000", "PWS_Name": "BOSTON WATER AND SEWER COMMISSION (MWRA)", "Primacy_Agency": "MA", "Population_Served_Count": 675647, "Service_Connections_Count": 88360, "Service_Area_Type": "Residential Area", "Verification_Status": "Verified", "Area_SqKM": 127.98154039589322}, "geometry": {"type": "Point", "coordinates": [-71.0339059690399, 42.34344419830304]}}, {"type": "Feature", "properties": {"PWSID": "MA3038001", "PWS_Name": "FOUR MILE VILLAGE", "Primacy_Agency": "MA", "Population_Served_Count": 133, "Service_Connections_Count": 13, "Service_Area_Type": "Homeowners Association", "Verification_Status": "Not Verified", "Area_SqKM": 0.12819458985488455}, "geometry": {"type": "Point", "coordinates": [-71.00436780708792, 42.685830066661005]}}, {"type": "Feature", "properties": {"PWSID": "MA3038020", "PWS_Name": "ANDREWS FARM WATER CO.,INC.", "Primacy_Agency": "MA", "Population_Served_Count": 145, "Service_Connections_Count": 53, "Service_Area_Type": "Residential Area", "Verification_Status": "Verified", "Area_SqKM": 0.09581622885597664}, "geometry": {"type": "Point", "coordinates": [-70.97540046294161, 42.64457154633228]}}, {"type": "Feature", "properties": {"PWSID": "MA3046000", "PWS_Name": "BROOKLINE WATER AND SEWER DIVISION", "Primacy_Agency": "MA", "Population_Served_Count": 63191, "Service_Connections_Count": 9036, "Service_Area_Type": "Residential Area", "Verification_Status": "Verified", "Area_SqKM": 17.674077562027488}, "geometry": {"type": "Point", "coordinates": [-71.12555344623559, 42.338485130496494]}}, {"type": "Feature", "properties": {"PWSID": "MA2316000", "PWS_Name": "WEBSTER WATER DEPARTMENT", "Primacy_Agency": "MA", "Population_Served_Count": 17776, "Service_Connections_Count": 4993, "Service_Area_Type": "Residential Area", "Verification_Status": "Verified", "Area_SqKM": 14.064321777652442}, "geometry": {"type": "Point", "coordinates": [-71.8607619980089, 42.04372470740722]}}, {"type": "Feature", "properties": {"PWSID": "MA3298000", "PWS_Name": "TOPSFIELD WATER DEPARTMENT", "Primacy_Agency": "MA", "Population_Served_Count": 5435, "Service_Connections_Count": 1862, "Service_Area_Type": "Residential Area", "Verification_Status": "Verified", "Area_SqKM": 19.05724067927502}, "geometry": {"type": "Point", "coordinates": [-70.94568785321931, 42.63520749016733]}}, {"type": "Feature", "properties": {"PWSID": "MA2321000", "PWS_Name": "WEST BOYLSTON WATER DISTRICT", "Primacy_Agency": "MA", "Population_Served_Count": 7132, "Service_Connections_Count": 2754, "Service_Area_Type": "Residential Area", "Verification_Status": "Verified", "Area_SqKM": 20.868761109619342}, "geometry": {"type": "Point", "coordinates": [-71.77942485160685, 42.37065320645178]}}, {"type": "Feature", "properties": {"PWSID": "MA3056000", "PWS_Name": "CHELMSFORD WATER DISTRICT", "Primacy_Agency": "MA", "Population_Served_Count": 28750, "Service_Connections_Count": 8388, "Service_Area_Type": "Residential Area", "Verification_Status": "Verified", "Area_SqKM": 44.56236885428161}, "geometry": {"type": "Point", "coordinates": [-71.37203934088016, 42.59809904389778]}}, {"type": "Feature", "properties": {"PWSID": "MA3056001", "PWS_Name": "EAST CHELMSFORD WATER DISTRICT", "Primacy_Agency": "MA", "Population_Served_Count": 2800, "Service_Connections_Count": 685, "Service_Area_Type": "Residential Area", "Verification_Status": "Verified", "Area_SqKM": 5.945961217575759}, "geometry": {"type": "Point", "coordinates": [-71.3215920294483, 42.59926884324857]}}, {"type": "Feature", "properties": {"PWSID": "MA3056002", "PWS_Name": "NORTH CHELMSFORD WATER DIST", "Primacy_Agency": "MA", "Population_Served_Count": 7498, "Service_Connections_Count": 3191, "Service_Area_Type": "Residential Area", "Verification_Status": "Not Verified", "Area_SqKM": 9.765241954655401}, "geometry": {"type": "Point", "coordinates": [-71.39222852538481, 42.64053864924194]}}, {"type": "Feature", "properties": {"PWSID": "MA3057000", "PWS_Name": "CHELSEA WATER DEPT. (MWRA)", "Primacy_Agency": "MA", "Population_Served_Count": 38319, "Service_Connections_Count": 5100, "Service_Area_Type": "Residential Area", "Verification_Status": "Verified", "Area_SqKM": 5.74165685877535}, "geometry": {"type": "Point", "coordinates": [-71.03548986621284, 42.391557079002624]}}, {"type": "Feature", "properties": {"PWSID": "MA4083000", "PWS_Name": "EAST BRIDGEWATER WATER DEPT", "Primacy_Agency": "MA", "Population_Served_Count": 14526, "Service_Connections_Count": 4514, "Service_Area_Type": "Other Area", "Verification_Status": "Not Verified", "Area_SqKM": 38.824887256927155}, "geometry": {"type": "Point", "coordinates": [-70.93335359124855, 42.030975640902255]}}, {"type": "Feature", "properties": {"PWSID": "MA4018000", "PWS_Name": "TOWN OF AVON", "Primacy_Agency": "MA", "Population_Served_Count": 4777, "Service_Connections_Count": 1689, "Service_Area_Type": "Residential Area", "Verification_Status": "Not Verified", "Area_SqKM": 9.333575979139699}, "geometry": {"type": "Point", "coordinates": [-71.05136429017804, 42.12656229806977]}}, {"type": "Feature", "properties": {"PWSID": "MA4265000", "PWS_Name": "SEEKONK WATER DISTRICT", "Primacy_Agency": "MA", "Population_Served_Count": 14704, "Service_Connections_Count": 5033, "Service_Area_Type": "Other Area", "Verification_Status": "Verified", "Area_SqKM": 24.49370946831277}, "geometry": {"type": "Point", "coordinates": [-71.3260024905269, 41.82719932620912]}}, {"type": "Feature", "properties": {"PWSID": "MA4285007", "PWS_Name": "BISHOPS LANDING CONDOMINIUMS", "Primacy_Agency": "MA", "Population_Served_Count": 50, "Service_Connections_Count": 8, "Service_Area_Type": "Residential Area", "Verification_Status": "Not Verified", "Area_SqKM": 0.019314626268038513}, "geometry": {"type": "Point", "coordinates": [-71.07919367683189, 42.14301745735415]}}, {"type": "Feature", "properties": {"PWSID": "MA4292000", "PWS_Name": "SWANSEA WATER DISTRICT", "Primacy_Agency": "MA", "Population_Served_Count": 17375, "Service_Connections_Count": 6215, "Service_Area_Type": "Residential Area", "Verification_Status": "Verified", "Area_SqKM": 26.917305607873796}, "geometry": {"type": "Point", "coordinates": [-71.21320732954605, 41.75572749557445]}}, {"type": "Feature", "properties": {"PWSID": "MA4293000", "PWS_Name": "TAUNTON WATER DIVISION", "Primacy_Agency": "MA", "Population_Served_Count": 62165, "Service_Connections_Count": 16803, "Service_Area_Type": "Residential Area", "Verification_Status": "Verified", "Area_SqKM": 58.31027277157362}, "geometry": {"type": "Point", "coordinates": [-71.0889930158597, 41.90017608839866]}}, {"type": "Feature", "properties": {"PWSID": "MA4350003", "PWS_Name": "MOUNT ST MARYS ABBEY", "Primacy_Agency": "MA", "Population_Served_Count": 60, "Service_Connections_Count": 7, "Service_Area_Type": "Institution", "Verification_Status": "Verified", "Area_SqKM": 1.3823398694747666}, "geometry": {"type": "Point", "coordinates": [-71.3904891538261, 42.046339132431015]}}, {"type": "Feature", "properties": {"PWSID": "MA4211000", "PWS_Name": "NORTH ATTLEBORO WATER DEPT", "Primacy_Agency": "MA", "Population_Served_Count": 28863, "Service_Connections_Count": 9226, "Service_Area_Type": "Residential Area", "Verification_Status": "Verified", "Area_SqKM": 45.23715921630497}, "geometry": {"type": "Point", "coordinates": [-71.34453452275777, 41.976153782628735]}}, {"type": "Feature", "properties": {"PWSID": "MA4088000", "PWS_Name": "EASTON WATER DIV", "Primacy_Agency": "MA", "Population_Served_Count": 23112, "Service_Connections_Count": 7698, "Service_Area_Type": "Residential Area", "Verification_Status": "Verified", "Area_SqKM": 60.1231959801825}, "geometry": {"type": "Point", "coordinates": [-71.1186913670277, 42.03551249934278]}}, {"type": "Feature", "properties": {"PWSID": "MA4095000", "PWS_Name": "FALL RIVER WATER DEPARTMENT", "Primacy_Agency": "MA", "Population_Served_Count": 94000, "Service_Connections_Count": 22125, "Service_Area_Type": "Residential Area", "Verification_Status": "Verified", "Area_SqKM": 32.311213979888564}, "geometry": {"type": "Point", "coordinates": [-71.14716542142656, 41.697085106450565]}}, {"type": "Feature", "properties": {"PWSID": "MA4220000", "PWS_Name": "NORWOOD WATER DEPT. (MWRA)", "Primacy_Agency": "MA", "Population_Served_Count": 29909, "Service_Connections_Count": 8961, "Service_Area_Type": "Residential Area", "Verification_Status": "Verified", "Area_SqKM": 17.367101355560404}, "geometry": {"type": "Point", "coordinates": [-71.19697925785161, 42.18448159343043]}}, {"type": "Feature", "properties": {"PWSID": "MA4238000", "PWS_Name": "PLAINVILLE WATER DEPARTMENT", "Primacy_Agency": "MA", "Population_Served_Count": 8805, "Service_Connections_Count": 2562, "Service_Area_Type": "Residential Area", "Verification_Status": "Verified", "Area_SqKM": 12.469141758879966}, "geometry": {"type": "Point", "coordinates": [-71.33192724653522, 42.01457408350857]}}, {"type": "Feature", "properties": {"PWSID": "MA4307000", "PWS_Name": "WALPOLE WATER DEPT", "Primacy_Agency": "MA", "Population_Served_Count": 24070, "Service_Connections_Count": 8307, "Service_Area_Type": "Residential Area", "Verification_Status": "Verified", "Area_SqKM": 43.916631493212996}, "geometry": {"type": "Point", "coordinates": [-71.24816388398006, 42.16174291245677]}}, {"type": "Feature", "properties": {"PWSID": "MA4040000", "PWS_Name": "BRAINTREE WATER AND SEWER DEPT.", "Primacy_Agency": "MA", "Population_Served_Count": 39143, "Service_Connections_Count": 12167, "Service_Area_Type": "Residential Area", "Verification_Status": "Verified", "Area_SqKM": 30.7886524875141}, "geometry": {"type": "Point", "coordinates": [-70.9832341092653, 42.214297237676384]}}, {"type": "Feature", "properties": {"PWSID": "MA3274000", "PWS_Name": "SOMERVILLE WATER DEPT. (MWRA)", "Primacy_Agency": "MA", "Population_Served_Count": 81045, "Service_Connections_Count": 15109, "Service_Area_Type": "Residential Area", "Verification_Status": "Verified", "Area_SqKM": 10.690344062122024}, "geometry": {"type": "Point", "coordinates": [-71.08674284548722, 42.38820101376885]}}, {"type": "Feature", "properties": {"PWSID": "MA4042000", "PWS_Name": "BRIDGEWATER WATER DEPARTMENT", "Primacy_Agency": "MA", "Population_Served_Count": 28633, "Service_Connections_Count": 7972, "Service_Area_Type": "Residential Area", "Verification_Status": "Verified", "Area_SqKM": 51.96003841276331}, "geometry": {"type": "Point", "coordinates": [-70.97621942486792, 41.96809764203229]}}, {"type": "Feature", "properties": {"PWSID": "MA4042001", "PWS_Name": "MCI BRIDGEWATER", "Primacy_Agency": "MA", "Population_Served_Count": 2802, "Service_Connections_Count": 41, "Service_Area_Type": "Institution", "Verification_Status": "Verified", "Area_SqKM": 4.275882012692284}, "geometry": {"type": "Point", "coordinates": [-70.9564018127436, 41.94706377290753]}}, {"type": "Feature", "properties": {"PWSID": "MA4044000", "PWS_Name": "BROCKTON WATER DEPARTMENT", "Primacy_Agency": "MA", "Population_Served_Count": 105643, "Service_Connections_Count": 24478, "Service_Area_Type": "Residential Area", "Verification_Status": "Verified", "Area_SqKM": 52.59312739794833}, "geometry": {"type": "Point", "coordinates": [-70.96649801436062, 42.06988169464042]}}, {"type": "Feature", "properties": {"PWSID": "MA4245000", "PWS_Name": "RAYNHAM CENTER WATER DISTRICT", "Primacy_Agency": "MA", "Population_Served_Count": 10824, "Service_Connections_Count": 3070, "Service_Area_Type": "Other Area", "Verification_Status": "Verified", "Area_SqKM": 22.160051719398794}, "geometry": {"type": "Point", "coordinates": [-71.03806050048694, 41.91807617079545]}}, {"type": "Feature", "properties": {"PWSID": "MA4245002", "PWS_Name": "NORTH RAYNHAM WATER DISTRICT", "Primacy_Agency": "MA", "Population_Served_Count": 3902, "Service_Connections_Count": 1440, "Service_Area_Type": "Residential Area", "Verification_Status": "Verified", "Area_SqKM": 12.266195040367975}, "geometry": {"type": "Point", "coordinates": [-71.07354055985074, 41.94549010023193]}}, {"type": "Feature", "properties": {"PWSID": "MA4146004", "PWS_Name": "LAKE POINT VILLAGE", "Primacy_Agency": "MA", "Population_Served_Count": 66, "Service_Connections_Count": 1, "Service_Area_Type": "Residential Area", "Verification_Status": "Verified", "Area_SqKM": 0.04244293688921084}, "geometry": {"type": "Point", "coordinates": [-70.89908276420473, 41.817888128592585]}}, {"type": "Feature", "properties": {"PWSID": "MA4076002", "PWS_Name": "NORTH DIGHTON FIRE DISTRICT", "Primacy_Agency": "MA", "Population_Served_Count": 1300, "Service_Connections_Count": 387, "Service_Area_Type": "Residential Area", "Verification_Status": "Verified", "Area_SqKM": 2.03248920817718}, "geometry": {"type": "Point", "coordinates": [-71.12626777042377, 41.864305305618515]}}, {"type": "Feature", "properties": {"PWSID": "MA4076004", "PWS_Name": "INIMA USA / AQUARIA LLC", "Primacy_Agency": "MA", "Population_Served_Count": 105643, "Service_Connections_Count": 1, "Service_Area_Type": "Municipality", "Verification_Status": "Not Verified", "Area_SqKM": 0.027729040416142048}, "geometry": {"type": "Point", "coordinates": [-71.15395786913643, 41.80871266473815]}}, {"type": "Feature", "properties": {"PWSID": "MA3315000", "PWS_Name": "WAYLAND WATER DEPARTMENT", "Primacy_Agency": "MA", "Population_Served_Count": 13196, "Service_Connections_Count": 5188, "Service_Area_Type": "Residential Area", "Verification_Status": "Verified", "Area_SqKM": 32.12136932950209}, "geometry": {"type": "Point", "coordinates": [-71.3707555322974, 42.356284682779616]}}, {"type": "Feature", "properties": {"PWSID": "MA3317000", "PWS_Name": "WELLESLEY WATER DIVISION", "Primacy_Agency": "MA", "Population_Served_Count": 29550, "Service_Connections_Count": 8379, "Service_Area_Type": "Other Area", "Verification_Status": "Not Verified", "Area_SqKM": 22.231577768254077}, "geometry": {"type": "Point", "coordinates": [-71.27714145569645, 42.303390994536834]}}, {"type": "Feature", "properties": {"PWSID": "MA3317001", "PWS_Name": "WELLESLEY COLLEGE", "Primacy_Agency": "MA", "Population_Served_Count": 3000, "Service_Connections_Count": 62, "Service_Area_Type": "School", "Verification_Status": "Verified", "Area_SqKM": 1.0649896705009831}, "geometry": {"type": "Point", "coordinates": [-71.31075874755486, 42.29190658389809]}}, {"type": "Feature", "properties": {"PWSID": "MA3330000", "PWS_Name": "WESTFORD WATER DEPARTMENT", "Primacy_Agency": "MA", "Population_Served_Count": 18680, "Service_Connections_Count": 5653, "Service_Area_Type": "Residential Area", "Verification_Status": "Verified", "Area_SqKM": 44.23660762457217}, "geometry": {"type": "Point", "coordinates": [-71.43424088063114, 42.594260023019714]}}, {"type": "Feature", "properties": {"PWSID": "MA3330019", "PWS_Name": "HAYSTACK ESTATES", "Primacy_Agency": "MA", "Population_Served_Count": 60, "Service_Connections_Count": 5, "Service_Area_Type": "Residential Area", "Verification_Status": "Verified", "Area_SqKM": 0.01734567691326089}, "geometry": {"type": "Point", "coordinates": [-71.49278265020843, 42.605081823146016]}}, {"type": "Feature", "properties": {"PWSID": "MA3333000", "PWS_Name": "WESTON WATER DEPT.", "Primacy_Agency": "MA", "Population_Served_Count": 11941, "Service_Connections_Count": 3702, "Service_Area_Type": "Residential Area", "Verification_Status": "Verified", "Area_SqKM": 27.889119901922424}, "geometry": {"type": "Point", "coordinates": [-71.29774878701325, 42.3720559396064]}}, {"type": "Feature", "properties": {"PWSID": "MA4072000", "PWS_Name": "DARTMOUTH WATER DIVISION", "Primacy_Agency": "MA", "Population_Served_Count": 24630, "Service_Connections_Count": 9547, "Service_Area_Type": "Residential Area", "Verification_Status": "Verified", "Area_SqKM": 43.308018398457364}, "geometry": {"type": "Point", "coordinates": [-70.97276588258596, 41.59114027035017]}}, {"type": "Feature", "properties": {"PWSID": "MA4016000", "PWS_Name": "ATTLEBORO WATER DEPT", "Primacy_Agency": "MA", "Population_Served_Count": 46654, "Service_Connections_Count": 14729, "Service_Area_Type": "Other Area", "Verification_Status": "Verified", "Area_SqKM": 62.99822261852599}, "geometry": {"type": "Point", "coordinates": [-71.27003683593973, 41.96741609139586]}}, {"type": "Feature", "properties": {"PWSID": "MA4218000", "PWS_Name": "NORTON WATER DEPARTMENT", "Primacy_Agency": "MA", "Population_Served_Count": 19161, "Service_Connections_Count": 5842, "Service_Area_Type": "Residential Area", "Verification_Status": "Verified", "Area_SqKM": 61.46734239220674}, "geometry": {"type": "Point", "coordinates": [-71.1939769089566, 41.95536703215027]}}, {"type": "Feature", "properties": {"PWSID": "MA4334088", "PWS_Name": "WESTPORT SENIOR VILLAGE", "Primacy_Agency": "MA", "Population_Served_Count": 150, "Service_Connections_Count": 16, "Service_Area_Type": "Homeowners Association", "Verification_Status": "Not Verified", "Area_SqKM": 0.14622110581218328}, "geometry": {"type": "Point", "coordinates": [-71.09270822519744, 41.58237194386305]}}, {"type": "Feature", "properties": {"PWSID": "MA4334090", "PWS_Name": "TOWN OF WESTPORT", "Primacy_Agency": "MA", "Population_Served_Count": 250, "Service_Connections_Count": 150, "Service_Area_Type": "Municipality", "Verification_Status": "Verified", "Area_SqKM": 0.9680090000325141}, "geometry": {"type": "Point", "coordinates": [-71.09406635338685, 41.668465013858935]}}, {"type": "Feature", "properties": {"PWSID": "MA4336000", "PWS_Name": "WEYMOUTH WATER DEPARTMENT", "Primacy_Agency": "MA", "Population_Served_Count": 57613, "Service_Connections_Count": 16773, "Service_Area_Type": "Other Area", "Verification_Status": "Verified", "Area_SqKM": 37.15025242422554}, "geometry": {"type": "Point", "coordinates": [-70.94643614257267, 42.2050584349076]}}, {"type": "Feature", "properties": {"PWSID": "MA4334078", "PWS_Name": "MAYNARD STATE LLC", "Primacy_Agency": "MA", "Population_Served_Count": 35, "Service_Connections_Count": 1, "Service_Area_Type": "Retail Employees", "Verification_Status": "Not Verified", "Area_SqKM": 0.004786343914468867}, "geometry": {"type": "Point", "coordinates": [-71.06871520017249, 41.65271863070195]}}, {"type": "Feature", "properties": {"PWSID": "MA4247055", "PWS_Name": "HORTON ESTATES CONDOMINIUM TRUST, INC.", "Primacy_Agency": "MA", "Population_Served_Count": 64, "Service_Connections_Count": 66, "Service_Area_Type": "Residential Area", "Verification_Status": "Verified", "Area_SqKM": 0.25780034689417797}, "geometry": {"type": "Point", "coordinates": [-71.2257175759875, 41.8122337574203]}}, {"type": "Feature", "properties": {"PWSID": "MA3344000", "PWS_Name": "WINCHESTER WATER DEPT", "Primacy_Agency": "MA", "Population_Served_Count": 22970, "Service_Connections_Count": 7142, "Service_Area_Type": "Residential Area", "Verification_Status": "Verified", "Area_SqKM": 16.439867647034383}, "geometry": {"type": "Point", "coordinates": [-71.15602900283201, 42.449537180562416]}}, {"type": "Feature", "properties": {"PWSID": "MA3071000", "PWS_Name": "DANVERS WATER DEPT.", "Primacy_Agency": "MA", "Population_Served_Count": 28087, "Service_Connections_Count": 8217, "Service_Area_Type": "Residential Area", "Verification_Status": "Verified", "Area_SqKM": 35.70639339022217}, "geometry": {"type": "Point", "coordinates": [-70.92639964005053, 42.556243988515995]}}, {"type": "Feature", "properties": {"PWSID": "MA3010000", "PWS_Name": "ARLINGTON WATER DEPT. (MWRA)", "Primacy_Agency": "MA", "Population_Served_Count": 46308, "Service_Connections_Count": 12751, "Service_Area_Type": "Residential Area", "Verification_Status": "Verified", "Area_SqKM": 14.204594142875939}, "geometry": {"type": "Point", "coordinates": [-71.14921429552768, 42.40960851870755]}}, {"type": "Feature", "properties": {"PWSID": "MA4336007", "PWS_Name": "SOUTHFIELD REDEVELOPEMENT AUTHORITY", "Primacy_Agency": "MA", "Population_Served_Count": 1800, "Service_Connections_Count": 200, "Service_Area_Type": "Residential Area", "Verification_Status": "Verified", "Area_SqKM": 1.0186679326611854}, "geometry": {"type": "Point", "coordinates": [-70.9499312483978, 42.15953487689836]}}, {"type": "Feature", "properties": {"PWSID": "MA2139006", "PWS_Name": "DEERFIELD ESTATES", "Primacy_Agency": "MA", "Population_Served_Count": 100, "Service_Connections_Count": 46, "Service_Area_Type": "Residential Area", "Verification_Status": "Verified", "Area_SqKM": 0.11712369394315295}, "geometry": {"type": "Point", "coordinates": [-71.53533606681312, 42.19948791349519]}}, {"type": "Feature", "properties": {"PWSID": "MA3026000", "PWS_Name": "BELMONT WATER DEPT. (MWRA)", "Primacy_Agency": "MA", "Population_Served_Count": 27295, "Service_Connections_Count": 7395, "Service_Area_Type": "Residential Area", "Verification_Status": "Verified", "Area_SqKM": 10.681396623004359}, "geometry": {"type": "Point", "coordinates": [-71.18257130708459, 42.40144377806815]}}, {"type": "Feature", "properties": {"PWSID": "MA3248000", "PWS_Name": "REVERE WATER DIVISION (MWRA)", "Primacy_Agency": "MA", "Population_Served_Count": 62186, "Service_Connections_Count": 12198, "Service_Area_Type": "Residential Area", "Verification_Status": "Verified", "Area_SqKM": 15.962454649244167}, "geometry": {"type": "Point", "coordinates": [-70.99351495538507, 42.42367687715726]}}, {"type": "Feature", "properties": {"PWSID": "MA3178000", "PWS_Name": "MELROSE WATER DIVISION (MWRA)", "Primacy_Agency": "MA", "Population_Served_Count": 29357, "Service_Connections_Count": 8630, "Service_Area_Type": "Other Area", "Verification_Status": "Verified", "Area_SqKM": 12.349989061232193}, "geometry": {"type": "Point", "coordinates": [-71.06281022314916, 42.46303559083659]}}, {"type": "Feature", "properties": {"PWSID": "MA3346000", "PWS_Name": "WINTHROP WATER DIVISION, (MWRA)", "Primacy_Agency": "MA", "Population_Served_Count": 19316, "Service_Connections_Count": 4540, "Service_Area_Type": "Residential Area", "Verification_Status": "Not Verified", "Area_SqKM": 5.8979370785601155}, "geometry": {"type": "Point", "coordinates": [-70.97614541680646, 42.37381628711241]}}, {"type": "Feature", "properties": {"PWSID": "MA4266000", "PWS_Name": "SHARON WATER DEPT", "Primacy_Agency": "MA", "Population_Served_Count": 16991, "Service_Connections_Count": 5860, "Service_Area_Type": "Residential Area", "Verification_Status": "Verified", "Area_SqKM": 29.44246483978833}, "geometry": {"type": "Point", "coordinates": [-71.18660778343047, 42.107908958345156]}}, {"type": "Feature", "properties": {"PWSID": "MA4273000", "PWS_Name": "SOMERSET WATER DEPARTMENT", "Primacy_Agency": "MA", "Population_Served_Count": 18303, "Service_Connections_Count": 7018, "Service_Area_Type": "Residential Area", "Verification_Status": "Not Verified", "Area_SqKM": 15.604178645516606}, "geometry": {"type": "Point", "coordinates": [-71.15963964580868, 41.7421461567682]}}, {"type": "Feature", "properties": {"PWSID": "MA4285000", "PWS_Name": "STOUGHTON WATER DEPARTMENT", "Primacy_Agency": "MA", "Population_Served_Count": 29281, "Service_Connections_Count": 8656, "Service_Area_Type": "Residential Area", "Verification_Status": "Verified", "Area_SqKM": 26.37030303762944}, "geometry": {"type": "Point", "coordinates": [-71.09941908039698, 42.121094483531145]}}, {"type": "Feature", "properties": {"PWSID": "MA3049000", "PWS_Name": "CAMBRIDGE WATER DEPARTMENT", "Primacy_Agency": "MA", "Population_Served_Count": 118214, "Service_Connections_Count": 15063, "Service_Area_Type": "Residential Area", "Verification_Status": "Verified", "Area_SqKM": 18.40154106058694}, "geometry": {"type": "Point", "coordinates": [-71.10358687792889, 42.375568852824784]}}, {"type": "Feature", "properties": {"PWSID": "MA3160000", "PWS_Name": "LOWELL REGIONAL WATER UTILITY", "Primacy_Agency": "MA", "Population_Served_Count": 115000, "Service_Connections_Count": 25956, "Service_Area_Type": "Residential Area", "Verification_Status": "Not Verified", "Area_SqKM": 37.63104908198596}, "geometry": {"type": "Point", "coordinates": [-71.31724883197266, 42.64289306052065]}}, {"type": "Feature", "properties": {"PWSID": "MA3093000", "PWS_Name": "EVERETT WATER DEPT. (MWRA)", "Primacy_Agency": "MA", "Population_Served_Count": 49075, "Service_Connections_Count": 8243, "Service_Area_Type": "Residential Area", "Verification_Status": "Not Verified", "Area_SqKM": 8.890096340251306}, "geometry": {"type": "Point", "coordinates": [-71.0670656963027, 42.39765194279226]}}, {"type": "Feature", "properties": {"PWSID": "MA3284000", "PWS_Name": "STONEHAM WATER DEPT (MWRA SUPPLY)", "Primacy_Agency": "MA", "Population_Served_Count": 23244, "Service_Connections_Count": 6320, "Service_Area_Type": "Residential Area", "Verification_Status": "Verified", "Area_SqKM": 17.214516712305272}, "geometry": {"type": "Point", "coordinates": [-71.09514908440082, 42.47530913679976]}}, {"type": "Feature", "properties": {"PWSID": "MA4350000", "PWS_Name": "WRENTHAM WATER DIVISION", "Primacy_Agency": "MA", "Population_Served_Count": 11795, "Service_Connections_Count": 4016, "Service_Area_Type": "Residential Area", "Verification_Status": "Verified", "Area_SqKM": 26.626121968026126}, "geometry": {"type": "Point", "coordinates": [-71.36105459055068, 42.05213009825056]}}, {"type": "Feature", "properties": {"PWSID": "MA4350001", "PWS_Name": "WRENTHAM DEVELOPMENTAL CENTER", "Primacy_Agency": "MA", "Population_Served_Count": 937, "Service_Connections_Count": 59, "Service_Area_Type": "Institution", "Verification_Status": "Verified", "Area_SqKM": 1.8654164536530908}, "geometry": {"type": "Point", "coordinates": [-71.32012984711541, 42.07847835940998]}}, {"type": "Feature", "properties": {"PWSID": "MA3196000", "PWS_Name": "NAHANT WATER DEPT. (MWRA)", "Primacy_Agency": "MA", "Population_Served_Count": 3334, "Service_Connections_Count": 1962, "Service_Area_Type": "Municipality", "Verification_Status": "Verified", "Area_SqKM": 3.249488148136478}, "geometry": {"type": "Point", "coordinates": [-70.92234357574141, 42.42767772198172]}}, {"type": "Feature", "properties": {"PWSID": "MA4338000", "PWS_Name": "WHITMAN WATER SYSTEM", "Primacy_Agency": "MA", "Population_Served_Count": 14837, "Service_Connections_Count": 4904, "Service_Area_Type": "Residential Area", "Verification_Status": "Verified", "Area_SqKM": 12.239284130960977}, "geometry": {"type": "Point", "coordinates": [-70.9407365065803, 42.080283143293364]}}, {"type": "Feature", "properties": {"PWSID": "MA4322000", "PWS_Name": "WEST BRIDGEWATER WATER DEPT", "Primacy_Agency": "MA", "Population_Served_Count": 7856, "Service_Connections_Count": 2933, "Service_Area_Type": "Residential Area", "Verification_Status": "Verified", "Area_SqKM": 40.59766549052042}, "geometry": {"type": "Point", "coordinates": [-71.01452343340226, 42.0264230664879]}}, {"type": "Feature", "properties": {"PWSID": "MA3155000", "PWS_Name": "LEXINGTON WATER DEPT.    (MWRA)", "Primacy_Agency": "MA", "Population_Served_Count": 34074, "Service_Connections_Count": 13445, "Service_Area_Type": "Industrial/Agricultural", "Verification_Status": "Verified", "Area_SqKM": 42.35378251107565}, "geometry": {"type": "Point", "coordinates": [-71.22764659679027, 42.457807565067895]}}, {"type": "Feature", "properties": {"PWSID": "MA3176000", "PWS_Name": "MEDFORD WATER DEPT. (MWRA)", "Primacy_Agency": "MA", "Population_Served_Count": 61700, "Service_Connections_Count": 15073, "Service_Area_Type": "Residential Area", "Verification_Status": "Verified", "Area_SqKM": 21.89099659540861}, "geometry": {"type": "Point", "coordinates": [-71.08859990476084, 42.40617223159233]}}, {"type": "Feature", "properties": {"PWSID": "MA4167000", "PWS_Name": "MANSFIELD WATER DIVISION", "Primacy_Agency": "MA", "Population_Served_Count": 23289, "Service_Connections_Count": 7090, "Service_Area_Type": "Residential Area", "Verification_Status": "Verified", "Area_SqKM": 46.00771089629829}, "geometry": {"type": "Point", "coordinates": [-71.21183140631611, 42.02291805193993]}}, {"type": "Feature", "properties": {"PWSID": "MA4099000", "PWS_Name": "FOXBORO WATER DEPARTMENT", "Primacy_Agency": "MA", "Population_Served_Count": 18639, "Service_Connections_Count": 5732, "Service_Area_Type": "Residential Area", "Verification_Status": "Verified", "Area_SqKM": 44.55830625648161}, "geometry": {"type": "Point", "coordinates": [-71.2414478908446, 42.061143374453515]}}, {"type": "Feature", "properties": {"PWSID": "MA4102035", "PWS_Name": "FREETOWN WATER COMMISSION", "Primacy_Agency": "MA", "Population_Served_Count": 1600, "Service_Connections_Count": 676, "Service_Area_Type": "Residential Area", "Verification_Status": "Verified", "Area_SqKM": 4.756096740546514}, "geometry": {"type": "Point", "coordinates": [-71.01227732668058, 41.77420061741447]}}, {"type": "Feature", "properties": {"PWSID": "MA4109000", "PWS_Name": "GOSNOLD WATER DEPT", "Primacy_Agency": "MA", "Population_Served_Count": 425, "Service_Connections_Count": 194, "Service_Area_Type": "Residential Area", "Verification_Status": "Verified", "Area_SqKM": 0.44192975264780504}, "geometry": {"type": "Point", "coordinates": [-70.92958796088787, 41.423821370084184]}}, {"type": "Feature", "properties": {"PWSID": "MA4131000", "PWS_Name": "WEIR RIVER WATER SYSTEM", "Primacy_Agency": "MA", "Population_Served_Count": 45339, "Service_Connections_Count": 12755, "Service_Area_Type": "Other Area", "Verification_Status": "Verified", "Area_SqKM": 41.2410365157649}, "geometry": {"type": "Point", "coordinates": [-70.87980374241056, 42.242314347893284]}}, {"type": "Feature", "properties": {"PWSID": "MA4133000", "PWS_Name": "HOLBROOK PUBLIC WORKS DEPT", "Primacy_Agency": "MA", "Population_Served_Count": 11405, "Service_Connections_Count": 3927, "Service_Area_Type": "Other Area", "Verification_Status": "Verified", "Area_SqKM": 11.763723302317654}, "geometry": {"type": "Point", "coordinates": [-71.00744749995161, 42.146052893281656]}}, {"type": "Feature", "properties": {"PWSID": "MA4211001", "PWS_Name": "KINGS GRANT WATER CO INC", "Primacy_Agency": "MA", "Population_Served_Count": 434, "Service_Connections_Count": 153, "Service_Area_Type": "Other Residential", "Verification_Status": "Not Verified", "Area_SqKM": 0.026249877195666408}, "geometry": {"type": "Point", "coordinates": [-71.37903839308443, 41.937670593043606]}}, {"type": "Feature", "properties": {"PWSID": "MA3199000", "PWS_Name": "NEEDHAM WATER DEPT", "Primacy_Agency": "MA", "Population_Served_Count": 33130, "Service_Connections_Count": 10294, "Service_Area_Type": "Residential Area", "Verification_Status": "Verified", "Area_SqKM": 32.94717896355695}, "geometry": {"type": "Point", "coordinates": [-71.24333681084087, 42.27267934548914]}}, {"type": "Feature", "properties": {"PWSID": "MA3243000", "PWS_Name": "QUINCY WATER DEPT. (MWRA)", "Primacy_Agency": "MA", "Population_Served_Count": 106000, "Service_Connections_Count": 23750, "Service_Area_Type": "Residential Area", "Verification_Status": "Verified", "Area_SqKM": 44.84336950265524}, "geometry": {"type": "Point", "coordinates": [-70.98892804515, 42.268047124943166]}}, {"type": "Feature", "properties": {"PWSID": "MA4201000", "PWS_Name": "CITY OF NEW BEDFORD DPI", "Primacy_Agency": "MA", "Population_Served_Count": 101079, "Service_Connections_Count": 23962, "Service_Area_Type": "Residential Area", "Verification_Status": "Verified", "Area_SqKM": 52.52150259198796}, "geometry": {"type": "Point", "coordinates": [-70.91521333869177, 41.631246041253455]}}, {"type": "Feature", "properties": {"PWSID": "MA3207000", "PWS_Name": "NEWTON WATER DEPT. (MWRA)", "Primacy_Agency": "MA", "Population_Served_Count": 88415, "Service_Connections_Count": 24143, "Service_Area_Type": "Residential Area", "Verification_Status": "Verified", "Area_SqKM": 47.022319927628736}, "geometry": {"type": "Point", "coordinates": [-71.22650737431785, 42.33019087593418]}}, {"type": "Feature", "properties": {"PWSID": "MA3305000", "PWS_Name": "WAKEFIELD WATER DEPT", "Primacy_Agency": "MA", "Population_Served_Count": 27090, "Service_Connections_Count": 8557, "Service_Area_Type": "Residential Area", "Verification_Status": "Not Verified", "Area_SqKM": 20.70928150896219}, "geometry": {"type": "Point", "coordinates": [-71.04752844798713, 42.51169896038899]}}, {"type": "Feature", "properties": {"PWSID": "MA2348000", "PWS_Name": "WORCESTER DPWP, WATER SUPPLY DIVISION", "Primacy_Agency": "MA", "Population_Served_Count": 206518, "Service_Connections_Count": 43205, "Service_Area_Type": "Residential Area", "Verification_Status": "Verified", "Area_SqKM": 99.56907407889624}, "geometry": {"type": "Point", "coordinates": [-71.79235555249096, 42.270369382479934]}}, {"type": "Feature", "properties": {"PWSID": "MA3291000", "PWS_Name": "SWAMPSCOTT WATER DEPT. (MWRA)", "Primacy_Agency": "MA", "Population_Served_Count": 15175, "Service_Connections_Count": 5849, "Service_Area_Type": "Residential Area", "Verification_Status": "Verified", "Area_SqKM": 8.03114018674189}, "geometry": {"type": "Point", "coordinates": [-70.90301382469707, 42.46553695969823]}}, {"type": "Feature", "properties": {"PWSID": "MA3347000", "PWS_Name": "WOBURN WATER DEPT.", "Primacy_Agency": "MA", "Population_Served_Count": 40876, "Service_Connections_Count": 11832, "Service_Area_Type": "Residential Area", "Verification_Status": "Verified", "Area_SqKM": 33.52354152975074}, "geometry": {"type": "Point", "coordinates": [-71.16384633324716, 42.48690319603615]}}, {"type": "Feature", "properties": {"PWSID": "MA3314000", "PWS_Name": "WATERTOWN WATER DEPT. (MWRA)", "Primacy_Agency": "MA", "Population_Served_Count": 35329, "Service_Connections_Count": 7662, "Service_Area_Type": "Residential Area", "Verification_Status": "Verified", "Area_SqKM": 10.681929866700067}, "geometry": {"type": "Point", "coordinates": [-71.17455644075157, 42.368081006554526]}}, {"type": "Feature", "properties": {"PWSID": "MA4244000", "PWS_Name": "RANDOLPH WATER DEPARTMENT", "Primacy_Agency": "MA", "Population_Served_Count": 34362, "Service_Connections_Count": 9652, "Service_Area_Type": "Residential Area", "Verification_Status": "Verified", "Area_SqKM": 26.97490696970325}, "geometry": {"type": "Point", "coordinates": [-71.05265370032174, 42.19382540368405]}}, {"type": "Feature", "properties": {"PWSID": "MA4052001", "PWS_Name": "SOUTH MEADOW VILLAGE", "Primacy_Agency": "MA", "Population_Served_Count": 750, "Service_Connections_Count": 524, "Service_Area_Type": "Residential Area", "Verification_Status": "Verified", "Area_SqKM": 1.4167318149240822}, "geometry": {"type": "Point", "coordinates": [-70.7355016043958, 41.88891727498422]}}, {"type": "Feature", "properties": {"PWSID": "MA4052025", "PWS_Name": "PINETREE VILLAGE", "Primacy_Agency": "MA", "Population_Served_Count": 348, "Service_Connections_Count": 187, "Service_Area_Type": "Mobile Home Park - Principal Residence", "Verification_Status": "Verified", "Area_SqKM": 0.21334821270067228}, "geometry": {"type": "Point", "coordinates": [-70.73627478055639, 41.82661936538149]}}, {"type": "Feature", "properties": {"PWSID": "MA3107000", "PWS_Name": "GLOUCESTER PUBLIC UTILITY DIVISION", "Primacy_Agency": "MA", "Population_Served_Count": 37440, "Service_Connections_Count": 15141, "Service_Area_Type": "Residential Area", "Verification_Status": "Verified", "Area_SqKM": 30.23298847905528}, "geometry": {"type": "Point", "coordinates": [-70.68565176784433, 42.62732575157551]}}, {"type": "Feature", "properties": {"PWSID": "MA3119000", "PWS_Name": "HAMILTON WATER DEPT", "Primacy_Agency": "MA", "Population_Served_Count": 7377, "Service_Connections_Count": 2568, "Service_Area_Type": "Residential Area", "Verification_Status": "Verified", "Area_SqKM": 15.651829328182519}, "geometry": {"type": "Point", "coordinates": [-70.85966328392138, 42.6296527390051]}}, {"type": "Feature", "properties": {"PWSID": "MA3144000", "PWS_Name": "IPSWICH DPU  WATER DEPT", "Primacy_Agency": "MA", "Population_Served_Count": 13090, "Service_Connections_Count": 4863, "Service_Area_Type": "Residential Area", "Verification_Status": "Verified", "Area_SqKM": 15.749767281824036}, "geometry": {"type": "Point", "coordinates": [-70.8532004473442, 42.68220860833955]}}, {"type": "Feature", "properties": {"PWSID": "MA4020002", "PWS_Name": "CENTERVILLE OSTERVILLE MARSTONS MILLS WD", "Primacy_Agency": "MA", "Population_Served_Count": 50000, "Service_Connections_Count": 12384, "Service_Area_Type": "Residential Area", "Verification_Status": "Verified", "Area_SqKM": 53.08818221463302}, "geometry": {"type": "Point", "coordinates": [-70.37874362932584, 41.65181304794832]}}, {"type": "Feature", "properties": {"PWSID": "MA4020003", "PWS_Name": "COTUIT FIRE DISTRICT  WATER DEPARTMENT", "Primacy_Agency": "MA", "Population_Served_Count": 4938, "Service_Connections_Count": 2323, "Service_Area_Type": "Residential Area", "Verification_Status": "Verified", "Area_SqKM": 10.645710341958065}, "geometry": {"type": "Point", "coordinates": [-70.44387390567645, 41.62120042592083]}}, {"type": "Feature", "properties": {"PWSID": "MA4020004", "PWS_Name": "HYANNIS WATER SYSTEM, TOWN OF BARNSTABLE", "Primacy_Agency": "MA", "Population_Served_Count": 35000, "Service_Connections_Count": 7577, "Service_Area_Type": "Residential Area", "Verification_Status": "Verified", "Area_SqKM": 18.445534999944098}, "geometry": {"type": "Point", "coordinates": [-70.30031451654345, 41.65450591272879]}}, {"type": "Feature", "properties": {"PWSID": "MA3166000", "PWS_Name": "MANCHESTER BY THE SEA DPW", "Primacy_Agency": "MA", "Population_Served_Count": 5170, "Service_Connections_Count": 2625, "Service_Area_Type": "Municipality", "Verification_Status": "Verified", "Area_SqKM": 8.57303124054308}, "geometry": {"type": "Point", "coordinates": [-70.75955056978181, 42.579606797558036]}}, {"type": "Feature", "properties": {"PWSID": "MA3092000", "PWS_Name": "ESSEX WATER DEPT.", "Primacy_Agency": "MA", "Population_Served_Count": 3675, "Service_Connections_Count": 1124, "Service_Area_Type": "Residential Area", "Verification_Status": "Verified", "Area_SqKM": 4.60261980147806}, "geometry": {"type": "Point", "coordinates": [-70.77849202460568, 42.63099771193854]}}, {"type": "Feature", "properties": {"PWSID": "MA4171000", "PWS_Name": "MARSHFIELD WATER DEPARTMENT", "Primacy_Agency": "MA", "Population_Served_Count": 34000, "Service_Connections_Count": 11000, "Service_Area_Type": "Residential Area", "Verification_Status": "Verified", "Area_SqKM": 44.1942192892651}, "geometry": {"type": "Point", "coordinates": [-70.71286046497897, 42.11229067329984]}}, {"type": "Feature", "properties": {"PWSID": "MA4052026", "PWS_Name": "CRANBERRY VILLAGE RESIDENTS ASSOCIATION", "Primacy_Agency": "MA", "Population_Served_Count": 414, "Service_Connections_Count": 279, "Service_Area_Type": "Mobile Home Park - Principal Residence", "Verification_Status": "Verified", "Area_SqKM": 0.41715020340730835}, "geometry": {"type": "Point", "coordinates": [-70.72384939137832, 41.83868156378328]}}, {"type": "Feature", "properties": {"PWSID": "MA4172033", "PWS_Name": "SEA OAKS CONDOMINIUMS", "Primacy_Agency": "MA", "Population_Served_Count": 222, "Service_Connections_Count": 19, "Service_Area_Type": "Homeowners Association", "Verification_Status": "Verified", "Area_SqKM": 0.11235556686299751}, "geometry": {"type": "Point", "coordinates": [-70.46986263769371, 41.63154995835802]}}, {"type": "Feature", "properties": {"PWSID": "MA4172035", "PWS_Name": "BEECHWOOD POINT CONDOS", "Primacy_Agency": "MA", "Population_Served_Count": 112, "Service_Connections_Count": 64, "Service_Area_Type": "Residential Area", "Verification_Status": "Verified", "Area_SqKM": 0.1053538864840239}, "geometry": {"type": "Point", "coordinates": [-70.46014301356159, 41.66080129099417]}}, {"type": "Feature", "properties": {"PWSID": "MA4172039", "PWS_Name": "MASHPEE WATER DISTRICT", "Primacy_Agency": "MA", "Population_Served_Count": 36922, "Service_Connections_Count": 10261, "Service_Area_Type": "Residential Area", "Verification_Status": "Verified", "Area_SqKM": 50.09249064220342}, "geometry": {"type": "Point", "coordinates": [-70.48359769483633, 41.58564862266564]}}, {"type": "Feature", "properties": {"PWSID": "MA4173000", "PWS_Name": "MATTAPOISETT WATER DEPARTMENT", "Primacy_Agency": "MA", "Population_Served_Count": 7685, "Service_Connections_Count": 3240, "Service_Area_Type": "Residential Area", "Verification_Status": "Verified", "Area_SqKM": 25.211865847207733}, "geometry": {"type": "Point", "coordinates": [-70.7935514062269, 41.65414430531681]}}, {"type": "Feature", "properties": {"PWSID": "MA4052072", "PWS_Name": "NORTH CARVER WATER DISTRICT", "Primacy_Agency": "MA", "Population_Served_Count": 300, "Service_Connections_Count": 47, "Service_Area_Type": "Residential Area", "Verification_Status": "Verified", "Area_SqKM": 0.5688910998902215}, "geometry": {"type": "Point", "coordinates": [-70.80665707105497, 41.91952512682239]}}, {"type": "Feature", "properties": {"PWSID": "MA4036000", "PWS_Name": "BOURNE WATER DISTRICT", "Primacy_Agency": "MA", "Population_Served_Count": 22500, "Service_Connections_Count": 6214, "Service_Area_Type": "Residential Area", "Verification_Status": "Verified", "Area_SqKM": 22.377775590972735}, "geometry": {"type": "Point", "coordinates": [-70.60380562783482, 41.7086653836412]}}, {"type": "Feature", "properties": {"PWSID": "MA4036001", "PWS_Name": "BUZZARDS BAY WATER DISTRICT", "Primacy_Agency": "MA", "Population_Served_Count": 7700, "Service_Connections_Count": 2582, "Service_Area_Type": "Residential Area", "Verification_Status": "Verified", "Area_SqKM": 7.050393348245672}, "geometry": {"type": "Point", "coordinates": [-70.60359713715536, 41.76363307454438]}}, {"type": "Feature", "properties": {"PWSID": "MA4036002", "PWS_Name": "NORTH SAGAMORE WATER DISTRICT", "Primacy_Agency": "MA", "Population_Served_Count": 4668, "Service_Connections_Count": 1916, "Service_Area_Type": "Residential Area", "Verification_Status": "Verified", "Area_SqKM": 8.608498076862805}, "geometry": {"type": "Point", "coordinates": [-70.5455644193976, 41.78665359043582]}}, {"type": "Feature", "properties": {"PWSID": "MA4036011", "PWS_Name": "SCHOONER PASS TRUSTEES CONDOMINIUMS", "Primacy_Agency": "MA", "Population_Served_Count": 136, "Service_Connections_Count": 69, "Service_Area_Type": "Residential Area", "Verification_Status": "Verified", "Area_SqKM": 0.11823853351418662}, "geometry": {"type": "Point", "coordinates": [-70.5758257296283, 41.74900046106771]}}, {"type": "Feature", "properties": {"PWSID": "MA3252000", "PWS_Name": "ROCKPORT WATER DEPT", "Primacy_Agency": "MA", "Population_Served_Count": 10000, "Service_Connections_Count": 3782, "Service_Area_Type": "Residential Area", "Verification_Status": "Verified", "Area_SqKM": 7.8404549244512625}, "geometry": {"type": "Point", "coordinates": [-70.61797072278577, 42.655625992178706]}}, {"type": "Feature", "properties": {"PWSID": "MA4239049", "PWS_Name": "HERRING COVE CONDOMINIUMS TRUST", "Primacy_Agency": "MA", "Population_Served_Count": 25, "Service_Connections_Count": 14, "Service_Area_Type": "Residential Area", "Verification_Status": "Verified", "Area_SqKM": 0.03517515941743131}, "geometry": {"type": "Point", "coordinates": [-70.55907030470144, 41.80658225232812]}}, {"type": "Feature", "properties": {"PWSID": "MA4239051", "PWS_Name": "LONG POND REALTY TRUST", "Primacy_Agency": "MA", "Population_Served_Count": 90, "Service_Connections_Count": 8, "Service_Area_Type": "Homeowners Association", "Verification_Status": "Not Verified", "Area_SqKM": 0.1433624583283265}, "geometry": {"type": "Point", "coordinates": [-70.56976450800188, 41.818244160003495]}}, {"type": "Feature", "properties": {"PWSID": "MA4318094", "PWS_Name": "WELLFLEET MUNICIPAL WATER SYSTEM", "Primacy_Agency": "MA", "Population_Served_Count": 750, "Service_Connections_Count": 259, "Service_Area_Type": "Residential Area", "Verification_Status": "Not Verified", "Area_SqKM": 2.2837678471709806}, "geometry": {"type": "Point", "coordinates": [-70.03243396183241, 41.943728291530974]}}, {"type": "Feature", "properties": {"PWSID": "MA4089000", "PWS_Name": "EDGARTOWN WATER DEPARTMENT", "Primacy_Agency": "MA", "Population_Served_Count": 8027, "Service_Connections_Count": 3605, "Service_Area_Type": "Residential Area", "Verification_Status": "Verified", "Area_SqKM": 13.933431979465215}, "geometry": {"type": "Point", "coordinates": [-70.53191150494357, 41.38168438742622]}}, {"type": "Feature", "properties": {"PWSID": "MA4094000", "PWS_Name": "FAIRHAVEN WATER DEPT", "Primacy_Agency": "MA", "Population_Served_Count": 14470, "Service_Connections_Count": 6837, "Service_Area_Type": "Other Area", "Verification_Status": "Verified", "Area_SqKM": 27.232756245660614}, "geometry": {"type": "Point", "coordinates": [-70.86222503303003, 41.617302722409384]}}, {"type": "Feature", "properties": {"PWSID": "MA4219000", "PWS_Name": "NORWELL WATER DEPARTMENT", "Primacy_Agency": "MA", "Population_Served_Count": 11495, "Service_Connections_Count": 3798, "Service_Area_Type": "Residential Area", "Verification_Status": "Verified", "Area_SqKM": 49.19228155392352}, "geometry": {"type": "Point", "coordinates": [-70.80857479793283, 42.15718431254182]}}, {"type": "Feature", "properties": {"PWSID": "MA4221000", "PWS_Name": "OAK BLUFFS WATER DISTRICT", "Primacy_Agency": "MA", "Population_Served_Count": 24000, "Service_Connections_Count": 4628, "Service_Area_Type": "Residential Area", "Verification_Status": "Verified", "Area_SqKM": 13.896319602624589}, "geometry": {"type": "Point", "coordinates": [-70.58223231589332, 41.434748236607106]}}, {"type": "Feature", "properties": {"PWSID": "MA4224000", "PWS_Name": "ORLEANS WATER DEPARTMENT", "Primacy_Agency": "MA", "Population_Served_Count": 18921, "Service_Connections_Count": 5363, "Service_Area_Type": "Residential Area", "Verification_Status": "Verified", "Area_SqKM": 27.837044302567627}, "geometry": {"type": "Point", "coordinates": [-69.97220652908355, 41.77640044972145]}}, {"type": "Feature", "properties": {"PWSID": "MA4231000", "PWS_Name": "PEMBROKE WATER DIVISION DPW", "Primacy_Agency": "MA", "Population_Served_Count": 18251, "Service_Connections_Count": 6360, "Service_Area_Type": "Residential Area", "Verification_Status": "Verified", "Area_SqKM": 30.93378225746566}, "geometry": {"type": "Point", "coordinates": [-70.80307799046288, 42.06641827298567]}}, {"type": "Feature", "properties": {"PWSID": "MA4310000", "PWS_Name": "WAREHAM FIRE DISTRICT", "Primacy_Agency": "MA", "Population_Served_Count": 21418, "Service_Connections_Count": 8567, "Service_Area_Type": "Residential Area", "Verification_Status": "Verified", "Area_SqKM": 86.22336931702995}, "geometry": {"type": "Point", "coordinates": [-70.69652605336505, 41.7407931940174]}}, {"type": "Feature", "properties": {"PWSID": "MA4318091", "PWS_Name": "PLEASANT WATER", "Primacy_Agency": "MA", "Population_Served_Count": 200, "Service_Connections_Count": 66, "Service_Area_Type": "Residential Area", "Verification_Status": "Verified", "Area_SqKM": 0.23124885539981826}, "geometry": {"type": "Point", "coordinates": [-70.0040908742174, 41.91112163725737]}}, {"type": "Feature", "properties": {"PWSID": "MA4036015", "PWS_Name": "BARNSTABLE COUNTY JAIL", "Primacy_Agency": "MA", "Population_Served_Count": 600, "Service_Connections_Count": 1, "Service_Area_Type": "Institution", "Verification_Status": "Verified", "Area_SqKM": 0.08691454767747306}, "geometry": {"type": "Point", "coordinates": [-70.57282292565615, 41.67601846162141]}}, {"type": "Feature", "properties": {"PWSID": "MA4242000", "PWS_Name": "PROVINCETOWN WATER DEPARTMENT", "Primacy_Agency": "MA", "Population_Served_Count": 22250, "Service_Connections_Count": 4074, "Service_Area_Type": "Residential Area", "Verification_Status": "Verified", "Area_SqKM": 7.891310512746265}, "geometry": {"type": "Point", "coordinates": [-70.14926179625976, 42.049001312070466]}}, {"type": "Feature", "properties": {"PWSID": "MA4041000", "PWS_Name": "BREWSTER WATER DEPARTMENT", "Primacy_Agency": "MA", "Population_Served_Count": 35000, "Service_Connections_Count": 7074, "Service_Area_Type": "Other Area", "Verification_Status": "Verified", "Area_SqKM": 34.460637447178875}, "geometry": {"type": "Point", "coordinates": [-70.0607754929484, 41.747489236050086]}}, {"type": "Feature", "properties": {"PWSID": "MA4239055", "PWS_Name": "AQUARION WATER COMPANY, PINEHILLS", "Primacy_Agency": "MA", "Population_Served_Count": 9195, "Service_Connections_Count": 2800, "Service_Area_Type": "Residential Area", "Verification_Status": "Verified", "Area_SqKM": 7.1616931941225905}, "geometry": {"type": "Point", "coordinates": [-70.59353925940805, 41.89539894529656]}}, {"type": "Feature", "properties": {"PWSID": "MA4239060", "PWS_Name": "AGAWAM SPRINGS WATER COMPANY", "Primacy_Agency": "MA", "Population_Served_Count": 2380, "Service_Connections_Count": 1119, "Service_Area_Type": "Other Area", "Verification_Status": "Verified", "Area_SqKM": 1.3656075068014133}, "geometry": {"type": "Point", "coordinates": [-70.61802796990744, 41.829609627508844]}}, {"type": "Feature", "properties": {"PWSID": "MA4240008", "PWS_Name": "CRANBERRY KNOLL", "Primacy_Agency": "MA", "Population_Served_Count": 40, "Service_Connections_Count": 16, "Service_Area_Type": "Residential Area", "Verification_Status": "Verified", "Area_SqKM": 0.04797786567464919}, "geometry": {"type": "Point", "coordinates": [-70.80088841020138, 41.99756111002985]}}, {"type": "Feature", "properties": {"PWSID": "MA4082000", "PWS_Name": "DUXBURY WATER DEPARTMENT", "Primacy_Agency": "MA", "Population_Served_Count": 16387, "Service_Connections_Count": 5792, "Service_Area_Type": "Residential Area", "Verification_Status": "Verified", "Area_SqKM": 38.98735783242095}, "geometry": {"type": "Point", "coordinates": [-70.70090390227602, 42.04924594292112]}}, {"type": "Feature", "properties": {"PWSID": "MA4052074", "PWS_Name": "PINE RIDGE CONDOMINIUMS AT SAMPSONS POND", "Primacy_Agency": "MA", "Population_Served_Count": 89, "Service_Connections_Count": 9, "Service_Area_Type": "Residential Area", "Verification_Status": "Verified", "Area_SqKM": 0.03068639611289205}, "geometry": {"type": "Point", "coordinates": [-70.7414970531714, 41.85036768546031]}}, {"type": "Feature", "properties": {"PWSID": "MA4055000", "PWS_Name": "CHATHAM WATER DEPARTMENT", "Primacy_Agency": "MA", "Population_Served_Count": 30000, "Service_Connections_Count": 7277, "Service_Area_Type": "Residential Area", "Verification_Status": "Verified", "Area_SqKM": 24.389053424138176}, "geometry": {"type": "Point", "coordinates": [-69.98392111521325, 41.68526311311236]}}, {"type": "Feature", "properties": {"PWSID": "MA4052044", "PWS_Name": "WATERVIEW PARK LLC", "Primacy_Agency": "MA", "Population_Served_Count": 102, "Service_Connections_Count": 65, "Service_Area_Type": "Mobile Home Park - Principal Residence", "Verification_Status": "Verified", "Area_SqKM": 0.09699736552976677}, "geometry": {"type": "Point", "coordinates": [-70.78535489700619, 41.902926247023395]}}, {"type": "Feature", "properties": {"PWSID": "MA4052054", "PWS_Name": "MEADOW WOODS ESTATE HOMEOWNERS ASSN, INC", "Primacy_Agency": "MA", "Population_Served_Count": 120, "Service_Connections_Count": 66, "Service_Area_Type": "Homeowners Association", "Verification_Status": "Verified", "Area_SqKM": 0.10829793928755517}, "geometry": {"type": "Point", "coordinates": [-70.77847253663984, 41.83245126443695]}}, {"type": "Feature", "properties": {"PWSID": "MA4052061", "PWS_Name": "CARVER MUNICIPAL BUILDINGS", "Primacy_Agency": "MA", "Population_Served_Count": 100, "Service_Connections_Count": 2, "Service_Area_Type": "Residential Area", "Verification_Status": "Verified", "Area_SqKM": 0.024572333143591227}, "geometry": {"type": "Point", "coordinates": [-70.7683307934189, 41.889033486574725]}}, {"type": "Feature", "properties": {"PWSID": "MA3320000", "PWS_Name": "WENHAM WATER DEPT.", "Primacy_Agency": "MA", "Population_Served_Count": 3942, "Service_Connections_Count": 1249, "Service_Area_Type": "Residential Area", "Verification_Status": "Verified", "Area_SqKM": 6.98919921803071}, "geometry": {"type": "Point", "coordinates": [-70.88603448163539, 42.601205894099266]}}, {"type": "Feature", "properties": {"PWSID": "MA4086095", "PWS_Name": "TOWN OF EASTHAM", "Primacy_Agency": "MA", "Population_Served_Count": 6199, "Service_Connections_Count": 2182, "Service_Area_Type": "Residential Area", "Verification_Status": "Verified", "Area_SqKM": 14.40035420887369}, "geometry": {"type": "Point", "coordinates": [-69.98804816409337, 41.82838673089981]}}, {"type": "Feature", "properties": {"PWSID": "MA4318107", "PWS_Name": "WELLFLEET APARTMENTS", "Primacy_Agency": "MA", "Population_Served_Count": 48, "Service_Connections_Count": 12, "Service_Area_Type": "Residential Area", "Verification_Status": "Verified", "Area_SqKM": 0.005674016429069559}, "geometry": {"type": "Point", "coordinates": [-70.00629336018213, 41.9259028000234]}}, {"type": "Feature", "properties": {"PWSID": "MA4261000", "PWS_Name": "SANDWICH WATER DISTRICT", "Primacy_Agency": "MA", "Population_Served_Count": 23000, "Service_Connections_Count": 7315, "Service_Area_Type": "Residential Area", "Verification_Status": "Not Verified", "Area_SqKM": 54.65132802660568}, "geometry": {"type": "Point", "coordinates": [-70.48042614604537, 41.75255939555739]}}, {"type": "Feature", "properties": {"PWSID": "MA4310003", "PWS_Name": "ONSET FIRE DISTRICTWATER DEPT.", "Primacy_Agency": "MA", "Population_Served_Count": 5392, "Service_Connections_Count": 2982, "Service_Area_Type": "Residential Area", "Verification_Status": "Verified", "Area_SqKM": 5.8410890014008245}, "geometry": {"type": "Point", "coordinates": [-70.64906252647926, 41.75105498932917]}}, {"type": "Feature", "properties": {"PWSID": "MA4318040", "PWS_Name": "HARBORSIDE VILLAGE", "Primacy_Agency": "MA", "Population_Served_Count": 165, "Service_Connections_Count": 83, "Service_Area_Type": "Mobile Home Park", "Verification_Status": "Verified", "Area_SqKM": 0.04184448757346685}, "geometry": {"type": "Point", "coordinates": [-70.03635076147194, 41.931910123091185]}}, {"type": "Feature", "properties": {"PWSID": "MA4318056", "PWS_Name": "MASSASOIT HILLS TRAILER PARK", "Primacy_Agency": "MA", "Population_Served_Count": 120, "Service_Connections_Count": 120, "Service_Area_Type": "Mobile Home Park", "Verification_Status": "Verified", "Area_SqKM": 0.06766028816789807}, "geometry": {"type": "Point", "coordinates": [-69.99269768262012, 41.87855456961349]}}, {"type": "Feature", "properties": {"PWSID": "MA3258000", "PWS_Name": "SALEM WATER DEPARTMENT", "Primacy_Agency": "MA", "Population_Served_Count": 44480, "Service_Connections_Count": 10070, "Service_Area_Type": "Residential Area", "Verification_Status": "Not Verified", "Area_SqKM": 21.610059138024585}, "geometry": {"type": "Point", "coordinates": [-70.85806321913391, 42.52607112102252]}}, {"type": "Feature", "properties": {"PWSID": "MA3206000", "PWS_Name": "NEWBURYPORT WATER DEPARTMENT", "Primacy_Agency": "MA", "Population_Served_Count": 20335, "Service_Connections_Count": 8494, "Service_Area_Type": "Residential Area", "Verification_Status": "Verified", "Area_SqKM": 20.13680240488335}, "geometry": {"type": "Point", "coordinates": [-70.8509397994095, 42.80998539531975]}}, {"type": "Feature", "properties": {"PWSID": "MA3259000", "PWS_Name": "SALISBURY WATER DIVISION", "Primacy_Agency": "MA", "Population_Served_Count": 20000, "Service_Connections_Count": 4020, "Service_Area_Type": "Residential Area", "Verification_Status": "Verified", "Area_SqKM": 10.137012310204979}, "geometry": {"type": "Point", "coordinates": [-70.85974429803905, 42.851651275131935]}}, {"type": "Feature", "properties": {"PWSID": "MA4020000", "PWS_Name": "BARNSTABLE FIRE DISTRICT", "Primacy_Agency": "MA", "Population_Served_Count": 5400, "Service_Connections_Count": 1988, "Service_Area_Type": "Residential Area", "Verification_Status": "Verified", "Area_SqKM": 20.020753728071313}, "geometry": {"type": "Point", "coordinates": [-70.29455352077177, 41.70492116261928]}}, {"type": "Feature", "properties": {"PWSID": "MA4052070", "PWS_Name": "TOWNHOUSES @ COPPER LANTERN", "Primacy_Agency": "MA", "Population_Served_Count": 176, "Service_Connections_Count": 44, "Service_Area_Type": "Residential Area", "Verification_Status": "Not Verified", "Area_SqKM": 0.20235962466603277}, "geometry": {"type": "Point", "coordinates": [-70.73640659752938, 41.83041863656216]}}, {"type": "Feature", "properties": {"PWSID": "MA4075000", "PWS_Name": "DENNIS WATER DISTRICT", "Primacy_Agency": "MA", "Population_Served_Count": 65000, "Service_Connections_Count": 14576, "Service_Area_Type": "Residential Area", "Verification_Status": "Verified", "Area_SqKM": 54.06471270410941}, "geometry": {"type": "Point", "coordinates": [-70.16729501801481, 41.69763060982272]}}, {"type": "Feature", "properties": {"PWSID": "MA4065000", "PWS_Name": "COHASSET WATER DEPT", "Primacy_Agency": "MA", "Population_Served_Count": 7555, "Service_Connections_Count": 2692, "Service_Area_Type": "Residential Area", "Verification_Status": "Verified", "Area_SqKM": 24.731108676579453}, "geometry": {"type": "Point", "coordinates": [-70.80968211380028, 42.25132803776017]}}, {"type": "Feature", "properties": {"PWSID": "MA4182015", "PWS_Name": "NEMASKET HEALTH CARE CENTER", "Primacy_Agency": "MA", "Population_Served_Count": 90, "Service_Connections_Count": 1, "Service_Area_Type": "Institution", "Verification_Status": "Verified", "Area_SqKM": 0.10823017785383872}, "geometry": {"type": "Point", "coordinates": [-70.88305778138307, 41.82942058120168]}}, {"type": "Feature", "properties": {"PWSID": "MA4264000", "PWS_Name": "SCITUATE WATER DIVISION", "Primacy_Agency": "MA", "Population_Served_Count": 19297, "Service_Connections_Count": 8397, "Service_Area_Type": "Residential Area", "Verification_Status": "Verified", "Area_SqKM": 32.114639310454464}, "geometry": {"type": "Point", "coordinates": [-70.76885349646894, 42.204386945676575]}}, {"type": "Feature", "properties": {"PWSID": "MA4197000", "PWS_Name": "WANNACOMET WATER COMPANY", "Primacy_Agency": "MA", "Population_Served_Count": 27703, "Service_Connections_Count": 7074, "Service_Area_Type": "Residential Area", "Verification_Status": "Verified", "Area_SqKM": 28.766350285273223}, "geometry": {"type": "Point", "coordinates": [-70.1240508459025, 41.277542778831695]}}, {"type": "Feature", "properties": {"PWSID": "MA4197001", "PWS_Name": "SIASCONSET WATER DEPARTMENT", "Primacy_Agency": "MA", "Population_Served_Count": 3000, "Service_Connections_Count": 852, "Service_Area_Type": "Residential Area", "Verification_Status": "Verified", "Area_SqKM": 3.8076002653822507}, "geometry": {"type": "Point", "coordinates": [-69.96666909118649, 41.266425189665874]}}, {"type": "Feature", "properties": {"PWSID": "MA3030000", "PWS_Name": "BEVERLY WATER DEPT", "Primacy_Agency": "MA", "Population_Served_Count": 47461, "Service_Connections_Count": 11506, "Service_Area_Type": "Residential Area", "Verification_Status": "Not Verified", "Area_SqKM": 39.914490678588855}, "geometry": {"type": "Point", "coordinates": [-70.86650847984684, 42.550541065605046]}}, {"type": "Feature", "properties": {"PWSID": "MA4351000", "PWS_Name": "YARMOUTH WATER DEPARTMENT", "Primacy_Agency": "MA", "Population_Served_Count": 38900, "Service_Connections_Count": 16357, "Service_Area_Type": "Residential Area", "Verification_Status": "Verified", "Area_SqKM": 47.3746204266302}, "geometry": {"type": "Point", "coordinates": [-70.22265161756697, 41.68082648269096]}}, {"type": "Feature", "properties": {"PWSID": "MA4169000", "PWS_Name": "MARION WATER DIVISION", "Primacy_Agency": "MA", "Population_Served_Count": 5761, "Service_Connections_Count": 2991, "Service_Area_Type": "Residential Area", "Verification_Status": "Verified", "Area_SqKM": 25.93745958827453}, "geometry": {"type": "Point", "coordinates": [-70.7598322329416, 41.70541874158968]}}, {"type": "Feature", "properties": {"PWSID": "MA4239000", "PWS_Name": "PLYMOUTH WATER DEPARTMENT", "Primacy_Agency": "MA", "Population_Served_Count": 46799, "Service_Connections_Count": 14952, "Service_Area_Type": "Residential Area", "Verification_Status": "Verified", "Area_SqKM": 96.81994857636747}, "geometry": {"type": "Point", "coordinates": [-70.6049076852217, 41.92450624431585]}}, {"type": "Feature", "properties": {"PWSID": "MA4239010", "PWS_Name": "MASAC PLYMOUTH", "Primacy_Agency": "MA", "Population_Served_Count": 210, "Service_Connections_Count": 3, "Service_Area_Type": "Institution", "Verification_Status": "Verified", "Area_SqKM": 0.11073552975606882}, "geometry": {"type": "Point", "coordinates": [-70.66009448000494, 41.84989927416629]}}, {"type": "Feature", "properties": {"PWSID": "MA4096001", "PWS_Name": "OTIS AIR NATIONAL GUARD BASE", "Primacy_Agency": "MA", "Population_Served_Count": 6000, "Service_Connections_Count": 337, "Service_Area_Type": "Other Area", "Verification_Status": "Not Verified", "Area_SqKM": 33.98808498568271}, "geometry": {"type": "Point", "coordinates": [-70.53691194415774, 41.693988767779665]}}, {"type": "Feature", "properties": {"PWSID": "MA4118000", "PWS_Name": "HALIFAX WATER DEPARTMENT", "Primacy_Agency": "MA", "Population_Served_Count": 7553, "Service_Connections_Count": 2875, "Service_Area_Type": "Municipality", "Verification_Status": "Verified", "Area_SqKM": 12.807714462958007}, "geometry": {"type": "Point", "coordinates": [-70.85979681877338, 41.998297758833495]}}, {"type": "Feature", "properties": {"PWSID": "MA4123000", "PWS_Name": "HANSON WATER DEPARTMENT", "Primacy_Agency": "MA", "Population_Served_Count": 9546, "Service_Connections_Count": 3567, "Service_Area_Type": "Residential Area", "Verification_Status": "Not Verified", "Area_SqKM": 39.882300203244725}, "geometry": {"type": "Point", "coordinates": [-70.86583706484164, 42.07442860160433]}}, {"type": "Feature", "properties": {"PWSID": "MA4126000", "PWS_Name": "HARWICH WATER DEPARTMENT", "Primacy_Agency": "MA", "Population_Served_Count": 39144, "Service_Connections_Count": 10154, "Service_Area_Type": "Residential Area", "Verification_Status": "Verified", "Area_SqKM": 34.2915264495812}, "geometry": {"type": "Point", "coordinates": [-70.06851909408293, 41.695756035844624]}}, {"type": "Feature", "properties": {"PWSID": "MA4145000", "PWS_Name": "KINGSTON WATER DEPARTMENT", "Primacy_Agency": "MA", "Population_Served_Count": 14712, "Service_Connections_Count": 5104, "Service_Area_Type": "Residential Area", "Verification_Status": "Not Verified", "Area_SqKM": 24.770126850095316}, "geometry": {"type": "Point", "coordinates": [-70.75199678822962, 41.98920862839022]}}, {"type": "Feature", "properties": {"PWSID": "MA3168000", "PWS_Name": "MARBLEHEAD WATER DEPT. (MWRA)", "Primacy_Agency": "MA", "Population_Served_Count": 20441, "Service_Connections_Count": 8122, "Service_Area_Type": "Residential Area", "Verification_Status": "Verified", "Area_SqKM": 11.294179814866887}, "geometry": {"type": "Point", "coordinates": [-70.85273586114845, 42.50324653225606]}}, {"type": "Feature", "properties": {"PWSID": "MA4122000", "PWS_Name": "HANOVER WATER DEPT", "Primacy_Agency": "MA", "Population_Served_Count": 14984, "Service_Connections_Count": 5165, "Service_Area_Type": "Residential Area", "Verification_Status": "Verified", "Area_SqKM": 40.45188449179298}, "geometry": {"type": "Point", "coordinates": [-70.83122558206404, 42.12521057943005]}}, {"type": "Feature", "properties": {"PWSID": "MA4296000", "PWS_Name": "TISBURY WATER WORKS", "Primacy_Agency": "MA", "Population_Served_Count": 6082, "Service_Connections_Count": 2815, "Service_Area_Type": "Other Area", "Verification_Status": "Not Verified", "Area_SqKM": 17.02040730394718}, "geometry": {"type": "Point", "coordinates": [-70.61066236046318, 41.458756043323525]}}, {"type": "Feature", "properties": {"PWSID": "MA4096000", "PWS_Name": "FALMOUTH WATER DEPT", "Primacy_Agency": "MA", "Population_Served_Count": 97551, "Service_Connections_Count": 21920, "Service_Area_Type": "Residential Area", "Verification_Status": "Verified", "Area_SqKM": 97.51489439059445}, "geometry": {"type": "Point", "coordinates": [-70.5845412029439, 41.58554665523447]}}, {"type": "Feature", "properties": {"PWSID": "MA1267000", "PWS_Name": "AQUARION WATER COMPANY", "Primacy_Agency": "MA", "Population_Served_Count": 987, "Service_Connections_Count": 499, "Service_Area_Type": "Residential Area", "Verification_Status": "Verified", "Area_SqKM": 6.586151995609789}, "geometry": {"type": "Point", "coordinates": [-71.93998418934719, 41.95785204983959]}}]}