{"type": "FeatureCollection", "features": [{"type": "Feature", "properties": {"PWSID": "NC1020006", "PWS_Name": "THE SANCTUARY AT VANCE MTN", "Primacy_Agency": "NC", "Population_Served_Count": 30, "Service_Connections_Count": 15, "Service_Area_Type": "Subdivision", "Verification_Status": "", "Area_SqKM": 0.1417401451153038}, "geometry": {"type": "Point", "coordinates": [-84.12844036571394, 35.01165480421997]}}, {"type": "Feature", "properties": {"PWSID": "NC0157117", "PWS_Name": "KING MOUNTAIN CLUB WATER", "Primacy_Agency": "NC", "Population_Served_Count": 150, "Service_Connections_Count": 60, "Service_Area_Type": "Residential Area", "Verification_Status": "", "Area_SqKM": 3.35354335553066}, "geometry": {"type": "Point", "coordinates": [-83.2988444959846, 35.009640250239976]}}, {"type": "Feature", "properties": {"PWSID": "NC0157154", "PWS_Name": "SASSAFRAS GAP EMPLOYEE VILLAGE", "Primacy_Agency": "NC", "Population_Served_Count": 107, "Service_Connections_Count": 42, "Service_Area_Type": "Residential Area", "Verification_Status": "", "Area_SqKM": 2.9121661531479277}, "geometry": {"type": "Point", "coordinates": [-83.20066611971086, 35.010244554326285]}}, {"type": "Feature", "properties": {"PWSID": "NC0150178", "PWS_Name": "CEDAR RIDGE ESTATES", "Primacy_Agency": "NC", "Population_Served_Count": 107, "Service_Connections_Count": 42, "Service_Area_Type": "Residential Area", "Verification_Status": "", "Area_SqKM": 3.5415053605822044}, "geometry": {"type": "Point", "coordinates": [-83.08954383725242, 35.13324477663235]}}, {"type": "Feature", "properties": {"PWSID": "NC1050035", "PWS_Name": "MOUNTAIN TOP GOLF & LAKE CLUB", "Primacy_Agency": "NC", "Population_Served_Count": 445, "Service_Connections_Count": 175, "Service_Area_Type": "Residential Area", "Verification_Status": "", "Area_SqKM": 2.2563864078148392}, "geometry": {"type": "Point", "coordinates": [-83.14100622912731, 35.121691610847506]}}, {"type": "Feature", "properties": {"PWSID": "NC1050037", "PWS_Name": "THE DIVIDE WATER SYSTEM", "Primacy_Agency": "NC", "Population_Served_Count": 81, "Service_Connections_Count": 32, "Service_Area_Type": "Subdivision", "Verification_Status": "", "Area_SqKM": 19.364239615576427}, "geometry": {"type": "Point", "coordinates": [-83.02123655129517, 35.140479321930044]}}, {"type": "Feature", "properties": {"PWSID": "NC1050042", "PWS_Name": "TRILLIUM LINKS WEST", "Primacy_Agency": "NC", "Population_Served_Count": 424, "Service_Connections_Count": 167, "Service_Area_Type": "Residential Area", "Verification_Status": "", "Area_SqKM": 0.03187252907379312}, "geometry": {"type": "Point", "coordinates": [-83.14688001866426, 35.14033635938555]}}, {"type": "Feature", "properties": {"PWSID": "NC1050045", "PWS_Name": "CHINQUAPIN DEVELOPMENT", "Primacy_Agency": "NC", "Population_Served_Count": 259, "Service_Connections_Count": 102, "Service_Area_Type": "Subdivision", "Verification_Status": "", "Area_SqKM": 11.276875044157565}, "geometry": {"type": "Point", "coordinates": [-83.07834496166849, 35.17447026113039]}}, {"type": "Feature", "properties": {"PWSID": "NC1057008", "PWS_Name": "THE GARDENS AT CAT CREEK", "Primacy_Agency": "NC", "Population_Served_Count": 40, "Service_Connections_Count": 18, "Service_Area_Type": "Subdivision", "Verification_Status": "", "Area_SqKM": 2.963935627612224}, "geometry": {"type": "Point", "coordinates": [-83.36251268695044, 35.19990983653254]}}, {"type": "Feature", "properties": {"PWSID": "NC1057013", "PWS_Name": "HIGHGATE S/D", "Primacy_Agency": "NC", "Population_Served_Count": 62, "Service_Connections_Count": 31, "Service_Area_Type": "Subdivision", "Verification_Status": "", "Area_SqKM": 1.1437764311788072}, "geometry": {"type": "Point", "coordinates": [-83.25946814047703, 35.10263421066133]}}, {"type": "Feature", "properties": {"PWSID": "NC0157112", "PWS_Name": "CAROLINA HIGHLANDS RETIRE PARK", "Primacy_Agency": "NC", "Population_Served_Count": 45, "Service_Connections_Count": 36, "Service_Area_Type": "Mobile Home Park - Principal Residence", "Verification_Status": "", "Area_SqKM": 0.15100112280826267}, "geometry": {"type": "Point", "coordinates": [-83.33234447276786, 35.16609078185531]}}, {"type": "Feature", "properties": {"PWSID": "NC0157132", "PWS_Name": "NEIGHBORS OF FRANKLIN, LLC", "Primacy_Agency": "NC", "Population_Served_Count": 66, "Service_Connections_Count": 26, "Service_Area_Type": "Mobile Home Park - Principal Residence", "Verification_Status": "", "Area_SqKM": 0.07832960383973486}, "geometry": {"type": "Point", "coordinates": [-83.30988606368045, 35.16249349063896]}}, {"type": "Feature", "properties": {"PWSID": "NC0157155", "PWS_Name": "EL SHADDAI", "Primacy_Agency": "NC", "Population_Served_Count": 53, "Service_Connections_Count": 25, "Service_Area_Type": "Residential Area", "Verification_Status": "", "Area_SqKM": 0.004453433550732271}, "geometry": {"type": "Point", "coordinates": [-83.65321652991864, 35.17782060989536]}}, {"type": "Feature", "properties": {"PWSID": "NC1050043", "PWS_Name": "DILLSBORO WATER UTILITIES, INC.", "Primacy_Agency": "NC", "Population_Served_Count": 37, "Service_Connections_Count": 3, "Service_Area_Type": "Hotel/Motel", "Verification_Status": "", "Area_SqKM": 0.34658362515479746}, "geometry": {"type": "Point", "coordinates": [-83.25004889752337, 35.36910409396654]}}, {"type": "Feature", "properties": {"PWSID": "NC1050057", "PWS_Name": "BEAR LAKE RESERVE 1B", "Primacy_Agency": "NC", "Population_Served_Count": 396, "Service_Connections_Count": 156, "Service_Area_Type": "Residential Area", "Verification_Status": "", "Area_SqKM": 0.02499579825616524}, "geometry": {"type": "Point", "coordinates": [-83.02835485448547, 35.25003880003145]}}, {"type": "Feature", "properties": {"PWSID": "NC0138105", "PWS_Name": "LAKE SANTEETLAH, TOWN OF", "Primacy_Agency": "NC", "Population_Served_Count": 498, "Service_Connections_Count": 199, "Service_Area_Type": "Residential Area", "Verification_Status": "Verified\u00a0", "Area_SqKM": 0.4990142451529177}, "geometry": {"type": "Point", "coordinates": [-83.86623205432072, 35.364060622910024]}}, {"type": "Feature", "properties": {"PWSID": "NC0138103", "PWS_Name": "SANTEETLAH SHORES", "Primacy_Agency": "NC", "Population_Served_Count": 58, "Service_Connections_Count": 27, "Service_Area_Type": "Residential Area", "Verification_Status": "", "Area_SqKM": 0.4990157729914991}, "geometry": {"type": "Point", "coordinates": [-83.86623205432072, 35.36406062083432]}}, {"type": "Feature", "properties": {"PWSID": "NC0187562", "PWS_Name": "NANTAHALA OUTDOOR--FLINT RIDGE", "Primacy_Agency": "NC", "Population_Served_Count": 46, "Service_Connections_Count": 18, "Service_Area_Type": "Recreation Area", "Verification_Status": "", "Area_SqKM": 0.22296131455183316}, "geometry": {"type": "Point", "coordinates": [-83.7853389739568, 35.315928715965406]}}, {"type": "Feature", "properties": {"PWSID": "NC0157147", "PWS_Name": "NANTAHALA SHORES", "Primacy_Agency": "NC", "Population_Served_Count": 53, "Service_Connections_Count": 27, "Service_Area_Type": "Residential Area", "Verification_Status": "", "Area_SqKM": 0.04050382530331913}, "geometry": {"type": "Point", "coordinates": [-83.78774035447294, 35.307220326271334]}}, {"type": "Feature", "properties": {"PWSID": "NC0120109", "PWS_Name": "GRANNY SQUIRREL", "Primacy_Agency": "NC", "Population_Served_Count": 142, "Service_Connections_Count": 51, "Service_Area_Type": "Residential Area", "Verification_Status": "", "Area_SqKM": 0.5407159919636885}, "geometry": {"type": "Point", "coordinates": [-83.7463042086878, 35.26351112606822]}}, {"type": "Feature", "properties": {"PWSID": "NC0122107", "PWS_Name": "EAGLE'S VIEW S/D", "Primacy_Agency": "NC", "Population_Served_Count": 127, "Service_Connections_Count": 50, "Service_Area_Type": "Residential Area", "Verification_Status": "", "Area_SqKM": 0.014365773291338162}, "geometry": {"type": "Point", "coordinates": [-83.75816888127572, 34.99764960634021]}}, {"type": "Feature", "properties": {"PWSID": "NC0157152", "PWS_Name": "CULLASAJA RIVER S/D", "Primacy_Agency": "NC", "Population_Served_Count": 53, "Service_Connections_Count": 27, "Service_Area_Type": "Residential Area", "Verification_Status": "", "Area_SqKM": 0.04628315744115685}, "geometry": {"type": "Point", "coordinates": [-83.3143939143035, 35.15994015235509]}}, {"type": "Feature", "properties": {"PWSID": "NC0157153", "PWS_Name": "COWEE MOUNTAIN S/D", "Primacy_Agency": "NC", "Population_Served_Count": 46, "Service_Connections_Count": 18, "Service_Area_Type": "Residential Area", "Verification_Status": "", "Area_SqKM": 0.13190223162674672}, "geometry": {"type": "Point", "coordinates": [-83.15978969614414, 35.096651333935974]}}, {"type": "Feature", "properties": {"PWSID": "NC0157428", "PWS_Name": "LBJ JOB CORPS", "Primacy_Agency": "NC", "Population_Served_Count": 270, "Service_Connections_Count": 24, "Service_Area_Type": "Other Residential", "Verification_Status": "", "Area_SqKM": 0.05677654318105085}, "geometry": {"type": "Point", "coordinates": [-83.51105962742244, 35.164605898130866]}}, {"type": "Feature", "properties": {"PWSID": "NC0188131", "PWS_Name": "TOXAWAY VILLAS", "Primacy_Agency": "NC", "Population_Served_Count": 50, "Service_Connections_Count": 20, "Service_Area_Type": "Residential Area", "Verification_Status": "", "Area_SqKM": 2.185232983841388}, "geometry": {"type": "Point", "coordinates": [-82.94121204548938, 35.13863949927484]}}, {"type": "Feature", "properties": {"PWSID": "NC0188135", "PWS_Name": "CLUB COLONY S/D", "Primacy_Agency": "NC", "Population_Served_Count": 38, "Service_Connections_Count": 15, "Service_Area_Type": "Subdivision", "Verification_Status": "", "Area_SqKM": 0.01617685207073658}, "geometry": {"type": "Point", "coordinates": [-82.95250609136811, 35.12704135323023]}}, {"type": "Feature", "properties": {"PWSID": "NC1050069", "PWS_Name": "TIMBER RIDGE", "Primacy_Agency": "NC", "Population_Served_Count": 51, "Service_Connections_Count": 20, "Service_Area_Type": "Subdivision", "Verification_Status": "", "Area_SqKM": 2.1636472828534474}, "geometry": {"type": "Point", "coordinates": [-83.10010632682769, 35.097580765433676]}}, {"type": "Feature", "properties": {"PWSID": "NC1057011", "PWS_Name": "MILL CREEK ESTATES PROPERTY OWNERS ASSO.", "Primacy_Agency": "NC", "Population_Served_Count": 676, "Service_Connections_Count": 338, "Service_Area_Type": "Residential Area", "Verification_Status": "", "Area_SqKM": 1.7448757639273125}, "geometry": {"type": "Point", "coordinates": [-83.33428823780864, 35.20710951952537]}}, {"type": "Feature", "properties": {"PWSID": "NC0144489", "PWS_Name": "GREEN VALLEY MHP", "Primacy_Agency": "NC", "Population_Served_Count": 110, "Service_Connections_Count": 43, "Service_Area_Type": "Mobile Home Park - Principal Residence", "Verification_Status": "", "Area_SqKM": 0.3239296075814544}, "geometry": {"type": "Point", "coordinates": [-83.03068388189867, 35.45688928420671]}}, {"type": "Feature", "properties": {"PWSID": "NC0150192", "PWS_Name": "RIVERSIDE APARTMENTS", "Primacy_Agency": "NC", "Population_Served_Count": 89, "Service_Connections_Count": 35, "Service_Area_Type": "Residential Area", "Verification_Status": "", "Area_SqKM": 0.07974524505074372}, "geometry": {"type": "Point", "coordinates": [-83.16590255430859, 35.401978096269]}}, {"type": "Feature", "properties": {"PWSID": "NC0144035", "PWS_Name": "JUNALUSKA SANITARY DISTRICT", "Primacy_Agency": "NC", "Population_Served_Count": 5138, "Service_Connections_Count": 2023, "Service_Area_Type": "Sanitary Improvement District", "Verification_Status": "Verified\u00a0", "Area_SqKM": 11.529491178441035}, "geometry": {"type": "Point", "coordinates": [-82.95223643746372, 35.536738977659276]}}, {"type": "Feature", "properties": {"PWSID": "NC0187010", "PWS_Name": "BRYSON CITY, TOWN OF", "Primacy_Agency": "NC", "Population_Served_Count": 4395, "Service_Connections_Count": 1680, "Service_Area_Type": "Residential Area", "Verification_Status": "Verified\u00a0", "Area_SqKM": 8.736355992311388}, "geometry": {"type": "Point", "coordinates": [-83.45104830838648, 35.42777143808682]}}, {"type": "Feature", "properties": {"PWSID": "NC0187020", "PWS_Name": "WHITTIER SANITARY DISTRICT", "Primacy_Agency": "NC", "Population_Served_Count": 252, "Service_Connections_Count": 98, "Service_Area_Type": "Residential Area", "Verification_Status": "Verified\u00a0", "Area_SqKM": 0.8613527694268718}, "geometry": {"type": "Point", "coordinates": [-83.36345450013337, 35.43683913083654]}}, {"type": "Feature", "properties": {"PWSID": "NC0120103", "PWS_Name": "BEAR PAW RESORT", "Primacy_Agency": "NC", "Population_Served_Count": 909, "Service_Connections_Count": 362, "Service_Area_Type": "Residential Area", "Verification_Status": "", "Area_SqKM": 4.944465335564497}, "geometry": {"type": "Point", "coordinates": [-84.17119962907043, 35.14526364842053]}}, {"type": "Feature", "properties": {"PWSID": "NC0122101", "PWS_Name": "CHATUGE VILLAGE", "Primacy_Agency": "NC", "Population_Served_Count": 267, "Service_Connections_Count": 105, "Service_Area_Type": "Residential Area", "Verification_Status": "", "Area_SqKM": 0.5683499349775732}, "geometry": {"type": "Point", "coordinates": [-83.74816709304666, 35.032032090230516]}}, {"type": "Feature", "properties": {"PWSID": "NC0157123", "PWS_Name": "HIGHLANDS FALLS COUNTRY CLUB", "Primacy_Agency": "NC", "Population_Served_Count": 650, "Service_Connections_Count": 384, "Service_Area_Type": "Residential Area", "Verification_Status": "", "Area_SqKM": 1.0193030730408683}, "geometry": {"type": "Point", "coordinates": [-83.17657502378263, 35.068055445551344]}}, {"type": "Feature", "properties": {"PWSID": "NC0150136", "PWS_Name": "HIGH HAMPTON INN/COUNTRY CLUB", "Primacy_Agency": "NC", "Population_Served_Count": 772, "Service_Connections_Count": 304, "Service_Area_Type": "Residential Area", "Verification_Status": "", "Area_SqKM": 0.7345207275952663}, "geometry": {"type": "Point", "coordinates": [-83.09569419555451, 35.103110587275786]}}, {"type": "Feature", "properties": {"PWSID": "NC0150161", "PWS_Name": "CEDAR CREEK WOODS", "Primacy_Agency": "NC", "Population_Served_Count": 122, "Service_Connections_Count": 48, "Service_Area_Type": "Residential Area", "Verification_Status": "", "Area_SqKM": 0.02127406161816239}, "geometry": {"type": "Point", "coordinates": [-83.08009892995437, 35.12711453140043]}}, {"type": "Feature", "properties": {"PWSID": "NC0150181", "PWS_Name": "CONTINENTAL CLIFFS", "Primacy_Agency": "NC", "Population_Served_Count": 79, "Service_Connections_Count": 31, "Service_Area_Type": "Residential Area", "Verification_Status": "", "Area_SqKM": 0.895087051022754}, "geometry": {"type": "Point", "coordinates": [-83.13583656838847, 35.18192029745387]}}, {"type": "Feature", "properties": {"PWSID": "NC0150501", "PWS_Name": "INGLES SUPERMARKET  NO 110", "Primacy_Agency": "NC", "Population_Served_Count": 66, "Service_Connections_Count": 26, "Service_Area_Type": "Other Non-transient Area", "Verification_Status": "", "Area_SqKM": 0.7361987130359157}, "geometry": {"type": "Point", "coordinates": [-83.08468845622546, 35.12501550117147]}}, {"type": "Feature", "properties": {"PWSID": "NC0157108", "PWS_Name": "RIVERBEND ESTATES", "Primacy_Agency": "NC", "Population_Served_Count": 323, "Service_Connections_Count": 130, "Service_Area_Type": "Residential Area", "Verification_Status": "", "Area_SqKM": 1.1740790003037926}, "geometry": {"type": "Point", "coordinates": [-83.43797275291807, 35.158512021267015]}}, {"type": "Feature", "properties": {"PWSID": "NC0157118", "PWS_Name": "WILDCAT CLIFFS COUNTRY CLUB", "Primacy_Agency": "NC", "Population_Served_Count": 445, "Service_Connections_Count": 175, "Service_Area_Type": "Residential Area", "Verification_Status": "", "Area_SqKM": 1.8969248731882873}, "geometry": {"type": "Point", "coordinates": [-83.15424047929453, 35.085988425361116]}}, {"type": "Feature", "properties": {"PWSID": "NC0157137", "PWS_Name": "LAUREL RIDGE", "Primacy_Agency": "NC", "Population_Served_Count": 115, "Service_Connections_Count": 48, "Service_Area_Type": "Residential Area", "Verification_Status": "", "Area_SqKM": 0.1072674158963305}, "geometry": {"type": "Point", "coordinates": [-83.41260339585364, 35.21378433126126]}}, {"type": "Feature", "properties": {"PWSID": "NC0188537", "PWS_Name": "TOXAWAY SHORES", "Primacy_Agency": "NC", "Population_Served_Count": 64, "Service_Connections_Count": 25, "Service_Area_Type": "Residential Area", "Verification_Status": "", "Area_SqKM": 2.2224764004715736}, "geometry": {"type": "Point", "coordinates": [-82.94565896728545, 35.1348616118691]}}, {"type": "Feature", "properties": {"PWSID": "NC1057025", "PWS_Name": "LAUREL HILLS", "Primacy_Agency": "NC", "Population_Served_Count": 26, "Service_Connections_Count": 18, "Service_Area_Type": "Homeowners Association", "Verification_Status": "", "Area_SqKM": 0.3316975374359251}, "geometry": {"type": "Point", "coordinates": [-83.37856877076264, 35.12501231007648]}}, {"type": "Feature", "properties": {"PWSID": "NC0188119", "PWS_Name": "TOXAWAY POINT", "Primacy_Agency": "NC", "Population_Served_Count": 79, "Service_Connections_Count": 31, "Service_Area_Type": "Residential Area", "Verification_Status": "", "Area_SqKM": 0.17948434346272277}, "geometry": {"type": "Point", "coordinates": [-82.93356059487874, 35.13217464993512]}}, {"type": "Feature", "properties": {"PWSID": "NC0157010", "PWS_Name": "FRANKLIN, TOWN OF", "Primacy_Agency": "NC", "Population_Served_Count": 9650, "Service_Connections_Count": 3940, "Service_Area_Type": "Residential Area", "Verification_Status": "Verified\u00a0", "Area_SqKM": 19.548440903518593}, "geometry": {"type": "Point", "coordinates": [-83.3869348552472, 35.17375780804375]}}, {"type": "Feature", "properties": {"PWSID": "NC0187128", "PWS_Name": "SMOKY MTN COUNTRY CLUB ESTATES", "Primacy_Agency": "NC", "Population_Served_Count": 318, "Service_Connections_Count": 125, "Service_Area_Type": "Residential Area", "Verification_Status": "", "Area_SqKM": 1.723122287575232}, "geometry": {"type": "Point", "coordinates": [-83.37322459058849, 35.452058266757845]}}, {"type": "Feature", "properties": {"PWSID": "NC0150111", "PWS_Name": "CAROLINA VILLAGE APARTMENTS", "Primacy_Agency": "NC", "Population_Served_Count": 81, "Service_Connections_Count": 32, "Service_Area_Type": "Residential Area", "Verification_Status": "", "Area_SqKM": 0.04235217496346701}, "geometry": {"type": "Point", "coordinates": [-83.16646845019, 35.29609392013471]}}, {"type": "Feature", "properties": {"PWSID": "NC0138010", "PWS_Name": "ROBBINSVILLE, TOWN OF", "Primacy_Agency": "NC", "Population_Served_Count": 2916, "Service_Connections_Count": 1148, "Service_Area_Type": "Residential Area", "Verification_Status": "Verified\u00a0", "Area_SqKM": 3.970190795797718}, "geometry": {"type": "Point", "coordinates": [-83.80497964528429, 35.312261214783746]}}, {"type": "Feature", "properties": {"PWSID": "NC0187124", "PWS_Name": "NANTAHALA VILLAGE", "Primacy_Agency": "NC", "Population_Served_Count": 135, "Service_Connections_Count": 54, "Service_Area_Type": "Other Residential", "Verification_Status": "", "Area_SqKM": 0.019561059069215993}, "geometry": {"type": "Point", "coordinates": [-83.8778708000001, 35.30715710004924]}}, {"type": "Feature", "properties": {"PWSID": "NC0120025", "PWS_Name": "MARBLE COMMUNITY WTR SYSTEM", "Primacy_Agency": "NC", "Population_Served_Count": 999, "Service_Connections_Count": 490, "Service_Area_Type": "Residential Area", "Verification_Status": "Verified\u00a0", "Area_SqKM": 7.025573116795514}, "geometry": {"type": "Point", "coordinates": [-83.92196367030095, 35.17910279405945]}}, {"type": "Feature", "properties": {"PWSID": "NC0120020", "PWS_Name": "ANDREWS, TOWN OF", "Primacy_Agency": "NC", "Population_Served_Count": 3284, "Service_Connections_Count": 1293, "Service_Area_Type": "Residential Area", "Verification_Status": "Verified\u00a0", "Area_SqKM": 14.07345616122882}, "geometry": {"type": "Point", "coordinates": [-83.83373637270648, 35.19210824888557]}}, {"type": "Feature", "properties": {"PWSID": "NC0120115", "PWS_Name": "MURPHY MHP", "Primacy_Agency": "NC", "Population_Served_Count": 51, "Service_Connections_Count": 17, "Service_Area_Type": "Mobile Home Park - Principal Residence", "Verification_Status": "", "Area_SqKM": 0.003894022228416011}, "geometry": {"type": "Point", "coordinates": [-83.93476712008622, 35.094009379903085]}}, {"type": "Feature", "properties": {"PWSID": "NC0122010", "PWS_Name": "CLAY CO WATER & SEWER DISTRICT", "Primacy_Agency": "NC", "Population_Served_Count": 1870, "Service_Connections_Count": 748, "Service_Area_Type": "Residential Area", "Verification_Status": "Verified\u00a0", "Area_SqKM": 5.977170957532679}, "geometry": {"type": "Point", "coordinates": [-83.81760294370699, 35.044734577116806]}}, {"type": "Feature", "properties": {"PWSID": "NC0120010", "PWS_Name": "MURPHY, TOWN OF", "Primacy_Agency": "NC", "Population_Served_Count": 4498, "Service_Connections_Count": 1771, "Service_Area_Type": "Residential Area", "Verification_Status": "Verified\u00a0", "Area_SqKM": 21.425645083363047}, "geometry": {"type": "Point", "coordinates": [-84.01077329305286, 35.077250798850365]}}, {"type": "Feature", "properties": {"PWSID": "NC0122108", "PWS_Name": "THE RIDGES AT MOUNTAIN HARBOR", "Primacy_Agency": "NC", "Population_Served_Count": 160, "Service_Connections_Count": 64, "Service_Area_Type": "Residential Area", "Verification_Status": "", "Area_SqKM": 0.5343580483343509}, "geometry": {"type": "Point", "coordinates": [-83.72830228368731, 35.02048655971851]}}, {"type": "Feature", "properties": {"PWSID": "NC0157102", "PWS_Name": "FLAT MOUNTAIN ESTATES", "Primacy_Agency": "NC", "Population_Served_Count": 109, "Service_Connections_Count": 47, "Service_Area_Type": "Residential Area", "Verification_Status": "", "Area_SqKM": 0.04604377542417234}, "geometry": {"type": "Point", "coordinates": [-83.21033345317326, 35.078899310700045]}}, {"type": "Feature", "properties": {"PWSID": "NC0157015", "PWS_Name": "HIGHLANDS, TOWN OF", "Primacy_Agency": "NC", "Population_Served_Count": 6614, "Service_Connections_Count": 2604, "Service_Area_Type": "Residential Area", "Verification_Status": "Verified\u00a0", "Area_SqKM": 15.258350733696656}, "geometry": {"type": "Point", "coordinates": [-83.20044083275859, 35.05893962681896]}}, {"type": "Feature", "properties": {"PWSID": "NC0150113", "PWS_Name": "FAIRFIELD SAPPHIRE", "Primacy_Agency": "NC", "Population_Served_Count": 4073, "Service_Connections_Count": 1748, "Service_Area_Type": "Residential Area", "Verification_Status": "", "Area_SqKM": 3.330384251488112}, "geometry": {"type": "Point", "coordinates": [-83.03022020193664, 35.12321232147515]}}, {"type": "Feature", "properties": {"PWSID": "NC0150131", "PWS_Name": "STRAWBERRY HILL", "Primacy_Agency": "NC", "Population_Served_Count": 109, "Service_Connections_Count": 43, "Service_Area_Type": "Residential Area", "Verification_Status": "", "Area_SqKM": 0.059950847382541424}, "geometry": {"type": "Point", "coordinates": [-83.1753224434419, 35.16974765510132]}}, {"type": "Feature", "properties": {"PWSID": "NC0150163", "PWS_Name": "CASHIERS VILLAGE", "Primacy_Agency": "NC", "Population_Served_Count": 89, "Service_Connections_Count": 35, "Service_Area_Type": "Residential Area", "Verification_Status": "", "Area_SqKM": 0.468518796384897}, "geometry": {"type": "Point", "coordinates": [-83.10664579142593, 35.115323846055745]}}, {"type": "Feature", "properties": {"PWSID": "NC0150169", "PWS_Name": "BIG SHEEP CLIFF", "Primacy_Agency": "NC", "Population_Served_Count": 160, "Service_Connections_Count": 60, "Service_Area_Type": "Residential Area", "Verification_Status": "", "Area_SqKM": 1.4896542416666225}, "geometry": {"type": "Point", "coordinates": [-83.10053310870342, 35.12119626085681]}}, {"type": "Feature", "properties": {"PWSID": "NC0157150", "PWS_Name": "HERITAGE HILLS", "Primacy_Agency": "NC", "Population_Served_Count": 74, "Service_Connections_Count": 29, "Service_Area_Type": "Residential Area", "Verification_Status": "", "Area_SqKM": 0.7888089894534196}, "geometry": {"type": "Point", "coordinates": [-83.38207183737188, 35.21263500221812]}}, {"type": "Feature", "properties": {"PWSID": "NC0188127", "PWS_Name": "SAPPHIRE LAKES DEVELOPMENT", "Primacy_Agency": "NC", "Population_Served_Count": 724, "Service_Connections_Count": 334, "Service_Area_Type": "Residential Area", "Verification_Status": "", "Area_SqKM": 0.9727350896374497}, "geometry": {"type": "Point", "coordinates": [-82.96953730323412, 35.10980701889094]}}, {"type": "Feature", "properties": {"PWSID": "NC0188130", "PWS_Name": "TOXAWAY FALLS CONDOS", "Primacy_Agency": "NC", "Population_Served_Count": 74, "Service_Connections_Count": 35, "Service_Area_Type": "Residential Area", "Verification_Status": "", "Area_SqKM": 0.07151978106588978}, "geometry": {"type": "Point", "coordinates": [-82.94059627406217, 35.12727834966615]}}, {"type": "Feature", "properties": {"PWSID": "NC0138101", "PWS_Name": "TOWN OF FONTANA DAM", "Primacy_Agency": "NC", "Population_Served_Count": 950, "Service_Connections_Count": 165, "Service_Area_Type": "Residential Area", "Verification_Status": "", "Area_SqKM": 1.2617598487063133}, "geometry": {"type": "Point", "coordinates": [-83.72003522662469, 35.419650149362084]}}, {"type": "Feature", "properties": {"PWSID": "NC0138106", "PWS_Name": "TOBACCO BRANCH VILLAGE", "Primacy_Agency": "NC", "Population_Served_Count": 152, "Service_Connections_Count": 61, "Service_Area_Type": "Residential Area", "Verification_Status": "", "Area_SqKM": 0.60947356807336}, "geometry": {"type": "Point", "coordinates": [-83.62258899401571, 35.40406321938184]}}, {"type": "Feature", "properties": {"PWSID": "NC0144107", "PWS_Name": "LAKE JUNALUSKA ASSEMBLY", "Primacy_Agency": "NC", "Population_Served_Count": 2273, "Service_Connections_Count": 895, "Service_Area_Type": "Residential Area", "Verification_Status": "", "Area_SqKM": 2.5057370588259307}, "geometry": {"type": "Point", "coordinates": [-83.01261405330295, 35.511955112539354]}}, {"type": "Feature", "properties": {"PWSID": "NC0150102", "PWS_Name": "BALLOUGH HILLS", "Primacy_Agency": "NC", "Population_Served_Count": 102, "Service_Connections_Count": 40, "Service_Area_Type": "Residential Area", "Verification_Status": "", "Area_SqKM": 0.3546011062265683}, "geometry": {"type": "Point", "coordinates": [-83.07126610841867, 35.42935565067365]}}, {"type": "Feature", "properties": {"PWSID": "NC0150107", "PWS_Name": "FOREST HILLS WATER SYSTEM", "Primacy_Agency": "NC", "Population_Served_Count": 323, "Service_Connections_Count": 127, "Service_Area_Type": "Residential Area", "Verification_Status": "", "Area_SqKM": 0.6383379915696905}, "geometry": {"type": "Point", "coordinates": [-83.19442274548945, 35.29642207110684]}}, {"type": "Feature", "properties": {"PWSID": "NC0150116", "PWS_Name": "WESTERN CAROLINA UNIV WTP", "Primacy_Agency": "NC", "Population_Served_Count": 7800, "Service_Connections_Count": 80, "Service_Area_Type": "School", "Verification_Status": "", "Area_SqKM": 0.25885760948221337}, "geometry": {"type": "Point", "coordinates": [-83.18461257961992, 35.30624919810019]}}, {"type": "Feature", "properties": {"PWSID": "NC0150152", "PWS_Name": "CAROL`S CABINS", "Primacy_Agency": "NC", "Population_Served_Count": 51, "Service_Connections_Count": 20, "Service_Area_Type": "Other Transient Area", "Verification_Status": "", "Area_SqKM": 0.30086743889122985}, "geometry": {"type": "Point", "coordinates": [-83.20898401592505, 35.37692844752281]}}, {"type": "Feature", "properties": {"PWSID": "NC0150157", "PWS_Name": "MORNING STAR ASSISTED LIVING OF JACKSON", "Primacy_Agency": "NC", "Population_Served_Count": 80, "Service_Connections_Count": 1, "Service_Area_Type": "Other Residential", "Verification_Status": "", "Area_SqKM": 10.05423647076699}, "geometry": {"type": "Point", "coordinates": [-83.21785272583838, 35.37066642105057]}}, {"type": "Feature", "properties": {"PWSID": "NC0157125", "PWS_Name": "WATAUGA VISTA", "Primacy_Agency": "NC", "Population_Served_Count": 361, "Service_Connections_Count": 142, "Service_Area_Type": "Residential Area", "Verification_Status": "", "Area_SqKM": 0.16256755900259157}, "geometry": {"type": "Point", "coordinates": [-83.3150214539871, 35.25675177702453]}}, {"type": "Feature", "properties": {"PWSID": "NC1044004", "PWS_Name": "SMOKY MTN RETREAT-EAGLE`S NEST", "Primacy_Agency": "NC", "Population_Served_Count": 422, "Service_Connections_Count": 166, "Service_Area_Type": "Residential Area", "Verification_Status": "", "Area_SqKM": 0.24462760791985633}, "geometry": {"type": "Point", "coordinates": [-83.05142172770168, 35.489491867010045]}}, {"type": "Feature", "properties": {"PWSID": "NC1087004", "PWS_Name": "PELOHI COVE", "Primacy_Agency": "NC", "Population_Served_Count": 46, "Service_Connections_Count": 18, "Service_Area_Type": "Residential Area", "Verification_Status": "", "Area_SqKM": 0.07551786521821029}, "geometry": {"type": "Point", "coordinates": [-83.46198090340326, 35.36348070909777]}}, {"type": "Feature", "properties": {"PWSID": "NC0144010", "PWS_Name": "WAYNESVILLE, TOWN OF", "Primacy_Agency": "NC", "Population_Served_Count": 19758, "Service_Connections_Count": 7779, "Service_Area_Type": "Residential Area", "Verification_Status": "Verified\u00a0", "Area_SqKM": 35.72341625855465}, "geometry": {"type": "Point", "coordinates": [-82.99754141735208, 35.477614828698016]}}, {"type": "Feature", "properties": {"PWSID": "NC0144040", "PWS_Name": "MAGGIE VALLEY SANITARY DIST", "Primacy_Agency": "NC", "Population_Served_Count": 9629, "Service_Connections_Count": 4089, "Service_Area_Type": "Residential Area", "Verification_Status": "Verified\u00a0", "Area_SqKM": 35.11736069406428}, "geometry": {"type": "Point", "coordinates": [-83.05178383965507, 35.533683242638]}}, {"type": "Feature", "properties": {"PWSID": "NC0150035", "PWS_Name": "TUCKASEIGEE WATER & SEWER AUTH", "Primacy_Agency": "NC", "Population_Served_Count": 7528, "Service_Connections_Count": 2964, "Service_Area_Type": "Residential Area", "Verification_Status": "Verified\u00a0", "Area_SqKM": 19.757259660887353}, "geometry": {"type": "Point", "coordinates": [-83.20373130900688, 35.352980027030796]}}, {"type": "Feature", "properties": {"PWSID": "NC0138107", "PWS_Name": "CROSS CREEK S/D", "Primacy_Agency": "NC", "Population_Served_Count": 117, "Service_Connections_Count": 52, "Service_Area_Type": "Residential Area", "Verification_Status": "", "Area_SqKM": 0.505666400922248}, "geometry": {"type": "Point", "coordinates": [-83.82718898928925, 35.358700711469574]}}, {"type": "Feature", "properties": {"PWSID": "NC0150171", "PWS_Name": "WADE HAMPTON CLUB", "Primacy_Agency": "NC", "Population_Served_Count": 429, "Service_Connections_Count": 169, "Service_Area_Type": "Residential Area", "Verification_Status": "", "Area_SqKM": 0.06462414848300958}, "geometry": {"type": "Point", "coordinates": [-83.08273615004018, 35.08107446410438]}}, {"type": "Feature", "properties": {"PWSID": "NC0150175", "PWS_Name": "CEDAR HILL", "Primacy_Agency": "NC", "Population_Served_Count": 234, "Service_Connections_Count": 92, "Service_Area_Type": "Residential Area", "Verification_Status": "", "Area_SqKM": 2.0399233453048997}, "geometry": {"type": "Point", "coordinates": [-83.06824578024643, 35.121867099202724]}}, {"type": "Feature", "properties": {"PWSID": "NC0150179", "PWS_Name": "CHATTOOGA CLUB", "Primacy_Agency": "NC", "Population_Served_Count": 100, "Service_Connections_Count": 84, "Service_Area_Type": "Residential Area", "Verification_Status": "", "Area_SqKM": 0.04123768427710207}, "geometry": {"type": "Point", "coordinates": [-83.07577252896544, 35.08867789678409]}}, {"type": "Feature", "properties": {"PWSID": "NC0150193", "PWS_Name": "TRILLIUM LINKS & VILLAGE", "Primacy_Agency": "NC", "Population_Served_Count": 610, "Service_Connections_Count": 240, "Service_Area_Type": "Residential Area", "Verification_Status": "", "Area_SqKM": 1.492192316376816}, "geometry": {"type": "Point", "coordinates": [-83.11926339636757, 35.15305960657512]}}, {"type": "Feature", "properties": {"PWSID": "NC0150200", "PWS_Name": "HIGHLANDS COVE S/D", "Primacy_Agency": "NC", "Population_Served_Count": 577, "Service_Connections_Count": 227, "Service_Area_Type": "Residential Area", "Verification_Status": "", "Area_SqKM": 0.12619000429584332}, "geometry": {"type": "Point", "coordinates": [-83.15647594049119, 35.11602507272145]}}, {"type": "Feature", "properties": {"PWSID": "NC0157138", "PWS_Name": "COLD SPRINGS POA", "Primacy_Agency": "NC", "Population_Served_Count": 165, "Service_Connections_Count": 65, "Service_Area_Type": "Residential Area", "Verification_Status": "", "Area_SqKM": 0.026149234444093394}, "geometry": {"type": "Point", "coordinates": [-83.18528820001609, 35.09352932494906]}}, {"type": "Feature", "properties": {"PWSID": "NC0157143", "PWS_Name": "CULLASAJA CLUB", "Primacy_Agency": "NC", "Population_Served_Count": 800, "Service_Connections_Count": 317, "Service_Area_Type": "Residential Area", "Verification_Status": "", "Area_SqKM": 0.9113676180264908}, "geometry": {"type": "Point", "coordinates": [-83.16090359408962, 35.08294873315901]}}, {"type": "Feature", "properties": {"PWSID": "NC0157144", "PWS_Name": "DOWDLE TRACE S/D", "Primacy_Agency": "NC", "Population_Served_Count": 79, "Service_Connections_Count": 31, "Service_Area_Type": "Residential Area", "Verification_Status": "", "Area_SqKM": 0.07521818745251588}, "geometry": {"type": "Point", "coordinates": [-83.37495824028731, 35.175814223114536]}}, {"type": "Feature", "properties": {"PWSID": "NC0100105", "PWS_Name": "MOUNTAIN AIR", "Primacy_Agency": "NC", "Population_Served_Count": 603, "Service_Connections_Count": 464, "Service_Area_Type": "Residential Area", "Verification_Status": "", "Area_SqKM": 0.6755692852541134}, "geometry": {"type": "Point", "coordinates": [-82.2823763737208, 35.94575776440419]}}, {"type": "Feature", "properties": {"PWSID": "NC0106104", "PWS_Name": "LINVILLE LAND HARBOR", "Primacy_Agency": "NC", "Population_Served_Count": 2280, "Service_Connections_Count": 1404, "Service_Area_Type": "Residential Area", "Verification_Status": "", "Area_SqKM": 2.4133417488383175}, "geometry": {"type": "Point", "coordinates": [-81.89704317026433, 36.04287273324302]}}, {"type": "Feature", "properties": {"PWSID": "NC0106108", "PWS_Name": "GRANDFATHER GOLF & COUNTRY CLU", "Primacy_Agency": "NC", "Population_Served_Count": 250, "Service_Connections_Count": 128, "Service_Area_Type": "Residential Area", "Verification_Status": "", "Area_SqKM": 0.33735066601763997}, "geometry": {"type": "Point", "coordinates": [-81.85056921935136, 36.10498270454493]}}, {"type": "Feature", "properties": {"PWSID": "NC0106114", "PWS_Name": "MOUNTAIN SPRING WATER SYSTEM", "Primacy_Agency": "NC", "Population_Served_Count": 165, "Service_Connections_Count": 115, "Service_Area_Type": "Residential Area", "Verification_Status": "", "Area_SqKM": 0.8950922448620197}, "geometry": {"type": "Point", "coordinates": [-81.84370683048311, 36.10565191824174]}}, {"type": "Feature", "properties": {"PWSID": "NC0106117", "PWS_Name": "LINVILLE RIDGE", "Primacy_Agency": "NC", "Population_Served_Count": 710, "Service_Connections_Count": 341, "Service_Area_Type": "Residential Area", "Verification_Status": "", "Area_SqKM": 0.7287352813411363}, "geometry": {"type": "Point", "coordinates": [-81.85667298170432, 36.09392558064988]}}, {"type": "Feature", "properties": {"PWSID": "NC0106121", "PWS_Name": "THE HERITAGE OF SUGAR MOUNTAIN", "Primacy_Agency": "NC", "Population_Served_Count": 55, "Service_Connections_Count": 2, "Service_Area_Type": "Other Non-transient Area", "Verification_Status": "", "Area_SqKM": 0.07415118834718093}, "geometry": {"type": "Point", "coordinates": [-82.19270217745985, 36.01228981985843]}}, {"type": "Feature", "properties": {"PWSID": "NC0112109", "PWS_Name": "GINGERCAKE ACRES", "Primacy_Agency": "NC", "Population_Served_Count": 270, "Service_Connections_Count": 106, "Service_Area_Type": "Residential Area", "Verification_Status": "", "Area_SqKM": 0.9332510132451107}, "geometry": {"type": "Point", "coordinates": [-81.88604741617323, 35.946984245191786]}}, {"type": "Feature", "properties": {"PWSID": "NC0112149", "PWS_Name": "JONAS RIDGE REST HOME", "Primacy_Agency": "NC", "Population_Served_Count": 80, "Service_Connections_Count": 2, "Service_Area_Type": "Other Residential", "Verification_Status": "", "Area_SqKM": 0.02513353154536315}, "geometry": {"type": "Point", "coordinates": [-82.03979474809479, 36.08331133325627]}}, {"type": "Feature", "properties": {"PWSID": "NC0156105", "PWS_Name": "LITTLE SWITZERLAND COMM ASSOC", "Primacy_Agency": "NC", "Population_Served_Count": 300, "Service_Connections_Count": 99, "Service_Area_Type": "Residential Area", "Verification_Status": "", "Area_SqKM": 0.5159814109347135}, "geometry": {"type": "Point", "coordinates": [-82.09211360559075, 35.84628084264583]}}, {"type": "Feature", "properties": {"PWSID": "NC0156112", "PWS_Name": "SWISS VILLAGE WTR SYSTEM", "Primacy_Agency": "NC", "Population_Served_Count": 64, "Service_Connections_Count": 56, "Service_Area_Type": "Residential Area", "Verification_Status": "", "Area_SqKM": 0.14763068940119847}, "geometry": {"type": "Point", "coordinates": [-82.05955677314137, 35.850256100621706]}}, {"type": "Feature", "properties": {"PWSID": "NC0156129", "PWS_Name": "BEAR DEN ACRES", "Primacy_Agency": "NC", "Population_Served_Count": 140, "Service_Connections_Count": 55, "Service_Area_Type": "Residential Area", "Verification_Status": "", "Area_SqKM": 18.827000151702087}, "geometry": {"type": "Point", "coordinates": [-81.96200793235002, 35.906816225914]}}, {"type": "Feature", "properties": {"PWSID": "NC0156133", "PWS_Name": "MARION MOOSE LODGE-MOUNTAIN", "Primacy_Agency": "NC", "Population_Served_Count": 160, "Service_Connections_Count": 80, "Service_Area_Type": "Recreation Area", "Verification_Status": "", "Area_SqKM": 0.3665175737528786}, "geometry": {"type": "Point", "coordinates": [-82.13614806646812, 35.90188342746542]}}, {"type": "Feature", "properties": {"PWSID": "NC0161400", "PWS_Name": "PENLAND SCHOOL OF CRAFTS", "Primacy_Agency": "NC", "Population_Served_Count": 100, "Service_Connections_Count": 42, "Service_Area_Type": "Residential Area", "Verification_Status": "", "Area_SqKM": 0.6534478031881922}, "geometry": {"type": "Point", "coordinates": [-82.12433768762332, 35.89748137186593]}}, {"type": "Feature", "properties": {"PWSID": "NC1056001", "PWS_Name": "LINVILLE FALLS CLUB", "Primacy_Agency": "NC", "Population_Served_Count": 127, "Service_Connections_Count": 50, "Service_Area_Type": "Residential Area", "Verification_Status": "", "Area_SqKM": 0.22388250937479032}, "geometry": {"type": "Point", "coordinates": [-81.93292149159625, 35.877507694628946]}}, {"type": "Feature", "properties": {"PWSID": "NC1056013", "PWS_Name": "SUNSET POINT S/D", "Primacy_Agency": "NC", "Population_Served_Count": 31, "Service_Connections_Count": 12, "Service_Area_Type": "Subdivision", "Verification_Status": "", "Area_SqKM": 0.12898161807612998}, "geometry": {"type": "Point", "coordinates": [-82.04117990001097, 35.88988539998695]}}, {"type": "Feature", "properties": {"PWSID": "NC1061009", "PWS_Name": "HUMPBACK MOUNTAIN", "Primacy_Agency": "NC", "Population_Served_Count": 25, "Service_Connections_Count": 60, "Service_Area_Type": "Subdivision", "Verification_Status": "", "Area_SqKM": 0.9676406020623769}, "geometry": {"type": "Point", "coordinates": [-82.00765400789237, 35.89035744407573]}}, {"type": "Feature", "properties": {"PWSID": "NC0161010", "PWS_Name": "SPRUCE PINE, TOWN OF", "Primacy_Agency": "NC", "Population_Served_Count": 5661, "Service_Connections_Count": 2229, "Service_Area_Type": "Residential Area", "Verification_Status": "Verified\u00a0", "Area_SqKM": 21.574191974738977}, "geometry": {"type": "Point", "coordinates": [-82.0575281485778, 35.91632088032605]}}, {"type": "Feature", "properties": {"PWSID": "NC0100010", "PWS_Name": "BURNSVILLE, TOWN OF", "Primacy_Agency": "NC", "Population_Served_Count": 4069, "Service_Connections_Count": 1602, "Service_Area_Type": "Residential Area", "Verification_Status": "Verified\u00a0", "Area_SqKM": 6.995355031742008}, "geometry": {"type": "Point", "coordinates": [-82.30675515365404, 35.91099148921214]}}, {"type": "Feature", "properties": {"PWSID": "NC0106105", "PWS_Name": "LINVILLE RESORTS INC", "Primacy_Agency": "NC", "Population_Served_Count": 499, "Service_Connections_Count": 280, "Service_Area_Type": "Residential Area", "Verification_Status": "Verified\u00a0", "Area_SqKM": 4.831637677335745}, "geometry": {"type": "Point", "coordinates": [-81.86504677676626, 36.0689230089291]}}, {"type": "Feature", "properties": {"PWSID": "NC0106015", "PWS_Name": "BANNER ELK, TOWN OF", "Primacy_Agency": "NC", "Population_Served_Count": 1164, "Service_Connections_Count": 619, "Service_Area_Type": "Residential Area", "Verification_Status": "Verified\u00a0", "Area_SqKM": 3.2752872413417022}, "geometry": {"type": "Point", "coordinates": [-81.86731081634531, 36.158446306539766]}}, {"type": "Feature", "properties": {"PWSID": "NC0106020", "PWS_Name": "NEWLAND, TOWN OF", "Primacy_Agency": "NC", "Population_Served_Count": 999, "Service_Connections_Count": 489, "Service_Area_Type": "Residential Area", "Verification_Status": "Verified\u00a0", "Area_SqKM": 3.1994921663377167}, "geometry": {"type": "Point", "coordinates": [-81.92651079504041, 36.08934744994565]}}, {"type": "Feature", "properties": {"PWSID": "NC0161015", "PWS_Name": "BAKERSVILLE, TOWN OF", "Primacy_Agency": "NC", "Population_Served_Count": 725, "Service_Connections_Count": 290, "Service_Area_Type": "Residential Area", "Verification_Status": "Verified\u00a0", "Area_SqKM": 1.704125281311167}, "geometry": {"type": "Point", "coordinates": [-82.15780533656304, 36.01660280460458]}}, {"type": "Feature", "properties": {"PWSID": "NC0106010", "PWS_Name": "CROSSNORE, TOWN OF", "Primacy_Agency": "NC", "Population_Served_Count": 195, "Service_Connections_Count": 133, "Service_Area_Type": "Residential Area", "Verification_Status": "Verified\u00a0", "Area_SqKM": 1.0601293864533818}, "geometry": {"type": "Point", "coordinates": [-81.92939967001801, 36.023707795047955]}}, {"type": "Feature", "properties": {"PWSID": "NC0158101", "PWS_Name": "WOLF LAUREL RESORT", "Primacy_Agency": "NC", "Population_Served_Count": 1819, "Service_Connections_Count": 716, "Service_Area_Type": "Residential Area", "Verification_Status": "", "Area_SqKM": 3.6738657028511597}, "geometry": {"type": "Point", "coordinates": [-82.5011489973266, 35.96741951757158]}}, {"type": "Feature", "properties": {"PWSID": "NC0156025", "PWS_Name": "OLD FORT, TOWN OF", "Primacy_Agency": "NC", "Population_Served_Count": 1700, "Service_Connections_Count": 750, "Service_Area_Type": "Residential Area", "Verification_Status": "Verified\u00a0", "Area_SqKM": 4.45342370523594}, "geometry": {"type": "Point", "coordinates": [-82.17666535275724, 35.6331538463616]}}, {"type": "Feature", "properties": {"PWSID": "NC0111484", "PWS_Name": "MONTREAT WATER SYSTEM", "Primacy_Agency": "NC", "Population_Served_Count": 798, "Service_Connections_Count": 676, "Service_Area_Type": "Residential Area", "Verification_Status": "Verified\u00a0", "Area_SqKM": 2.727555005017012}, "geometry": {"type": "Point", "coordinates": [-82.2995802471839, 35.64969273946387]}}, {"type": "Feature", "properties": {"PWSID": "NC0158025", "PWS_Name": "FAIRVIEW WATER ASSOC", "Primacy_Agency": "NC", "Population_Served_Count": 59, "Service_Connections_Count": 23, "Service_Area_Type": "Residential Area", "Verification_Status": "", "Area_SqKM": 1.154434338998557}, "geometry": {"type": "Point", "coordinates": [-82.83641296743168, 35.90208225242787]}}, {"type": "Feature", "properties": {"PWSID": "NC0158010", "PWS_Name": "MARS HILL, TOWN OF", "Primacy_Agency": "NC", "Population_Served_Count": 3030, "Service_Connections_Count": 1193, "Service_Area_Type": "Residential Area", "Verification_Status": "Verified\u00a0", "Area_SqKM": 13.786241973278717}, "geometry": {"type": "Point", "coordinates": [-82.53438372900096, 35.853336956709676]}}, {"type": "Feature", "properties": {"PWSID": "NC0158020", "PWS_Name": "HOT SPRINGS, TOWN OF", "Primacy_Agency": "NC", "Population_Served_Count": 887, "Service_Connections_Count": 349, "Service_Area_Type": "Municipality", "Verification_Status": "Verified\u00a0", "Area_SqKM": 2.2271048980689643}, "geometry": {"type": "Point", "coordinates": [-82.82921347416689, 35.897102266685636]}}, {"type": "Feature", "properties": {"PWSID": "NC0100103", "PWS_Name": "MT MITCHELL LANDS", "Primacy_Agency": "NC", "Population_Served_Count": 650, "Service_Connections_Count": 246, "Service_Area_Type": "Residential Area", "Verification_Status": "", "Area_SqKM": 0.9264560048334983}, "geometry": {"type": "Point", "coordinates": [-82.20297096210304, 35.76620147659468]}}, {"type": "Feature", "properties": {"PWSID": "NC0112104", "PWS_Name": "BRENTWOOD-JAMESTOWN ROAD", "Primacy_Agency": "NC", "Population_Served_Count": 5988, "Service_Connections_Count": 2326, "Service_Area_Type": "Residential Area", "Verification_Status": "", "Area_SqKM": 24.266353153372574}, "geometry": {"type": "Point", "coordinates": [-81.76759451381045, 35.686277704777225]}}, {"type": "Feature", "properties": {"PWSID": "NC0112426", "PWS_Name": "SOUTH MOUNTAIN CHILDRENS HOME", "Primacy_Agency": "NC", "Population_Served_Count": 80, "Service_Connections_Count": 18, "Service_Area_Type": "Residential Area", "Verification_Status": "", "Area_SqKM": 0.11398020134033639}, "geometry": {"type": "Point", "coordinates": [-81.92994194680799, 35.71405110157753]}}, {"type": "Feature", "properties": {"PWSID": "NC0156125", "PWS_Name": "DEER PARK HEALTH & REHAB.", "Primacy_Agency": "NC", "Population_Served_Count": 290, "Service_Connections_Count": 1, "Service_Area_Type": "Residential Area", "Verification_Status": "", "Area_SqKM": 0.053534070693281526}, "geometry": {"type": "Point", "coordinates": [-81.88478393669398, 35.65303980496154]}}, {"type": "Feature", "properties": {"PWSID": "NC0156132", "PWS_Name": "MARION MOOSE LODGE", "Primacy_Agency": "NC", "Population_Served_Count": 320, "Service_Connections_Count": 160, "Service_Area_Type": "Recreation Area", "Verification_Status": "", "Area_SqKM": 0.4714921107798448}, "geometry": {"type": "Point", "coordinates": [-82.02985145517408, 35.653377848557305]}}, {"type": "Feature", "properties": {"PWSID": "NC0156134", "PWS_Name": "WATERGLYN S/D", "Primacy_Agency": "NC", "Population_Served_Count": 115, "Service_Connections_Count": 45, "Service_Area_Type": "Residential Area", "Verification_Status": "", "Area_SqKM": 0.05630609198725863}, "geometry": {"type": "Point", "coordinates": [-81.93228467245, 35.717927421726586]}}, {"type": "Feature", "properties": {"PWSID": "NC0156135", "PWS_Name": "RIVERSIDE MHP", "Primacy_Agency": "NC", "Population_Served_Count": 399, "Service_Connections_Count": 157, "Service_Area_Type": "Mobile Home Park - Principal Residence", "Verification_Status": "", "Area_SqKM": 0.7660887858158125}, "geometry": {"type": "Point", "coordinates": [-82.05497581279529, 35.69134846741558]}}, {"type": "Feature", "properties": {"PWSID": "NC0156136", "PWS_Name": "HARMONY ESTATES S/D", "Primacy_Agency": "NC", "Population_Served_Count": 100, "Service_Connections_Count": 40, "Service_Area_Type": "Residential Area", "Verification_Status": "", "Area_SqKM": 0.2168193621904347}, "geometry": {"type": "Point", "coordinates": [-81.89621385927127, 35.67506875394477]}}, {"type": "Feature", "properties": {"PWSID": "NC1056031", "PWS_Name": "BLACK BEAR DEVELOPMENT", "Primacy_Agency": "NC", "Population_Served_Count": 343, "Service_Connections_Count": 135, "Service_Area_Type": "Homeowners Association", "Verification_Status": "", "Area_SqKM": 0.12893900943007136}, "geometry": {"type": "Point", "coordinates": [-81.9220165276222, 35.7111486391205]}}, {"type": "Feature", "properties": {"PWSID": "NC1056032", "PWS_Name": "MCDOWELL CO--NEBO", "Primacy_Agency": "NC", "Population_Served_Count": 902, "Service_Connections_Count": 355, "Service_Area_Type": "Residential Area", "Verification_Status": "", "Area_SqKM": 1.7457410747648263}, "geometry": {"type": "Point", "coordinates": [-82.03427048200949, 35.65508221365244]}}, {"type": "Feature", "properties": {"PWSID": "NC0156010", "PWS_Name": "MARION, CITY OF", "Primacy_Agency": "NC", "Population_Served_Count": 9362, "Service_Connections_Count": 3686, "Service_Area_Type": "Residential Area", "Verification_Status": "Verified\u00a0", "Area_SqKM": 34.57698353653202}, "geometry": {"type": "Point", "coordinates": [-82.02786322847594, 35.68034675680253]}}, {"type": "Feature", "properties": {"PWSID": "NC0112015", "PWS_Name": "MORGANTON CITY OF", "Primacy_Agency": "NC", "Population_Served_Count": 27221, "Service_Connections_Count": 10717, "Service_Area_Type": "Residential Area", "Verification_Status": "Verified\u00a0", "Area_SqKM": 161.20829057599778}, "geometry": {"type": "Point", "coordinates": [-81.71645657591172, 35.780840358344236]}}, {"type": "Feature", "properties": {"PWSID": "NC0112103", "PWS_Name": "BRENTWOOD WATER ASSOCIATION", "Primacy_Agency": "NC", "Population_Served_Count": 5911, "Service_Connections_Count": 2327, "Service_Area_Type": "Residential Area", "Verification_Status": "Verified\u00a0", "Area_SqKM": 89.14846545804043}, "geometry": {"type": "Point", "coordinates": [-81.79257405289067, 35.6923511665831]}}, {"type": "Feature", "properties": {"PWSID": "NC0158015", "PWS_Name": "MARSHALL, TOWN OF", "Primacy_Agency": "NC", "Population_Served_Count": 1402, "Service_Connections_Count": 567, "Service_Area_Type": "Residential Area", "Verification_Status": "Verified\u00a0", "Area_SqKM": 14.262393779710264}, "geometry": {"type": "Point", "coordinates": [-82.66940633898166, 35.81410000904849]}}, {"type": "Feature", "properties": {"PWSID": "NC0111025", "PWS_Name": "WEAVERVILLE, TOWN OF", "Primacy_Agency": "NC", "Population_Served_Count": 8359, "Service_Connections_Count": 3291, "Service_Area_Type": "Residential Area", "Verification_Status": "Verified\u00a0", "Area_SqKM": 16.74569197526012}, "geometry": {"type": "Point", "coordinates": [-82.54723502466953, 35.71342841110877]}}, {"type": "Feature", "properties": {"PWSID": "NC0111171", "PWS_Name": "JOHNSON-SILER MHP", "Primacy_Agency": "NC", "Population_Served_Count": 150, "Service_Connections_Count": 67, "Service_Area_Type": "Mobile Home Park - Principal Residence", "Verification_Status": "", "Area_SqKM": 0.13074258929648433}, "geometry": {"type": "Point", "coordinates": [-82.57223076785176, 35.73229557743629]}}, {"type": "Feature", "properties": {"PWSID": "NC0111156", "PWS_Name": "EDEN GLENN MHP", "Primacy_Agency": "NC", "Population_Served_Count": 147, "Service_Connections_Count": 58, "Service_Area_Type": "Mobile Home Park - Principal Residence", "Verification_Status": "", "Area_SqKM": 0.024778794982474213}, "geometry": {"type": "Point", "coordinates": [-82.56668745905658, 35.72539649096081]}}, {"type": "Feature", "properties": {"PWSID": "NC0111151", "PWS_Name": "NORTHVIEW MHP", "Primacy_Agency": "NC", "Population_Served_Count": 516, "Service_Connections_Count": 203, "Service_Area_Type": "Mobile Home Park - Principal Residence", "Verification_Status": "", "Area_SqKM": 0.37381473861222875}, "geometry": {"type": "Point", "coordinates": [-82.60249069840305, 35.71812466568222]}}, {"type": "Feature", "properties": {"PWSID": "NC0111150", "PWS_Name": "HAZELWOOD HOMEOWNERS ASSOC", "Primacy_Agency": "NC", "Population_Served_Count": 100, "Service_Connections_Count": 46, "Service_Area_Type": "Residential Area", "Verification_Status": "", "Area_SqKM": 0.9261992765395874}, "geometry": {"type": "Point", "coordinates": [-82.46113010345358, 35.73399073241519]}}, {"type": "Feature", "properties": {"PWSID": "NC0111130", "PWS_Name": "JEWEL ACRES WATER SERVICE", "Primacy_Agency": "NC", "Population_Served_Count": 90, "Service_Connections_Count": 43, "Service_Area_Type": "Residential Area", "Verification_Status": "", "Area_SqKM": 0.04391794903525143}, "geometry": {"type": "Point", "coordinates": [-82.48083746665213, 35.63468779285975]}}, {"type": "Feature", "properties": {"PWSID": "NC0181020", "PWS_Name": "LAKE LURE,  TOWN OF", "Primacy_Agency": "NC", "Population_Served_Count": 1176, "Service_Connections_Count": 463, "Service_Area_Type": "Residential Area", "Verification_Status": "Verified\u00a0", "Area_SqKM": 4.46641601363313}, "geometry": {"type": "Point", "coordinates": [-82.2196551965957, 35.42967047604374]}}, {"type": "Feature", "properties": {"PWSID": "NC0111020", "PWS_Name": "BLACK MOUNTAIN, TOWN OF", "Primacy_Agency": "NC", "Population_Served_Count": 10125, "Service_Connections_Count": 4201, "Service_Area_Type": "Residential Area", "Verification_Status": "Verified\u00a0", "Area_SqKM": 12.36514529246544}, "geometry": {"type": "Point", "coordinates": [-82.31496727050947, 35.619808917126626]}}, {"type": "Feature", "properties": {"PWSID": "NC0181010", "PWS_Name": "FOREST CITY, TOWN OF", "Primacy_Agency": "NC", "Population_Served_Count": 21521, "Service_Connections_Count": 8473, "Service_Area_Type": "Residential Area", "Verification_Status": "Verified\u00a0", "Area_SqKM": 74.82137062963423}, "geometry": {"type": "Point", "coordinates": [-81.86570094769432, 35.30707794207189]}}, {"type": "Feature", "properties": {"PWSID": "NC0181035", "PWS_Name": "BROAD RIVER WATER AUTHORITY", "Primacy_Agency": "NC", "Population_Served_Count": 18242, "Service_Connections_Count": 7182, "Service_Area_Type": "Residential Area", "Verification_Status": "Verified\u00a0", "Area_SqKM": 84.8321028718891}, "geometry": {"type": "Point", "coordinates": [-81.89967085688541, 35.3108149545676]}}, {"type": "Feature", "properties": {"PWSID": "NC1045008", "PWS_Name": "OLETA FALLS S/D", "Primacy_Agency": "NC", "Population_Served_Count": 75, "Service_Connections_Count": 27, "Service_Area_Type": "Subdivision", "Verification_Status": "", "Area_SqKM": 0.10645266874808137}, "geometry": {"type": "Point", "coordinates": [-82.35832210350763, 35.35224736052677]}}, {"type": "Feature", "properties": {"PWSID": "NC0181138", "PWS_Name": "LAKE LURE VILLAGE RESORT", "Primacy_Agency": "NC", "Population_Served_Count": 226, "Service_Connections_Count": 89, "Service_Area_Type": "Residential Area", "Verification_Status": "", "Area_SqKM": 1.4069956623875912}, "geometry": {"type": "Point", "coordinates": [-82.2088438279757, 35.434753636261846]}}, {"type": "Feature", "properties": {"PWSID": "NC0181133", "PWS_Name": "FAIRFIELD MTNS-APPLE VALLEY", "Primacy_Agency": "NC", "Population_Served_Count": 950, "Service_Connections_Count": 374, "Service_Area_Type": "Residential Area", "Verification_Status": "", "Area_SqKM": 3.4355721155495504}, "geometry": {"type": "Point", "coordinates": [-82.18311706689235, 35.441648786276566]}}, {"type": "Feature", "properties": {"PWSID": "NC0181126", "PWS_Name": "FAIRFIELD MOUNTAINS  NO 1", "Primacy_Agency": "NC", "Population_Served_Count": 1798, "Service_Connections_Count": 708, "Service_Area_Type": "Residential Area", "Verification_Status": "", "Area_SqKM": 3.74968563298279}, "geometry": {"type": "Point", "coordinates": [-82.20596498773625, 35.45107051766382]}}, {"type": "Feature", "properties": {"PWSID": "NC0181107", "PWS_Name": "CHIMNEY ROCK VILLAGE", "Primacy_Agency": "NC", "Population_Served_Count": 71, "Service_Connections_Count": 66, "Service_Area_Type": "Residential Area", "Verification_Status": "", "Area_SqKM": 0.4163944638424017}, "geometry": {"type": "Point", "coordinates": [-82.22887828153586, 35.43813297492899]}}, {"type": "Feature", "properties": {"PWSID": "NC0156107", "PWS_Name": "LAKE JAMES LODGE ASSISTED LIVI", "Primacy_Agency": "NC", "Population_Served_Count": 80, "Service_Connections_Count": 1, "Service_Area_Type": "Other Residential", "Verification_Status": "", "Area_SqKM": 0.25107465623022074}, "geometry": {"type": "Point", "coordinates": [-81.97572840488813, 35.49987035528296]}}, {"type": "Feature", "properties": {"PWSID": "NC0145178", "PWS_Name": "BEAR WALLOW VALLEY MHP", "Primacy_Agency": "NC", "Population_Served_Count": 124, "Service_Connections_Count": 49, "Service_Area_Type": "Mobile Home Park - Principal Residence", "Verification_Status": "", "Area_SqKM": 0.0150090212636259}, "geometry": {"type": "Point", "coordinates": [-82.35916781124496, 35.41448673340897]}}, {"type": "Feature", "properties": {"PWSID": "NC0145171", "PWS_Name": "OAK CREST RETIREMENT ESTATES", "Primacy_Agency": "NC", "Population_Served_Count": 98, "Service_Connections_Count": 49, "Service_Area_Type": "Mobile Home Park - Principal Residence", "Verification_Status": "", "Area_SqKM": 0.06262840518242115}, "geometry": {"type": "Point", "coordinates": [-82.33946508638422, 35.36143308186129]}}, {"type": "Feature", "properties": {"PWSID": "NC0145162", "PWS_Name": "MOUNTAIN VIEW MHP", "Primacy_Agency": "NC", "Population_Served_Count": 67, "Service_Connections_Count": 27, "Service_Area_Type": "Mobile Home Park - Principal Residence", "Verification_Status": "", "Area_SqKM": 0.014454404684579609}, "geometry": {"type": "Point", "coordinates": [-82.35827976828912, 35.35648267277125]}}, {"type": "Feature", "properties": {"PWSID": "NC0145143", "PWS_Name": "COUNTRY PLACE", "Primacy_Agency": "NC", "Population_Served_Count": 97, "Service_Connections_Count": 38, "Service_Area_Type": "Residential Area", "Verification_Status": "", "Area_SqKM": 0.3610537688550042}, "geometry": {"type": "Point", "coordinates": [-82.33888745923139, 35.417323455486944]}}, {"type": "Feature", "properties": {"PWSID": "NC0111118", "PWS_Name": "THE RIDGECREST FOUNDATION", "Primacy_Agency": "NC", "Population_Served_Count": 950, "Service_Connections_Count": 416, "Service_Area_Type": "Residential Area", "Verification_Status": "", "Area_SqKM": 1.323766466700571}, "geometry": {"type": "Point", "coordinates": [-82.22090010969686, 35.615475441571355]}}, {"type": "Feature", "properties": {"PWSID": "NC0111108", "PWS_Name": "CHRISTMOUNT CHRISTIAN ASSEMBLY", "Primacy_Agency": "NC", "Population_Served_Count": 250, "Service_Connections_Count": 102, "Service_Area_Type": "Residential Area", "Verification_Status": "", "Area_SqKM": 0.028069378184027122}, "geometry": {"type": "Point", "coordinates": [-82.30695655415013, 35.596648733316655]}}, {"type": "Feature", "properties": {"PWSID": "NC0175020", "PWS_Name": "SALUDA CITY OF", "Primacy_Agency": "NC", "Population_Served_Count": 1808, "Service_Connections_Count": 712, "Service_Area_Type": "Residential Area", "Verification_Status": "Verified\u00a0", "Area_SqKM": 4.726756237562946}, "geometry": {"type": "Point", "coordinates": [-82.34642301334738, 35.242203086658726]}}, {"type": "Feature", "properties": {"PWSID": "NC0175015", "PWS_Name": "COLUMBUS TOWN OF", "Primacy_Agency": "NC", "Population_Served_Count": 2489, "Service_Connections_Count": 980, "Service_Area_Type": "Residential Area", "Verification_Status": "Verified\u00a0", "Area_SqKM": 6.9328078944749185}, "geometry": {"type": "Point", "coordinates": [-82.19368895904024, 35.24655742856648]}}, {"type": "Feature", "properties": {"PWSID": "NC0175010", "PWS_Name": "TRYON, TOWN OF", "Primacy_Agency": "NC", "Population_Served_Count": 5494, "Service_Connections_Count": 2163, "Service_Area_Type": "Residential Area", "Verification_Status": "Verified\u00a0", "Area_SqKM": 17.764126295010872}, "geometry": {"type": "Point", "coordinates": [-82.25871143590196, 35.218800740220914]}}, {"type": "Feature", "properties": {"PWSID": "NC0175102", "PWS_Name": "MELMONT WATER SYSTEM", "Primacy_Agency": "NC", "Population_Served_Count": 127, "Service_Connections_Count": 50, "Service_Area_Type": "Residential Area", "Verification_Status": "", "Area_SqKM": 0.0877111723605413}, "geometry": {"type": "Point", "coordinates": [-82.23076338002903, 35.242638079970696]}}, {"type": "Feature", "properties": {"PWSID": "NC0111015", "PWS_Name": "WOODFIN SANITARY WATER AND SEWER", "Primacy_Agency": "NC", "Population_Served_Count": 10122, "Service_Connections_Count": 3985, "Service_Area_Type": "Residential Area", "Verification_Status": "Verified\u00a0", "Area_SqKM": 17.09970735408702}, "geometry": {"type": "Point", "coordinates": [-82.57864522820262, 35.65430552055196]}}, {"type": "Feature", "properties": {"PWSID": "NC0111148", "PWS_Name": "SUNCREST MHP", "Primacy_Agency": "NC", "Population_Served_Count": 65, "Service_Connections_Count": 26, "Service_Area_Type": "Mobile Home Park - Principal Residence", "Verification_Status": "", "Area_SqKM": 0.05135086083798719}, "geometry": {"type": "Point", "coordinates": [-82.66693795714545, 35.63342985706392]}}, {"type": "Feature", "properties": {"PWSID": "NC1011045", "PWS_Name": "STARVIEW HEIGHTS EXTENSION", "Primacy_Agency": "NC", "Population_Served_Count": 94, "Service_Connections_Count": 37, "Service_Area_Type": "Residential Area", "Verification_Status": "", "Area_SqKM": 0.02381809157613601}, "geometry": {"type": "Point", "coordinates": [-82.55423434169292, 35.71659719170423]}}, {"type": "Feature", "properties": {"PWSID": "NC0111487", "PWS_Name": "MOUNT PISGAH ACADEMY", "Primacy_Agency": "NC", "Population_Served_Count": 210, "Service_Connections_Count": 24, "Service_Area_Type": "School", "Verification_Status": "", "Area_SqKM": 0.13344166368406843}, "geometry": {"type": "Point", "coordinates": [-82.68662574832382, 35.8131112832116]}}, {"type": "Feature", "properties": {"PWSID": "NC0111149", "PWS_Name": "KIRK GLEN S/D", "Primacy_Agency": "NC", "Population_Served_Count": 92, "Service_Connections_Count": 35, "Service_Area_Type": "Residential Area", "Verification_Status": "", "Area_SqKM": 0.9379008867599229}, "geometry": {"type": "Point", "coordinates": [-82.56029309040379, 35.78323065253577]}}, {"type": "Feature", "properties": {"PWSID": "NC0111147", "PWS_Name": "UNDER THE BLUE RIDGE", "Primacy_Agency": "NC", "Population_Served_Count": 50, "Service_Connections_Count": 20, "Service_Area_Type": "Residential Area", "Verification_Status": "", "Area_SqKM": 0.15084376305571756}, "geometry": {"type": "Point", "coordinates": [-82.47414746815973, 35.64545520845155]}}, {"type": "Feature", "properties": {"PWSID": "NC0111127", "PWS_Name": "WIND SHADOWS CIRCLE MHP", "Primacy_Agency": "NC", "Population_Served_Count": 72, "Service_Connections_Count": 36, "Service_Area_Type": "Mobile Home Park - Principal Residence", "Verification_Status": "", "Area_SqKM": 0.01204299948482897}, "geometry": {"type": "Point", "coordinates": [-82.65644250019103, 35.61853317652854]}}, {"type": "Feature", "properties": {"PWSID": "NC0145111", "PWS_Name": "LAKE SUMMIT-NORTH SHORE PLAYHS", "Primacy_Agency": "NC", "Population_Served_Count": 112, "Service_Connections_Count": 44, "Service_Area_Type": "Residential Area", "Verification_Status": "", "Area_SqKM": 0.06503519466167867}, "geometry": {"type": "Point", "coordinates": [-82.5608833256811, 35.2425379667217]}}, {"type": "Feature", "properties": {"PWSID": "NC0188104", "PWS_Name": "CONNESTEE FALLS", "Primacy_Agency": "NC", "Population_Served_Count": 3532, "Service_Connections_Count": 1413, "Service_Area_Type": "Residential Area", "Verification_Status": "", "Area_SqKM": 16.61134280528814}, "geometry": {"type": "Point", "coordinates": [-82.74270028288147, 35.151360596149686]}}, {"type": "Feature", "properties": {"PWSID": "NC0188116", "PWS_Name": "SHERWOOD FOREST WATER SYSTEM", "Primacy_Agency": "NC", "Population_Served_Count": 680, "Service_Connections_Count": 272, "Service_Area_Type": "Residential Area", "Verification_Status": "", "Area_SqKM": 1.7600423017956266}, "geometry": {"type": "Point", "coordinates": [-82.68430939141501, 35.14258898277623]}}, {"type": "Feature", "properties": {"PWSID": "NC0188126", "PWS_Name": "WATERFORD PLACE", "Primacy_Agency": "NC", "Population_Served_Count": 95, "Service_Connections_Count": 61, "Service_Area_Type": "Residential Area", "Verification_Status": "", "Area_SqKM": 0.022827183533380202}, "geometry": {"type": "Point", "coordinates": [-82.75192744704229, 35.22828301567051]}}, {"type": "Feature", "properties": {"PWSID": "NC0188132", "PWS_Name": "RIDGE HAVEN CONFERENCE CENTER", "Primacy_Agency": "NC", "Population_Served_Count": 100, "Service_Connections_Count": 70, "Service_Area_Type": "Residential Area", "Verification_Status": "", "Area_SqKM": 0.05242217216103426}, "geometry": {"type": "Point", "coordinates": [-82.82466681198333, 35.118595077125384]}}, {"type": "Feature", "properties": {"PWSID": "NC0188133", "PWS_Name": "CATATOGA AT LAKE TOXAWAY", "Primacy_Agency": "NC", "Population_Served_Count": 35, "Service_Connections_Count": 30, "Service_Area_Type": "Residential Area", "Verification_Status": "", "Area_SqKM": 0.045358107850985624}, "geometry": {"type": "Point", "coordinates": [-82.91606380747649, 35.124472627164245]}}, {"type": "Feature", "properties": {"PWSID": "NC0188428", "PWS_Name": "THE WILDS CAMP", "Primacy_Agency": "NC", "Population_Served_Count": 450, "Service_Connections_Count": 90, "Service_Area_Type": "Other Residential", "Verification_Status": "", "Area_SqKM": 41.51817891084122}, "geometry": {"type": "Point", "coordinates": [-82.84660347485445, 35.10926166819131]}}, {"type": "Feature", "properties": {"PWSID": "NC0188010", "PWS_Name": "BREVARD, CITY OF", "Primacy_Agency": "NC", "Population_Served_Count": 11336, "Service_Connections_Count": 4463, "Service_Area_Type": "Residential Area", "Verification_Status": "Verified\u00a0", "Area_SqKM": 26.578843586414298}, "geometry": {"type": "Point", "coordinates": [-82.73476059889042, 35.23408717185751]}}, {"type": "Feature", "properties": {"PWSID": "NC0188115", "PWS_Name": "ROSMAN, TOWN OF", "Primacy_Agency": "NC", "Population_Served_Count": 650, "Service_Connections_Count": 430, "Service_Area_Type": "Residential Area", "Verification_Status": "Verified\u00a0", "Area_SqKM": 1.7544965132827817}, "geometry": {"type": "Point", "coordinates": [-82.82152169666374, 35.144953969980214]}}, {"type": "Feature", "properties": {"PWSID": "NC0145129", "PWS_Name": "LAKE SHEILA WATER SYSTEM", "Primacy_Agency": "NC", "Population_Served_Count": 98, "Service_Connections_Count": 65, "Service_Area_Type": "Subdivision", "Verification_Status": "", "Area_SqKM": 0.5199022065785304}, "geometry": {"type": "Point", "coordinates": [-82.37620284524603, 35.19046396203855]}}, {"type": "Feature", "properties": {"PWSID": "NC0111102", "PWS_Name": "BENT CREEK WATER SYSTEM", "Primacy_Agency": "NC", "Population_Served_Count": 800, "Service_Connections_Count": 305, "Service_Area_Type": "Residential Area", "Verification_Status": "", "Area_SqKM": 0.09082594915699892}, "geometry": {"type": "Point", "coordinates": [-82.71940254710744, 35.50212209545381]}}, {"type": "Feature", "properties": {"PWSID": "NC0111104", "PWS_Name": "YMCA-BLUE RIDGE ASSEMBLY", "Primacy_Agency": "NC", "Population_Served_Count": 200, "Service_Connections_Count": 29, "Service_Area_Type": "Residential Area", "Verification_Status": "", "Area_SqKM": 0.0987096586818159}, "geometry": {"type": "Point", "coordinates": [-82.41184387283954, 35.5425026037128]}}, {"type": "Feature", "properties": {"PWSID": "NC0111125", "PWS_Name": "RANGEVIEW ACRES MHP", "Primacy_Agency": "NC", "Population_Served_Count": 150, "Service_Connections_Count": 91, "Service_Area_Type": "Mobile Home Park - Principal Residence", "Verification_Status": "", "Area_SqKM": 0.008956903999697837}, "geometry": {"type": "Point", "coordinates": [-82.37652941421148, 35.60440918593017]}}, {"type": "Feature", "properties": {"PWSID": "NC0111139", "PWS_Name": "SHANNA APARTMENTS", "Primacy_Agency": "NC", "Population_Served_Count": 60, "Service_Connections_Count": 37, "Service_Area_Type": "Residential Area", "Verification_Status": "", "Area_SqKM": 0.09004964686074543}, "geometry": {"type": "Point", "coordinates": [-82.82885443109305, 35.58464635948788]}}, {"type": "Feature", "properties": {"PWSID": "NC0111154", "PWS_Name": "LAURELWOOD MHP", "Primacy_Agency": "NC", "Population_Served_Count": 60, "Service_Connections_Count": 26, "Service_Area_Type": "Mobile Home Park - Principal Residence", "Verification_Status": "", "Area_SqKM": 0.009170120168852642}, "geometry": {"type": "Point", "coordinates": [-82.68848533478094, 35.49512390016394]}}, {"type": "Feature", "properties": {"PWSID": "NC0111157", "PWS_Name": "COUNTRY PLACE S/D", "Primacy_Agency": "NC", "Population_Served_Count": 160, "Service_Connections_Count": 76, "Service_Area_Type": "Residential Area", "Verification_Status": "", "Area_SqKM": 0.21620721345985375}, "geometry": {"type": "Point", "coordinates": [-82.8333813358923, 35.618002105158816]}}, {"type": "Feature", "properties": {"PWSID": "NC0144113", "PWS_Name": "SPRINGDALE WATER AND SEWER, LLC", "Primacy_Agency": "NC", "Population_Served_Count": 328, "Service_Connections_Count": 129, "Service_Area_Type": "Residential Area", "Verification_Status": "", "Area_SqKM": 0.6984892464529071}, "geometry": {"type": "Point", "coordinates": [-82.80840440800432, 35.416713468335026]}}, {"type": "Feature", "properties": {"PWSID": "NC0144127", "PWS_Name": "SILVER BLUFF NURSING HOME", "Primacy_Agency": "NC", "Population_Served_Count": 300, "Service_Connections_Count": 5, "Service_Area_Type": "Other Residential", "Verification_Status": "", "Area_SqKM": 0.45712713918682324}, "geometry": {"type": "Point", "coordinates": [-82.8884246670068, 35.49034215092521]}}, {"type": "Feature", "properties": {"PWSID": "NC0145113", "PWS_Name": "FLETCHER ACADEMY INC", "Primacy_Agency": "NC", "Population_Served_Count": 790, "Service_Connections_Count": 79, "Service_Area_Type": "School", "Verification_Status": "", "Area_SqKM": 3.4876132026051243}, "geometry": {"type": "Point", "coordinates": [-82.47575211202563, 35.315707365018184]}}, {"type": "Feature", "properties": {"PWSID": "NC0145115", "PWS_Name": "MAPLE HILLS MHP", "Primacy_Agency": "NC", "Population_Served_Count": 185, "Service_Connections_Count": 74, "Service_Area_Type": "Mobile Home Park - Principal Residence", "Verification_Status": "", "Area_SqKM": 0.2314333774145173}, "geometry": {"type": "Point", "coordinates": [-82.62067827047723, 35.34366586255761]}}, {"type": "Feature", "properties": {"PWSID": "NC0145140", "PWS_Name": "HIGH VISTA ESTATES", "Primacy_Agency": "NC", "Population_Served_Count": 775, "Service_Connections_Count": 305, "Service_Area_Type": "Residential Area", "Verification_Status": "", "Area_SqKM": 0.16938016697532862}, "geometry": {"type": "Point", "coordinates": [-82.58773330980911, 35.419035292140705]}}, {"type": "Feature", "properties": {"PWSID": "NC0145147", "PWS_Name": "WOODHAVEN S/D", "Primacy_Agency": "NC", "Population_Served_Count": 198, "Service_Connections_Count": 80, "Service_Area_Type": "Residential Area", "Verification_Status": "", "Area_SqKM": 2.454766956465205}, "geometry": {"type": "Point", "coordinates": [-82.49418800824921, 35.26070061504225]}}, {"type": "Feature", "properties": {"PWSID": "NC0145149", "PWS_Name": "FAIRFIELD APARTMENTS", "Primacy_Agency": "NC", "Population_Served_Count": 56, "Service_Connections_Count": 22, "Service_Area_Type": "Residential Area", "Verification_Status": "", "Area_SqKM": 0.3785390683941598}, "geometry": {"type": "Point", "coordinates": [-82.50957685568848, 35.39324149276365]}}, {"type": "Feature", "properties": {"PWSID": "NC0145161", "PWS_Name": "JAY MAR TRAILER PARK", "Primacy_Agency": "NC", "Population_Served_Count": 50, "Service_Connections_Count": 202, "Service_Area_Type": "Other Residential", "Verification_Status": "", "Area_SqKM": 0.46121282724213364}, "geometry": {"type": "Point", "coordinates": [-82.3945520544235, 35.36997327200169]}}, {"type": "Feature", "properties": {"PWSID": "NC0145167", "PWS_Name": "CINNAMON WOODS", "Primacy_Agency": "NC", "Population_Served_Count": 288, "Service_Connections_Count": 126, "Service_Area_Type": "Residential Area", "Verification_Status": "", "Area_SqKM": 0.1648714697957895}, "geometry": {"type": "Point", "coordinates": [-82.61821070585408, 35.349866047076844]}}, {"type": "Feature", "properties": {"PWSID": "NC0145420", "PWS_Name": "MOUNTAIN VIEW ASSISTED LIVING", "Primacy_Agency": "NC", "Population_Served_Count": 44, "Service_Connections_Count": 4, "Service_Area_Type": "Other Residential", "Verification_Status": "", "Area_SqKM": 0.26071758406874723}, "geometry": {"type": "Point", "coordinates": [-82.465237572819, 35.38158545084519]}}, {"type": "Feature", "properties": {"PWSID": "NC0188128", "PWS_Name": "INDIAN LAKES ESTATE S/D", "Primacy_Agency": "NC", "Population_Served_Count": 75, "Service_Connections_Count": 47, "Service_Area_Type": "Residential Area", "Verification_Status": "", "Area_SqKM": 0.46808325454566935}, "geometry": {"type": "Point", "coordinates": [-82.70003534313489, 35.27471178478592]}}, {"type": "Feature", "properties": {"PWSID": "NC1045001", "PWS_Name": "CLEAR CREEK MEADOWS S/D", "Primacy_Agency": "NC", "Population_Served_Count": 124, "Service_Connections_Count": 49, "Service_Area_Type": "Residential Area", "Verification_Status": "", "Area_SqKM": 0.09281486232614197}, "geometry": {"type": "Point", "coordinates": [-82.41752184924536, 35.399134541783056]}}, {"type": "Feature", "properties": {"PWSID": "NC1045015", "PWS_Name": "CRAB CREEK VALLEY S/D", "Primacy_Agency": "NC", "Population_Served_Count": 60, "Service_Connections_Count": 42, "Service_Area_Type": "Subdivision", "Verification_Status": "", "Area_SqKM": 0.3080948048965813}, "geometry": {"type": "Point", "coordinates": [-82.54655482456589, 35.25192514282406]}}, {"type": "Feature", "properties": {"PWSID": "NC1045025", "PWS_Name": "WHITE OAK VILLAGE", "Primacy_Agency": "NC", "Population_Served_Count": 185, "Service_Connections_Count": 75, "Service_Area_Type": "Subdivision", "Verification_Status": "", "Area_SqKM": 0.027449125467666268}, "geometry": {"type": "Point", "coordinates": [-82.40711748263766, 35.58843824779817]}}, {"type": "Feature", "properties": {"PWSID": "NC1045034", "PWS_Name": "JETER MOUNTAIN MHP", "Primacy_Agency": "NC", "Population_Served_Count": 54, "Service_Connections_Count": 21, "Service_Area_Type": "Mobile Home Park", "Verification_Status": "", "Area_SqKM": 0.2722191311330865}, "geometry": {"type": "Point", "coordinates": [-82.56926128337143, 35.25140312498149]}}, {"type": "Feature", "properties": {"PWSID": "NC1045041", "PWS_Name": "ACONY BELL COMMUNITY", "Primacy_Agency": "NC", "Population_Served_Count": 82, "Service_Connections_Count": 82, "Service_Area_Type": "Mobile Home Park", "Verification_Status": "", "Area_SqKM": 2.6399849930658648}, "geometry": {"type": "Point", "coordinates": [-82.63306937366143, 35.326833102374806]}}, {"type": "Feature", "properties": {"PWSID": "NC1050030", "PWS_Name": "PINCHOT S/D", "Primacy_Agency": "NC", "Population_Served_Count": 74, "Service_Connections_Count": 29, "Service_Area_Type": "Subdivision", "Verification_Status": "", "Area_SqKM": 0.3120255027458911}, "geometry": {"type": "Point", "coordinates": [-82.83610106548504, 35.51327901694177]}}, {"type": "Feature", "properties": {"PWSID": "NC1050084", "PWS_Name": "SILVER RUN RESERVE", "Primacy_Agency": "NC", "Population_Served_Count": 38, "Service_Connections_Count": 15, "Service_Area_Type": "Subdivision", "Verification_Status": "", "Area_SqKM": 0.07835397939953515}, "geometry": {"type": "Point", "coordinates": [-82.87433079469433, 35.53234592630242]}}, {"type": "Feature", "properties": {"PWSID": "NC0145151", "PWS_Name": "KNOLL RIDGE MHP", "Primacy_Agency": "NC", "Population_Served_Count": 75, "Service_Connections_Count": 30, "Service_Area_Type": "Mobile Home Park - Principal Residence", "Verification_Status": "", "Area_SqKM": 0.07888204455479882}, "geometry": {"type": "Point", "coordinates": [-82.59810512496156, 35.365437812544926]}}, {"type": "Feature", "properties": {"PWSID": "NC0111152", "PWS_Name": "WEDGEFIELD ACRES MHP", "Primacy_Agency": "NC", "Population_Served_Count": 100, "Service_Connections_Count": 46, "Service_Area_Type": "Mobile Home Park - Principal Residence", "Verification_Status": "", "Area_SqKM": 0.04938403031680233}, "geometry": {"type": "Point", "coordinates": [-82.61367196347307, 35.53400467283066]}}, {"type": "Feature", "properties": {"PWSID": "NC0145156", "PWS_Name": "FRUITLAND MHP", "Primacy_Agency": "NC", "Population_Served_Count": 75, "Service_Connections_Count": 30, "Service_Area_Type": "Mobile Home Park - Principal Residence", "Verification_Status": "", "Area_SqKM": 0.04273856679074042}, "geometry": {"type": "Point", "coordinates": [-82.39868364296971, 35.388008157196545]}}, {"type": "Feature", "properties": {"PWSID": "NC0145148", "PWS_Name": "COUNTRY ACRES MHP", "Primacy_Agency": "NC", "Population_Served_Count": 30, "Service_Connections_Count": 24, "Service_Area_Type": "Mobile Home Park - Principal Residence", "Verification_Status": "", "Area_SqKM": 0.024851404133077213}, "geometry": {"type": "Point", "coordinates": [-82.5906403999633, 35.41862780026436]}}, {"type": "Feature", "properties": {"PWSID": "NC0145172", "PWS_Name": "MAGNOLIA MHP", "Primacy_Agency": "NC", "Population_Served_Count": 138, "Service_Connections_Count": 92, "Service_Area_Type": "Mobile Home Park - Principal Residence", "Verification_Status": "", "Area_SqKM": 0.020176002339595347}, "geometry": {"type": "Point", "coordinates": [-82.41532727808259, 35.36822803868382]}}, {"type": "Feature", "properties": {"PWSID": "NC0111134", "PWS_Name": "AVALON ACRES MHP", "Primacy_Agency": "NC", "Population_Served_Count": 65, "Service_Connections_Count": 24, "Service_Area_Type": "Mobile Home Park - Principal Residence", "Verification_Status": "", "Area_SqKM": 0.018982426994308608}, "geometry": {"type": "Point", "coordinates": [-82.39450258914685, 35.51474023334106]}}, {"type": "Feature", "properties": {"PWSID": "NC0145135", "PWS_Name": "SILENT SPRINGS PARK", "Primacy_Agency": "NC", "Population_Served_Count": 25, "Service_Connections_Count": 20, "Service_Area_Type": "Mobile Home Park - Principal Residence", "Verification_Status": "", "Area_SqKM": 0.01641510411624653}, "geometry": {"type": "Point", "coordinates": [-82.51754893317433, 35.438061133199334]}}, {"type": "Feature", "properties": {"PWSID": "NC0111010", "PWS_Name": "ASHEVILLE CITY OF", "Primacy_Agency": "NC", "Population_Served_Count": 156720, "Service_Connections_Count": 61701, "Service_Area_Type": "Residential Area", "Verification_Status": "Verified\u00a0", "Area_SqKM": 529.1583187333877}, "geometry": {"type": "Point", "coordinates": [-82.51938097706709, 35.56762961656233]}}, {"type": "Feature", "properties": {"PWSID": "NC0145010", "PWS_Name": "HENDERSONVILLE, CITY OF", "Primacy_Agency": "NC", "Population_Served_Count": 79278, "Service_Connections_Count": 36337, "Service_Area_Type": "Residential Area", "Verification_Status": "Verified\u00a0", "Area_SqKM": 305.2141261267195}, "geometry": {"type": "Point", "coordinates": [-82.51337069643968, 35.33852119417216]}}, {"type": "Feature", "properties": {"PWSID": "NC0144015", "PWS_Name": "CANTON, TOWN OF", "Primacy_Agency": "NC", "Population_Served_Count": 7850, "Service_Connections_Count": 3477, "Service_Area_Type": "Residential Area", "Verification_Status": "Verified\u00a0", "Area_SqKM": 12.845713718551611}, "geometry": {"type": "Point", "coordinates": [-82.83669276478439, 35.53343902817313]}}, {"type": "Feature", "properties": {"PWSID": "NC0144025", "PWS_Name": "CLYDE, TOWN OF", "Primacy_Agency": "NC", "Population_Served_Count": 3256, "Service_Connections_Count": 1282, "Service_Area_Type": "Residential Area", "Verification_Status": "Verified\u00a0", "Area_SqKM": 6.256796313239732}, "geometry": {"type": "Point", "coordinates": [-82.90834692484502, 35.52764336882939]}}, {"type": "Feature", "properties": {"PWSID": "NC0111030", "PWS_Name": "BILTMORE FOREST,  TOWN OF", "Primacy_Agency": "NC", "Population_Served_Count": 1356, "Service_Connections_Count": 740, "Service_Area_Type": "Residential Area", "Verification_Status": "Verified\u00a0", "Area_SqKM": 6.175708696999875}, "geometry": {"type": "Point", "coordinates": [-82.5432930825482, 35.5333176904908]}}, {"type": "Feature", "properties": {"PWSID": "NC0156122", "PWS_Name": "WHITE PINES MHP", "Primacy_Agency": "NC", "Population_Served_Count": 50, "Service_Connections_Count": 25, "Service_Area_Type": "Mobile Home Park - Principal Residence", "Verification_Status": "", "Area_SqKM": 0.00939002070938529}, "geometry": {"type": "Point", "coordinates": [-81.96442119098141, 35.55147994542563]}}, {"type": "Feature", "properties": {"PWSID": "NC0111142", "PWS_Name": "ROLLING OAKS ESTATES", "Primacy_Agency": "NC", "Population_Served_Count": 75, "Service_Connections_Count": 40, "Service_Area_Type": "Residential Area", "Verification_Status": "", "Area_SqKM": 0.016445660182998798}, "geometry": {"type": "Point", "coordinates": [-82.16199702436536, 35.618089710668954]}}, {"type": "Feature", "properties": {"PWSID": "NC0181050", "PWS_Name": "CONCORD COMM WATER SYSTEM", "Primacy_Agency": "NC", "Population_Served_Count": 1867, "Service_Connections_Count": 735, "Service_Area_Type": "Residential Area", "Verification_Status": "Verified\u00a0", "Area_SqKM": 5.903265758904249}, "geometry": {"type": "Point", "coordinates": [-81.80913221200508, 35.344053076030335]}}, {"type": "Feature", "properties": {"PWSID": "NC0181040", "PWS_Name": "BOSTIC,  TOWN OF", "Primacy_Agency": "NC", "Population_Served_Count": 953, "Service_Connections_Count": 375, "Service_Area_Type": "Residential Area", "Verification_Status": "Verified\u00a0", "Area_SqKM": 6.118627409104257}, "geometry": {"type": "Point", "coordinates": [-81.82850134127068, 35.366853993498204]}}, {"type": "Feature", "properties": {"PWSID": "NC0181038", "PWS_Name": "ELLENBORO TOWN OF", "Primacy_Agency": "NC", "Population_Served_Count": 2322, "Service_Connections_Count": 914, "Service_Area_Type": "Residential Area", "Verification_Status": "Verified\u00a0", "Area_SqKM": 6.368452471495995}, "geometry": {"type": "Point", "coordinates": [-81.78316580808956, 35.324610260938606]}}, {"type": "Feature", "properties": {"PWSID": "NC1075010", "PWS_Name": "POLK COUNTY WATER SYSTEM", "Primacy_Agency": "NC", "Population_Served_Count": 671, "Service_Connections_Count": 264, "Service_Area_Type": "Residential Area", "Verification_Status": "", "Area_SqKM": 1.335716713214331}, "geometry": {"type": "Point", "coordinates": [-82.07536394927361, 35.28933855479737]}}, {"type": "Feature", "properties": {"PWSID": "NC0106124", "PWS_Name": "WOODLAND MEADOWS", "Primacy_Agency": "NC", "Population_Served_Count": 25, "Service_Connections_Count": 22, "Service_Area_Type": "Residential Area", "Verification_Status": "", "Area_SqKM": 0.0733673118374681}, "geometry": {"type": "Point", "coordinates": [-81.88604920276877, 36.265745325159315]}}, {"type": "Feature", "properties": {"PWSID": "NC0106123", "PWS_Name": "CHARLES A CANNON MEMORIAL HOSPITAL", "Primacy_Agency": "NC", "Population_Served_Count": 320, "Service_Connections_Count": 2, "Service_Area_Type": "Medical Facility", "Verification_Status": "", "Area_SqKM": 18.23543864186328}, "geometry": {"type": "Point", "coordinates": [-81.84060862114434, 36.10147648380004]}}, {"type": "Feature", "properties": {"PWSID": "NC0106119", "PWS_Name": "SKI COUNTRY", "Primacy_Agency": "NC", "Population_Served_Count": 150, "Service_Connections_Count": 78, "Service_Area_Type": "Residential Area", "Verification_Status": "", "Area_SqKM": 0.08515319892343996}, "geometry": {"type": "Point", "coordinates": [-81.85029712987092, 36.135483149258334]}}, {"type": "Feature", "properties": {"PWSID": "NC0106107", "PWS_Name": "SUGAR MOUNTAIN UTILITY", "Primacy_Agency": "NC", "Population_Served_Count": 3226, "Service_Connections_Count": 1421, "Service_Area_Type": "Residential Area", "Verification_Status": "", "Area_SqKM": 4.441772371100424}, "geometry": {"type": "Point", "coordinates": [-81.85859086400902, 36.12758972535272]}}, {"type": "Feature", "properties": {"PWSID": "NC0106116", "PWS_Name": "BLUE RIDGE VILLAGE", "Primacy_Agency": "NC", "Population_Served_Count": 343, "Service_Connections_Count": 135, "Service_Area_Type": "Residential Area", "Verification_Status": "", "Area_SqKM": 0.12246403836940134}, "geometry": {"type": "Point", "coordinates": [-81.84622662614971, 36.12378942482606]}}, {"type": "Feature", "properties": {"PWSID": "NC0106118", "PWS_Name": "ELK RIVER CLUB DEVELOPMENT", "Primacy_Agency": "NC", "Population_Served_Count": 732, "Service_Connections_Count": 293, "Service_Area_Type": "Residential Area", "Verification_Status": "", "Area_SqKM": 0.3629925074026471}, "geometry": {"type": "Point", "coordinates": [-81.89059241752895, 36.15576929197977]}}, {"type": "Feature", "properties": {"PWSID": "NC0106422", "PWS_Name": "LEES-MCRAE -SOUTH CAMPUS", "Primacy_Agency": "NC", "Population_Served_Count": 99, "Service_Connections_Count": 25, "Service_Area_Type": "Residential Area", "Verification_Status": "", "Area_SqKM": 2.5541932308365474}, "geometry": {"type": "Point", "coordinates": [-81.87231326934312, 36.16157470427296]}}, {"type": "Feature", "properties": {"PWSID": "NC0195104", "PWS_Name": "BEECH MOUNTAIN, TOWN OF", "Primacy_Agency": "NC", "Population_Served_Count": 2468, "Service_Connections_Count": 2077, "Service_Area_Type": "Residential Area", "Verification_Status": "Verified\u00a0", "Area_SqKM": 16.24244194434883}, "geometry": {"type": "Point", "coordinates": [-81.88686550533265, 36.21383859640381]}}, {"type": "Feature", "properties": {"PWSID": "NC0106025", "PWS_Name": "ELK PARK, TOWN OF", "Primacy_Agency": "NC", "Population_Served_Count": 495, "Service_Connections_Count": 317, "Service_Area_Type": "Residential Area", "Verification_Status": "Verified\u00a0", "Area_SqKM": 1.0731718855258008}, "geometry": {"type": "Point", "coordinates": [-81.98337686732509, 36.15812274487344]}}, {"type": "Feature", "properties": {"PWSID": "NC3095002", "PWS_Name": "ECHOTA S/D", "Primacy_Agency": "NC", "Population_Served_Count": 678, "Service_Connections_Count": 665, "Service_Area_Type": "Subdivision", "Verification_Status": "", "Area_SqKM": 0.8815196202881833}, "geometry": {"type": "Point", "coordinates": [-81.7838945772902, 36.17322875541965]}}, {"type": "Feature", "properties": {"PWSID": "NC0195103", "PWS_Name": "WATAUGA MHP", "Primacy_Agency": "NC", "Population_Served_Count": 45, "Service_Connections_Count": 22, "Service_Area_Type": "Mobile Home Park - Principal Residence", "Verification_Status": "", "Area_SqKM": 0.012189816931402482}, "geometry": {"type": "Point", "coordinates": [-81.78531031429463, 36.15473830012857]}}, {"type": "Feature", "properties": {"PWSID": "NC0195127", "PWS_Name": "PEBBLE CREEK APARTMENTS", "Primacy_Agency": "NC", "Population_Served_Count": 52, "Service_Connections_Count": 26, "Service_Area_Type": "Residential Area", "Verification_Status": "", "Area_SqKM": 0.08132829806497381}, "geometry": {"type": "Point", "coordinates": [-81.74339179772038, 36.23007154069094]}}, {"type": "Feature", "properties": {"PWSID": "NC3095030", "PWS_Name": "COTTAGES OF BOONE", "Primacy_Agency": "NC", "Population_Served_Count": 890, "Service_Connections_Count": 206, "Service_Area_Type": "Residential Area", "Verification_Status": "", "Area_SqKM": 0.3363145667668898}, "geometry": {"type": "Point", "coordinates": [-81.72833880454154, 36.2290970147669]}}, {"type": "Feature", "properties": {"PWSID": "NC0195115", "PWS_Name": "MILL RIDGE POA", "Primacy_Agency": "NC", "Population_Served_Count": 427, "Service_Connections_Count": 171, "Service_Area_Type": "Residential Area", "Verification_Status": "", "Area_SqKM": 0.5344348787048212}, "geometry": {"type": "Point", "coordinates": [-81.77566706604384, 36.15517248966778]}}, {"type": "Feature", "properties": {"PWSID": "NC0195112", "PWS_Name": "HOUND EARS WATER SYSTEM", "Primacy_Agency": "NC", "Population_Served_Count": 975, "Service_Connections_Count": 443, "Service_Area_Type": "Residential Area", "Verification_Status": "", "Area_SqKM": 2.2383097293075704}, "geometry": {"type": "Point", "coordinates": [-81.74100435642723, 36.17944178477066]}}, {"type": "Feature", "properties": {"PWSID": "NC0114107", "PWS_Name": "MISTY MOUNTAIN", "Primacy_Agency": "NC", "Population_Served_Count": 369, "Service_Connections_Count": 145, "Service_Area_Type": "Residential Area", "Verification_Status": "", "Area_SqKM": 3.372632458816988}, "geometry": {"type": "Point", "coordinates": [-81.74046380065262, 36.124911409375095]}}, {"type": "Feature", "properties": {"PWSID": "NC0195118", "PWS_Name": "SEVEN DEVILS, TOWN OF", "Primacy_Agency": "NC", "Population_Served_Count": 400, "Service_Connections_Count": 525, "Service_Area_Type": "Residential Area", "Verification_Status": "Verified\u00a0", "Area_SqKM": 5.307289225584368}, "geometry": {"type": "Point", "coordinates": [-81.80443517654471, 36.15175879022152]}}, {"type": "Feature", "properties": {"PWSID": "NC0136211", "PWS_Name": "KINGS GRANT S/D", "Primacy_Agency": "NC", "Population_Served_Count": 460, "Service_Connections_Count": 181, "Service_Area_Type": "Residential Area", "Verification_Status": "", "Area_SqKM": 4.276076525735818}, "geometry": {"type": "Point", "coordinates": [-81.09446430118074, 35.22642641834833]}}, {"type": "Feature", "properties": {"PWSID": "NC0136352", "PWS_Name": "OLDE LAMP PLACE", "Primacy_Agency": "NC", "Population_Served_Count": 119, "Service_Connections_Count": 47, "Service_Area_Type": "Residential Area", "Verification_Status": "", "Area_SqKM": 0.03153978218225398}, "geometry": {"type": "Point", "coordinates": [-81.16113723935398, 35.1982429000202]}}, {"type": "Feature", "properties": {"PWSID": "NC0136010", "PWS_Name": "TWO RIVERS UTILITIES", "Primacy_Agency": "NC", "Population_Served_Count": 93877, "Service_Connections_Count": 37783, "Service_Area_Type": "Municipality", "Verification_Status": "Verified\u00a0", "Area_SqKM": 129.63839445562624}, "geometry": {"type": "Point", "coordinates": [-81.17776599592924, 35.22202836325583]}}, {"type": "Feature", "properties": {"PWSID": "NC0123020", "PWS_Name": "KINGS MOUNTAIN, TOWN OF", "Primacy_Agency": "NC", "Population_Served_Count": 14153, "Service_Connections_Count": 5572, "Service_Area_Type": "Industrial/Agricultural", "Verification_Status": "Verified\u00a0", "Area_SqKM": 22.052892676588893}, "geometry": {"type": "Point", "coordinates": [-81.38133444390725, 35.23810819368844]}}, {"type": "Feature", "properties": {"PWSID": "NC0136235", "PWS_Name": "BRENTWOOD MHP", "Primacy_Agency": "NC", "Population_Served_Count": 99, "Service_Connections_Count": 39, "Service_Area_Type": "Mobile Home Park - Principal Residence", "Verification_Status": "", "Area_SqKM": 0.0062359857028883615}, "geometry": {"type": "Point", "coordinates": [-81.26157909246716, 35.238333976883844]}}, {"type": "Feature", "properties": {"PWSID": "NC0136360", "PWS_Name": "BERKLEY OAKS LLC", "Primacy_Agency": "NC", "Population_Served_Count": 170, "Service_Connections_Count": 84, "Service_Area_Type": "Mobile Home Park - Principal Residence", "Verification_Status": "", "Area_SqKM": 1.0468366191598864}, "geometry": {"type": "Point", "coordinates": [-81.24128459693748, 35.18541695779072]}}, {"type": "Feature", "properties": {"PWSID": "NC0136342", "PWS_Name": "SADDLEWOOD II S/D", "Primacy_Agency": "NC", "Population_Served_Count": 320, "Service_Connections_Count": 126, "Service_Area_Type": "Residential Area", "Verification_Status": "", "Area_SqKM": 0.09695599647614997}, "geometry": {"type": "Point", "coordinates": [-81.18557967200364, 35.17922746753226]}}, {"type": "Feature", "properties": {"PWSID": "NC0112133", "PWS_Name": "PINE MOUNTAIN LAKES S/D", "Primacy_Agency": "NC", "Population_Served_Count": 239, "Service_Connections_Count": 94, "Service_Area_Type": "Residential Area", "Verification_Status": "", "Area_SqKM": 12.775090397846304}, "geometry": {"type": "Point", "coordinates": [-81.61040872995933, 35.58051822172279]}}, {"type": "Feature", "properties": {"PWSID": "NC0136519", "PWS_Name": "WINDY HILL MHP", "Primacy_Agency": "NC", "Population_Served_Count": 58, "Service_Connections_Count": 37, "Service_Area_Type": "Mobile Home Park - Principal Residence", "Verification_Status": "", "Area_SqKM": 0.011976759257834986}, "geometry": {"type": "Point", "coordinates": [-81.06239394526793, 35.29445106137253]}}, {"type": "Feature", "properties": {"PWSID": "NC0136225", "PWS_Name": "HICKORY VILLAGE MHP", "Primacy_Agency": "NC", "Population_Served_Count": 165, "Service_Connections_Count": 75, "Service_Area_Type": "Mobile Home Park - Principal Residence", "Verification_Status": "", "Area_SqKM": 0.022194147947096166}, "geometry": {"type": "Point", "coordinates": [-81.06751417808123, 35.28589136344056]}}, {"type": "Feature", "properties": {"PWSID": "NC0136107", "PWS_Name": "BELMONT ABBEY COLLEGE", "Primacy_Agency": "NC", "Population_Served_Count": 1325, "Service_Connections_Count": 22, "Service_Area_Type": "School", "Verification_Status": "", "Area_SqKM": 1.9485754112942109}, "geometry": {"type": "Point", "coordinates": [-81.01585045718787, 35.247814669713414]}}, {"type": "Feature", "properties": {"PWSID": "NC0136106", "PWS_Name": "BEECHBROOK S/D", "Primacy_Agency": "NC", "Population_Served_Count": 97, "Service_Connections_Count": 38, "Service_Area_Type": "Residential Area", "Verification_Status": "", "Area_SqKM": 0.5464012637603517}, "geometry": {"type": "Point", "coordinates": [-81.06344675459982, 35.26047100610761]}}, {"type": "Feature", "properties": {"PWSID": "NC0136075", "PWS_Name": "HIGH SHOALS, CITY OF", "Primacy_Agency": "NC", "Population_Served_Count": 729, "Service_Connections_Count": 203, "Service_Area_Type": "Residential Area", "Verification_Status": "Verified\u00a0", "Area_SqKM": 5.401626852802426}, "geometry": {"type": "Point", "coordinates": [-81.20048837446214, 35.39224482830127]}}, {"type": "Feature", "properties": {"PWSID": "NC0136035", "PWS_Name": "STANLEY, TOWN OF", "Primacy_Agency": "NC", "Population_Served_Count": 5453, "Service_Connections_Count": 2341, "Service_Area_Type": "Residential Area", "Verification_Status": "Verified\u00a0", "Area_SqKM": 6.2265907087212}, "geometry": {"type": "Point", "coordinates": [-81.09728776017951, 35.35491989466447]}}, {"type": "Feature", "properties": {"PWSID": "NC0123025", "PWS_Name": "BOILING SPRINGS, TOWN OF", "Primacy_Agency": "NC", "Population_Served_Count": 4769, "Service_Connections_Count": 1875, "Service_Area_Type": "Residential Area", "Verification_Status": "Verified\u00a0", "Area_SqKM": 12.782319357768118}, "geometry": {"type": "Point", "coordinates": [-81.6592675757807, 35.25417907319006]}}, {"type": "Feature", "properties": {"PWSID": "NC0136025", "PWS_Name": "BESSEMER CITY, CITY OF", "Primacy_Agency": "NC", "Population_Served_Count": 5690, "Service_Connections_Count": 2775, "Service_Area_Type": "Municipality", "Verification_Status": "Verified\u00a0", "Area_SqKM": 13.427447879974784}, "geometry": {"type": "Point", "coordinates": [-81.28247254410097, 35.28647087787742]}}, {"type": "Feature", "properties": {"PWSID": "NC0136030", "PWS_Name": "CHERRYVILLE, CITY OF", "Primacy_Agency": "NC", "Population_Served_Count": 6353, "Service_Connections_Count": 3210, "Service_Area_Type": "Municipality", "Verification_Status": "Verified\u00a0", "Area_SqKM": 13.764936653004343}, "geometry": {"type": "Point", "coordinates": [-81.37556295225203, 35.38607251519771]}}, {"type": "Feature", "properties": {"PWSID": "NC0155010", "PWS_Name": "LINCOLNTON, CITY OF", "Primacy_Agency": "NC", "Population_Served_Count": 15839, "Service_Connections_Count": 6236, "Service_Area_Type": "Industrial/Agricultural", "Verification_Status": "Verified\u00a0", "Area_SqKM": 28.70830935783625}, "geometry": {"type": "Point", "coordinates": [-81.2408209469049, 35.47988913739629]}}, {"type": "Feature", "properties": {"PWSID": "NC0123010", "PWS_Name": "SHELBY, CITY OF", "Primacy_Agency": "NC", "Population_Served_Count": 23577, "Service_Connections_Count": 10925, "Service_Area_Type": "Residential Area", "Verification_Status": "Verified\u00a0", "Area_SqKM": 56.759198534097656}, "geometry": {"type": "Point", "coordinates": [-81.54688977611497, 35.27883094243582]}}, {"type": "Feature", "properties": {"PWSID": "NC0155035", "PWS_Name": "LINCOLN COUNTY WTP", "Primacy_Agency": "NC", "Population_Served_Count": 48496, "Service_Connections_Count": 19093, "Service_Area_Type": "Residential Area", "Verification_Status": "Verified\u00a0", "Area_SqKM": 245.3210836502809}, "geometry": {"type": "Point", "coordinates": [-81.04853112950343, 35.494687143454655]}}, {"type": "Feature", "properties": {"PWSID": "NC0123055", "PWS_Name": "CLEVELAND COUNTY WATER", "Primacy_Agency": "NC", "Population_Served_Count": 58755, "Service_Connections_Count": 23132, "Service_Area_Type": "Residential Area", "Verification_Status": "Verified\u00a0", "Area_SqKM": 987.0005023758029}, "geometry": {"type": "Point", "coordinates": [-81.54918552582836, 35.30088318412587]}}, {"type": "Feature", "properties": {"PWSID": "NC0190127", "PWS_Name": "JAARS, INC", "Primacy_Agency": "NC", "Population_Served_Count": 790, "Service_Connections_Count": 234, "Service_Area_Type": "Residential Area", "Verification_Status": "", "Area_SqKM": 9.363587182088908}, "geometry": {"type": "Point", "coordinates": [-80.75834491501725, 34.94156109397378]}}, {"type": "Feature", "properties": {"PWSID": "NC1081016", "PWS_Name": "DANIEL MORGAN WTR DISTRICT-NC", "Primacy_Agency": "NC", "Population_Served_Count": 330, "Service_Connections_Count": 130, "Service_Area_Type": "Residential Area", "Verification_Status": "", "Area_SqKM": 1.4330384345694631}, "geometry": {"type": "Point", "coordinates": [-81.69909555327284, 35.298002600030514]}}, {"type": "Feature", "properties": {"PWSID": "NC0155132", "PWS_Name": "CHARLESTON TRAIL ESTATES", "Primacy_Agency": "NC", "Population_Served_Count": 110, "Service_Connections_Count": 43, "Service_Area_Type": "Mobile Home Park - Principal Residence", "Verification_Status": "", "Area_SqKM": 0.08074886864760723}, "geometry": {"type": "Point", "coordinates": [-81.44667168296607, 35.457862201860856]}}, {"type": "Feature", "properties": {"PWSID": "NC0136378", "PWS_Name": "MOBILE HOME PARK HAVEN", "Primacy_Agency": "NC", "Population_Served_Count": 142, "Service_Connections_Count": 56, "Service_Area_Type": "Mobile Home Park - Principal Residence", "Verification_Status": "", "Area_SqKM": 0.021213433781139757}, "geometry": {"type": "Point", "coordinates": [-81.13898804068323, 35.35020701102161]}}, {"type": "Feature", "properties": {"PWSID": "NC0136369", "PWS_Name": "COUNTRY TIME INN", "Primacy_Agency": "NC", "Population_Served_Count": 59, "Service_Connections_Count": 3, "Service_Area_Type": "Other Residential", "Verification_Status": "", "Area_SqKM": 0.01571008801997484}, "geometry": {"type": "Point", "coordinates": [-81.31663211415264, 35.261293900094465]}}, {"type": "Feature", "properties": {"PWSID": "NC0136346", "PWS_Name": "WINDSOR HEIGHTS MHP", "Primacy_Agency": "NC", "Population_Served_Count": 178, "Service_Connections_Count": 70, "Service_Area_Type": "Mobile Home Park - Principal Residence", "Verification_Status": "", "Area_SqKM": 0.6294233257061133}, "geometry": {"type": "Point", "coordinates": [-81.12709233316211, 35.31231455996249]}}, {"type": "Feature", "properties": {"PWSID": "NC0136241", "PWS_Name": "MOUNTAIN VILLAGE MHP", "Primacy_Agency": "NC", "Population_Served_Count": 44, "Service_Connections_Count": 47, "Service_Area_Type": "Mobile Home Park - Principal Residence", "Verification_Status": "", "Area_SqKM": 0.02672242628287491}, "geometry": {"type": "Point", "coordinates": [-81.25636459301504, 35.250195233313555]}}, {"type": "Feature", "properties": {"PWSID": "NC0136148", "PWS_Name": "HOLLY ACRES", "Primacy_Agency": "NC", "Population_Served_Count": 137, "Service_Connections_Count": 57, "Service_Area_Type": "Residential Area", "Verification_Status": "", "Area_SqKM": 0.39597362986047113}, "geometry": {"type": "Point", "coordinates": [-81.14482681678824, 35.29855086034265]}}, {"type": "Feature", "properties": {"PWSID": "NC0136124", "PWS_Name": "DONNA-LYNN MHP", "Primacy_Agency": "NC", "Population_Served_Count": 122, "Service_Connections_Count": 48, "Service_Area_Type": "Mobile Home Park - Principal Residence", "Verification_Status": "", "Area_SqKM": 0.21105808442459037}, "geometry": {"type": "Point", "coordinates": [-81.20476952510654, 35.36835804998547]}}, {"type": "Feature", "properties": {"PWSID": "NC0136103", "PWS_Name": "ALLEN MHP LLC", "Primacy_Agency": "NC", "Population_Served_Count": 64, "Service_Connections_Count": 25, "Service_Area_Type": "Mobile Home Park - Principal Residence", "Verification_Status": "", "Area_SqKM": 1.574719000366554}, "geometry": {"type": "Point", "coordinates": [-81.31022346272081, 35.36483991252592]}}, {"type": "Feature", "properties": {"PWSID": "NC0136055", "PWS_Name": "RAGAN VILLAGE WATER ASSOC", "Primacy_Agency": "NC", "Population_Served_Count": 100, "Service_Connections_Count": 30, "Service_Area_Type": "Residential Area", "Verification_Status": "", "Area_SqKM": 1.2919643596840173}, "geometry": {"type": "Point", "coordinates": [-81.23969932459698, 35.29334374264313]}}, {"type": "Feature", "properties": {"PWSID": "NC0136015", "PWS_Name": "BELMONT, CITY OF", "Primacy_Agency": "NC", "Population_Served_Count": 15010, "Service_Connections_Count": 7500, "Service_Area_Type": "Municipality", "Verification_Status": "Verified\u00a0", "Area_SqKM": 21.47023053043589}, "geometry": {"type": "Point", "coordinates": [-81.03586955874509, 35.21902796116964]}}, {"type": "Feature", "properties": {"PWSID": "NC0160196", "PWS_Name": "WESTWOOD MHP", "Primacy_Agency": "NC", "Population_Served_Count": 56, "Service_Connections_Count": 21, "Service_Area_Type": "Mobile Home Park - Principal Residence", "Verification_Status": "", "Area_SqKM": 0.129030867000001}, "geometry": {"type": "Point", "coordinates": [-80.98370878167906, 35.22334784539748]}}, {"type": "Feature", "properties": {"PWSID": "NC0160379", "PWS_Name": "RIVERWALK PLANTATION", "Primacy_Agency": "NC", "Population_Served_Count": 89, "Service_Connections_Count": 35, "Service_Area_Type": "Residential Area", "Verification_Status": "", "Area_SqKM": 0.03125813197482651}, "geometry": {"type": "Point", "coordinates": [-81.0076162393051, 35.23117180906675]}}, {"type": "Feature", "properties": {"PWSID": "NC0160249", "PWS_Name": "QUEENS HARBOR/PIER POINT", "Primacy_Agency": "NC", "Population_Served_Count": 305, "Service_Connections_Count": 120, "Service_Area_Type": "Residential Area", "Verification_Status": "", "Area_SqKM": 5.242113504288212}, "geometry": {"type": "Point", "coordinates": [-81.0284873156524, 35.12045003946982]}}, {"type": "Feature", "properties": {"PWSID": "NC0377015", "PWS_Name": "ROCKINGHAM, CITY OF", "Primacy_Agency": "NC", "Population_Served_Count": 12510, "Service_Connections_Count": 5004, "Service_Area_Type": "Residential Area", "Verification_Status": "Verified\u00a0", "Area_SqKM": 20.812970911210893}, "geometry": {"type": "Point", "coordinates": [-79.76162221179388, 34.936269933483786]}}, {"type": "Feature", "properties": {"PWSID": "NC0123030", "PWS_Name": "GROVER, TOWN OF", "Primacy_Agency": "NC", "Population_Served_Count": 694, "Service_Connections_Count": 383, "Service_Area_Type": "Residential Area", "Verification_Status": "Verified\u00a0", "Area_SqKM": 2.612308355077397}, "geometry": {"type": "Point", "coordinates": [-81.45132299550238, 35.17757527341713]}}, {"type": "Feature", "properties": {"PWSID": "NC0136379", "PWS_Name": "MELTON MHP", "Primacy_Agency": "NC", "Population_Served_Count": 43, "Service_Connections_Count": 17, "Service_Area_Type": "Mobile Home Park - Principal Residence", "Verification_Status": "", "Area_SqKM": 0.03367257387843165}, "geometry": {"type": "Point", "coordinates": [-81.24220093976993, 35.186820229855236]}}, {"type": "Feature", "properties": {"PWSID": "NC0136373", "PWS_Name": "SHADY REST MHP", "Primacy_Agency": "NC", "Population_Served_Count": 69, "Service_Connections_Count": 27, "Service_Area_Type": "Mobile Home Park - Principal Residence", "Verification_Status": "", "Area_SqKM": 0.03863043226479302}, "geometry": {"type": "Point", "coordinates": [-81.28576734976791, 35.19199961677848]}}, {"type": "Feature", "properties": {"PWSID": "NC0136265", "PWS_Name": "MAGNOLIA MHP", "Primacy_Agency": "NC", "Population_Served_Count": 94, "Service_Connections_Count": 39, "Service_Area_Type": "Mobile Home Park - Principal Residence", "Verification_Status": "", "Area_SqKM": 0.043085880161252595}, "geometry": {"type": "Point", "coordinates": [-81.09644396024751, 35.16735563997584]}}, {"type": "Feature", "properties": {"PWSID": "NC0136380", "PWS_Name": "CHAPEL ACRES MHP", "Primacy_Agency": "NC", "Population_Served_Count": 231, "Service_Connections_Count": 91, "Service_Area_Type": "Mobile Home Park - Principal Residence", "Verification_Status": "", "Area_SqKM": 0.08081461995514741}, "geometry": {"type": "Point", "coordinates": [-81.24051499422112, 35.20515497276243]}}, {"type": "Feature", "properties": {"PWSID": "NC0136396", "PWS_Name": "LAWS MHP", "Primacy_Agency": "NC", "Population_Served_Count": 67, "Service_Connections_Count": 27, "Service_Area_Type": "Mobile Home Park - Principal Residence", "Verification_Status": "", "Area_SqKM": 0.1182281200558427}, "geometry": {"type": "Point", "coordinates": [-81.29210381818734, 35.199237036419255]}}, {"type": "Feature", "properties": {"PWSID": "NC0136371", "PWS_Name": "CROWDER RIDGE MHP", "Primacy_Agency": "NC", "Population_Served_Count": 30, "Service_Connections_Count": 12, "Service_Area_Type": "Mobile Home Park - Principal Residence", "Verification_Status": "", "Area_SqKM": 0.3022467188603861}, "geometry": {"type": "Point", "coordinates": [-81.28995393450961, 35.22028527937427]}}, {"type": "Feature", "properties": {"PWSID": "NC0136383", "PWS_Name": "D&M RENTALS/HENRY MOBILE COURT", "Primacy_Agency": "NC", "Population_Served_Count": 58, "Service_Connections_Count": 24, "Service_Area_Type": "Mobile Home Park - Principal Residence", "Verification_Status": "", "Area_SqKM": 0.005293234448828295}, "geometry": {"type": "Point", "coordinates": [-81.25642085836837, 35.248491691643515]}}, {"type": "Feature", "properties": {"PWSID": "NC2023003", "PWS_Name": "GRASSY POND WATER CORPORATION", "Primacy_Agency": "NC", "Population_Served_Count": 1303, "Service_Connections_Count": 513, "Service_Area_Type": "Residential Area", "Verification_Status": "", "Area_SqKM": 2.491663798399916}, "geometry": {"type": "Point", "coordinates": [-81.68755745995081, 35.18794957000001]}}, {"type": "Feature", "properties": {"PWSID": "NC0160218", "PWS_Name": "COUNTRY HILLS S/D", "Primacy_Agency": "NC", "Population_Served_Count": 259, "Service_Connections_Count": 101, "Service_Area_Type": "Residential Area", "Verification_Status": "", "Area_SqKM": 2.5553469424777973}, "geometry": {"type": "Point", "coordinates": [-80.57681174275223, 35.183025491718276]}}, {"type": "Feature", "properties": {"PWSID": "NC0362030", "PWS_Name": "CANDOR, TOWN OF", "Primacy_Agency": "NC", "Population_Served_Count": 875, "Service_Connections_Count": 351, "Service_Area_Type": "Residential Area", "Verification_Status": "Verified\u00a0", "Area_SqKM": 4.397909349303175}, "geometry": {"type": "Point", "coordinates": [-79.73752168655925, 35.29472201343067]}}, {"type": "Feature", "properties": {"PWSID": "NC0276040", "PWS_Name": "SEAGROVE-ULAH METRO WATER DIST", "Primacy_Agency": "NC", "Population_Served_Count": 2413, "Service_Connections_Count": 950, "Service_Area_Type": "Residential Area", "Verification_Status": "", "Area_SqKM": 6.205940897278287}, "geometry": {"type": "Point", "coordinates": [-79.7803673073011, 35.54893689276755]}}, {"type": "Feature", "properties": {"PWSID": "NC0113020", "PWS_Name": "MOUNT PLEASANT, TOWN OF", "Primacy_Agency": "NC", "Population_Served_Count": 1722, "Service_Connections_Count": 1131, "Service_Area_Type": "Residential Area", "Verification_Status": "Verified\u00a0", "Area_SqKM": 6.827921998623782}, "geometry": {"type": "Point", "coordinates": [-80.43206270898105, 35.4008934731782]}}, {"type": "Feature", "properties": {"PWSID": "NC0184025", "PWS_Name": "PFEIFFER-N STANLY WATER ASSOC", "Primacy_Agency": "NC", "Population_Served_Count": 4316, "Service_Connections_Count": 1740, "Service_Area_Type": "Other Residential", "Verification_Status": "Verified\u00a0", "Area_SqKM": 135.44179493205417}, "geometry": {"type": "Point", "coordinates": [-80.21576590006877, 35.43989770834119]}}, {"type": "Feature", "properties": {"PWSID": "NC0113190", "PWS_Name": "PINE RIDGE  NO 2", "Primacy_Agency": "NC", "Population_Served_Count": 61, "Service_Connections_Count": 23, "Service_Area_Type": "Mobile Home Park - Principal Residence", "Verification_Status": "", "Area_SqKM": 0.04078534146175426}, "geometry": {"type": "Point", "coordinates": [-80.4903803144108, 35.324776771476216]}}, {"type": "Feature", "properties": {"PWSID": "NC2084010", "PWS_Name": "STANLY CO-EAST DISTRICT", "Primacy_Agency": "NC", "Population_Served_Count": 0, "Service_Connections_Count": 380, "Service_Area_Type": "Residential Area", "Verification_Status": "", "Area_SqKM": 37.43527221493355}, "geometry": {"type": "Point", "coordinates": [-80.106144167547, 35.4394147448794]}}, {"type": "Feature", "properties": {"PWSID": "NC2013008", "PWS_Name": "BROOKDALE DEVELOPMENT", "Primacy_Agency": "NC", "Population_Served_Count": 69, "Service_Connections_Count": 32, "Service_Area_Type": "Subdivision", "Verification_Status": "", "Area_SqKM": 0.2903699316098052}, "geometry": {"type": "Point", "coordinates": [-80.45366291362035, 35.61359123158989]}}, {"type": "Feature", "properties": {"PWSID": "NC0184144", "PWS_Name": "STANLY CO-PINEY POINT DIST", "Primacy_Agency": "NC", "Population_Served_Count": 1013, "Service_Connections_Count": 399, "Service_Area_Type": "Residential Area", "Verification_Status": "", "Area_SqKM": 5.099407357305449}, "geometry": {"type": "Point", "coordinates": [-80.09564330385552, 35.30765132453685]}}, {"type": "Feature", "properties": {"PWSID": "NC0149108", "PWS_Name": "COMMODORE PENINSULA WTR SYSTEM", "Primacy_Agency": "NC", "Population_Served_Count": 610, "Service_Connections_Count": 240, "Service_Area_Type": "Residential Area", "Verification_Status": "", "Area_SqKM": 2.645868545031209}, "geometry": {"type": "Point", "coordinates": [-80.89670883963036, 35.55429467781203]}}, {"type": "Feature", "properties": {"PWSID": "NC0113200", "PWS_Name": "CONCORD ESTATES", "Primacy_Agency": "NC", "Population_Served_Count": 257, "Service_Connections_Count": 89, "Service_Area_Type": "Mobile Home Park - Principal Residence", "Verification_Status": "", "Area_SqKM": 0.05812479811761308}, "geometry": {"type": "Point", "coordinates": [-80.4618268429292, 35.3811924715292]}}, {"type": "Feature", "properties": {"PWSID": "NC0184143", "PWS_Name": "STANLY CO-AQUADALE DIST", "Primacy_Agency": "NC", "Population_Served_Count": 2532, "Service_Connections_Count": 997, "Service_Area_Type": "Residential Area", "Verification_Status": "", "Area_SqKM": 5.364659367554963}, "geometry": {"type": "Point", "coordinates": [-80.22692783240066, 35.239412353506964]}}, {"type": "Feature", "properties": {"PWSID": "NC0378045", "PWS_Name": "PARKTON, TOWN OF", "Primacy_Agency": "NC", "Population_Served_Count": 903, "Service_Connections_Count": 361, "Service_Area_Type": "Residential Area", "Verification_Status": "Verified\u00a0", "Area_SqKM": 1.8763417664502462}, "geometry": {"type": "Point", "coordinates": [-79.0095253166404, 34.90224319997336]}}, {"type": "Feature", "properties": {"PWSID": "NC0326776", "PWS_Name": "CARDINAL CARE OF HOPE MILLS", "Primacy_Agency": "NC", "Population_Served_Count": 28, "Service_Connections_Count": 1, "Service_Area_Type": "Other Residential", "Verification_Status": "", "Area_SqKM": 14.900092217048616}, "geometry": {"type": "Point", "coordinates": [-78.93781723858619, 34.96026334618199]}}, {"type": "Feature", "properties": {"PWSID": "NC0160203", "PWS_Name": "BAHIA BAY S/D", "Primacy_Agency": "NC", "Population_Served_Count": 350, "Service_Connections_Count": 138, "Service_Area_Type": "Residential Area", "Verification_Status": "", "Area_SqKM": 0.32459205472040653}, "geometry": {"type": "Point", "coordinates": [-80.88700843657726, 35.49827965902692]}}, {"type": "Feature", "properties": {"PWSID": "NC0180161", "PWS_Name": "EDGEWOOD S/D", "Primacy_Agency": "NC", "Population_Served_Count": 259, "Service_Connections_Count": 102, "Service_Area_Type": "Residential Area", "Verification_Status": "", "Area_SqKM": 0.22486114041252017}, "geometry": {"type": "Point", "coordinates": [-80.6389428491673, 35.56360929826785]}}, {"type": "Feature", "properties": {"PWSID": "NC0113216", "PWS_Name": "WHITEHURST MHP", "Primacy_Agency": "NC", "Population_Served_Count": 688, "Service_Connections_Count": 271, "Service_Area_Type": "Mobile Home Park - Principal Residence", "Verification_Status": "", "Area_SqKM": 0.1354029845929699}, "geometry": {"type": "Point", "coordinates": [-80.56021761948857, 35.36437928716391]}}, {"type": "Feature", "properties": {"PWSID": "NC0113025", "PWS_Name": "HARRISBURG, TOWN OF", "Primacy_Agency": "NC", "Population_Served_Count": 19439, "Service_Connections_Count": 7653, "Service_Area_Type": "Municipality", "Verification_Status": "Verified\u00a0", "Area_SqKM": 17.17965623222967}, "geometry": {"type": "Point", "coordinates": [-80.65125812704893, 35.31467997508593]}}, {"type": "Feature", "properties": {"PWSID": "NC0149015", "PWS_Name": "MOORESVILLE TOWN OF", "Primacy_Agency": "NC", "Population_Served_Count": 51166, "Service_Connections_Count": 20144, "Service_Area_Type": "Municipality", "Verification_Status": "Verified\u00a0", "Area_SqKM": 61.80499994098771}, "geometry": {"type": "Point", "coordinates": [-80.83950401926268, 35.5917553636865]}}, {"type": "Feature", "properties": {"PWSID": "NC0160010", "PWS_Name": "CHARLOTTE WATER", "Primacy_Agency": "NC", "Population_Served_Count": 1163701, "Service_Connections_Count": 323527, "Service_Area_Type": "Residential Area", "Verification_Status": "Verified\u00a0", "Area_SqKM": 1259.3648062959612}, "geometry": {"type": "Point", "coordinates": [-80.914943040349, 35.2627899210935]}}, {"type": "Feature", "properties": {"PWSID": "NC0180182", "PWS_Name": "OAKLAND S/D", "Primacy_Agency": "NC", "Population_Served_Count": 119, "Service_Connections_Count": 46, "Service_Area_Type": "Residential Area", "Verification_Status": "", "Area_SqKM": 0.19665491950052824}, "geometry": {"type": "Point", "coordinates": [-80.59773171079249, 35.574019212802355]}}, {"type": "Feature", "properties": {"PWSID": "NC0160281", "PWS_Name": "STONE HOLLOW S/D", "Primacy_Agency": "NC", "Population_Served_Count": 582, "Service_Connections_Count": 229, "Service_Area_Type": "Residential Area", "Verification_Status": "", "Area_SqKM": 0.1564197729764282}, "geometry": {"type": "Point", "coordinates": [-80.86160577222284, 35.416079733412886]}}, {"type": "Feature", "properties": {"PWSID": "NC0160264", "PWS_Name": "BRADFIELD FARMS S/D", "Primacy_Agency": "NC", "Population_Served_Count": 2967, "Service_Connections_Count": 1168, "Service_Area_Type": "Residential Area", "Verification_Status": "", "Area_SqKM": 2.981630661714328}, "geometry": {"type": "Point", "coordinates": [-80.64724349815809, 35.25289241378]}}, {"type": "Feature", "properties": {"PWSID": "NC0160171", "PWS_Name": "OAKDALE S/D", "Primacy_Agency": "NC", "Population_Served_Count": 112, "Service_Connections_Count": 44, "Service_Area_Type": "Residential Area", "Verification_Status": "", "Area_SqKM": 0.030738773927084823}, "geometry": {"type": "Point", "coordinates": [-80.89841770010986, 35.30753185554493]}}, {"type": "Feature", "properties": {"PWSID": "NC0160146", "PWS_Name": "HUNTINGTON FOREST S/D", "Primacy_Agency": "NC", "Population_Served_Count": 201, "Service_Connections_Count": 79, "Service_Area_Type": "Residential Area", "Verification_Status": "", "Area_SqKM": 0.19197830430350407}, "geometry": {"type": "Point", "coordinates": [-80.87642958788601, 35.38677579401887]}}, {"type": "Feature", "properties": {"PWSID": "NC0180425", "PWS_Name": "HICKORY LANE MHP", "Primacy_Agency": "NC", "Population_Served_Count": 83, "Service_Connections_Count": 49, "Service_Area_Type": "Mobile Home Park - Principal Residence", "Verification_Status": "", "Area_SqKM": 0.08829497609679206}, "geometry": {"type": "Point", "coordinates": [-80.49973740590558, 35.580700470649965]}}, {"type": "Feature", "properties": {"PWSID": "NC0149185", "PWS_Name": "HARBOUR POINT S/D", "Primacy_Agency": "NC", "Population_Served_Count": 3909, "Service_Connections_Count": 1539, "Service_Area_Type": "Residential Area", "Verification_Status": "", "Area_SqKM": 27.752131913220737}, "geometry": {"type": "Point", "coordinates": [-80.93206294021506, 35.54315620898777]}}, {"type": "Feature", "properties": {"PWSID": "NC0180040", "PWS_Name": "CHINA GROVE, TOWN OF", "Primacy_Agency": "NC", "Population_Served_Count": 4895, "Service_Connections_Count": 1958, "Service_Area_Type": "Residential Area", "Verification_Status": "Verified\u00a0", "Area_SqKM": 6.310429869680128}, "geometry": {"type": "Point", "coordinates": [-80.57627710000095, 35.571902439747326]}}, {"type": "Feature", "properties": {"PWSID": "NC0149184", "PWS_Name": "KINGS LANDING S/D", "Primacy_Agency": "NC", "Population_Served_Count": 142, "Service_Connections_Count": 56, "Service_Area_Type": "Residential Area", "Verification_Status": "", "Area_SqKM": 1.4747990257970953}, "geometry": {"type": "Point", "coordinates": [-80.8851831921727, 35.52049895660093]}}, {"type": "Feature", "properties": {"PWSID": "NC0149175", "PWS_Name": "DAVIDSON DOWNES", "Primacy_Agency": "NC", "Population_Served_Count": 240, "Service_Connections_Count": 96, "Service_Area_Type": "Residential Area", "Verification_Status": "", "Area_SqKM": 0.07592771123052125}, "geometry": {"type": "Point", "coordinates": [-80.82229498428845, 35.515772742143646]}}, {"type": "Feature", "properties": {"PWSID": "NC0113220", "PWS_Name": "ROCKY RIVER PLANTATION S/D", "Primacy_Agency": "NC", "Population_Served_Count": 300, "Service_Connections_Count": 118, "Service_Area_Type": "Residential Area", "Verification_Status": "", "Area_SqKM": 1.8709864727721937}, "geometry": {"type": "Point", "coordinates": [-80.64166940285183, 35.288910900816276]}}, {"type": "Feature", "properties": {"PWSID": "NC0113217", "PWS_Name": "STONES THROW MHP", "Primacy_Agency": "NC", "Population_Served_Count": 180, "Service_Connections_Count": 72, "Service_Area_Type": "Mobile Home Park - Principal Residence", "Verification_Status": "", "Area_SqKM": 1.1482886343115035}, "geometry": {"type": "Point", "coordinates": [-80.59580680640714, 35.26119890000448]}}, {"type": "Feature", "properties": {"PWSID": "NC0113129", "PWS_Name": "PRIVATE ACRES S/D", "Primacy_Agency": "NC", "Population_Served_Count": 124, "Service_Connections_Count": 49, "Service_Area_Type": "Residential Area", "Verification_Status": "", "Area_SqKM": 0.1121366049487449}, "geometry": {"type": "Point", "coordinates": [-80.65476382824109, 35.509779630777544]}}, {"type": "Feature", "properties": {"PWSID": "NC2060020", "PWS_Name": "HEATHFIELD S/D", "Primacy_Agency": "NC", "Population_Served_Count": 168, "Service_Connections_Count": 66, "Service_Area_Type": "Residential Area", "Verification_Status": "", "Area_SqKM": 5.578403566694862}, "geometry": {"type": "Point", "coordinates": [-80.62103403998717, 35.12872426545899]}}, {"type": "Feature", "properties": {"PWSID": "NC0113204", "PWS_Name": "RHA HEALTH SERVICES, LLC", "Primacy_Agency": "NC", "Population_Served_Count": 363, "Service_Connections_Count": 6, "Service_Area_Type": "Medical Facility", "Verification_Status": "", "Area_SqKM": 0.032112538721889045}, "geometry": {"type": "Point", "coordinates": [-80.53650444133216, 35.24092810688587]}}, {"type": "Feature", "properties": {"PWSID": "NC0304012", "PWS_Name": "ANSONVILLE WATER SYSTEM", "Primacy_Agency": "NC", "Population_Served_Count": 1262, "Service_Connections_Count": 497, "Service_Area_Type": "Residential Area", "Verification_Status": "Verified\u00a0", "Area_SqKM": 22.88097732346906}, "geometry": {"type": "Point", "coordinates": [-80.12085312599119, 35.099086236027745]}}, {"type": "Feature", "properties": {"PWSID": "NC0377020", "PWS_Name": "ELLERBE TOWN OF", "Primacy_Agency": "NC", "Population_Served_Count": 2050, "Service_Connections_Count": 820, "Service_Area_Type": "Residential Area", "Verification_Status": "Verified\u00a0", "Area_SqKM": 8.745987494974317}, "geometry": {"type": "Point", "coordinates": [-79.76275756916404, 35.06933647179212]}}, {"type": "Feature", "properties": {"PWSID": "NC0309025", "PWS_Name": "DUBLIN, TOWN OF", "Primacy_Agency": "NC", "Population_Served_Count": 447, "Service_Connections_Count": 240, "Service_Area_Type": "Residential Area", "Verification_Status": "Verified\u00a0", "Area_SqKM": 1.6458277974088402}, "geometry": {"type": "Point", "coordinates": [-78.7253439631215, 34.653708721038115]}}, {"type": "Feature", "properties": {"PWSID": "NC0378030", "PWS_Name": "SAINT PAULS, TOWN OF", "Primacy_Agency": "NC", "Population_Served_Count": 2732, "Service_Connections_Count": 1093, "Service_Area_Type": "Residential Area", "Verification_Status": "Verified\u00a0", "Area_SqKM": 2.717427472149032}, "geometry": {"type": "Point", "coordinates": [-78.97457849693474, 34.80851878126958]}}, {"type": "Feature", "properties": {"PWSID": "NC0309020", "PWS_Name": "CLARKTON, TOWN OF", "Primacy_Agency": "NC", "Population_Served_Count": 1233, "Service_Connections_Count": 493, "Service_Area_Type": "Residential Area", "Verification_Status": "Verified\u00a0", "Area_SqKM": 3.119664021995905}, "geometry": {"type": "Point", "coordinates": [-78.65699738570709, 34.49364036191238]}}, {"type": "Feature", "properties": {"PWSID": "NC0309055", "PWS_Name": "BLADEN CO WTR DIST-WEST BLADEN", "Primacy_Agency": "NC", "Population_Served_Count": 12293, "Service_Connections_Count": 5013, "Service_Area_Type": "Residential Area", "Verification_Status": "Verified\u00a0", "Area_SqKM": 1071.259160811791}, "geometry": {"type": "Point", "coordinates": [-78.66935033761767, 34.59077217451739]}}, {"type": "Feature", "properties": {"PWSID": "NC0424055", "PWS_Name": "CERRO GORDO, TOWN OF", "Primacy_Agency": "NC", "Population_Served_Count": 246, "Service_Connections_Count": 97, "Service_Area_Type": "Residential Area", "Verification_Status": "Verified\u00a0", "Area_SqKM": 2.1929418679470687}, "geometry": {"type": "Point", "coordinates": [-78.92905482510444, 34.322994591506905]}}, {"type": "Feature", "properties": {"PWSID": "NC0347015", "PWS_Name": "NORTHWEST WATER SUPPLY INC", "Primacy_Agency": "NC", "Population_Served_Count": 1105, "Service_Connections_Count": 442, "Service_Area_Type": "Residential Area", "Verification_Status": "Verified\u00a0", "Area_SqKM": 2.4387250321761167}, "geometry": {"type": "Point", "coordinates": [-79.23414360584806, 34.9965549867607]}}, {"type": "Feature", "properties": {"PWSID": "NC0304034", "PWS_Name": "PEACHLAND WATER SYSTEM", "Primacy_Agency": "NC", "Population_Served_Count": 770, "Service_Connections_Count": 308, "Service_Area_Type": "Residential Area", "Verification_Status": "Verified\u00a0", "Area_SqKM": 2.624988853002933}, "geometry": {"type": "Point", "coordinates": [-80.27167280011737, 34.99241070008891]}}, {"type": "Feature", "properties": {"PWSID": "NC0378040", "PWS_Name": "ROWLAND, TOWN OF", "Primacy_Agency": "NC", "Population_Served_Count": 1341, "Service_Connections_Count": 651, "Service_Area_Type": "Residential Area", "Verification_Status": "Verified\u00a0", "Area_SqKM": 2.7435313634992684}, "geometry": {"type": "Point", "coordinates": [-79.29078063094954, 34.53694671532023]}}, {"type": "Feature", "properties": {"PWSID": "NC0304025", "PWS_Name": "LILESVILLE WATER SYSTEM", "Primacy_Agency": "NC", "Population_Served_Count": 900, "Service_Connections_Count": 400, "Service_Area_Type": "Residential Area", "Verification_Status": "Verified\u00a0", "Area_SqKM": 2.9050558777259767}, "geometry": {"type": "Point", "coordinates": [-79.99118570981884, 34.96615591487885]}}, {"type": "Feature", "properties": {"PWSID": "NC0383020", "PWS_Name": "WAGRAM, TOWN OF", "Primacy_Agency": "NC", "Population_Served_Count": 965, "Service_Connections_Count": 380, "Service_Area_Type": "Residential Area", "Verification_Status": "Verified\u00a0", "Area_SqKM": 3.8386759201150222}, "geometry": {"type": "Point", "coordinates": [-79.36685230904945, 34.888091984255446]}}, {"type": "Feature", "properties": {"PWSID": "NC0304030", "PWS_Name": "POLKTON WATER SYSTEM", "Primacy_Agency": "NC", "Population_Served_Count": 838, "Service_Connections_Count": 390, "Service_Area_Type": "Residential Area", "Verification_Status": "Verified\u00a0", "Area_SqKM": 5.040705173860475}, "geometry": {"type": "Point", "coordinates": [-80.20138073846223, 35.00323259210591]}}, {"type": "Feature", "properties": {"PWSID": "NC0378020", "PWS_Name": "PEMBROKE, TOWN OF", "Primacy_Agency": "NC", "Population_Served_Count": 3073, "Service_Connections_Count": 1229, "Service_Area_Type": "Residential Area", "Verification_Status": "Verified\u00a0", "Area_SqKM": 5.472073397024483}, "geometry": {"type": "Point", "coordinates": [-79.19198843204683, 34.68227248305735]}}, {"type": "Feature", "properties": {"PWSID": "NC0424030", "PWS_Name": "FAIR BLUFF, TOWN OF", "Primacy_Agency": "NC", "Population_Served_Count": 998, "Service_Connections_Count": 393, "Service_Area_Type": "Residential Area", "Verification_Status": "Verified\u00a0", "Area_SqKM": 6.25446837805226}, "geometry": {"type": "Point", "coordinates": [-79.03656430872898, 34.31223581235999]}}, {"type": "Feature", "properties": {"PWSID": "NC0378035", "PWS_Name": "MAXTON, TOWN OF", "Primacy_Agency": "NC", "Population_Served_Count": 2598, "Service_Connections_Count": 1039, "Service_Area_Type": "Residential Area", "Verification_Status": "Verified\u00a0", "Area_SqKM": 6.890426445570753}, "geometry": {"type": "Point", "coordinates": [-79.35479293447507, 34.73671309049399]}}, {"type": "Feature", "properties": {"PWSID": "NC0424015", "PWS_Name": "TABOR CITY, TOWN OF", "Primacy_Agency": "NC", "Population_Served_Count": 3277, "Service_Connections_Count": 1290, "Service_Area_Type": "Residential Area", "Verification_Status": "Verified\u00a0", "Area_SqKM": 8.208249641353998}, "geometry": {"type": "Point", "coordinates": [-78.86075515083192, 34.159231489036415]}}, {"type": "Feature", "properties": {"PWSID": "NC0347010", "PWS_Name": "RAEFORD, CITY OF", "Primacy_Agency": "NC", "Population_Served_Count": 7119, "Service_Connections_Count": 2803, "Service_Area_Type": "Residential Area", "Verification_Status": "Verified\u00a0", "Area_SqKM": 11.11876870994799}, "geometry": {"type": "Point", "coordinates": [-79.23765835961346, 34.98190748709957]}}, {"type": "Feature", "properties": {"PWSID": "NC0383035", "PWS_Name": "SCOTLAND CO WATER-SOUTH", "Primacy_Agency": "NC", "Population_Served_Count": 1905, "Service_Connections_Count": 750, "Service_Area_Type": "Residential Area", "Verification_Status": "Verified\u00a0", "Area_SqKM": 320.7976810213045}, "geometry": {"type": "Point", "coordinates": [-79.39200351081746, 34.85779312681532]}}, {"type": "Feature", "properties": {"PWSID": "NC0383030", "PWS_Name": "SCOTLAND CO WATER - NORTH", "Primacy_Agency": "NC", "Population_Served_Count": 1219, "Service_Connections_Count": 480, "Service_Area_Type": "Residential Area", "Verification_Status": "Verified\u00a0", "Area_SqKM": 461.2132942406273}, "geometry": {"type": "Point", "coordinates": [-79.50197462290939, 34.81109118475155]}}, {"type": "Feature", "properties": {"PWSID": "NC0377109", "PWS_Name": "RICHMOND COUNTY WATER SYSTEM", "Primacy_Agency": "NC", "Population_Served_Count": 22387, "Service_Connections_Count": 8955, "Service_Area_Type": "Industrial/Agricultural", "Verification_Status": "Verified\u00a0", "Area_SqKM": 531.6457230983528}, "geometry": {"type": "Point", "coordinates": [-79.71994307419095, 34.98388810267687]}}, {"type": "Feature", "properties": {"PWSID": "NC0347025", "PWS_Name": "HOKE CO REGIONAL WATER SYSTEM", "Primacy_Agency": "NC", "Population_Served_Count": 22563, "Service_Connections_Count": 9025, "Service_Area_Type": "Residential Area", "Verification_Status": "Verified\u00a0", "Area_SqKM": 636.3030540359165}, "geometry": {"type": "Point", "coordinates": [-79.3342049800806, 34.9561571512517]}}, {"type": "Feature", "properties": {"PWSID": "NC0114025", "PWS_Name": "BATON WATER CORPORATION", "Primacy_Agency": "NC", "Population_Served_Count": 7620, "Service_Connections_Count": 3000, "Service_Area_Type": "Residential Area", "Verification_Status": "Verified\u00a0", "Area_SqKM": 38.745366891501774}, "geometry": {"type": "Point", "coordinates": [-81.53366835810269, 35.83259850712635]}}, {"type": "Feature", "properties": {"PWSID": "NC0190413", "PWS_Name": "UNION COUNTY WATER SYSTEM", "Primacy_Agency": "NC", "Population_Served_Count": 167554, "Service_Connections_Count": 65966, "Service_Area_Type": "Residential Area", "Verification_Status": "Verified\u00a0", "Area_SqKM": 742.6983981431266}, "geometry": {"type": "Point", "coordinates": [-80.53966786888479, 35.011445790220606]}}, {"type": "Feature", "properties": {"PWSID": "NC0114040", "PWS_Name": "SAWMILLS, TOWN OF", "Primacy_Agency": "NC", "Population_Served_Count": 5524, "Service_Connections_Count": 2175, "Service_Area_Type": "Residential Area", "Verification_Status": "Verified\u00a0", "Area_SqKM": 15.265503759598754}, "geometry": {"type": "Point", "coordinates": [-81.48122437712735, 35.81011285906172]}}, {"type": "Feature", "properties": {"PWSID": "NC0112055", "PWS_Name": "RUTHERFORD COLLEGE TOWN OF", "Primacy_Agency": "NC", "Population_Served_Count": 2083, "Service_Connections_Count": 850, "Service_Area_Type": "Residential Area", "Verification_Status": "Verified\u00a0", "Area_SqKM": 12.006164112841562}, "geometry": {"type": "Point", "coordinates": [-81.52934746629121, 35.74632526763296]}}, {"type": "Feature", "properties": {"PWSID": "NC0114035", "PWS_Name": "RHODHISS, TOWN OF", "Primacy_Agency": "NC", "Population_Served_Count": 867, "Service_Connections_Count": 341, "Service_Area_Type": "Residential Area", "Verification_Status": "Verified\u00a0", "Area_SqKM": 2.913574498803806}, "geometry": {"type": "Point", "coordinates": [-81.43202206197171, 35.76617362744406]}}, {"type": "Feature", "properties": {"PWSID": "NC1014001", "PWS_Name": "CALDWELL COUNTY- ADDISON LANE", "Primacy_Agency": "NC", "Population_Served_Count": 140, "Service_Connections_Count": 55, "Service_Area_Type": "Municipality", "Verification_Status": "Verified\u00a0", "Area_SqKM": 1.4755705922585287}, "geometry": {"type": "Point", "coordinates": [-81.3385089043661, 35.809524063638236]}}, {"type": "Feature", "properties": {"PWSID": "NC0112080", "PWS_Name": "BURKE CO-AIRPORT RHODHISS", "Primacy_Agency": "NC", "Population_Served_Count": 559, "Service_Connections_Count": 200, "Service_Area_Type": "Residential Area", "Verification_Status": "Verified\u00a0", "Area_SqKM": 0.6641288311794109}, "geometry": {"type": "Point", "coordinates": [-81.42569957493811, 35.752555288588525]}}, {"type": "Feature", "properties": {"PWSID": "NC0118165", "PWS_Name": "PINE HAVEN MHP", "Primacy_Agency": "NC", "Population_Served_Count": 53, "Service_Connections_Count": 21, "Service_Area_Type": "Mobile Home Park - Principal Residence", "Verification_Status": "", "Area_SqKM": 0.017806400042375582}, "geometry": {"type": "Point", "coordinates": [-81.21060539987698, 35.808603611195785]}}, {"type": "Feature", "properties": {"PWSID": "NC0160156", "PWS_Name": "LAMPLIGHTER SOUTH-DANBY", "Primacy_Agency": "NC", "Population_Served_Count": 3312, "Service_Connections_Count": 1304, "Service_Area_Type": "Residential Area", "Verification_Status": "", "Area_SqKM": 48.805745283923194}, "geometry": {"type": "Point", "coordinates": [-80.80659403357592, 35.05888680279113]}}, {"type": "Feature", "properties": {"PWSID": "NC0160137", "PWS_Name": "EASTWOOD FOREST MHP", "Primacy_Agency": "NC", "Population_Served_Count": 366, "Service_Connections_Count": 144, "Service_Area_Type": "Mobile Home Park - Principal Residence", "Verification_Status": "", "Area_SqKM": 1.6234109336021239}, "geometry": {"type": "Point", "coordinates": [-80.69265602372305, 35.00843639877942]}}, {"type": "Feature", "properties": {"PWSID": "NC0118272", "PWS_Name": "SD, SOUTH PARK LLC", "Primacy_Agency": "NC", "Population_Served_Count": 97, "Service_Connections_Count": 38, "Service_Area_Type": "Mobile Home Park - Principal Residence", "Verification_Status": "", "Area_SqKM": 0.2842290859244295}, "geometry": {"type": "Point", "coordinates": [-81.17274942436009, 35.63747029271213]}}, {"type": "Feature", "properties": {"PWSID": "NC0118316", "PWS_Name": "WOODS HALL MHP", "Primacy_Agency": "NC", "Population_Served_Count": 81, "Service_Connections_Count": 38, "Service_Area_Type": "Mobile Home Park - Principal Residence", "Verification_Status": "", "Area_SqKM": 0.7662037645879431}, "geometry": {"type": "Point", "coordinates": [-81.1493464336573, 35.74834861337228]}}, {"type": "Feature", "properties": {"PWSID": "NC0149158", "PWS_Name": "WEST IREDELL WATER CORPORATION", "Primacy_Agency": "NC", "Population_Served_Count": 0, "Service_Connections_Count": 2444, "Service_Area_Type": "Residential Area", "Verification_Status": "Verified\u00a0", "Area_SqKM": 73.20801373908444}, "geometry": {"type": "Point", "coordinates": [-81.00482170701659, 35.76793029202132]}}, {"type": "Feature", "properties": {"PWSID": "NC0114047", "PWS_Name": "CALDWELL CO WATER SYSTEM-SE", "Primacy_Agency": "NC", "Population_Served_Count": 15007, "Service_Connections_Count": 5908, "Service_Area_Type": "Residential Area", "Verification_Status": "", "Area_SqKM": 18.460906712962476}, "geometry": {"type": "Point", "coordinates": [-81.42477868919069, 35.84800441441578]}}, {"type": "Feature", "properties": {"PWSID": "NC0195119", "PWS_Name": "SKI MOUNTAIN S/D", "Primacy_Agency": "NC", "Population_Served_Count": 397, "Service_Connections_Count": 255, "Service_Area_Type": "Residential Area", "Verification_Status": "", "Area_SqKM": 0.3784492002204342}, "geometry": {"type": "Point", "coordinates": [-81.6618357659981, 36.16668035155382]}}, {"type": "Feature", "properties": {"PWSID": "NC0195020", "PWS_Name": "BLOWING ROCK, TOWN OF", "Primacy_Agency": "NC", "Population_Served_Count": 1637, "Service_Connections_Count": 2761, "Service_Area_Type": "Residential Area", "Verification_Status": "Verified\u00a0", "Area_SqKM": 8.261481952774526}, "geometry": {"type": "Point", "coordinates": [-81.66930217834184, 36.13295332998214]}}, {"type": "Feature", "properties": {"PWSID": "NC0102015", "PWS_Name": "ENERGY UNITED WATER CORP", "Primacy_Agency": "NC", "Population_Served_Count": 13975, "Service_Connections_Count": 5502, "Service_Area_Type": "Residential Area", "Verification_Status": "", "Area_SqKM": 38.01102630461775}, "geometry": {"type": "Point", "coordinates": [-81.09382816517602, 35.896141020519906]}}, {"type": "Feature", "properties": {"PWSID": "NC0103102", "PWS_Name": "HIGH MEADOWS S/D", "Primacy_Agency": "NC", "Population_Served_Count": 650, "Service_Connections_Count": 270, "Service_Area_Type": "Residential Area", "Verification_Status": "", "Area_SqKM": 6.366727819722013}, "geometry": {"type": "Point", "coordinates": [-81.00262590350137, 36.40293831679449]}}, {"type": "Feature", "properties": {"PWSID": "NC2002001", "PWS_Name": "FOREST ACRES WATER CORPORATION", "Primacy_Agency": "NC", "Population_Served_Count": 79, "Service_Connections_Count": 31, "Service_Area_Type": "Residential Area", "Verification_Status": "", "Area_SqKM": 0.4907665028276253}, "geometry": {"type": "Point", "coordinates": [-81.16952725307327, 35.942963218087556]}}, {"type": "Feature", "properties": {"PWSID": "NC0197020", "PWS_Name": "WEST WILKES WTR ASSOCIATION INC", "Primacy_Agency": "NC", "Population_Served_Count": 12573, "Service_Connections_Count": 4950, "Service_Area_Type": "Residential Area", "Verification_Status": "Verified\u00a0", "Area_SqKM": 27.62932777517271}, "geometry": {"type": "Point", "coordinates": [-81.2515969554199, 36.16993322789177]}}, {"type": "Feature", "properties": {"PWSID": "NC0197035", "PWS_Name": "BROADWAY WATER ASSOCIATION", "Primacy_Agency": "NC", "Population_Served_Count": 3556, "Service_Connections_Count": 1400, "Service_Area_Type": "Residential Area", "Verification_Status": "Verified\u00a0", "Area_SqKM": 23.197750995037673}, "geometry": {"type": "Point", "coordinates": [-81.09766971155578, 36.13879988694503]}}, {"type": "Feature", "properties": {"PWSID": "NC0197040", "PWS_Name": "MORAVIAN FALLS WATER SYSTEM", "Primacy_Agency": "NC", "Population_Served_Count": 2951, "Service_Connections_Count": 1360, "Service_Area_Type": "Residential Area", "Verification_Status": "Verified\u00a0", "Area_SqKM": 18.074693705428608}, "geometry": {"type": "Point", "coordinates": [-81.15988329185399, 36.11848447909542]}}, {"type": "Feature", "properties": {"PWSID": "NC0197025", "PWS_Name": "WILKESBORO, TOWN OF", "Primacy_Agency": "NC", "Population_Served_Count": 3643, "Service_Connections_Count": 1961, "Service_Area_Type": "Residential Area", "Verification_Status": "Verified\u00a0", "Area_SqKM": 8.597377317741712}, "geometry": {"type": "Point", "coordinates": [-81.16426890999978, 36.141069236021295]}}, {"type": "Feature", "properties": {"PWSID": "NC0149165", "PWS_Name": "ROLLING HILLS ESTATES", "Primacy_Agency": "NC", "Population_Served_Count": 53, "Service_Connections_Count": 21, "Service_Area_Type": "Mobile Home Park - Principal Residence", "Verification_Status": "", "Area_SqKM": 0.11097334313653708}, "geometry": {"type": "Point", "coordinates": [-80.80582160559256, 35.73078583342422]}}, {"type": "Feature", "properties": {"PWSID": "NC0149167", "PWS_Name": "WATERCREST ESTATES MHP", "Primacy_Agency": "NC", "Population_Served_Count": 244, "Service_Connections_Count": 80, "Service_Area_Type": "Mobile Home Park - Principal Residence", "Verification_Status": "", "Area_SqKM": 0.03600131639746545}, "geometry": {"type": "Point", "coordinates": [-80.7580146998829, 35.73928633292153]}}, {"type": "Feature", "properties": {"PWSID": "NC0149030", "PWS_Name": "TROUTMAN, TOWN OF", "Primacy_Agency": "NC", "Population_Served_Count": 9562, "Service_Connections_Count": 3984, "Service_Area_Type": "Residential Area", "Verification_Status": "Verified\u00a0", "Area_SqKM": 5.178848735471168}, "geometry": {"type": "Point", "coordinates": [-80.89162744935285, 35.70483519770276]}}, {"type": "Feature", "properties": {"PWSID": "NC0180130", "PWS_Name": "MOBIL LODGE MHP", "Primacy_Agency": "NC", "Population_Served_Count": 94, "Service_Connections_Count": 37, "Service_Area_Type": "Mobile Home Park - Principal Residence", "Verification_Status": "", "Area_SqKM": 0.06863584105166941}, "geometry": {"type": "Point", "coordinates": [-80.43842705986455, 35.658276679983196]}}, {"type": "Feature", "properties": {"PWSID": "NC0229025", "PWS_Name": "DAVIDSON WATER INC", "Primacy_Agency": "NC", "Population_Served_Count": 153632, "Service_Connections_Count": 67887, "Service_Area_Type": "Residential Area", "Verification_Status": "Verified\u00a0", "Area_SqKM": 964.3952899855395}, "geometry": {"type": "Point", "coordinates": [-80.20567013762289, 35.87019251582064]}}, {"type": "Feature", "properties": {"PWSID": "NC3099029", "PWS_Name": "YADKIN CO WATER - HWY 21", "Primacy_Agency": "NC", "Population_Served_Count": 277, "Service_Connections_Count": 109, "Service_Area_Type": "Residential Area", "Verification_Status": "", "Area_SqKM": 4.85286867694203}, "geometry": {"type": "Point", "coordinates": [-80.78575217376608, 36.256910944089164]}}, {"type": "Feature", "properties": {"PWSID": "NC0230015", "PWS_Name": "DAVIE COUNTY WATER SYSTEM", "Primacy_Agency": "NC", "Population_Served_Count": 31543, "Service_Connections_Count": 12622, "Service_Area_Type": "Residential Area", "Verification_Status": "Verified\u00a0", "Area_SqKM": 354.33623063613396}, "geometry": {"type": "Point", "coordinates": [-80.54344780534471, 35.91546742934776]}}, {"type": "Feature", "properties": {"PWSID": "NC0229020", "PWS_Name": "THOMASVILLE, CITY OF", "Primacy_Agency": "NC", "Population_Served_Count": 27203, "Service_Connections_Count": 10982, "Service_Area_Type": "Residential Area", "Verification_Status": "Verified\u00a0", "Area_SqKM": 31.458193000006617}, "geometry": {"type": "Point", "coordinates": [-80.08868137008312, 35.88006385376495]}}, {"type": "Feature", "properties": {"PWSID": "NC0180060", "PWS_Name": "EAST SPENCER, TOWN OF", "Primacy_Agency": "NC", "Population_Served_Count": 1550, "Service_Connections_Count": 793, "Service_Area_Type": "Residential Area", "Verification_Status": "Verified\u00a0", "Area_SqKM": 4.1489029965513495}, "geometry": {"type": "Point", "coordinates": [-80.41694039663805, 35.68563090505264]}}, {"type": "Feature", "properties": {"PWSID": "NC0452010", "PWS_Name": "MAYSVILLE, TOWN OF", "Primacy_Agency": "NC", "Population_Served_Count": 1100, "Service_Connections_Count": 450, "Service_Area_Type": "Residential Area", "Verification_Status": "Verified\u00a0", "Area_SqKM": 1.623802595290198}, "geometry": {"type": "Point", "coordinates": [-77.2277529545487, 34.90127486057245]}}, {"type": "Feature", "properties": {"PWSID": "NC0471020", "PWS_Name": "TOPSAIL BEACH, TOWN OF", "Primacy_Agency": "NC", "Population_Served_Count": 3584, "Service_Connections_Count": 1411, "Service_Area_Type": "Residential Area", "Verification_Status": "Verified\u00a0", "Area_SqKM": 2.3675556500087773}, "geometry": {"type": "Point", "coordinates": [-77.62888879579694, 34.36770875215275]}}, {"type": "Feature", "properties": {"PWSID": "NC0469020", "PWS_Name": "ORIENTAL WATER SYSTEM", "Primacy_Agency": "NC", "Population_Served_Count": 1136, "Service_Connections_Count": 823, "Service_Area_Type": "Residential Area", "Verification_Status": "Verified\u00a0", "Area_SqKM": 2.968391976879021}, "geometry": {"type": "Point", "coordinates": [-76.6816171884868, 35.03490210724428]}}, {"type": "Feature", "properties": {"PWSID": "NC0431010", "PWS_Name": "WALLACE, TOWN OF", "Primacy_Agency": "NC", "Population_Served_Count": 5825, "Service_Connections_Count": 2271, "Service_Area_Type": "Residential Area", "Verification_Status": "Verified\u00a0", "Area_SqKM": 7.081146917852583}, "geometry": {"type": "Point", "coordinates": [-77.99433258040754, 34.740209854971745]}}, {"type": "Feature", "properties": {"PWSID": "NC0416198", "PWS_Name": "MERRIMON WATER SYSTEM", "Primacy_Agency": "NC", "Population_Served_Count": 71, "Service_Connections_Count": 32, "Service_Area_Type": "Residential Area", "Verification_Status": "Verified\u00a0", "Area_SqKM": 7.6329325923757425}, "geometry": {"type": "Point", "coordinates": [-76.63854954989311, 34.924295993728556]}}, {"type": "Feature", "properties": {"PWSID": "NC0431060", "PWS_Name": "GREENEVERS, TOWN OF", "Primacy_Agency": "NC", "Population_Served_Count": 1390, "Service_Connections_Count": 556, "Service_Area_Type": "Municipality", "Verification_Status": "Verified\u00a0", "Area_SqKM": 8.162914772512565}, "geometry": {"type": "Point", "coordinates": [-77.93147914485982, 34.831234060409535]}}, {"type": "Feature", "properties": {"PWSID": "NC0416015", "PWS_Name": "MOREHEAD CITY, TOWN OF", "Primacy_Agency": "NC", "Population_Served_Count": 9420, "Service_Connections_Count": 6507, "Service_Area_Type": "Municipality", "Verification_Status": "Verified\u00a0", "Area_SqKM": 10.505540400732736}, "geometry": {"type": "Point", "coordinates": [-76.76749256192541, 34.73079656014142]}}, {"type": "Feature", "properties": {"PWSID": "NC0416020", "PWS_Name": "NEWPORT WATER SYSTEM", "Primacy_Agency": "NC", "Population_Served_Count": 4829, "Service_Connections_Count": 1906, "Service_Area_Type": "Municipality", "Verification_Status": "Verified\u00a0", "Area_SqKM": 18.85785268390571}, "geometry": {"type": "Point", "coordinates": [-76.87971956777501, 34.77639770752604]}}, {"type": "Feature", "properties": {"PWSID": "NC0382030", "PWS_Name": "HARRELLS WATER CORP", "Primacy_Agency": "NC", "Population_Served_Count": 1642, "Service_Connections_Count": 657, "Service_Area_Type": "Residential Area", "Verification_Status": "Verified\u00a0", "Area_SqKM": 67.60719924875109}, "geometry": {"type": "Point", "coordinates": [-78.1986046058754, 34.735604317815955]}}, {"type": "Feature", "properties": {"PWSID": "NC0416040", "PWS_Name": "WEST CARTERET WATER CORP", "Primacy_Agency": "NC", "Population_Served_Count": 19512, "Service_Connections_Count": 7682, "Service_Area_Type": "Residential Area", "Verification_Status": "Verified\u00a0", "Area_SqKM": 78.64306570528196}, "geometry": {"type": "Point", "coordinates": [-77.02585430819231, 34.70726353126543]}}, {"type": "Feature", "properties": {"PWSID": "NC0471025", "PWS_Name": "MAPLE HILL WATER DISTRICT", "Primacy_Agency": "NC", "Population_Served_Count": 968, "Service_Connections_Count": 381, "Service_Area_Type": "Residential Area", "Verification_Status": "Verified\u00a0", "Area_SqKM": 100.86916264466154}, "geometry": {"type": "Point", "coordinates": [-77.71768094004581, 34.66285482002182]}}, {"type": "Feature", "properties": {"PWSID": "NC0452020", "PWS_Name": "JONES COUNTY WATER SYSTEM", "Primacy_Agency": "NC", "Population_Served_Count": 8999, "Service_Connections_Count": 3599, "Service_Area_Type": "Residential Area", "Verification_Status": "Verified\u00a0", "Area_SqKM": 1225.022401497616}, "geometry": {"type": "Point", "coordinates": [-77.20526133560207, 34.931848485312116]}}, {"type": "Feature", "properties": {"PWSID": "NC0467035", "PWS_Name": "ONSLOW WTR AND SEWER AUTHORITY", "Primacy_Agency": "NC", "Population_Served_Count": 156755, "Service_Connections_Count": 56024, "Service_Area_Type": "Residential Area", "Verification_Status": "Verified\u00a0", "Area_SqKM": 1544.4010965553653}, "geometry": {"type": "Point", "coordinates": [-77.30413849553632, 34.67611987137416]}}, {"type": "Feature", "properties": {"PWSID": "NC0431085", "PWS_Name": "DUPLIN COUNTY WATER SYSTEM", "Primacy_Agency": "NC", "Population_Served_Count": 18542, "Service_Connections_Count": 7900, "Service_Area_Type": "Residential Area", "Verification_Status": "Verified\u00a0", "Area_SqKM": 1815.6102777926635}, "geometry": {"type": "Point", "coordinates": [-77.9491421666055, 34.848032970228545]}}, {"type": "Feature", "properties": {"PWSID": "NC0382020", "PWS_Name": "GARLAND, TOWN OF", "Primacy_Agency": "NC", "Population_Served_Count": 625, "Service_Connections_Count": 379, "Service_Area_Type": "Residential Area", "Verification_Status": "Verified\u00a0", "Area_SqKM": 3.0421077909816843}, "geometry": {"type": "Point", "coordinates": [-78.3949741589454, 34.787895933284815]}}, {"type": "Feature", "properties": {"PWSID": "NC0382025", "PWS_Name": "SALEMBURG, TOWN OF", "Primacy_Agency": "NC", "Population_Served_Count": 1637, "Service_Connections_Count": 655, "Service_Area_Type": "Residential Area", "Verification_Status": "Verified\u00a0", "Area_SqKM": 6.152217441471694}, "geometry": {"type": "Point", "coordinates": [-78.49800243998251, 35.01482990997793]}}, {"type": "Feature", "properties": {"PWSID": "NC0425126", "PWS_Name": "NORRIS MHP", "Primacy_Agency": "NC", "Population_Served_Count": 91, "Service_Connections_Count": 36, "Service_Area_Type": "Mobile Home Park - Principal Residence", "Verification_Status": "", "Area_SqKM": 0.15667040372801633}, "geometry": {"type": "Point", "coordinates": [-76.93228298981295, 34.87629786002209]}}, {"type": "Feature", "properties": {"PWSID": "NC7067007", "PWS_Name": "CITY OF JACKSONVILLE - SPRINGFIELD APTS", "Primacy_Agency": "NC", "Population_Served_Count": 203, "Service_Connections_Count": 81, "Service_Area_Type": "Residential Area", "Verification_Status": "", "Area_SqKM": 0.03252373279295579}, "geometry": {"type": "Point", "coordinates": [-77.44270304784953, 34.81540020436054]}}, {"type": "Feature", "properties": {"PWSID": "NC5082028", "PWS_Name": "SAMPSON CO WTR DIST II - SOUTH SIDE", "Primacy_Agency": "NC", "Population_Served_Count": 70, "Service_Connections_Count": 28, "Service_Area_Type": "Residential Area", "Verification_Status": "", "Area_SqKM": 1.0531312202746548}, "geometry": {"type": "Point", "coordinates": [-78.34819078919747, 34.98431915298798]}}, {"type": "Feature", "properties": {"PWSID": "NC0471114", "PWS_Name": "SIDBURY`S MHP", "Primacy_Agency": "NC", "Population_Served_Count": 101, "Service_Connections_Count": 69, "Service_Area_Type": "Mobile Home Park - Principal Residence", "Verification_Status": "", "Area_SqKM": 0.10967227843751672}, "geometry": {"type": "Point", "coordinates": [-77.68947133344301, 34.35545138331195]}}, {"type": "Feature", "properties": {"PWSID": "NC0136111", "PWS_Name": "CHAPEL GROVE MHP", "Primacy_Agency": "NC", "Population_Served_Count": 110, "Service_Connections_Count": 34, "Service_Area_Type": "Mobile Home Park - Principal Residence", "Verification_Status": "", "Area_SqKM": 0.0264525690435686}, "geometry": {"type": "Point", "coordinates": [-81.24241010301303, 35.19914738512807]}}, {"type": "Feature", "properties": {"PWSID": "NC0136176", "PWS_Name": "PINES MHP", "Primacy_Agency": "NC", "Population_Served_Count": 173, "Service_Connections_Count": 68, "Service_Area_Type": "Mobile Home Park - Principal Residence", "Verification_Status": "", "Area_SqKM": 0.009595568565287827}, "geometry": {"type": "Point", "coordinates": [-81.19841936515579, 35.22406176953993]}}, {"type": "Feature", "properties": {"PWSID": "NC0136197", "PWS_Name": "SUBURBAN HEIGHTS S/D", "Primacy_Agency": "NC", "Population_Served_Count": 61, "Service_Connections_Count": 24, "Service_Area_Type": "Residential Area", "Verification_Status": "", "Area_SqKM": 0.22540613955164387}, "geometry": {"type": "Point", "coordinates": [-81.24209185895164, 35.23836035083402]}}, {"type": "Feature", "properties": {"PWSID": "NC0136205", "PWS_Name": "FORESTBROOK S/D", "Primacy_Agency": "NC", "Population_Served_Count": 216, "Service_Connections_Count": 85, "Service_Area_Type": "Residential Area", "Verification_Status": "", "Area_SqKM": 3.064676084561581}, "geometry": {"type": "Point", "coordinates": [-81.15475399171304, 35.21312611242803]}}, {"type": "Feature", "properties": {"PWSID": "NC0416165", "PWS_Name": "SEA SCAPE", "Primacy_Agency": "NC", "Population_Served_Count": 60, "Service_Connections_Count": 29, "Service_Area_Type": "Mobile Home Park - Principal Residence", "Verification_Status": "", "Area_SqKM": 0.3446955564743865}, "geometry": {"type": "Point", "coordinates": [-76.88727277359052, 34.79481012643495]}}, {"type": "Feature", "properties": {"PWSID": "NC0416163", "PWS_Name": "BRANDYWINE BAY", "Primacy_Agency": "NC", "Population_Served_Count": 2245, "Service_Connections_Count": 884, "Service_Area_Type": "Residential Area", "Verification_Status": "", "Area_SqKM": 3.6364640991208987}, "geometry": {"type": "Point", "coordinates": [-76.82190969628036, 34.729704357939276]}}, {"type": "Feature", "properties": {"PWSID": "NC0416160", "PWS_Name": "ATLANTIC MHP", "Primacy_Agency": "NC", "Population_Served_Count": 113, "Service_Connections_Count": 49, "Service_Area_Type": "Mobile Home Park - Principal Residence", "Verification_Status": "", "Area_SqKM": 0.19067361199313693}, "geometry": {"type": "Point", "coordinates": [-76.81537425863083, 34.74277722761256]}}, {"type": "Feature", "properties": {"PWSID": "NC0416031", "PWS_Name": "PINE KNOLL SHORES", "Primacy_Agency": "NC", "Population_Served_Count": 4795, "Service_Connections_Count": 1875, "Service_Area_Type": "Municipality", "Verification_Status": "", "Area_SqKM": 6.502140112623608}, "geometry": {"type": "Point", "coordinates": [-76.77978966426042, 34.71750478896223]}}, {"type": "Feature", "properties": {"PWSID": "NC0416028", "PWS_Name": "BOGUE BANKS WATER CORPORATION", "Primacy_Agency": "NC", "Population_Served_Count": 4995, "Service_Connections_Count": 6300, "Service_Area_Type": "Residential Area", "Verification_Status": "", "Area_SqKM": 15.026720200349525}, "geometry": {"type": "Point", "coordinates": [-76.98773214129957, 34.67293600863374]}}, {"type": "Feature", "properties": {"PWSID": "NC0465206", "PWS_Name": "SOUTH RIDGE MHP", "Primacy_Agency": "NC", "Population_Served_Count": 115, "Service_Connections_Count": 46, "Service_Area_Type": "Mobile Home Park - Principal Residence", "Verification_Status": "", "Area_SqKM": 0.002657270131145653}, "geometry": {"type": "Point", "coordinates": [-77.9040372163711, 34.115732450159896]}}, {"type": "Feature", "properties": {"PWSID": "NC7071054", "PWS_Name": "TOWN OF ATKINSON", "Primacy_Agency": "NC", "Population_Served_Count": 301, "Service_Connections_Count": 177, "Service_Area_Type": "Residential Area", "Verification_Status": "", "Area_SqKM": 0.2958830698066714}, "geometry": {"type": "Point", "coordinates": [-78.1709875999806, 34.52754174294558]}}, {"type": "Feature", "properties": {"PWSID": "NC7065035", "PWS_Name": "MASON LANDING S/D", "Primacy_Agency": "NC", "Population_Served_Count": 61, "Service_Connections_Count": 24, "Service_Area_Type": "Subdivision", "Verification_Status": "", "Area_SqKM": 0.014656689615229033}, "geometry": {"type": "Point", "coordinates": [-77.90686650036346, 34.0144899000187]}}, {"type": "Feature", "properties": {"PWSID": "NC7024024", "PWS_Name": "TOWN OF SANDYFIELD", "Primacy_Agency": "NC", "Population_Served_Count": 422, "Service_Connections_Count": 166, "Service_Area_Type": "Residential Area", "Verification_Status": "", "Area_SqKM": 0.3460581790760084}, "geometry": {"type": "Point", "coordinates": [-78.20241881149397, 34.32916459317878]}}, {"type": "Feature", "properties": {"PWSID": "NC0347030", "PWS_Name": "HOKE CO REGIONAL--ROCKFISH", "Primacy_Agency": "NC", "Population_Served_Count": 5920, "Service_Connections_Count": 2330, "Service_Area_Type": "Residential Area", "Verification_Status": "", "Area_SqKM": 0.13064052483835853}, "geometry": {"type": "Point", "coordinates": [-79.20251503334298, 34.87319917785819]}}, {"type": "Feature", "properties": {"PWSID": "NC0363138", "PWS_Name": "SKYLINE ESTATES MH S/D", "Primacy_Agency": "NC", "Population_Served_Count": 170, "Service_Connections_Count": 68, "Service_Area_Type": "Residential Area", "Verification_Status": "", "Area_SqKM": 2.5645080283345676}, "geometry": {"type": "Point", "coordinates": [-78.81205674889388, 34.40611236383637]}}, {"type": "Feature", "properties": {"PWSID": "NC0424075", "PWS_Name": "BOARDMAN, TOWN OF", "Primacy_Agency": "NC", "Population_Served_Count": 165, "Service_Connections_Count": 65, "Service_Area_Type": "Municipality", "Verification_Status": "", "Area_SqKM": 0.0477301995244531}, "geometry": {"type": "Point", "coordinates": [-78.95043075380408, 34.440133492305684]}}, {"type": "Feature", "properties": {"PWSID": "NC5078007", "PWS_Name": "TOWN OF PEMBROKE - UNIVERSITY COURTYARD", "Primacy_Agency": "NC", "Population_Served_Count": 365, "Service_Connections_Count": 14, "Service_Area_Type": "Residential Area", "Verification_Status": "", "Area_SqKM": 0.058830096572117054}, "geometry": {"type": "Point", "coordinates": [-79.1934463444725, 34.683708177706045]}}, {"type": "Feature", "properties": {"PWSID": "NC5083003", "PWS_Name": "SCOTLAND CO WATER - BARNES BRIDGE", "Primacy_Agency": "NC", "Population_Served_Count": 584, "Service_Connections_Count": 230, "Service_Area_Type": "Residential Area", "Verification_Status": "", "Area_SqKM": 25.404775382335608}, "geometry": {"type": "Point", "coordinates": [-79.44378988958456, 34.807158068793434]}}, {"type": "Feature", "properties": {"PWSID": "NC5083005", "PWS_Name": "SCOTLAND CO WATER - GILLIS HILL", "Primacy_Agency": "NC", "Population_Served_Count": 965, "Service_Connections_Count": 380, "Service_Area_Type": "Residential Area", "Verification_Status": "", "Area_SqKM": 0.5287108931869087}, "geometry": {"type": "Point", "coordinates": [-79.54458868462707, 34.81224277696289]}}, {"type": "Feature", "properties": {"PWSID": "NC7024007", "PWS_Name": "COLUMBUS CO WATER DISTRICTS II, III, V", "Primacy_Agency": "NC", "Population_Served_Count": 10442, "Service_Connections_Count": 4111, "Service_Area_Type": "Residential Area", "Verification_Status": "", "Area_SqKM": 0.676563911850384}, "geometry": {"type": "Point", "coordinates": [-78.74100395958898, 34.33516003593225]}}, {"type": "Feature", "properties": {"PWSID": "NC0195122", "PWS_Name": "POWDER HORN MOUNTAIN", "Primacy_Agency": "NC", "Population_Served_Count": 548, "Service_Connections_Count": 235, "Service_Area_Type": "Residential Area", "Verification_Status": "", "Area_SqKM": 4.685747068266773}, "geometry": {"type": "Point", "coordinates": [-81.51594014089184, 36.17202626540499]}}, {"type": "Feature", "properties": {"PWSID": "NC0195106", "PWS_Name": "BRADFORD PARK", "Primacy_Agency": "NC", "Population_Served_Count": 310, "Service_Connections_Count": 122, "Service_Area_Type": "Mobile Home Park - Principal Residence", "Verification_Status": "", "Area_SqKM": 0.02075541395833025}, "geometry": {"type": "Point", "coordinates": [-81.63694436360218, 36.21375200907239]}}, {"type": "Feature", "properties": {"PWSID": "NC0149180", "PWS_Name": "MIDWAY ROAD MHP", "Primacy_Agency": "NC", "Population_Served_Count": 102, "Service_Connections_Count": 40, "Service_Area_Type": "Mobile Home Park - Principal Residence", "Verification_Status": "", "Area_SqKM": 0.01136212796372274}, "geometry": {"type": "Point", "coordinates": [-80.98187783348526, 35.856504066656164]}}, {"type": "Feature", "properties": {"PWSID": "NC0195128", "PWS_Name": "CRESTVIEW ESTATES S/D", "Primacy_Agency": "NC", "Population_Served_Count": 87, "Service_Connections_Count": 38, "Service_Area_Type": "Residential Area", "Verification_Status": "", "Area_SqKM": 1.0118976252242564}, "geometry": {"type": "Point", "coordinates": [-81.63332845728087, 36.147603843402074]}}, {"type": "Feature", "properties": {"PWSID": "NC0276143", "PWS_Name": "WEST 49 MHP", "Primacy_Agency": "NC", "Population_Served_Count": 93, "Service_Connections_Count": 40, "Service_Area_Type": "Mobile Home Park - Principal Residence", "Verification_Status": "", "Area_SqKM": 0.05052641754789126}, "geometry": {"type": "Point", "coordinates": [-79.94991705015309, 35.644271687582446]}}, {"type": "Feature", "properties": {"PWSID": "NC0286153", "PWS_Name": "SUNBOW S/D", "Primacy_Agency": "NC", "Population_Served_Count": 71, "Service_Connections_Count": 28, "Service_Area_Type": "Subdivision", "Verification_Status": "", "Area_SqKM": 0.32646169031541994}, "geometry": {"type": "Point", "coordinates": [-80.59534622219401, 36.506619599974364]}}, {"type": "Feature", "properties": {"PWSID": "NC0304010", "PWS_Name": "ANSON COUNTY WATER SYSTEM", "Primacy_Agency": "NC", "Population_Served_Count": 13880, "Service_Connections_Count": 5552, "Service_Area_Type": "Residential Area", "Verification_Status": "Verified\u00a0", "Area_SqKM": 1332.9280086630145}, "geometry": {"type": "Point", "coordinates": [-80.03144695393584, 35.068046427187234]}}, {"type": "Feature", "properties": {"PWSID": "NC0424060", "PWS_Name": "COLUMBUS CO WATER DISTRICT I", "Primacy_Agency": "NC", "Population_Served_Count": 1700, "Service_Connections_Count": 52, "Service_Area_Type": "Institution", "Verification_Status": "Verified\u00a0", "Area_SqKM": 286.14170068527187}, "geometry": {"type": "Point", "coordinates": [-78.79890854634908, 34.17425637030505]}}, {"type": "Feature", "properties": {"PWSID": "NC0190010", "PWS_Name": "MONROE, CITY OF", "Primacy_Agency": "NC", "Population_Served_Count": 38435, "Service_Connections_Count": 15132, "Service_Area_Type": "Municipality", "Verification_Status": "Verified\u00a0", "Area_SqKM": 87.66029714307005}, "geometry": {"type": "Point", "coordinates": [-80.56033304733695, 35.0134541805707]}}, {"type": "Feature", "properties": {"PWSID": "NC0383010", "PWS_Name": "LAURINBURG, CITY OF", "Primacy_Agency": "NC", "Population_Served_Count": 18288, "Service_Connections_Count": 7200, "Service_Area_Type": "Residential Area", "Verification_Status": "Verified\u00a0", "Area_SqKM": 32.84596272639267}, "geometry": {"type": "Point", "coordinates": [-79.48857431571925, 34.762220684979546]}}, {"type": "Feature", "properties": {"PWSID": "NC0377010", "PWS_Name": "HAMLET WATER SYSTEM", "Primacy_Agency": "NC", "Population_Served_Count": 10635, "Service_Connections_Count": 4254, "Service_Area_Type": "Industrial/Agricultural", "Verification_Status": "Verified\u00a0", "Area_SqKM": 22.813016083321646}, "geometry": {"type": "Point", "coordinates": [-79.7100491192907, 34.88985380245749]}}, {"type": "Feature", "properties": {"PWSID": "NC0304020", "PWS_Name": "WADESBORO, TOWN OF", "Primacy_Agency": "NC", "Population_Served_Count": 5608, "Service_Connections_Count": 2208, "Service_Area_Type": "Residential Area", "Verification_Status": "Verified\u00a0", "Area_SqKM": 13.574555689501748}, "geometry": {"type": "Point", "coordinates": [-80.0730916589801, 34.962893849441485]}}, {"type": "Feature", "properties": {"PWSID": "NC0190015", "PWS_Name": "MARSHVILLE, TOWN OF", "Primacy_Agency": "NC", "Population_Served_Count": 3163, "Service_Connections_Count": 1265, "Service_Area_Type": "Residential Area", "Verification_Status": "Verified\u00a0", "Area_SqKM": 12.507522612425202}, "geometry": {"type": "Point", "coordinates": [-80.35379483031805, 34.992891790142025]}}, {"type": "Feature", "properties": {"PWSID": "NC0424020", "PWS_Name": "CHADBOURN, TOWN OF", "Primacy_Agency": "NC", "Population_Served_Count": 2370, "Service_Connections_Count": 933, "Service_Area_Type": "Residential Area", "Verification_Status": "Verified\u00a0", "Area_SqKM": 9.833080059023521}, "geometry": {"type": "Point", "coordinates": [-78.80284572172782, 34.330865843641774]}}, {"type": "Feature", "properties": {"PWSID": "NC0304040", "PWS_Name": "MORVEN WATER SYSTEM", "Primacy_Agency": "NC", "Population_Served_Count": 512, "Service_Connections_Count": 320, "Service_Area_Type": "Residential Area", "Verification_Status": "Verified\u00a0", "Area_SqKM": 6.545457317782575}, "geometry": {"type": "Point", "coordinates": [-79.9993286499938, 34.8644886343448]}}, {"type": "Feature", "properties": {"PWSID": "NC0190030", "PWS_Name": "WINGATE, TOWN OF", "Primacy_Agency": "NC", "Population_Served_Count": 3950, "Service_Connections_Count": 978, "Service_Area_Type": "Residential Area", "Verification_Status": "Verified\u00a0", "Area_SqKM": 4.076329219289549}, "geometry": {"type": "Point", "coordinates": [-80.45021511496746, 34.985152760026395]}}, {"type": "Feature", "properties": {"PWSID": "NC0383015", "PWS_Name": "GIBSON, TOWN OF", "Primacy_Agency": "NC", "Population_Served_Count": 589, "Service_Connections_Count": 235, "Service_Area_Type": "Residential Area", "Verification_Status": "Verified\u00a0", "Area_SqKM": 2.5969234144520756}, "geometry": {"type": "Point", "coordinates": [-79.6045455830345, 34.75811368318047]}}, {"type": "Feature", "properties": {"PWSID": "NC0160168", "PWS_Name": "REEDY CREEK MHP", "Primacy_Agency": "NC", "Population_Served_Count": 64, "Service_Connections_Count": 25, "Service_Area_Type": "Mobile Home Park - Principal Residence", "Verification_Status": "", "Area_SqKM": 5.0913774566327}, "geometry": {"type": "Point", "coordinates": [-80.65006422564481, 35.12326158776076]}}, {"type": "Feature", "properties": {"PWSID": "NC0347102", "PWS_Name": "401 MOBILE HOME PARK", "Primacy_Agency": "NC", "Population_Served_Count": 75, "Service_Connections_Count": 30, "Service_Area_Type": "Mobile Home Park - Principal Residence", "Verification_Status": "", "Area_SqKM": 0.4704038988943782}, "geometry": {"type": "Point", "coordinates": [-79.08369543728423, 35.02768691700984]}}, {"type": "Feature", "properties": {"PWSID": "NC0347107", "PWS_Name": "HILLCREST-SCURLOCK WATER INC", "Primacy_Agency": "NC", "Population_Served_Count": 1369, "Service_Connections_Count": 539, "Service_Area_Type": "Residential Area", "Verification_Status": "", "Area_SqKM": 7.361780474727297}, "geometry": {"type": "Point", "coordinates": [-79.18624650351154, 34.99329012735883]}}, {"type": "Feature", "properties": {"PWSID": "NC0410140", "PWS_Name": "OCEAN AIRE ESTATES", "Primacy_Agency": "NC", "Population_Served_Count": 302, "Service_Connections_Count": 143, "Service_Area_Type": "Residential Area", "Verification_Status": "", "Area_SqKM": 4.236308209536328}, "geometry": {"type": "Point", "coordinates": [-78.60006657467032, 33.91754706571627]}}, {"type": "Feature", "properties": {"PWSID": "NC0424102", "PWS_Name": "DUTCHESS FOREST S/D", "Primacy_Agency": "NC", "Population_Served_Count": 81, "Service_Connections_Count": 32, "Service_Area_Type": "Residential Area", "Verification_Status": "", "Area_SqKM": 0.4992153704816446}, "geometry": {"type": "Point", "coordinates": [-78.70172463663917, 34.27242633108736]}}, {"type": "Feature", "properties": {"PWSID": "NC5078006", "PWS_Name": "TOWN OF SAINT PAULS - EVANS RD", "Primacy_Agency": "NC", "Population_Served_Count": 170, "Service_Connections_Count": 67, "Service_Area_Type": "Residential Area", "Verification_Status": "", "Area_SqKM": 0.8325829180350468}, "geometry": {"type": "Point", "coordinates": [-78.96759300821356, 34.808200806799455]}}, {"type": "Feature", "properties": {"PWSID": "NC0363153", "PWS_Name": "MOORE CO PUBLIC UTIL-ADDOR", "Primacy_Agency": "NC", "Population_Served_Count": 137, "Service_Connections_Count": 54, "Service_Area_Type": "Residential Area", "Verification_Status": "Verified\u00a0", "Area_SqKM": 0.9764547768188466}, "geometry": {"type": "Point", "coordinates": [-79.47419620010136, 35.08179563335553]}}, {"type": "Feature", "properties": {"PWSID": "NC0363479", "PWS_Name": "FOXFIRE VILLAGE, TOWN OF", "Primacy_Agency": "NC", "Population_Served_Count": 1782, "Service_Connections_Count": 710, "Service_Area_Type": "Residential Area", "Verification_Status": "Verified\u00a0", "Area_SqKM": 7.599827891612125}, "geometry": {"type": "Point", "coordinates": [-79.57335510996826, 35.169143345906896]}}, {"type": "Feature", "properties": {"PWSID": "NC0378055", "PWS_Name": "ROBESON COUNTY WATER SYSTEM", "Primacy_Agency": "NC", "Population_Served_Count": 65303, "Service_Connections_Count": 25710, "Service_Area_Type": "Residential Area", "Verification_Status": "Verified\u00a0", "Area_SqKM": 2362.64529042742}, "geometry": {"type": "Point", "coordinates": [-79.04732862986897, 34.62235014220952]}}, {"type": "Feature", "properties": {"PWSID": "NC0309060", "PWS_Name": "BLADEN CO WTR DIST-EAST BLADEN", "Primacy_Agency": "NC", "Population_Served_Count": 3889, "Service_Connections_Count": 1531, "Service_Area_Type": "Residential Area", "Verification_Status": "Verified\u00a0", "Area_SqKM": 179.04284673649832}, "geometry": {"type": "Point", "coordinates": [-78.61395837425972, 34.68929157218086]}}, {"type": "Feature", "properties": {"PWSID": "NC0378010", "PWS_Name": "LUMBERTON, CITY OF", "Primacy_Agency": "NC", "Population_Served_Count": 24460, "Service_Connections_Count": 9784, "Service_Area_Type": "Industrial/Agricultural", "Verification_Status": "Verified\u00a0", "Area_SqKM": 67.70038314860025}, "geometry": {"type": "Point", "coordinates": [-79.01598579366225, 34.64037788815555]}}, {"type": "Feature", "properties": {"PWSID": "NC0424010", "PWS_Name": "WHITEVILLE, CITY OF", "Primacy_Agency": "NC", "Population_Served_Count": 5426, "Service_Connections_Count": 2397, "Service_Area_Type": "Residential Area", "Verification_Status": "Verified\u00a0", "Area_SqKM": 15.138403284877056}, "geometry": {"type": "Point", "coordinates": [-78.71193263035524, 34.324165254396945]}}, {"type": "Feature", "properties": {"PWSID": "NC0309010", "PWS_Name": "ELIZABETHTOWN, TOWN OF", "Primacy_Agency": "NC", "Population_Served_Count": 5311, "Service_Connections_Count": 2091, "Service_Area_Type": "Industrial/Agricultural", "Verification_Status": "Verified\u00a0", "Area_SqKM": 11.460719226018226}, "geometry": {"type": "Point", "coordinates": [-78.61302285587692, 34.623721645416694]}}, {"type": "Feature", "properties": {"PWSID": "NC0378015", "PWS_Name": "RED SPRINGS, TOWN OF", "Primacy_Agency": "NC", "Population_Served_Count": 4423, "Service_Connections_Count": 1769, "Service_Area_Type": "Residential Area", "Verification_Status": "Verified\u00a0", "Area_SqKM": 7.122660539901594}, "geometry": {"type": "Point", "coordinates": [-79.18238121035122, 34.81445083375707]}}, {"type": "Feature", "properties": {"PWSID": "NC0309015", "PWS_Name": "BLADENBORO, TOWN OF", "Primacy_Agency": "NC", "Population_Served_Count": 3175, "Service_Connections_Count": 1270, "Service_Area_Type": "Residential Area", "Verification_Status": "Verified\u00a0", "Area_SqKM": 6.042478530902906}, "geometry": {"type": "Point", "coordinates": [-78.78806380659708, 34.53943655085081]}}, {"type": "Feature", "properties": {"PWSID": "NC0378025", "PWS_Name": "FAIRMONT, TOWN OF", "Primacy_Agency": "NC", "Population_Served_Count": 2837, "Service_Connections_Count": 1117, "Service_Area_Type": "Residential Area", "Verification_Status": "Verified\u00a0", "Area_SqKM": 5.715189359686966}, "geometry": {"type": "Point", "coordinates": [-79.11527971229607, 34.49472476081313]}}, {"type": "Feature", "properties": {"PWSID": "NC0424040", "PWS_Name": "BRUNSWICK, TOWN OF", "Primacy_Agency": "NC", "Population_Served_Count": 495, "Service_Connections_Count": 195, "Service_Area_Type": "Residential Area", "Verification_Status": "Verified\u00a0", "Area_SqKM": 1.2814474167977394}, "geometry": {"type": "Point", "coordinates": [-78.70691700832337, 34.29348120217116]}}, {"type": "Feature", "properties": {"PWSID": "NC0113168", "PWS_Name": "SILVER MAPLES ESTATES MHP", "Primacy_Agency": "NC", "Population_Served_Count": 463, "Service_Connections_Count": 182, "Service_Area_Type": "Mobile Home Park - Principal Residence", "Verification_Status": "", "Area_SqKM": 0.09516390420085234}, "geometry": {"type": "Point", "coordinates": [-80.67951106384291, 35.37295853643418]}}, {"type": "Feature", "properties": {"PWSID": "NC0113191", "PWS_Name": "POPLAR TRAILS WATER SYSTEM", "Primacy_Agency": "NC", "Population_Served_Count": 180, "Service_Connections_Count": 74, "Service_Area_Type": "Residential Area", "Verification_Status": "", "Area_SqKM": 3.1450104893193314}, "geometry": {"type": "Point", "coordinates": [-80.72899303400538, 35.42134809366734]}}, {"type": "Feature", "properties": {"PWSID": "NC0113231", "PWS_Name": "PARK CREEK S/D", "Primacy_Agency": "NC", "Population_Served_Count": 203, "Service_Connections_Count": 82, "Service_Area_Type": "Residential Area", "Verification_Status": "", "Area_SqKM": 0.1492637662785303}, "geometry": {"type": "Point", "coordinates": [-80.72153058462258, 35.50553865387254]}}, {"type": "Feature", "properties": {"PWSID": "NC0180115", "PWS_Name": "GADDY MHP", "Primacy_Agency": "NC", "Population_Served_Count": 76, "Service_Connections_Count": 30, "Service_Area_Type": "Mobile Home Park - Principal Residence", "Verification_Status": "", "Area_SqKM": 0.2922535015431178}, "geometry": {"type": "Point", "coordinates": [-80.66274506114001, 35.522297538885795]}}, {"type": "Feature", "properties": {"PWSID": "NC0180147", "PWS_Name": "TANGLEWOOD S/D", "Primacy_Agency": "NC", "Population_Served_Count": 231, "Service_Connections_Count": 91, "Service_Area_Type": "Residential Area", "Verification_Status": "", "Area_SqKM": 0.9949109185961036}, "geometry": {"type": "Point", "coordinates": [-80.66806911031433, 35.518300554241634]}}, {"type": "Feature", "properties": {"PWSID": "NC0180188", "PWS_Name": "DOGWOOD ESTATES", "Primacy_Agency": "NC", "Population_Served_Count": 64, "Service_Connections_Count": 25, "Service_Area_Type": "Residential Area", "Verification_Status": "", "Area_SqKM": 1.60962950821113}, "geometry": {"type": "Point", "coordinates": [-80.62736174889802, 35.579591722851994]}}, {"type": "Feature", "properties": {"PWSID": "NC2013022", "PWS_Name": "SHILOH CHURCH ROAD S/D", "Primacy_Agency": "NC", "Population_Served_Count": 3102, "Service_Connections_Count": 1226, "Service_Area_Type": "Subdivision", "Verification_Status": "", "Area_SqKM": 1.3074516602554587}, "geometry": {"type": "Point", "coordinates": [-80.77228735051052, 35.461532996928256]}}, {"type": "Feature", "properties": {"PWSID": "NC2049001", "PWS_Name": "THE HAMPSHIRES S/D", "Primacy_Agency": "NC", "Population_Served_Count": 561, "Service_Connections_Count": 221, "Service_Area_Type": "Residential Area", "Verification_Status": "", "Area_SqKM": 1.1738383807790833}, "geometry": {"type": "Point", "coordinates": [-80.83261775158716, 35.5459972935654]}}, {"type": "Feature", "properties": {"PWSID": "NC2060054", "PWS_Name": "LARKHAVEN S/D", "Primacy_Agency": "NC", "Population_Served_Count": 416, "Service_Connections_Count": 163, "Service_Area_Type": "Residential Area", "Verification_Status": "", "Area_SqKM": 0.18448782935748184}, "geometry": {"type": "Point", "coordinates": [-80.65310151778425, 35.27094342343461]}}, {"type": "Feature", "properties": {"PWSID": "NC0113010", "PWS_Name": "CONCORD, CITY OF", "Primacy_Agency": "NC", "Population_Served_Count": 116088, "Service_Connections_Count": 45704, "Service_Area_Type": "Municipality", "Verification_Status": "Verified\u00a0", "Area_SqKM": 305.74228861871}, "geometry": {"type": "Point", "coordinates": [-80.60624420732216, 35.38604866143201]}}, {"type": "Feature", "properties": {"PWSID": "NC0180065", "PWS_Name": "KANNAPOLIS, CITY OF", "Primacy_Agency": "NC", "Population_Served_Count": 49921, "Service_Connections_Count": 49919, "Service_Area_Type": "Industrial/Agricultural", "Verification_Status": "Verified\u00a0", "Area_SqKM": 68.81162939784643}, "geometry": {"type": "Point", "coordinates": [-80.62388764120108, 35.49115549789069]}}, {"type": "Feature", "properties": {"PWSID": "NC0180038", "PWS_Name": "LANDIS, TOWN OF", "Primacy_Agency": "NC", "Population_Served_Count": 5510, "Service_Connections_Count": 2204, "Service_Area_Type": "Residential Area", "Verification_Status": "Verified\u00a0", "Area_SqKM": 8.223000732280758}, "geometry": {"type": "Point", "coordinates": [-80.61259902230003, 35.549846855981585]}}, {"type": "Feature", "properties": {"PWSID": "NC0113165", "PWS_Name": "COX MILL", "Primacy_Agency": "NC", "Population_Served_Count": 198, "Service_Connections_Count": 80, "Service_Area_Type": "Residential Area", "Verification_Status": "", "Area_SqKM": 0.008276948875080362}, "geometry": {"type": "Point", "coordinates": [-80.58951558880379, 35.5480644446865]}}, {"type": "Feature", "properties": {"PWSID": "NC0113181", "PWS_Name": "PINE RIDGE MHP  NO 1", "Primacy_Agency": "NC", "Population_Served_Count": 51, "Service_Connections_Count": 20, "Service_Area_Type": "Mobile Home Park - Principal Residence", "Verification_Status": "", "Area_SqKM": 0.006951920339439336}, "geometry": {"type": "Point", "coordinates": [-80.49200725023819, 35.32231025018085]}}, {"type": "Feature", "properties": {"PWSID": "NC0180501", "PWS_Name": "BARGER PARK", "Primacy_Agency": "NC", "Population_Served_Count": 58, "Service_Connections_Count": 23, "Service_Area_Type": "Residential Area", "Verification_Status": "", "Area_SqKM": 0.47143692403725856}, "geometry": {"type": "Point", "coordinates": [-80.5430342555229, 35.568372711066246]}}, {"type": "Feature", "properties": {"PWSID": "NC2013026", "PWS_Name": "PROVIDENCE MANOR S/D", "Primacy_Agency": "NC", "Population_Served_Count": 379, "Service_Connections_Count": 149, "Service_Area_Type": "Subdivision", "Verification_Status": "", "Area_SqKM": 0.1531121752187288}, "geometry": {"type": "Point", "coordinates": [-80.58134858599348, 35.50563461579628]}}, {"type": "Feature", "properties": {"PWSID": "NC0326310", "PWS_Name": "RAINTREE MHP", "Primacy_Agency": "NC", "Population_Served_Count": 85, "Service_Connections_Count": 34, "Service_Area_Type": "Mobile Home Park - Principal Residence", "Verification_Status": "", "Area_SqKM": 0.7324407027720269}, "geometry": {"type": "Point", "coordinates": [-78.96341849826705, 34.97714183418846]}}, {"type": "Feature", "properties": {"PWSID": "NC0326342", "PWS_Name": "TANGLEWOOD ESTATES S/D", "Primacy_Agency": "NC", "Population_Served_Count": 309, "Service_Connections_Count": 118, "Service_Area_Type": "Mobile Home Park - Principal Residence", "Verification_Status": "", "Area_SqKM": 2.3734191393375292}, "geometry": {"type": "Point", "coordinates": [-78.8999144587607, 34.98970520831936]}}, {"type": "Feature", "properties": {"PWSID": "NC0326367", "PWS_Name": "TANGLEWOOD SOUTH MHPFAYETTEVILLE PWC", "Primacy_Agency": "NC", "Population_Served_Count": 259, "Service_Connections_Count": 102, "Service_Area_Type": "Mobile Home Park - Principal Residence", "Verification_Status": "", "Area_SqKM": 2.568380549311595}, "geometry": {"type": "Point", "coordinates": [-78.90895243290196, 34.96811280004822]}}, {"type": "Feature", "properties": {"PWSID": "NC0326030", "PWS_Name": "STEDMAN, TOWN OF", "Primacy_Agency": "NC", "Population_Served_Count": 1705, "Service_Connections_Count": 682, "Service_Area_Type": "Residential Area", "Verification_Status": "Verified\u00a0", "Area_SqKM": 5.6542402382430685}, "geometry": {"type": "Point", "coordinates": [-78.69458741171907, 35.011308949139284]}}, {"type": "Feature", "properties": {"PWSID": "NC0382045", "PWS_Name": "AUTRYVILLE, TOWN OF", "Primacy_Agency": "NC", "Population_Served_Count": 488, "Service_Connections_Count": 195, "Service_Area_Type": "Residential Area", "Verification_Status": "Verified\u00a0", "Area_SqKM": 1.6740132730996649}, "geometry": {"type": "Point", "coordinates": [-78.63827042044197, 34.99823719395935]}}, {"type": "Feature", "properties": {"PWSID": "NC0184015", "PWS_Name": "NORWOOD, TOWN OF", "Primacy_Agency": "NC", "Population_Served_Count": 4323, "Service_Connections_Count": 1726, "Service_Area_Type": "Residential Area", "Verification_Status": "Verified\u00a0", "Area_SqKM": 13.912416301425033}, "geometry": {"type": "Point", "coordinates": [-80.11608617219257, 35.23092373588406]}}, {"type": "Feature", "properties": {"PWSID": "NC0362015", "PWS_Name": "MOUNT GILEAD, TOWN OF", "Primacy_Agency": "NC", "Population_Served_Count": 1463, "Service_Connections_Count": 576, "Service_Area_Type": "Residential Area", "Verification_Status": "Verified\u00a0", "Area_SqKM": 8.70022123925564}, "geometry": {"type": "Point", "coordinates": [-80.01351052801984, 35.21364987731038]}}, {"type": "Feature", "properties": {"PWSID": "NC0180111", "PWS_Name": "FISHERMAN`S COVE WATER SYSTEM", "Primacy_Agency": "NC", "Population_Served_Count": 359, "Service_Connections_Count": 141, "Service_Area_Type": "Mobile Home Park - Principal Residence", "Verification_Status": "", "Area_SqKM": 1.4996174292363624}, "geometry": {"type": "Point", "coordinates": [-80.3119287393053, 35.605347086684226]}}, {"type": "Feature", "properties": {"PWSID": "NC0180183", "PWS_Name": "SAFRIT ANNEX WATER SYSTEM", "Primacy_Agency": "NC", "Population_Served_Count": 51, "Service_Connections_Count": 20, "Service_Area_Type": "Residential Area", "Verification_Status": "", "Area_SqKM": 0.27011094346586395}, "geometry": {"type": "Point", "coordinates": [-80.48442499086443, 35.59582919392854]}}, {"type": "Feature", "properties": {"PWSID": "NC0180184", "PWS_Name": "HAPPY HOLLOW S/D", "Primacy_Agency": "NC", "Population_Served_Count": 112, "Service_Connections_Count": 44, "Service_Area_Type": "Residential Area", "Verification_Status": "", "Area_SqKM": 0.1045186671724981}, "geometry": {"type": "Point", "coordinates": [-80.39704207908532, 35.56050002079626]}}, {"type": "Feature", "properties": {"PWSID": "NC0184135", "PWS_Name": "CANTON HEIGHTS MHP", "Primacy_Agency": "NC", "Population_Served_Count": 132, "Service_Connections_Count": 52, "Service_Area_Type": "Mobile Home Park - Principal Residence", "Verification_Status": "", "Area_SqKM": 2.0340431652022883}, "geometry": {"type": "Point", "coordinates": [-80.28711483255277, 35.31851533314038]}}, {"type": "Feature", "properties": {"PWSID": "NC0184141", "PWS_Name": "STANLY CO-PALESTINE-BADIN DIST", "Primacy_Agency": "NC", "Population_Served_Count": 1964, "Service_Connections_Count": 1110, "Service_Area_Type": "Residential Area", "Verification_Status": "", "Area_SqKM": 1.4996486096219934}, "geometry": {"type": "Point", "coordinates": [-80.11613200373611, 35.40600447778311]}}, {"type": "Feature", "properties": {"PWSID": "NC0362120", "PWS_Name": "BADIN SHORES RESORT", "Primacy_Agency": "NC", "Population_Served_Count": 2743, "Service_Connections_Count": 1050, "Service_Area_Type": "Residential Area", "Verification_Status": "", "Area_SqKM": 4.123567559970269}, "geometry": {"type": "Point", "coordinates": [-80.09354420700663, 35.49192061849496]}}, {"type": "Feature", "properties": {"PWSID": "NC2080082", "PWS_Name": "NORTHEAST ROWAN COUNTY WATER SYSTEM", "Primacy_Agency": "NC", "Population_Served_Count": 471, "Service_Connections_Count": 183, "Service_Area_Type": "Residential Area", "Verification_Status": "", "Area_SqKM": 0.5732397193523446}, "geometry": {"type": "Point", "coordinates": [-80.41922606794802, 35.58093229947059]}}, {"type": "Feature", "properties": {"PWSID": "NC2084006", "PWS_Name": "STANFIELD #1-BIGLICK RD", "Primacy_Agency": "NC", "Population_Served_Count": 302, "Service_Connections_Count": 129, "Service_Area_Type": "Residential Area", "Verification_Status": "", "Area_SqKM": 0.750548196049916}, "geometry": {"type": "Point", "coordinates": [-80.41027978185362, 35.2576529151971]}}, {"type": "Feature", "properties": {"PWSID": "NC2084008", "PWS_Name": "STANFIELD #3-POLK FORD/RENEE FORD", "Primacy_Agency": "NC", "Population_Served_Count": 854, "Service_Connections_Count": 365, "Service_Area_Type": "Residential Area", "Verification_Status": "", "Area_SqKM": 10.834235811576963}, "geometry": {"type": "Point", "coordinates": [-80.43381477427788, 35.26690107958068]}}, {"type": "Feature", "properties": {"PWSID": "NC0229035", "PWS_Name": "HANDY SANITARY DISTRICT", "Primacy_Agency": "NC", "Population_Served_Count": 7899, "Service_Connections_Count": 3130, "Service_Area_Type": "Residential Area", "Verification_Status": "Verified\u00a0", "Area_SqKM": 168.4266287159204}, "geometry": {"type": "Point", "coordinates": [-80.12047197297493, 35.62717754157613]}}, {"type": "Feature", "properties": {"PWSID": "NC0184035", "PWS_Name": "STANLY CO-WEST STANLY DIST", "Primacy_Agency": "NC", "Population_Served_Count": 9939, "Service_Connections_Count": 3913, "Service_Area_Type": "Residential Area", "Verification_Status": "Verified\u00a0", "Area_SqKM": 112.51325779316754}, "geometry": {"type": "Point", "coordinates": [-80.27321879018203, 35.31612121918722]}}, {"type": "Feature", "properties": {"PWSID": "NC0184010", "PWS_Name": "ALBEMARLE, CITY OF", "Primacy_Agency": "NC", "Population_Served_Count": 18396, "Service_Connections_Count": 8400, "Service_Area_Type": "Residential Area", "Verification_Status": "Verified\u00a0", "Area_SqKM": 67.04037511295047}, "geometry": {"type": "Point", "coordinates": [-80.19889836813896, 35.363931820931576]}}, {"type": "Feature", "properties": {"PWSID": "NC0184020", "PWS_Name": "OAKBORO, TOWN OF", "Primacy_Agency": "NC", "Population_Served_Count": 3173, "Service_Connections_Count": 1350, "Service_Area_Type": "Residential Area", "Verification_Status": "Verified\u00a0", "Area_SqKM": 46.827871430160656}, "geometry": {"type": "Point", "coordinates": [-80.2711561128602, 35.27844865475462]}}, {"type": "Feature", "properties": {"PWSID": "NC0180055", "PWS_Name": "FAITH, TOWN OF", "Primacy_Agency": "NC", "Population_Served_Count": 1316, "Service_Connections_Count": 518, "Service_Area_Type": "Municipality", "Verification_Status": "Verified\u00a0", "Area_SqKM": 3.4368110067875492}, "geometry": {"type": "Point", "coordinates": [-80.46084074047691, 35.58992573178394]}}, {"type": "Feature", "properties": {"PWSID": "NC0362010", "PWS_Name": "MONTGOMERY COUNTY WATER SYSTEM", "Primacy_Agency": "NC", "Population_Served_Count": 14710, "Service_Connections_Count": 5884, "Service_Area_Type": "Residential Area", "Verification_Status": "Verified\u00a0", "Area_SqKM": 69.11036367303197}, "geometry": {"type": "Point", "coordinates": [-79.91249718181639, 35.30731328716326]}}, {"type": "Feature", "properties": {"PWSID": "NC0362020", "PWS_Name": "TROY, TOWN OF", "Primacy_Agency": "NC", "Population_Served_Count": 3591, "Service_Connections_Count": 1414, "Service_Area_Type": "Residential Area", "Verification_Status": "Verified\u00a0", "Area_SqKM": 16.650083880942567}, "geometry": {"type": "Point", "coordinates": [-79.89024547328499, 35.36802875714199]}}, {"type": "Feature", "properties": {"PWSID": "NC0276201", "PWS_Name": "RICHLAND VILLAGE MHP", "Primacy_Agency": "NC", "Population_Served_Count": 389, "Service_Connections_Count": 153, "Service_Area_Type": "Mobile Home Park - Principal Residence", "Verification_Status": "", "Area_SqKM": 0.5781716813526742}, "geometry": {"type": "Point", "coordinates": [-79.78157630967232, 35.59954832255493]}}, {"type": "Feature", "properties": {"PWSID": "NC0362035", "PWS_Name": "BISCOE, TOWN OF", "Primacy_Agency": "NC", "Population_Served_Count": 2735, "Service_Connections_Count": 1090, "Service_Area_Type": "Residential Area", "Verification_Status": "Verified\u00a0", "Area_SqKM": 9.91200113890373}, "geometry": {"type": "Point", "coordinates": [-79.78699532424515, 35.36347994325028]}}, {"type": "Feature", "properties": {"PWSID": "NC0363015", "PWS_Name": "ROBBINS WATER SYSTEM", "Primacy_Agency": "NC", "Population_Served_Count": 1579, "Service_Connections_Count": 622, "Service_Area_Type": "Residential Area", "Verification_Status": "Verified\u00a0", "Area_SqKM": 6.71357661861252}, "geometry": {"type": "Point", "coordinates": [-79.610726143139, 35.431724168484074]}}, {"type": "Feature", "properties": {"PWSID": "NC0362025", "PWS_Name": "STAR, TOWN OF", "Primacy_Agency": "NC", "Population_Served_Count": 933, "Service_Connections_Count": 432, "Service_Area_Type": "Industrial/Agricultural", "Verification_Status": "Verified\u00a0", "Area_SqKM": 3.5832992626289606}, "geometry": {"type": "Point", "coordinates": [-79.78074710217699, 35.39807298930224]}}, {"type": "Feature", "properties": {"PWSID": "NC0118015", "PWS_Name": "NEWTON, CITY OF", "Primacy_Agency": "NC", "Population_Served_Count": 18034, "Service_Connections_Count": 7100, "Service_Area_Type": "Residential Area", "Verification_Status": "Verified\u00a0", "Area_SqKM": 61.59293970471094}, "geometry": {"type": "Point", "coordinates": [-81.21505379986816, 35.658915572746764]}}, {"type": "Feature", "properties": {"PWSID": "NC0112045", "PWS_Name": "DREXEL TOWN OF", "Primacy_Agency": "NC", "Population_Served_Count": 3302, "Service_Connections_Count": 1300, "Service_Area_Type": "Residential Area", "Verification_Status": "Verified\u00a0", "Area_SqKM": 7.406988672090671}, "geometry": {"type": "Point", "coordinates": [-81.60930733543105, 35.760472324350836]}}, {"type": "Feature", "properties": {"PWSID": "NC0118010", "PWS_Name": "HICKORY CITY OF", "Primacy_Agency": "NC", "Population_Served_Count": 75654, "Service_Connections_Count": 30879, "Service_Area_Type": "Municipality", "Verification_Status": "Verified\u00a0", "Area_SqKM": 169.10509565487456}, "geometry": {"type": "Point", "coordinates": [-81.30285837144683, 35.707586664456734]}}, {"type": "Feature", "properties": {"PWSID": "NC0112075", "PWS_Name": "BURKE CO. WATER-SOUTH", "Primacy_Agency": "NC", "Population_Served_Count": 5207, "Service_Connections_Count": 2050, "Service_Area_Type": "Residential Area", "Verification_Status": "Verified\u00a0", "Area_SqKM": 49.98306311189681}, "geometry": {"type": "Point", "coordinates": [-81.55878610309361, 35.66158780847528]}}, {"type": "Feature", "properties": {"PWSID": "NC0112060", "PWS_Name": "ICARD TOWNSHIP WATER CORP", "Primacy_Agency": "NC", "Population_Served_Count": 7821, "Service_Connections_Count": 3079, "Service_Area_Type": "Residential Area", "Verification_Status": "Verified\u00a0", "Area_SqKM": 43.32812951310134}, "geometry": {"type": "Point", "coordinates": [-81.44304655186029, 35.731178186742504]}}, {"type": "Feature", "properties": {"PWSID": "NC2018004", "PWS_Name": "SOUTHEAST CATAWBA COUNTY", "Primacy_Agency": "NC", "Population_Served_Count": 5080, "Service_Connections_Count": 2000, "Service_Area_Type": "Residential Area", "Verification_Status": "Verified\u00a0", "Area_SqKM": 35.74976476282191}, "geometry": {"type": "Point", "coordinates": [-81.01018741442921, 35.58590473548866]}}, {"type": "Feature", "properties": {"PWSID": "NC0112010", "PWS_Name": "VALDESE, TOWN OF", "Primacy_Agency": "NC", "Population_Served_Count": 13571, "Service_Connections_Count": 5343, "Service_Area_Type": "Residential Area", "Verification_Status": "Verified\u00a0", "Area_SqKM": 18.812980575822266}, "geometry": {"type": "Point", "coordinates": [-81.55349753411643, 35.75239827727982]}}, {"type": "Feature", "properties": {"PWSID": "NC0114030", "PWS_Name": "GRANITE FALLS, TOWN OF", "Primacy_Agency": "NC", "Population_Served_Count": 7318, "Service_Connections_Count": 2881, "Service_Area_Type": "Residential Area", "Verification_Status": "Verified\u00a0", "Area_SqKM": 12.745645858624002}, "geometry": {"type": "Point", "coordinates": [-81.42746024754595, 35.79454785365395]}}, {"type": "Feature", "properties": {"PWSID": "NC0118025", "PWS_Name": "LONGVIEW, TOWN OF", "Primacy_Agency": "NC", "Population_Served_Count": 5244, "Service_Connections_Count": 2882, "Service_Area_Type": "Municipality", "Verification_Status": "Verified\u00a0", "Area_SqKM": 8.626306125939092}, "geometry": {"type": "Point", "coordinates": [-81.38434778536337, 35.72414538941075]}}, {"type": "Feature", "properties": {"PWSID": "NC0112065", "PWS_Name": "BURKE COUNTY OMARA", "Primacy_Agency": "NC", "Population_Served_Count": 350, "Service_Connections_Count": 24, "Service_Area_Type": "Residential Area", "Verification_Status": "Verified\u00a0", "Area_SqKM": 0.19389566810673603}, "geometry": {"type": "Point", "coordinates": [-81.52549046455115, 35.73582122150063]}}, {"type": "Feature", "properties": {"PWSID": "NC0118296", "PWS_Name": "HAWKS RIDGE S/D", "Primacy_Agency": "NC", "Population_Served_Count": 152, "Service_Connections_Count": 65, "Service_Area_Type": "Mobile Home Park - Principal Residence", "Verification_Status": "", "Area_SqKM": 0.2354439887564823}, "geometry": {"type": "Point", "coordinates": [-81.19441294233935, 35.791484084708365]}}, {"type": "Feature", "properties": {"PWSID": "NC0118291", "PWS_Name": "SPRING LAKE MH S/D", "Primacy_Agency": "NC", "Population_Served_Count": 61, "Service_Connections_Count": 24, "Service_Area_Type": "Mobile Home Park - Principal Residence", "Verification_Status": "", "Area_SqKM": 0.249021086976391}, "geometry": {"type": "Point", "coordinates": [-81.14710538589226, 35.63444853522362]}}, {"type": "Feature", "properties": {"PWSID": "NC0118467", "PWS_Name": "LAKE HICKORY RV RESORT", "Primacy_Agency": "NC", "Population_Served_Count": 200, "Service_Connections_Count": 185, "Service_Area_Type": "Recreation Area", "Verification_Status": "", "Area_SqKM": 0.19884243823477588}, "geometry": {"type": "Point", "coordinates": [-81.23406944672014, 35.80488420379854]}}, {"type": "Feature", "properties": {"PWSID": "NC0118020", "PWS_Name": "CONOVER, CITY OF", "Primacy_Agency": "NC", "Population_Served_Count": 15347, "Service_Connections_Count": 6042, "Service_Area_Type": "Residential Area", "Verification_Status": "Verified\u00a0", "Area_SqKM": 55.7192233852053}, "geometry": {"type": "Point", "coordinates": [-81.19385591122244, 35.73947947195596]}}, {"type": "Feature", "properties": {"PWSID": "NC0118040", "PWS_Name": "CATAWBA, TOWN OF", "Primacy_Agency": "NC", "Population_Served_Count": 1181, "Service_Connections_Count": 480, "Service_Area_Type": "Residential Area", "Verification_Status": "Verified\u00a0", "Area_SqKM": 8.844036705712435}, "geometry": {"type": "Point", "coordinates": [-81.07503307706921, 35.71075850732738]}}, {"type": "Feature", "properties": {"PWSID": "NC0118035", "PWS_Name": "CLAREMONT, CITY OF", "Primacy_Agency": "NC", "Population_Served_Count": 2645, "Service_Connections_Count": 1134, "Service_Area_Type": "Municipality", "Verification_Status": "Verified\u00a0", "Area_SqKM": 6.072180023714065}, "geometry": {"type": "Point", "coordinates": [-81.15670397900884, 35.711068625904616]}}, {"type": "Feature", "properties": {"PWSID": "NC0114045", "PWS_Name": "CALDWELL COUNTY WATER--WEST", "Primacy_Agency": "NC", "Population_Served_Count": 8662, "Service_Connections_Count": 3410, "Service_Area_Type": "Residential Area", "Verification_Status": "", "Area_SqKM": 85.04014151973745}, "geometry": {"type": "Point", "coordinates": [-81.5845745183094, 35.897913018290836]}}, {"type": "Feature", "properties": {"PWSID": "NC0114010", "PWS_Name": "LENOIR, CITY OF", "Primacy_Agency": "NC", "Population_Served_Count": 25573, "Service_Connections_Count": 10068, "Service_Area_Type": "Residential Area", "Verification_Status": "Verified\u00a0", "Area_SqKM": 73.59001963300568}, "geometry": {"type": "Point", "coordinates": [-81.52193714456787, 35.89688566192371]}}, {"type": "Feature", "properties": {"PWSID": "NC0114048", "PWS_Name": "CALDWELL COUNTY WATER--NORTH", "Primacy_Agency": "NC", "Population_Served_Count": 108, "Service_Connections_Count": 104, "Service_Area_Type": "Residential Area", "Verification_Status": "Verified\u00a0", "Area_SqKM": 12.437390066731833}, "geometry": {"type": "Point", "coordinates": [-81.55846070346429, 35.96799746428828]}}, {"type": "Feature", "properties": {"PWSID": "NC0195176", "PWS_Name": "HEAVENLY MTN RESORT-VILLAGE", "Primacy_Agency": "NC", "Population_Served_Count": 25, "Service_Connections_Count": 20, "Service_Area_Type": "Residential Area", "Verification_Status": "", "Area_SqKM": 0.21022685716891892}, "geometry": {"type": "Point", "coordinates": [-81.56166289685639, 36.206518734921865]}}, {"type": "Feature", "properties": {"PWSID": "NC0197606", "PWS_Name": "ECKERD OF BOOMER", "Primacy_Agency": "NC", "Population_Served_Count": 33, "Service_Connections_Count": 40, "Service_Area_Type": "Institution", "Verification_Status": "", "Area_SqKM": 0.05243961956812394}, "geometry": {"type": "Point", "coordinates": [-81.34483370002228, 36.027136483299834]}}, {"type": "Feature", "properties": {"PWSID": "NC0197030", "PWS_Name": "BLUE RIDGE WATER ASSOCIATION", "Primacy_Agency": "NC", "Population_Served_Count": 8486, "Service_Connections_Count": 3341, "Service_Area_Type": "Residential Area", "Verification_Status": "Verified\u00a0", "Area_SqKM": 102.82685596276114}, "geometry": {"type": "Point", "coordinates": [-81.07370018970805, 36.22431246555852]}}, {"type": "Feature", "properties": {"PWSID": "NC0102020", "PWS_Name": "ALEXANDER CO WTR DIST", "Primacy_Agency": "NC", "Population_Served_Count": 13064, "Service_Connections_Count": 5205, "Service_Area_Type": "Residential Area", "Verification_Status": "Verified\u00a0", "Area_SqKM": 91.93479683822488}, "geometry": {"type": "Point", "coordinates": [-81.23574867368018, 35.887333578190145]}}, {"type": "Feature", "properties": {"PWSID": "NC0197015", "PWS_Name": "MULBERRY-FAIRPLAINS WTR ASSOC", "Primacy_Agency": "NC", "Population_Served_Count": 8150, "Service_Connections_Count": 2454, "Service_Area_Type": "Residential Area", "Verification_Status": "Verified\u00a0", "Area_SqKM": 58.70148899280367}, "geometry": {"type": "Point", "coordinates": [-81.15145807710735, 36.194767295214426]}}, {"type": "Feature", "properties": {"PWSID": "NC0195010", "PWS_Name": "BOONE, TOWN OF", "Primacy_Agency": "NC", "Population_Served_Count": 19811, "Service_Connections_Count": 6019, "Service_Area_Type": "Residential Area", "Verification_Status": "Verified\u00a0", "Area_SqKM": 21.81576464059081}, "geometry": {"type": "Point", "coordinates": [-81.65953845713035, 36.21058758880988]}}, {"type": "Feature", "properties": {"PWSID": "NC0197010", "PWS_Name": "NORTH WILKESBORO, TOWN OF", "Primacy_Agency": "NC", "Population_Served_Count": 4245, "Service_Connections_Count": 1950, "Service_Area_Type": "Municipality", "Verification_Status": "Verified\u00a0", "Area_SqKM": 9.529689718330673}, "geometry": {"type": "Point", "coordinates": [-81.14330265522676, 36.17679881665702]}}, {"type": "Feature", "properties": {"PWSID": "NC0103010", "PWS_Name": "SPARTA, TOWN OF", "Primacy_Agency": "NC", "Population_Served_Count": 1900, "Service_Connections_Count": 1590, "Service_Area_Type": "Residential Area", "Verification_Status": "Verified\u00a0", "Area_SqKM": 9.193349186359386}, "geometry": {"type": "Point", "coordinates": [-81.1154397236541, 36.499535971037496]}}, {"type": "Feature", "properties": {"PWSID": "NC0102010", "PWS_Name": "TAYLORSVILLE, TOWN OF", "Primacy_Agency": "NC", "Population_Served_Count": 3265, "Service_Connections_Count": 1306, "Service_Area_Type": "Residential Area", "Verification_Status": "Verified\u00a0", "Area_SqKM": 7.567240197240649}, "geometry": {"type": "Point", "coordinates": [-81.18008142389779, 35.920112338056285]}}, {"type": "Feature", "properties": {"PWSID": "NC0105020", "PWS_Name": "LANSING, TOWN OF", "Primacy_Agency": "NC", "Population_Served_Count": 228, "Service_Connections_Count": 90, "Service_Area_Type": "Residential Area", "Verification_Status": "Verified\u00a0", "Area_SqKM": 0.8819498835229054}, "geometry": {"type": "Point", "coordinates": [-81.51105618458347, 36.500352771897155]}}, {"type": "Feature", "properties": {"PWSID": "NC0180194", "PWS_Name": "CEDAR GLENN MHP INC", "Primacy_Agency": "NC", "Population_Served_Count": 198, "Service_Connections_Count": 78, "Service_Area_Type": "Mobile Home Park - Principal Residence", "Verification_Status": "", "Area_SqKM": 0.04722479606973579}, "geometry": {"type": "Point", "coordinates": [-80.73059022500064, 35.744926675120254]}}, {"type": "Feature", "properties": {"PWSID": "NC0180201", "PWS_Name": "GREEN ACRES MHP", "Primacy_Agency": "NC", "Population_Served_Count": 71, "Service_Connections_Count": 28, "Service_Area_Type": "Mobile Home Park - Principal Residence", "Verification_Status": "", "Area_SqKM": 0.029329923777302695}, "geometry": {"type": "Point", "coordinates": [-80.5974197238392, 35.68398119049942]}}, {"type": "Feature", "properties": {"PWSID": "NC0149010", "PWS_Name": "STATESVILLE, CITY OF", "Primacy_Agency": "NC", "Population_Served_Count": 31897, "Service_Connections_Count": 12558, "Service_Area_Type": "Industrial/Agricultural", "Verification_Status": "Verified\u00a0", "Area_SqKM": 82.11344774928838}, "geometry": {"type": "Point", "coordinates": [-80.85916592542151, 35.77904775191864]}}, {"type": "Feature", "properties": {"PWSID": "NC0180010", "PWS_Name": "SALISBURY-ROWAN", "Primacy_Agency": "NC", "Population_Served_Count": 45329, "Service_Connections_Count": 19289, "Service_Area_Type": "Municipality", "Verification_Status": "Verified\u00a0", "Area_SqKM": 72.43992369612299}, "geometry": {"type": "Point", "coordinates": [-80.48745949332708, 35.65155194024173]}}, {"type": "Feature", "properties": {"PWSID": "NC0180050", "PWS_Name": "CLEVELAND, TOWN OF", "Primacy_Agency": "NC", "Population_Served_Count": 872, "Service_Connections_Count": 385, "Service_Area_Type": "Residential Area", "Verification_Status": "Verified\u00a0", "Area_SqKM": 3.7126155389742648}, "geometry": {"type": "Point", "coordinates": [-80.68361621075957, 35.73459553214644]}}, {"type": "Feature", "properties": {"PWSID": "NC0103104", "PWS_Name": "ROARING GAP CLUB INC", "Primacy_Agency": "NC", "Population_Served_Count": 493, "Service_Connections_Count": 195, "Service_Area_Type": "Residential Area", "Verification_Status": "", "Area_SqKM": 0.2532184021732807}, "geometry": {"type": "Point", "coordinates": [-80.96529568452547, 36.41251040767641]}}, {"type": "Feature", "properties": {"PWSID": "NC3099034", "PWS_Name": "YADKIN COUNTY - EAST BEND", "Primacy_Agency": "NC", "Population_Served_Count": 97, "Service_Connections_Count": 38, "Service_Area_Type": "Municipality", "Verification_Status": "", "Area_SqKM": 0.3005448459068851}, "geometry": {"type": "Point", "coordinates": [-80.75827002794746, 36.14425694801649]}}, {"type": "Feature", "properties": {"PWSID": "NC0286020", "PWS_Name": "ELKIN, TOWN OF", "Primacy_Agency": "NC", "Population_Served_Count": 4076, "Service_Connections_Count": 2106, "Service_Area_Type": "Residential Area", "Verification_Status": "Verified\u00a0", "Area_SqKM": 14.567506599625414}, "geometry": {"type": "Point", "coordinates": [-80.8518802715137, 36.2671262911653]}}, {"type": "Feature", "properties": {"PWSID": "NC0299010", "PWS_Name": "JONESVILLE, TOWN OF", "Primacy_Agency": "NC", "Population_Served_Count": 2332, "Service_Connections_Count": 1420, "Service_Area_Type": "Residential Area", "Verification_Status": "Verified\u00a0", "Area_SqKM": 7.881189433040114}, "geometry": {"type": "Point", "coordinates": [-80.8391379977663, 36.23294973185637]}}, {"type": "Feature", "properties": {"PWSID": "NC0197050", "PWS_Name": "RONDA, TOWN OF", "Primacy_Agency": "NC", "Population_Served_Count": 938, "Service_Connections_Count": 375, "Service_Area_Type": "Residential Area", "Verification_Status": "Verified\u00a0", "Area_SqKM": 3.471042329464224}, "geometry": {"type": "Point", "coordinates": [-80.94236344794366, 36.22762284578784]}}, {"type": "Feature", "properties": {"PWSID": "NC0230010", "PWS_Name": "MOCKSVILLE, TOWN OF", "Primacy_Agency": "NC", "Population_Served_Count": 6147, "Service_Connections_Count": 3175, "Service_Area_Type": "Residential Area", "Verification_Status": "Verified\u00a0", "Area_SqKM": 24.492543906081615}, "geometry": {"type": "Point", "coordinates": [-80.57002723773218, 35.89392390075673]}}, {"type": "Feature", "properties": {"PWSID": "NC0299015", "PWS_Name": "YADKINVILLE, TOWN OF", "Primacy_Agency": "NC", "Population_Served_Count": 4196, "Service_Connections_Count": 1733, "Service_Area_Type": "Residential Area", "Verification_Status": "Verified\u00a0", "Area_SqKM": 11.212458669574815}, "geometry": {"type": "Point", "coordinates": [-80.66605938700883, 36.13449449507219]}}, {"type": "Feature", "properties": {"PWSID": "NC0299020", "PWS_Name": "BOONVILLE, TOWN OF", "Primacy_Agency": "NC", "Population_Served_Count": 2007, "Service_Connections_Count": 790, "Service_Area_Type": "Residential Area", "Verification_Status": "Verified\u00a0", "Area_SqKM": 3.1816416946221135}, "geometry": {"type": "Point", "coordinates": [-80.70800625091158, 36.23327895450127]}}, {"type": "Feature", "properties": {"PWSID": "NC0229030", "PWS_Name": "DENTON, TOWN OF", "Primacy_Agency": "NC", "Population_Served_Count": 1730, "Service_Connections_Count": 1052, "Service_Area_Type": "Residential Area", "Verification_Status": "Verified\u00a0", "Area_SqKM": 4.635634352451672}, "geometry": {"type": "Point", "coordinates": [-80.11423386634439, 35.62805727785414]}}, {"type": "Feature", "properties": {"PWSID": "NC0229010", "PWS_Name": "LEXINGTON, CITY OF", "Primacy_Agency": "NC", "Population_Served_Count": 19595, "Service_Connections_Count": 11000, "Service_Area_Type": "Residential Area", "Verification_Status": "Verified\u00a0", "Area_SqKM": 43.71035441184575}, "geometry": {"type": "Point", "coordinates": [-80.24911215282056, 35.81720294576022]}}, {"type": "Feature", "properties": {"PWSID": "NC0180110", "PWS_Name": "FAIRFIELD ACRES", "Primacy_Agency": "NC", "Population_Served_Count": 158, "Service_Connections_Count": 61, "Service_Area_Type": "Residential Area", "Verification_Status": "", "Area_SqKM": 0.18980889346628207}, "geometry": {"type": "Point", "coordinates": [-80.46489749447204, 35.68569090116062]}}, {"type": "Feature", "properties": {"PWSID": "NC0299112", "PWS_Name": "C W MOBILE HOME PARK", "Primacy_Agency": "NC", "Population_Served_Count": 97, "Service_Connections_Count": 52, "Service_Area_Type": "Mobile Home Park - Principal Residence", "Verification_Status": "", "Area_SqKM": 1.3092363769225668}, "geometry": {"type": "Point", "coordinates": [-80.57854198723587, 36.21771230742278]}}, {"type": "Feature", "properties": {"PWSID": "NC0234167", "PWS_Name": "MCBRIDE`S MHP", "Primacy_Agency": "NC", "Population_Served_Count": 190, "Service_Connections_Count": 75, "Service_Area_Type": "Mobile Home Park - Principal Residence", "Verification_Status": "", "Area_SqKM": 0.12452718568723894}, "geometry": {"type": "Point", "coordinates": [-80.06388866017474, 36.14186291009348]}}, {"type": "Feature", "properties": {"PWSID": "NC0452015", "PWS_Name": "POLLOCKSVILLE, TOWN OF", "Primacy_Agency": "NC", "Population_Served_Count": 858, "Service_Connections_Count": 338, "Service_Area_Type": "Residential Area", "Verification_Status": "Verified\u00a0", "Area_SqKM": 1.2349182104676437}, "geometry": {"type": "Point", "coordinates": [-77.22097154567211, 35.002577563154674]}}, {"type": "Feature", "properties": {"PWSID": "NC0382040", "PWS_Name": "TURKEY, TOWN OF", "Primacy_Agency": "NC", "Population_Served_Count": 352, "Service_Connections_Count": 141, "Service_Area_Type": "Residential Area", "Verification_Status": "Verified\u00a0", "Area_SqKM": 1.2378212109560736}, "geometry": {"type": "Point", "coordinates": [-78.18351295211451, 34.994308932583884]}}, {"type": "Feature", "properties": {"PWSID": "NC0467046", "PWS_Name": "USMC LEJEUNE--RIFLE RANGE", "Primacy_Agency": "NC", "Population_Served_Count": 3500, "Service_Connections_Count": 204, "Service_Area_Type": "Residential Area", "Verification_Status": "Verified\u00a0", "Area_SqKM": 1.385081807889806}, "geometry": {"type": "Point", "coordinates": [-77.44752541838808, 34.59258998902721]}}, {"type": "Feature", "properties": {"PWSID": "NC0431035", "PWS_Name": "MAGNOLIA, TOWN OF", "Primacy_Agency": "NC", "Population_Served_Count": 980, "Service_Connections_Count": 396, "Service_Area_Type": "Residential Area", "Verification_Status": "Verified\u00a0", "Area_SqKM": 3.044239702372078}, "geometry": {"type": "Point", "coordinates": [-78.05338376355499, 34.89671285274187]}}, {"type": "Feature", "properties": {"PWSID": "NC0431044", "PWS_Name": "TEACHEY, TOWN OF", "Primacy_Agency": "NC", "Population_Served_Count": 663, "Service_Connections_Count": 265, "Service_Area_Type": "Residential Area", "Verification_Status": "Verified\u00a0", "Area_SqKM": 3.1065464457836898}, "geometry": {"type": "Point", "coordinates": [-78.0080879793885, 34.7683299120267]}}, {"type": "Feature", "properties": {"PWSID": "NC0465020", "PWS_Name": "WRIGHTSVILLE BEACH WATER SYST", "Primacy_Agency": "NC", "Population_Served_Count": 5300, "Service_Connections_Count": 2768, "Service_Area_Type": "Residential Area", "Verification_Status": "Verified\u00a0", "Area_SqKM": 3.7715583117468476}, "geometry": {"type": "Point", "coordinates": [-77.79760628154823, 34.21575746794276]}}, {"type": "Feature", "properties": {"PWSID": "NC0431020", "PWS_Name": "BEULAVILLE, TOWN OF", "Primacy_Agency": "NC", "Population_Served_Count": 1326, "Service_Connections_Count": 930, "Service_Area_Type": "Municipality", "Verification_Status": "Verified\u00a0", "Area_SqKM": 3.9316856873781885}, "geometry": {"type": "Point", "coordinates": [-77.77302690156097, 34.92216962503626]}}, {"type": "Feature", "properties": {"PWSID": "NC0431025", "PWS_Name": "ROSE HILL, TOWN OF", "Primacy_Agency": "NC", "Population_Served_Count": 1867, "Service_Connections_Count": 735, "Service_Area_Type": "Residential Area", "Verification_Status": "Verified\u00a0", "Area_SqKM": 4.958681931856369}, "geometry": {"type": "Point", "coordinates": [-78.02792849840924, 34.82452517800982]}}, {"type": "Feature", "properties": {"PWSID": "NC0431030", "PWS_Name": "KENANSVILLE, TOWN OF", "Primacy_Agency": "NC", "Population_Served_Count": 876, "Service_Connections_Count": 450, "Service_Area_Type": "Residential Area", "Verification_Status": "Verified\u00a0", "Area_SqKM": 5.375405385535987}, "geometry": {"type": "Point", "coordinates": [-77.96192575844712, 34.95950659332013]}}, {"type": "Feature", "properties": {"PWSID": "NC0465015", "PWS_Name": "CAROLINA BEACH WATER SYSTEM", "Primacy_Agency": "NC", "Population_Served_Count": 6864, "Service_Connections_Count": 5460, "Service_Area_Type": "Municipality", "Verification_Status": "Verified\u00a0", "Area_SqKM": 5.422643594586097}, "geometry": {"type": "Point", "coordinates": [-77.89559202978721, 34.04237188246373]}}, {"type": "Feature", "properties": {"PWSID": "NC0416010", "PWS_Name": "BEAUFORT, TOWN OF", "Primacy_Agency": "NC", "Population_Served_Count": 4452, "Service_Connections_Count": 3300, "Service_Area_Type": "Municipality", "Verification_Status": "Verified\u00a0", "Area_SqKM": 5.683171710627789}, "geometry": {"type": "Point", "coordinates": [-76.64800709580254, 34.72476265408769]}}, {"type": "Feature", "properties": {"PWSID": "NC0416035", "PWS_Name": "ATLANTIC BEACH, TOWN OF", "Primacy_Agency": "NC", "Population_Served_Count": 6380, "Service_Connections_Count": 2795, "Service_Area_Type": "Municipality", "Verification_Status": "Verified\u00a0", "Area_SqKM": 6.392486818020138}, "geometry": {"type": "Point", "coordinates": [-76.73715641226765, 34.702684336242]}}, {"type": "Feature", "properties": {"PWSID": "NC0471015", "PWS_Name": "SURF CITY, TOWN OF", "Primacy_Agency": "NC", "Population_Served_Count": 9730, "Service_Connections_Count": 3831, "Service_Area_Type": "Residential Area", "Verification_Status": "Verified\u00a0", "Area_SqKM": 7.415800936233483}, "geometry": {"type": "Point", "coordinates": [-77.56640161169103, 34.41890670420249]}}, {"type": "Feature", "properties": {"PWSID": "NC0431015", "PWS_Name": "WARSAW, TOWN OF", "Primacy_Agency": "NC", "Population_Served_Count": 3108, "Service_Connections_Count": 1508, "Service_Area_Type": "Municipality", "Verification_Status": "Verified\u00a0", "Area_SqKM": 9.076327094968352}, "geometry": {"type": "Point", "coordinates": [-78.09925576958577, 34.995582403904486]}}, {"type": "Feature", "properties": {"PWSID": "NC0467042", "PWS_Name": "USMC LEJEUNE--NEW RIVER AIR ST", "Primacy_Agency": "NC", "Population_Served_Count": 11500, "Service_Connections_Count": 1007, "Service_Area_Type": "Residential Area", "Verification_Status": "Verified\u00a0", "Area_SqKM": 12.65899630481033}, "geometry": {"type": "Point", "coordinates": [-77.45365188448415, 34.7153242912943]}}, {"type": "Feature", "properties": {"PWSID": "NC0467041", "PWS_Name": "USMC LEJEUNE--HADNOT POINT", "Primacy_Agency": "NC", "Population_Served_Count": 37500, "Service_Connections_Count": 1742, "Service_Area_Type": "Residential Area", "Verification_Status": "Verified\u00a0", "Area_SqKM": 15.800552177288026}, "geometry": {"type": "Point", "coordinates": [-77.33370009215216, 34.66522575749411]}}, {"type": "Feature", "properties": {"PWSID": "NC0425015", "PWS_Name": "HAVELOCK WATER SYSTEM", "Primacy_Agency": "NC", "Population_Served_Count": 14925, "Service_Connections_Count": 5951, "Service_Area_Type": "Residential Area", "Verification_Status": "Verified\u00a0", "Area_SqKM": 16.254794107519174}, "geometry": {"type": "Point", "coordinates": [-76.91100810658492, 34.88875908547993]}}, {"type": "Feature", "properties": {"PWSID": "NC0467030", "PWS_Name": "NORTHWEST ONSLOW WATER ASSOC", "Primacy_Agency": "NC", "Population_Served_Count": 2052, "Service_Connections_Count": 942, "Service_Area_Type": "Residential Area", "Verification_Status": "Verified\u00a0", "Area_SqKM": 18.770606973152788}, "geometry": {"type": "Point", "coordinates": [-77.5764781999461, 34.93047511169312]}}, {"type": "Feature", "properties": {"PWSID": "NC0382010", "PWS_Name": "CLINTON, CITY OF", "Primacy_Agency": "NC", "Population_Served_Count": 11145, "Service_Connections_Count": 4458, "Service_Area_Type": "Residential Area", "Verification_Status": "Verified\u00a0", "Area_SqKM": 20.881624133646344}, "geometry": {"type": "Point", "coordinates": [-78.32959655446402, 34.99982961723036]}}, {"type": "Feature", "properties": {"PWSID": "NC0467043", "PWS_Name": "USMC LEJEUNE--HOLCOMB BLVD", "Primacy_Agency": "NC", "Population_Served_Count": 17000, "Service_Connections_Count": 5731, "Service_Area_Type": "Residential Area", "Verification_Status": "Verified\u00a0", "Area_SqKM": 31.99225980322342}, "geometry": {"type": "Point", "coordinates": [-77.35383797218317, 34.7123829775353]}}, {"type": "Feature", "properties": {"PWSID": "NC0467010", "PWS_Name": "JACKSONVILLE CITY OF", "Primacy_Agency": "NC", "Population_Served_Count": 41156, "Service_Connections_Count": 18418, "Service_Area_Type": "Residential Area", "Verification_Status": "Verified\u00a0", "Area_SqKM": 41.67705677043871}, "geometry": {"type": "Point", "coordinates": [-77.41991808028905, 34.76184327119805]}}, {"type": "Feature", "properties": {"PWSID": "NC7071011", "PWS_Name": "PENDER COUNTY UTILITIES", "Primacy_Agency": "NC", "Population_Served_Count": 31600, "Service_Connections_Count": 12154, "Service_Area_Type": "Residential Area", "Verification_Status": "Verified\u00a0", "Area_SqKM": 104.43863645581933}, "geometry": {"type": "Point", "coordinates": [-77.92252819790824, 34.48546213267316]}}, {"type": "Feature", "properties": {"PWSID": "NC0431050", "PWS_Name": "CHINQUAPIN WATER ASSOCIATION", "Primacy_Agency": "NC", "Population_Served_Count": 4686, "Service_Connections_Count": 2103, "Service_Area_Type": "Residential Area", "Verification_Status": "Verified\u00a0", "Area_SqKM": 249.67248600241953}, "geometry": {"type": "Point", "coordinates": [-77.78745173936062, 34.85742676890065]}}, {"type": "Feature", "properties": {"PWSID": "NC0382015", "PWS_Name": "ROSEBORO, TOWN OF", "Primacy_Agency": "NC", "Population_Served_Count": 1278, "Service_Connections_Count": 747, "Service_Area_Type": "Residential Area", "Verification_Status": "Verified\u00a0", "Area_SqKM": 3.5811691555137055}, "geometry": {"type": "Point", "coordinates": [-78.51201118972143, 34.954750173559155]}}, {"type": "Feature", "properties": {"PWSID": "NC7071022", "PWS_Name": "HAMPSTEAD PINES", "Primacy_Agency": "NC", "Population_Served_Count": 178, "Service_Connections_Count": 70, "Service_Area_Type": "Subdivision", "Verification_Status": "", "Area_SqKM": 3.06526186904294}, "geometry": {"type": "Point", "coordinates": [-77.68770516953437, 34.37017469376307]}}, {"type": "Feature", "properties": {"PWSID": "NC5082024", "PWS_Name": "SAMPSON CO WTR DIST I - INDIANTOWN", "Primacy_Agency": "NC", "Population_Served_Count": 210, "Service_Connections_Count": 84, "Service_Area_Type": "Residential Area", "Verification_Status": "", "Area_SqKM": 3.9116684190099504}, "geometry": {"type": "Point", "coordinates": [-78.2905352117926, 34.98338973841704]}}, {"type": "Feature", "properties": {"PWSID": "NC0471122", "PWS_Name": "TOPSAIL GREENS S/D", "Primacy_Agency": "NC", "Population_Served_Count": 0, "Service_Connections_Count": 216, "Service_Area_Type": "Residential Area", "Verification_Status": "", "Area_SqKM": 6.805052376506335}, "geometry": {"type": "Point", "coordinates": [-77.62670910449236, 34.40648559216807]}}, {"type": "Feature", "properties": {"PWSID": "NC0471112", "PWS_Name": "OLDE POINT S/D", "Primacy_Agency": "NC", "Population_Served_Count": 516, "Service_Connections_Count": 203, "Service_Area_Type": "Residential Area", "Verification_Status": "", "Area_SqKM": 0.02581376322095867}, "geometry": {"type": "Point", "coordinates": [-77.67884090007445, 34.386137320017646]}}, {"type": "Feature", "properties": {"PWSID": "NC0471111", "PWS_Name": "BELVEDERE PLANTATION", "Primacy_Agency": "NC", "Population_Served_Count": 3462, "Service_Connections_Count": 1363, "Service_Area_Type": "Residential Area", "Verification_Status": "", "Area_SqKM": 8.687154812630519}, "geometry": {"type": "Point", "coordinates": [-77.66357312535445, 34.385722967956355]}}, {"type": "Feature", "properties": {"PWSID": "NC0467222", "PWS_Name": "RAINTREE/SUMMERSILL ESTATES #2", "Primacy_Agency": "NC", "Population_Served_Count": 1539, "Service_Connections_Count": 606, "Service_Area_Type": "Residential Area", "Verification_Status": "", "Area_SqKM": 6.601469993420446}, "geometry": {"type": "Point", "coordinates": [-77.58193586408446, 34.801819846559845]}}, {"type": "Feature", "properties": {"PWSID": "NC0155119", "PWS_Name": "DENVER SHORES MHP WATER SYSTEM", "Primacy_Agency": "NC", "Population_Served_Count": 229, "Service_Connections_Count": 90, "Service_Area_Type": "Mobile Home Park - Principal Residence", "Verification_Status": "", "Area_SqKM": 0.18488276318013439}, "geometry": {"type": "Point", "coordinates": [-81.01907492504719, 35.53622025829362]}}, {"type": "Feature", "properties": {"PWSID": "NC0118612", "PWS_Name": "CROSS COUNTRY CAMPGROUND INC", "Primacy_Agency": "NC", "Population_Served_Count": 627, "Service_Connections_Count": 384, "Service_Area_Type": "Residential Area", "Verification_Status": "", "Area_SqKM": 0.6185908020033086}, "geometry": {"type": "Point", "coordinates": [-81.04376335742425, 35.57312117467215]}}, {"type": "Feature", "properties": {"PWSID": "NC0118030", "PWS_Name": "MAIDEN, TOWN OF", "Primacy_Agency": "NC", "Population_Served_Count": 5441, "Service_Connections_Count": 2142, "Service_Area_Type": "Industrial/Agricultural", "Verification_Status": "Verified\u00a0", "Area_SqKM": 24.90879826926162}, "geometry": {"type": "Point", "coordinates": [-81.20836059769474, 35.590933756565995]}}, {"type": "Feature", "properties": {"PWSID": "NC0136020", "PWS_Name": "MOUNT HOLLY, CITY OF", "Primacy_Agency": "NC", "Population_Served_Count": 19997, "Service_Connections_Count": 7873, "Service_Area_Type": "Municipality", "Verification_Status": "Verified\u00a0", "Area_SqKM": 25.702211328486538}, "geometry": {"type": "Point", "coordinates": [-81.00378772072324, 35.324568089965716]}}, {"type": "Feature", "properties": {"PWSID": "NC0136227", "PWS_Name": "HOLLY FAYE MHP", "Primacy_Agency": "NC", "Population_Served_Count": 60, "Service_Connections_Count": 35, "Service_Area_Type": "Mobile Home Park - Principal Residence", "Verification_Status": "", "Area_SqKM": 0.0324277655008544}, "geometry": {"type": "Point", "coordinates": [-81.06924008574575, 35.285138200125054]}}, {"type": "Feature", "properties": {"PWSID": "NC0136145", "PWS_Name": "COUNTRYSIDE ESTATES MHP", "Primacy_Agency": "NC", "Population_Served_Count": 99, "Service_Connections_Count": 38, "Service_Area_Type": "Mobile Home Park - Principal Residence", "Verification_Status": "", "Area_SqKM": 0.042775639354005295}, "geometry": {"type": "Point", "coordinates": [-81.03889056686788, 35.33224297776911]}}, {"type": "Feature", "properties": {"PWSID": "NC0136357", "PWS_Name": "GLORIA ACRES MHP", "Primacy_Agency": "NC", "Population_Served_Count": 122, "Service_Connections_Count": 48, "Service_Area_Type": "Mobile Home Park - Principal Residence", "Verification_Status": "", "Area_SqKM": 0.0697261050191255}, "geometry": {"type": "Point", "coordinates": [-81.01457263780388, 35.39175637519662]}}, {"type": "Feature", "properties": {"PWSID": "NC0160195", "PWS_Name": "WESTWOOD FOREST MHP", "Primacy_Agency": "NC", "Population_Served_Count": 333, "Service_Connections_Count": 131, "Service_Area_Type": "Mobile Home Park - Principal Residence", "Verification_Status": "", "Area_SqKM": 0.1024528139146868}, "geometry": {"type": "Point", "coordinates": [-80.988296570678, 35.26404840003902]}}, {"type": "Feature", "properties": {"PWSID": "NC0136387", "PWS_Name": "DELLINGER`S MHP", "Primacy_Agency": "NC", "Population_Served_Count": 53, "Service_Connections_Count": 27, "Service_Area_Type": "Mobile Home Park - Principal Residence", "Verification_Status": "", "Area_SqKM": 0.4711608511238281}, "geometry": {"type": "Point", "coordinates": [-81.070174745622, 35.283380867390555]}}, {"type": "Feature", "properties": {"PWSID": "NC0136343", "PWS_Name": "DON`S MHP", "Primacy_Agency": "NC", "Population_Served_Count": 112, "Service_Connections_Count": 44, "Service_Area_Type": "Mobile Home Park - Principal Residence", "Verification_Status": "", "Area_SqKM": 0.010534584914667088}, "geometry": {"type": "Point", "coordinates": [-81.06530470005778, 35.293643059999944]}}, {"type": "Feature", "properties": {"PWSID": "NC0136286", "PWS_Name": "AZALEA HILLS MHP", "Primacy_Agency": "NC", "Population_Served_Count": 80, "Service_Connections_Count": 40, "Service_Area_Type": "Mobile Home Park - Principal Residence", "Verification_Status": "", "Area_SqKM": 0.0045780978257647315}, "geometry": {"type": "Point", "coordinates": [-81.06834100841756, 35.283844608309174]}}, {"type": "Feature", "properties": {"PWSID": "NC0136240", "PWS_Name": "HICKORY GROVE MHP", "Primacy_Agency": "NC", "Population_Served_Count": 69, "Service_Connections_Count": 27, "Service_Area_Type": "Mobile Home Park - Principal Residence", "Verification_Status": "", "Area_SqKM": 0.009966633199082604}, "geometry": {"type": "Point", "coordinates": [-81.0685329818339, 35.307472127359375]}}, {"type": "Feature", "properties": {"PWSID": "NC0123045", "PWS_Name": "LAWNDALE, TOWN OF", "Primacy_Agency": "NC", "Population_Served_Count": 606, "Service_Connections_Count": 260, "Service_Area_Type": "Residential Area", "Verification_Status": "Verified\u00a0", "Area_SqKM": 2.2589550882146945}, "geometry": {"type": "Point", "coordinates": [-81.56273063018945, 35.4141867581096]}}, {"type": "Feature", "properties": {"PWSID": "NC0136045", "PWS_Name": "MCADENVILLE, TOWN OF", "Primacy_Agency": "NC", "Population_Served_Count": 930, "Service_Connections_Count": 215, "Service_Area_Type": "Municipality", "Verification_Status": "Verified\u00a0", "Area_SqKM": 3.6176472782777944}, "geometry": {"type": "Point", "coordinates": [-81.08274945895354, 35.26555970002654]}}, {"type": "Feature", "properties": {"PWSID": "NC0136060", "PWS_Name": "LOWELL, CITY OF", "Primacy_Agency": "NC", "Population_Served_Count": 3837, "Service_Connections_Count": 1750, "Service_Area_Type": "Residential Area", "Verification_Status": "Verified\u00a0", "Area_SqKM": 8.011413626091723}, "geometry": {"type": "Point", "coordinates": [-81.09949189364384, 35.2700952190355]}}, {"type": "Feature", "properties": {"PWSID": "NC0136034", "PWS_Name": "RANLO, TOWN OF", "Primacy_Agency": "NC", "Population_Served_Count": 4511, "Service_Connections_Count": 1705, "Service_Area_Type": "Residential Area", "Verification_Status": "Verified\u00a0", "Area_SqKM": 9.275849093970415}, "geometry": {"type": "Point", "coordinates": [-81.13924663320482, 35.29387119795962]}}, {"type": "Feature", "properties": {"PWSID": "NC0136065", "PWS_Name": "DALLAS, TOWN OF", "Primacy_Agency": "NC", "Population_Served_Count": 8125, "Service_Connections_Count": 3199, "Service_Area_Type": "Residential Area", "Verification_Status": "Verified\u00a0", "Area_SqKM": 20.855852327172094}, "geometry": {"type": "Point", "coordinates": [-81.18559586546722, 35.315631724869114]}}, {"type": "Feature", "properties": {"PWSID": "NC0136252", "PWS_Name": "ARCHDALE/TRYON MHP", "Primacy_Agency": "NC", "Population_Served_Count": 74, "Service_Connections_Count": 29, "Service_Area_Type": "Mobile Home Park - Principal Residence", "Verification_Status": "", "Area_SqKM": 0.018602440476767963}, "geometry": {"type": "Point", "coordinates": [-81.30439275743772, 35.3533817858107]}}, {"type": "Feature", "properties": {"PWSID": "NC0136359", "PWS_Name": "FOREST HILL MHP", "Primacy_Agency": "NC", "Population_Served_Count": 89, "Service_Connections_Count": 35, "Service_Area_Type": "Mobile Home Park - Principal Residence", "Verification_Status": "", "Area_SqKM": 0.05627753196735837}, "geometry": {"type": "Point", "coordinates": [-81.13819085997623, 35.37125063005624]}}, {"type": "Feature", "properties": {"PWSID": "NC0467164", "PWS_Name": "SHERWOOD MHP", "Primacy_Agency": "NC", "Population_Served_Count": 470, "Service_Connections_Count": 187, "Service_Area_Type": "Mobile Home Park - Principal Residence", "Verification_Status": "", "Area_SqKM": 0.026821482711683487}, "geometry": {"type": "Point", "coordinates": [-77.30816138051416, 34.72047412215126]}}, {"type": "Feature", "properties": {"PWSID": "NC0467136", "PWS_Name": "LAURADALE S/D", "Primacy_Agency": "NC", "Population_Served_Count": 2527, "Service_Connections_Count": 995, "Service_Area_Type": "Residential Area", "Verification_Status": "", "Area_SqKM": 10.6006965979009}, "geometry": {"type": "Point", "coordinates": [-77.45224389268186, 34.811045545821855]}}, {"type": "Feature", "properties": {"PWSID": "NC0467102", "PWS_Name": "OSPREY COVE 2", "Primacy_Agency": "NC", "Population_Served_Count": 475, "Service_Connections_Count": 92, "Service_Area_Type": "Residential Area", "Verification_Status": "", "Area_SqKM": 0.026010336085691154}, "geometry": {"type": "Point", "coordinates": [-77.45243084699068, 34.74782448837841]}}, {"type": "Feature", "properties": {"PWSID": "NC0465217", "PWS_Name": "SIMMONS HEIGHTS APARTMENTS", "Primacy_Agency": "NC", "Population_Served_Count": 35, "Service_Connections_Count": 16, "Service_Area_Type": "Residential Area", "Verification_Status": "", "Area_SqKM": 0.9184782957239823}, "geometry": {"type": "Point", "coordinates": [-77.89807693312301, 34.353418483486955]}}, {"type": "Feature", "properties": {"PWSID": "NC0465211", "PWS_Name": "OYSTER POINT S/D", "Primacy_Agency": "NC", "Population_Served_Count": 99, "Service_Connections_Count": 42, "Service_Area_Type": "Residential Area", "Verification_Status": "", "Area_SqKM": 1.8547077382277508}, "geometry": {"type": "Point", "coordinates": [-77.8233822275196, 34.291778007730095]}}, {"type": "Feature", "properties": {"PWSID": "NC0465179", "PWS_Name": "NORTHSIDE MHP", "Primacy_Agency": "NC", "Population_Served_Count": 180, "Service_Connections_Count": 62, "Service_Area_Type": "Mobile Home Park - Principal Residence", "Verification_Status": "", "Area_SqKM": 1.9143706507503409}, "geometry": {"type": "Point", "coordinates": [-77.87629846055994, 34.306696686875455]}}, {"type": "Feature", "properties": {"PWSID": "NC0465165", "PWS_Name": "TREASURE COVE S/D", "Primacy_Agency": "NC", "Population_Served_Count": 760, "Service_Connections_Count": 299, "Service_Area_Type": "Residential Area", "Verification_Status": "", "Area_SqKM": 2.6536067724276577}, "geometry": {"type": "Point", "coordinates": [-77.7786349959118, 34.27565808800332]}}, {"type": "Feature", "properties": {"PWSID": "NC0465164", "PWS_Name": "SHADY HAVEN MHP", "Primacy_Agency": "NC", "Population_Served_Count": 46, "Service_Connections_Count": 23, "Service_Area_Type": "Mobile Home Park - Principal Residence", "Verification_Status": "", "Area_SqKM": 2.3729110972691685}, "geometry": {"type": "Point", "coordinates": [-77.8936365352221, 34.33431289809287]}}, {"type": "Feature", "properties": {"PWSID": "NC0465119", "PWS_Name": "FIGURE 8 ISLAND", "Primacy_Agency": "NC", "Population_Served_Count": 999, "Service_Connections_Count": 498, "Service_Area_Type": "Residential Area", "Verification_Status": "", "Area_SqKM": 1.1853781928826272}, "geometry": {"type": "Point", "coordinates": [-77.78203668096714, 34.26415036253753]}}, {"type": "Feature", "properties": {"PWSID": "NC0465112", "PWS_Name": "COLLEGE VIEW MHP", "Primacy_Agency": "NC", "Population_Served_Count": 66, "Service_Connections_Count": 26, "Service_Area_Type": "Mobile Home Park - Principal Residence", "Verification_Status": "", "Area_SqKM": 0.038047049085470554}, "geometry": {"type": "Point", "coordinates": [-77.85880118494977, 34.247403656494164]}}, {"type": "Feature", "properties": {"PWSID": "NC0431103", "PWS_Name": "MISSION PARK B&L TRAILER COURT", "Primacy_Agency": "NC", "Population_Served_Count": 65, "Service_Connections_Count": 26, "Service_Area_Type": "Mobile Home Park - Principal Residence", "Verification_Status": "", "Area_SqKM": 0.008010645573708227}, "geometry": {"type": "Point", "coordinates": [-78.11102761443803, 34.95428575713206]}}, {"type": "Feature", "properties": {"PWSID": "NC0425141", "PWS_Name": "GREENFIELD HEIGHTS S/D", "Primacy_Agency": "NC", "Population_Served_Count": 0, "Service_Connections_Count": 61, "Service_Area_Type": "Residential Area", "Verification_Status": "", "Area_SqKM": 0.15746062153967266}, "geometry": {"type": "Point", "coordinates": [-76.89416443105827, 34.863092279297916]}}, {"type": "Feature", "properties": {"PWSID": "NC0425035", "PWS_Name": "MARINE CORPS AIR STATION CHERRY POINT", "Primacy_Agency": "NC", "Population_Served_Count": 17144, "Service_Connections_Count": 4176, "Service_Area_Type": "Residential Area", "Verification_Status": "", "Area_SqKM": 3.452289268736083}, "geometry": {"type": "Point", "coordinates": [-76.97840227956384, 34.97516716329389]}}, {"type": "Feature", "properties": {"PWSID": "NC0416205", "PWS_Name": "LAKE ROAD MHP", "Primacy_Agency": "NC", "Population_Served_Count": 40, "Service_Connections_Count": 18, "Service_Area_Type": "Mobile Home Park - Principal Residence", "Verification_Status": "", "Area_SqKM": 0.007876335637430244}, "geometry": {"type": "Point", "coordinates": [-76.93772969977972, 34.82285850011315]}}, {"type": "Feature", "properties": {"PWSID": "NC0416197", "PWS_Name": "NORTH RIVER/MILL CREEK WATER SERVICE DIS", "Primacy_Agency": "NC", "Population_Served_Count": 2950, "Service_Connections_Count": 1200, "Service_Area_Type": "Residential Area", "Verification_Status": "", "Area_SqKM": 2.4374565065141853}, "geometry": {"type": "Point", "coordinates": [-76.64299175638075, 34.76108592487203]}}, {"type": "Feature", "properties": {"PWSID": "NC0416192", "PWS_Name": "ATLANTIC VILLAGE MHP", "Primacy_Agency": "NC", "Population_Served_Count": 175, "Service_Connections_Count": 69, "Service_Area_Type": "Mobile Home Park - Principal Residence", "Verification_Status": "", "Area_SqKM": 0.058955505865516726}, "geometry": {"type": "Point", "coordinates": [-76.88815567607276, 34.80927050564728]}}, {"type": "Feature", "properties": {"PWSID": "NC0416186", "PWS_Name": "HUNTING ESTATES", "Primacy_Agency": "NC", "Population_Served_Count": 80, "Service_Connections_Count": 43, "Service_Area_Type": "Mobile Home Park - Principal Residence", "Verification_Status": "", "Area_SqKM": 0.007770035904307081}, "geometry": {"type": "Point", "coordinates": [-76.89575949998178, 34.80274704277071]}}, {"type": "Feature", "properties": {"PWSID": "NC0416182", "PWS_Name": "RIVERSTONE", "Primacy_Agency": "NC", "Population_Served_Count": 99, "Service_Connections_Count": 43, "Service_Area_Type": "Mobile Home Park - Principal Residence", "Verification_Status": "", "Area_SqKM": 0.03163855241612268}, "geometry": {"type": "Point", "coordinates": [-76.8775193748875, 34.78527140023486]}}, {"type": "Feature", "properties": {"PWSID": "NC0416172", "PWS_Name": "NEWPORT RIDGE MHP", "Primacy_Agency": "NC", "Population_Served_Count": 71, "Service_Connections_Count": 28, "Service_Area_Type": "Mobile Home Park - Principal Residence", "Verification_Status": "", "Area_SqKM": 0.019531436863261042}, "geometry": {"type": "Point", "coordinates": [-76.87692645430752, 34.829544718319355]}}, {"type": "Feature", "properties": {"PWSID": "NC0416142", "PWS_Name": "LIGHTHOUSE WAY MHP & APTS", "Primacy_Agency": "NC", "Population_Served_Count": 79, "Service_Connections_Count": 31, "Service_Area_Type": "Mobile Home Park - Principal Residence", "Verification_Status": "", "Area_SqKM": 0.2493628558174762}, "geometry": {"type": "Point", "coordinates": [-76.89522976685359, 34.78008666690663]}}, {"type": "Feature", "properties": {"PWSID": "NC0416130", "PWS_Name": "GOOSE CREEK RESORT", "Primacy_Agency": "NC", "Population_Served_Count": 1600, "Service_Connections_Count": 630, "Service_Area_Type": "Recreation Area", "Verification_Status": "", "Area_SqKM": 3.6695792838989623}, "geometry": {"type": "Point", "coordinates": [-77.00559383965319, 34.701513786589366]}}, {"type": "Feature", "properties": {"PWSID": "NC0416101", "PWS_Name": "BALLOU MHP", "Primacy_Agency": "NC", "Population_Served_Count": 95, "Service_Connections_Count": 36, "Service_Area_Type": "Mobile Home Park - Principal Residence", "Verification_Status": "", "Area_SqKM": 0.8115265831311506}, "geometry": {"type": "Point", "coordinates": [-76.72510059607013, 34.737740380156794]}}, {"type": "Feature", "properties": {"PWSID": "NC0382070", "PWS_Name": "SAMPSON CO WTR DIST II", "Primacy_Agency": "NC", "Population_Served_Count": 13055, "Service_Connections_Count": 5222, "Service_Area_Type": "Residential Area", "Verification_Status": "", "Area_SqKM": 3.4942556209314573}, "geometry": {"type": "Point", "coordinates": [-78.27457462431519, 35.01932903989196]}}, {"type": "Feature", "properties": {"PWSID": "NC0382065", "PWS_Name": "SAMPSON CO WTR DIST II-GARLAND", "Primacy_Agency": "NC", "Population_Served_Count": 223, "Service_Connections_Count": 89, "Service_Area_Type": "Residential Area", "Verification_Status": "", "Area_SqKM": 0.3056239209379312}, "geometry": {"type": "Point", "coordinates": [-78.33154158906338, 34.77653045560235]}}, {"type": "Feature", "properties": {"PWSID": "NC0382055", "PWS_Name": "SAMPSON CO WTR DIST I-ROSEBORO", "Primacy_Agency": "NC", "Population_Served_Count": 148, "Service_Connections_Count": 59, "Service_Area_Type": "Residential Area", "Verification_Status": "", "Area_SqKM": 0.5589497780876571}, "geometry": {"type": "Point", "coordinates": [-78.47097678131584, 34.95705074381367]}}, {"type": "Feature", "properties": {"PWSID": "NC0149152", "PWS_Name": "STATESVILLE ESTATES MHC, LLC", "Primacy_Agency": "NC", "Population_Served_Count": 104, "Service_Connections_Count": 39, "Service_Area_Type": "Mobile Home Park - Principal Residence", "Verification_Status": "", "Area_SqKM": 1.64797080012499}, "geometry": {"type": "Point", "coordinates": [-80.8274848749549, 35.76760675501939]}}, {"type": "Feature", "properties": {"PWSID": "NC0149192", "PWS_Name": "WILDLIFE BAY S/D", "Primacy_Agency": "NC", "Population_Served_Count": 216, "Service_Connections_Count": 85, "Service_Area_Type": "Residential Area", "Verification_Status": "", "Area_SqKM": 0.02693972388238569}, "geometry": {"type": "Point", "coordinates": [-80.91420876416838, 35.665394714231084]}}, {"type": "Feature", "properties": {"PWSID": "NC0465025", "PWS_Name": "KURE BEACH WATER SYSTEM", "Primacy_Agency": "NC", "Population_Served_Count": 5110, "Service_Connections_Count": 2012, "Service_Area_Type": "Residential Area", "Verification_Status": "Verified\u00a0", "Area_SqKM": 2.10162425407747}, "geometry": {"type": "Point", "coordinates": [-77.90832056868004, 34.00017387083367]}}, {"type": "Feature", "properties": {"PWSID": "NC0471010", "PWS_Name": "BURGAW, TOWN OF", "Primacy_Agency": "NC", "Population_Served_Count": 4250, "Service_Connections_Count": 1452, "Service_Area_Type": "Municipality", "Verification_Status": "Verified\u00a0", "Area_SqKM": 10.465595237213886}, "geometry": {"type": "Point", "coordinates": [-77.9261057361409, 34.5528844087264]}}, {"type": "Feature", "properties": {"PWSID": "NC0410020", "PWS_Name": "OAK ISLAND, TOWN OF", "Primacy_Agency": "NC", "Population_Served_Count": 23896, "Service_Connections_Count": 9408, "Service_Area_Type": "Municipality", "Verification_Status": "Verified\u00a0", "Area_SqKM": 17.30072895663879}, "geometry": {"type": "Point", "coordinates": [-78.15697844272887, 33.91608485539832]}}, {"type": "Feature", "properties": {"PWSID": "NC0410070", "PWS_Name": "BRUNSWICK REGIONAL WATER AND SEWER H2GO", "Primacy_Agency": "NC", "Population_Served_Count": 45748, "Service_Connections_Count": 18011, "Service_Area_Type": "Residential Area", "Verification_Status": "Verified\u00a0", "Area_SqKM": 49.35689895303904}, "geometry": {"type": "Point", "coordinates": [-78.02559431420643, 34.227518563525194]}}, {"type": "Feature", "properties": {"PWSID": "NC0410045", "PWS_Name": "BRUNSWICK COUNTY WATER SYSTEM", "Primacy_Agency": "NC", "Population_Served_Count": 142227, "Service_Connections_Count": 63212, "Service_Area_Type": "Residential Area", "Verification_Status": "Verified\u00a0", "Area_SqKM": 489.3049735939417}, "geometry": {"type": "Point", "coordinates": [-78.24801222822853, 33.97519550163972]}}, {"type": "Feature", "properties": {"PWSID": "NC0309050", "PWS_Name": "EAST ARCADIA, TOWN OF", "Primacy_Agency": "NC", "Population_Served_Count": 609, "Service_Connections_Count": 240, "Service_Area_Type": "Residential Area", "Verification_Status": "Verified\u00a0", "Area_SqKM": 5.279663862058246}, "geometry": {"type": "Point", "coordinates": [-78.31910790685387, 34.38411842098293]}}, {"type": "Feature", "properties": {"PWSID": "NC0410035", "PWS_Name": "OCEAN ISLE BEACH, TOWN OF", "Primacy_Agency": "NC", "Population_Served_Count": 7925, "Service_Connections_Count": 3120, "Service_Area_Type": "Residential Area", "Verification_Status": "Verified\u00a0", "Area_SqKM": 5.370162512330893}, "geometry": {"type": "Point", "coordinates": [-78.42694960312673, 33.89338465917605]}}, {"type": "Feature", "properties": {"PWSID": "NC0424045", "PWS_Name": "LAKE WACCAMAW, TOWN OF", "Primacy_Agency": "NC", "Population_Served_Count": 2469, "Service_Connections_Count": 972, "Service_Area_Type": "Residential Area", "Verification_Status": "Verified\u00a0", "Area_SqKM": 7.419894727881659}, "geometry": {"type": "Point", "coordinates": [-78.52892308873109, 34.29489884507007]}}, {"type": "Feature", "properties": {"PWSID": "NC0309030", "PWS_Name": "WHITE LAKE, TOWN OF", "Primacy_Agency": "NC", "Population_Served_Count": 5770, "Service_Connections_Count": 2308, "Service_Area_Type": "Residential Area", "Verification_Status": "Verified\u00a0", "Area_SqKM": 7.508393995526854}, "geometry": {"type": "Point", "coordinates": [-78.50093290135446, 34.64268607572386]}}, {"type": "Feature", "properties": {"PWSID": "NC0410060", "PWS_Name": "HOLDEN BEACH, TOWN OF", "Primacy_Agency": "NC", "Population_Served_Count": 6299, "Service_Connections_Count": 2480, "Service_Area_Type": "Residential Area", "Verification_Status": "Verified\u00a0", "Area_SqKM": 7.823599626009588}, "geometry": {"type": "Point", "coordinates": [-78.3228064852235, 33.91129122783206]}}, {"type": "Feature", "properties": {"PWSID": "NC0424050", "PWS_Name": "BOLTON, TOWN OF", "Primacy_Agency": "NC", "Population_Served_Count": 668, "Service_Connections_Count": 263, "Service_Area_Type": "Residential Area", "Verification_Status": "Verified\u00a0", "Area_SqKM": 8.571138493602476}, "geometry": {"type": "Point", "coordinates": [-78.39303016926773, 34.321599823126455]}}, {"type": "Feature", "properties": {"PWSID": "NC7024013", "PWS_Name": "COLUMBUS COUNTY WATER DIST IV", "Primacy_Agency": "NC", "Population_Served_Count": 2598, "Service_Connections_Count": 1023, "Service_Area_Type": "Residential Area", "Verification_Status": "", "Area_SqKM": 0.8649234991530098}, "geometry": {"type": "Point", "coordinates": [-78.2758162424922, 34.34941590416542]}}, {"type": "Feature", "properties": {"PWSID": "NC7010054", "PWS_Name": "CHADWICK MHP", "Primacy_Agency": "NC", "Population_Served_Count": 90, "Service_Connections_Count": 36, "Service_Area_Type": "Mobile Home Park", "Verification_Status": "", "Area_SqKM": 0.24121022765325484}, "geometry": {"type": "Point", "coordinates": [-78.07756877043704, 34.30581726297131]}}, {"type": "Feature", "properties": {"PWSID": "NC0471113", "PWS_Name": "LEA ACRES WATER CO INC", "Primacy_Agency": "NC", "Population_Served_Count": 120, "Service_Connections_Count": 49, "Service_Area_Type": "Residential Area", "Verification_Status": "", "Area_SqKM": 0.3605193752636997}, "geometry": {"type": "Point", "coordinates": [-78.04843048693279, 34.66134896518561]}}, {"type": "Feature", "properties": {"PWSID": "NC0465195", "PWS_Name": "CASTLE CREEK MEMORY CARE", "Primacy_Agency": "NC", "Population_Served_Count": 86, "Service_Connections_Count": 1, "Service_Area_Type": "Other Residential", "Verification_Status": "", "Area_SqKM": 0.010959374509449374}, "geometry": {"type": "Point", "coordinates": [-77.9128033000675, 33.98163410005912]}}, {"type": "Feature", "properties": {"PWSID": "NC0465138", "PWS_Name": "OAKLEY MHP", "Primacy_Agency": "NC", "Population_Served_Count": 92, "Service_Connections_Count": 31, "Service_Area_Type": "Mobile Home Park - Principal Residence", "Verification_Status": "", "Area_SqKM": 1.8609636853426859}, "geometry": {"type": "Point", "coordinates": [-77.92808971219853, 34.299063151214995]}}, {"type": "Feature", "properties": {"PWSID": "NC0424463", "PWS_Name": "LAKELAND VILLAGE S/D", "Primacy_Agency": "NC", "Population_Served_Count": 180, "Service_Connections_Count": 71, "Service_Area_Type": "Residential Area", "Verification_Status": "", "Area_SqKM": 0.9695837529191579}, "geometry": {"type": "Point", "coordinates": [-78.11269140000557, 34.34177189259984]}}, {"type": "Feature", "properties": {"PWSID": "NC0410130", "PWS_Name": "THE VILLAGE OF BALD HEAD ISLAND", "Primacy_Agency": "NC", "Population_Served_Count": 3291, "Service_Connections_Count": 1296, "Service_Area_Type": "Residential Area", "Verification_Status": "", "Area_SqKM": 16.127379854814723}, "geometry": {"type": "Point", "coordinates": [-77.97375993586101, 33.88342588132523]}}, {"type": "Feature", "properties": {"PWSID": "NC0105015", "PWS_Name": "JEFFERSON, TOWN OF", "Primacy_Agency": "NC", "Population_Served_Count": 1470, "Service_Connections_Count": 850, "Service_Area_Type": "Municipality", "Verification_Status": "Verified\u00a0", "Area_SqKM": 7.853849849612681}, "geometry": {"type": "Point", "coordinates": [-81.44891444539186, 36.42063405463573]}}, {"type": "Feature", "properties": {"PWSID": "NC0105010", "PWS_Name": "WEST JEFFERSON, TOWN OF", "Primacy_Agency": "NC", "Population_Served_Count": 1321, "Service_Connections_Count": 705, "Service_Area_Type": "Residential Area", "Verification_Status": "Verified\u00a0", "Area_SqKM": 8.026448338085485}, "geometry": {"type": "Point", "coordinates": [-81.48636515429051, 36.38991039624715]}}, {"type": "Feature", "properties": {"PWSID": "NC3097018", "PWS_Name": "BLUE RIDGE MTN CLUB", "Primacy_Agency": "NC", "Population_Served_Count": 685, "Service_Connections_Count": 270, "Service_Area_Type": "Residential Area", "Verification_Status": "", "Area_SqKM": 0.1250362523297657}, "geometry": {"type": "Point", "coordinates": [-81.46341747999585, 36.13353764999469]}}, {"type": "Feature", "properties": {"PWSID": "NC0195162", "PWS_Name": "VALLEY VIEW S/D", "Primacy_Agency": "NC", "Population_Served_Count": 40, "Service_Connections_Count": 16, "Service_Area_Type": "Residential Area", "Verification_Status": "", "Area_SqKM": 0.2077630933981465}, "geometry": {"type": "Point", "coordinates": [-81.49807722687717, 36.48002018796381]}}, {"type": "Feature", "properties": {"PWSID": "NC0195160", "PWS_Name": "GREEN BRIAR APARTMENTS", "Primacy_Agency": "NC", "Population_Served_Count": 35, "Service_Connections_Count": 18, "Service_Area_Type": "Residential Area", "Verification_Status": "", "Area_SqKM": 0.07270491699360684}, "geometry": {"type": "Point", "coordinates": [-81.6610363481343, 36.23536747970442]}}, {"type": "Feature", "properties": {"PWSID": "NC0195137", "PWS_Name": "LAURELWOOD DEVELOPMENT", "Primacy_Agency": "NC", "Population_Served_Count": 71, "Service_Connections_Count": 44, "Service_Area_Type": "Residential Area", "Verification_Status": "", "Area_SqKM": 0.011407174544479214}, "geometry": {"type": "Point", "coordinates": [-81.57084440143478, 36.23811336761836]}}, {"type": "Feature", "properties": {"PWSID": "NC0195136", "PWS_Name": "BLOOMFIELD APARTMENTS", "Primacy_Agency": "NC", "Population_Served_Count": 31, "Service_Connections_Count": 25, "Service_Area_Type": "Residential Area", "Verification_Status": "", "Area_SqKM": 0.16131605459736675}, "geometry": {"type": "Point", "coordinates": [-81.64987160332502, 36.18109632486408]}}, {"type": "Feature", "properties": {"PWSID": "NC0195108", "PWS_Name": "CHAPEL HILL S/D", "Primacy_Agency": "NC", "Population_Served_Count": 216, "Service_Connections_Count": 94, "Service_Area_Type": "Residential Area", "Verification_Status": "", "Area_SqKM": 0.33095362941971534}, "geometry": {"type": "Point", "coordinates": [-81.60508366479704, 36.2118074371805]}}, {"type": "Feature", "properties": {"PWSID": "NC0114459", "PWS_Name": "GREEN MOUNTAIN PARK", "Primacy_Agency": "NC", "Population_Served_Count": 1194, "Service_Connections_Count": 350, "Service_Area_Type": "Other Residential", "Verification_Status": "", "Area_SqKM": 1.7991624797527968}, "geometry": {"type": "Point", "coordinates": [-81.4705890289753, 35.94441955986672]}}, {"type": "Feature", "properties": {"PWSID": "NC0105432", "PWS_Name": "FAIRWAY RIDGE WATER ASSOC INC", "Primacy_Agency": "NC", "Population_Served_Count": 173, "Service_Connections_Count": 68, "Service_Area_Type": "Residential Area", "Verification_Status": "", "Area_SqKM": 0.2504399669701763}, "geometry": {"type": "Point", "coordinates": [-81.60717228231694, 36.444941958848226]}}, {"type": "Feature", "properties": {"PWSID": "NC0105109", "PWS_Name": "BLUE RIDGE MNR ASHE LAKE BEAVER CRK SEC", "Primacy_Agency": "NC", "Population_Served_Count": 51, "Service_Connections_Count": 20, "Service_Area_Type": "Residential Area", "Verification_Status": "", "Area_SqKM": 0.2773487235553918}, "geometry": {"type": "Point", "coordinates": [-81.44739081482224, 36.34651701670207]}}, {"type": "Feature", "properties": {"PWSID": "NC0105108", "PWS_Name": "JEFFERSON LANDING", "Primacy_Agency": "NC", "Population_Served_Count": 653, "Service_Connections_Count": 261, "Service_Area_Type": "Residential Area", "Verification_Status": "", "Area_SqKM": 0.278120998031663}, "geometry": {"type": "Point", "coordinates": [-81.45796883330104, 36.430744895795364]}}, {"type": "Feature", "properties": {"PWSID": "NC0105107", "PWS_Name": "LAUREL MOUNTAIN ESTATES", "Primacy_Agency": "NC", "Population_Served_Count": 70, "Service_Connections_Count": 28, "Service_Area_Type": "Residential Area", "Verification_Status": "", "Area_SqKM": 0.062314079782883225}, "geometry": {"type": "Point", "coordinates": [-81.56667312962601, 36.320401408600674]}}, {"type": "Feature", "properties": {"PWSID": "NC0105104", "PWS_Name": "BLUE RIDGE MANOR-NIKANOR SECT", "Primacy_Agency": "NC", "Population_Served_Count": 308, "Service_Connections_Count": 125, "Service_Area_Type": "Residential Area", "Verification_Status": "", "Area_SqKM": 0.12940135420211613}, "geometry": {"type": "Point", "coordinates": [-81.27008946360071, 36.28083042731212]}}, {"type": "Feature", "properties": {"PWSID": "NC0105102", "PWS_Name": "BUFFALO MEADOWS S/D", "Primacy_Agency": "NC", "Population_Served_Count": 120, "Service_Connections_Count": 48, "Service_Area_Type": "Residential Area", "Verification_Status": "", "Area_SqKM": 0.4511698214242194}, "geometry": {"type": "Point", "coordinates": [-81.56553252813028, 36.43986039318157]}}, {"type": "Feature", "properties": {"PWSID": "NC0105101", "PWS_Name": "BLUE RIDGE MANOR ASH LAKE-HOLIDAY LN SEC", "Primacy_Agency": "NC", "Population_Served_Count": 46, "Service_Connections_Count": 29, "Service_Area_Type": "Residential Area", "Verification_Status": "", "Area_SqKM": 0.4086474238729706}, "geometry": {"type": "Point", "coordinates": [-81.44730169924371, 36.368379628479346]}}, {"type": "Feature", "properties": {"PWSID": "NC3095004", "PWS_Name": "BLUE RIDGE ESTATES", "Primacy_Agency": "NC", "Population_Served_Count": 51, "Service_Connections_Count": 20, "Service_Area_Type": "Residential Area", "Verification_Status": "", "Area_SqKM": 0.42291381399097666}, "geometry": {"type": "Point", "coordinates": [-81.67968655365098, 36.13501041058997]}}, {"type": "Feature", "properties": {"PWSID": "NC0195169", "PWS_Name": "BLUE RIDGE PRESERVATION INC", "Primacy_Agency": "NC", "Population_Served_Count": 150, "Service_Connections_Count": 27, "Service_Area_Type": "Residential Area", "Verification_Status": "", "Area_SqKM": 0.2703533789185821}, "geometry": {"type": "Point", "coordinates": [-81.58272805098295, 36.1734238688746]}}, {"type": "Feature", "properties": {"PWSID": "NC0114466", "PWS_Name": "PATTERSON SCHOOL", "Primacy_Agency": "NC", "Population_Served_Count": 50, "Service_Connections_Count": 12, "Service_Area_Type": "Residential Area", "Verification_Status": "", "Area_SqKM": 0.01297235546025827}, "geometry": {"type": "Point", "coordinates": [-81.65803016714979, 36.11323377779661]}}, {"type": "Feature", "properties": {"PWSID": "NC0285467", "PWS_Name": "MOUNTAIN VALLEY LIVING CENTER", "Primacy_Agency": "NC", "Population_Served_Count": 39, "Service_Connections_Count": 1, "Service_Area_Type": "Other Residential", "Verification_Status": "", "Area_SqKM": 0.16499350276555932}, "geometry": {"type": "Point", "coordinates": [-80.62324510200841, 36.47769163134292]}}, {"type": "Feature", "properties": {"PWSID": "NC0286010", "PWS_Name": "MOUNT AIRY, CITY OF", "Primacy_Agency": "NC", "Population_Served_Count": 10314, "Service_Connections_Count": 6500, "Service_Area_Type": "Residential Area", "Verification_Status": "Verified\u00a0", "Area_SqKM": 25.94630183932138}, "geometry": {"type": "Point", "coordinates": [-80.61408295307037, 36.50097251430433]}}, {"type": "Feature", "properties": {"PWSID": "NC0286030", "PWS_Name": "DOBSON, TOWN OF", "Primacy_Agency": "NC", "Population_Served_Count": 2615, "Service_Connections_Count": 1082, "Service_Area_Type": "Residential Area", "Verification_Status": "Verified\u00a0", "Area_SqKM": 9.753804645206808}, "geometry": {"type": "Point", "coordinates": [-80.71924268715155, 36.397390156676295]}}, {"type": "Feature", "properties": {"PWSID": "NC0286175", "PWS_Name": "ORCHARD VIEW PARK", "Primacy_Agency": "NC", "Population_Served_Count": 109, "Service_Connections_Count": 43, "Service_Area_Type": "Residential Area", "Verification_Status": "", "Area_SqKM": 0.22797761069754935}, "geometry": {"type": "Point", "coordinates": [-80.57273957602011, 36.50944053595945]}}, {"type": "Feature", "properties": {"PWSID": "NC0299111", "PWS_Name": "RIVERPOINTE S/D", "Primacy_Agency": "NC", "Population_Served_Count": 74, "Service_Connections_Count": 29, "Service_Area_Type": "Residential Area", "Verification_Status": "", "Area_SqKM": 0.9622822147321761}, "geometry": {"type": "Point", "coordinates": [-80.44553923286603, 36.142184447416696]}}, {"type": "Feature", "properties": {"PWSID": "NC0234124", "PWS_Name": "GRANDVIEW WATER SYSTEM", "Primacy_Agency": "NC", "Population_Served_Count": 198, "Service_Connections_Count": 78, "Service_Area_Type": "Subdivision", "Verification_Status": "", "Area_SqKM": 0.3091643557827159}, "geometry": {"type": "Point", "coordinates": [-80.06694526670495, 35.93644252081916]}}, {"type": "Feature", "properties": {"PWSID": "NC0234010", "PWS_Name": "WINSTON-SALEM, CITY OF", "Primacy_Agency": "NC", "Population_Served_Count": 388060, "Service_Connections_Count": 148212, "Service_Area_Type": "Residential Area", "Verification_Status": "Verified\u00a0", "Area_SqKM": 794.4054561107656}, "geometry": {"type": "Point", "coordinates": [-80.1971498280836, 36.19671894433509]}}, {"type": "Feature", "properties": {"PWSID": "NC0286158", "PWS_Name": "BROOKDALE S/D", "Primacy_Agency": "NC", "Population_Served_Count": 46, "Service_Connections_Count": 18, "Service_Area_Type": "Subdivision", "Verification_Status": "", "Area_SqKM": 0.26266213896407226}, "geometry": {"type": "Point", "coordinates": [-80.6147013111185, 36.54716530185664]}}, {"type": "Feature", "properties": {"PWSID": "NC0363124", "PWS_Name": "CIRCLE H MHP", "Primacy_Agency": "NC", "Population_Served_Count": 68, "Service_Connections_Count": 27, "Service_Area_Type": "Mobile Home Park - Principal Residence", "Verification_Status": "", "Area_SqKM": 0.06510877655517594}, "geometry": {"type": "Point", "coordinates": [-79.42995546656879, 35.087938566593415]}}, {"type": "Feature", "properties": {"PWSID": "NC0363035", "PWS_Name": "TAYLORTOWN, TOWN OF", "Primacy_Agency": "NC", "Population_Served_Count": 904, "Service_Connections_Count": 350, "Service_Area_Type": "Residential Area", "Verification_Status": "Verified\u00a0", "Area_SqKM": 3.0836114873470732}, "geometry": {"type": "Point", "coordinates": [-79.49149809989052, 35.216775885757336]}}, {"type": "Feature", "properties": {"PWSID": "NC0363103", "PWS_Name": "MOORE CO PUBLIC UTIL-HYLAND SD", "Primacy_Agency": "NC", "Population_Served_Count": 340, "Service_Connections_Count": 136, "Service_Area_Type": "Residential Area", "Verification_Status": "Verified\u00a0", "Area_SqKM": 0.8022346652515253}, "geometry": {"type": "Point", "coordinates": [-79.34999613000153, 35.20821136991576]}}, {"type": "Feature", "properties": {"PWSID": "NC0353123", "PWS_Name": "QUAIL RIDGE WATER SYSTEM", "Primacy_Agency": "NC", "Population_Served_Count": 465, "Service_Connections_Count": 178, "Service_Area_Type": "Residential Area", "Verification_Status": "", "Area_SqKM": 5.070967646451416}, "geometry": {"type": "Point", "coordinates": [-79.22536210228694, 35.404860050395406]}}, {"type": "Feature", "properties": {"PWSID": "NC0363408", "PWS_Name": "SUNSET DRIVE MHP", "Primacy_Agency": "NC", "Population_Served_Count": 81, "Service_Connections_Count": 32, "Service_Area_Type": "Mobile Home Park - Principal Residence", "Verification_Status": "", "Area_SqKM": 0.8902393562267474}, "geometry": {"type": "Point", "coordinates": [-79.59771800837417, 35.41628695180222]}}, {"type": "Feature", "properties": {"PWSID": "NC5063011", "PWS_Name": "EAST MOORE WATER DISTRICT", "Primacy_Agency": "NC", "Population_Served_Count": 8842, "Service_Connections_Count": 3537, "Service_Area_Type": "Municipality", "Verification_Status": "Verified\u00a0", "Area_SqKM": 566.8852781673473}, "geometry": {"type": "Point", "coordinates": [-79.29563920867058, 35.23684298570237]}}, {"type": "Feature", "properties": {"PWSID": "NC0363040", "PWS_Name": "CAMERON, TOWN OF", "Primacy_Agency": "NC", "Population_Served_Count": 490, "Service_Connections_Count": 200, "Service_Area_Type": "Residential Area", "Verification_Status": "Verified\u00a0", "Area_SqKM": 3.3022364913039093}, "geometry": {"type": "Point", "coordinates": [-79.26247280196105, 35.32456377404763]}}, {"type": "Feature", "properties": {"PWSID": "NC0363155", "PWS_Name": "MOORE CO PUBLIC UTIL-ROBBINS", "Primacy_Agency": "NC", "Population_Served_Count": 65, "Service_Connections_Count": 23, "Service_Area_Type": "Residential Area", "Verification_Status": "Verified\u00a0", "Area_SqKM": 0.5984637113797125}, "geometry": {"type": "Point", "coordinates": [-79.60114134450177, 35.45272092216678]}}, {"type": "Feature", "properties": {"PWSID": "NC0363151", "PWS_Name": "OAKWOOD HILLS WATER SYSTEM", "Primacy_Agency": "NC", "Population_Served_Count": 165, "Service_Connections_Count": 65, "Service_Area_Type": "Residential Area", "Verification_Status": "", "Area_SqKM": 15.252874767547612}, "geometry": {"type": "Point", "coordinates": [-79.48712841383124, 35.057572706879554]}}, {"type": "Feature", "properties": {"PWSID": "NC0363030", "PWS_Name": "PINEBLUFF, TOWN OF", "Primacy_Agency": "NC", "Population_Served_Count": 2054, "Service_Connections_Count": 809, "Service_Area_Type": "Residential Area", "Verification_Status": "Verified\u00a0", "Area_SqKM": 8.408493478316563}, "geometry": {"type": "Point", "coordinates": [-79.47256342042597, 35.10020248368744]}}, {"type": "Feature", "properties": {"PWSID": "NC0363115", "PWS_Name": "SHERWOOD PARK S/D", "Primacy_Agency": "NC", "Population_Served_Count": 248, "Service_Connections_Count": 99, "Service_Area_Type": "Residential Area", "Verification_Status": "", "Area_SqKM": 0.007737363357468539}, "geometry": {"type": "Point", "coordinates": [-79.56632789993239, 35.19201145566123]}}, {"type": "Feature", "properties": {"PWSID": "NC0363010", "PWS_Name": "SOUTHERN PINES, TOWN OF", "Primacy_Agency": "NC", "Population_Served_Count": 24102, "Service_Connections_Count": 9641, "Service_Area_Type": "Residential Area", "Verification_Status": "Verified\u00a0", "Area_SqKM": 62.47193981131249}, "geometry": {"type": "Point", "coordinates": [-79.4122233082536, 35.192178659572974]}}, {"type": "Feature", "properties": {"PWSID": "NC0363108", "PWS_Name": "MOORE CO PUBLIC UTIL-PINEHURST", "Primacy_Agency": "NC", "Population_Served_Count": 30377, "Service_Connections_Count": 12151, "Service_Area_Type": "Residential Area", "Verification_Status": "Verified\u00a0", "Area_SqKM": 39.80719905561202}, "geometry": {"type": "Point", "coordinates": [-79.48292418258733, 35.20349019759249]}}, {"type": "Feature", "properties": {"PWSID": "NC0363020", "PWS_Name": "ABERDEEN, TOWN OF", "Primacy_Agency": "NC", "Population_Served_Count": 12473, "Service_Connections_Count": 4989, "Service_Area_Type": "Residential Area", "Verification_Status": "Verified\u00a0", "Area_SqKM": 24.50152547933987}, "geometry": {"type": "Point", "coordinates": [-79.43753523760414, 35.14948773889186]}}, {"type": "Feature", "properties": {"PWSID": "NC0363045", "PWS_Name": "MOORE CO PUBLIC UTIL-VASS", "Primacy_Agency": "NC", "Population_Served_Count": 1862, "Service_Connections_Count": 745, "Service_Area_Type": "Residential Area", "Verification_Status": "Verified\u00a0", "Area_SqKM": 8.531178859486467}, "geometry": {"type": "Point", "coordinates": [-79.28868414903444, 35.250865674538865]}}, {"type": "Feature", "properties": {"PWSID": "NC0353122", "PWS_Name": "PINE VILLAGE MHC LLC", "Primacy_Agency": "NC", "Population_Served_Count": 411, "Service_Connections_Count": 162, "Service_Area_Type": "Mobile Home Park - Principal Residence", "Verification_Status": "", "Area_SqKM": 0.49549139280431637}, "geometry": {"type": "Point", "coordinates": [-79.2224769304272, 35.452013298184916]}}, {"type": "Feature", "properties": {"PWSID": "NC0362562", "PWS_Name": "ECKERD CANDOR", "Primacy_Agency": "NC", "Population_Served_Count": 92, "Service_Connections_Count": 10, "Service_Area_Type": "Recreation Area", "Verification_Status": "", "Area_SqKM": 2.7529501630823687}, "geometry": {"type": "Point", "coordinates": [-79.60820783653337, 35.25490157163925]}}, {"type": "Feature", "properties": {"PWSID": "NC0363129", "PWS_Name": "LINDEN VILLAS WTR SYSTEM", "Primacy_Agency": "NC", "Population_Served_Count": 44, "Service_Connections_Count": 22, "Service_Area_Type": "Residential Area", "Verification_Status": "", "Area_SqKM": 1.936321416395526}, "geometry": {"type": "Point", "coordinates": [-79.56664643287218, 35.26463042557359]}}, {"type": "Feature", "properties": {"PWSID": "NC5043001", "PWS_Name": "FORT BRAGG LINDEN OAKS", "Primacy_Agency": "NC", "Population_Served_Count": 3733, "Service_Connections_Count": 1470, "Service_Area_Type": "Residential Area", "Verification_Status": "", "Area_SqKM": 2.418059558492113}, "geometry": {"type": "Point", "coordinates": [-79.26005139491164, 35.32262942566597]}}, {"type": "Feature", "properties": {"PWSID": "NC5063024", "PWS_Name": "MOORE CO PUBLIC UTIL-HIDDEN LAKES S/D", "Primacy_Agency": "NC", "Population_Served_Count": 165, "Service_Connections_Count": 65, "Service_Area_Type": "Subdivision", "Verification_Status": "", "Area_SqKM": 0.3489403478278914}, "geometry": {"type": "Point", "coordinates": [-79.58821617765622, 35.25790703883594]}}, {"type": "Feature", "properties": {"PWSID": "NC0363025", "PWS_Name": "CARTHAGE, TOWN OF", "Primacy_Agency": "NC", "Population_Served_Count": 4255, "Service_Connections_Count": 1702, "Service_Area_Type": "Residential Area", "Verification_Status": "Verified\u00a0", "Area_SqKM": 12.479858846495533}, "geometry": {"type": "Point", "coordinates": [-79.41728242354063, 35.33514823907122]}}, {"type": "Feature", "properties": {"PWSID": "NC0363112", "PWS_Name": "WHISPERING PINES DEVELOPMENT", "Primacy_Agency": "NC", "Population_Served_Count": 4178, "Service_Connections_Count": 1657, "Service_Area_Type": "Residential Area", "Verification_Status": "Verified\u00a0", "Area_SqKM": 9.452428976565422}, "geometry": {"type": "Point", "coordinates": [-79.36906030850761, 35.253199947554776]}}, {"type": "Feature", "properties": {"PWSID": "NC0118108", "PWS_Name": "KOOL PARK MHP", "Primacy_Agency": "NC", "Population_Served_Count": 70, "Service_Connections_Count": 55, "Service_Area_Type": "Mobile Home Park - Principal Residence", "Verification_Status": "", "Area_SqKM": 0.02048418769792912}, "geometry": {"type": "Point", "coordinates": [-81.27306642039731, 35.76715479588565]}}, {"type": "Feature", "properties": {"PWSID": "NC0118306", "PWS_Name": "COUNTRY VALLEY II MHP", "Primacy_Agency": "NC", "Population_Served_Count": 318, "Service_Connections_Count": 125, "Service_Area_Type": "Mobile Home Park - Principal Residence", "Verification_Status": "", "Area_SqKM": 0.9379202709093329}, "geometry": {"type": "Point", "coordinates": [-81.14532223494683, 35.669075654420475]}}, {"type": "Feature", "properties": {"PWSID": "NC1012017", "PWS_Name": "RHODHISS TOWN OF HENRY ST", "Primacy_Agency": "NC", "Population_Served_Count": 70, "Service_Connections_Count": 25, "Service_Area_Type": "Municipality", "Verification_Status": "", "Area_SqKM": 0.11221639409093094}, "geometry": {"type": "Point", "coordinates": [-81.43436222244436, 35.77811401251459]}}, {"type": "Feature", "properties": {"PWSID": "NC0416167", "PWS_Name": "MANN`S MHP", "Primacy_Agency": "NC", "Population_Served_Count": 40, "Service_Connections_Count": 18, "Service_Area_Type": "Mobile Home Park - Principal Residence", "Verification_Status": "", "Area_SqKM": 0.3027630399023613}, "geometry": {"type": "Point", "coordinates": [-76.87163662502867, 34.809254899874055]}}, {"type": "Feature", "properties": {"PWSID": "NC0416166", "PWS_Name": "ATLANTIC MHP II", "Primacy_Agency": "NC", "Population_Served_Count": 106, "Service_Connections_Count": 46, "Service_Area_Type": "Mobile Home Park - Principal Residence", "Verification_Status": "", "Area_SqKM": 0.06918857657693323}, "geometry": {"type": "Point", "coordinates": [-76.81438231577675, 34.74627418936099]}}, {"type": "Feature", "properties": {"PWSID": "NC0392250", "PWS_Name": "DEERFIELD PARK S/D", "Primacy_Agency": "NC", "Population_Served_Count": 440, "Service_Connections_Count": 173, "Service_Area_Type": "Subdivision", "Verification_Status": "", "Area_SqKM": 0.07115419395200498}, "geometry": {"type": "Point", "coordinates": [-78.81595896309483, 35.62021878958985]}}, {"type": "Feature", "properties": {"PWSID": "NC0392190", "PWS_Name": "SOUTHSIDE MHP", "Primacy_Agency": "NC", "Population_Served_Count": 254, "Service_Connections_Count": 100, "Service_Area_Type": "Mobile Home Park - Principal Residence", "Verification_Status": "", "Area_SqKM": 0.2018196096296222}, "geometry": {"type": "Point", "coordinates": [-78.71164034423255, 35.64979632567825]}}, {"type": "Feature", "properties": {"PWSID": "NC0392179", "PWS_Name": "PLEASANT GROVE MHC", "Primacy_Agency": "NC", "Population_Served_Count": 180, "Service_Connections_Count": 71, "Service_Area_Type": "Mobile Home Park - Principal Residence", "Verification_Status": "", "Area_SqKM": 0.00863681604563765}, "geometry": {"type": "Point", "coordinates": [-78.75106498433901, 35.63284269222508]}}, {"type": "Feature", "properties": {"PWSID": "NC0392177", "PWS_Name": "PINEVIEW ESTATES", "Primacy_Agency": "NC", "Population_Served_Count": 83, "Service_Connections_Count": 33, "Service_Area_Type": "Mobile Home Park - Principal Residence", "Verification_Status": "", "Area_SqKM": 0.06821210382622138}, "geometry": {"type": "Point", "coordinates": [-78.86805405780817, 35.83879337364082]}}, {"type": "Feature", "properties": {"PWSID": "NC0407040", "PWS_Name": "BEAUFORT CO SOUTHSIDE", "Primacy_Agency": "NC", "Population_Served_Count": 9369, "Service_Connections_Count": 4040, "Service_Area_Type": "Residential Area", "Verification_Status": "Verified\u00a0", "Area_SqKM": 850.7189095553596}, "geometry": {"type": "Point", "coordinates": [-76.83828990460943, 35.38400098128441]}}, {"type": "Feature", "properties": {"PWSID": "NC0440106", "PWS_Name": "GREENE CO REGIONAL WATER SYST", "Primacy_Agency": "NC", "Population_Served_Count": 11026, "Service_Connections_Count": 4341, "Service_Area_Type": "Residential Area", "Verification_Status": "Verified\u00a0", "Area_SqKM": 640.6265646668579}, "geometry": {"type": "Point", "coordinates": [-77.57998204427314, 35.46164991902514]}}, {"type": "Feature", "properties": {"PWSID": "NC0496060", "PWS_Name": "FORK TOWNSHIP SANITARY DISTRICT", "Primacy_Agency": "NC", "Population_Served_Count": 9572, "Service_Connections_Count": 4012, "Service_Area_Type": "Sanitary Improvement District", "Verification_Status": "Verified\u00a0", "Area_SqKM": 133.28216289653736}, "geometry": {"type": "Point", "coordinates": [-78.0591133807109, 35.41611767407452]}}, {"type": "Feature", "properties": {"PWSID": "NC0392020", "PWS_Name": "CARY, TOWN OF", "Primacy_Agency": "NC", "Population_Served_Count": 224000, "Service_Connections_Count": 60391, "Service_Area_Type": "Residential Area", "Verification_Status": "Verified\u00a0", "Area_SqKM": 122.33821247231866}, "geometry": {"type": "Point", "coordinates": [-78.82400483946563, 35.79737011566131]}}, {"type": "Feature", "properties": {"PWSID": "NC0392151", "PWS_Name": "LAKEVIEW MOBILE ESTATES", "Primacy_Agency": "NC", "Population_Served_Count": 114, "Service_Connections_Count": 45, "Service_Area_Type": "Mobile Home Park - Principal Residence", "Verification_Status": "", "Area_SqKM": 0.009321915238746127}, "geometry": {"type": "Point", "coordinates": [-78.69341686344096, 35.69945457366193]}}, {"type": "Feature", "properties": {"PWSID": "NC0392149", "PWS_Name": "LAKE WHEELER MHP", "Primacy_Agency": "NC", "Population_Served_Count": 180, "Service_Connections_Count": 70, "Service_Area_Type": "Mobile Home Park - Principal Residence", "Verification_Status": "", "Area_SqKM": 0.03160876546850173}, "geometry": {"type": "Point", "coordinates": [-78.69262581064227, 35.68947488945876]}}, {"type": "Feature", "properties": {"PWSID": "NC0392147", "PWS_Name": "JOHNSON & SON MHP", "Primacy_Agency": "NC", "Population_Served_Count": 102, "Service_Connections_Count": 40, "Service_Area_Type": "Mobile Home Park - Principal Residence", "Verification_Status": "", "Area_SqKM": 0.16044044430722795}, "geometry": {"type": "Point", "coordinates": [-78.66561527333006, 35.71177230665685]}}, {"type": "Feature", "properties": {"PWSID": "NC0407025", "PWS_Name": "CHOCOWINITY WATER SYSTEM", "Primacy_Agency": "NC", "Population_Served_Count": 2565, "Service_Connections_Count": 1306, "Service_Area_Type": "Residential Area", "Verification_Status": "Verified\u00a0", "Area_SqKM": 4.720886122077235}, "geometry": {"type": "Point", "coordinates": [-77.08552350417949, 35.508486127295676]}}, {"type": "Feature", "properties": {"PWSID": "NC0351050", "PWS_Name": "PRINCETON, TOWN OF", "Primacy_Agency": "NC", "Population_Served_Count": 1326, "Service_Connections_Count": 655, "Service_Area_Type": "Municipality", "Verification_Status": "Verified\u00a0", "Area_SqKM": 2.0083820023900985}, "geometry": {"type": "Point", "coordinates": [-78.1579189714559, 35.46522187777491]}}, {"type": "Feature", "properties": {"PWSID": "NC0498025", "PWS_Name": "STANTONSBURG, TOWN OF", "Primacy_Agency": "NC", "Population_Served_Count": 1393, "Service_Connections_Count": 557, "Service_Area_Type": "Residential Area", "Verification_Status": "Verified\u00a0", "Area_SqKM": 1.9460452251404798}, "geometry": {"type": "Point", "coordinates": [-77.8349116204031, 35.60925723177371]}}, {"type": "Feature", "properties": {"PWSID": "NC0496030", "PWS_Name": "PIKEVILLE, TOWN OF", "Primacy_Agency": "NC", "Population_Served_Count": 896, "Service_Connections_Count": 510, "Service_Area_Type": "Residential Area", "Verification_Status": "Verified\u00a0", "Area_SqKM": 1.3767766674287159}, "geometry": {"type": "Point", "coordinates": [-77.98757089354125, 35.498647846564765]}}, {"type": "Feature", "properties": {"PWSID": "NC0353127", "PWS_Name": "FARM WATER WORKS", "Primacy_Agency": "NC", "Population_Served_Count": 167, "Service_Connections_Count": 76, "Service_Area_Type": "Subdivision", "Verification_Status": "", "Area_SqKM": 0.2172209834772941}, "geometry": {"type": "Point", "coordinates": [-79.25851941109802, 35.48790500005113]}}, {"type": "Feature", "properties": {"PWSID": "NC0353101", "PWS_Name": "CAROLINA TRACE WATER SYSTEM", "Primacy_Agency": "NC", "Population_Served_Count": 4270, "Service_Connections_Count": 1681, "Service_Area_Type": "Residential Area", "Verification_Status": "", "Area_SqKM": 0.3007600461499955}, "geometry": {"type": "Point", "coordinates": [-79.08062714445387, 35.56871144437756]}}, {"type": "Feature", "properties": {"PWSID": "NC0407015", "PWS_Name": "BELHAVEN WATER SYSTEM", "Primacy_Agency": "NC", "Population_Served_Count": 1960, "Service_Connections_Count": 960, "Service_Area_Type": "Residential Area", "Verification_Status": "Verified\u00a0", "Area_SqKM": 4.025482611932352}, "geometry": {"type": "Point", "coordinates": [-76.62129297977769, 35.543866197378044]}}, {"type": "Feature", "properties": {"PWSID": "NC0407020", "PWS_Name": "AURORA WATER SYSTEM", "Primacy_Agency": "NC", "Population_Served_Count": 805, "Service_Connections_Count": 317, "Service_Area_Type": "Residential Area", "Verification_Status": "Verified\u00a0", "Area_SqKM": 2.7355626832281046}, "geometry": {"type": "Point", "coordinates": [-76.79246402796183, 35.30352841619942]}}, {"type": "Feature", "properties": {"PWSID": "NC0382035", "PWS_Name": "NEWTON GROVE, TOWN OF", "Primacy_Agency": "NC", "Population_Served_Count": 913, "Service_Connections_Count": 365, "Service_Area_Type": "Residential Area", "Verification_Status": "Verified\u00a0", "Area_SqKM": 9.858979668678225}, "geometry": {"type": "Point", "coordinates": [-78.35708173684144, 35.25017911050753]}}, {"type": "Feature", "properties": {"PWSID": "NC0425010", "PWS_Name": "NEW BERN, CITY OF", "Primacy_Agency": "NC", "Population_Served_Count": 37884, "Service_Connections_Count": 19082, "Service_Area_Type": "Residential Area", "Verification_Status": "Verified\u00a0", "Area_SqKM": 87.6423535764898}, "geometry": {"type": "Point", "coordinates": [-77.08707912913233, 35.110975426321374]}}, {"type": "Feature", "properties": {"PWSID": "NC0425040", "PWS_Name": "FIRST CRAVEN SANITARY DISTRICT", "Primacy_Agency": "NC", "Population_Served_Count": 6325, "Service_Connections_Count": 2640, "Service_Area_Type": "Residential Area", "Verification_Status": "Verified\u00a0", "Area_SqKM": 117.11565939063328}, "geometry": {"type": "Point", "coordinates": [-77.02502334994499, 35.153776636790475]}}, {"type": "Feature", "properties": {"PWSID": "NC0454030", "PWS_Name": "DEEP RUN WATER CORPORATION", "Primacy_Agency": "NC", "Population_Served_Count": 14196, "Service_Connections_Count": 5589, "Service_Area_Type": "Residential Area", "Verification_Status": "Verified\u00a0", "Area_SqKM": 488.6576286892942}, "geometry": {"type": "Point", "coordinates": [-77.66210744540105, 35.157517681850834]}}, {"type": "Feature", "properties": {"PWSID": "NC0469025", "PWS_Name": "PAMLICO COUNTY WATER", "Primacy_Agency": "NC", "Population_Served_Count": 19665, "Service_Connections_Count": 7742, "Service_Area_Type": "Residential Area", "Verification_Status": "Verified\u00a0", "Area_SqKM": 878.632061818969}, "geometry": {"type": "Point", "coordinates": [-76.63815930016933, 35.16182719630939]}}, {"type": "Feature", "properties": {"PWSID": "NC0425055", "PWS_Name": "CRAVEN COUNTY WATER SYSTEM", "Primacy_Agency": "NC", "Population_Served_Count": 37848, "Service_Connections_Count": 14901, "Service_Area_Type": "Residential Area", "Verification_Status": "Verified\u00a0", "Area_SqKM": 1615.9926912352532}, "geometry": {"type": "Point", "coordinates": [-76.99648950858, 35.06674053009818]}}, {"type": "Feature", "properties": {"PWSID": "NC0286134", "PWS_Name": "BAILEY MHP  NO 1", "Primacy_Agency": "NC", "Population_Served_Count": 94, "Service_Connections_Count": 37, "Service_Area_Type": "Mobile Home Park - Principal Residence", "Verification_Status": "", "Area_SqKM": 0.006949642293950098}, "geometry": {"type": "Point", "coordinates": [-80.4446182996833, 36.4656405600242]}}, {"type": "Feature", "properties": {"PWSID": "NC0326050", "PWS_Name": "GODWIN, TOWN OF", "Primacy_Agency": "NC", "Population_Served_Count": 390, "Service_Connections_Count": 156, "Service_Area_Type": "Residential Area", "Verification_Status": "Verified\u00a0", "Area_SqKM": 3.854103928501678}, "geometry": {"type": "Point", "coordinates": [-78.66907769115528, 35.22259357942176]}}, {"type": "Feature", "properties": {"PWSID": "NC0326040", "PWS_Name": "WADE, TOWN OF", "Primacy_Agency": "NC", "Population_Served_Count": 780, "Service_Connections_Count": 312, "Service_Area_Type": "Residential Area", "Verification_Status": "Verified\u00a0", "Area_SqKM": 4.451120260689966}, "geometry": {"type": "Point", "coordinates": [-78.73680471965764, 35.15813284755479]}}, {"type": "Feature", "properties": {"PWSID": "NC0326045", "PWS_Name": "LINDEN, TOWN OF", "Primacy_Agency": "NC", "Population_Served_Count": 2077, "Service_Connections_Count": 818, "Service_Area_Type": "Residential Area", "Verification_Status": "Verified\u00a0", "Area_SqKM": 5.0880064301753425}, "geometry": {"type": "Point", "coordinates": [-78.79275034938684, 35.2439719723009]}}, {"type": "Feature", "properties": {"PWSID": "NC0454127", "PWS_Name": "JACKSON HEIGHTS MHP", "Primacy_Agency": "NC", "Population_Served_Count": 107, "Service_Connections_Count": 42, "Service_Area_Type": "Mobile Home Park - Principal Residence", "Verification_Status": "", "Area_SqKM": 0.048312911909960066}, "geometry": {"type": "Point", "coordinates": [-77.63637740409561, 35.21724395833984]}}, {"type": "Feature", "properties": {"PWSID": "NC0425132", "PWS_Name": "FAIRFIELD HARBOUR", "Primacy_Agency": "NC", "Population_Served_Count": 5514, "Service_Connections_Count": 2171, "Service_Area_Type": "Residential Area", "Verification_Status": "", "Area_SqKM": 23.67848001630619}, "geometry": {"type": "Point", "coordinates": [-76.95855056900392, 35.092743525397154]}}, {"type": "Feature", "properties": {"PWSID": "NC0343104", "PWS_Name": "SHADY GROVE MHP", "Primacy_Agency": "NC", "Population_Served_Count": 241, "Service_Connections_Count": 95, "Service_Area_Type": "Mobile Home Park - Principal Residence", "Verification_Status": "", "Area_SqKM": 0.05445998788633284}, "geometry": {"type": "Point", "coordinates": [-78.92809979996996, 35.22635975829145]}}, {"type": "Feature", "properties": {"PWSID": "NC0425113", "PWS_Name": "TOWN OF RIVER BEND", "Primacy_Agency": "NC", "Population_Served_Count": 2846, "Service_Connections_Count": 1430, "Service_Area_Type": "Residential Area", "Verification_Status": "Verified\u00a0", "Area_SqKM": 5.862144623404524}, "geometry": {"type": "Point", "coordinates": [-77.1434722671383, 35.07038681569145]}}, {"type": "Feature", "properties": {"PWSID": "NC0276153", "PWS_Name": "RIMMER`S MHP", "Primacy_Agency": "NC", "Population_Served_Count": 63, "Service_Connections_Count": 25, "Service_Area_Type": "Mobile Home Park - Principal Residence", "Verification_Status": "", "Area_SqKM": 2.284217541544674}, "geometry": {"type": "Point", "coordinates": [-79.96701459280462, 35.88539623431339]}}, {"type": "Feature", "properties": {"PWSID": "NC0279163", "PWS_Name": "PLEASANT RIDGE MHP", "Primacy_Agency": "NC", "Population_Served_Count": 269, "Service_Connections_Count": 45, "Service_Area_Type": "Mobile Home Park - Principal Residence", "Verification_Status": "", "Area_SqKM": 0.03949377625585845}, "geometry": {"type": "Point", "coordinates": [-79.60470061991565, 36.27080289993079]}}, {"type": "Feature", "properties": {"PWSID": "NC0279410", "PWS_Name": "JACOB`S CRK NURSING AND REHAB CENTER", "Primacy_Agency": "NC", "Population_Served_Count": 235, "Service_Connections_Count": 1, "Service_Area_Type": "Residential Area", "Verification_Status": "", "Area_SqKM": 0.2746316569385906}, "geometry": {"type": "Point", "coordinates": [-79.89083455812793, 36.407036688404816]}}, {"type": "Feature", "properties": {"PWSID": "NC0279156", "PWS_Name": "WILLOW OAKS MHP", "Primacy_Agency": "NC", "Population_Served_Count": 135, "Service_Connections_Count": 54, "Service_Area_Type": "Mobile Home Park - Principal Residence", "Verification_Status": "", "Area_SqKM": 0.211761133627233}, "geometry": {"type": "Point", "coordinates": [-79.60003903094952, 36.275876813417035]}}, {"type": "Feature", "properties": {"PWSID": "NC0276104", "PWS_Name": "BUSY-B MHP", "Primacy_Agency": "NC", "Population_Served_Count": 83, "Service_Connections_Count": 33, "Service_Area_Type": "Mobile Home Park - Principal Residence", "Verification_Status": "", "Area_SqKM": 0.09382205662572325}, "geometry": {"type": "Point", "coordinates": [-79.77879343332953, 35.86066119999898]}}, {"type": "Feature", "properties": {"PWSID": "NC0241216", "PWS_Name": "ROCK CREEK MH VILLAGE  NO 2", "Primacy_Agency": "NC", "Population_Served_Count": 305, "Service_Connections_Count": 120, "Service_Area_Type": "Mobile Home Park - Principal Residence", "Verification_Status": "", "Area_SqKM": 0.09248745060756194}, "geometry": {"type": "Point", "coordinates": [-79.61478776037954, 36.0484613999149]}}, {"type": "Feature", "properties": {"PWSID": "NC0241150", "PWS_Name": "ALAMANCE MHP LLC", "Primacy_Agency": "NC", "Population_Served_Count": 66, "Service_Connections_Count": 26, "Service_Area_Type": "Mobile Home Park - Principal Residence", "Verification_Status": "", "Area_SqKM": 0.053692453909245305}, "geometry": {"type": "Point", "coordinates": [-79.74626121660636, 36.027258516644686]}}, {"type": "Feature", "properties": {"PWSID": "NC0276449", "PWS_Name": "BRENNAN PLACE MHP", "Primacy_Agency": "NC", "Population_Served_Count": 48, "Service_Connections_Count": 19, "Service_Area_Type": "Mobile Home Park - Principal Residence", "Verification_Status": "", "Area_SqKM": 0.053427002192701814}, "geometry": {"type": "Point", "coordinates": [-79.79834143743008, 35.85439744988555]}}, {"type": "Feature", "properties": {"PWSID": "NC0279692", "PWS_Name": "GIDEON GROVE TP  NO 1", "Primacy_Agency": "NC", "Population_Served_Count": 71, "Service_Connections_Count": 35, "Service_Area_Type": "Mobile Home Park - Principal Residence", "Verification_Status": "", "Area_SqKM": 0.04711498432246456}, "geometry": {"type": "Point", "coordinates": [-79.98349771827772, 36.25713878175299]}}, {"type": "Feature", "properties": {"PWSID": "NC0276113", "PWS_Name": "DAVIS MHP", "Primacy_Agency": "NC", "Population_Served_Count": 74, "Service_Connections_Count": 29, "Service_Area_Type": "Mobile Home Park - Principal Residence", "Verification_Status": "", "Area_SqKM": 0.03237914813287604}, "geometry": {"type": "Point", "coordinates": [-79.8069467797711, 35.88186559005171]}}, {"type": "Feature", "properties": {"PWSID": "NC0241145", "PWS_Name": "WARD`S MHP", "Primacy_Agency": "NC", "Population_Served_Count": 41, "Service_Connections_Count": 16, "Service_Area_Type": "Mobile Home Park - Principal Residence", "Verification_Status": "", "Area_SqKM": 0.029515903381083498}, "geometry": {"type": "Point", "coordinates": [-79.81024128037818, 35.94340801973542]}}, {"type": "Feature", "properties": {"PWSID": "NC0201112", "PWS_Name": "FOREST VALLEY MHP", "Primacy_Agency": "NC", "Population_Served_Count": 99, "Service_Connections_Count": 39, "Service_Area_Type": "Mobile Home Park - Principal Residence", "Verification_Status": "", "Area_SqKM": 0.06073879981229765}, "geometry": {"type": "Point", "coordinates": [-79.44541875711117, 36.04495632854235]}}, {"type": "Feature", "properties": {"PWSID": "NC4392186", "PWS_Name": "WILLOW HILLS S/D", "Primacy_Agency": "NC", "Population_Served_Count": 102, "Service_Connections_Count": 40, "Service_Area_Type": "Mobile Home Park - Principal Residence", "Verification_Status": "", "Area_SqKM": 0.06909902238253227}, "geometry": {"type": "Point", "coordinates": [-78.66269791425528, 35.585943342744265]}}, {"type": "Feature", "properties": {"PWSID": "NC5043002", "PWS_Name": "LILLINGTON WATER SYSTEM-RIVERBLUFF", "Primacy_Agency": "NC", "Population_Served_Count": 93, "Service_Connections_Count": 37, "Service_Area_Type": "Residential Area", "Verification_Status": "", "Area_SqKM": 1.387163881186264}, "geometry": {"type": "Point", "coordinates": [-78.8022484904696, 35.43998302923663]}}, {"type": "Feature", "properties": {"PWSID": "NC5043003", "PWS_Name": "LILLINGTON WATER SYSTEM - VANDERCROFT", "Primacy_Agency": "NC", "Population_Served_Count": 595, "Service_Connections_Count": 238, "Service_Area_Type": "Residential Area", "Verification_Status": "", "Area_SqKM": 0.08597110534461626}, "geometry": {"type": "Point", "coordinates": [-78.73652411732044, 35.402729172512664]}}, {"type": "Feature", "properties": {"PWSID": "NC5082022", "PWS_Name": "SAMPSON CO WTR DIST II - PLAINVIEW", "Primacy_Agency": "NC", "Population_Served_Count": 343, "Service_Connections_Count": 137, "Service_Area_Type": "Residential Area", "Verification_Status": "", "Area_SqKM": 0.004294895102411258}, "geometry": {"type": "Point", "coordinates": [-78.60109574296314, 35.28779057136417]}}, {"type": "Feature", "properties": {"PWSID": "NC0276020", "PWS_Name": "RAMSEUR, TOWN OF", "Primacy_Agency": "NC", "Population_Served_Count": 2893, "Service_Connections_Count": 1366, "Service_Area_Type": "Residential Area", "Verification_Status": "Verified\u00a0", "Area_SqKM": 7.704760064511747}, "geometry": {"type": "Point", "coordinates": [-79.65168762952482, 35.73410345902925]}}, {"type": "Feature", "properties": {"PWSID": "NC0351025", "PWS_Name": "BENSON, TOWN OF", "Primacy_Agency": "NC", "Population_Served_Count": 4293, "Service_Connections_Count": 1685, "Service_Area_Type": "Municipality", "Verification_Status": "Verified\u00a0", "Area_SqKM": 7.27361308971045}, "geometry": {"type": "Point", "coordinates": [-78.5467679972095, 35.39036497571808]}}, {"type": "Feature", "properties": {"PWSID": "NC0353015", "PWS_Name": "BROADWAY, TOWN OF", "Primacy_Agency": "NC", "Population_Served_Count": 1783, "Service_Connections_Count": 702, "Service_Area_Type": "Municipality", "Verification_Status": "Verified\u00a0", "Area_SqKM": 3.741625426596345}, "geometry": {"type": "Point", "coordinates": [-79.0581089748936, 35.46221477486735]}}, {"type": "Feature", "properties": {"PWSID": "NC0276035", "PWS_Name": "FRANKLINVILLE, TOWN OF", "Primacy_Agency": "NC", "Population_Served_Count": 1400, "Service_Connections_Count": 600, "Service_Area_Type": "Residential Area", "Verification_Status": "Verified\u00a0", "Area_SqKM": 2.9212456463203424}, "geometry": {"type": "Point", "coordinates": [-79.69052965193794, 35.74702858621889]}}, {"type": "Feature", "properties": {"PWSID": "NC0407035", "PWS_Name": "BEAUFORT CO NORTHSIDE REGIONAL WATER", "Primacy_Agency": "NC", "Population_Served_Count": 22405, "Service_Connections_Count": 9650, "Service_Area_Type": "Residential Area", "Verification_Status": "Verified\u00a0", "Area_SqKM": 1240.7376048827482}, "geometry": {"type": "Point", "coordinates": [-76.7730375163493, 35.515026997041026]}}, {"type": "Feature", "properties": {"PWSID": "NC0496065", "PWS_Name": "WAYNE WATER DISTRICTS", "Primacy_Agency": "NC", "Population_Served_Count": 39403, "Service_Connections_Count": 16149, "Service_Area_Type": "Residential Area", "Verification_Status": "Verified\u00a0", "Area_SqKM": 1142.6101630002402}, "geometry": {"type": "Point", "coordinates": [-78.01545443933179, 35.35788601635306]}}, {"type": "Feature", "properties": {"PWSID": "NC0440105", "PWS_Name": "SOUTH GREENE WTR CORP", "Primacy_Agency": "NC", "Population_Served_Count": 2634, "Service_Connections_Count": 1037, "Service_Area_Type": "Residential Area", "Verification_Status": "Verified\u00a0", "Area_SqKM": 37.938241201969966}, "geometry": {"type": "Point", "coordinates": [-77.68419637822831, 35.45957524363599]}}, {"type": "Feature", "properties": {"PWSID": "NC0407010", "PWS_Name": "WASHINGTON, CITY OF", "Primacy_Agency": "NC", "Population_Served_Count": 13000, "Service_Connections_Count": 5373, "Service_Area_Type": "Residential Area", "Verification_Status": "Verified\u00a0", "Area_SqKM": 35.90090583833701}, "geometry": {"type": "Point", "coordinates": [-76.99998872463965, 35.542132432271536]}}, {"type": "Feature", "properties": {"PWSID": "NC0351010", "PWS_Name": "SMITHFIELD, TOWN OF", "Primacy_Agency": "NC", "Population_Served_Count": 12900, "Service_Connections_Count": 3973, "Service_Area_Type": "Municipality", "Verification_Status": "Verified\u00a0", "Area_SqKM": 30.40083668370474}, "geometry": {"type": "Point", "coordinates": [-78.34892524089479, 35.51478821669466]}}, {"type": "Feature", "properties": {"PWSID": "NC0474040", "PWS_Name": "WINTERVILLE, TOWN OF", "Primacy_Agency": "NC", "Population_Served_Count": 10462, "Service_Connections_Count": 4323, "Service_Area_Type": "Municipality", "Verification_Status": "Verified\u00a0", "Area_SqKM": 9.296600760452568}, "geometry": {"type": "Point", "coordinates": [-77.39212911593935, 35.530030839651154]}}, {"type": "Feature", "properties": {"PWSID": "NC0474025", "PWS_Name": "AYDEN TOWN OF", "Primacy_Agency": "NC", "Population_Served_Count": 6366, "Service_Connections_Count": 2817, "Service_Area_Type": "Residential Area", "Verification_Status": "Verified\u00a0", "Area_SqKM": 7.504851680625662}, "geometry": {"type": "Point", "coordinates": [-77.4202331968734, 35.46678436533288]}}, {"type": "Feature", "properties": {"PWSID": "NC0440030", "PWS_Name": "WALSTONBURG, TOWN OF", "Primacy_Agency": "NC", "Population_Served_Count": 240, "Service_Connections_Count": 117, "Service_Area_Type": "Residential Area", "Verification_Status": "Verified\u00a0", "Area_SqKM": 1.236322811357292}, "geometry": {"type": "Point", "coordinates": [-77.69632672109401, 35.59858941207744]}}, {"type": "Feature", "properties": {"PWSID": "NC0351045", "PWS_Name": "MICRO, TOWN OF", "Primacy_Agency": "NC", "Population_Served_Count": 470, "Service_Connections_Count": 326, "Service_Area_Type": "Residential Area", "Verification_Status": "Verified\u00a0", "Area_SqKM": 1.0373089578282106}, "geometry": {"type": "Point", "coordinates": [-78.20303661242906, 35.56282859588503]}}, {"type": "Feature", "properties": {"PWSID": "NC0407030", "PWS_Name": "BATH WATER SYSTEM", "Primacy_Agency": "NC", "Population_Served_Count": 290, "Service_Connections_Count": 208, "Service_Area_Type": "Residential Area", "Verification_Status": "Verified\u00a0", "Area_SqKM": 1.0087719131890074}, "geometry": {"type": "Point", "coordinates": [-76.80881265011924, 35.47541668334618]}}, {"type": "Feature", "properties": {"PWSID": "NC0440020", "PWS_Name": "HOOKERTON, TOWN OF", "Primacy_Agency": "NC", "Population_Served_Count": 409, "Service_Connections_Count": 273, "Service_Area_Type": "Residential Area", "Verification_Status": "Verified\u00a0", "Area_SqKM": 1.0011569828721005}, "geometry": {"type": "Point", "coordinates": [-77.5903893441899, 35.419904423652895]}}, {"type": "Feature", "properties": {"PWSID": "NC0234191", "PWS_Name": "ABINGTON S/D", "Primacy_Agency": "NC", "Population_Served_Count": 1506, "Service_Connections_Count": 593, "Service_Area_Type": "Subdivision", "Verification_Status": "", "Area_SqKM": 0.10233762592996914}, "geometry": {"type": "Point", "coordinates": [-80.16045237260883, 36.19976769091893]}}, {"type": "Feature", "properties": {"PWSID": "NC0285015", "PWS_Name": "WALNUT COVE, TOWN OF", "Primacy_Agency": "NC", "Population_Served_Count": 2210, "Service_Connections_Count": 870, "Service_Area_Type": "Residential Area", "Verification_Status": "Verified\u00a0", "Area_SqKM": 11.760973571202832}, "geometry": {"type": "Point", "coordinates": [-80.1373034940963, 36.300996885292804]}}, {"type": "Feature", "properties": {"PWSID": "NC0286025", "PWS_Name": "PILOT MOUNTAIN, TOWN OF", "Primacy_Agency": "NC", "Population_Served_Count": 1976, "Service_Connections_Count": 1100, "Service_Area_Type": "Residential Area", "Verification_Status": "Verified\u00a0", "Area_SqKM": 8.048363233766624}, "geometry": {"type": "Point", "coordinates": [-80.47509777633037, 36.38051320782674]}}, {"type": "Feature", "properties": {"PWSID": "NC0201126", "PWS_Name": "ROBBEN MH COURT", "Primacy_Agency": "NC", "Population_Served_Count": 75, "Service_Connections_Count": 27, "Service_Area_Type": "Mobile Home Park - Principal Residence", "Verification_Status": "", "Area_SqKM": 0.06737142935786128}, "geometry": {"type": "Point", "coordinates": [-79.53192301318632, 36.08024668498718]}}, {"type": "Feature", "properties": {"PWSID": "NC0201130", "PWS_Name": "SAXAPAHAW UTILITY COMPANY", "Primacy_Agency": "NC", "Population_Served_Count": 994, "Service_Connections_Count": 200, "Service_Area_Type": "Residential Area", "Verification_Status": "", "Area_SqKM": 0.30857002793349303}, "geometry": {"type": "Point", "coordinates": [-79.30561141287174, 35.94861146559392]}}, {"type": "Feature", "properties": {"PWSID": "NC0201141", "PWS_Name": "HOLLY TREE VILLAGE", "Primacy_Agency": "NC", "Population_Served_Count": 198, "Service_Connections_Count": 78, "Service_Area_Type": "Mobile Home Park - Principal Residence", "Verification_Status": "", "Area_SqKM": 0.062367054626202685}, "geometry": {"type": "Point", "coordinates": [-79.79170536620593, 35.97128508586655]}}, {"type": "Feature", "properties": {"PWSID": "NC0201158", "PWS_Name": "SOUTH SAXAPAHAW UTILITY COMPANY", "Primacy_Agency": "NC", "Population_Served_Count": 108, "Service_Connections_Count": 46, "Service_Area_Type": "Residential Area", "Verification_Status": "", "Area_SqKM": 1.0008298147372718}, "geometry": {"type": "Point", "coordinates": [-79.31208703446961, 35.94499125095722]}}, {"type": "Feature", "properties": {"PWSID": "NC0201204", "PWS_Name": "PARK PLACE", "Primacy_Agency": "NC", "Population_Served_Count": 97, "Service_Connections_Count": 38, "Service_Area_Type": "Mobile Home Park - Principal Residence", "Verification_Status": "", "Area_SqKM": 0.03467657351751117}, "geometry": {"type": "Point", "coordinates": [-79.49840593998424, 35.97609886012428]}}, {"type": "Feature", "properties": {"PWSID": "NC0241111", "PWS_Name": "HUNTINGTON WOODS MHP", "Primacy_Agency": "NC", "Population_Served_Count": 300, "Service_Connections_Count": 69, "Service_Area_Type": "Mobile Home Park - Principal Residence", "Verification_Status": "", "Area_SqKM": 0.01594804425187943}, "geometry": {"type": "Point", "coordinates": [-79.89759016013595, 36.02042149991678]}}, {"type": "Feature", "properties": {"PWSID": "NC0241112", "PWS_Name": "CROWN MHP", "Primacy_Agency": "NC", "Population_Served_Count": 343, "Service_Connections_Count": 135, "Service_Area_Type": "Mobile Home Park - Principal Residence", "Verification_Status": "", "Area_SqKM": 0.04044271246932548}, "geometry": {"type": "Point", "coordinates": [-79.87501221629374, 35.9562766135656]}}, {"type": "Feature", "properties": {"PWSID": "NC0241113", "PWS_Name": "OAK LANE MHP", "Primacy_Agency": "NC", "Population_Served_Count": 56, "Service_Connections_Count": 22, "Service_Area_Type": "Mobile Home Park - Principal Residence", "Verification_Status": "", "Area_SqKM": 0.5855009498648925}, "geometry": {"type": "Point", "coordinates": [-79.70701261494818, 36.01365294584997]}}, {"type": "Feature", "properties": {"PWSID": "NC0241124", "PWS_Name": "MAGNOLIA WOODS", "Primacy_Agency": "NC", "Population_Served_Count": 72, "Service_Connections_Count": 28, "Service_Area_Type": "Mobile Home Park - Principal Residence", "Verification_Status": "", "Area_SqKM": 0.25904018832234454}, "geometry": {"type": "Point", "coordinates": [-79.81303189766514, 35.93206276667922]}}, {"type": "Feature", "properties": {"PWSID": "NC0241125", "PWS_Name": "MEADOWVIEW MHP", "Primacy_Agency": "NC", "Population_Served_Count": 92, "Service_Connections_Count": 36, "Service_Area_Type": "Mobile Home Park - Principal Residence", "Verification_Status": "", "Area_SqKM": 0.4558839947726125}, "geometry": {"type": "Point", "coordinates": [-79.91795702354725, 36.231991299938116]}}, {"type": "Feature", "properties": {"PWSID": "NC0241126", "PWS_Name": "MONROE`S MHP", "Primacy_Agency": "NC", "Population_Served_Count": 187, "Service_Connections_Count": 127, "Service_Area_Type": "Mobile Home Park - Principal Residence", "Verification_Status": "", "Area_SqKM": 0.041881375619870854}, "geometry": {"type": "Point", "coordinates": [-79.80910358069836, 35.97641145500186]}}, {"type": "Feature", "properties": {"PWSID": "NC0241139", "PWS_Name": "ROCK CREEK MH VILLAGE", "Primacy_Agency": "NC", "Population_Served_Count": 275, "Service_Connections_Count": 127, "Service_Area_Type": "Mobile Home Park - Principal Residence", "Verification_Status": "", "Area_SqKM": 0.20191790858949624}, "geometry": {"type": "Point", "coordinates": [-79.61402253924713, 36.05205378034194]}}, {"type": "Feature", "properties": {"PWSID": "NC0241539", "PWS_Name": "OAK RIDGE MILITARY ACADEMY", "Primacy_Agency": "NC", "Population_Served_Count": 150, "Service_Connections_Count": 19, "Service_Area_Type": "School", "Verification_Status": "", "Area_SqKM": 0.5743270193944084}, "geometry": {"type": "Point", "coordinates": [-79.99042351060007, 36.173220568042595]}}, {"type": "Feature", "properties": {"PWSID": "NC0368105", "PWS_Name": "BIRCHWOOD MHP", "Primacy_Agency": "NC", "Population_Served_Count": 312, "Service_Connections_Count": 135, "Service_Area_Type": "Mobile Home Park - Principal Residence", "Verification_Status": "", "Area_SqKM": 0.057516805464634925}, "geometry": {"type": "Point", "coordinates": [-79.00566108693785, 36.00138568073258]}}, {"type": "Feature", "properties": {"PWSID": "NC0368119", "PWS_Name": "HOMESTEAD MHP", "Primacy_Agency": "NC", "Population_Served_Count": 25, "Service_Connections_Count": 7, "Service_Area_Type": "Mobile Home Park - Principal Residence", "Verification_Status": "", "Area_SqKM": 0.008737022029534988}, "geometry": {"type": "Point", "coordinates": [-79.02245339685174, 36.03717173635696]}}, {"type": "Feature", "properties": {"PWSID": "NC0368193", "PWS_Name": "STONEGATE MHP S/D", "Primacy_Agency": "NC", "Population_Served_Count": 96, "Service_Connections_Count": 32, "Service_Area_Type": "Mobile Home Park - Principal Residence", "Verification_Status": "", "Area_SqKM": 0.27396788530275556}, "geometry": {"type": "Point", "coordinates": [-79.02787346582586, 36.03607560446645]}}, {"type": "Feature", "properties": {"PWSID": "NC3041089", "PWS_Name": "TOWN OF WHITSETT", "Primacy_Agency": "NC", "Population_Served_Count": 89, "Service_Connections_Count": 35, "Service_Area_Type": "Municipality", "Verification_Status": "", "Area_SqKM": 1.8894611446716518}, "geometry": {"type": "Point", "coordinates": [-79.52834010687218, 36.04948288048973]}}, {"type": "Feature", "properties": {"PWSID": "NC3076010", "PWS_Name": "PIEDMONT TRIAD REGIONAL", "Primacy_Agency": "NC", "Population_Served_Count": 0, "Service_Connections_Count": 6, "Service_Area_Type": "Residential Area", "Verification_Status": "", "Area_SqKM": 1.3797705589443052}, "geometry": {"type": "Point", "coordinates": [-79.95343183342692, 35.85720800015958]}}, {"type": "Feature", "properties": {"PWSID": "NC4019015", "PWS_Name": "THE HILLS OF ROSEMONT", "Primacy_Agency": "NC", "Population_Served_Count": 192, "Service_Connections_Count": 55, "Service_Area_Type": "Subdivision", "Verification_Status": "", "Area_SqKM": 0.7406823590860211}, "geometry": {"type": "Point", "coordinates": [-78.84284228577938, 35.85086607930944]}}, {"type": "Feature", "properties": {"PWSID": "NC0241128", "PWS_Name": "O`HENRY MHP", "Primacy_Agency": "NC", "Population_Served_Count": 51, "Service_Connections_Count": 20, "Service_Area_Type": "Mobile Home Park - Principal Residence", "Verification_Status": "", "Area_SqKM": 0.02356605724527293}, "geometry": {"type": "Point", "coordinates": [-79.76829877986249, 36.14778018011416]}}, {"type": "Feature", "properties": {"PWSID": "NC0276157", "PWS_Name": "CHILTON`S MHP", "Primacy_Agency": "NC", "Population_Served_Count": 40, "Service_Connections_Count": 15, "Service_Area_Type": "Mobile Home Park - Principal Residence", "Verification_Status": "", "Area_SqKM": 0.023276975180106328}, "geometry": {"type": "Point", "coordinates": [-79.87817546715993, 35.90312139967903]}}, {"type": "Feature", "properties": {"PWSID": "NC0201166", "PWS_Name": "RAE MCKENZIE MOBILE HOME PARK", "Primacy_Agency": "NC", "Population_Served_Count": 100, "Service_Connections_Count": 37, "Service_Area_Type": "Mobile Home Park - Principal Residence", "Verification_Status": "", "Area_SqKM": 0.2222892867532474}, "geometry": {"type": "Point", "coordinates": [-79.3137565587135, 35.966708270399906]}}, {"type": "Feature", "properties": {"PWSID": "NC0201160", "PWS_Name": "SLEEPY HOLLOW ESTATES MHP", "Primacy_Agency": "NC", "Population_Served_Count": 240, "Service_Connections_Count": 95, "Service_Area_Type": "Mobile Home Park - Principal Residence", "Verification_Status": "", "Area_SqKM": 0.12244568585094524}, "geometry": {"type": "Point", "coordinates": [-79.39566810000773, 36.00878236143707]}}, {"type": "Feature", "properties": {"PWSID": "NC0201165", "PWS_Name": "CIRCLE K PARK", "Primacy_Agency": "NC", "Population_Served_Count": 97, "Service_Connections_Count": 38, "Service_Area_Type": "Mobile Home Park - Principal Residence", "Verification_Status": "", "Area_SqKM": 0.1062601819972202}, "geometry": {"type": "Point", "coordinates": [-79.317049789074, 35.968340933268195]}}, {"type": "Feature", "properties": {"PWSID": "NC0368130", "PWS_Name": "RIDGEWOOD MHP", "Primacy_Agency": "NC", "Population_Served_Count": 330, "Service_Connections_Count": 55, "Service_Area_Type": "Mobile Home Park - Principal Residence", "Verification_Status": "", "Area_SqKM": 0.09832448581187046}, "geometry": {"type": "Point", "coordinates": [-79.11230843342156, 35.88189683337981]}}, {"type": "Feature", "properties": {"PWSID": "NC0332106", "PWS_Name": "WHISPERING PINES MHP", "Primacy_Agency": "NC", "Population_Served_Count": 305, "Service_Connections_Count": 120, "Service_Area_Type": "Mobile Home Park - Principal Residence", "Verification_Status": "", "Area_SqKM": 0.08487762665882645}, "geometry": {"type": "Point", "coordinates": [-78.8325029000246, 35.97715342001738]}}, {"type": "Feature", "properties": {"PWSID": "NC0201105", "PWS_Name": "COUNTRY CLUB MHP", "Primacy_Agency": "NC", "Population_Served_Count": 127, "Service_Connections_Count": 50, "Service_Area_Type": "Mobile Home Park - Principal Residence", "Verification_Status": "", "Area_SqKM": 0.0647578280575583}, "geometry": {"type": "Point", "coordinates": [-79.4455034713224, 36.0437490857842]}}, {"type": "Feature", "properties": {"PWSID": "NC0201118", "PWS_Name": "KIRBY`S MHP", "Primacy_Agency": "NC", "Population_Served_Count": 60, "Service_Connections_Count": 32, "Service_Area_Type": "Mobile Home Park - Principal Residence", "Verification_Status": "", "Area_SqKM": 0.026102025566498883}, "geometry": {"type": "Point", "coordinates": [-79.33661681416837, 36.152747685719554]}}, {"type": "Feature", "properties": {"PWSID": "NC0241030", "PWS_Name": "JAMESTOWN, TOWN OF", "Primacy_Agency": "NC", "Population_Served_Count": 6543, "Service_Connections_Count": 2576, "Service_Area_Type": "Municipality", "Verification_Status": "Verified\u00a0", "Area_SqKM": 9.443677866912843}, "geometry": {"type": "Point", "coordinates": [-79.93130831713114, 36.00397772979253]}}, {"type": "Feature", "properties": {"PWSID": "NC0279030", "PWS_Name": "MADISON, TOWN OF", "Primacy_Agency": "NC", "Population_Served_Count": 2116, "Service_Connections_Count": 1147, "Service_Area_Type": "Residential Area", "Verification_Status": "Verified\u00a0", "Area_SqKM": 7.657178759230799}, "geometry": {"type": "Point", "coordinates": [-79.97213263392683, 36.383846963486484]}}, {"type": "Feature", "properties": {"PWSID": "NC0332010", "PWS_Name": "DURHAM, CITY OF", "Primacy_Agency": "NC", "Population_Served_Count": 322083, "Service_Connections_Count": 97873, "Service_Area_Type": "Municipality", "Verification_Status": "Verified\u00a0", "Area_SqKM": 408.83004091678674}, "geometry": {"type": "Point", "coordinates": [-78.93382789046677, 35.963260858436215]}}, {"type": "Feature", "properties": {"PWSID": "NC0217010", "PWS_Name": "YANCEYVILLE, TOWN OF", "Primacy_Agency": "NC", "Population_Served_Count": 1937, "Service_Connections_Count": 943, "Service_Area_Type": "Municipality", "Verification_Status": "Verified\u00a0", "Area_SqKM": 15.548695330960703}, "geometry": {"type": "Point", "coordinates": [-79.34398918757759, 36.42645922038021]}}, {"type": "Feature", "properties": {"PWSID": "NC0235030", "PWS_Name": "FRANKLIN COUNTY WATER & SEWER", "Primacy_Agency": "NC", "Population_Served_Count": 24612, "Service_Connections_Count": 8790, "Service_Area_Type": "Residential Area", "Verification_Status": "Verified\u00a0", "Area_SqKM": 452.1931201482497}, "geometry": {"type": "Point", "coordinates": [-78.34473940005155, 35.99665253905258]}}, {"type": "Feature", "properties": {"PWSID": "NC4092085", "PWS_Name": "RUTLEDGE LANDING NORTH", "Primacy_Agency": "NC", "Population_Served_Count": 389, "Service_Connections_Count": 153, "Service_Area_Type": "Subdivision", "Verification_Status": "", "Area_SqKM": 1.9274542545814466}, "geometry": {"type": "Point", "coordinates": [-78.52101056380866, 35.884367557397134]}}, {"type": "Feature", "properties": {"PWSID": "NC4035019", "PWS_Name": "BAILEY FARMS SUBDIVISION", "Primacy_Agency": "NC", "Population_Served_Count": 181, "Service_Connections_Count": 71, "Service_Area_Type": "Subdivision", "Verification_Status": "", "Area_SqKM": 4.929371980408241}, "geometry": {"type": "Point", "coordinates": [-78.36634276508465, 35.987232871059966]}}, {"type": "Feature", "properties": {"PWSID": "NC4032018", "PWS_Name": "DURHAM COUNTY ROUGEMONT WATER SYSTEM", "Primacy_Agency": "NC", "Population_Served_Count": 84, "Service_Connections_Count": 34, "Service_Area_Type": "Municipality", "Verification_Status": "", "Area_SqKM": 2.3549299724565054}, "geometry": {"type": "Point", "coordinates": [-79.01855439552683, 36.4115942310103]}}, {"type": "Feature", "properties": {"PWSID": "NC0464131", "PWS_Name": "RANSDELL FOREST S/D MHP", "Primacy_Agency": "NC", "Population_Served_Count": 124, "Service_Connections_Count": 49, "Service_Area_Type": "Mobile Home Park - Principal Residence", "Verification_Status": "", "Area_SqKM": 0.05288769080387257}, "geometry": {"type": "Point", "coordinates": [-78.21113474991822, 35.890655528721965]}}, {"type": "Feature", "properties": {"PWSID": "NC0392389", "PWS_Name": "DEERCHASE S/D", "Primacy_Agency": "NC", "Population_Served_Count": 757, "Service_Connections_Count": 298, "Service_Area_Type": "Subdivision", "Verification_Status": "", "Area_SqKM": 7.892226833538917}, "geometry": {"type": "Point", "coordinates": [-78.52289223374314, 35.92097132381197]}}, {"type": "Feature", "properties": {"PWSID": "NC0392229", "PWS_Name": "CREEKSIDE MOBILE VILLAGE", "Primacy_Agency": "NC", "Population_Served_Count": 165, "Service_Connections_Count": 66, "Service_Area_Type": "Mobile Home Park - Principal Residence", "Verification_Status": "", "Area_SqKM": 0.030972259884236856}, "geometry": {"type": "Point", "coordinates": [-78.51343746827024, 35.86682494205129]}}, {"type": "Feature", "properties": {"PWSID": "NC0201203", "PWS_Name": "SELLARS MOBILE HOME PARK", "Primacy_Agency": "NC", "Population_Served_Count": 48, "Service_Connections_Count": 19, "Service_Area_Type": "Mobile Home Park - Principal Residence", "Verification_Status": "", "Area_SqKM": 0.0385245673603733}, "geometry": {"type": "Point", "coordinates": [-79.31409002579382, 36.22565806780089]}}, {"type": "Feature", "properties": {"PWSID": "NC0498045", "PWS_Name": "SIMS, TOWN OF", "Primacy_Agency": "NC", "Population_Served_Count": 440, "Service_Connections_Count": 176, "Service_Area_Type": "Municipality", "Verification_Status": "Verified\u00a0", "Area_SqKM": 0.5758606001463235}, "geometry": {"type": "Point", "coordinates": [-78.0593306598356, 35.759569043401186]}}, {"type": "Feature", "properties": {"PWSID": "NC0498040", "PWS_Name": "SARATOGA TOWN OF", "Primacy_Agency": "NC", "Population_Served_Count": 426, "Service_Connections_Count": 329, "Service_Area_Type": "Residential Area", "Verification_Status": "Verified\u00a0", "Area_SqKM": 1.642191724011425}, "geometry": {"type": "Point", "coordinates": [-77.7755777000298, 35.65542721983886]}}, {"type": "Feature", "properties": {"PWSID": "NC0464035", "PWS_Name": "BAILEY, TOWN OF", "Primacy_Agency": "NC", "Population_Served_Count": 563, "Service_Connections_Count": 301, "Service_Area_Type": "Residential Area", "Verification_Status": "Verified\u00a0", "Area_SqKM": 1.7997110672343222}, "geometry": {"type": "Point", "coordinates": [-78.11562163995669, 35.78090749349266]}}, {"type": "Feature", "properties": {"PWSID": "NC0498030", "PWS_Name": "LUCAMA, TOWN OF", "Primacy_Agency": "NC", "Population_Served_Count": 881, "Service_Connections_Count": 475, "Service_Area_Type": "Municipality", "Verification_Status": "Verified\u00a0", "Area_SqKM": 1.8835021958561886}, "geometry": {"type": "Point", "coordinates": [-78.00666636607276, 35.64431404600949]}}, {"type": "Feature", "properties": {"PWSID": "NC0464050", "PWS_Name": "MIDDLESEX WATER SYSTEM", "Primacy_Agency": "NC", "Population_Served_Count": 1389, "Service_Connections_Count": 551, "Service_Area_Type": "Residential Area", "Verification_Status": "Verified\u00a0", "Area_SqKM": 2.219713415205212}, "geometry": {"type": "Point", "coordinates": [-78.20427500183497, 35.79120264207671]}}, {"type": "Feature", "properties": {"PWSID": "NC0351020", "PWS_Name": "CLAYTON, TOWN OF", "Primacy_Agency": "NC", "Population_Served_Count": 29689, "Service_Connections_Count": 9479, "Service_Area_Type": "Municipality", "Verification_Status": "Verified\u00a0", "Area_SqKM": 11.477643754876764}, "geometry": {"type": "Point", "coordinates": [-78.45484144093437, 35.64793599579634]}}, {"type": "Feature", "properties": {"PWSID": "NC0498035", "PWS_Name": "BLACK CREEK, TOWN OF", "Primacy_Agency": "NC", "Population_Served_Count": 1795, "Service_Connections_Count": 782, "Service_Area_Type": "Municipality", "Verification_Status": "Verified\u00a0", "Area_SqKM": 9.539844181914718}, "geometry": {"type": "Point", "coordinates": [-77.9318246512395, 35.65000313998076]}}, {"type": "Feature", "properties": {"PWSID": "NC0498020", "PWS_Name": "ELM CITY, TOWN OF", "Primacy_Agency": "NC", "Population_Served_Count": 1450, "Service_Connections_Count": 653, "Service_Area_Type": "Municipality", "Verification_Status": "Verified\u00a0", "Area_SqKM": 2.532874963735747}, "geometry": {"type": "Point", "coordinates": [-77.86179251629478, 35.80862812543883]}}, {"type": "Feature", "properties": {"PWSID": "NC0392082", "PWS_Name": "DEERHURST MHC", "Primacy_Agency": "NC", "Population_Served_Count": 432, "Service_Connections_Count": 160, "Service_Area_Type": "Mobile Home Park - Principal Residence", "Verification_Status": "", "Area_SqKM": 0.1424247321145464}, "geometry": {"type": "Point", "coordinates": [-78.41363544334747, 35.8428876282779]}}, {"type": "Feature", "properties": {"PWSID": "NC4092155", "PWS_Name": "GLEN CREEK", "Primacy_Agency": "NC", "Population_Served_Count": 229, "Service_Connections_Count": 90, "Service_Area_Type": "Subdivision", "Verification_Status": "", "Area_SqKM": 0.20130054989525828}, "geometry": {"type": "Point", "coordinates": [-78.57883516755753, 35.65509582977137]}}, {"type": "Feature", "properties": {"PWSID": "NC0392118", "PWS_Name": "COOLEY`S MHP", "Primacy_Agency": "NC", "Population_Served_Count": 109, "Service_Connections_Count": 45, "Service_Area_Type": "Mobile Home Park - Principal Residence", "Verification_Status": "", "Area_SqKM": 0.039663830660951804}, "geometry": {"type": "Point", "coordinates": [-78.4449525687826, 35.97797463127259]}}, {"type": "Feature", "properties": {"PWSID": "NC0392144", "PWS_Name": "BUFFALOE ROAD MHP", "Primacy_Agency": "NC", "Population_Served_Count": 162, "Service_Connections_Count": 66, "Service_Area_Type": "Mobile Home Park - Principal Residence", "Verification_Status": "", "Area_SqKM": 0.022070537898261713}, "geometry": {"type": "Point", "coordinates": [-78.54246483509326, 35.84308001176977]}}, {"type": "Feature", "properties": {"PWSID": "NC0392153", "PWS_Name": "LITTLE RIVER MHP", "Primacy_Agency": "NC", "Population_Served_Count": 79, "Service_Connections_Count": 28, "Service_Area_Type": "Mobile Home Park - Principal Residence", "Verification_Status": "", "Area_SqKM": 0.017310455841476478}, "geometry": {"type": "Point", "coordinates": [-78.38016468421263, 35.913171389423404]}}, {"type": "Feature", "properties": {"PWSID": "NC0392274", "PWS_Name": "TRINITY FARMS S/D", "Primacy_Agency": "NC", "Population_Served_Count": 42, "Service_Connections_Count": 17, "Service_Area_Type": "Subdivision", "Verification_Status": "", "Area_SqKM": 1.0171794747780587}, "geometry": {"type": "Point", "coordinates": [-78.51500546347482, 35.94606898543648]}}, {"type": "Feature", "properties": {"PWSID": "NC0392333", "PWS_Name": "TUCKAHOE S/D", "Primacy_Agency": "NC", "Population_Served_Count": 221, "Service_Connections_Count": 87, "Service_Area_Type": "Subdivision", "Verification_Status": "", "Area_SqKM": 0.7589630617969304}, "geometry": {"type": "Point", "coordinates": [-78.46947492838427, 35.904789435810486]}}, {"type": "Feature", "properties": {"PWSID": "NC0392340", "PWS_Name": "COUNTRY CROSSING S/D", "Primacy_Agency": "NC", "Population_Served_Count": 135, "Service_Connections_Count": 55, "Service_Area_Type": "Subdivision", "Verification_Status": "", "Area_SqKM": 0.19205249881424843}, "geometry": {"type": "Point", "coordinates": [-78.51382900717479, 35.87244210887596]}}, {"type": "Feature", "properties": {"PWSID": "NC4064005", "PWS_Name": "CENTRAL NASH WATER & SEWER", "Primacy_Agency": "NC", "Population_Served_Count": 5881, "Service_Connections_Count": 2546, "Service_Area_Type": "Municipality", "Verification_Status": "", "Area_SqKM": 3.313236733980517}, "geometry": {"type": "Point", "coordinates": [-77.89161151826164, 35.8716032194004]}}, {"type": "Feature", "properties": {"PWSID": "NC4092074", "PWS_Name": "HARRISON RIDGE SUBDIVISION", "Primacy_Agency": "NC", "Population_Served_Count": 117, "Service_Connections_Count": 47, "Service_Area_Type": "Subdivision", "Verification_Status": "", "Area_SqKM": 0.11483261562841561}, "geometry": {"type": "Point", "coordinates": [-78.4658434928868, 35.96174943335755]}}, {"type": "Feature", "properties": {"PWSID": "NC4092160", "PWS_Name": "BAILEY`S AT GLENMOOR S/D", "Primacy_Agency": "NC", "Population_Served_Count": 59, "Service_Connections_Count": 23, "Service_Area_Type": "Subdivision", "Verification_Status": "", "Area_SqKM": 0.16800925136896608}, "geometry": {"type": "Point", "coordinates": [-78.55654083532528, 35.996496629415766]}}, {"type": "Feature", "properties": {"PWSID": "NC4392116", "PWS_Name": "DUXFORD S/D", "Primacy_Agency": "NC", "Population_Served_Count": 76, "Service_Connections_Count": 30, "Service_Area_Type": "Subdivision", "Verification_Status": "", "Area_SqKM": 2.7661390703132063}, "geometry": {"type": "Point", "coordinates": [-78.5219267029158, 35.94335281649628]}}, {"type": "Feature", "properties": {"PWSID": "NC0392202", "PWS_Name": "WATKIN`S MHP", "Primacy_Agency": "NC", "Population_Served_Count": 74, "Service_Connections_Count": 30, "Service_Area_Type": "Mobile Home Park - Principal Residence", "Verification_Status": "", "Area_SqKM": 0.22507728561978627}, "geometry": {"type": "Point", "coordinates": [-78.51242841634637, 35.83758877351756]}}, {"type": "Feature", "properties": {"PWSID": "NC0392199", "PWS_Name": "VILLAGE SQUIRE MOBILE ESTATES", "Primacy_Agency": "NC", "Population_Served_Count": 232, "Service_Connections_Count": 95, "Service_Area_Type": "Mobile Home Park - Principal Residence", "Verification_Status": "", "Area_SqKM": 0.039947463305297165}, "geometry": {"type": "Point", "coordinates": [-78.49375031999323, 35.8008932599971]}}, {"type": "Feature", "properties": {"PWSID": "NC0392188", "PWS_Name": "SHADY ACRES MH VILLAGE", "Primacy_Agency": "NC", "Population_Served_Count": 115, "Service_Connections_Count": 45, "Service_Area_Type": "Mobile Home Park - Principal Residence", "Verification_Status": "", "Area_SqKM": 0.013983253635858095}, "geometry": {"type": "Point", "coordinates": [-78.49936159999055, 35.77691066023296]}}, {"type": "Feature", "properties": {"PWSID": "NC0464101", "PWS_Name": "BASS MH COURT", "Primacy_Agency": "NC", "Population_Served_Count": 97, "Service_Connections_Count": 41, "Service_Area_Type": "Mobile Home Park - Principal Residence", "Verification_Status": "", "Area_SqKM": 0.41130154052088985}, "geometry": {"type": "Point", "coordinates": [-78.06036575293074, 35.95983433526801]}}, {"type": "Feature", "properties": {"PWSID": "NC0235025", "PWS_Name": "BUNN, TOWN OF", "Primacy_Agency": "NC", "Population_Served_Count": 915, "Service_Connections_Count": 232, "Service_Area_Type": "Municipality", "Verification_Status": "Verified\u00a0", "Area_SqKM": 1.5835121985224785}, "geometry": {"type": "Point", "coordinates": [-78.25179398250098, 35.95578234512949]}}, {"type": "Feature", "properties": {"PWSID": "NC0217020", "PWS_Name": "WEST YANCEYVILLE WATER ASSOCIATION", "Primacy_Agency": "NC", "Population_Served_Count": 180, "Service_Connections_Count": 73, "Service_Area_Type": "Residential Area", "Verification_Status": "Verified\u00a0", "Area_SqKM": 0.9994586853458185}, "geometry": {"type": "Point", "coordinates": [-79.38404444988886, 36.4053657332706]}}, {"type": "Feature", "properties": {"PWSID": "NC0291102", "PWS_Name": "KNOLL TERRACE MHP", "Primacy_Agency": "NC", "Population_Served_Count": 254, "Service_Connections_Count": 100, "Service_Area_Type": "Mobile Home Park - Principal Residence", "Verification_Status": "", "Area_SqKM": 0.21724563107341477}, "geometry": {"type": "Point", "coordinates": [-78.38732265262807, 36.30562918252361]}}, {"type": "Feature", "properties": {"PWSID": "NC0392126", "PWS_Name": "SUMMERFIELD MHP", "Primacy_Agency": "NC", "Population_Served_Count": 110, "Service_Connections_Count": 45, "Service_Area_Type": "Mobile Home Park - Principal Residence", "Verification_Status": "", "Area_SqKM": 0.014367306729783015}, "geometry": {"type": "Point", "coordinates": [-78.5132616968258, 35.756346325865195]}}, {"type": "Feature", "properties": {"PWSID": "NC0392077", "PWS_Name": "SANDY TRAIL S/D", "Primacy_Agency": "NC", "Population_Served_Count": 739, "Service_Connections_Count": 291, "Service_Area_Type": "Subdivision", "Verification_Status": "", "Area_SqKM": 3.6607015375393486}, "geometry": {"type": "Point", "coordinates": [-78.48036604379766, 35.78934829310679]}}, {"type": "Feature", "properties": {"PWSID": "NC0351187", "PWS_Name": "RIVERWOOD S/D", "Primacy_Agency": "NC", "Population_Served_Count": 553, "Service_Connections_Count": 218, "Service_Area_Type": "Subdivision", "Verification_Status": "", "Area_SqKM": 2.8295616493720814}, "geometry": {"type": "Point", "coordinates": [-78.41188792654499, 35.66876144201573]}}, {"type": "Feature", "properties": {"PWSID": "NC0351120", "PWS_Name": "ADAMS MHP", "Primacy_Agency": "NC", "Population_Served_Count": 80, "Service_Connections_Count": 32, "Service_Area_Type": "Mobile Home Park - Principal Residence", "Verification_Status": "", "Area_SqKM": 0.13609266190856723}, "geometry": {"type": "Point", "coordinates": [-78.2265889363816, 35.74203853624825]}}, {"type": "Feature", "properties": {"PWSID": "NC0368125", "PWS_Name": "CAROLANTIC PARK", "Primacy_Agency": "NC", "Population_Served_Count": 40, "Service_Connections_Count": 16, "Service_Area_Type": "Mobile Home Park - Principal Residence", "Verification_Status": "", "Area_SqKM": 0.26151960895612897}, "geometry": {"type": "Point", "coordinates": [-78.97418073988544, 36.11765421985868]}}, {"type": "Feature", "properties": {"PWSID": "NC0201123", "PWS_Name": "OSSIPEE TOWN OF", "Primacy_Agency": "NC", "Population_Served_Count": 2390, "Service_Connections_Count": 161, "Service_Area_Type": "Residential Area", "Verification_Status": "Verified\u00a0", "Area_SqKM": 1.432981250334717}, "geometry": {"type": "Point", "coordinates": [-79.51077701204649, 36.165765104900075]}}, {"type": "Feature", "properties": {"PWSID": "NC3001005", "PWS_Name": "SWEPSONVILLE, TOWN OF", "Primacy_Agency": "NC", "Population_Served_Count": 2497, "Service_Connections_Count": 1308, "Service_Area_Type": "Municipality", "Verification_Status": "Verified\u00a0", "Area_SqKM": 4.021210149919819}, "geometry": {"type": "Point", "coordinates": [-79.35318130289913, 36.02465885633765]}}, {"type": "Feature", "properties": {"PWSID": "NC0201020", "PWS_Name": "HAW RIVER, TOWN OF", "Primacy_Agency": "NC", "Population_Served_Count": 2650, "Service_Connections_Count": 1000, "Service_Area_Type": "Residential Area", "Verification_Status": "Verified\u00a0", "Area_SqKM": 6.389321566259552}, "geometry": {"type": "Point", "coordinates": [-79.36241990464227, 36.09367815961884]}}, {"type": "Feature", "properties": {"PWSID": "NC0201025", "PWS_Name": "ELON, TOWN OF", "Primacy_Agency": "NC", "Population_Served_Count": 11350, "Service_Connections_Count": 2777, "Service_Area_Type": "Residential Area", "Verification_Status": "Verified\u00a0", "Area_SqKM": 9.143145269821627}, "geometry": {"type": "Point", "coordinates": [-79.50558515170442, 36.10131152359246]}}, {"type": "Feature", "properties": {"PWSID": "NC0368015", "PWS_Name": "HILLSBOROUGH, TOWN OF", "Primacy_Agency": "NC", "Population_Served_Count": 16180, "Service_Connections_Count": 6223, "Service_Area_Type": "Residential Area", "Verification_Status": "Verified\u00a0", "Area_SqKM": 16.07675673683572}, "geometry": {"type": "Point", "coordinates": [-79.10182065593243, 36.06898207149859]}}, {"type": "Feature", "properties": {"PWSID": "NC0368020", "PWS_Name": "ORANGE-ALAMANCE WATER SYSTEM", "Primacy_Agency": "NC", "Population_Served_Count": 9223, "Service_Connections_Count": 3580, "Service_Area_Type": "Residential Area", "Verification_Status": "Verified\u00a0", "Area_SqKM": 59.752980199301334}, "geometry": {"type": "Point", "coordinates": [-79.27512625593025, 36.08668706614459]}}, {"type": "Feature", "properties": {"PWSID": "NC0368010", "PWS_Name": "ORANGE WATER & SEWER AUTHORITY", "Primacy_Agency": "NC", "Population_Served_Count": 86300, "Service_Connections_Count": 19920, "Service_Area_Type": "Municipality", "Verification_Status": "Verified\u00a0", "Area_SqKM": 93.88548630670564}, "geometry": {"type": "Point", "coordinates": [-79.06930473897192, 35.96219047476934]}}, {"type": "Feature", "properties": {"PWSID": "NC0279035", "PWS_Name": "STONEVILLE, TOWN OF", "Primacy_Agency": "NC", "Population_Served_Count": 1308, "Service_Connections_Count": 635, "Service_Area_Type": "Residential Area", "Verification_Status": "Verified\u00a0", "Area_SqKM": 5.185221430110957}, "geometry": {"type": "Point", "coordinates": [-79.90768112895057, 36.46388461317266]}}, {"type": "Feature", "properties": {"PWSID": "NC0241035", "PWS_Name": "STOKESDALE, TOWN OF", "Primacy_Agency": "NC", "Population_Served_Count": 2268, "Service_Connections_Count": 756, "Service_Area_Type": "Municipality", "Verification_Status": "Verified\u00a0", "Area_SqKM": 5.726522941782374}, "geometry": {"type": "Point", "coordinates": [-79.98659524295415, 36.240564725034695]}}, {"type": "Feature", "properties": {"PWSID": "NC0279050", "PWS_Name": "ROCKINGHAM COUNTY 158 CORRIDOR", "Primacy_Agency": "NC", "Population_Served_Count": 706, "Service_Connections_Count": 304, "Service_Area_Type": "Residential Area", "Verification_Status": "Verified\u00a0", "Area_SqKM": 6.521640702547842}, "geometry": {"type": "Point", "coordinates": [-79.79255089226473, 36.30203358534074]}}, {"type": "Feature", "properties": {"PWSID": "NC0276025", "PWS_Name": "LIBERTY, TOWN OF", "Primacy_Agency": "NC", "Population_Served_Count": 2655, "Service_Connections_Count": 1401, "Service_Area_Type": "Residential Area", "Verification_Status": "Verified\u00a0", "Area_SqKM": 10.434937502127099}, "geometry": {"type": "Point", "coordinates": [-79.5714628953169, 35.85772370001105]}}, {"type": "Feature", "properties": {"PWSID": "NC0276030", "PWS_Name": "ARCHDALE, CITY OF", "Primacy_Agency": "NC", "Population_Served_Count": 12700, "Service_Connections_Count": 5240, "Service_Area_Type": "Residential Area", "Verification_Status": "Verified\u00a0", "Area_SqKM": 18.63860194687268}, "geometry": {"type": "Point", "coordinates": [-79.95673657453031, 35.89525744905528]}}, {"type": "Feature", "properties": {"PWSID": "NC0279020", "PWS_Name": "REIDSVILLE, CITY OF", "Primacy_Agency": "NC", "Population_Served_Count": 14566, "Service_Connections_Count": 6722, "Service_Area_Type": "Residential Area", "Verification_Status": "Verified\u00a0", "Area_SqKM": 33.23778817273395}, "geometry": {"type": "Point", "coordinates": [-79.66743930044427, 36.339284058092026]}}, {"type": "Feature", "properties": {"PWSID": "NC0279010", "PWS_Name": "EDEN, CITY OF", "Primacy_Agency": "NC", "Population_Served_Count": 15332, "Service_Connections_Count": 6994, "Service_Area_Type": "Residential Area", "Verification_Status": "Verified\u00a0", "Area_SqKM": 37.8405317281185}, "geometry": {"type": "Point", "coordinates": [-79.73275559938298, 36.51181256044149]}}, {"type": "Feature", "properties": {"PWSID": "NC0279040", "PWS_Name": "DAN RIVER WATER INC", "Primacy_Agency": "NC", "Population_Served_Count": 12000, "Service_Connections_Count": 4800, "Service_Area_Type": "Residential Area", "Verification_Status": "Verified\u00a0", "Area_SqKM": 61.11571661610363}, "geometry": {"type": "Point", "coordinates": [-79.74465676942496, 36.45745387320835]}}, {"type": "Feature", "properties": {"PWSID": "NC0241020", "PWS_Name": "HIGH POINT, CITY OF", "Primacy_Agency": "NC", "Population_Served_Count": 117279, "Service_Connections_Count": 42990, "Service_Area_Type": "Municipality", "Verification_Status": "Verified\u00a0", "Area_SqKM": 164.0565176460389}, "geometry": {"type": "Point", "coordinates": [-79.96484244039162, 35.987212395444224]}}, {"type": "Feature", "properties": {"PWSID": "NC0241010", "PWS_Name": "GREENSBORO, CITY OF", "Primacy_Agency": "NC", "Population_Served_Count": 319588, "Service_Connections_Count": 109160, "Service_Area_Type": "Residential Area", "Verification_Status": "Verified\u00a0", "Area_SqKM": 506.7141074683112}, "geometry": {"type": "Point", "coordinates": [-79.84814504326229, 36.07557432157545]}}, {"type": "Feature", "properties": {"PWSID": "NC0279124", "PWS_Name": "WILLIAM`S MHP", "Primacy_Agency": "NC", "Population_Served_Count": 86, "Service_Connections_Count": 34, "Service_Area_Type": "Mobile Home Park - Principal Residence", "Verification_Status": "", "Area_SqKM": 0.20337238173776664}, "geometry": {"type": "Point", "coordinates": [-79.6359097001816, 36.29199159994005]}}, {"type": "Feature", "properties": {"PWSID": "NC4092128", "PWS_Name": "BELLA VISTA S/D", "Primacy_Agency": "NC", "Population_Served_Count": 120, "Service_Connections_Count": 47, "Service_Area_Type": "Subdivision", "Verification_Status": "", "Area_SqKM": 2.262872900239481}, "geometry": {"type": "Point", "coordinates": [-78.67665286477674, 35.92476972475281]}}, {"type": "Feature", "properties": {"PWSID": "NC0474140", "PWS_Name": "GREGORY MEADOWS AT BELVOIR NO. 1", "Primacy_Agency": "NC", "Population_Served_Count": 124, "Service_Connections_Count": 49, "Service_Area_Type": "Mobile Home Park - Principal Residence", "Verification_Status": "", "Area_SqKM": 0.06980046801711898}, "geometry": {"type": "Point", "coordinates": [-77.44040942854788, 35.673481057180496]}}, {"type": "Feature", "properties": {"PWSID": "NC6059018", "PWS_Name": "MARTIN CO. REGIONAL WASA AUTHORITY WELL", "Primacy_Agency": "NC", "Population_Served_Count": 0, "Service_Connections_Count": 1, "Service_Area_Type": "Wholesaler of Water", "Verification_Status": "", "Area_SqKM": 0.3575948033960369}, "geometry": {"type": "Point", "coordinates": [-77.00905642580435, 35.81687411124273]}}, {"type": "Feature", "properties": {"PWSID": "NC4068021", "PWS_Name": "SOUTH GROVE SUBDIVISION", "Primacy_Agency": "NC", "Population_Served_Count": 75, "Service_Connections_Count": 25, "Service_Area_Type": "Subdivision", "Verification_Status": "", "Area_SqKM": 0.1701310540773165}, "geometry": {"type": "Point", "coordinates": [-79.0548295534241, 35.86423858273982]}}, {"type": "Feature", "properties": {"PWSID": "NC3079031", "PWS_Name": "ROCKINGHAM CO - 220 CORRIDOR", "Primacy_Agency": "NC", "Population_Served_Count": 715, "Service_Connections_Count": 286, "Service_Area_Type": "Residential Area", "Verification_Status": "", "Area_SqKM": 2.731799573362235}, "geometry": {"type": "Point", "coordinates": [-79.90388572788254, 36.410448740992265]}}, {"type": "Feature", "properties": {"PWSID": "NC0494025", "PWS_Name": "WASHINGTON COUNTY WATER SYSTEM", "Primacy_Agency": "NC", "Population_Served_Count": 6693, "Service_Connections_Count": 2635, "Service_Area_Type": "Residential Area", "Verification_Status": "Verified\u00a0", "Area_SqKM": 954.1621521463971}, "geometry": {"type": "Point", "coordinates": [-76.64366525066579, 35.87415393341779]}}, {"type": "Feature", "properties": {"PWSID": "NC0433010", "PWS_Name": "TARBORO, TOWN OF", "Primacy_Agency": "NC", "Population_Served_Count": 10844, "Service_Connections_Count": 4627, "Service_Area_Type": "Municipality", "Verification_Status": "Verified\u00a0", "Area_SqKM": 29.60453376740691}, "geometry": {"type": "Point", "coordinates": [-77.55703730741058, 35.90012021658304]}}, {"type": "Feature", "properties": {"PWSID": "NC0433045", "PWS_Name": "PRINCEVILLE, TOWN OF", "Primacy_Agency": "NC", "Population_Served_Count": 1550, "Service_Connections_Count": 620, "Service_Area_Type": "Municipality", "Verification_Status": "Verified\u00a0", "Area_SqKM": 3.319351675825888}, "geometry": {"type": "Point", "coordinates": [-77.51575559637621, 35.88404274813796]}}, {"type": "Feature", "properties": {"PWSID": "NC6059003", "PWS_Name": "MARTIN CO WATER & SEWER DIST I", "Primacy_Agency": "NC", "Population_Served_Count": 2245, "Service_Connections_Count": 883, "Service_Area_Type": "Residential Area", "Verification_Status": "Verified\u00a0", "Area_SqKM": 1169.9615039505782}, "geometry": {"type": "Point", "coordinates": [-77.01860839679006, 35.86339038492474]}}, {"type": "Feature", "properties": {"PWSID": "NC0459010", "PWS_Name": "WILLIAMSTON, TOWN OF", "Primacy_Agency": "NC", "Population_Served_Count": 7650, "Service_Connections_Count": 3600, "Service_Area_Type": "Residential Area", "Verification_Status": "Verified\u00a0", "Area_SqKM": 11.760979385616814}, "geometry": {"type": "Point", "coordinates": [-77.0725124938246, 35.850980796955284]}}, {"type": "Feature", "properties": {"PWSID": "NC0494015", "PWS_Name": "ROPER WATER SYSTEM", "Primacy_Agency": "NC", "Population_Served_Count": 546, "Service_Connections_Count": 215, "Service_Area_Type": "Residential Area", "Verification_Status": "Verified\u00a0", "Area_SqKM": 2.227818950597159}, "geometry": {"type": "Point", "coordinates": [-76.61668404170443, 35.879457383333865]}}, {"type": "Feature", "properties": {"PWSID": "NC0235123", "PWS_Name": "PINE FOREST MHP", "Primacy_Agency": "NC", "Population_Served_Count": 84, "Service_Connections_Count": 33, "Service_Area_Type": "Mobile Home Park - Principal Residence", "Verification_Status": "", "Area_SqKM": 0.22544533750578521}, "geometry": {"type": "Point", "coordinates": [-78.14746522418545, 36.20928988962235]}}, {"type": "Feature", "properties": {"PWSID": "NC3041050", "PWS_Name": "CLAPP`S NURSING CTR-APPOMATTOX", "Primacy_Agency": "NC", "Population_Served_Count": 265, "Service_Connections_Count": 3, "Service_Area_Type": "Residential Area", "Verification_Status": "", "Area_SqKM": 0.9893642345143159}, "geometry": {"type": "Point", "coordinates": [-79.8201779216332, 35.97345717842084]}}, {"type": "Feature", "properties": {"PWSID": "NC0368188", "PWS_Name": "BINGHAM WOODS MHP", "Primacy_Agency": "NC", "Population_Served_Count": 190, "Service_Connections_Count": 75, "Service_Area_Type": "Mobile Home Park - Principal Residence", "Verification_Status": "", "Area_SqKM": 11.518681978351983}, "geometry": {"type": "Point", "coordinates": [-79.17157737502014, 35.88372887503261]}}, {"type": "Feature", "properties": {"PWSID": "NC0368182", "PWS_Name": "THE TRAILS S/D", "Primacy_Agency": "NC", "Population_Served_Count": 200, "Service_Connections_Count": 95, "Service_Area_Type": "Subdivision", "Verification_Status": "", "Area_SqKM": 0.30016966821123653}, "geometry": {"type": "Point", "coordinates": [-79.1683895586715, 35.93851944484384]}}, {"type": "Feature", "properties": {"PWSID": "NC0466110", "PWS_Name": "NORTHAMPTON--LAKE GASTON", "Primacy_Agency": "NC", "Population_Served_Count": 3785, "Service_Connections_Count": 1520, "Service_Area_Type": "Residential Area", "Verification_Status": "Verified\u00a0", "Area_SqKM": 125.69148067731363}, "geometry": {"type": "Point", "coordinates": [-77.85928650264175, 36.5349007101732]}}, {"type": "Feature", "properties": {"PWSID": "NC0464010", "PWS_Name": "ROCKY MOUNT, CITY OF", "Primacy_Agency": "NC", "Population_Served_Count": 55891, "Service_Connections_Count": 22312, "Service_Area_Type": "Municipality", "Verification_Status": "Verified\u00a0", "Area_SqKM": 125.80581840098849}, "geometry": {"type": "Point", "coordinates": [-77.80769910520189, 35.98164959827135]}}, {"type": "Feature", "properties": {"PWSID": "NC0368162", "PWS_Name": "EUGLENA JUNCTION", "Primacy_Agency": "NC", "Population_Served_Count": 96, "Service_Connections_Count": 31, "Service_Area_Type": "Mobile Home Park - Principal Residence", "Verification_Status": "", "Area_SqKM": 0.6536028438921311}, "geometry": {"type": "Point", "coordinates": [-79.06299114471113, 36.0837602063945]}}, {"type": "Feature", "properties": {"PWSID": "NC0368160", "PWS_Name": "RILEY`S MHP", "Primacy_Agency": "NC", "Population_Served_Count": 65, "Service_Connections_Count": 25, "Service_Area_Type": "Mobile Home Park - Principal Residence", "Verification_Status": "", "Area_SqKM": 0.042031844832902586}, "geometry": {"type": "Point", "coordinates": [-79.2001687999557, 35.93614248094876]}}, {"type": "Feature", "properties": {"PWSID": "NC0368148", "PWS_Name": "ORANGE MHP", "Primacy_Agency": "NC", "Population_Served_Count": 144, "Service_Connections_Count": 36, "Service_Area_Type": "Mobile Home Park - Principal Residence", "Verification_Status": "", "Area_SqKM": 2.0994464395820884}, "geometry": {"type": "Point", "coordinates": [-79.04266022803658, 36.049493435174476]}}, {"type": "Feature", "properties": {"PWSID": "NC0368147", "PWS_Name": "WOODLAND PARK", "Primacy_Agency": "NC", "Population_Served_Count": 41, "Service_Connections_Count": 23, "Service_Area_Type": "Mobile Home Park - Principal Residence", "Verification_Status": "", "Area_SqKM": 6.193719224986057}, "geometry": {"type": "Point", "coordinates": [-79.07177684867563, 36.05524236133074]}}, {"type": "Feature", "properties": {"PWSID": "NC0332121", "PWS_Name": "HEATHER GLEN S/D", "Primacy_Agency": "NC", "Population_Served_Count": 255, "Service_Connections_Count": 103, "Service_Area_Type": "Subdivision", "Verification_Status": "", "Area_SqKM": 0.04159218336429494}, "geometry": {"type": "Point", "coordinates": [-79.38932145150049, 36.022757054564]}}, {"type": "Feature", "properties": {"PWSID": "NC0279453", "PWS_Name": "COUNTRY VILLAGE MHP", "Primacy_Agency": "NC", "Population_Served_Count": 80, "Service_Connections_Count": 38, "Service_Area_Type": "Mobile Home Park - Principal Residence", "Verification_Status": "", "Area_SqKM": 0.018373052070923594}, "geometry": {"type": "Point", "coordinates": [-79.95315183337267, 36.366498172295096]}}, {"type": "Feature", "properties": {"PWSID": "NC0235101", "PWS_Name": "FOX PARK MHP", "Primacy_Agency": "NC", "Population_Served_Count": 158, "Service_Connections_Count": 62, "Service_Area_Type": "Mobile Home Park - Principal Residence", "Verification_Status": "", "Area_SqKM": 0.31369090396225285}, "geometry": {"type": "Point", "coordinates": [-78.30582128565652, 36.07711272045724]}}, {"type": "Feature", "properties": {"PWSID": "NC0235109", "PWS_Name": "RUSTIC RIDGE MHP", "Primacy_Agency": "NC", "Population_Served_Count": 117, "Service_Connections_Count": 46, "Service_Area_Type": "Mobile Home Park - Principal Residence", "Verification_Status": "", "Area_SqKM": 0.021502991317552442}, "geometry": {"type": "Point", "coordinates": [-78.45190774280992, 36.133420104764475]}}, {"type": "Feature", "properties": {"PWSID": "NC0235125", "PWS_Name": "WILDERS VILLAGE S/D", "Primacy_Agency": "NC", "Population_Served_Count": 112, "Service_Connections_Count": 44, "Service_Area_Type": "Mobile Home Park - Principal Residence", "Verification_Status": "", "Area_SqKM": 0.0540689602484061}, "geometry": {"type": "Point", "coordinates": [-78.27231563336578, 35.99959460002955]}}, {"type": "Feature", "properties": {"PWSID": "NC0408085", "PWS_Name": "BERTIE COUNTY REGIONAL WATER", "Primacy_Agency": "NC", "Population_Served_Count": 12893, "Service_Connections_Count": 5076, "Service_Area_Type": "Residential Area", "Verification_Status": "Verified\u00a0", "Area_SqKM": 1767.771514028567}, "geometry": {"type": "Point", "coordinates": [-76.92320563387453, 35.97999637928197]}}, {"type": "Feature", "properties": {"PWSID": "NC0466108", "PWS_Name": "NORTHAMPTON--MILWAUKEE", "Primacy_Agency": "NC", "Population_Served_Count": 5715, "Service_Connections_Count": 2163, "Service_Area_Type": "Residential Area", "Verification_Status": "Verified\u00a0", "Area_SqKM": 949.4135460286396}, "geometry": {"type": "Point", "coordinates": [-77.20955995910515, 36.400070754739424]}}, {"type": "Feature", "properties": {"PWSID": "NC0291104", "PWS_Name": "EDGEWOOD ESTATES", "Primacy_Agency": "NC", "Population_Served_Count": 48, "Service_Connections_Count": 29, "Service_Area_Type": "Mobile Home Park - Principal Residence", "Verification_Status": "", "Area_SqKM": 1.2791294435505913}, "geometry": {"type": "Point", "coordinates": [-78.4831774395977, 36.32419700188987]}}, {"type": "Feature", "properties": {"PWSID": "NC0279161", "PWS_Name": "BENAJA CROSSING MH S/D", "Primacy_Agency": "NC", "Population_Served_Count": 99, "Service_Connections_Count": 39, "Service_Area_Type": "Mobile Home Park - Principal Residence", "Verification_Status": "", "Area_SqKM": 0.26634299278318685}, "geometry": {"type": "Point", "coordinates": [-79.67510205965893, 36.24630984556262]}}, {"type": "Feature", "properties": {"PWSID": "NC0279160", "PWS_Name": "COLONIAL VILLAGE", "Primacy_Agency": "NC", "Population_Served_Count": 71, "Service_Connections_Count": 28, "Service_Area_Type": "Mobile Home Park - Principal Residence", "Verification_Status": "", "Area_SqKM": 0.8004389031506737}, "geometry": {"type": "Point", "coordinates": [-79.6550820384245, 36.290553096931]}}, {"type": "Feature", "properties": {"PWSID": "NC0279159", "PWS_Name": "SHADY ACRES MHP", "Primacy_Agency": "NC", "Population_Served_Count": 50, "Service_Connections_Count": 20, "Service_Area_Type": "Mobile Home Park - Principal Residence", "Verification_Status": "", "Area_SqKM": 0.18255007311270338}, "geometry": {"type": "Point", "coordinates": [-79.67353235125113, 36.24861917314941]}}, {"type": "Feature", "properties": {"PWSID": "NC0279157", "PWS_Name": "QUAIL ACRES MHP", "Primacy_Agency": "NC", "Population_Served_Count": 178, "Service_Connections_Count": 70, "Service_Area_Type": "Mobile Home Park - Principal Residence", "Verification_Status": "", "Area_SqKM": 0.04958257376600844}, "geometry": {"type": "Point", "coordinates": [-79.94400460721239, 36.29147910000294]}}, {"type": "Feature", "properties": {"PWSID": "NC0279134", "PWS_Name": "FAIRGROVE MHP", "Primacy_Agency": "NC", "Population_Served_Count": 244, "Service_Connections_Count": 83, "Service_Area_Type": "Mobile Home Park - Principal Residence", "Verification_Status": "", "Area_SqKM": 0.06718127808746938}, "geometry": {"type": "Point", "coordinates": [-79.71792853696604, 36.249440044470475]}}, {"type": "Feature", "properties": {"PWSID": "NC0279121", "PWS_Name": "SUNNY MEADOWS", "Primacy_Agency": "NC", "Population_Served_Count": 70, "Service_Connections_Count": 28, "Service_Area_Type": "Mobile Home Park - Principal Residence", "Verification_Status": "", "Area_SqKM": 0.6112464410956596}, "geometry": {"type": "Point", "coordinates": [-79.6738759555905, 36.22926673894823]}}, {"type": "Feature", "properties": {"PWSID": "NC0276205", "PWS_Name": "POPLAR RIDGE MHP", "Primacy_Agency": "NC", "Population_Served_Count": 195, "Service_Connections_Count": 77, "Service_Area_Type": "Mobile Home Park - Principal Residence", "Verification_Status": "", "Area_SqKM": 1.5515835728646705}, "geometry": {"type": "Point", "coordinates": [-79.73019529281163, 35.89809664765781]}}, {"type": "Feature", "properties": {"PWSID": "NC0241242", "PWS_Name": "MEADOWS AT QUARTERSTONE S/D", "Primacy_Agency": "NC", "Population_Served_Count": 112, "Service_Connections_Count": 44, "Service_Area_Type": "Subdivision", "Verification_Status": "", "Area_SqKM": 0.640706777766202}, "geometry": {"type": "Point", "coordinates": [-79.56430263216768, 36.120945305415695]}}, {"type": "Feature", "properties": {"PWSID": "NC0241209", "PWS_Name": "STERLING RIDGE S/D", "Primacy_Agency": "NC", "Population_Served_Count": 104, "Service_Connections_Count": 41, "Service_Area_Type": "Subdivision", "Verification_Status": "", "Area_SqKM": 1.1744760994488552}, "geometry": {"type": "Point", "coordinates": [-79.69125626496971, 35.976121399268834]}}, {"type": "Feature", "properties": {"PWSID": "NC0241196", "PWS_Name": "QUARTERSTONE FARM/COUNTRY XING", "Primacy_Agency": "NC", "Population_Served_Count": 683, "Service_Connections_Count": 269, "Service_Area_Type": "Subdivision", "Verification_Status": "", "Area_SqKM": 0.2899862774314324}, "geometry": {"type": "Point", "coordinates": [-79.69257280281819, 36.1890954616722]}}, {"type": "Feature", "properties": {"PWSID": "NC0239104", "PWS_Name": "LYON`S MHP", "Primacy_Agency": "NC", "Population_Served_Count": 119, "Service_Connections_Count": 53, "Service_Area_Type": "Mobile Home Park - Principal Residence", "Verification_Status": "", "Area_SqKM": 0.15816492281925731}, "geometry": {"type": "Point", "coordinates": [-78.75223858752571, 36.103392599958134]}}, {"type": "Feature", "properties": {"PWSID": "NC0239124", "PWS_Name": "GRANVILLE PINES MHP", "Primacy_Agency": "NC", "Population_Served_Count": 53, "Service_Connections_Count": 21, "Service_Area_Type": "Mobile Home Park - Principal Residence", "Verification_Status": "", "Area_SqKM": 0.09758504042307586}, "geometry": {"type": "Point", "coordinates": [-78.58485525017414, 36.38678596260765]}}, {"type": "Feature", "properties": {"PWSID": "NC0239122", "PWS_Name": "SER J`S COUNTRY LIVING MHP", "Primacy_Agency": "NC", "Population_Served_Count": 65, "Service_Connections_Count": 30, "Service_Area_Type": "Mobile Home Park - Principal Residence", "Verification_Status": "", "Area_SqKM": 0.06866630819493716}, "geometry": {"type": "Point", "coordinates": [-78.56300876280102, 36.084926712648574]}}, {"type": "Feature", "properties": {"PWSID": "NC0239103", "PWS_Name": "GRANVILLE FAMILY PARK", "Primacy_Agency": "NC", "Population_Served_Count": 232, "Service_Connections_Count": 91, "Service_Area_Type": "Mobile Home Park - Principal Residence", "Verification_Status": "", "Area_SqKM": 0.03680758138493846}, "geometry": {"type": "Point", "coordinates": [-78.61462655712808, 36.24625625726841]}}, {"type": "Feature", "properties": {"PWSID": "NC0392207", "PWS_Name": "WHISPERING PINES MHP", "Primacy_Agency": "NC", "Population_Served_Count": 25, "Service_Connections_Count": 16, "Service_Area_Type": "Mobile Home Park - Principal Residence", "Verification_Status": "", "Area_SqKM": 0.032540406879261186}, "geometry": {"type": "Point", "coordinates": [-78.58070767483306, 36.01799115033014]}}, {"type": "Feature", "properties": {"PWSID": "NC0241106", "PWS_Name": "CIRCLE M MHP", "Primacy_Agency": "NC", "Population_Served_Count": 195, "Service_Connections_Count": 72, "Service_Area_Type": "Mobile Home Park - Principal Residence", "Verification_Status": "", "Area_SqKM": 3.329359354840146}, "geometry": {"type": "Point", "coordinates": [-79.88994979891088, 36.1525912637026]}}, {"type": "Feature", "properties": {"PWSID": "NC0241105", "PWS_Name": "CEDAR PARK MHP", "Primacy_Agency": "NC", "Population_Served_Count": 112, "Service_Connections_Count": 44, "Service_Area_Type": "Mobile Home Park - Principal Residence", "Verification_Status": "", "Area_SqKM": 0.09560807051028071}, "geometry": {"type": "Point", "coordinates": [-79.78957878695641, 36.010340837812365]}}, {"type": "Feature", "properties": {"PWSID": "NC0241103", "PWS_Name": "AUTUMN FOREST MHP", "Primacy_Agency": "NC", "Population_Served_Count": 665, "Service_Connections_Count": 262, "Service_Area_Type": "Mobile Home Park - Principal Residence", "Verification_Status": "", "Area_SqKM": 0.05574996623968731}, "geometry": {"type": "Point", "coordinates": [-79.72022848052372, 36.201923593550404]}}, {"type": "Feature", "properties": {"PWSID": "NC0234115", "PWS_Name": "COUNTRY CLUB ANNEX", "Primacy_Agency": "NC", "Population_Served_Count": 38, "Service_Connections_Count": 15, "Service_Area_Type": "Subdivision", "Verification_Status": "", "Area_SqKM": 0.38372450764154736}, "geometry": {"type": "Point", "coordinates": [-79.93854204703784, 36.144687923557846]}}, {"type": "Feature", "properties": {"PWSID": "NC0217107", "PWS_Name": "MEADOWVIEW TRAILER COURT", "Primacy_Agency": "NC", "Population_Served_Count": 60, "Service_Connections_Count": 32, "Service_Area_Type": "Mobile Home Park - Principal Residence", "Verification_Status": "", "Area_SqKM": 0.09211790054700471}, "geometry": {"type": "Point", "coordinates": [-79.53205577299524, 36.467305327019716]}}, {"type": "Feature", "properties": {"PWSID": "NC0285025", "PWS_Name": "STOKES COUNTY WATER & SEWER AUTH", "Primacy_Agency": "NC", "Population_Served_Count": 420, "Service_Connections_Count": 168, "Service_Area_Type": "Residential Area", "Verification_Status": "Verified\u00a0", "Area_SqKM": 15.74329867368336}, "geometry": {"type": "Point", "coordinates": [-80.18951823573887, 36.29398770187447]}}, {"type": "Feature", "properties": {"PWSID": "NC0285010", "PWS_Name": "KING, CITY OF", "Primacy_Agency": "NC", "Population_Served_Count": 22202, "Service_Connections_Count": 8929, "Service_Area_Type": "Residential Area", "Verification_Status": "Verified\u00a0", "Area_SqKM": 128.95248271010234}, "geometry": {"type": "Point", "coordinates": [-80.37434304715977, 36.25801272970937]}}, {"type": "Feature", "properties": {"PWSID": "NC0299118", "PWS_Name": "V P MOBILE HOME PARK", "Primacy_Agency": "NC", "Population_Served_Count": 91, "Service_Connections_Count": 36, "Service_Area_Type": "Mobile Home Park - Principal Residence", "Verification_Status": "", "Area_SqKM": 0.12446675603160672}, "geometry": {"type": "Point", "coordinates": [-80.45943915581317, 36.22350768886821]}}, {"type": "Feature", "properties": {"PWSID": "NC3041104", "PWS_Name": "SHILOH SUBDIVISION", "Primacy_Agency": "NC", "Population_Served_Count": 131, "Service_Connections_Count": 52, "Service_Area_Type": "Subdivision", "Verification_Status": "", "Area_SqKM": 5.944573237603266}, "geometry": {"type": "Point", "coordinates": [-80.03028329996029, 36.21438327283778]}}, {"type": "Feature", "properties": {"PWSID": "NC6059009", "PWS_Name": "MARTIN CO WATER & SEWER DIST 2", "Primacy_Agency": "NC", "Population_Served_Count": 2746, "Service_Connections_Count": 1081, "Service_Area_Type": "Residential Area", "Verification_Status": "", "Area_SqKM": 0.9773292783958677}, "geometry": {"type": "Point", "coordinates": [-77.20597298055951, 35.82233999029612]}}, {"type": "Feature", "properties": {"PWSID": "NC0459030", "PWS_Name": "JAMESVILLE, TOWN OF", "Primacy_Agency": "NC", "Population_Served_Count": 440, "Service_Connections_Count": 195, "Service_Area_Type": "Residential Area", "Verification_Status": "Verified\u00a0", "Area_SqKM": 4.844163993426079}, "geometry": {"type": "Point", "coordinates": [-76.90371267554002, 35.803356462191104]}}, {"type": "Feature", "properties": {"PWSID": "NC0459113", "PWS_Name": "PARMELE, TOWN OF", "Primacy_Agency": "NC", "Population_Served_Count": 262, "Service_Connections_Count": 103, "Service_Area_Type": "Residential Area", "Verification_Status": "Verified\u00a0", "Area_SqKM": 2.8733365256593535}, "geometry": {"type": "Point", "coordinates": [-77.3093064482803, 35.817670677656054]}}, {"type": "Feature", "properties": {"PWSID": "NC0433015", "PWS_Name": "PINETOPS, TOWN OF", "Primacy_Agency": "NC", "Population_Served_Count": 1200, "Service_Connections_Count": 922, "Service_Area_Type": "Residential Area", "Verification_Status": "Verified\u00a0", "Area_SqKM": 2.718636057007845}, "geometry": {"type": "Point", "coordinates": [-77.64329630881991, 35.78980536365612]}}, {"type": "Feature", "properties": {"PWSID": "NC0464040", "PWS_Name": "SHARPSBURG, TOWN OF", "Primacy_Agency": "NC", "Population_Served_Count": 1945, "Service_Connections_Count": 1095, "Service_Area_Type": "Municipality", "Verification_Status": "Verified\u00a0", "Area_SqKM": 2.2648155886361017}, "geometry": {"type": "Point", "coordinates": [-77.83271670654763, 35.86910105325925]}}, {"type": "Feature", "properties": {"PWSID": "NC0494010", "PWS_Name": "PLYMOUTH WATER SYSTEM", "Primacy_Agency": "NC", "Population_Served_Count": 3243, "Service_Connections_Count": 1550, "Service_Area_Type": "Municipality", "Verification_Status": "Verified\u00a0", "Area_SqKM": 10.000847007985733}, "geometry": {"type": "Point", "coordinates": [-76.75123276275932, 35.85797755210697]}}, {"type": "Feature", "properties": {"PWSID": "NC0293104", "PWS_Name": "TWIN OAKS SHORES", "Primacy_Agency": "NC", "Population_Served_Count": 70, "Service_Connections_Count": 39, "Service_Area_Type": "Homeowners Association", "Verification_Status": "", "Area_SqKM": 0.04975603336417143}, "geometry": {"type": "Point", "coordinates": [-77.90161869199176, 36.423136740605564]}}, {"type": "Feature", "properties": {"PWSID": "NC0286143", "PWS_Name": "WOODVILLE ACRES - (PARK A)", "Primacy_Agency": "NC", "Population_Served_Count": 46, "Service_Connections_Count": 18, "Service_Area_Type": "Mobile Home Park - Principal Residence", "Verification_Status": "", "Area_SqKM": 0.1736473852442195}, "geometry": {"type": "Point", "coordinates": [-80.44598153335852, 36.415311409059626]}}, {"type": "Feature", "properties": {"PWSID": "NC0285130", "PWS_Name": "COUNTRY LIVING APTS", "Primacy_Agency": "NC", "Population_Served_Count": 66, "Service_Connections_Count": 22, "Service_Area_Type": "Residential Area", "Verification_Status": "", "Area_SqKM": 1.117134400690027}, "geometry": {"type": "Point", "coordinates": [-80.24160073628838, 36.25158247813769]}}, {"type": "Feature", "properties": {"PWSID": "NC0474055", "PWS_Name": "GRIMESLAND, TOWN OF", "Primacy_Agency": "NC", "Population_Served_Count": 332, "Service_Connections_Count": 240, "Service_Area_Type": "Residential Area", "Verification_Status": "Verified\u00a0", "Area_SqKM": 1.2707970334759262}, "geometry": {"type": "Point", "coordinates": [-77.19418331261124, 35.5648657999639]}}, {"type": "Feature", "properties": {"PWSID": "NC0351030", "PWS_Name": "KENLY, TOWN OF", "Primacy_Agency": "NC", "Population_Served_Count": 2301, "Service_Connections_Count": 861, "Service_Area_Type": "Municipality", "Verification_Status": "Verified\u00a0", "Area_SqKM": 2.1861484997766776}, "geometry": {"type": "Point", "coordinates": [-78.1238170960153, 35.59075641973406]}}, {"type": "Feature", "properties": {"PWSID": "NC0351035", "PWS_Name": "FOUR OAKS, TOWN OF", "Primacy_Agency": "NC", "Population_Served_Count": 2854, "Service_Connections_Count": 1427, "Service_Area_Type": "Municipality", "Verification_Status": "Verified\u00a0", "Area_SqKM": 2.5945676350452755}, "geometry": {"type": "Point", "coordinates": [-78.42692089444682, 35.44739989165945]}}, {"type": "Feature", "properties": {"PWSID": "NC0496025", "PWS_Name": "FREMONT, TOWN OF", "Primacy_Agency": "NC", "Population_Served_Count": 1265, "Service_Connections_Count": 804, "Service_Area_Type": "Residential Area", "Verification_Status": "Verified\u00a0", "Area_SqKM": 3.5632179715439616}, "geometry": {"type": "Point", "coordinates": [-77.97866808131786, 35.53644038130348]}}, {"type": "Feature", "properties": {"PWSID": "NC0474035", "PWS_Name": "GRIFTON, TOWN OF", "Primacy_Agency": "NC", "Population_Served_Count": 2982, "Service_Connections_Count": 1174, "Service_Area_Type": "Residential Area", "Verification_Status": "Verified\u00a0", "Area_SqKM": 4.1197432166794}, "geometry": {"type": "Point", "coordinates": [-77.42997143810237, 35.37737069826443]}}, {"type": "Feature", "properties": {"PWSID": "NC0425020", "PWS_Name": "VANCEBORO WATER SYSTEM", "Primacy_Agency": "NC", "Population_Served_Count": 1864, "Service_Connections_Count": 478, "Service_Area_Type": "Residential Area", "Verification_Status": "Verified\u00a0", "Area_SqKM": 4.9348715141702435}, "geometry": {"type": "Point", "coordinates": [-77.1550039257262, 35.29968147561243]}}, {"type": "Feature", "properties": {"PWSID": "NC0351040", "PWS_Name": "PINE LEVEL, TOWN OF", "Primacy_Agency": "NC", "Population_Served_Count": 2413, "Service_Connections_Count": 950, "Service_Area_Type": "Municipality", "Verification_Status": "Verified\u00a0", "Area_SqKM": 5.152440178514112}, "geometry": {"type": "Point", "coordinates": [-78.24543777281033, 35.49991485542181]}}, {"type": "Feature", "properties": {"PWSID": "NC0442040", "PWS_Name": "HALIFAX CO--HALIFAX", "Primacy_Agency": "NC", "Population_Served_Count": 20250, "Service_Connections_Count": 8782, "Service_Area_Type": "Residential Area", "Verification_Status": "Verified\u00a0", "Area_SqKM": 1842.6896730846324}, "geometry": {"type": "Point", "coordinates": [-77.62584321903135, 36.19711695314014]}}, {"type": "Feature", "properties": {"PWSID": "NC0496155", "PWS_Name": "WALNUT CREEK VILLAGE", "Primacy_Agency": "NC", "Population_Served_Count": 950, "Service_Connections_Count": 473, "Service_Area_Type": "Residential Area", "Verification_Status": "Verified\u00a0", "Area_SqKM": 5.335937661223839}, "geometry": {"type": "Point", "coordinates": [-77.86880061465858, 35.30578705622685]}}, {"type": "Feature", "properties": {"PWSID": "NC0440010", "PWS_Name": "SNOW HILL, TOWN OF", "Primacy_Agency": "NC", "Population_Served_Count": 2657, "Service_Connections_Count": 1304, "Service_Area_Type": "Residential Area", "Verification_Status": "Verified\u00a0", "Area_SqKM": 5.776559167745677}, "geometry": {"type": "Point", "coordinates": [-77.67482384569313, 35.45136804136994]}}, {"type": "Feature", "properties": {"PWSID": "NC0454015", "PWS_Name": "LA GRANGE WATER SYSTEM", "Primacy_Agency": "NC", "Population_Served_Count": 3167, "Service_Connections_Count": 1591, "Service_Area_Type": "Residential Area", "Verification_Status": "Verified\u00a0", "Area_SqKM": 7.130614205787741}, "geometry": {"type": "Point", "coordinates": [-77.78858516988774, 35.30951129733379]}}, {"type": "Feature", "properties": {"PWSID": "NC0351015", "PWS_Name": "SELMA, TOWN OF", "Primacy_Agency": "NC", "Population_Served_Count": 6190, "Service_Connections_Count": 2476, "Service_Area_Type": "Municipality", "Verification_Status": "Verified\u00a0", "Area_SqKM": 7.301189564364471}, "geometry": {"type": "Point", "coordinates": [-78.29078573783478, 35.53913009580484]}}, {"type": "Feature", "properties": {"PWSID": "NC0496010", "PWS_Name": "GOLDSBORO, CITY OF", "Primacy_Agency": "NC", "Population_Served_Count": 34959, "Service_Connections_Count": 15669, "Service_Area_Type": "Residential Area", "Verification_Status": "Verified\u00a0", "Area_SqKM": 69.15834895637792}, "geometry": {"type": "Point", "coordinates": [-77.96784767926498, 35.38567498664239]}}, {"type": "Feature", "properties": {"PWSID": "NC0464020", "PWS_Name": "NASHVILLE, TOWN OF", "Primacy_Agency": "NC", "Population_Served_Count": 5600, "Service_Connections_Count": 2700, "Service_Area_Type": "Residential Area", "Verification_Status": "Verified\u00a0", "Area_SqKM": 11.177274091882545}, "geometry": {"type": "Point", "coordinates": [-77.96409982003713, 35.96865053907129]}}, {"type": "Feature", "properties": {"PWSID": "NC0442020", "PWS_Name": "WELDON WATER SYSTEM", "Primacy_Agency": "NC", "Population_Served_Count": 1375, "Service_Connections_Count": 512, "Service_Area_Type": "Municipality", "Verification_Status": "Verified\u00a0", "Area_SqKM": 5.311423925116951}, "geometry": {"type": "Point", "coordinates": [-77.60680997826596, 36.42216224003733]}}, {"type": "Feature", "properties": {"PWSID": "NC0496045", "PWS_Name": "SOUTHERN WAYNE SANITARY DIST", "Primacy_Agency": "NC", "Population_Served_Count": 7793, "Service_Connections_Count": 3068, "Service_Area_Type": "Residential Area", "Verification_Status": "Verified\u00a0", "Area_SqKM": 77.49278249266051}, "geometry": {"type": "Point", "coordinates": [-78.07812110606183, 35.34320556668128]}}, {"type": "Feature", "properties": {"PWSID": "NC0474020", "PWS_Name": "FARMVILLE, TOWN OF", "Primacy_Agency": "NC", "Population_Served_Count": 8887, "Service_Connections_Count": 3499, "Service_Area_Type": "Residential Area", "Verification_Status": "Verified\u00a0", "Area_SqKM": 82.55353871827239}, "geometry": {"type": "Point", "coordinates": [-77.58053349699567, 35.57006072568615]}}, {"type": "Feature", "properties": {"PWSID": "NC0319126", "PWS_Name": "CHATHAM CO-NORTH", "Primacy_Agency": "NC", "Population_Served_Count": 23088, "Service_Connections_Count": 9235, "Service_Area_Type": "Residential Area", "Verification_Status": "Verified\u00a0", "Area_SqKM": 85.26087691551649}, "geometry": {"type": "Point", "coordinates": [-79.06323432886536, 35.79630420003668]}}, {"type": "Feature", "properties": {"PWSID": "NC0454010", "PWS_Name": "KINSTON, CITY OF", "Primacy_Agency": "NC", "Population_Served_Count": 27475, "Service_Connections_Count": 10800, "Service_Area_Type": "Residential Area", "Verification_Status": "Verified\u00a0", "Area_SqKM": 89.97045314841739}, "geometry": {"type": "Point", "coordinates": [-77.59148742980972, 35.274964711189334]}}, {"type": "Feature", "properties": {"PWSID": "NC0343025", "PWS_Name": "LILLINGTON WATER SYSTEM", "Primacy_Agency": "NC", "Population_Served_Count": 3847, "Service_Connections_Count": 1539, "Service_Area_Type": "Residential Area", "Verification_Status": "Verified\u00a0", "Area_SqKM": 8.29216147587747}, "geometry": {"type": "Point", "coordinates": [-78.82096782280041, 35.39454874720687]}}, {"type": "Feature", "properties": {"PWSID": "NC0343020", "PWS_Name": "COATS, TOWN OF", "Primacy_Agency": "NC", "Population_Served_Count": 2887, "Service_Connections_Count": 1155, "Service_Area_Type": "Residential Area", "Verification_Status": "Verified\u00a0", "Area_SqKM": 9.309859478682307}, "geometry": {"type": "Point", "coordinates": [-78.67259885266733, 35.407470336106265]}}, {"type": "Feature", "properties": {"PWSID": "NC0343015", "PWS_Name": "ANGIER, TOWN OF", "Primacy_Agency": "NC", "Population_Served_Count": 10317, "Service_Connections_Count": 4127, "Service_Area_Type": "Residential Area", "Verification_Status": "Verified\u00a0", "Area_SqKM": 13.15647775494903}, "geometry": {"type": "Point", "coordinates": [-78.74293906847566, 35.51806521624832]}}, {"type": "Feature", "properties": {"PWSID": "NC0276015", "PWS_Name": "RANDLEMAN, CITY OF", "Primacy_Agency": "NC", "Population_Served_Count": 4631, "Service_Connections_Count": 2623, "Service_Area_Type": "Residential Area", "Verification_Status": "Verified\u00a0", "Area_SqKM": 14.939549332927877}, "geometry": {"type": "Point", "coordinates": [-79.79887518321446, 35.821705834426076]}}, {"type": "Feature", "properties": {"PWSID": "NC0408055", "PWS_Name": "CLEARWATER VALLEY WATER ASSOC", "Primacy_Agency": "NC", "Population_Served_Count": 46, "Service_Connections_Count": 29, "Service_Area_Type": "Residential Area", "Verification_Status": "", "Area_SqKM": 0.023676292612288305}, "geometry": {"type": "Point", "coordinates": [-77.0139838668279, 35.98769436667348]}}, {"type": "Feature", "properties": {"PWSID": "NC0343010", "PWS_Name": "DUNN, CITY OF", "Primacy_Agency": "NC", "Population_Served_Count": 12442, "Service_Connections_Count": 4977, "Service_Area_Type": "Residential Area", "Verification_Status": "Verified\u00a0", "Area_SqKM": 19.471667974769822}, "geometry": {"type": "Point", "coordinates": [-78.61410751652625, 35.313797721465654]}}, {"type": "Feature", "properties": {"PWSID": "NC0319025", "PWS_Name": "GOLDSTON-GULF SANITARY DIST", "Primacy_Agency": "NC", "Population_Served_Count": 1285, "Service_Connections_Count": 512, "Service_Area_Type": "Residential Area", "Verification_Status": "Verified\u00a0", "Area_SqKM": 19.95988344829743}, "geometry": {"type": "Point", "coordinates": [-79.29789514030374, 35.58384114323811]}}, {"type": "Feature", "properties": {"PWSID": "NC0319015", "PWS_Name": "PITTSBORO, TOWN OF", "Primacy_Agency": "NC", "Population_Served_Count": 6060, "Service_Connections_Count": 2036, "Service_Area_Type": "Municipality", "Verification_Status": "Verified\u00a0", "Area_SqKM": 20.30917913691649}, "geometry": {"type": "Point", "coordinates": [-79.16999425658554, 35.74378532828271]}}, {"type": "Feature", "properties": {"PWSID": "NC0392050", "PWS_Name": "HOLLY SPRINGS, TOWN OF", "Primacy_Agency": "NC", "Population_Served_Count": 45058, "Service_Connections_Count": 15062, "Service_Area_Type": "Municipality", "Verification_Status": "Verified\u00a0", "Area_SqKM": 27.633756891623754}, "geometry": {"type": "Point", "coordinates": [-78.82848648218312, 35.653349368886914]}}, {"type": "Feature", "properties": {"PWSID": "NC0442035", "PWS_Name": "HOBGOOD, TOWN OF", "Primacy_Agency": "NC", "Population_Served_Count": 665, "Service_Connections_Count": 262, "Service_Area_Type": "Residential Area", "Verification_Status": "Verified\u00a0", "Area_SqKM": 2.8606469154701784}, "geometry": {"type": "Point", "coordinates": [-77.390543515945, 36.02837550330653]}}, {"type": "Feature", "properties": {"PWSID": "NC0433040", "PWS_Name": "WHITAKERS, TOWN OF", "Primacy_Agency": "NC", "Population_Served_Count": 869, "Service_Connections_Count": 337, "Service_Area_Type": "Municipality", "Verification_Status": "Verified\u00a0", "Area_SqKM": 2.014589346967802}, "geometry": {"type": "Point", "coordinates": [-77.71225973989746, 36.105361200049856]}}, {"type": "Feature", "properties": {"PWSID": "NC0466040", "PWS_Name": "WOODLAND, TOWN OF", "Primacy_Agency": "NC", "Population_Served_Count": 747, "Service_Connections_Count": 294, "Service_Area_Type": "Residential Area", "Verification_Status": "Verified\u00a0", "Area_SqKM": 3.4816919184213826}, "geometry": {"type": "Point", "coordinates": [-77.21534137692154, 36.32937120003909]}}, {"type": "Feature", "properties": {"PWSID": "NC0459025", "PWS_Name": "HAMILTON, TOWN OF", "Primacy_Agency": "NC", "Population_Served_Count": 408, "Service_Connections_Count": 279, "Service_Area_Type": "Residential Area", "Verification_Status": "Verified\u00a0", "Area_SqKM": 1.766920910690038}, "geometry": {"type": "Point", "coordinates": [-77.20802452759693, 35.943966966661705]}}, {"type": "Feature", "properties": {"PWSID": "NC0408040", "PWS_Name": "POWELLSVILLE, TOWN OF", "Primacy_Agency": "NC", "Population_Served_Count": 482, "Service_Connections_Count": 257, "Service_Area_Type": "Residential Area", "Verification_Status": "Verified\u00a0", "Area_SqKM": 1.4303017272722993}, "geometry": {"type": "Point", "coordinates": [-76.93119480490358, 36.224005051267405]}}, {"type": "Feature", "properties": {"PWSID": "NC0446020", "PWS_Name": "WINTON, TOWN OF", "Primacy_Agency": "NC", "Population_Served_Count": 756, "Service_Connections_Count": 456, "Service_Area_Type": "Residential Area", "Verification_Status": "Verified\u00a0", "Area_SqKM": 2.314341303160271}, "geometry": {"type": "Point", "coordinates": [-76.93846515673116, 36.38877915675169]}}, {"type": "Feature", "properties": {"PWSID": "NC0466015", "PWS_Name": "SEVERN, TOWN OF", "Primacy_Agency": "NC", "Population_Served_Count": 325, "Service_Connections_Count": 140, "Service_Area_Type": "Municipality", "Verification_Status": "Verified\u00a0", "Area_SqKM": 2.9017122641094897}, "geometry": {"type": "Point", "coordinates": [-77.19210519677343, 36.51482313759157]}}, {"type": "Feature", "properties": {"PWSID": "NC0408015", "PWS_Name": "AULANDER, TOWN OF", "Primacy_Agency": "NC", "Population_Served_Count": 1438, "Service_Connections_Count": 566, "Service_Area_Type": "Residential Area", "Verification_Status": "Verified\u00a0", "Area_SqKM": 6.561477697161074}, "geometry": {"type": "Point", "coordinates": [-77.11003740833235, 36.23033510424991]}}, {"type": "Feature", "properties": {"PWSID": "NC0446015", "PWS_Name": "MURFREESBORO, TOWN OF", "Primacy_Agency": "NC", "Population_Served_Count": 3645, "Service_Connections_Count": 1435, "Service_Area_Type": "Residential Area", "Verification_Status": "Verified\u00a0", "Area_SqKM": 6.563225766923186}, "geometry": {"type": "Point", "coordinates": [-77.09986195073995, 36.438297867176594]}}, {"type": "Feature", "properties": {"PWSID": "NC0421010", "PWS_Name": "EDENTON, TOWN OF", "Primacy_Agency": "NC", "Population_Served_Count": 5500, "Service_Connections_Count": 2400, "Service_Area_Type": "Residential Area", "Verification_Status": "Verified\u00a0", "Area_SqKM": 7.86435309668734}, "geometry": {"type": "Point", "coordinates": [-76.61044190266766, 36.06537848157041]}}, {"type": "Feature", "properties": {"PWSID": "NC0446030", "PWS_Name": "VILLAGE OF COFIELD", "Primacy_Agency": "NC", "Population_Served_Count": 417, "Service_Connections_Count": 182, "Service_Area_Type": "Residential Area", "Verification_Status": "Verified\u00a0", "Area_SqKM": 8.078989263635975}, "geometry": {"type": "Point", "coordinates": [-76.90753504162915, 36.35639992503348]}}, {"type": "Feature", "properties": {"PWSID": "NC0446010", "PWS_Name": "AHOSKIE, TOWN OF", "Primacy_Agency": "NC", "Population_Served_Count": 5479, "Service_Connections_Count": 2300, "Service_Area_Type": "Residential Area", "Verification_Status": "Verified\u00a0", "Area_SqKM": 8.548970607214645}, "geometry": {"type": "Point", "coordinates": [-76.98299026780809, 36.28516803648291]}}, {"type": "Feature", "properties": {"PWSID": "NC0408010", "PWS_Name": "WINDSOR, TOWN OF", "Primacy_Agency": "NC", "Population_Served_Count": 2433, "Service_Connections_Count": 1402, "Service_Area_Type": "Residential Area", "Verification_Status": "Verified\u00a0", "Area_SqKM": 8.739368310284128}, "geometry": {"type": "Point", "coordinates": [-76.94134849506716, 35.99635073899289]}}, {"type": "Feature", "properties": {"PWSID": "NC0446040", "PWS_Name": "HARRELLSVILLE, TOWN OF", "Primacy_Agency": "NC", "Population_Served_Count": 843, "Service_Connections_Count": 338, "Service_Area_Type": "Residential Area", "Verification_Status": "Verified\u00a0", "Area_SqKM": 26.118458235792705}, "geometry": {"type": "Point", "coordinates": [-76.77582602003838, 36.28611319633808]}}, {"type": "Feature", "properties": {"PWSID": "NC0446045", "PWS_Name": "HERTFORD COUNTY RURAL WATER", "Primacy_Agency": "NC", "Population_Served_Count": 7970, "Service_Connections_Count": 3166, "Service_Area_Type": "Residential Area", "Verification_Status": "Verified\u00a0", "Area_SqKM": 788.5760857408136}, "geometry": {"type": "Point", "coordinates": [-76.95098881212803, 36.41167665648946]}}, {"type": "Feature", "properties": {"PWSID": "NC0437020", "PWS_Name": "GATES COUNTY WATER SYSTEM", "Primacy_Agency": "NC", "Population_Served_Count": 11621, "Service_Connections_Count": 4575, "Service_Area_Type": "Residential Area", "Verification_Status": "Verified\u00a0", "Area_SqKM": 882.3376351442356}, "geometry": {"type": "Point", "coordinates": [-76.76032876544224, 36.37580015772227]}}, {"type": "Feature", "properties": {"PWSID": "NC0392045", "PWS_Name": "APEX, TOWN OF", "Primacy_Agency": "NC", "Population_Served_Count": 76818, "Service_Connections_Count": 24234, "Service_Area_Type": "Municipality", "Verification_Status": "Verified\u00a0", "Area_SqKM": 34.23778405529811}, "geometry": {"type": "Point", "coordinates": [-78.86120418476023, 35.727233314649794]}}, {"type": "Feature", "properties": {"PWSID": "NC0319010", "PWS_Name": "SILER CITY, TOWN OF", "Primacy_Agency": "NC", "Population_Served_Count": 8520, "Service_Connections_Count": 3653, "Service_Area_Type": "Municipality", "Verification_Status": "Verified\u00a0", "Area_SqKM": 42.29803095239172}, "geometry": {"type": "Point", "coordinates": [-79.47515368223597, 35.73441606215565]}}, {"type": "Feature", "properties": {"PWSID": "NC0276010", "PWS_Name": "ASHEBORO, CITY OF", "Primacy_Agency": "NC", "Population_Served_Count": 27472, "Service_Connections_Count": 13575, "Service_Area_Type": "Residential Area", "Verification_Status": "Verified\u00a0", "Area_SqKM": 55.189855590583974}, "geometry": {"type": "Point", "coordinates": [-79.81125343661809, 35.71625605934651]}}, {"type": "Feature", "properties": {"PWSID": "NC0319050", "PWS_Name": "CHATHAM CO-SW CHATHAM", "Primacy_Agency": "NC", "Population_Served_Count": 2470, "Service_Connections_Count": 988, "Service_Area_Type": "Residential Area", "Verification_Status": "Verified\u00a0", "Area_SqKM": 102.68159766346044}, "geometry": {"type": "Point", "coordinates": [-79.44935113480565, 35.598849200061814]}}, {"type": "Feature", "properties": {"PWSID": "NC0353010", "PWS_Name": "SANFORD, CITY OF", "Primacy_Agency": "NC", "Population_Served_Count": 48350, "Service_Connections_Count": 18961, "Service_Area_Type": "Municipality", "Verification_Status": "Verified\u00a0", "Area_SqKM": 198.59001245228205}, "geometry": {"type": "Point", "coordinates": [-79.15988457535256, 35.50701732141728]}}, {"type": "Feature", "properties": {"PWSID": "NC0351107", "PWS_Name": "BLACKMON`S MHP", "Primacy_Agency": "NC", "Population_Served_Count": 52, "Service_Connections_Count": 21, "Service_Area_Type": "Mobile Home Park - Principal Residence", "Verification_Status": "", "Area_SqKM": 0.06825310375148141}, "geometry": {"type": "Point", "coordinates": [-78.37753594705714, 35.475631336882486]}}, {"type": "Feature", "properties": {"PWSID": "NC0392131", "PWS_Name": "FARM ROAD TRAILER PARK", "Primacy_Agency": "NC", "Population_Served_Count": 28, "Service_Connections_Count": 17, "Service_Area_Type": "Mobile Home Park - Principal Residence", "Verification_Status": "", "Area_SqKM": 0.011680310920837999}, "geometry": {"type": "Point", "coordinates": [-78.6621622001327, 35.713109300040216]}}, {"type": "Feature", "properties": {"PWSID": "NC0392102", "PWS_Name": "ALL STAR MHP", "Primacy_Agency": "NC", "Population_Served_Count": 530, "Service_Connections_Count": 212, "Service_Area_Type": "Mobile Home Park - Principal Residence", "Verification_Status": "", "Area_SqKM": 0.020896837048233877}, "geometry": {"type": "Point", "coordinates": [-78.67891918516008, 35.70323912846815]}}, {"type": "Feature", "properties": {"PWSID": "NC0392321", "PWS_Name": "BLUE SKIES MH LIVING", "Primacy_Agency": "NC", "Population_Served_Count": 115, "Service_Connections_Count": 45, "Service_Area_Type": "Mobile Home Park - Principal Residence", "Verification_Status": "", "Area_SqKM": 0.022612482564156267}, "geometry": {"type": "Point", "coordinates": [-78.73635909987381, 35.67497792853004]}}, {"type": "Feature", "properties": {"PWSID": "NC0392195", "PWS_Name": "JCH MHP LLC", "Primacy_Agency": "NC", "Population_Served_Count": 50, "Service_Connections_Count": 19, "Service_Area_Type": "Mobile Home Park - Principal Residence", "Verification_Status": "", "Area_SqKM": 0.03870651869895544}, "geometry": {"type": "Point", "coordinates": [-78.75605904983395, 35.56279992492584]}}, {"type": "Feature", "properties": {"PWSID": "NC0392248", "PWS_Name": "OAK RIDGE PARK MHP", "Primacy_Agency": "NC", "Population_Served_Count": 108, "Service_Connections_Count": 42, "Service_Area_Type": "Mobile Home Park - Principal Residence", "Verification_Status": "", "Area_SqKM": 0.09473156974475123}, "geometry": {"type": "Point", "coordinates": [-78.72966009080893, 35.664435281801154]}}, {"type": "Feature", "properties": {"PWSID": "NC0392178", "PWS_Name": "PLANTATION MHP", "Primacy_Agency": "NC", "Population_Served_Count": 120, "Service_Connections_Count": 49, "Service_Area_Type": "Mobile Home Park - Principal Residence", "Verification_Status": "", "Area_SqKM": 0.13512659884942488}, "geometry": {"type": "Point", "coordinates": [-78.7392438885631, 35.59989006663661]}}, {"type": "Feature", "properties": {"PWSID": "NC0276211", "PWS_Name": "GOLDSTON`S MHP", "Primacy_Agency": "NC", "Population_Served_Count": 43, "Service_Connections_Count": 17, "Service_Area_Type": "Mobile Home Park - Principal Residence", "Verification_Status": "", "Area_SqKM": 0.1528760491765545}, "geometry": {"type": "Point", "coordinates": [-79.62775404161849, 35.76395810856923]}}, {"type": "Feature", "properties": {"PWSID": "NC0276133", "PWS_Name": "NELSON`S MHP", "Primacy_Agency": "NC", "Population_Served_Count": 119, "Service_Connections_Count": 47, "Service_Area_Type": "Mobile Home Park - Principal Residence", "Verification_Status": "", "Area_SqKM": 0.21017033746473432}, "geometry": {"type": "Point", "coordinates": [-79.86592551123721, 35.83996944468493]}}, {"type": "Feature", "properties": {"PWSID": "NC6096002", "PWS_Name": "FORK TOWNSHIP PURCHASE", "Primacy_Agency": "NC", "Population_Served_Count": 2540, "Service_Connections_Count": 1000, "Service_Area_Type": "Residential Area", "Verification_Status": "", "Area_SqKM": 5.472681951680396}, "geometry": {"type": "Point", "coordinates": [-78.06203056529479, 35.41115865476902]}}, {"type": "Feature", "properties": {"PWSID": "NC6096001", "PWS_Name": "WAYNE WATER  DISTRICTS PURCHASE", "Primacy_Agency": "NC", "Population_Served_Count": 16302, "Service_Connections_Count": 6418, "Service_Area_Type": "Residential Area", "Verification_Status": "", "Area_SqKM": 1.751329633093347}, "geometry": {"type": "Point", "coordinates": [-77.89504643867257, 35.385200309523974]}}, {"type": "Feature", "properties": {"PWSID": "NC6040000", "PWS_Name": "SHINE WATER CORPORATION", "Primacy_Agency": "NC", "Population_Served_Count": 447, "Service_Connections_Count": 166, "Service_Area_Type": "Residential Area", "Verification_Status": "", "Area_SqKM": 4.1481485761746155}, "geometry": {"type": "Point", "coordinates": [-77.78464002624857, 35.42757177563869]}}, {"type": "Feature", "properties": {"PWSID": "NC4392162", "PWS_Name": "MOBILE ESTATES", "Primacy_Agency": "NC", "Population_Served_Count": 690, "Service_Connections_Count": 272, "Service_Area_Type": "Mobile Home Park - Principal Residence", "Verification_Status": "", "Area_SqKM": 0.20435794981812605}, "geometry": {"type": "Point", "coordinates": [-78.82503208089541, 35.806093790544]}}, {"type": "Feature", "properties": {"PWSID": "NC4092134", "PWS_Name": "BLANEY FARMS S/D", "Primacy_Agency": "NC", "Population_Served_Count": 395, "Service_Connections_Count": 157, "Service_Area_Type": "Subdivision", "Verification_Status": "", "Area_SqKM": 1.527295197785483}, "geometry": {"type": "Point", "coordinates": [-78.7145326209696, 35.681952450767255]}}, {"type": "Feature", "properties": {"PWSID": "NC4092151", "PWS_Name": "CAMBERLY S/D", "Primacy_Agency": "NC", "Population_Served_Count": 203, "Service_Connections_Count": 80, "Service_Area_Type": "Subdivision", "Verification_Status": "", "Area_SqKM": 0.7293139301884161}, "geometry": {"type": "Point", "coordinates": [-78.90320869997623, 35.78667923254425]}}, {"type": "Feature", "properties": {"PWSID": "NC4092168", "PWS_Name": "OLDE MILL TRACE S/D", "Primacy_Agency": "NC", "Population_Served_Count": 394, "Service_Connections_Count": 155, "Service_Area_Type": "Subdivision", "Verification_Status": "", "Area_SqKM": 1.7756706579497648}, "geometry": {"type": "Point", "coordinates": [-78.68394202542376, 35.70923371844368]}}, {"type": "Feature", "properties": {"PWSID": "NC4092178", "PWS_Name": "STONEWOOD MANOR S/D", "Primacy_Agency": "NC", "Population_Served_Count": 127, "Service_Connections_Count": 50, "Service_Area_Type": "Subdivision", "Verification_Status": "", "Area_SqKM": 1.1500168721608492}, "geometry": {"type": "Point", "coordinates": [-78.72077781739294, 35.66477199564717]}}, {"type": "Feature", "properties": {"PWSID": "NC4098014", "PWS_Name": "WILSON CO SOUTHEAST WATER DIST", "Primacy_Agency": "NC", "Population_Served_Count": 4312, "Service_Connections_Count": 1725, "Service_Area_Type": "Residential Area", "Verification_Status": "", "Area_SqKM": 5.458924592602179}, "geometry": {"type": "Point", "coordinates": [-77.84100427097975, 35.5882287424837]}}, {"type": "Feature", "properties": {"PWSID": "NC0201035", "PWS_Name": "VILLAGE OF ALAMANCE", "Primacy_Agency": "NC", "Population_Served_Count": 1100, "Service_Connections_Count": 450, "Service_Area_Type": "Residential Area", "Verification_Status": "Verified\u00a0", "Area_SqKM": 2.0698286888295807}, "geometry": {"type": "Point", "coordinates": [-79.48658188984611, 36.02899981422896]}}, {"type": "Feature", "properties": {"PWSID": "NC0201030", "PWS_Name": "GREEN LEVEL, TOWN OF", "Primacy_Agency": "NC", "Population_Served_Count": 2450, "Service_Connections_Count": 900, "Service_Area_Type": "Residential Area", "Verification_Status": "Verified\u00a0", "Area_SqKM": 3.6579259899432426}, "geometry": {"type": "Point", "coordinates": [-79.34642282431027, 36.12441489283358]}}, {"type": "Feature", "properties": {"PWSID": "NC0201015", "PWS_Name": "GRAHAM, CITY OF", "Primacy_Agency": "NC", "Population_Served_Count": 18354, "Service_Connections_Count": 7145, "Service_Area_Type": "Residential Area", "Verification_Status": "Verified\u00a0", "Area_SqKM": 22.84346977757185}, "geometry": {"type": "Point", "coordinates": [-79.38724185593361, 36.05357459011182]}}, {"type": "Feature", "properties": {"PWSID": "NC0201010", "PWS_Name": "BURLINGTON, CITY OF", "Primacy_Agency": "NC", "Population_Served_Count": 60985, "Service_Connections_Count": 29770, "Service_Area_Type": "Residential Area", "Verification_Status": "Verified\u00a0", "Area_SqKM": 71.11990517493047}, "geometry": {"type": "Point", "coordinates": [-79.45332765248786, 36.09597389891397]}}, {"type": "Feature", "properties": {"PWSID": "NC0241025", "PWS_Name": "GIBSONVILLE, TOWN OF", "Primacy_Agency": "NC", "Population_Served_Count": 8920, "Service_Connections_Count": 4252, "Service_Area_Type": "Municipality", "Verification_Status": "Verified\u00a0", "Area_SqKM": 6.858199337783121}, "geometry": {"type": "Point", "coordinates": [-79.54183078943593, 36.09619246402623]}}, {"type": "Feature", "properties": {"PWSID": "NC0279025", "PWS_Name": "MAYODAN, TOWN OF", "Primacy_Agency": "NC", "Population_Served_Count": 2464, "Service_Connections_Count": 1610, "Service_Area_Type": "Residential Area", "Verification_Status": "Verified\u00a0", "Area_SqKM": 7.743683404460845}, "geometry": {"type": "Point", "coordinates": [-79.95801703389937, 36.424865057209]}}, {"type": "Feature", "properties": {"PWSID": "NC0279125", "PWS_Name": "WASHBURN MHP", "Primacy_Agency": "NC", "Population_Served_Count": 83, "Service_Connections_Count": 33, "Service_Area_Type": "Mobile Home Park - Principal Residence", "Verification_Status": "", "Area_SqKM": 0.2236652980552935}, "geometry": {"type": "Point", "coordinates": [-79.67392535504592, 36.308808129950336]}}, {"type": "Feature", "properties": {"PWSID": "NC0276208", "PWS_Name": "HIDDEN FOREST MHP", "Primacy_Agency": "NC", "Population_Served_Count": 380, "Service_Connections_Count": 150, "Service_Area_Type": "Mobile Home Park - Principal Residence", "Verification_Status": "", "Area_SqKM": 0.23223266121594713}, "geometry": {"type": "Point", "coordinates": [-79.81965885011397, 35.892907012487534]}}, {"type": "Feature", "properties": {"PWSID": "NC0368122", "PWS_Name": "MAPLE RIDGE MHP", "Primacy_Agency": "NC", "Population_Served_Count": 216, "Service_Connections_Count": 85, "Service_Area_Type": "Mobile Home Park - Principal Residence", "Verification_Status": "", "Area_SqKM": 1.718294862785431}, "geometry": {"type": "Point", "coordinates": [-79.11859052147075, 36.117850922778125]}}, {"type": "Feature", "properties": {"PWSID": "NC0319128", "PWS_Name": "CEDAR LAKE CONDO", "Primacy_Agency": "NC", "Population_Served_Count": 40, "Service_Connections_Count": 20, "Service_Area_Type": "Residential Area", "Verification_Status": "", "Area_SqKM": 0.12038990584865213}, "geometry": {"type": "Point", "coordinates": [-79.08667896113882, 35.86767280143346]}}, {"type": "Feature", "properties": {"PWSID": "NC0319120", "PWS_Name": "CHATHAM PINES LLC", "Primacy_Agency": "NC", "Population_Served_Count": 98, "Service_Connections_Count": 49, "Service_Area_Type": "Mobile Home Park - Principal Residence", "Verification_Status": "", "Area_SqKM": 0.10113193748010894}, "geometry": {"type": "Point", "coordinates": [-79.08617342345468, 35.84340597488]}}, {"type": "Feature", "properties": {"PWSID": "NC0326010", "PWS_Name": "FAYETTEVILLE PUBLIC WORKS COMM", "Primacy_Agency": "NC", "Population_Served_Count": 215590, "Service_Connections_Count": 86236, "Service_Area_Type": "Residential Area", "Verification_Status": "Verified\u00a0", "Area_SqKM": 501.38683712303026}, "geometry": {"type": "Point", "coordinates": [-78.91939418487406, 35.0452955116291]}}, {"type": "Feature", "properties": {"PWSID": "NC0454020", "PWS_Name": "PINK HILL, TOWN OF", "Primacy_Agency": "NC", "Population_Served_Count": 950, "Service_Connections_Count": 356, "Service_Area_Type": "Residential Area", "Verification_Status": "Verified\u00a0", "Area_SqKM": 1.880357235769673}, "geometry": {"type": "Point", "coordinates": [-77.74040300853633, 35.059730800009696]}}, {"type": "Feature", "properties": {"PWSID": "NC0201202", "PWS_Name": "RUSSETTE MEADOWS MHP", "Primacy_Agency": "NC", "Population_Served_Count": 65, "Service_Connections_Count": 30, "Service_Area_Type": "Mobile Home Park - Principal Residence", "Verification_Status": "", "Area_SqKM": 0.10145607099116959}, "geometry": {"type": "Point", "coordinates": [-79.43055386967585, 36.010062069739234]}}, {"type": "Feature", "properties": {"PWSID": "NC0201190", "PWS_Name": "MAPLE VIEW MHP", "Primacy_Agency": "NC", "Population_Served_Count": 96, "Service_Connections_Count": 38, "Service_Area_Type": "Mobile Home Park - Principal Residence", "Verification_Status": "", "Area_SqKM": 2.784040510541868}, "geometry": {"type": "Point", "coordinates": [-79.29046296302052, 36.01244150956016]}}, {"type": "Feature", "properties": {"PWSID": "NC0201188", "PWS_Name": "LINEBERRY MHP", "Primacy_Agency": "NC", "Population_Served_Count": 82, "Service_Connections_Count": 32, "Service_Area_Type": "Mobile Home Park - Principal Residence", "Verification_Status": "", "Area_SqKM": 0.3259147774181307}, "geometry": {"type": "Point", "coordinates": [-79.3725682749902, 36.03262469997673]}}, {"type": "Feature", "properties": {"PWSID": "NC0201120", "PWS_Name": "MEADOWLANE ESTATES MHP", "Primacy_Agency": "NC", "Population_Served_Count": 48, "Service_Connections_Count": 20, "Service_Area_Type": "Mobile Home Park - Principal Residence", "Verification_Status": "", "Area_SqKM": 0.6462013302232461}, "geometry": {"type": "Point", "coordinates": [-79.49635008244202, 36.03540337669803]}}, {"type": "Feature", "properties": {"PWSID": "NC0201018", "PWS_Name": "MEBANE, CITY OF", "Primacy_Agency": "NC", "Population_Served_Count": 20212, "Service_Connections_Count": 7396, "Service_Area_Type": "Residential Area", "Verification_Status": "", "Area_SqKM": 11.75636402435457}, "geometry": {"type": "Point", "coordinates": [-79.27132416951835, 36.08373216459667]}}, {"type": "Feature", "properties": {"PWSID": "NC0285020", "PWS_Name": "DANBURY, TOWN OF", "Primacy_Agency": "NC", "Population_Served_Count": 250, "Service_Connections_Count": 98, "Service_Area_Type": "Residential Area", "Verification_Status": "Verified\u00a0", "Area_SqKM": 1.216464611153376}, "geometry": {"type": "Point", "coordinates": [-80.21626548579857, 36.41128066273435]}}, {"type": "Feature", "properties": {"PWSID": "NC0299025", "PWS_Name": "EAST BEND, TOWN OF", "Primacy_Agency": "NC", "Population_Served_Count": 1466, "Service_Connections_Count": 577, "Service_Area_Type": "Residential Area", "Verification_Status": "Verified\u00a0", "Area_SqKM": 3.3384522596679735}, "geometry": {"type": "Point", "coordinates": [-80.50676702503856, 36.21535708486334]}}, {"type": "Feature", "properties": {"PWSID": "NC0326020", "PWS_Name": "SPRING LAKE, TOWN OF", "Primacy_Agency": "NC", "Population_Served_Count": 11725, "Service_Connections_Count": 4616, "Service_Area_Type": "Residential Area", "Verification_Status": "Verified\u00a0", "Area_SqKM": 18.288108220286677}, "geometry": {"type": "Point", "coordinates": [-78.97620932289173, 35.18878514069468]}}, {"type": "Feature", "properties": {"PWSID": "NC0326035", "PWS_Name": "FALCON WATER SYSTEM", "Primacy_Agency": "NC", "Population_Served_Count": 714, "Service_Connections_Count": 266, "Service_Area_Type": "Residential Area", "Verification_Status": "Verified\u00a0", "Area_SqKM": 5.5856056507480565}, "geometry": {"type": "Point", "coordinates": [-78.65745372065903, 35.19726271890217]}}, {"type": "Feature", "properties": {"PWSID": "NC0496015", "PWS_Name": "MOUNT OLIVE, TOWN OF", "Primacy_Agency": "NC", "Population_Served_Count": 4190, "Service_Connections_Count": 2800, "Service_Area_Type": "Residential Area", "Verification_Status": "Verified\u00a0", "Area_SqKM": 6.550091639815164}, "geometry": {"type": "Point", "coordinates": [-78.06854431219529, 35.200808829275616]}}, {"type": "Feature", "properties": {"PWSID": "NC0431045", "PWS_Name": "CALYPSO, TOWN OF", "Primacy_Agency": "NC", "Population_Served_Count": 660, "Service_Connections_Count": 260, "Service_Area_Type": "Municipality", "Verification_Status": "Verified\u00a0", "Area_SqKM": 2.5682454727812023}, "geometry": {"type": "Point", "coordinates": [-78.10726975985577, 35.154157299994104]}}, {"type": "Feature", "properties": {"PWSID": "NC0431040", "PWS_Name": "FAISON, TOWN OF", "Primacy_Agency": "NC", "Population_Served_Count": 1410, "Service_Connections_Count": 555, "Service_Area_Type": "Municipality", "Verification_Status": "Verified\u00a0", "Area_SqKM": 2.1530746480070104}, "geometry": {"type": "Point", "coordinates": [-78.13797248465177, 35.11732441273393]}}, {"type": "Feature", "properties": {"PWSID": "NC0425025", "PWS_Name": "DOVER, TOWN OF", "Primacy_Agency": "NC", "Population_Served_Count": 425, "Service_Connections_Count": 222, "Service_Area_Type": "Residential Area", "Verification_Status": "Verified\u00a0", "Area_SqKM": 1.972292449612331}, "geometry": {"type": "Point", "coordinates": [-77.43742755413722, 35.21703832434057]}}, {"type": "Feature", "properties": {"PWSID": "NC0425045", "PWS_Name": "COVE CITY, TOWN OF", "Primacy_Agency": "NC", "Population_Served_Count": 440, "Service_Connections_Count": 259, "Service_Area_Type": "Residential Area", "Verification_Status": "Verified\u00a0", "Area_SqKM": 1.8448489306995839}, "geometry": {"type": "Point", "coordinates": [-77.31952790284679, 35.189802094017196]}}, {"type": "Feature", "properties": {"PWSID": "NC0201174", "PWS_Name": "MAPLE OAKS MHP", "Primacy_Agency": "NC", "Population_Served_Count": 84, "Service_Connections_Count": 33, "Service_Area_Type": "Mobile Home Park - Principal Residence", "Verification_Status": "", "Area_SqKM": 0.11315282803900882}, "geometry": {"type": "Point", "coordinates": [-79.55650742958727, 35.813168747227586]}}, {"type": "Feature", "properties": {"PWSID": "NC0235137", "PWS_Name": "SLEEPY CREEK MHP (WELLS 3,4,5)", "Primacy_Agency": "NC", "Population_Served_Count": 84, "Service_Connections_Count": 33, "Service_Area_Type": "Mobile Home Park - Principal Residence", "Verification_Status": "", "Area_SqKM": 0.6483230658641103}, "geometry": {"type": "Point", "coordinates": [-78.41207628584272, 35.977165651420556]}}, {"type": "Feature", "properties": {"PWSID": "NC0319124", "PWS_Name": "COUNTRY ESTATES MHP", "Primacy_Agency": "NC", "Population_Served_Count": 60, "Service_Connections_Count": 34, "Service_Area_Type": "Mobile Home Park - Principal Residence", "Verification_Status": "", "Area_SqKM": 0.1059129761592107}, "geometry": {"type": "Point", "coordinates": [-78.98728072470935, 35.74133684839988]}}, {"type": "Feature", "properties": {"PWSID": "NC0319133", "PWS_Name": "MANNSFIELD CONDOMINIUMS", "Primacy_Agency": "NC", "Population_Served_Count": 41, "Service_Connections_Count": 16, "Service_Area_Type": "Residential Area", "Verification_Status": "", "Area_SqKM": 1.8279158583919548}, "geometry": {"type": "Point", "coordinates": [-79.11226279679457, 35.82938739072766]}}, {"type": "Feature", "properties": {"PWSID": "NC0319431", "PWS_Name": "THREE POINTS CENTER", "Primacy_Agency": "NC", "Population_Served_Count": 0, "Service_Connections_Count": 4, "Service_Area_Type": "Other Residential", "Verification_Status": "", "Area_SqKM": 0.09331521857314012}, "geometry": {"type": "Point", "coordinates": [-79.42026871662814, 35.724051916624596]}}, {"type": "Feature", "properties": {"PWSID": "NC0326210", "PWS_Name": "OVERHILLS WATER COMPANY", "Primacy_Agency": "NC", "Population_Served_Count": 723, "Service_Connections_Count": 285, "Service_Area_Type": "Residential Area", "Verification_Status": "", "Area_SqKM": 0.3145291772863906}, "geometry": {"type": "Point", "coordinates": [-79.03974542480677, 35.26655839601485]}}, {"type": "Feature", "properties": {"PWSID": "NC0326331", "PWS_Name": "CIRCLE D MHP", "Primacy_Agency": "NC", "Population_Served_Count": 91, "Service_Connections_Count": 29, "Service_Area_Type": "Mobile Home Park - Principal Residence", "Verification_Status": "", "Area_SqKM": 0.01296878389158494}, "geometry": {"type": "Point", "coordinates": [-78.79148059990405, 35.25637141180626]}}, {"type": "Feature", "properties": {"PWSID": "NC0363554", "PWS_Name": "CAMERON BOYS CAMP", "Primacy_Agency": "NC", "Population_Served_Count": 75, "Service_Connections_Count": 11, "Service_Area_Type": "Other Residential", "Verification_Status": "", "Area_SqKM": 0.041094784474720585}, "geometry": {"type": "Point", "coordinates": [-79.0222328331162, 35.260697966738135]}}, {"type": "Feature", "properties": {"PWSID": "NC0392060", "PWS_Name": "FELTONSVILLE COMM ORGANIZATION", "Primacy_Agency": "NC", "Population_Served_Count": 225, "Service_Connections_Count": 73, "Service_Area_Type": "Residential Area", "Verification_Status": "", "Area_SqKM": 0.7434110404769783}, "geometry": {"type": "Point", "coordinates": [-78.97219020230578, 35.797515903627804]}}, {"type": "Feature", "properties": {"PWSID": "NC0392091", "PWS_Name": "LITTLE JOHN ACRES", "Primacy_Agency": "NC", "Population_Served_Count": 63, "Service_Connections_Count": 25, "Service_Area_Type": "Mobile Home Park - Principal Residence", "Verification_Status": "", "Area_SqKM": 0.06951069398126425}, "geometry": {"type": "Point", "coordinates": [-78.69501304827011, 35.60226212068024]}}, {"type": "Feature", "properties": {"PWSID": "NC0392092", "PWS_Name": "COUNTRY CREEK S/D", "Primacy_Agency": "NC", "Population_Served_Count": 176, "Service_Connections_Count": 69, "Service_Area_Type": "Mobile Home Park - Principal Residence", "Verification_Status": "", "Area_SqKM": 0.09355253625520765}, "geometry": {"type": "Point", "coordinates": [-78.85243678335564, 35.59527063893018]}}, {"type": "Feature", "properties": {"PWSID": "NC0392095", "PWS_Name": "AMHERST S/D", "Primacy_Agency": "NC", "Population_Served_Count": 325, "Service_Connections_Count": 128, "Service_Area_Type": "Subdivision", "Verification_Status": "", "Area_SqKM": 0.29976378263909137}, "geometry": {"type": "Point", "coordinates": [-78.73512628474549, 35.645237728226874]}}, {"type": "Feature", "properties": {"PWSID": "NC0392099", "PWS_Name": "JORDAN WOODS S/D", "Primacy_Agency": "NC", "Population_Served_Count": 70, "Service_Connections_Count": 34, "Service_Area_Type": "Subdivision", "Verification_Status": "", "Area_SqKM": 2.1186049243598783}, "geometry": {"type": "Point", "coordinates": [-78.61413665485904, 35.61362231643992]}}, {"type": "Feature", "properties": {"PWSID": "NC0392113", "PWS_Name": "HORSESHOE MOBILE ESTATES", "Primacy_Agency": "NC", "Population_Served_Count": 255, "Service_Connections_Count": 109, "Service_Area_Type": "Mobile Home Park - Principal Residence", "Verification_Status": "", "Area_SqKM": 0.04764822201717735}, "geometry": {"type": "Point", "coordinates": [-78.68475311712771, 35.698890789672745]}}, {"type": "Feature", "properties": {"PWSID": "NC0474045", "PWS_Name": "BELL ARTHUR WATER CORP", "Primacy_Agency": "NC", "Population_Served_Count": 11483, "Service_Connections_Count": 4521, "Service_Area_Type": "Residential Area", "Verification_Status": "Verified\u00a0", "Area_SqKM": 310.3860693150557}, "geometry": {"type": "Point", "coordinates": [-77.47220303678678, 35.51759967430654]}}, {"type": "Feature", "properties": {"PWSID": "NC0454025", "PWS_Name": "NORTH LENOIR WATER CORP", "Primacy_Agency": "NC", "Population_Served_Count": 15494, "Service_Connections_Count": 6100, "Service_Area_Type": "Residential Area", "Verification_Status": "Verified\u00a0", "Area_SqKM": 380.4455094180576}, "geometry": {"type": "Point", "coordinates": [-77.5448394027184, 35.34464877400276]}}, {"type": "Feature", "properties": {"PWSID": "NC0474015", "PWS_Name": "EASTERN PINES WATER CORP", "Primacy_Agency": "NC", "Population_Served_Count": 23000, "Service_Connections_Count": 10000, "Service_Area_Type": "Residential Area", "Verification_Status": "Verified\u00a0", "Area_SqKM": 524.4479049344264}, "geometry": {"type": "Point", "coordinates": [-77.30482916558326, 35.482126571746456]}}, {"type": "Feature", "properties": {"PWSID": "NC0343045", "PWS_Name": "HARNETT REGIONAL WATER", "Primacy_Agency": "NC", "Population_Served_Count": 116892, "Service_Connections_Count": 46757, "Service_Area_Type": "Residential Area", "Verification_Status": "Verified\u00a0", "Area_SqKM": 1456.9129986403113}, "geometry": {"type": "Point", "coordinates": [-78.7583242545975, 35.3361965116461]}}, {"type": "Feature", "properties": {"PWSID": "NC0276215", "PWS_Name": "SCENIC OAKS MHP", "Primacy_Agency": "NC", "Population_Served_Count": 79, "Service_Connections_Count": 31, "Service_Area_Type": "Mobile Home Park - Principal Residence", "Verification_Status": "", "Area_SqKM": 0.10398632159738705}, "geometry": {"type": "Point", "coordinates": [-79.69956307769647, 35.689152255625665]}}, {"type": "Feature", "properties": {"PWSID": "NC0351176", "PWS_Name": "CLEVELAND MHP", "Primacy_Agency": "NC", "Population_Served_Count": 107, "Service_Connections_Count": 42, "Service_Area_Type": "Mobile Home Park - Principal Residence", "Verification_Status": "", "Area_SqKM": 0.23016692394133262}, "geometry": {"type": "Point", "coordinates": [-78.55462467579899, 35.56399734288213]}}, {"type": "Feature", "properties": {"PWSID": "NC0440015", "PWS_Name": "MAURY WATER ASSOCIATION", "Primacy_Agency": "NC", "Population_Served_Count": 468, "Service_Connections_Count": 226, "Service_Area_Type": "Residential Area", "Verification_Status": "", "Area_SqKM": 1.0818773275257074}, "geometry": {"type": "Point", "coordinates": [-77.70147295808457, 35.54913351935565]}}, {"type": "Feature", "properties": {"PWSID": "NC0440022", "PWS_Name": "JASON WATER CORPORATION", "Primacy_Agency": "NC", "Population_Served_Count": 331, "Service_Connections_Count": 123, "Service_Area_Type": "Residential Area", "Verification_Status": "", "Area_SqKM": 1.2615283980509326}, "geometry": {"type": "Point", "coordinates": [-77.76974545185873, 35.3930587531412]}}, {"type": "Feature", "properties": {"PWSID": "NC0454109", "PWS_Name": "GREEN ACRES MHP", "Primacy_Agency": "NC", "Population_Served_Count": 229, "Service_Connections_Count": 83, "Service_Area_Type": "Mobile Home Park - Principal Residence", "Verification_Status": "", "Area_SqKM": 0.023798932488040592}, "geometry": {"type": "Point", "coordinates": [-77.64095967050964, 35.317094444345486]}}, {"type": "Feature", "properties": {"PWSID": "NC0496055", "PWS_Name": "SEYMOUR JOHNSON AFB", "Primacy_Agency": "NC", "Population_Served_Count": 6875, "Service_Connections_Count": 2750, "Service_Area_Type": "Residential Area", "Verification_Status": "", "Area_SqKM": 3.962745198135803}, "geometry": {"type": "Point", "coordinates": [-78.01282319939097, 35.42757561913137]}}, {"type": "Feature", "properties": {"PWSID": "NC4051006", "PWS_Name": "PINE LEVEL, TOWN OF (FIRETOWER)", "Primacy_Agency": "NC", "Population_Served_Count": 238, "Service_Connections_Count": 95, "Service_Area_Type": "Municipality", "Verification_Status": "", "Area_SqKM": 0.230247894024276}, "geometry": {"type": "Point", "coordinates": [-78.26000152206943, 35.51004837361066]}}, {"type": "Feature", "properties": {"PWSID": "NC4051007", "PWS_Name": "SMITHFIELD SOUTH WATER DIST", "Primacy_Agency": "NC", "Population_Served_Count": 660, "Service_Connections_Count": 246, "Service_Area_Type": "Municipality", "Verification_Status": "", "Area_SqKM": 13.441252580071174}, "geometry": {"type": "Point", "coordinates": [-78.43074317365244, 35.55792398606728]}}, {"type": "Feature", "properties": {"PWSID": "NC4051008", "PWS_Name": "MICRO, TOWN OF (COUNTY LINE)", "Primacy_Agency": "NC", "Population_Served_Count": 107, "Service_Connections_Count": 43, "Service_Area_Type": "Residential Area", "Verification_Status": "", "Area_SqKM": 0.8036170817670603}, "geometry": {"type": "Point", "coordinates": [-78.20267991666424, 35.56556495006986]}}, {"type": "Feature", "properties": {"PWSID": "NC4051009", "PWS_Name": "SELMA, TOWN OF (COUNTY LINE)", "Primacy_Agency": "NC", "Population_Served_Count": 642, "Service_Connections_Count": 257, "Service_Area_Type": "Municipality", "Verification_Status": "", "Area_SqKM": 0.48812264620582324}, "geometry": {"type": "Point", "coordinates": [-78.14012563517228, 35.58780682365066]}}, {"type": "Feature", "properties": {"PWSID": "NC4051018", "PWS_Name": "JOHNSTON CO-EAST", "Primacy_Agency": "NC", "Population_Served_Count": 22967, "Service_Connections_Count": 9042, "Service_Area_Type": "Residential Area", "Verification_Status": "", "Area_SqKM": 1.807234169860915}, "geometry": {"type": "Point", "coordinates": [-78.38458399291079, 35.45898045971297]}}, {"type": "Feature", "properties": {"PWSID": "NC4092069", "PWS_Name": "CHATHAM ESTATES MHP", "Primacy_Agency": "NC", "Population_Served_Count": 366, "Service_Connections_Count": 144, "Service_Area_Type": "Mobile Home Park - Principal Residence", "Verification_Status": "", "Area_SqKM": 0.043000911300805814}, "geometry": {"type": "Point", "coordinates": [-78.74402589183721, 35.784627891568064]}}, {"type": "Feature", "properties": {"PWSID": "NC4392182", "PWS_Name": "AMBER RIDGE S/D", "Primacy_Agency": "NC", "Population_Served_Count": 742, "Service_Connections_Count": 292, "Service_Area_Type": "Subdivision", "Verification_Status": "", "Area_SqKM": 1.4765399611440322}, "geometry": {"type": "Point", "coordinates": [-78.43278161068638, 35.768126436083996]}}, {"type": "Feature", "properties": {"PWSID": "NC4392195", "PWS_Name": "EAGLES CROSSING S/D", "Primacy_Agency": "NC", "Population_Served_Count": 196, "Service_Connections_Count": 77, "Service_Area_Type": "Subdivision", "Verification_Status": "", "Area_SqKM": 1.7147761645834956}, "geometry": {"type": "Point", "coordinates": [-78.40846854601706, 35.77902627100537]}}, {"type": "Feature", "properties": {"PWSID": "NC4392228", "PWS_Name": "RUTLEDGE LANDING S/D", "Primacy_Agency": "NC", "Population_Served_Count": 713, "Service_Connections_Count": 285, "Service_Area_Type": "Subdivision", "Verification_Status": "", "Area_SqKM": 0.3546334006802726}, "geometry": {"type": "Point", "coordinates": [-78.45970965233725, 35.7467882111019]}}, {"type": "Feature", "properties": {"PWSID": "NC0392212", "PWS_Name": "BURNETTE`S MHP", "Primacy_Agency": "NC", "Population_Served_Count": 47, "Service_Connections_Count": 34, "Service_Area_Type": "Mobile Home Park - Principal Residence", "Verification_Status": "", "Area_SqKM": 0.02332779839656271}, "geometry": {"type": "Point", "coordinates": [-78.66044977501915, 35.6457265001107]}}, {"type": "Feature", "properties": {"PWSID": "NC0392121", "PWS_Name": "COUNTRY SQUIRE MOBILE ESTATES", "Primacy_Agency": "NC", "Population_Served_Count": 85, "Service_Connections_Count": 38, "Service_Area_Type": "Mobile Home Park - Principal Residence", "Verification_Status": "", "Area_SqKM": 0.09461555699465106}, "geometry": {"type": "Point", "coordinates": [-78.36066498581168, 35.81789745708409]}}, {"type": "Feature", "properties": {"PWSID": "NC0392122", "PWS_Name": "DAVIS TOWN MHP", "Primacy_Agency": "NC", "Population_Served_Count": 119, "Service_Connections_Count": 47, "Service_Area_Type": "Mobile Home Park - Principal Residence", "Verification_Status": "", "Area_SqKM": 0.07229190180814758}, "geometry": {"type": "Point", "coordinates": [-78.43228416678645, 35.84034744478477]}}, {"type": "Feature", "properties": {"PWSID": "NC0392228", "PWS_Name": "PLEASANT HILL MOBILE ESTATES", "Primacy_Agency": "NC", "Population_Served_Count": 62, "Service_Connections_Count": 25, "Service_Area_Type": "Mobile Home Park - Principal Residence", "Verification_Status": "", "Area_SqKM": 0.042291619208295154}, "geometry": {"type": "Point", "coordinates": [-78.36997501229271, 35.838200237476116]}}, {"type": "Feature", "properties": {"PWSID": "NC0392010", "PWS_Name": "RALEIGH, CITY OF", "Primacy_Agency": "NC", "Population_Served_Count": 640000, "Service_Connections_Count": 200114, "Service_Area_Type": "Municipality", "Verification_Status": "Verified\u00a0", "Area_SqKM": 362.2939806367468}, "geometry": {"type": "Point", "coordinates": [-78.63851661265211, 35.81570341391098]}}, {"type": "Feature", "properties": {"PWSID": "NC0498010", "PWS_Name": "WILSON, CITY OF", "Primacy_Agency": "NC", "Population_Served_Count": 50001, "Service_Connections_Count": 20274, "Service_Area_Type": "Municipality", "Verification_Status": "Verified\u00a0", "Area_SqKM": 96.8540144333205}, "geometry": {"type": "Point", "coordinates": [-77.92309617608794, 35.7249784521539]}}, {"type": "Feature", "properties": {"PWSID": "NC4392153", "PWS_Name": "LINDSEY POINT S/D", "Primacy_Agency": "NC", "Population_Served_Count": 76, "Service_Connections_Count": 30, "Service_Area_Type": "Subdivision", "Verification_Status": "", "Area_SqKM": 0.6746339167888646}, "geometry": {"type": "Point", "coordinates": [-78.31209213014404, 35.81914429178323]}}, {"type": "Feature", "properties": {"PWSID": "NC4392141", "PWS_Name": "SOUTHERN TRACE S/D", "Primacy_Agency": "NC", "Population_Served_Count": 485, "Service_Connections_Count": 191, "Service_Area_Type": "Subdivision", "Verification_Status": "", "Area_SqKM": 0.7379748698459696}, "geometry": {"type": "Point", "coordinates": [-78.60762532816715, 35.638303736105684]}}, {"type": "Feature", "properties": {"PWSID": "NC0464025", "PWS_Name": "SPRING HOPE, TOWN OF", "Primacy_Agency": "NC", "Population_Served_Count": 1312, "Service_Connections_Count": 722, "Service_Area_Type": "Municipality", "Verification_Status": "Verified\u00a0", "Area_SqKM": 3.7460282211374283}, "geometry": {"type": "Point", "coordinates": [-78.10623325669253, 35.94417499150939]}}, {"type": "Feature", "properties": {"PWSID": "NC4098012", "PWS_Name": "WILSON CO SOUTHWEST WATER DIST", "Primacy_Agency": "NC", "Population_Served_Count": 5370, "Service_Connections_Count": 2148, "Service_Area_Type": "Residential Area", "Verification_Status": "", "Area_SqKM": 1.4031214962102532}, "geometry": {"type": "Point", "coordinates": [-78.01489143125234, 35.78514446718875]}}, {"type": "Feature", "properties": {"PWSID": "NC4092166", "PWS_Name": "SWEETWATER S/D", "Primacy_Agency": "NC", "Population_Served_Count": 110, "Service_Connections_Count": 44, "Service_Area_Type": "Subdivision", "Verification_Status": "", "Area_SqKM": 3.27005484075997}, "geometry": {"type": "Point", "coordinates": [-78.4871575338668, 35.730142509680334]}}, {"type": "Feature", "properties": {"PWSID": "NC4092073", "PWS_Name": "ROCKBRIDGE S/D", "Primacy_Agency": "NC", "Population_Served_Count": 1042, "Service_Connections_Count": 410, "Service_Area_Type": "Subdivision", "Verification_Status": "", "Area_SqKM": 3.5814012758547746}, "geometry": {"type": "Point", "coordinates": [-78.50531717371808, 35.78607052516467]}}, {"type": "Feature", "properties": {"PWSID": "NC4051019", "PWS_Name": "TOWN OF CLAYTON - NORTH", "Primacy_Agency": "NC", "Population_Served_Count": 4523, "Service_Connections_Count": 1471, "Service_Area_Type": "Residential Area", "Verification_Status": "", "Area_SqKM": 4.213177453328436}, "geometry": {"type": "Point", "coordinates": [-78.42957517343119, 35.690998339562086]}}, {"type": "Feature", "properties": {"PWSID": "NC4051012", "PWS_Name": "WINSTON POINTE S/D", "Primacy_Agency": "NC", "Population_Served_Count": 1326, "Service_Connections_Count": 522, "Service_Area_Type": "Subdivision", "Verification_Status": "", "Area_SqKM": 1.1763185260510485}, "geometry": {"type": "Point", "coordinates": [-78.51289263171971, 35.65183872370177]}}, {"type": "Feature", "properties": {"PWSID": "NC0392400", "PWS_Name": "STEWARTS RIDGE S/D", "Primacy_Agency": "NC", "Population_Served_Count": 125, "Service_Connections_Count": 49, "Service_Area_Type": "Subdivision", "Verification_Status": "", "Area_SqKM": 0.17838066197356833}, "geometry": {"type": "Point", "coordinates": [-78.38368562814952, 35.76084948468531]}}, {"type": "Feature", "properties": {"PWSID": "NC0392346", "PWS_Name": "AMBER ACRES NORTH S/D", "Primacy_Agency": "NC", "Population_Served_Count": 752, "Service_Connections_Count": 309, "Service_Area_Type": "Subdivision", "Verification_Status": "", "Area_SqKM": 0.295077641438523}, "geometry": {"type": "Point", "coordinates": [-78.42577815177066, 35.7663394595228]}}, {"type": "Feature", "properties": {"PWSID": "NC0392341", "PWS_Name": "ASHLEY HILLS NORTH S/D", "Primacy_Agency": "NC", "Population_Served_Count": 602, "Service_Connections_Count": 237, "Service_Area_Type": "Subdivision", "Verification_Status": "", "Area_SqKM": 0.4617015880327043}, "geometry": {"type": "Point", "coordinates": [-78.45653744613989, 35.7669099205245]}}, {"type": "Feature", "properties": {"PWSID": "NC0392303", "PWS_Name": "MOBILE HILL ESTATE  NO 3", "Primacy_Agency": "NC", "Population_Served_Count": 105, "Service_Connections_Count": 35, "Service_Area_Type": "Mobile Home Park - Principal Residence", "Verification_Status": "", "Area_SqKM": 0.5393758037430232}, "geometry": {"type": "Point", "coordinates": [-78.60459375828928, 35.65831708562002]}}, {"type": "Feature", "properties": {"PWSID": "NC0392297", "PWS_Name": "OAK GROVE OF KNIGHTDALE", "Primacy_Agency": "NC", "Population_Served_Count": 122, "Service_Connections_Count": 48, "Service_Area_Type": "Mobile Home Park - Principal Residence", "Verification_Status": "", "Area_SqKM": 0.010282311747055569}, "geometry": {"type": "Point", "coordinates": [-78.40021265996803, 35.83425801995705]}}, {"type": "Feature", "properties": {"PWSID": "NC0392236", "PWS_Name": "AMBER ACRES", "Primacy_Agency": "NC", "Population_Served_Count": 239, "Service_Connections_Count": 94, "Service_Area_Type": "Subdivision", "Verification_Status": "", "Area_SqKM": 1.0379804939103945}, "geometry": {"type": "Point", "coordinates": [-78.44833867582294, 35.76617531980213]}}, {"type": "Feature", "properties": {"PWSID": "NC0392223", "PWS_Name": "GREEN PINES PARK", "Primacy_Agency": "NC", "Population_Served_Count": 66, "Service_Connections_Count": 27, "Service_Area_Type": "Mobile Home Park - Principal Residence", "Verification_Status": "", "Area_SqKM": 0.015795463428966747}, "geometry": {"type": "Point", "coordinates": [-78.65390419998275, 35.7028496000555]}}, {"type": "Feature", "properties": {"PWSID": "NC0392218", "PWS_Name": "BAYWOOD FOREST S/D", "Primacy_Agency": "NC", "Population_Served_Count": 533, "Service_Connections_Count": 210, "Service_Area_Type": "Subdivision", "Verification_Status": "", "Area_SqKM": 1.3563436018538515}, "geometry": {"type": "Point", "coordinates": [-78.46628435592399, 35.768230748843955]}}, {"type": "Feature", "properties": {"PWSID": "NC0392214", "PWS_Name": "KNIGHTDALE MHP ESTATES LLC", "Primacy_Agency": "NC", "Population_Served_Count": 285, "Service_Connections_Count": 112, "Service_Area_Type": "Mobile Home Park - Principal Residence", "Verification_Status": "", "Area_SqKM": 0.39166222205166523}, "geometry": {"type": "Point", "coordinates": [-78.51333670611953, 35.759287888021284]}}, {"type": "Feature", "properties": {"PWSID": "NC0392180", "PWS_Name": "JEFFREYS MHP  NO 2", "Primacy_Agency": "NC", "Population_Served_Count": 115, "Service_Connections_Count": 47, "Service_Area_Type": "Mobile Home Park - Principal Residence", "Verification_Status": "", "Area_SqKM": 0.03874254745180946}, "geometry": {"type": "Point", "coordinates": [-78.37718463625403, 35.834288009092774]}}, {"type": "Feature", "properties": {"PWSID": "NC0392168", "PWS_Name": "NEUSE WOODS MH S/D", "Primacy_Agency": "NC", "Population_Served_Count": 287, "Service_Connections_Count": 113, "Service_Area_Type": "Mobile Home Park - Principal Residence", "Verification_Status": "", "Area_SqKM": 0.47282566247705793}, "geometry": {"type": "Point", "coordinates": [-78.53575271873697, 35.742221712475995]}}, {"type": "Feature", "properties": {"PWSID": "NC0392154", "PWS_Name": "LONG`S MH VILLAGE", "Primacy_Agency": "NC", "Population_Served_Count": 90, "Service_Connections_Count": 37, "Service_Area_Type": "Mobile Home Park - Principal Residence", "Verification_Status": "", "Area_SqKM": 0.014955048948520698}, "geometry": {"type": "Point", "coordinates": [-78.30439352080839, 35.80853093331669]}}, {"type": "Feature", "properties": {"PWSID": "NC0392127", "PWS_Name": "EDGEMONT MHP", "Primacy_Agency": "NC", "Population_Served_Count": 63, "Service_Connections_Count": 28, "Service_Area_Type": "Mobile Home Park - Principal Residence", "Verification_Status": "", "Area_SqKM": 5.574981061970922}, "geometry": {"type": "Point", "coordinates": [-78.36745756641697, 35.784156577836704]}}, {"type": "Feature", "properties": {"PWSID": "NC0392110", "PWS_Name": "CAMELOT MHP", "Primacy_Agency": "NC", "Population_Served_Count": 34, "Service_Connections_Count": 20, "Service_Area_Type": "Mobile Home Park - Principal Residence", "Verification_Status": "", "Area_SqKM": 0.007398819985504713}, "geometry": {"type": "Point", "coordinates": [-78.44931901172862, 35.83571439419766]}}, {"type": "Feature", "properties": {"PWSID": "NC0392107", "PWS_Name": "70 EAST MOBILE ACRES", "Primacy_Agency": "NC", "Population_Served_Count": 140, "Service_Connections_Count": 93, "Service_Area_Type": "Mobile Home Park - Principal Residence", "Verification_Status": "", "Area_SqKM": 0.05960034180845975}, "geometry": {"type": "Point", "coordinates": [-78.54196217143385, 35.68743057131534]}}, {"type": "Feature", "properties": {"PWSID": "NC0392101", "PWS_Name": "ACRES OF SPACE MHP", "Primacy_Agency": "NC", "Population_Served_Count": 332, "Service_Connections_Count": 125, "Service_Area_Type": "Mobile Home Park - Principal Residence", "Verification_Status": "", "Area_SqKM": 0.0635315266070653}, "geometry": {"type": "Point", "coordinates": [-78.46587025225958, 35.807665273893285]}}, {"type": "Feature", "properties": {"PWSID": "NC0392083", "PWS_Name": "OAKES PLANTATION S/D", "Primacy_Agency": "NC", "Population_Served_Count": 60, "Service_Connections_Count": 24, "Service_Area_Type": "Subdivision", "Verification_Status": "", "Area_SqKM": 1.05085898357392}, "geometry": {"type": "Point", "coordinates": [-78.50227878950186, 35.75838531053879]}}, {"type": "Feature", "properties": {"PWSID": "NC0351189", "PWS_Name": "BUFFALO CREEK S/D", "Primacy_Agency": "NC", "Population_Served_Count": 721, "Service_Connections_Count": 284, "Service_Area_Type": "Subdivision", "Verification_Status": "", "Area_SqKM": 105.57817028870197}, "geometry": {"type": "Point", "coordinates": [-78.3056237514467, 35.63208587746215]}}, {"type": "Feature", "properties": {"PWSID": "NC0474010", "PWS_Name": "GREENVILLE UTILITIES COMM", "Primacy_Agency": "NC", "Population_Served_Count": 103140, "Service_Connections_Count": 37736, "Service_Area_Type": "Residential Area", "Verification_Status": "Verified\u00a0", "Area_SqKM": 295.1126941018483}, "geometry": {"type": "Point", "coordinates": [-77.39581425507534, 35.672920062950624]}}, {"type": "Feature", "properties": {"PWSID": "NC0474060", "PWS_Name": "STOKES REGIONAL WATER CORP", "Primacy_Agency": "NC", "Population_Served_Count": 3530, "Service_Connections_Count": 1412, "Service_Area_Type": "Residential Area", "Verification_Status": "Verified\u00a0", "Area_SqKM": 257.1681323523147}, "geometry": {"type": "Point", "coordinates": [-77.18641759890245, 35.64281879965929]}}, {"type": "Feature", "properties": {"PWSID": "NC0459015", "PWS_Name": "ROBERSONVILLE, TOWN OF", "Primacy_Agency": "NC", "Population_Served_Count": 1445, "Service_Connections_Count": 998, "Service_Area_Type": "Residential Area", "Verification_Status": "Verified\u00a0", "Area_SqKM": 4.054930905430111}, "geometry": {"type": "Point", "coordinates": [-77.24804864665805, 35.82534823338837]}}, {"type": "Feature", "properties": {"PWSID": "NC0474050", "PWS_Name": "FOUNTAIN, TOWN OF", "Primacy_Agency": "NC", "Population_Served_Count": 427, "Service_Connections_Count": 275, "Service_Area_Type": "Residential Area", "Verification_Status": "Verified\u00a0", "Area_SqKM": 3.024432680768513}, "geometry": {"type": "Point", "coordinates": [-77.63256884867369, 35.67511147285649]}}, {"type": "Feature", "properties": {"PWSID": "NC0474030", "PWS_Name": "BETHEL, TOWN OF", "Primacy_Agency": "NC", "Population_Served_Count": 1640, "Service_Connections_Count": 750, "Service_Area_Type": "Residential Area", "Verification_Status": "Verified\u00a0", "Area_SqKM": 2.885784721240452}, "geometry": {"type": "Point", "coordinates": [-77.37502379135827, 35.807765519925915]}}, {"type": "Feature", "properties": {"PWSID": "NC0459114", "PWS_Name": "EVERETTS, TOWN OF", "Primacy_Agency": "NC", "Population_Served_Count": 419, "Service_Connections_Count": 165, "Service_Area_Type": "Residential Area", "Verification_Status": "Verified\u00a0", "Area_SqKM": 2.144817944875288}, "geometry": {"type": "Point", "coordinates": [-77.17644785194366, 35.83421970774708]}}, {"type": "Feature", "properties": {"PWSID": "NC0433020", "PWS_Name": "MACCLESFIELD, TOWN OF", "Primacy_Agency": "NC", "Population_Served_Count": 441, "Service_Connections_Count": 294, "Service_Area_Type": "Municipality", "Verification_Status": "Verified\u00a0", "Area_SqKM": 1.3662544417132414}, "geometry": {"type": "Point", "coordinates": [-77.67137966464595, 35.75129432051155]}}, {"type": "Feature", "properties": {"PWSID": "NC0442030", "PWS_Name": "HALIFAX, TOWN OF", "Primacy_Agency": "NC", "Population_Served_Count": 178, "Service_Connections_Count": 163, "Service_Area_Type": "Municipality", "Verification_Status": "Verified\u00a0", "Area_SqKM": 1.2404972585669933}, "geometry": {"type": "Point", "coordinates": [-77.58996780637668, 36.324877829816316]}}, {"type": "Feature", "properties": {"PWSID": "NC4035009", "PWS_Name": "MILLSTONE S/D", "Primacy_Agency": "NC", "Population_Served_Count": 272, "Service_Connections_Count": 107, "Service_Area_Type": "Subdivision", "Verification_Status": "", "Area_SqKM": 1.3034022196130826}, "geometry": {"type": "Point", "coordinates": [-78.52389132667071, 36.13339231335238]}}, {"type": "Feature", "properties": {"PWSID": "NC4035018", "PWS_Name": "MEADOW LAKE S/D", "Primacy_Agency": "NC", "Population_Served_Count": 117, "Service_Connections_Count": 46, "Service_Area_Type": "Residential Area", "Verification_Status": "", "Area_SqKM": 2.0671147045820275}, "geometry": {"type": "Point", "coordinates": [-78.50684013738015, 36.0793666522065]}}, {"type": "Feature", "properties": {"PWSID": "NC4064010", "PWS_Name": "NASH COUNTY WATER SYSTEM  AREA 2", "Primacy_Agency": "NC", "Population_Served_Count": 628, "Service_Connections_Count": 272, "Service_Area_Type": "Municipality", "Verification_Status": "", "Area_SqKM": 1.237352458415426}, "geometry": {"type": "Point", "coordinates": [-78.05908319779336, 36.08347539780138]}}, {"type": "Feature", "properties": {"PWSID": "NC4092162", "PWS_Name": "VERNON PLACE S/D", "Primacy_Agency": "NC", "Population_Served_Count": 64, "Service_Connections_Count": 25, "Service_Area_Type": "Subdivision", "Verification_Status": "", "Area_SqKM": 1.7192970531437493}, "geometry": {"type": "Point", "coordinates": [-78.59084244612752, 36.02742788843661]}}, {"type": "Feature", "properties": {"PWSID": "NC0291010", "PWS_Name": "HENDERSON-KERR LAKE REG WTR", "Primacy_Agency": "NC", "Population_Served_Count": 14937, "Service_Connections_Count": 8840, "Service_Area_Type": "Municipality", "Verification_Status": "Verified\u00a0", "Area_SqKM": 45.15590482370268}, "geometry": {"type": "Point", "coordinates": [-78.3935927031512, 36.30699721413377]}}, {"type": "Feature", "properties": {"PWSID": "NC0273010", "PWS_Name": "ROXBORO, CITY OF", "Primacy_Agency": "NC", "Population_Served_Count": 11122, "Service_Connections_Count": 3864, "Service_Area_Type": "Municipality", "Verification_Status": "Verified\u00a0", "Area_SqKM": 36.4784232405396}, "geometry": {"type": "Point", "coordinates": [-78.96850246588464, 36.3763883469463]}}, {"type": "Feature", "properties": {"PWSID": "NC0239010", "PWS_Name": "OXFORD, CITY OF", "Primacy_Agency": "NC", "Population_Served_Count": 8972, "Service_Connections_Count": 3486, "Service_Area_Type": "Municipality", "Verification_Status": "Verified\u00a0", "Area_SqKM": 19.769730113832214}, "geometry": {"type": "Point", "coordinates": [-78.56869018028858, 36.31938063393244]}}, {"type": "Feature", "properties": {"PWSID": "NC0239107", "PWS_Name": "SOUTH GRANVILLE WTR&SEWER AUTHORITY", "Primacy_Agency": "NC", "Population_Served_Count": 18479, "Service_Connections_Count": 5424, "Service_Area_Type": "Residential Area", "Verification_Status": "Verified\u00a0", "Area_SqKM": 10.534583811111728}, "geometry": {"type": "Point", "coordinates": [-78.76638130410686, 36.143185738086615]}}, {"type": "Feature", "properties": {"PWSID": "NC0235015", "PWS_Name": "LOUISBURG, TOWN OF", "Primacy_Agency": "NC", "Population_Served_Count": 4554, "Service_Connections_Count": 1792, "Service_Area_Type": "Municipality", "Verification_Status": "Verified\u00a0", "Area_SqKM": 8.530172368903953}, "geometry": {"type": "Point", "coordinates": [-78.30102300876246, 36.09849138398331]}}, {"type": "Feature", "properties": {"PWSID": "NC0293010", "PWS_Name": "WARRENTON, TOWN OF", "Primacy_Agency": "NC", "Population_Served_Count": 2250, "Service_Connections_Count": 937, "Service_Area_Type": "Residential Area", "Verification_Status": "Verified\u00a0", "Area_SqKM": 5.6912831817621505}, "geometry": {"type": "Point", "coordinates": [-78.16052631610016, 36.402744209149]}}, {"type": "Feature", "properties": {"PWSID": "NC0291015", "PWS_Name": "VANCE COUNTY WATER DISTRICT - KITTRELL", "Primacy_Agency": "NC", "Population_Served_Count": 1236, "Service_Connections_Count": 339, "Service_Area_Type": "Residential Area", "Verification_Status": "Verified\u00a0", "Area_SqKM": 4.5849041862205775}, "geometry": {"type": "Point", "coordinates": [-78.42695821195962, 36.24614295523742]}}, {"type": "Feature", "properties": {"PWSID": "NC0235010", "PWS_Name": "FRANKLINTON, TOWN OF", "Primacy_Agency": "NC", "Population_Served_Count": 2732, "Service_Connections_Count": 1270, "Service_Area_Type": "Municipality", "Verification_Status": "Verified\u00a0", "Area_SqKM": 4.459442431907559}, "geometry": {"type": "Point", "coordinates": [-78.45759419541669, 36.101354411026435]}}, {"type": "Feature", "properties": {"PWSID": "NC0293020", "PWS_Name": "NORLINA, TOWN OF", "Primacy_Agency": "NC", "Population_Served_Count": 1108, "Service_Connections_Count": 452, "Service_Area_Type": "Municipality", "Verification_Status": "Verified\u00a0", "Area_SqKM": 3.3387828196787854}, "geometry": {"type": "Point", "coordinates": [-78.19018084415299, 36.44273595932721]}}, {"type": "Feature", "properties": {"PWSID": "NC0239018", "PWS_Name": "STOVALL, TOWN OF", "Primacy_Agency": "NC", "Population_Served_Count": 450, "Service_Connections_Count": 186, "Service_Area_Type": "Municipality", "Verification_Status": "Verified\u00a0", "Area_SqKM": 1.9599929019619555}, "geometry": {"type": "Point", "coordinates": [-78.56915433202114, 36.44598784102334]}}, {"type": "Feature", "properties": {"PWSID": "NC0217015", "PWS_Name": "MILTON, TOWN OF", "Primacy_Agency": "NC", "Population_Served_Count": 212, "Service_Connections_Count": 140, "Service_Area_Type": "Residential Area", "Verification_Status": "Verified\u00a0", "Area_SqKM": 1.3279915291011553}, "geometry": {"type": "Point", "coordinates": [-79.20798502887457, 36.535381711073114]}}, {"type": "Feature", "properties": {"PWSID": "NC0433030", "PWS_Name": "CONETOE COMMUNITY WATER SYSTEM", "Primacy_Agency": "NC", "Population_Served_Count": 1090, "Service_Connections_Count": 400, "Service_Area_Type": "Municipality", "Verification_Status": "", "Area_SqKM": 2.8824520676156076}, "geometry": {"type": "Point", "coordinates": [-77.48110190797217, 35.84176510796951]}}, {"type": "Feature", "properties": {"PWSID": "NC0474110", "PWS_Name": "HOMESTEAD MHP  NO 2", "Primacy_Agency": "NC", "Population_Served_Count": 200, "Service_Connections_Count": 49, "Service_Area_Type": "Mobile Home Park - Principal Residence", "Verification_Status": "", "Area_SqKM": 4.427721572249623}, "geometry": {"type": "Point", "coordinates": [-77.43149947960299, 35.66547496559123]}}, {"type": "Feature", "properties": {"PWSID": "NC0474142", "PWS_Name": "GREGORY MEADOWS AT BELVOIR NO. 2", "Primacy_Agency": "NC", "Population_Served_Count": 200, "Service_Connections_Count": 75, "Service_Area_Type": "Mobile Home Park - Principal Residence", "Verification_Status": "", "Area_SqKM": 2.0868036864229342}, "geometry": {"type": "Point", "coordinates": [-77.42602036063336, 35.68015697563536]}}, {"type": "Feature", "properties": {"PWSID": "NC0293112", "PWS_Name": "GASTON HEIGHTS S/D", "Primacy_Agency": "NC", "Population_Served_Count": 76, "Service_Connections_Count": 30, "Service_Area_Type": "Homeowners Association", "Verification_Status": "", "Area_SqKM": 1.3952438673920033}, "geometry": {"type": "Point", "coordinates": [-77.9993026966926, 36.53842032181723]}}, {"type": "Feature", "properties": {"PWSID": "NC0433120", "PWS_Name": "WINSTEAD MOBILE TERRACE", "Primacy_Agency": "NC", "Population_Served_Count": 189, "Service_Connections_Count": 74, "Service_Area_Type": "Mobile Home Park - Principal Residence", "Verification_Status": "", "Area_SqKM": 0.05190546073950435}, "geometry": {"type": "Point", "coordinates": [-77.74201087740654, 35.97832063024863]}}, {"type": "Feature", "properties": {"PWSID": "NC4064027", "PWS_Name": "THE OAKS AT HUNTER HILL", "Primacy_Agency": "NC", "Population_Served_Count": 100, "Service_Connections_Count": 40, "Service_Area_Type": "Subdivision", "Verification_Status": "", "Area_SqKM": 1.2361992035267257}, "geometry": {"type": "Point", "coordinates": [-77.87067262032504, 35.99776742713924]}}, {"type": "Feature", "properties": {"PWSID": "NC4064035", "PWS_Name": "NORTHERN NASH WATER DISTRICT", "Primacy_Agency": "NC", "Population_Served_Count": 915, "Service_Connections_Count": 396, "Service_Area_Type": "Municipality", "Verification_Status": "", "Area_SqKM": 0.2929894207170049}, "geometry": {"type": "Point", "coordinates": [-77.89669722918329, 36.00387017559131]}}, {"type": "Feature", "properties": {"PWSID": "NC0433050", "PWS_Name": "EDGECOMBE WATER & SEWER DISTRICT", "Primacy_Agency": "NC", "Population_Served_Count": 14485, "Service_Connections_Count": 5794, "Service_Area_Type": "Residential Area", "Verification_Status": "Verified\u00a0", "Area_SqKM": 1239.7719149784189}, "geometry": {"type": "Point", "coordinates": [-77.63386997942304, 36.03346294335091]}}, {"type": "Feature", "properties": {"PWSID": "NC0293015", "PWS_Name": "WARREN COUNTY WATER SYSTEM", "Primacy_Agency": "NC", "Population_Served_Count": 9654, "Service_Connections_Count": 4915, "Service_Area_Type": "Residential Area", "Verification_Status": "Verified\u00a0", "Area_SqKM": 1177.5050892767097}, "geometry": {"type": "Point", "coordinates": [-78.06153020794376, 36.50085030344179]}}, {"type": "Feature", "properties": {"PWSID": "NC0466045", "PWS_Name": "NORTHAMPTON--PROGRESSIVE", "Primacy_Agency": "NC", "Population_Served_Count": 1950, "Service_Connections_Count": 780, "Service_Area_Type": "Residential Area", "Verification_Status": "Verified\u00a0", "Area_SqKM": 196.6988102104489}, "geometry": {"type": "Point", "coordinates": [-77.53632327279136, 36.400573965193765]}}, {"type": "Feature", "properties": {"PWSID": "NC0466113", "PWS_Name": "NORTHAMPTON--GASTON", "Primacy_Agency": "NC", "Population_Served_Count": 1110, "Service_Connections_Count": 424, "Service_Area_Type": "Residential Area", "Verification_Status": "Verified\u00a0", "Area_SqKM": 81.23479710803323}, "geometry": {"type": "Point", "coordinates": [-77.63101755617915, 36.48791731755478]}}, {"type": "Feature", "properties": {"PWSID": "NC0442010", "PWS_Name": "ROANOKE RAPIDS SANITARY DIST", "Primacy_Agency": "NC", "Population_Served_Count": 15630, "Service_Connections_Count": 8214, "Service_Area_Type": "Residential Area", "Verification_Status": "Verified\u00a0", "Area_SqKM": 33.94165262003654}, "geometry": {"type": "Point", "coordinates": [-77.65039239999346, 36.466327970526024]}}, {"type": "Feature", "properties": {"PWSID": "NC4066002", "PWS_Name": "NORTHAMPTON--W JACKSON", "Primacy_Agency": "NC", "Population_Served_Count": 33, "Service_Connections_Count": 13, "Service_Area_Type": "Residential Area", "Verification_Status": "", "Area_SqKM": 4.446994303576196}, "geometry": {"type": "Point", "coordinates": [-77.43453263702209, 36.421581678957985]}}, {"type": "Feature", "properties": {"PWSID": "NC0442025", "PWS_Name": "ENFIELD WATER SYSTEM", "Primacy_Agency": "NC", "Population_Served_Count": 1820, "Service_Connections_Count": 892, "Service_Area_Type": "Residential Area", "Verification_Status": "Verified\u00a0", "Area_SqKM": 4.3526503549391355}, "geometry": {"type": "Point", "coordinates": [-77.66987770828845, 36.17641096528553]}}, {"type": "Feature", "properties": {"PWSID": "NC0442015", "PWS_Name": "SCOTLAND NECK, TOWN OF", "Primacy_Agency": "NC", "Population_Served_Count": 2761, "Service_Connections_Count": 1087, "Service_Area_Type": "Residential Area", "Verification_Status": "Verified\u00a0", "Area_SqKM": 4.305046155667873}, "geometry": {"type": "Point", "coordinates": [-77.42263673931247, 36.12770918221331]}}, {"type": "Feature", "properties": {"PWSID": "NC0442028", "PWS_Name": "LITTLETON, TOWN OF", "Primacy_Agency": "NC", "Population_Served_Count": 1540, "Service_Connections_Count": 489, "Service_Area_Type": "Municipality", "Verification_Status": "Verified\u00a0", "Area_SqKM": 3.3295385855742974}, "geometry": {"type": "Point", "coordinates": [-77.90825680001308, 36.433861476175295]}}, {"type": "Feature", "properties": {"PWSID": "NC0466035", "PWS_Name": "SEABOARD, TOWN OF", "Primacy_Agency": "NC", "Population_Served_Count": 881, "Service_Connections_Count": 315, "Service_Area_Type": "Municipality", "Verification_Status": "Verified\u00a0", "Area_SqKM": 2.9662682010701213}, "geometry": {"type": "Point", "coordinates": [-77.44217383919691, 36.490650425087665]}}, {"type": "Feature", "properties": {"PWSID": "NC0466020", "PWS_Name": "RICH SQUARE, TOWN OF", "Primacy_Agency": "NC", "Population_Served_Count": 1067, "Service_Connections_Count": 365, "Service_Area_Type": "Residential Area", "Verification_Status": "Verified\u00a0", "Area_SqKM": 8.146722719575266}, "geometry": {"type": "Point", "coordinates": [-77.28656204592022, 36.27392865407476]}}, {"type": "Feature", "properties": {"PWSID": "NC0466025", "PWS_Name": "CONWAY, TOWN OF", "Primacy_Agency": "NC", "Population_Served_Count": 887, "Service_Connections_Count": 327, "Service_Area_Type": "Municipality", "Verification_Status": "Verified\u00a0", "Area_SqKM": 5.02589818752208}, "geometry": {"type": "Point", "coordinates": [-77.22438028735878, 36.43835037226459]}}, {"type": "Feature", "properties": {"PWSID": "NC0466010", "PWS_Name": "JACKSON, TOWN OF", "Primacy_Agency": "NC", "Population_Served_Count": 480, "Service_Connections_Count": 320, "Service_Area_Type": "Municipality", "Verification_Status": "Verified\u00a0", "Area_SqKM": 2.9089697828393373}, "geometry": {"type": "Point", "coordinates": [-77.4210244735417, 36.38974637941062]}}, {"type": "Feature", "properties": {"PWSID": "NC0446106", "PWS_Name": "UNION UTILITIES CORP", "Primacy_Agency": "NC", "Population_Served_Count": 353, "Service_Connections_Count": 142, "Service_Area_Type": "Residential Area", "Verification_Status": "", "Area_SqKM": 9.095847573095396}, "geometry": {"type": "Point", "coordinates": [-77.03077648395201, 36.345943014611365]}}, {"type": "Feature", "properties": {"PWSID": "NC0446025", "PWS_Name": "MILLENNIUM WATER ASSOCIATION", "Primacy_Agency": "NC", "Population_Served_Count": 711, "Service_Connections_Count": 286, "Service_Area_Type": "Residential Area", "Verification_Status": "", "Area_SqKM": 91.42041029621896}, "geometry": {"type": "Point", "coordinates": [-77.09887410962068, 36.274845680203]}}, {"type": "Feature", "properties": {"PWSID": "NC0448020", "PWS_Name": "OCRACOKE SANITARY DISTRICT", "Primacy_Agency": "NC", "Population_Served_Count": 900, "Service_Connections_Count": 1315, "Service_Area_Type": "Residential Area", "Verification_Status": "Verified\u00a0", "Area_SqKM": 2.752323452282123}, "geometry": {"type": "Point", "coordinates": [-75.97897830678554, 35.112901245444405]}}, {"type": "Feature", "properties": {"PWSID": "NC0416025", "PWS_Name": "HARKERS ISLAND SANITARY DIST", "Primacy_Agency": "NC", "Population_Served_Count": 2358, "Service_Connections_Count": 951, "Service_Area_Type": "Residential Area", "Verification_Status": "Verified\u00a0", "Area_SqKM": 6.596334210981574}, "geometry": {"type": "Point", "coordinates": [-76.56401750962426, 34.70270533172821]}}, {"type": "Feature", "properties": {"PWSID": "NC0416117", "PWS_Name": "MARSHALL MHP", "Primacy_Agency": "NC", "Population_Served_Count": 107, "Service_Connections_Count": 42, "Service_Area_Type": "Mobile Home Park - Principal Residence", "Verification_Status": "", "Area_SqKM": 0.09818238277494984}, "geometry": {"type": "Point", "coordinates": [-76.55642168377511, 34.771999154056935]}}, {"type": "Feature", "properties": {"PWSID": "NC0416113", "PWS_Name": "INTEGRATED CARE OF GREATER HICKORY INC.", "Primacy_Agency": "NC", "Population_Served_Count": 110, "Service_Connections_Count": 5, "Service_Area_Type": "Residential Area", "Verification_Status": "", "Area_SqKM": 0.07835086156435545}, "geometry": {"type": "Point", "coordinates": [-76.37182043569726, 34.8809956428904]}}, {"type": "Feature", "properties": {"PWSID": "NC0448010", "PWS_Name": "HYDE COUNTY WATER SYSTEM", "Primacy_Agency": "NC", "Population_Served_Count": 5256, "Service_Connections_Count": 2045, "Service_Area_Type": "Residential Area", "Verification_Status": "Verified\u00a0", "Area_SqKM": 1194.0606554405942}, "geometry": {"type": "Point", "coordinates": [-76.37018789625091, 35.437055541143636]}}, {"type": "Feature", "properties": {"PWSID": "NC0428025", "PWS_Name": "DARE CO-CAPE HATTERAS WATER", "Primacy_Agency": "NC", "Population_Served_Count": 5486, "Service_Connections_Count": 4320, "Service_Area_Type": "Residential Area", "Verification_Status": "Verified\u00a0", "Area_SqKM": 38.371734217857956}, "geometry": {"type": "Point", "coordinates": [-75.58063134055298, 35.27304863937452]}}, {"type": "Feature", "properties": {"PWSID": "NC0428035", "PWS_Name": "DARE CO-RWS WATER SYSTEM", "Primacy_Agency": "NC", "Population_Served_Count": 2100, "Service_Connections_Count": 1574, "Service_Area_Type": "Residential Area", "Verification_Status": "Verified\u00a0", "Area_SqKM": 6.5131295798558115}, "geometry": {"type": "Point", "coordinates": [-75.47075738449293, 35.567571026723314]}}, {"type": "Feature", "properties": {"PWSID": "NC0489015", "PWS_Name": "TYRRELL COUNTY WATER", "Primacy_Agency": "NC", "Population_Served_Count": 3177, "Service_Connections_Count": 1350, "Service_Area_Type": "Residential Area", "Verification_Status": "Verified\u00a0", "Area_SqKM": 244.49268940195412}, "geometry": {"type": "Point", "coordinates": [-76.2309956812429, 35.90279742367869]}}, {"type": "Feature", "properties": {"PWSID": "NC0428030", "PWS_Name": "DARE COUNTY WATER SYSTEM", "Primacy_Agency": "NC", "Population_Served_Count": 28732, "Service_Connections_Count": 15286, "Service_Area_Type": "Residential Area", "Verification_Status": "Verified\u00a0", "Area_SqKM": 845.9778677492121}, "geometry": {"type": "Point", "coordinates": [-75.78666556402442, 35.88031378239022]}}, {"type": "Feature", "properties": {"PWSID": "NC6028002", "PWS_Name": "DARE CO-STUMPY POINT WATER SYS", "Primacy_Agency": "NC", "Population_Served_Count": 269, "Service_Connections_Count": 115, "Service_Area_Type": "Municipality", "Verification_Status": "Verified\u00a0", "Area_SqKM": 3.2048130047387335}, "geometry": {"type": "Point", "coordinates": [-75.7550200120531, 35.698802621955394]}}, {"type": "Feature", "properties": {"PWSID": "NC0494020", "PWS_Name": "CRESWELL TOWN OF", "Primacy_Agency": "NC", "Population_Served_Count": 482, "Service_Connections_Count": 202, "Service_Area_Type": "Residential Area", "Verification_Status": "Verified\u00a0", "Area_SqKM": 3.7513687232768134}, "geometry": {"type": "Point", "coordinates": [-76.40089150500901, 35.873852892211175]}}, {"type": "Feature", "properties": {"PWSID": "NC0489010", "PWS_Name": "COLUMBIA WATER SYSTEM", "Primacy_Agency": "NC", "Population_Served_Count": 891, "Service_Connections_Count": 499, "Service_Area_Type": "Residential Area", "Verification_Status": "Verified\u00a0", "Area_SqKM": 1.2131366150287446}, "geometry": {"type": "Point", "coordinates": [-76.24769588698905, 35.91793673156789]}}, {"type": "Feature", "properties": {"PWSID": "NC0428020", "PWS_Name": "MANTEO TOWN OF", "Primacy_Agency": "NC", "Population_Served_Count": 2638, "Service_Connections_Count": 1637, "Service_Area_Type": "Residential Area", "Verification_Status": "Verified\u00a0", "Area_SqKM": 4.054463111750537}, "geometry": {"type": "Point", "coordinates": [-75.66226534288258, 35.903463019037694]}}, {"type": "Feature", "properties": {"PWSID": "NC0472010", "PWS_Name": "HERTFORD WATER SYSTEM", "Primacy_Agency": "NC", "Population_Served_Count": 2145, "Service_Connections_Count": 989, "Service_Area_Type": "Residential Area", "Verification_Status": "Verified\u00a0", "Area_SqKM": 5.207033424859676}, "geometry": {"type": "Point", "coordinates": [-76.47546541703727, 36.18783668080274]}}, {"type": "Feature", "properties": {"PWSID": "NC0428015", "PWS_Name": "KILL DEVIL HILLS, TOWN OF", "Primacy_Agency": "NC", "Population_Served_Count": 7200, "Service_Connections_Count": 6815, "Service_Area_Type": "Residential Area", "Verification_Status": "Verified\u00a0", "Area_SqKM": 14.847193499741055}, "geometry": {"type": "Point", "coordinates": [-75.67445852971963, 36.01020109824024]}}, {"type": "Feature", "properties": {"PWSID": "NC0428010", "PWS_Name": "NAGS HEAD, TOWN OF", "Primacy_Agency": "NC", "Population_Served_Count": 3125, "Service_Connections_Count": 4940, "Service_Area_Type": "Residential Area", "Verification_Status": "Verified\u00a0", "Area_SqKM": 16.47015850238564}, "geometry": {"type": "Point", "coordinates": [-75.6220609901712, 35.93194797359812]}}, {"type": "Feature", "properties": {"PWSID": "NC0470010", "PWS_Name": "ELIZABETH CITY, CITY OF", "Primacy_Agency": "NC", "Population_Served_Count": 19187, "Service_Connections_Count": 7554, "Service_Area_Type": "Residential Area", "Verification_Status": "Verified\u00a0", "Area_SqKM": 21.95502066242387}, "geometry": {"type": "Point", "coordinates": [-76.23070300309114, 36.30084054864231]}}, {"type": "Feature", "properties": {"PWSID": "NC0415015", "PWS_Name": "SOUTH CAMDEN WTR & SWR DISTRCT", "Primacy_Agency": "NC", "Population_Served_Count": 9717, "Service_Connections_Count": 3829, "Service_Area_Type": "Residential Area", "Verification_Status": "Verified\u00a0", "Area_SqKM": 301.87541345416776}, "geometry": {"type": "Point", "coordinates": [-76.03103121840579, 36.273391265889266]}}, {"type": "Feature", "properties": {"PWSID": "NC0421015", "PWS_Name": "CHOWAN CO WATER SYSTEM", "Primacy_Agency": "NC", "Population_Served_Count": 11722, "Service_Connections_Count": 4615, "Service_Area_Type": "Municipality", "Verification_Status": "", "Area_SqKM": 438.5041007355633}, "geometry": {"type": "Point", "coordinates": [-76.59583189861132, 36.14195669112312]}}, {"type": "Feature", "properties": {"PWSID": "NC0470015", "PWS_Name": "PASQUOTANK COUNTY WATER SYSTEM", "Primacy_Agency": "NC", "Population_Served_Count": 10653, "Service_Connections_Count": 4194, "Service_Area_Type": "Residential Area", "Verification_Status": "Verified\u00a0", "Area_SqKM": 518.8043093355794}, "geometry": {"type": "Point", "coordinates": [-76.22084197381135, 36.254298342363924]}}, {"type": "Feature", "properties": {"PWSID": "NC0427010", "PWS_Name": "CURRITUCK COUNTY WATER SYSTEM", "Primacy_Agency": "NC", "Population_Served_Count": 24130, "Service_Connections_Count": 9500, "Service_Area_Type": "Municipality", "Verification_Status": "Verified\u00a0", "Area_SqKM": 563.8335318183686}, "geometry": {"type": "Point", "coordinates": [-75.93725163873152, 36.3101610462703]}}, {"type": "Feature", "properties": {"PWSID": "NC0472025", "PWS_Name": "PERQUIMANS COUNTY WATER SYSTEM", "Primacy_Agency": "NC", "Population_Served_Count": 12320, "Service_Connections_Count": 5600, "Service_Area_Type": "Residential Area", "Verification_Status": "Verified\u00a0", "Area_SqKM": 628.9421466722196}, "geometry": {"type": "Point", "coordinates": [-76.39776478625048, 36.161594526759515]}}, {"type": "Feature", "properties": {"PWSID": "NC6070001", "PWS_Name": "ELIZABETH CITY ANNEX", "Primacy_Agency": "NC", "Population_Served_Count": 719, "Service_Connections_Count": 283, "Service_Area_Type": "Residential Area", "Verification_Status": "", "Area_SqKM": 0.05338421026178059}, "geometry": {"type": "Point", "coordinates": [-76.21325305795567, 36.30056945797763]}}, {"type": "Feature", "properties": {"PWSID": "NC6070000", "PWS_Name": "PASQUOTANK CO RO WATER SYSTEM", "Primacy_Agency": "NC", "Population_Served_Count": 10922, "Service_Connections_Count": 4300, "Service_Area_Type": "Residential Area", "Verification_Status": "", "Area_SqKM": 2.774102573295729}, "geometry": {"type": "Point", "coordinates": [-76.3794760387893, 36.43806506974755]}}, {"type": "Feature", "properties": {"PWSID": "NC6027009", "PWS_Name": "BACKWOODS-SADDLEBROOK COMM WS", "Primacy_Agency": "NC", "Population_Served_Count": 122, "Service_Connections_Count": 48, "Service_Area_Type": "Residential Area", "Verification_Status": "", "Area_SqKM": 2.9670492546807647}, "geometry": {"type": "Point", "coordinates": [-76.17075618967402, 36.51679080344719]}}, {"type": "Feature", "properties": {"PWSID": "NC6027001", "PWS_Name": "SOUTHERN OUTER BANKS WTR SYST", "Primacy_Agency": "NC", "Population_Served_Count": 8209, "Service_Connections_Count": 3232, "Service_Area_Type": "Municipality", "Verification_Status": "", "Area_SqKM": 36.591750969965744}, "geometry": {"type": "Point", "coordinates": [-75.81115991241296, 36.29379093102297]}}, {"type": "Feature", "properties": {"PWSID": "NC0472101", "PWS_Name": "MINZIE`S CREEK SANITARY DISTRICT", "Primacy_Agency": "NC", "Population_Served_Count": 191, "Service_Connections_Count": 75, "Service_Area_Type": "Mobile Home Park - Principal Residence", "Verification_Status": "", "Area_SqKM": 1.6587187837916342}, "geometry": {"type": "Point", "coordinates": [-76.38241516601569, 36.086403511942805]}}, {"type": "Feature", "properties": {"PWSID": "NC0427112", "PWS_Name": "PONDEROSA MHP", "Primacy_Agency": "NC", "Population_Served_Count": 300, "Service_Connections_Count": 117, "Service_Area_Type": "Mobile Home Park - Principal Residence", "Verification_Status": "", "Area_SqKM": 0.012536656353176634}, "geometry": {"type": "Point", "coordinates": [-76.01935872301225, 36.38821922282812]}}, {"type": "Feature", "properties": {"PWSID": "NC0427105", "PWS_Name": "OCEAN SANDS DEVELOPMENT", "Primacy_Agency": "NC", "Population_Served_Count": 2600, "Service_Connections_Count": 1016, "Service_Area_Type": "Residential Area", "Verification_Status": "", "Area_SqKM": 0.22068271529909647}, "geometry": {"type": "Point", "coordinates": [-75.8150589249503, 36.334387737506326]}}, {"type": "Feature", "properties": {"PWSID": "NC0427103", "PWS_Name": "CAROLINA VILLAGE MHP", "Primacy_Agency": "NC", "Population_Served_Count": 305, "Service_Connections_Count": 120, "Service_Area_Type": "Mobile Home Park - Principal Residence", "Verification_Status": "", "Area_SqKM": 0.16059969502485358}, "geometry": {"type": "Point", "coordinates": [-76.24680952072312, 36.5348540011658]}}, {"type": "Feature", "properties": {"PWSID": "NC0427101", "PWS_Name": "SANDY POINT RESORT & CAMPGROUND", "Primacy_Agency": "NC", "Population_Served_Count": 559, "Service_Connections_Count": 220, "Service_Area_Type": "Mobile Home Park - Principal Residence", "Verification_Status": "", "Area_SqKM": 1.02340133062284}, "geometry": {"type": "Point", "coordinates": [-75.87121441262447, 36.51445750424708]}}, {"type": "Feature", "properties": {"PWSID": "NC0351104", "PWS_Name": "COUNTRY HILLS S/D", "Primacy_Agency": "NC", "Population_Served_Count": 152, "Service_Connections_Count": 60, "Service_Area_Type": "Subdivision", "Verification_Status": "", "Area_SqKM": 0.6610218614441555}, "geometry": {"type": "Point", "coordinates": [-78.59044657875734, 35.59872611040554]}}, {"type": "Feature", "properties": {"PWSID": "NC0351115", "PWS_Name": "WILSON HEIGHTS S/D", "Primacy_Agency": "NC", "Population_Served_Count": 25, "Service_Connections_Count": 9, "Service_Area_Type": "Subdivision", "Verification_Status": "", "Area_SqKM": 0.09761302138514505}, "geometry": {"type": "Point", "coordinates": [-78.3543726199789, 35.579558243050634]}}, {"type": "Feature", "properties": {"PWSID": "NC0351154", "PWS_Name": "DUTCHESS DOWNS MH S/D", "Primacy_Agency": "NC", "Population_Served_Count": 185, "Service_Connections_Count": 73, "Service_Area_Type": "Mobile Home Park - Principal Residence", "Verification_Status": "", "Area_SqKM": 0.37094938747271644}, "geometry": {"type": "Point", "coordinates": [-78.58442881178034, 35.60075541958202]}}, {"type": "Feature", "properties": {"PWSID": "NC0351165", "PWS_Name": "STEPHANIE WOODS S/D", "Primacy_Agency": "NC", "Population_Served_Count": 245, "Service_Connections_Count": 95, "Service_Area_Type": "Subdivision", "Verification_Status": "", "Area_SqKM": 0.5619387919040558}, "geometry": {"type": "Point", "coordinates": [-78.4776432941329, 35.62113582527735]}}, {"type": "Feature", "properties": {"PWSID": "NC0351167", "PWS_Name": "SHADOW LAKES S/D", "Primacy_Agency": "NC", "Population_Served_Count": 99, "Service_Connections_Count": 39, "Service_Area_Type": "Subdivision", "Verification_Status": "", "Area_SqKM": 0.40638725281692706}, "geometry": {"type": "Point", "coordinates": [-78.62203505695908, 35.53560291471075]}}, {"type": "Feature", "properties": {"PWSID": "NC0351168", "PWS_Name": "SOUTHHILLS SOUTHWOODS SD", "Primacy_Agency": "NC", "Population_Served_Count": 716, "Service_Connections_Count": 282, "Service_Area_Type": "Subdivision", "Verification_Status": "", "Area_SqKM": 1.910016885162546}, "geometry": {"type": "Point", "coordinates": [-78.54021329508913, 35.59338773506136]}}, {"type": "Feature", "properties": {"PWSID": "NC0351173", "PWS_Name": "HEATHER DOWNS MH S/D", "Primacy_Agency": "NC", "Population_Served_Count": 112, "Service_Connections_Count": 44, "Service_Area_Type": "Mobile Home Park - Principal Residence", "Verification_Status": "", "Area_SqKM": 0.23897282935325834}, "geometry": {"type": "Point", "coordinates": [-78.45181511980431, 35.577100951738]}}, {"type": "Feature", "properties": {"PWSID": "NC0351184", "PWS_Name": "SOUTHFORT S/D", "Primacy_Agency": "NC", "Population_Served_Count": 125, "Service_Connections_Count": 49, "Service_Area_Type": "Subdivision", "Verification_Status": "", "Area_SqKM": 0.28328405885926156}, "geometry": {"type": "Point", "coordinates": [-78.5549359525449, 35.59169253320708]}}, {"type": "Feature", "properties": {"PWSID": "NC0351185", "PWS_Name": "SOUTHGATE S/D", "Primacy_Agency": "NC", "Population_Served_Count": 160, "Service_Connections_Count": 63, "Service_Area_Type": "Subdivision", "Verification_Status": "", "Area_SqKM": 0.4553199685672676}, "geometry": {"type": "Point", "coordinates": [-78.56553765063104, 35.579745681299855]}}, {"type": "Feature", "properties": {"PWSID": "NC0351186", "PWS_Name": "CREEKSTONE S/D", "Primacy_Agency": "NC", "Population_Served_Count": 505, "Service_Connections_Count": 199, "Service_Area_Type": "Subdivision", "Verification_Status": "", "Area_SqKM": 1.0967570475088382}, "geometry": {"type": "Point", "coordinates": [-78.5440558920663, 35.54091263480997]}}, {"type": "Feature", "properties": {"PWSID": "NC0351192", "PWS_Name": "CREEKSIDE PLACE S/D", "Primacy_Agency": "NC", "Population_Served_Count": 361, "Service_Connections_Count": 142, "Service_Area_Type": "Subdivision", "Verification_Status": "", "Area_SqKM": 0.7767072808738618}, "geometry": {"type": "Point", "coordinates": [-78.5990820527745, 35.5729326681024]}}, {"type": "Feature", "properties": {"PWSID": "NC0351193", "PWS_Name": "SOUTH PLANTATION S/D", "Primacy_Agency": "NC", "Population_Served_Count": 357, "Service_Connections_Count": 140, "Service_Area_Type": "Subdivision", "Verification_Status": "", "Area_SqKM": 0.8686803764899385}, "geometry": {"type": "Point", "coordinates": [-78.50578435751477, 35.542459266791916]}}, {"type": "Feature", "properties": {"PWSID": "NC0351194", "PWS_Name": "ALBANY ACRES S/D", "Primacy_Agency": "NC", "Population_Served_Count": 81, "Service_Connections_Count": 32, "Service_Area_Type": "Subdivision", "Verification_Status": "", "Area_SqKM": 0.25881504626993546}, "geometry": {"type": "Point", "coordinates": [-78.50536644922235, 35.58928238969506]}}, {"type": "Feature", "properties": {"PWSID": "NC4051001", "PWS_Name": "HEATHERSTONE S/D", "Primacy_Agency": "NC", "Population_Served_Count": 48, "Service_Connections_Count": 19, "Service_Area_Type": "Subdivision", "Verification_Status": "", "Area_SqKM": 0.17894891210198652}, "geometry": {"type": "Point", "coordinates": [-78.5557709465285, 35.42527272509972]}}, {"type": "Feature", "properties": {"PWSID": "NC0351070", "PWS_Name": "JOHNSTON CO-WEST", "Primacy_Agency": "NC", "Population_Served_Count": 92365, "Service_Connections_Count": 36364, "Service_Area_Type": "Residential Area", "Verification_Status": "", "Area_SqKM": 659.1306753607912}, "geometry": {"type": "Point", "coordinates": [-78.53520124000867, 35.57262110184182]}}, {"type": "Feature", "properties": {"PWSID": "NC0351156", "PWS_Name": "GARNER ESTATES MH S/D", "Primacy_Agency": "NC", "Population_Served_Count": 114, "Service_Connections_Count": 45, "Service_Area_Type": "Mobile Home Park - Principal Residence", "Verification_Status": "", "Area_SqKM": 0.34677759693801175}, "geometry": {"type": "Point", "coordinates": [-78.59563760832097, 35.60488533131758]}}, {"type": "Feature", "properties": {"PWSID": "NC0111137", "PWS_Name": "DOGWOOD KNOLLS SUBDIVISION", "Primacy_Agency": "NC", "Population_Served_Count": 98, "Service_Connections_Count": 29, "Service_Area_Type": "Residential Area", "Verification_Status": "", "Area_SqKM": 0.3009138936973208}, "geometry": {"type": "Point", "coordinates": [-82.54724082744528, 35.69254200872814]}}, {"type": "Feature", "properties": {"PWSID": "NC0111169", "PWS_Name": "TWIN CREEKS S/D", "Primacy_Agency": "NC", "Population_Served_Count": 77, "Service_Connections_Count": 29, "Service_Area_Type": "Residential Area", "Verification_Status": "", "Area_SqKM": 0.23421111420643825}, "geometry": {"type": "Point", "coordinates": [-82.445193930978, 35.5370381780148]}}, {"type": "Feature", "properties": {"PWSID": "NC0112144", "PWS_Name": "CLIFTWOOD WEST WATER SYSTEM", "Primacy_Agency": "NC", "Population_Served_Count": 40, "Service_Connections_Count": 16, "Service_Area_Type": "Residential Area", "Verification_Status": "", "Area_SqKM": 0.15940187316017088}, "geometry": {"type": "Point", "coordinates": [-81.4217047775911, 35.74635367107766]}}, {"type": "Feature", "properties": {"PWSID": "NC0112148", "PWS_Name": "EAST SHORES S/D", "Primacy_Agency": "NC", "Population_Served_Count": 350, "Service_Connections_Count": 127, "Service_Area_Type": "Residential Area", "Verification_Status": "", "Area_SqKM": 0.9276394059840551}, "geometry": {"type": "Point", "coordinates": [-81.82489208703602, 35.758351970608246]}}, {"type": "Feature", "properties": {"PWSID": "NC0113126", "PWS_Name": "PEBBLE BROOK ACRES S/D", "Primacy_Agency": "NC", "Population_Served_Count": 84, "Service_Connections_Count": 33, "Service_Area_Type": "Residential Area", "Verification_Status": "", "Area_SqKM": 0.6175555922764345}, "geometry": {"type": "Point", "coordinates": [-80.62655035915118, 35.3571829377603]}}, {"type": "Feature", "properties": {"PWSID": "NC0113135", "PWS_Name": "SPRING VALLEY MH S/D", "Primacy_Agency": "NC", "Population_Served_Count": 168, "Service_Connections_Count": 66, "Service_Area_Type": "Mobile Home Park - Principal Residence", "Verification_Status": "", "Area_SqKM": 0.47989789701671914}, "geometry": {"type": "Point", "coordinates": [-80.6800044988064, 35.45066300573348]}}, {"type": "Feature", "properties": {"PWSID": "NC0113136", "PWS_Name": "SPRINGDALE SD", "Primacy_Agency": "NC", "Population_Served_Count": 114, "Service_Connections_Count": 45, "Service_Area_Type": "Residential Area", "Verification_Status": "", "Area_SqKM": 0.6177055553167845}, "geometry": {"type": "Point", "coordinates": [-80.62840627773859, 35.40507447744519]}}, {"type": "Feature", "properties": {"PWSID": "NC0113141", "PWS_Name": "COUNTRY ACRES MH S/D", "Primacy_Agency": "NC", "Population_Served_Count": 168, "Service_Connections_Count": 66, "Service_Area_Type": "Residential Area", "Verification_Status": "", "Area_SqKM": 0.7021720146734693}, "geometry": {"type": "Point", "coordinates": [-80.66573334354067, 35.418168679653654]}}, {"type": "Feature", "properties": {"PWSID": "NC0113142", "PWS_Name": "CRESTVIEW S/D", "Primacy_Agency": "NC", "Population_Served_Count": 163, "Service_Connections_Count": 64, "Service_Area_Type": "Residential Area", "Verification_Status": "", "Area_SqKM": 0.6050528470882715}, "geometry": {"type": "Point", "coordinates": [-80.64042175559679, 35.40660597684885]}}, {"type": "Feature", "properties": {"PWSID": "NC0113146", "PWS_Name": "CABARRUS ACRES WATER SYSTEM", "Primacy_Agency": "NC", "Population_Served_Count": 41, "Service_Connections_Count": 16, "Service_Area_Type": "Mobile Home Park - Principal Residence", "Verification_Status": "", "Area_SqKM": 0.3236834836099197}, "geometry": {"type": "Point", "coordinates": [-80.523635987664, 35.233876656186084]}}, {"type": "Feature", "properties": {"PWSID": "NC0113148", "PWS_Name": "BRAFFORD FARMS WATER SYSTEM", "Primacy_Agency": "NC", "Population_Served_Count": 152, "Service_Connections_Count": 60, "Service_Area_Type": "Residential Area", "Verification_Status": "", "Area_SqKM": 0.6797990942367939}, "geometry": {"type": "Point", "coordinates": [-80.55661888022232, 35.42564596184213]}}, {"type": "Feature", "properties": {"PWSID": "NC0113149", "PWS_Name": "MURRAY HILLS S/D", "Primacy_Agency": "NC", "Population_Served_Count": 89, "Service_Connections_Count": 35, "Service_Area_Type": "Residential Area", "Verification_Status": "", "Area_SqKM": 0.2969086343500846}, "geometry": {"type": "Point", "coordinates": [-80.54548544046922, 35.49035978718505]}}, {"type": "Feature", "properties": {"PWSID": "NC0113159", "PWS_Name": "RAMA WOODS S/D", "Primacy_Agency": "NC", "Population_Served_Count": 99, "Service_Connections_Count": 39, "Service_Area_Type": "Residential Area", "Verification_Status": "", "Area_SqKM": 0.28235982292007716}, "geometry": {"type": "Point", "coordinates": [-80.54450755103578, 35.401250003525846]}}, {"type": "Feature", "properties": {"PWSID": "NC0113163", "PWS_Name": "FOREST PINES S/D", "Primacy_Agency": "NC", "Population_Served_Count": 76, "Service_Connections_Count": 30, "Service_Area_Type": "Residential Area", "Verification_Status": "", "Area_SqKM": 0.22465523706363633}, "geometry": {"type": "Point", "coordinates": [-80.76685108758339, 35.48413018532269]}}, {"type": "Feature", "properties": {"PWSID": "NC0113183", "PWS_Name": "COUNTRY KNOLL S/D", "Primacy_Agency": "NC", "Population_Served_Count": 64, "Service_Connections_Count": 25, "Service_Area_Type": "Residential Area", "Verification_Status": "", "Area_SqKM": 0.2516062419496138}, "geometry": {"type": "Point", "coordinates": [-80.52663867530269, 35.48855985948635]}}, {"type": "Feature", "properties": {"PWSID": "NC0113193", "PWS_Name": "WEATHERSTONE S/D", "Primacy_Agency": "NC", "Population_Served_Count": 120, "Service_Connections_Count": 37, "Service_Area_Type": "Residential Area", "Verification_Status": "", "Area_SqKM": 0.33486647728253066}, "geometry": {"type": "Point", "coordinates": [-80.64436410780948, 35.28620858681867]}}, {"type": "Feature", "properties": {"PWSID": "NC0113209", "PWS_Name": "OAK ESTATES S/D", "Primacy_Agency": "NC", "Population_Served_Count": 259, "Service_Connections_Count": 102, "Service_Area_Type": "Residential Area", "Verification_Status": "", "Area_SqKM": 0.641981522559334}, "geometry": {"type": "Point", "coordinates": [-80.62595056887056, 35.30277605482364]}}, {"type": "Feature", "properties": {"PWSID": "NC0113214", "PWS_Name": "MIDDLETON S/D", "Primacy_Agency": "NC", "Population_Served_Count": 218, "Service_Connections_Count": 86, "Service_Area_Type": "Residential Area", "Verification_Status": "", "Area_SqKM": 0.3411805091288247}, "geometry": {"type": "Point", "coordinates": [-80.62339609193731, 35.31103099775214]}}, {"type": "Feature", "properties": {"PWSID": "NC0113221", "PWS_Name": "STALLINGS GLEN S/D", "Primacy_Agency": "NC", "Population_Served_Count": 544, "Service_Connections_Count": 214, "Service_Area_Type": "Residential Area", "Verification_Status": "", "Area_SqKM": 0.7518273082734181}, "geometry": {"type": "Point", "coordinates": [-80.6185640976587, 35.30376501657136]}}, {"type": "Feature", "properties": {"PWSID": "NC0113232", "PWS_Name": "FIELDSTONE/COLD SPRINGS DEV", "Primacy_Agency": "NC", "Population_Served_Count": 424, "Service_Connections_Count": 167, "Service_Area_Type": "Residential Area", "Verification_Status": "", "Area_SqKM": 0.7193467137784277}, "geometry": {"type": "Point", "coordinates": [-80.48773570095794, 35.37804575536802]}}, {"type": "Feature", "properties": {"PWSID": "NC0118105", "PWS_Name": "CLEARVIEW ACRES S/D", "Primacy_Agency": "NC", "Population_Served_Count": 170, "Service_Connections_Count": 67, "Service_Area_Type": "Residential Area", "Verification_Status": "", "Area_SqKM": 0.421589544082754}, "geometry": {"type": "Point", "coordinates": [-81.3722411295691, 35.689677122145255]}}, {"type": "Feature", "properties": {"PWSID": "NC0118118", "PWS_Name": "BAY POINTE S/D", "Primacy_Agency": "NC", "Population_Served_Count": 99, "Service_Connections_Count": 39, "Service_Area_Type": "Residential Area", "Verification_Status": "", "Area_SqKM": 0.2441374828773636}, "geometry": {"type": "Point", "coordinates": [-81.02129354549601, 35.59286929672917]}}, {"type": "Feature", "properties": {"PWSID": "NC0118122", "PWS_Name": "HERMAN ACRES S/D", "Primacy_Agency": "NC", "Population_Served_Count": 113, "Service_Connections_Count": 45, "Service_Area_Type": "Residential Area", "Verification_Status": "", "Area_SqKM": 0.4191637323542421}, "geometry": {"type": "Point", "coordinates": [-81.25385676615913, 35.729055126141766]}}, {"type": "Feature", "properties": {"PWSID": "NC0118126", "PWS_Name": "HOLLY HILLS S/D", "Primacy_Agency": "NC", "Population_Served_Count": 38, "Service_Connections_Count": 15, "Service_Area_Type": "Residential Area", "Verification_Status": "", "Area_SqKM": 0.17484203109820953}, "geometry": {"type": "Point", "coordinates": [-81.04013762396094, 35.568922586422495]}}, {"type": "Feature", "properties": {"PWSID": "NC0118139", "PWS_Name": "STARMOUNT VILLAGE S/D", "Primacy_Agency": "NC", "Population_Served_Count": 53, "Service_Connections_Count": 21, "Service_Area_Type": "Residential Area", "Verification_Status": "", "Area_SqKM": 0.26385467295084275}, "geometry": {"type": "Point", "coordinates": [-81.25352144954198, 35.64113503832324]}}, {"type": "Feature", "properties": {"PWSID": "NC0118142", "PWS_Name": "PRESTIGE HEIGHTS", "Primacy_Agency": "NC", "Population_Served_Count": 170, "Service_Connections_Count": 67, "Service_Area_Type": "Residential Area", "Verification_Status": "", "Area_SqKM": 0.46322082473798354}, "geometry": {"type": "Point", "coordinates": [-81.19216301049185, 35.6850829100443]}}, {"type": "Feature", "properties": {"PWSID": "NC0118155", "PWS_Name": "SPENCER RD PARK", "Primacy_Agency": "NC", "Population_Served_Count": 142, "Service_Connections_Count": 60, "Service_Area_Type": "Residential Area", "Verification_Status": "", "Area_SqKM": 0.3047747628768999}, "geometry": {"type": "Point", "coordinates": [-81.26767410102912, 35.73583901768356]}}, {"type": "Feature", "properties": {"PWSID": "NC0118164", "PWS_Name": "SPRING VALLEY WATER SYSTEM", "Primacy_Agency": "NC", "Population_Served_Count": 51, "Service_Connections_Count": 20, "Service_Area_Type": "Residential Area", "Verification_Status": "", "Area_SqKM": 0.20827967397631128}, "geometry": {"type": "Point", "coordinates": [-81.3061732906799, 35.69044166480884]}}, {"type": "Feature", "properties": {"PWSID": "NC0118166", "PWS_Name": "CEDAR VALLEY WATER SYSTEM", "Primacy_Agency": "NC", "Population_Served_Count": 134, "Service_Connections_Count": 53, "Service_Area_Type": "Residential Area", "Verification_Status": "", "Area_SqKM": 0.29272380744095705}, "geometry": {"type": "Point", "coordinates": [-81.17131011878102, 35.68474123261036]}}, {"type": "Feature", "properties": {"PWSID": "NC0118168", "PWS_Name": "PINEWOOD ACRES WATER SYSTEM", "Primacy_Agency": "NC", "Population_Served_Count": 48, "Service_Connections_Count": 19, "Service_Area_Type": "Residential Area", "Verification_Status": "", "Area_SqKM": 0.1668504096644069}, "geometry": {"type": "Point", "coordinates": [-80.98680600637059, 35.59975903192378]}}, {"type": "Feature", "properties": {"PWSID": "NC0118182", "PWS_Name": "RIVERVIEW ACRES WATER SYSTEM", "Primacy_Agency": "NC", "Population_Served_Count": 119, "Service_Connections_Count": 47, "Service_Area_Type": "Residential Area", "Verification_Status": "", "Area_SqKM": 0.2561453189706561}, "geometry": {"type": "Point", "coordinates": [-81.33716828319527, 35.65238704077191]}}, {"type": "Feature", "properties": {"PWSID": "NC0118187", "PWS_Name": "WESTSIDE HILLS S/D", "Primacy_Agency": "NC", "Population_Served_Count": 127, "Service_Connections_Count": 50, "Service_Area_Type": "Residential Area", "Verification_Status": "", "Area_SqKM": 0.4118064970430231}, "geometry": {"type": "Point", "coordinates": [-81.26383017540071, 35.66101402102097]}}, {"type": "Feature", "properties": {"PWSID": "NC0118238", "PWS_Name": "CHAPEL VIEW CIRCLE WATER SYS", "Primacy_Agency": "NC", "Population_Served_Count": 48, "Service_Connections_Count": 19, "Service_Area_Type": "Residential Area", "Verification_Status": "", "Area_SqKM": 0.1703488285432952}, "geometry": {"type": "Point", "coordinates": [-81.20433588771306, 35.59297662530503]}}, {"type": "Feature", "properties": {"PWSID": "NC0118241", "PWS_Name": "HOMESTEAD S/D WATER SYSTEM", "Primacy_Agency": "NC", "Population_Served_Count": 389, "Service_Connections_Count": 153, "Service_Area_Type": "Residential Area", "Verification_Status": "", "Area_SqKM": 0.7454366051370916}, "geometry": {"type": "Point", "coordinates": [-81.37638112275546, 35.66879787699436]}}, {"type": "Feature", "properties": {"PWSID": "NC0118242", "PWS_Name": "JAMESTOWNE S/D WATER SYSTEM", "Primacy_Agency": "NC", "Population_Served_Count": 163, "Service_Connections_Count": 64, "Service_Area_Type": "Residential Area", "Verification_Status": "", "Area_SqKM": 0.5549721223663516}, "geometry": {"type": "Point", "coordinates": [-81.3450528891291, 35.673712244061036]}}, {"type": "Feature", "properties": {"PWSID": "NC0118247", "PWS_Name": "VALLEY ACRES S/D", "Primacy_Agency": "NC", "Population_Served_Count": 69, "Service_Connections_Count": 27, "Service_Area_Type": "Residential Area", "Verification_Status": "", "Area_SqKM": 0.25509938507624313}, "geometry": {"type": "Point", "coordinates": [-81.1455819570183, 35.678019474980005]}}, {"type": "Feature", "properties": {"PWSID": "NC0118248", "PWS_Name": "WOODRIDGE S/D", "Primacy_Agency": "NC", "Population_Served_Count": 295, "Service_Connections_Count": 116, "Service_Area_Type": "Residential Area", "Verification_Status": "", "Area_SqKM": 0.4783206906997483}, "geometry": {"type": "Point", "coordinates": [-81.37013459106285, 35.68290093033705]}}, {"type": "Feature", "properties": {"PWSID": "NC0118250", "PWS_Name": "PIONEER VILLAGE S/D", "Primacy_Agency": "NC", "Population_Served_Count": 43, "Service_Connections_Count": 17, "Service_Area_Type": "Residential Area", "Verification_Status": "", "Area_SqKM": 0.13746497895816553}, "geometry": {"type": "Point", "coordinates": [-81.24476960306285, 35.62701442399079]}}, {"type": "Feature", "properties": {"PWSID": "NC0118251", "PWS_Name": "GREENBRIAR S/D WATER SYSTEM", "Primacy_Agency": "NC", "Population_Served_Count": 158, "Service_Connections_Count": 62, "Service_Area_Type": "Residential Area", "Verification_Status": "", "Area_SqKM": 0.32167144142788145}, "geometry": {"type": "Point", "coordinates": [-81.33555384423774, 35.66143725675935]}}, {"type": "Feature", "properties": {"PWSID": "NC0118253", "PWS_Name": "MAIDEN CHAPEL HEIGHTS S/D", "Primacy_Agency": "NC", "Population_Served_Count": 59, "Service_Connections_Count": 23, "Service_Area_Type": "Residential Area", "Verification_Status": "", "Area_SqKM": 0.20235906073945945}, "geometry": {"type": "Point", "coordinates": [-81.22413503605921, 35.565930000165864]}}, {"type": "Feature", "properties": {"PWSID": "NC0118254", "PWS_Name": "RIVERWOOD S/D", "Primacy_Agency": "NC", "Population_Served_Count": 102, "Service_Connections_Count": 40, "Service_Area_Type": "Residential Area", "Verification_Status": "", "Area_SqKM": 0.3112465567047224}, "geometry": {"type": "Point", "coordinates": [-80.95896518497997, 35.587503865713366]}}, {"type": "Feature", "properties": {"PWSID": "NC0118255", "PWS_Name": "SHANGRI-LA S/D", "Primacy_Agency": "NC", "Population_Served_Count": 170, "Service_Connections_Count": 67, "Service_Area_Type": "Residential Area", "Verification_Status": "", "Area_SqKM": 0.33592248954242065}, "geometry": {"type": "Point", "coordinates": [-81.15409472886041, 35.690669847155974]}}, {"type": "Feature", "properties": {"PWSID": "NC0118256", "PWS_Name": "WOODLAND OAKS S/D", "Primacy_Agency": "NC", "Population_Served_Count": 290, "Service_Connections_Count": 114, "Service_Area_Type": "Residential Area", "Verification_Status": "", "Area_SqKM": 0.7536744623175883}, "geometry": {"type": "Point", "coordinates": [-81.12015960350146, 35.66549274607532]}}, {"type": "Feature", "properties": {"PWSID": "NC0118258", "PWS_Name": "LAZY S MHP", "Primacy_Agency": "NC", "Population_Served_Count": 102, "Service_Connections_Count": 40, "Service_Area_Type": "Residential Area", "Verification_Status": "", "Area_SqKM": 0.28043734768962386}, "geometry": {"type": "Point", "coordinates": [-81.12994002768716, 35.68984466245443]}}, {"type": "Feature", "properties": {"PWSID": "NC0118268", "PWS_Name": "DUAN ACRES WATER SYSTEM", "Primacy_Agency": "NC", "Population_Served_Count": 305, "Service_Connections_Count": 120, "Service_Area_Type": "Residential Area", "Verification_Status": "", "Area_SqKM": 0.5317880716471228}, "geometry": {"type": "Point", "coordinates": [-81.19164540368838, 35.63002676418697]}}, {"type": "Feature", "properties": {"PWSID": "NC0118269", "PWS_Name": "FOREST RIDGE S/D", "Primacy_Agency": "NC", "Population_Served_Count": 292, "Service_Connections_Count": 115, "Service_Area_Type": "Residential Area", "Verification_Status": "", "Area_SqKM": 0.5259033200966924}, "geometry": {"type": "Point", "coordinates": [-81.35374479606827, 35.67932221817057]}}, {"type": "Feature", "properties": {"PWSID": "NC0118271", "PWS_Name": "KNOLLS III S/D", "Primacy_Agency": "NC", "Population_Served_Count": 130, "Service_Connections_Count": 51, "Service_Area_Type": "Residential Area", "Verification_Status": "", "Area_SqKM": 0.4615362399510849}, "geometry": {"type": "Point", "coordinates": [-81.22470209781059, 35.61618341053618]}}, {"type": "Feature", "properties": {"PWSID": "NC0118273", "PWS_Name": "GREENFIELD S/D", "Primacy_Agency": "NC", "Population_Served_Count": 193, "Service_Connections_Count": 76, "Service_Area_Type": "Residential Area", "Verification_Status": "", "Area_SqKM": 0.38091415473423385}, "geometry": {"type": "Point", "coordinates": [-81.2698672773657, 35.63162598251319]}}, {"type": "Feature", "properties": {"PWSID": "NC0118274", "PWS_Name": "PLEASANT LANES EXT S/D", "Primacy_Agency": "NC", "Population_Served_Count": 53, "Service_Connections_Count": 21, "Service_Area_Type": "Residential Area", "Verification_Status": "", "Area_SqKM": 0.14373161670513107}, "geometry": {"type": "Point", "coordinates": [-81.19188990317343, 35.64973778573595]}}, {"type": "Feature", "properties": {"PWSID": "NC0118279", "PWS_Name": "PONDEROSA S/D", "Primacy_Agency": "NC", "Population_Served_Count": 129, "Service_Connections_Count": 51, "Service_Area_Type": "Residential Area", "Verification_Status": "", "Area_SqKM": 0.3565863806183697}, "geometry": {"type": "Point", "coordinates": [-81.3300152688568, 35.67732166749711]}}, {"type": "Feature", "properties": {"PWSID": "NC0118281", "PWS_Name": "SPINNAKER BAY CONDOMINIUMS", "Primacy_Agency": "NC", "Population_Served_Count": 127, "Service_Connections_Count": 13, "Service_Area_Type": "Other Residential", "Verification_Status": "", "Area_SqKM": 0.16360268746547782}, "geometry": {"type": "Point", "coordinates": [-80.98845717181345, 35.57348713530501]}}, {"type": "Feature", "properties": {"PWSID": "NC0118282", "PWS_Name": "SPRINGDALE MH S/D", "Primacy_Agency": "NC", "Population_Served_Count": 251, "Service_Connections_Count": 99, "Service_Area_Type": "Mobile Home Park - Principal Residence", "Verification_Status": "", "Area_SqKM": 0.42762866718892967}, "geometry": {"type": "Point", "coordinates": [-81.33882809508593, 35.621807851300346]}}, {"type": "Feature", "properties": {"PWSID": "NC0118284", "PWS_Name": "BETTS BROOKE S/D WATER SYSTEM", "Primacy_Agency": "NC", "Population_Served_Count": 46, "Service_Connections_Count": 18, "Service_Area_Type": "Residential Area", "Verification_Status": "", "Area_SqKM": 0.21452250636165907}, "geometry": {"type": "Point", "coordinates": [-81.26519219605747, 35.638421601525295]}}, {"type": "Feature", "properties": {"PWSID": "NC0118287", "PWS_Name": "CRABTREE II S/D", "Primacy_Agency": "NC", "Population_Served_Count": 79, "Service_Connections_Count": 31, "Service_Area_Type": "Residential Area", "Verification_Status": "", "Area_SqKM": 0.28150483317068}, "geometry": {"type": "Point", "coordinates": [-81.44395791214487, 35.58553362300048]}}, {"type": "Feature", "properties": {"PWSID": "NC0118288", "PWS_Name": "LOVE POINT S/D", "Primacy_Agency": "NC", "Population_Served_Count": 76, "Service_Connections_Count": 30, "Service_Area_Type": "Residential Area", "Verification_Status": "", "Area_SqKM": 0.22618587613575172}, "geometry": {"type": "Point", "coordinates": [-81.02983303349698, 35.560296988946774]}}, {"type": "Feature", "properties": {"PWSID": "NC0118290", "PWS_Name": "HIDDEN CREEK ESTATES", "Primacy_Agency": "NC", "Population_Served_Count": 340, "Service_Connections_Count": 134, "Service_Area_Type": "Residential Area", "Verification_Status": "", "Area_SqKM": 0.5558599849510525}, "geometry": {"type": "Point", "coordinates": [-81.32218884826338, 35.666898446520115]}}, {"type": "Feature", "properties": {"PWSID": "NC0118295", "PWS_Name": "ROCK CREEK S/D", "Primacy_Agency": "NC", "Population_Served_Count": 111, "Service_Connections_Count": 44, "Service_Area_Type": "Residential Area", "Verification_Status": "", "Area_SqKM": 0.27002745980718623}, "geometry": {"type": "Point", "coordinates": [-81.37254698462502, 35.591958282377405]}}, {"type": "Feature", "properties": {"PWSID": "NC0118301", "PWS_Name": "LYNMORE S/D", "Primacy_Agency": "NC", "Population_Served_Count": 28, "Service_Connections_Count": 11, "Service_Area_Type": "Residential Area", "Verification_Status": "", "Area_SqKM": 0.1441559393423485}, "geometry": {"type": "Point", "coordinates": [-80.99092479892337, 35.63418873822418]}}, {"type": "Feature", "properties": {"PWSID": "NC0118305", "PWS_Name": "JACOB`S VIEW S/D", "Primacy_Agency": "NC", "Population_Served_Count": 238, "Service_Connections_Count": 94, "Service_Area_Type": "Residential Area", "Verification_Status": "", "Area_SqKM": 0.5094956660716771}, "geometry": {"type": "Point", "coordinates": [-81.32316733288941, 35.64629361892157]}}, {"type": "Feature", "properties": {"PWSID": "NC0118307", "PWS_Name": "POINTE NORMAN S/D", "Primacy_Agency": "NC", "Population_Served_Count": 86, "Service_Connections_Count": 34, "Service_Area_Type": "Residential Area", "Verification_Status": "", "Area_SqKM": 0.25145938467691814}, "geometry": {"type": "Point", "coordinates": [-80.99537157737534, 35.578031702215156]}}, {"type": "Feature", "properties": {"PWSID": "NC0118315", "PWS_Name": "GLENCROFT S/D", "Primacy_Agency": "NC", "Population_Served_Count": 178, "Service_Connections_Count": 79, "Service_Area_Type": "Residential Area", "Verification_Status": "", "Area_SqKM": 0.3241257899980582}, "geometry": {"type": "Point", "coordinates": [-81.18532264955931, 35.627341103936814]}}, {"type": "Feature", "properties": {"PWSID": "NC0118320", "PWS_Name": "THE SUMMIT AT LAKE NORMAN S/D", "Primacy_Agency": "NC", "Population_Served_Count": 56, "Service_Connections_Count": 22, "Service_Area_Type": "Subdivision", "Verification_Status": "", "Area_SqKM": 0.26029041670438335}, "geometry": {"type": "Point", "coordinates": [-80.98303872899277, 35.67344514794258]}}, {"type": "Feature", "properties": {"PWSID": "NC0136102", "PWS_Name": "ALAN ACRES", "Primacy_Agency": "NC", "Population_Served_Count": 366, "Service_Connections_Count": 144, "Service_Area_Type": "Residential Area", "Verification_Status": "", "Area_SqKM": 0.6091021095351804}, "geometry": {"type": "Point", "coordinates": [-81.25433776381199, 35.20606481019982]}}, {"type": "Feature", "properties": {"PWSID": "NC0136104", "PWS_Name": "ASHEBROOK PARK", "Primacy_Agency": "NC", "Population_Served_Count": 241, "Service_Connections_Count": 95, "Service_Area_Type": "Residential Area", "Verification_Status": "", "Area_SqKM": 0.4129506479617278}, "geometry": {"type": "Point", "coordinates": [-81.22512519352685, 35.342343929172515]}}, {"type": "Feature", "properties": {"PWSID": "NC0136108", "PWS_Name": "BEVERLY ACRES.", "Primacy_Agency": "NC", "Population_Served_Count": 137, "Service_Connections_Count": 54, "Service_Area_Type": "Residential Area", "Verification_Status": "", "Area_SqKM": 0.23821258323223293}, "geometry": {"type": "Point", "coordinates": [-81.18752814291736, 35.200599759598546]}}, {"type": "Feature", "properties": {"PWSID": "NC0136112", "PWS_Name": "CARMEL PARK", "Primacy_Agency": "NC", "Population_Served_Count": 107, "Service_Connections_Count": 42, "Service_Area_Type": "Residential Area", "Verification_Status": "", "Area_SqKM": 0.2082788900783918}, "geometry": {"type": "Point", "coordinates": [-81.14797283512162, 35.18827033282213]}}, {"type": "Feature", "properties": {"PWSID": "NC0136114", "PWS_Name": "CEDARWOOD ACRES", "Primacy_Agency": "NC", "Population_Served_Count": 162, "Service_Connections_Count": 64, "Service_Area_Type": "Residential Area", "Verification_Status": "", "Area_SqKM": 0.4984883333154251}, "geometry": {"type": "Point", "coordinates": [-81.13344448837512, 35.3201250433641]}}, {"type": "Feature", "properties": {"PWSID": "NC0136115", "PWS_Name": "CHAPELWOOD ACRES S/D", "Primacy_Agency": "NC", "Population_Served_Count": 41, "Service_Connections_Count": 16, "Service_Area_Type": "Residential Area", "Verification_Status": "", "Area_SqKM": 0.10380158078003351}, "geometry": {"type": "Point", "coordinates": [-81.24635140656662, 35.20905672315541]}}, {"type": "Feature", "properties": {"PWSID": "NC0136122", "PWS_Name": "DALEWOOD-MONTERAY WTR SYSTEM", "Primacy_Agency": "NC", "Population_Served_Count": 142, "Service_Connections_Count": 56, "Service_Area_Type": "Residential Area", "Verification_Status": "", "Area_SqKM": 0.24978842550769748}, "geometry": {"type": "Point", "coordinates": [-81.14313489596606, 35.29538730472572]}}, {"type": "Feature", "properties": {"PWSID": "NC0136128", "PWS_Name": "EDGEWOOD S/D", "Primacy_Agency": "NC", "Population_Served_Count": 193, "Service_Connections_Count": 76, "Service_Area_Type": "Residential Area", "Verification_Status": "", "Area_SqKM": 0.37715939438378143}, "geometry": {"type": "Point", "coordinates": [-81.25669853087341, 35.26132526995866]}}, {"type": "Feature", "properties": {"PWSID": "NC0136133", "PWS_Name": "FLEETWOOD ACRES S/D", "Primacy_Agency": "NC", "Population_Served_Count": 271, "Service_Connections_Count": 107, "Service_Area_Type": "Residential Area", "Verification_Status": "", "Area_SqKM": 0.4555131229836415}, "geometry": {"type": "Point", "coordinates": [-81.20762988534572, 35.22490469039246]}}, {"type": "Feature", "properties": {"PWSID": "NC0136135", "PWS_Name": "FONTAIN VILLAGE", "Primacy_Agency": "NC", "Population_Served_Count": 285, "Service_Connections_Count": 112, "Service_Area_Type": "Residential Area", "Verification_Status": "", "Area_SqKM": 0.4989276357035507}, "geometry": {"type": "Point", "coordinates": [-81.15923404339237, 35.19373193168409]}}, {"type": "Feature", "properties": {"PWSID": "NC0136138", "PWS_Name": "GREEN MEADOWS/HEATHER ACRES SD", "Primacy_Agency": "NC", "Population_Served_Count": 213, "Service_Connections_Count": 84, "Service_Area_Type": "Residential Area", "Verification_Status": "", "Area_SqKM": 0.3754103752451547}, "geometry": {"type": "Point", "coordinates": [-81.16491302592773, 35.20348919029309]}}, {"type": "Feature", "properties": {"PWSID": "NC0136139", "PWS_Name": "GREEN ROAD WATER SYSTEM", "Primacy_Agency": "NC", "Population_Served_Count": 38, "Service_Connections_Count": 15, "Service_Area_Type": "Residential Area", "Verification_Status": "", "Area_SqKM": 0.16891747717859582}, "geometry": {"type": "Point", "coordinates": [-81.11296780592028, 35.39215911634456]}}, {"type": "Feature", "properties": {"PWSID": "NC0136146", "PWS_Name": "FOREST POINTE S/D", "Primacy_Agency": "NC", "Population_Served_Count": 107, "Service_Connections_Count": 42, "Service_Area_Type": "Residential Area", "Verification_Status": "", "Area_SqKM": 0.2821413011213158}, "geometry": {"type": "Point", "coordinates": [-81.1285107586366, 35.17258319601285]}}, {"type": "Feature", "properties": {"PWSID": "NC0136150", "PWS_Name": "HOVIS RD W/S", "Primacy_Agency": "NC", "Population_Served_Count": 31, "Service_Connections_Count": 12, "Service_Area_Type": "Residential Area", "Verification_Status": "", "Area_SqKM": 0.14584918881498493}, "geometry": {"type": "Point", "coordinates": [-81.1128999490013, 35.37936664901071]}}, {"type": "Feature", "properties": {"PWSID": "NC0136151", "PWS_Name": "IDLEWILD PARK", "Primacy_Agency": "NC", "Population_Served_Count": 84, "Service_Connections_Count": 33, "Service_Area_Type": "Residential Area", "Verification_Status": "", "Area_SqKM": 0.16596410342371096}, "geometry": {"type": "Point", "coordinates": [-81.14578724180389, 35.30076389312413]}}, {"type": "Feature", "properties": {"PWSID": "NC0136154", "PWS_Name": "FOXFIRE S/D", "Primacy_Agency": "NC", "Population_Served_Count": 61, "Service_Connections_Count": 24, "Service_Area_Type": "Residential Area", "Verification_Status": "", "Area_SqKM": 0.2127090492256948}, "geometry": {"type": "Point", "coordinates": [-81.23888031481023, 35.179046587068186]}}, {"type": "Feature", "properties": {"PWSID": "NC0136163", "PWS_Name": "HOYLE`S CREEK MHP", "Primacy_Agency": "NC", "Population_Served_Count": 147, "Service_Connections_Count": 58, "Service_Area_Type": "Mobile Home Park - Principal Residence", "Verification_Status": "", "Area_SqKM": 0.3670054160443421}, "geometry": {"type": "Point", "coordinates": [-81.14638079774568, 35.37348932615095]}}, {"type": "Feature", "properties": {"PWSID": "NC0136164", "PWS_Name": "MORNINGSIDE PARK", "Primacy_Agency": "NC", "Population_Served_Count": 97, "Service_Connections_Count": 38, "Service_Area_Type": "Residential Area", "Verification_Status": "", "Area_SqKM": 0.2928001582354193}, "geometry": {"type": "Point", "coordinates": [-81.14448222767244, 35.282286993289674]}}, {"type": "Feature", "properties": {"PWSID": "NC0136165", "PWS_Name": "MOUNTAINBROOK S/D", "Primacy_Agency": "NC", "Population_Served_Count": 127, "Service_Connections_Count": 50, "Service_Area_Type": "Residential Area", "Verification_Status": "", "Area_SqKM": 0.3194735571570524}, "geometry": {"type": "Point", "coordinates": [-81.25148161496067, 35.2373081923403]}}, {"type": "Feature", "properties": {"PWSID": "NC0136167", "PWS_Name": "COUNTRY MEADOWS", "Primacy_Agency": "NC", "Population_Served_Count": 432, "Service_Connections_Count": 171, "Service_Area_Type": "Residential Area", "Verification_Status": "", "Area_SqKM": 0.7170602784666591}, "geometry": {"type": "Point", "coordinates": [-81.09411537810895, 35.2358193379951]}}, {"type": "Feature", "properties": {"PWSID": "NC0136168", "PWS_Name": "WILD WING S/D", "Primacy_Agency": "NC", "Population_Served_Count": 89, "Service_Connections_Count": 36, "Service_Area_Type": "Residential Area", "Verification_Status": "", "Area_SqKM": 0.24359866658438847}, "geometry": {"type": "Point", "coordinates": [-81.25404381431885, 35.17069573263483]}}, {"type": "Feature", "properties": {"PWSID": "NC0136170", "PWS_Name": "PARADISE POINT S/D", "Primacy_Agency": "NC", "Population_Served_Count": 244, "Service_Connections_Count": 80, "Service_Area_Type": "Residential Area", "Verification_Status": "", "Area_SqKM": 0.6237454495078064}, "geometry": {"type": "Point", "coordinates": [-81.04680450392387, 35.19016846379908]}}, {"type": "Feature", "properties": {"PWSID": "NC0136178", "PWS_Name": "MALLARD CROSSING S/D", "Primacy_Agency": "NC", "Population_Served_Count": 170, "Service_Connections_Count": 67, "Service_Area_Type": "Residential Area", "Verification_Status": "", "Area_SqKM": 0.4399289437696651}, "geometry": {"type": "Point", "coordinates": [-81.2757274444473, 35.166941966825036]}}, {"type": "Feature", "properties": {"PWSID": "NC0136182", "PWS_Name": "COUNTRY ACRES/SOUTHGATE", "Primacy_Agency": "NC", "Population_Served_Count": 665, "Service_Connections_Count": 262, "Service_Area_Type": "Subdivision", "Verification_Status": "", "Area_SqKM": 1.174346694105524}, "geometry": {"type": "Point", "coordinates": [-81.13721713927467, 35.19269199294749]}}, {"type": "Feature", "properties": {"PWSID": "NC0136189", "PWS_Name": "SKYLAND DR WATER SYSTEM", "Primacy_Agency": "NC", "Population_Served_Count": 53, "Service_Connections_Count": 21, "Service_Area_Type": "Residential Area", "Verification_Status": "", "Area_SqKM": 0.12837410293992946}, "geometry": {"type": "Point", "coordinates": [-81.2236929487594, 35.228494983039305]}}, {"type": "Feature", "properties": {"PWSID": "NC0136191", "PWS_Name": "KELTIC MEADOWS", "Primacy_Agency": "NC", "Population_Served_Count": 259, "Service_Connections_Count": 102, "Service_Area_Type": "Residential Area", "Verification_Status": "", "Area_SqKM": 0.5949898999813498}, "geometry": {"type": "Point", "coordinates": [-81.11649163170664, 35.18915489514924]}}, {"type": "Feature", "properties": {"PWSID": "NC0136192", "PWS_Name": "SOUTH POINT LANDING", "Primacy_Agency": "NC", "Population_Served_Count": 69, "Service_Connections_Count": 27, "Service_Area_Type": "Residential Area", "Verification_Status": "", "Area_SqKM": 0.16647954131616027}, "geometry": {"type": "Point", "coordinates": [-81.02300207783931, 35.174041101571376]}}, {"type": "Feature", "properties": {"PWSID": "NC0136193", "PWS_Name": "SOUTHWOOD S/D", "Primacy_Agency": "NC", "Population_Served_Count": 48, "Service_Connections_Count": 16, "Service_Area_Type": "Residential Area", "Verification_Status": "", "Area_SqKM": 0.48745645321869535}, "geometry": {"type": "Point", "coordinates": [-81.1090081280389, 35.22089579206455]}}, {"type": "Feature", "properties": {"PWSID": "NC0136198", "PWS_Name": "SUNSET PARK S/D", "Primacy_Agency": "NC", "Population_Served_Count": 216, "Service_Connections_Count": 85, "Service_Area_Type": "Residential Area", "Verification_Status": "", "Area_SqKM": 0.36969235831143754}, "geometry": {"type": "Point", "coordinates": [-81.14208323491566, 35.29216270060449]}}, {"type": "Feature", "properties": {"PWSID": "NC0136199", "PWS_Name": "VALLEYDALE S/D", "Primacy_Agency": "NC", "Population_Served_Count": 107, "Service_Connections_Count": 42, "Service_Area_Type": "Residential Area", "Verification_Status": "", "Area_SqKM": 0.3334860059473976}, "geometry": {"type": "Point", "coordinates": [-81.11185462224344, 35.20216558169855]}}, {"type": "Feature", "properties": {"PWSID": "NC0136203", "PWS_Name": "WINNINGFIELD S/D", "Primacy_Agency": "NC", "Population_Served_Count": 30, "Service_Connections_Count": 12, "Service_Area_Type": "Residential Area", "Verification_Status": "", "Area_SqKM": 0.12744934747354764}, "geometry": {"type": "Point", "coordinates": [-81.21961478536625, 35.38093116065706]}}, {"type": "Feature", "properties": {"PWSID": "NC0136204", "PWS_Name": "YORKWOOD S/D", "Primacy_Agency": "NC", "Population_Served_Count": 196, "Service_Connections_Count": 77, "Service_Area_Type": "Residential Area", "Verification_Status": "", "Area_SqKM": 0.38349284547547}, "geometry": {"type": "Point", "coordinates": [-81.20780367504095, 35.21078266285172]}}, {"type": "Feature", "properties": {"PWSID": "NC0136208", "PWS_Name": "QUAIL RIDGE S/D", "Primacy_Agency": "NC", "Population_Served_Count": 142, "Service_Connections_Count": 56, "Service_Area_Type": "Residential Area", "Verification_Status": "", "Area_SqKM": 0.32472812057045664}, "geometry": {"type": "Point", "coordinates": [-81.1043098755751, 35.24031466854426]}}, {"type": "Feature", "properties": {"PWSID": "NC0136219", "PWS_Name": "OAKHILL S/D", "Primacy_Agency": "NC", "Population_Served_Count": 86, "Service_Connections_Count": 34, "Service_Area_Type": "Residential Area", "Verification_Status": "", "Area_SqKM": 0.25711006384530144}, "geometry": {"type": "Point", "coordinates": [-81.1169853143899, 35.40501149777152]}}, {"type": "Feature", "properties": {"PWSID": "NC0136220", "PWS_Name": "MAPLECREST S/D", "Primacy_Agency": "NC", "Population_Served_Count": 119, "Service_Connections_Count": 47, "Service_Area_Type": "Residential Area", "Verification_Status": "", "Area_SqKM": 0.32258730475163944}, "geometry": {"type": "Point", "coordinates": [-81.1114386893315, 35.20797834859132]}}, {"type": "Feature", "properties": {"PWSID": "NC0136222", "PWS_Name": "MAR-LYNN FOREST S/D", "Primacy_Agency": "NC", "Population_Served_Count": 99, "Service_Connections_Count": 39, "Service_Area_Type": "Residential Area", "Verification_Status": "", "Area_SqKM": 0.3858765235958507}, "geometry": {"type": "Point", "coordinates": [-81.10350599524249, 35.3379418248592]}}, {"type": "Feature", "properties": {"PWSID": "NC0136231", "PWS_Name": "KNOLLWOOD S/D", "Primacy_Agency": "NC", "Population_Served_Count": 46, "Service_Connections_Count": 18, "Service_Area_Type": "Residential Area", "Verification_Status": "", "Area_SqKM": 0.1334936989306798}, "geometry": {"type": "Point", "coordinates": [-81.2119722798501, 35.30320200413789]}}, {"type": "Feature", "properties": {"PWSID": "NC0136237", "PWS_Name": "GOODWILL ACRES", "Primacy_Agency": "NC", "Population_Served_Count": 137, "Service_Connections_Count": 58, "Service_Area_Type": "Residential Area", "Verification_Status": "", "Area_SqKM": 0.34350606133897155}, "geometry": {"type": "Point", "coordinates": [-81.22922973048213, 35.386531726842044]}}, {"type": "Feature", "properties": {"PWSID": "NC0136239", "PWS_Name": "HELMS WATER SYSTEM", "Primacy_Agency": "NC", "Population_Served_Count": 89, "Service_Connections_Count": 35, "Service_Area_Type": "Residential Area", "Verification_Status": "", "Area_SqKM": 0.24216757090449498}, "geometry": {"type": "Point", "coordinates": [-81.12544280927479, 35.35405310507795]}}, {"type": "Feature", "properties": {"PWSID": "NC0136242", "PWS_Name": "FAIRFAX S/D", "Primacy_Agency": "NC", "Population_Served_Count": 150, "Service_Connections_Count": 59, "Service_Area_Type": "Residential Area", "Verification_Status": "", "Area_SqKM": 0.25849406146573384}, "geometry": {"type": "Point", "coordinates": [-81.16951424466482, 35.19910742190928]}}, {"type": "Feature", "properties": {"PWSID": "NC0136243", "PWS_Name": "EAST GASTON MHP", "Primacy_Agency": "NC", "Population_Served_Count": 124, "Service_Connections_Count": 49, "Service_Area_Type": "Mobile Home Park - Principal Residence", "Verification_Status": "", "Area_SqKM": 0.15321755706861737}, "geometry": {"type": "Point", "coordinates": [-81.07333104134337, 35.29073771656404]}}, {"type": "Feature", "properties": {"PWSID": "NC0136244", "PWS_Name": "GALLAGHER TRAILS S/D", "Primacy_Agency": "NC", "Population_Served_Count": 109, "Service_Connections_Count": 43, "Service_Area_Type": "Residential Area", "Verification_Status": "", "Area_SqKM": 0.4908993415739173}, "geometry": {"type": "Point", "coordinates": [-81.2208878908458, 35.40125646083451]}}, {"type": "Feature", "properties": {"PWSID": "NC0136249", "PWS_Name": "CEDAR GROVE S/D", "Primacy_Agency": "NC", "Population_Served_Count": 462, "Service_Connections_Count": 159, "Service_Area_Type": "Residential Area", "Verification_Status": "", "Area_SqKM": 0.9592682846330225}, "geometry": {"type": "Point", "coordinates": [-81.17425936877946, 35.178008046238496]}}, {"type": "Feature", "properties": {"PWSID": "NC0136250", "PWS_Name": "CEDAR VALLEY", "Primacy_Agency": "NC", "Population_Served_Count": 66, "Service_Connections_Count": 26, "Service_Area_Type": "Residential Area", "Verification_Status": "", "Area_SqKM": 0.20496745007575987}, "geometry": {"type": "Point", "coordinates": [-81.16128369852603, 35.34424568870823]}}, {"type": "Feature", "properties": {"PWSID": "NC0136255", "PWS_Name": "HEATHER GLEN/HIGHLAND", "Primacy_Agency": "NC", "Population_Served_Count": 132, "Service_Connections_Count": 52, "Service_Area_Type": "Residential Area", "Verification_Status": "", "Area_SqKM": 0.284007296499369}, "geometry": {"type": "Point", "coordinates": [-81.02345319868775, 35.17951796412118]}}, {"type": "Feature", "properties": {"PWSID": "NC0136261", "PWS_Name": "FOX RUN S/D", "Primacy_Agency": "NC", "Population_Served_Count": 516, "Service_Connections_Count": 203, "Service_Area_Type": "Residential Area", "Verification_Status": "", "Area_SqKM": 0.7437760627265231}, "geometry": {"type": "Point", "coordinates": [-81.15316116528061, 35.190801684455174]}}, {"type": "Feature", "properties": {"PWSID": "NC0136262", "PWS_Name": "BRIAR CREEK S/D", "Primacy_Agency": "NC", "Population_Served_Count": 140, "Service_Connections_Count": 55, "Service_Area_Type": "Subdivision", "Verification_Status": "", "Area_SqKM": 0.2930163426030985}, "geometry": {"type": "Point", "coordinates": [-81.05481845164674, 35.30634478259684]}}, {"type": "Feature", "properties": {"PWSID": "NC0136267", "PWS_Name": "OAKLEY PARK  NO 2", "Primacy_Agency": "NC", "Population_Served_Count": 343, "Service_Connections_Count": 135, "Service_Area_Type": "Residential Area", "Verification_Status": "", "Area_SqKM": 0.6042754213101295}, "geometry": {"type": "Point", "coordinates": [-81.26458328549691, 35.20626874323396]}}, {"type": "Feature", "properties": {"PWSID": "NC0136268", "PWS_Name": "OLD PROVIDENCE S/D", "Primacy_Agency": "NC", "Population_Served_Count": 140, "Service_Connections_Count": 52, "Service_Area_Type": "Residential Area", "Verification_Status": "", "Area_SqKM": 0.22115793852018373}, "geometry": {"type": "Point", "coordinates": [-81.24090412722597, 35.21116820612318]}}, {"type": "Feature", "properties": {"PWSID": "NC0136280", "PWS_Name": "OLD SOUTH LANE S/D", "Primacy_Agency": "NC", "Population_Served_Count": 30, "Service_Connections_Count": 13, "Service_Area_Type": "Residential Area", "Verification_Status": "", "Area_SqKM": 0.13183878587416853}, "geometry": {"type": "Point", "coordinates": [-81.17994028559659, 35.21912189007652]}}, {"type": "Feature", "properties": {"PWSID": "NC0136287", "PWS_Name": "WESLEY ACRES  NO 2", "Primacy_Agency": "NC", "Population_Served_Count": 168, "Service_Connections_Count": 66, "Service_Area_Type": "Residential Area", "Verification_Status": "", "Area_SqKM": 0.2966778598955443}, "geometry": {"type": "Point", "coordinates": [-81.18689329498255, 35.18983535113249]}}, {"type": "Feature", "properties": {"PWSID": "NC0136290", "PWS_Name": "FARMWOOD S/D(COUNTRYWOODS S/D)", "Primacy_Agency": "NC", "Population_Served_Count": 246, "Service_Connections_Count": 97, "Service_Area_Type": "Residential Area", "Verification_Status": "", "Area_SqKM": 0.5389654454571178}, "geometry": {"type": "Point", "coordinates": [-81.07384953075741, 35.19630895381972]}}, {"type": "Feature", "properties": {"PWSID": "NC0136291", "PWS_Name": "FOREST ACRES", "Primacy_Agency": "NC", "Population_Served_Count": 99, "Service_Connections_Count": 39, "Service_Area_Type": "Residential Area", "Verification_Status": "", "Area_SqKM": 0.22617896467368576}, "geometry": {"type": "Point", "coordinates": [-81.06174781847037, 35.27933605738551]}}, {"type": "Feature", "properties": {"PWSID": "NC0136293", "PWS_Name": "MCCONNELL S/D", "Primacy_Agency": "NC", "Population_Served_Count": 124, "Service_Connections_Count": 49, "Service_Area_Type": "Residential Area", "Verification_Status": "", "Area_SqKM": 0.37635834674012325}, "geometry": {"type": "Point", "coordinates": [-81.15892260472282, 35.3362899305889]}}, {"type": "Feature", "properties": {"PWSID": "NC0136294", "PWS_Name": "AUTUMN ACRES S/D", "Primacy_Agency": "NC", "Population_Served_Count": 84, "Service_Connections_Count": 33, "Service_Area_Type": "Residential Area", "Verification_Status": "", "Area_SqKM": 0.3074524983835181}, "geometry": {"type": "Point", "coordinates": [-81.10722443286407, 35.24040195038468]}}, {"type": "Feature", "properties": {"PWSID": "NC0136300", "PWS_Name": "GLENNBURN S/D", "Primacy_Agency": "NC", "Population_Served_Count": 73, "Service_Connections_Count": 29, "Service_Area_Type": "Residential Area", "Verification_Status": "", "Area_SqKM": 0.2248060214350477}, "geometry": {"type": "Point", "coordinates": [-81.27576545938318, 35.34337991433472]}}, {"type": "Feature", "properties": {"PWSID": "NC0136303", "PWS_Name": "HICKORY RIDGE S/D", "Primacy_Agency": "NC", "Population_Served_Count": 178, "Service_Connections_Count": 70, "Service_Area_Type": "Residential Area", "Verification_Status": "", "Area_SqKM": 0.40837361074886463}, "geometry": {"type": "Point", "coordinates": [-81.05626491861698, 35.30112951760404]}}, {"type": "Feature", "properties": {"PWSID": "NC0136304", "PWS_Name": "LAUREL WOODS S/D", "Primacy_Agency": "NC", "Population_Served_Count": 157, "Service_Connections_Count": 62, "Service_Area_Type": "Residential Area", "Verification_Status": "", "Area_SqKM": 0.4216758538513177}, "geometry": {"type": "Point", "coordinates": [-81.25229030706046, 35.24269517514828]}}, {"type": "Feature", "properties": {"PWSID": "NC0136310", "PWS_Name": "SOUTH HILL S/D", "Primacy_Agency": "NC", "Population_Served_Count": 30, "Service_Connections_Count": 12, "Service_Area_Type": "Residential Area", "Verification_Status": "", "Area_SqKM": 0.13336444877666753}, "geometry": {"type": "Point", "coordinates": [-81.09471397955987, 35.16830944692281]}}, {"type": "Feature", "properties": {"PWSID": "NC0136312", "PWS_Name": "WINDWOOD ACRES S/D", "Primacy_Agency": "NC", "Population_Served_Count": 56, "Service_Connections_Count": 22, "Service_Area_Type": "Residential Area", "Verification_Status": "", "Area_SqKM": 0.17069836672780458}, "geometry": {"type": "Point", "coordinates": [-81.25237046043333, 35.276419393305325]}}, {"type": "Feature", "properties": {"PWSID": "NC0136313", "PWS_Name": "WIMBLEDON S/D", "Primacy_Agency": "NC", "Population_Served_Count": 107, "Service_Connections_Count": 42, "Service_Area_Type": "Residential Area", "Verification_Status": "", "Area_SqKM": 0.25155421808629475}, "geometry": {"type": "Point", "coordinates": [-81.21948921840867, 35.358963923708444]}}, {"type": "Feature", "properties": {"PWSID": "NC0136320", "PWS_Name": "EAST CHESTNUT ST EXT", "Primacy_Agency": "NC", "Population_Served_Count": 213, "Service_Connections_Count": 84, "Service_Area_Type": "Residential Area", "Verification_Status": "", "Area_SqKM": 0.5966470193574654}, "geometry": {"type": "Point", "coordinates": [-81.08113168258906, 35.365750360975525]}}, {"type": "Feature", "properties": {"PWSID": "NC0136324", "PWS_Name": "RAINTREE S/D", "Primacy_Agency": "NC", "Population_Served_Count": 482, "Service_Connections_Count": 190, "Service_Area_Type": "Residential Area", "Verification_Status": "", "Area_SqKM": 0.8633578653360435}, "geometry": {"type": "Point", "coordinates": [-81.23503325592914, 35.19308665684441]}}, {"type": "Feature", "properties": {"PWSID": "NC0136329", "PWS_Name": "PINEVIEW S/D", "Primacy_Agency": "NC", "Population_Served_Count": 102, "Service_Connections_Count": 40, "Service_Area_Type": "Residential Area", "Verification_Status": "", "Area_SqKM": 0.28325541181616565}, "geometry": {"type": "Point", "coordinates": [-81.20908672081288, 35.22092235340156]}}, {"type": "Feature", "properties": {"PWSID": "NC0136335", "PWS_Name": "SOUTH HILL ESTATE III", "Primacy_Agency": "NC", "Population_Served_Count": 102, "Service_Connections_Count": 41, "Service_Area_Type": "Residential Area", "Verification_Status": "", "Area_SqKM": 0.23816721897723478}, "geometry": {"type": "Point", "coordinates": [-81.02895476411933, 35.21027897077119]}}, {"type": "Feature", "properties": {"PWSID": "NC0136336", "PWS_Name": "WOODLEIGH S/D", "Primacy_Agency": "NC", "Population_Served_Count": 198, "Service_Connections_Count": 78, "Service_Area_Type": "Residential Area", "Verification_Status": "", "Area_SqKM": 0.6592997891862016}, "geometry": {"type": "Point", "coordinates": [-81.13487027056378, 35.19996102738507]}}, {"type": "Feature", "properties": {"PWSID": "NC0136337", "PWS_Name": "FALLSCREST II S/D", "Primacy_Agency": "NC", "Population_Served_Count": 356, "Service_Connections_Count": 140, "Service_Area_Type": "Residential Area", "Verification_Status": "", "Area_SqKM": 0.6105398705202174}, "geometry": {"type": "Point", "coordinates": [-81.24374266276405, 35.21865448896569]}}, {"type": "Feature", "properties": {"PWSID": "NC0136338", "PWS_Name": "SOUTH FOREST S/D", "Primacy_Agency": "NC", "Population_Served_Count": 84, "Service_Connections_Count": 62, "Service_Area_Type": "Residential Area", "Verification_Status": "", "Area_SqKM": 0.2970573094467854}, "geometry": {"type": "Point", "coordinates": [-81.02866308060601, 35.20138214662634]}}, {"type": "Feature", "properties": {"PWSID": "NC0136339", "PWS_Name": "AMY ACRES S/D", "Primacy_Agency": "NC", "Population_Served_Count": 358, "Service_Connections_Count": 193, "Service_Area_Type": "Residential Area", "Verification_Status": "", "Area_SqKM": 0.9218945661066714}, "geometry": {"type": "Point", "coordinates": [-81.19386420578788, 35.19783250286561]}}, {"type": "Feature", "properties": {"PWSID": "NC0136345", "PWS_Name": "CASTLEWOOD S/D", "Primacy_Agency": "NC", "Population_Served_Count": 46, "Service_Connections_Count": 18, "Service_Area_Type": "Residential Area", "Verification_Status": "", "Area_SqKM": 0.17386106230624207}, "geometry": {"type": "Point", "coordinates": [-81.1381947678044, 35.22379588744613]}}, {"type": "Feature", "properties": {"PWSID": "NC0136347", "PWS_Name": "WATTS S/D", "Primacy_Agency": "NC", "Population_Served_Count": 48, "Service_Connections_Count": 19, "Service_Area_Type": "Residential Area", "Verification_Status": "", "Area_SqKM": 0.2130170529526314}, "geometry": {"type": "Point", "coordinates": [-81.10557073642711, 35.37146733712098]}}, {"type": "Feature", "properties": {"PWSID": "NC0136351", "PWS_Name": "WOODLAND BAY S/D", "Primacy_Agency": "NC", "Population_Served_Count": 74, "Service_Connections_Count": 29, "Service_Area_Type": "Subdivision", "Verification_Status": "", "Area_SqKM": 0.5576293000282531}, "geometry": {"type": "Point", "coordinates": [-81.04597983496501, 35.171777440203314]}}, {"type": "Feature", "properties": {"PWSID": "NC0136353", "PWS_Name": "RIVERTON PLACE SD", "Primacy_Agency": "NC", "Population_Served_Count": 76, "Service_Connections_Count": 30, "Service_Area_Type": "Mobile Home Park - Principal Residence", "Verification_Status": "", "Area_SqKM": 0.2014266335504249}, "geometry": {"type": "Point", "coordinates": [-81.10629666140689, 35.16874787628029]}}, {"type": "Feature", "properties": {"PWSID": "NC0136354", "PWS_Name": "RUSTIC TRAILS S/D", "Primacy_Agency": "NC", "Population_Served_Count": 127, "Service_Connections_Count": 50, "Service_Area_Type": "Residential Area", "Verification_Status": "", "Area_SqKM": 0.2605268419365442}, "geometry": {"type": "Point", "coordinates": [-81.03386560845128, 35.20847090212918]}}, {"type": "Feature", "properties": {"PWSID": "NC0136355", "PWS_Name": "COPPERFIELD/CARMEL HILLS S/D", "Primacy_Agency": "NC", "Population_Served_Count": 201, "Service_Connections_Count": 78, "Service_Area_Type": "Residential Area", "Verification_Status": "", "Area_SqKM": 0.47119206606235786}, "geometry": {"type": "Point", "coordinates": [-81.14254860102119, 35.169327501597046]}}, {"type": "Feature", "properties": {"PWSID": "NC0136356", "PWS_Name": "STONEY OAKS S/D", "Primacy_Agency": "NC", "Population_Served_Count": 74, "Service_Connections_Count": 29, "Service_Area_Type": "Residential Area", "Verification_Status": "", "Area_SqKM": 0.25800440464482416}, "geometry": {"type": "Point", "coordinates": [-81.25776582651706, 35.19475372195854]}}, {"type": "Feature", "properties": {"PWSID": "NC0136358", "PWS_Name": "SHADOW OAKS S/D", "Primacy_Agency": "NC", "Population_Served_Count": 318, "Service_Connections_Count": 125, "Service_Area_Type": "Residential Area", "Verification_Status": "", "Area_SqKM": 0.7201813480673325}, "geometry": {"type": "Point", "coordinates": [-81.10631301591042, 35.33528923364613]}}, {"type": "Feature", "properties": {"PWSID": "NC0136362", "PWS_Name": "CREEKSIDE ESTATE", "Primacy_Agency": "NC", "Population_Served_Count": 488, "Service_Connections_Count": 192, "Service_Area_Type": "Mobile Home Park - Principal Residence", "Verification_Status": "", "Area_SqKM": 0.42113187593991247}, "geometry": {"type": "Point", "coordinates": [-81.32511434601122, 35.33512268132833]}}, {"type": "Feature", "properties": {"PWSID": "NC0136363", "PWS_Name": "MAGNOLIA SPRING-SOUTHFORK S/D", "Primacy_Agency": "NC", "Population_Served_Count": 333, "Service_Connections_Count": 131, "Service_Area_Type": "Residential Area", "Verification_Status": "", "Area_SqKM": 0.8529954636824358}, "geometry": {"type": "Point", "coordinates": [-81.08971779692186, 35.3256819880834]}}, {"type": "Feature", "properties": {"PWSID": "NC0136364", "PWS_Name": "BAYBERRY S/D", "Primacy_Agency": "NC", "Population_Served_Count": 66, "Service_Connections_Count": 26, "Service_Area_Type": "Residential Area", "Verification_Status": "", "Area_SqKM": 0.1655845884514853}, "geometry": {"type": "Point", "coordinates": [-81.13375074013311, 35.204329016941294]}}, {"type": "Feature", "properties": {"PWSID": "NC0136367", "PWS_Name": "PROVIDENCE ACRES", "Primacy_Agency": "NC", "Population_Served_Count": 84, "Service_Connections_Count": 33, "Service_Area_Type": "Residential Area", "Verification_Status": "", "Area_SqKM": 0.2552791802982779}, "geometry": {"type": "Point", "coordinates": [-81.09701336830966, 35.209856325874306]}}, {"type": "Feature", "properties": {"PWSID": "NC0136372", "PWS_Name": "FOREST COVE-SECT II", "Primacy_Agency": "NC", "Population_Served_Count": 83, "Service_Connections_Count": 33, "Service_Area_Type": "Residential Area", "Verification_Status": "", "Area_SqKM": 0.24543861610618153}, "geometry": {"type": "Point", "coordinates": [-81.04150417091333, 35.16185667371887]}}, {"type": "Feature", "properties": {"PWSID": "NC0136384", "PWS_Name": "WALKER HEIGHTS S/D", "Primacy_Agency": "NC", "Population_Served_Count": 239, "Service_Connections_Count": 94, "Service_Area_Type": "Residential Area", "Verification_Status": "", "Area_SqKM": 0.4474967273286345}, "geometry": {"type": "Point", "coordinates": [-81.25767526237236, 35.36835180072683]}}, {"type": "Feature", "properties": {"PWSID": "NC0136385", "PWS_Name": "SOUTHBOURNE/ROLLING HILLS S/D", "Primacy_Agency": "NC", "Population_Served_Count": 127, "Service_Connections_Count": 50, "Service_Area_Type": "Mobile Home Park - Principal Residence", "Verification_Status": "", "Area_SqKM": 0.4002683284935048}, "geometry": {"type": "Point", "coordinates": [-81.05657623789182, 35.309592211769576]}}, {"type": "Feature", "properties": {"PWSID": "NC0136386", "PWS_Name": "HICKORY CREEK/ STARRLAND W/S", "Primacy_Agency": "NC", "Population_Served_Count": 528, "Service_Connections_Count": 208, "Service_Area_Type": "Residential Area", "Verification_Status": "", "Area_SqKM": 0.8841513435680944}, "geometry": {"type": "Point", "coordinates": [-81.2417170405548, 35.202641009048456]}}, {"type": "Feature", "properties": {"PWSID": "NC0136389", "PWS_Name": "BEACON HILLS SD", "Primacy_Agency": "NC", "Population_Served_Count": 109, "Service_Connections_Count": 43, "Service_Area_Type": "Residential Area", "Verification_Status": "", "Area_SqKM": 0.2857121497375864}, "geometry": {"type": "Point", "coordinates": [-81.10415457936642, 35.20769126087867]}}, {"type": "Feature", "properties": {"PWSID": "NC0136397", "PWS_Name": "CAMERON POINT S/D", "Primacy_Agency": "NC", "Population_Served_Count": 86, "Service_Connections_Count": 34, "Service_Area_Type": "Residential Area", "Verification_Status": "", "Area_SqKM": 0.18056450786589825}, "geometry": {"type": "Point", "coordinates": [-81.07123087333525, 35.196986012336254]}}, {"type": "Feature", "properties": {"PWSID": "NC0145127", "PWS_Name": "HOOPERS VALLEY ESTATES", "Primacy_Agency": "NC", "Population_Served_Count": 220, "Service_Connections_Count": 88, "Service_Area_Type": "Residential Area", "Verification_Status": "", "Area_SqKM": 0.3068008228484756}, "geometry": {"type": "Point", "coordinates": [-82.47041954921113, 35.433921594030124]}}, {"type": "Feature", "properties": {"PWSID": "NC0145144", "PWS_Name": "FOX RIDGE S/D", "Primacy_Agency": "NC", "Population_Served_Count": 457, "Service_Connections_Count": 180, "Service_Area_Type": "Residential Area", "Verification_Status": "", "Area_SqKM": 0.9050652414176804}, "geometry": {"type": "Point", "coordinates": [-82.55372293435609, 35.30910431795522]}}, {"type": "Feature", "properties": {"PWSID": "NC0145155", "PWS_Name": "RAMBLING RIDGE S/D", "Primacy_Agency": "NC", "Population_Served_Count": 200, "Service_Connections_Count": 136, "Service_Area_Type": "Residential Area", "Verification_Status": "", "Area_SqKM": 1.360067364951602}, "geometry": {"type": "Point", "coordinates": [-82.53915265119366, 35.292604135327174]}}, {"type": "Feature", "properties": {"PWSID": "NC0145160", "PWS_Name": "TUXEDO WATER SYSTEM", "Primacy_Agency": "NC", "Population_Served_Count": 168, "Service_Connections_Count": 66, "Service_Area_Type": "Residential Area", "Verification_Status": "", "Area_SqKM": 0.6383597412582639}, "geometry": {"type": "Point", "coordinates": [-82.42804359593512, 35.22607100784167]}}, {"type": "Feature", "properties": {"PWSID": "NC0149104", "PWS_Name": "CARDINAL ACRES", "Primacy_Agency": "NC", "Population_Served_Count": 127, "Service_Connections_Count": 50, "Service_Area_Type": "Residential Area", "Verification_Status": "", "Area_SqKM": 0.40903418142585385}, "geometry": {"type": "Point", "coordinates": [-80.83919941366946, 35.65242002879747]}}, {"type": "Feature", "properties": {"PWSID": "NC0149113", "PWS_Name": "FREEMONT PARK S/D", "Primacy_Agency": "NC", "Population_Served_Count": 122, "Service_Connections_Count": 48, "Service_Area_Type": "Residential Area", "Verification_Status": "", "Area_SqKM": 0.28225197445378486}, "geometry": {"type": "Point", "coordinates": [-80.84164950387, 35.544967198844674]}}, {"type": "Feature", "properties": {"PWSID": "NC0149118", "PWS_Name": "HOMESTEAD S/D", "Primacy_Agency": "NC", "Population_Served_Count": 51, "Service_Connections_Count": 20, "Service_Area_Type": "Residential Area", "Verification_Status": "", "Area_SqKM": 0.18409943486483812}, "geometry": {"type": "Point", "coordinates": [-80.84533506929452, 35.595131548540664]}}, {"type": "Feature", "properties": {"PWSID": "NC0149123", "PWS_Name": "KINGS ACRES S/D", "Primacy_Agency": "NC", "Population_Served_Count": 71, "Service_Connections_Count": 28, "Service_Area_Type": "Residential Area", "Verification_Status": "", "Area_SqKM": 0.24105992522564332}, "geometry": {"type": "Point", "coordinates": [-80.87702810431901, 35.653966473504866]}}, {"type": "Feature", "properties": {"PWSID": "NC0149124", "PWS_Name": "LEISURE LAKE VILLAGE (REGENCY)", "Primacy_Agency": "NC", "Population_Served_Count": 231, "Service_Connections_Count": 91, "Service_Area_Type": "Residential Area", "Verification_Status": "", "Area_SqKM": 0.5230286644379737}, "geometry": {"type": "Point", "coordinates": [-80.88403969148978, 35.57317036821547]}}, {"type": "Feature", "properties": {"PWSID": "NC0149134", "PWS_Name": "ROSELAND HEIGHTS S/D", "Primacy_Agency": "NC", "Population_Served_Count": 51, "Service_Connections_Count": 20, "Service_Area_Type": "Residential Area", "Verification_Status": "", "Area_SqKM": 0.17379164870149374}, "geometry": {"type": "Point", "coordinates": [-80.82467968210157, 35.639483054839175]}}, {"type": "Feature", "properties": {"PWSID": "NC0149138", "PWS_Name": "SPRING SHORES", "Primacy_Agency": "NC", "Population_Served_Count": 140, "Service_Connections_Count": 55, "Service_Area_Type": "Residential Area", "Verification_Status": "", "Area_SqKM": 0.534295352248043}, "geometry": {"type": "Point", "coordinates": [-80.96268632634047, 35.6788851604629]}}, {"type": "Feature", "properties": {"PWSID": "NC0149141", "PWS_Name": "BUFFALO SHOALS PARK", "Primacy_Agency": "NC", "Population_Served_Count": 97, "Service_Connections_Count": 38, "Service_Area_Type": "Residential Area", "Verification_Status": "", "Area_SqKM": 0.29917114798756006}, "geometry": {"type": "Point", "coordinates": [-80.97176695097403, 35.70197485469146]}}, {"type": "Feature", "properties": {"PWSID": "NC0149148", "PWS_Name": "MEADOWBROOK S/D", "Primacy_Agency": "NC", "Population_Served_Count": 140, "Service_Connections_Count": 55, "Service_Area_Type": "Residential Area", "Verification_Status": "", "Area_SqKM": 0.3453370089879812}, "geometry": {"type": "Point", "coordinates": [-80.79371403100114, 35.54871161068156]}}, {"type": "Feature", "properties": {"PWSID": "NC0149162", "PWS_Name": "MALLARD HEAD S/D", "Primacy_Agency": "NC", "Population_Served_Count": 869, "Service_Connections_Count": 342, "Service_Area_Type": "Residential Area", "Verification_Status": "", "Area_SqKM": 2.303373032717163}, "geometry": {"type": "Point", "coordinates": [-80.88852370112141, 35.5638044970212]}}, {"type": "Feature", "properties": {"PWSID": "NC0149168", "PWS_Name": "MALLARD HEAD CONDOMINIUMS", "Primacy_Agency": "NC", "Population_Served_Count": 102, "Service_Connections_Count": 40, "Service_Area_Type": "Residential Area", "Verification_Status": "", "Area_SqKM": 0.13552512028499172}, "geometry": {"type": "Point", "coordinates": [-80.90345801973359, 35.562961248753204]}}, {"type": "Feature", "properties": {"PWSID": "NC0149169", "PWS_Name": "HERONWOOD S/D", "Primacy_Agency": "NC", "Population_Served_Count": 481, "Service_Connections_Count": 188, "Service_Area_Type": "Residential Area", "Verification_Status": "", "Area_SqKM": 1.0755634479856393}, "geometry": {"type": "Point", "coordinates": [-80.95965087888716, 35.667078323743446]}}, {"type": "Feature", "properties": {"PWSID": "NC0149177", "PWS_Name": "MALIBU POINTE S/D", "Primacy_Agency": "NC", "Population_Served_Count": 246, "Service_Connections_Count": 97, "Service_Area_Type": "Residential Area", "Verification_Status": "", "Area_SqKM": 0.5894250770035748}, "geometry": {"type": "Point", "coordinates": [-80.8723422390568, 35.552960775079]}}, {"type": "Feature", "properties": {"PWSID": "NC0149179", "PWS_Name": "PINE ISLE/NORTHSHORE", "Primacy_Agency": "NC", "Population_Served_Count": 415, "Service_Connections_Count": 162, "Service_Area_Type": "Residential Area", "Verification_Status": "", "Area_SqKM": 0.7402444205240643}, "geometry": {"type": "Point", "coordinates": [-80.90987219403864, 35.54916504932294]}}, {"type": "Feature", "properties": {"PWSID": "NC0149181", "PWS_Name": "ST ANDREWS S/D", "Primacy_Agency": "NC", "Population_Served_Count": 84, "Service_Connections_Count": 33, "Service_Area_Type": "Residential Area", "Verification_Status": "", "Area_SqKM": 0.20961360688179695}, "geometry": {"type": "Point", "coordinates": [-80.88389067032728, 35.5679046994714]}}, {"type": "Feature", "properties": {"PWSID": "NC0149182", "PWS_Name": "DIAMOND HEAD S/D", "Primacy_Agency": "NC", "Population_Served_Count": 1433, "Service_Connections_Count": 564, "Service_Area_Type": "Residential Area", "Verification_Status": "", "Area_SqKM": 2.6272741634467742}, "geometry": {"type": "Point", "coordinates": [-80.87534674014935, 35.53675400680006]}}, {"type": "Feature", "properties": {"PWSID": "NC0149186", "PWS_Name": "BEACON POINTE S/D", "Primacy_Agency": "NC", "Population_Served_Count": 125, "Service_Connections_Count": 49, "Service_Area_Type": "Residential Area", "Verification_Status": "", "Area_SqKM": 0.45301042272426956}, "geometry": {"type": "Point", "coordinates": [-80.91274093673991, 35.64249753652687]}}, {"type": "Feature", "properties": {"PWSID": "NC0149189", "PWS_Name": "DOOLIE MEADOWS S/D", "Primacy_Agency": "NC", "Population_Served_Count": 56, "Service_Connections_Count": 22, "Service_Area_Type": "Residential Area", "Verification_Status": "", "Area_SqKM": 0.23198438788510958}, "geometry": {"type": "Point", "coordinates": [-80.89360577080515, 35.59599523698179]}}, {"type": "Feature", "properties": {"PWSID": "NC0149190", "PWS_Name": "HARBOR VIEW S/D", "Primacy_Agency": "NC", "Population_Served_Count": 549, "Service_Connections_Count": 216, "Service_Area_Type": "Residential Area", "Verification_Status": "", "Area_SqKM": 1.2886694023030159}, "geometry": {"type": "Point", "coordinates": [-80.89241399953951, 35.62398306601981]}}, {"type": "Feature", "properties": {"PWSID": "NC0149191", "PWS_Name": "ASHLEY WOODS S/D", "Primacy_Agency": "NC", "Population_Served_Count": 97, "Service_Connections_Count": 38, "Service_Area_Type": "Residential Area", "Verification_Status": "", "Area_SqKM": 0.23888327281563532}, "geometry": {"type": "Point", "coordinates": [-80.80204442660953, 35.53022335129138]}}, {"type": "Feature", "properties": {"PWSID": "NC0149193", "PWS_Name": "RIVER PARK S/D", "Primacy_Agency": "NC", "Population_Served_Count": 513, "Service_Connections_Count": 205, "Service_Area_Type": "Other Residential", "Verification_Status": "", "Area_SqKM": 0.5635500254741863}, "geometry": {"type": "Point", "coordinates": [-80.91095285973772, 35.60171897150225]}}, {"type": "Feature", "properties": {"PWSID": "NC0155103", "PWS_Name": "LONG SHOALS WATER SYSTEM", "Primacy_Agency": "NC", "Population_Served_Count": 196, "Service_Connections_Count": 77, "Service_Area_Type": "Residential Area", "Verification_Status": "", "Area_SqKM": 0.5653349071669054}, "geometry": {"type": "Point", "coordinates": [-81.2365465596256, 35.413786974764776]}}, {"type": "Feature", "properties": {"PWSID": "NC0155116", "PWS_Name": "CORAL PARK S/D", "Primacy_Agency": "NC", "Population_Served_Count": 51, "Service_Connections_Count": 20, "Service_Area_Type": "Residential Area", "Verification_Status": "", "Area_SqKM": 0.22543614967481868}, "geometry": {"type": "Point", "coordinates": [-81.20206619383382, 35.536838937049154]}}, {"type": "Feature", "properties": {"PWSID": "NC0155127", "PWS_Name": "HILL-N-DALE-LINCOLN VIEW S/D", "Primacy_Agency": "NC", "Population_Served_Count": 320, "Service_Connections_Count": 126, "Service_Area_Type": "Residential Area", "Verification_Status": "", "Area_SqKM": 0.742201090315585}, "geometry": {"type": "Point", "coordinates": [-81.28254178769343, 35.47265822264354]}}, {"type": "Feature", "properties": {"PWSID": "NC0155134", "PWS_Name": "COUNTRY CROSSING S/D", "Primacy_Agency": "NC", "Population_Served_Count": 183, "Service_Connections_Count": 72, "Service_Area_Type": "Residential Area", "Verification_Status": "", "Area_SqKM": 0.42793004947757557}, "geometry": {"type": "Point", "coordinates": [-81.32049630690557, 35.45756620950102]}}, {"type": "Feature", "properties": {"PWSID": "NC0155135", "PWS_Name": "DEERWOOD S/D", "Primacy_Agency": "NC", "Population_Served_Count": 109, "Service_Connections_Count": 40, "Service_Area_Type": "Mobile Home Park - Principal Residence", "Verification_Status": "", "Area_SqKM": 0.2974934502690412}, "geometry": {"type": "Point", "coordinates": [-81.40290632612806, 35.529909463235064]}}, {"type": "Feature", "properties": {"PWSID": "NC0155137", "PWS_Name": "RIVER MEADOWS S/D", "Primacy_Agency": "NC", "Population_Served_Count": 119, "Service_Connections_Count": 47, "Service_Area_Type": "Subdivision", "Verification_Status": "", "Area_SqKM": 0.27911237318439186}, "geometry": {"type": "Point", "coordinates": [-81.27974280627886, 35.52944139673258]}}, {"type": "Feature", "properties": {"PWSID": "NC0156128", "PWS_Name": "WOODLAWN HEIGHTS WATER SYSTEM", "Primacy_Agency": "NC", "Population_Served_Count": 315, "Service_Connections_Count": 57, "Service_Area_Type": "Residential Area", "Verification_Status": "", "Area_SqKM": 0.6867283530027349}, "geometry": {"type": "Point", "coordinates": [-82.04046281976213, 35.78873463897712]}}, {"type": "Feature", "properties": {"PWSID": "NC0160147", "PWS_Name": "HUNTWOOD MHP", "Primacy_Agency": "NC", "Population_Served_Count": 213, "Service_Connections_Count": 84, "Service_Area_Type": "Mobile Home Park - Principal Residence", "Verification_Status": "", "Area_SqKM": 0.36251715221802433}, "geometry": {"type": "Point", "coordinates": [-80.99208643373163, 35.23878635771668]}}, {"type": "Feature", "properties": {"PWSID": "NC0160230", "PWS_Name": "CLEAR MEADOWS S/D", "Primacy_Agency": "NC", "Population_Served_Count": 155, "Service_Connections_Count": 62, "Service_Area_Type": "Residential Area", "Verification_Status": "", "Area_SqKM": 0.29996850997545227}, "geometry": {"type": "Point", "coordinates": [-80.59072907644865, 35.19412414880444]}}, {"type": "Feature", "properties": {"PWSID": "NC0160265", "PWS_Name": "MOUNTAIN POINT S/D", "Primacy_Agency": "NC", "Population_Served_Count": 130, "Service_Connections_Count": 51, "Service_Area_Type": "Residential Area", "Verification_Status": "", "Area_SqKM": 0.48931496929700075}, "geometry": {"type": "Point", "coordinates": [-80.92970602039581, 35.34403520959557]}}, {"type": "Feature", "properties": {"PWSID": "NC0160276", "PWS_Name": "HARBOR CLUB S/D", "Primacy_Agency": "NC", "Population_Served_Count": 163, "Service_Connections_Count": 64, "Service_Area_Type": "Residential Area", "Verification_Status": "", "Area_SqKM": 0.29720270516320524}, "geometry": {"type": "Point", "coordinates": [-81.02794041694082, 35.11979598798029]}}, {"type": "Feature", "properties": {"PWSID": "NC0160282", "PWS_Name": "ROCKY RIDGE S/D", "Primacy_Agency": "NC", "Population_Served_Count": 384, "Service_Connections_Count": 151, "Service_Area_Type": "Residential Area", "Verification_Status": "", "Area_SqKM": 0.42339635547815657}, "geometry": {"type": "Point", "coordinates": [-80.63155455383207, 35.22802196337471]}}, {"type": "Feature", "properties": {"PWSID": "NC0160329", "PWS_Name": "GLENCROFT S/D", "Primacy_Agency": "NC", "Population_Served_Count": 112, "Service_Connections_Count": 44, "Service_Area_Type": "Residential Area", "Verification_Status": "", "Area_SqKM": 0.284898735248064}, "geometry": {"type": "Point", "coordinates": [-80.61511419108696, 35.18758816077306]}}, {"type": "Feature", "properties": {"PWSID": "NC0161104", "PWS_Name": "SWISS PINE LAKES", "Primacy_Agency": "NC", "Population_Served_Count": 185, "Service_Connections_Count": 62, "Service_Area_Type": "Residential Area", "Verification_Status": "", "Area_SqKM": 0.8271368724969594}, "geometry": {"type": "Point", "coordinates": [-82.08145521888297, 35.892982566627204]}}, {"type": "Feature", "properties": {"PWSID": "NC0175473", "PWS_Name": "TRYON YOUTH CENTER", "Primacy_Agency": "NC", "Population_Served_Count": 0, "Service_Connections_Count": 7, "Service_Area_Type": "Other Transient Area", "Verification_Status": "", "Area_SqKM": 0.19778957657543483}, "geometry": {"type": "Point", "coordinates": [-82.28031489685226, 35.223500636882335]}}, {"type": "Feature", "properties": {"PWSID": "NC0180104", "PWS_Name": "BOSTIAN HEIGHTS WTR SYSTEM", "Primacy_Agency": "NC", "Population_Served_Count": 112, "Service_Connections_Count": 44, "Service_Area_Type": "Residential Area", "Verification_Status": "", "Area_SqKM": 0.4524682923607687}, "geometry": {"type": "Point", "coordinates": [-80.51789096766, 35.56355266930262]}}, {"type": "Feature", "properties": {"PWSID": "NC0180108", "PWS_Name": "CRESTVIEW S/D", "Primacy_Agency": "NC", "Population_Served_Count": 135, "Service_Connections_Count": 53, "Service_Area_Type": "Residential Area", "Verification_Status": "", "Area_SqKM": 0.2794222928664157}, "geometry": {"type": "Point", "coordinates": [-80.5573690554887, 35.64765287399167]}}, {"type": "Feature", "properties": {"PWSID": "NC0180114", "PWS_Name": "SPENCER FOREST", "Primacy_Agency": "NC", "Population_Served_Count": 157, "Service_Connections_Count": 62, "Service_Area_Type": "Residential Area", "Verification_Status": "", "Area_SqKM": 0.31341077239532206}, "geometry": {"type": "Point", "coordinates": [-80.43704042217539, 35.72255936249293]}}, {"type": "Feature", "properties": {"PWSID": "NC0180123", "PWS_Name": "WESTHAVEN MHP", "Primacy_Agency": "NC", "Population_Served_Count": 86, "Service_Connections_Count": 34, "Service_Area_Type": "Mobile Home Park - Principal Residence", "Verification_Status": "", "Area_SqKM": 0.20375172201065855}, "geometry": {"type": "Point", "coordinates": [-80.5772812788372, 35.58655085639217]}}, {"type": "Feature", "properties": {"PWSID": "NC0180124", "PWS_Name": "KIMBERLY COURT", "Primacy_Agency": "NC", "Population_Served_Count": 69, "Service_Connections_Count": 27, "Service_Area_Type": "Mobile Home Park - Principal Residence", "Verification_Status": "", "Area_SqKM": 0.15587850162237457}, "geometry": {"type": "Point", "coordinates": [-80.47211478193985, 35.722521380768285]}}, {"type": "Feature", "properties": {"PWSID": "NC0180159", "PWS_Name": "OLD FARM DEVELOPMENT", "Primacy_Agency": "NC", "Population_Served_Count": 213, "Service_Connections_Count": 84, "Service_Area_Type": "Subdivision", "Verification_Status": "", "Area_SqKM": 0.4032353295954776}, "geometry": {"type": "Point", "coordinates": [-80.46978749395649, 35.592355887413696]}}, {"type": "Feature", "properties": {"PWSID": "NC0180178", "PWS_Name": "GREEN ACRES MHP", "Primacy_Agency": "NC", "Population_Served_Count": 119, "Service_Connections_Count": 47, "Service_Area_Type": "Mobile Home Park - Principal Residence", "Verification_Status": "", "Area_SqKM": 0.5018047736564617}, "geometry": {"type": "Point", "coordinates": [-80.71492266212907, 35.52192593859042]}}, {"type": "Feature", "properties": {"PWSID": "NC0180187", "PWS_Name": "WESTWOOD MHP & S/D", "Primacy_Agency": "NC", "Population_Served_Count": 638, "Service_Connections_Count": 251, "Service_Area_Type": "Mobile Home Park - Principal Residence", "Verification_Status": "", "Area_SqKM": 1.0767754433806225}, "geometry": {"type": "Point", "coordinates": [-80.5315542816477, 35.68272410827212]}}, {"type": "Feature", "properties": {"PWSID": "NC0180190", "PWS_Name": "MEADOWCREEK ESTATES", "Primacy_Agency": "NC", "Population_Served_Count": 89, "Service_Connections_Count": 35, "Service_Area_Type": "Mobile Home Park - Principal Residence", "Verification_Status": "", "Area_SqKM": 0.24508458499616845}, "geometry": {"type": "Point", "coordinates": [-80.66430204962361, 35.60259673808965]}}, {"type": "Feature", "properties": {"PWSID": "NC0180191", "PWS_Name": "WRIGHT & BEAVER RD MHP", "Primacy_Agency": "NC", "Population_Served_Count": 36, "Service_Connections_Count": 14, "Service_Area_Type": "Mobile Home Park - Principal Residence", "Verification_Status": "", "Area_SqKM": 0.1864021458936136}, "geometry": {"type": "Point", "coordinates": [-80.69271423353997, 35.518239406315026]}}, {"type": "Feature", "properties": {"PWSID": "NC0180193", "PWS_Name": "SHADE TREE ACRES", "Primacy_Agency": "NC", "Population_Served_Count": 31, "Service_Connections_Count": 12, "Service_Area_Type": "Residential Area", "Verification_Status": "", "Area_SqKM": 0.15701570346048568}, "geometry": {"type": "Point", "coordinates": [-80.48458906528559, 35.58204067427619]}}, {"type": "Feature", "properties": {"PWSID": "NC0180195", "PWS_Name": "ENOCH AVE & TURNER DR MHP", "Primacy_Agency": "NC", "Population_Served_Count": 71, "Service_Connections_Count": 28, "Service_Area_Type": "Mobile Home Park - Principal Residence", "Verification_Status": "", "Area_SqKM": 0.24446718563287456}, "geometry": {"type": "Point", "coordinates": [-80.67516645847307, 35.51054194921219]}}, {"type": "Feature", "properties": {"PWSID": "NC0180196", "PWS_Name": "WINDMILL RIDGE S/D", "Primacy_Agency": "NC", "Population_Served_Count": 140, "Service_Connections_Count": 55, "Service_Area_Type": "Residential Area", "Verification_Status": "", "Area_SqKM": 0.3840887669405349}, "geometry": {"type": "Point", "coordinates": [-80.5440684161995, 35.663463754108996]}}, {"type": "Feature", "properties": {"PWSID": "NC0180199", "PWS_Name": "PINE MEADOWS S/D", "Primacy_Agency": "NC", "Population_Served_Count": 104, "Service_Connections_Count": 41, "Service_Area_Type": "Residential Area", "Verification_Status": "", "Area_SqKM": 0.3012999892856406}, "geometry": {"type": "Point", "coordinates": [-80.52076712526996, 35.5793965571419]}}, {"type": "Feature", "properties": {"PWSID": "NC0180212", "PWS_Name": "KNOLL VIEW S/D", "Primacy_Agency": "NC", "Population_Served_Count": 178, "Service_Connections_Count": 70, "Service_Area_Type": "Residential Area", "Verification_Status": "", "Area_SqKM": 0.4538023349451384}, "geometry": {"type": "Point", "coordinates": [-80.57162052032034, 35.61326010110882]}}, {"type": "Feature", "properties": {"PWSID": "NC0180224", "PWS_Name": "EAGLE LANDING S/D", "Primacy_Agency": "NC", "Population_Served_Count": 112, "Service_Connections_Count": 44, "Service_Area_Type": "Residential Area", "Verification_Status": "", "Area_SqKM": 0.2783078869687532}, "geometry": {"type": "Point", "coordinates": [-80.62598710020308, 35.600121407280334]}}, {"type": "Feature", "properties": {"PWSID": "NC0181103", "PWS_Name": "BRIDGES S/D", "Primacy_Agency": "NC", "Population_Served_Count": 200, "Service_Connections_Count": 79, "Service_Area_Type": "Residential Area", "Verification_Status": "", "Area_SqKM": 0.42500642069523664}, "geometry": {"type": "Point", "coordinates": [-81.87191608814463, 35.35057593879184]}}, {"type": "Feature", "properties": {"PWSID": "NC0181134", "PWS_Name": "HOLLY HILLS S/D", "Primacy_Agency": "NC", "Population_Served_Count": 122, "Service_Connections_Count": 48, "Service_Area_Type": "Residential Area", "Verification_Status": "", "Area_SqKM": 0.3454533292161068}, "geometry": {"type": "Point", "coordinates": [-81.88840684348311, 35.30072754900275]}}, {"type": "Feature", "properties": {"PWSID": "NC0188118", "PWS_Name": "TURKEY PEN MHP", "Primacy_Agency": "NC", "Population_Served_Count": 229, "Service_Connections_Count": 77, "Service_Area_Type": "Mobile Home Park - Principal Residence", "Verification_Status": "", "Area_SqKM": 0.553652914761806}, "geometry": {"type": "Point", "coordinates": [-82.64671252968733, 35.32310366083481]}}, {"type": "Feature", "properties": {"PWSID": "NC0188120", "PWS_Name": "KNOB CREEK WATER SYSTEM", "Primacy_Agency": "NC", "Population_Served_Count": 445, "Service_Connections_Count": 175, "Service_Area_Type": "Residential Area", "Verification_Status": "", "Area_SqKM": 1.4434198189584175}, "geometry": {"type": "Point", "coordinates": [-82.6998087132266, 35.21756077121736]}}, {"type": "Feature", "properties": {"PWSID": "NC0276165", "PWS_Name": "HERITAGE WEST", "Primacy_Agency": "NC", "Population_Served_Count": 40, "Service_Connections_Count": 16, "Service_Area_Type": "Residential Area", "Verification_Status": "", "Area_SqKM": 0.14714837957497717}, "geometry": {"type": "Point", "coordinates": [-79.87534032445011, 35.655839423473545]}}, {"type": "Feature", "properties": {"PWSID": "NC0276202", "PWS_Name": "CEDAR CREEK S/D", "Primacy_Agency": "NC", "Population_Served_Count": 105, "Service_Connections_Count": 41, "Service_Area_Type": "Subdivision", "Verification_Status": "", "Area_SqKM": 0.43725949069877407}, "geometry": {"type": "Point", "coordinates": [-79.85432666038105, 35.721840351461914]}}, {"type": "Feature", "properties": {"PWSID": "NC0326122", "PWS_Name": "BRAGG ESTATES WATER SYSTEM", "Primacy_Agency": "NC", "Population_Served_Count": 360, "Service_Connections_Count": 144, "Service_Area_Type": "Residential Area", "Verification_Status": "", "Area_SqKM": 0.732535944263485}, "geometry": {"type": "Point", "coordinates": [-79.01347098904958, 35.19653424200648]}}, {"type": "Feature", "properties": {"PWSID": "NC0326124", "PWS_Name": "BRAXTON HILLS/SIMMONS HEIGHTS", "Primacy_Agency": "NC", "Population_Served_Count": 680, "Service_Connections_Count": 272, "Service_Area_Type": "Residential Area", "Verification_Status": "", "Area_SqKM": 0.7390262694653351}, "geometry": {"type": "Point", "coordinates": [-78.91941491931443, 35.151962289194884]}}, {"type": "Feature", "properties": {"PWSID": "NC0326127", "PWS_Name": "BROOKWOOD COMM WTR SYSTEM", "Primacy_Agency": "NC", "Population_Served_Count": 15313, "Service_Connections_Count": 6125, "Service_Area_Type": "Residential Area", "Verification_Status": "", "Area_SqKM": 17.884394546475104}, "geometry": {"type": "Point", "coordinates": [-79.00212637824716, 35.029060411055056]}}, {"type": "Feature", "properties": {"PWSID": "NC0326143", "PWS_Name": "COPELAND ACRES S/D", "Primacy_Agency": "NC", "Population_Served_Count": 200, "Service_Connections_Count": 80, "Service_Area_Type": "Residential Area", "Verification_Status": "", "Area_SqKM": 0.4359766168370603}, "geometry": {"type": "Point", "coordinates": [-78.9447664658431, 34.99310248243037]}}, {"type": "Feature", "properties": {"PWSID": "NC0326286", "PWS_Name": "BRETTONWOOD HILLS S/D", "Primacy_Agency": "NC", "Population_Served_Count": 187, "Service_Connections_Count": 74, "Service_Area_Type": "Residential Area", "Verification_Status": "", "Area_SqKM": 0.44894140196923826}, "geometry": {"type": "Point", "coordinates": [-78.85434831370617, 35.20007715008098]}}, {"type": "Feature", "properties": {"PWSID": "NC0326300", "PWS_Name": "KELLY HILL S/D", "Primacy_Agency": "NC", "Population_Served_Count": 109, "Service_Connections_Count": 43, "Service_Area_Type": "Residential Area", "Verification_Status": "", "Area_SqKM": 0.20416212654238114}, "geometry": {"type": "Point", "coordinates": [-78.85448863680922, 35.17622478883111]}}, {"type": "Feature", "properties": {"PWSID": "NC0326332", "PWS_Name": "CLIFFDALE WEST", "Primacy_Agency": "NC", "Population_Served_Count": 15220, "Service_Connections_Count": 6088, "Service_Area_Type": "Residential Area", "Verification_Status": "", "Area_SqKM": 14.612522839384342}, "geometry": {"type": "Point", "coordinates": [-79.06295015482515, 35.04905231494558]}}, {"type": "Feature", "properties": {"PWSID": "NC0326337", "PWS_Name": "MILL CREEK S/D", "Primacy_Agency": "NC", "Population_Served_Count": 523, "Service_Connections_Count": 220, "Service_Area_Type": "Residential Area", "Verification_Status": "", "Area_SqKM": 1.0706538357180453}, "geometry": {"type": "Point", "coordinates": [-79.02962196268467, 34.95946807392418]}}, {"type": "Feature", "properties": {"PWSID": "NC0326341", "PWS_Name": "STONEY POINT WS/FAYETTEVILLE PWC", "Primacy_Agency": "NC", "Population_Served_Count": 505, "Service_Connections_Count": 201, "Service_Area_Type": "Residential Area", "Verification_Status": "", "Area_SqKM": 0.9529747303500143}, "geometry": {"type": "Point", "coordinates": [-78.99376486684523, 34.98246757996398]}}, {"type": "Feature", "properties": {"PWSID": "NC0326365", "PWS_Name": "WOODLAND RUN MH S/D", "Primacy_Agency": "NC", "Population_Served_Count": 108, "Service_Connections_Count": 43, "Service_Area_Type": "Mobile Home Park - Principal Residence", "Verification_Status": "", "Area_SqKM": 0.24108490540135438}, "geometry": {"type": "Point", "coordinates": [-78.81334160088886, 35.25059514131221]}}, {"type": "Feature", "properties": {"PWSID": "NC0326375", "PWS_Name": "RAIN TREE II FAYETTEVILLE PWC", "Primacy_Agency": "NC", "Population_Served_Count": 292, "Service_Connections_Count": 114, "Service_Area_Type": "Residential Area", "Verification_Status": "", "Area_SqKM": 0.4368892161738714}, "geometry": {"type": "Point", "coordinates": [-78.96217856542567, 34.950019758949246]}}, {"type": "Feature", "properties": {"PWSID": "NC0347112", "PWS_Name": "WRIGHTSBORO S/D", "Primacy_Agency": "NC", "Population_Served_Count": 103, "Service_Connections_Count": 41, "Service_Area_Type": "Mobile Home Park - Principal Residence", "Verification_Status": "", "Area_SqKM": 0.4391668669123534}, "geometry": {"type": "Point", "coordinates": [-79.08549113264797, 35.02858071094094]}}, {"type": "Feature", "properties": {"PWSID": "NC0351110", "PWS_Name": "STONEYBROOK ESTATES S/D", "Primacy_Agency": "NC", "Population_Served_Count": 80, "Service_Connections_Count": 32, "Service_Area_Type": "Subdivision", "Verification_Status": "", "Area_SqKM": 0.25651969991039375}, "geometry": {"type": "Point", "coordinates": [-78.18135538184251, 35.54339207163194]}}, {"type": "Feature", "properties": {"PWSID": "NC0351141", "PWS_Name": "PACEVILLE S/D", "Primacy_Agency": "NC", "Population_Served_Count": 58, "Service_Connections_Count": 23, "Service_Area_Type": "Subdivision", "Verification_Status": "", "Area_SqKM": 0.16269631770956092}, "geometry": {"type": "Point", "coordinates": [-78.25554844495615, 35.60083388226828]}}, {"type": "Feature", "properties": {"PWSID": "NC0351177", "PWS_Name": "NEUSE COLONY S/D SECTION B", "Primacy_Agency": "NC", "Population_Served_Count": 190, "Service_Connections_Count": 75, "Service_Area_Type": "Subdivision", "Verification_Status": "", "Area_SqKM": 0.5630102966347634}, "geometry": {"type": "Point", "coordinates": [-78.39356402600332, 35.64577558791986]}}, {"type": "Feature", "properties": {"PWSID": "NC0351182", "PWS_Name": "DEERFIELD S/D", "Primacy_Agency": "NC", "Population_Served_Count": 120, "Service_Connections_Count": 47, "Service_Area_Type": "Subdivision", "Verification_Status": "", "Area_SqKM": 0.35400918361344563}, "geometry": {"type": "Point", "coordinates": [-78.36242682122369, 35.683532351381146]}}, {"type": "Feature", "properties": {"PWSID": "NC0351188", "PWS_Name": "OLE MILL STREAM S/D", "Primacy_Agency": "NC", "Population_Served_Count": 325, "Service_Connections_Count": 128, "Service_Area_Type": "Subdivision", "Verification_Status": "", "Area_SqKM": 0.8058965760011209}, "geometry": {"type": "Point", "coordinates": [-78.44374434540273, 35.68657301041108]}}, {"type": "Feature", "properties": {"PWSID": "NC0351195", "PWS_Name": "FLOWERS PLANTATION", "Primacy_Agency": "NC", "Population_Served_Count": 11643, "Service_Connections_Count": 4733, "Service_Area_Type": "Residential Area", "Verification_Status": "", "Area_SqKM": 10.41931800060796}, "geometry": {"type": "Point", "coordinates": [-78.36864121849352, 35.65972047032438]}}, {"type": "Feature", "properties": {"PWSID": "NC0363102", "PWS_Name": "CLARENDON GARDENS S/D", "Primacy_Agency": "NC", "Population_Served_Count": 276, "Service_Connections_Count": 110, "Service_Area_Type": "Residential Area", "Verification_Status": "", "Area_SqKM": 0.8214232778839854}, "geometry": {"type": "Point", "coordinates": [-79.49314734945028, 35.18816778582095]}}, {"type": "Feature", "properties": {"PWSID": "NC0363114", "PWS_Name": "WOODLAKE WATER & SEWER INC", "Primacy_Agency": "NC", "Population_Served_Count": 1945, "Service_Connections_Count": 778, "Service_Area_Type": "Residential Area", "Verification_Status": "", "Area_SqKM": 5.491332915943162}, "geometry": {"type": "Point", "coordinates": [-79.1955928501974, 35.23555962442388]}}, {"type": "Feature", "properties": {"PWSID": "NC0363128", "PWS_Name": "HAPPY VALLEY S/D", "Primacy_Agency": "NC", "Population_Served_Count": 58, "Service_Connections_Count": 23, "Service_Area_Type": "Residential Area", "Verification_Status": "", "Area_SqKM": 0.25150308550653705}, "geometry": {"type": "Point", "coordinates": [-79.55089463408325, 35.25059026614759]}}, {"type": "Feature", "properties": {"PWSID": "NC0392078", "PWS_Name": "LAKE SPRINGS S/D", "Primacy_Agency": "NC", "Population_Served_Count": 46, "Service_Connections_Count": 18, "Service_Area_Type": "Subdivision", "Verification_Status": "", "Area_SqKM": 0.15843570692340947}, "geometry": {"type": "Point", "coordinates": [-78.8701619726173, 35.61018385685341]}}, {"type": "Feature", "properties": {"PWSID": "NC0392080", "PWS_Name": "SADDLE RUN S/D", "Primacy_Agency": "NC", "Population_Served_Count": 589, "Service_Connections_Count": 232, "Service_Area_Type": "Subdivision", "Verification_Status": "", "Area_SqKM": 1.6502110150983447}, "geometry": {"type": "Point", "coordinates": [-78.79084921046616, 35.628201538578885]}}, {"type": "Feature", "properties": {"PWSID": "NC0392085", "PWS_Name": "MYATT MILL S/D", "Primacy_Agency": "NC", "Population_Served_Count": 676, "Service_Connections_Count": 266, "Service_Area_Type": "Subdivision", "Verification_Status": "", "Area_SqKM": 1.3153152916086825}, "geometry": {"type": "Point", "coordinates": [-78.70637719361706, 35.58479007286242]}}, {"type": "Feature", "properties": {"PWSID": "NC0392087", "PWS_Name": "STAGECOACH S/D", "Primacy_Agency": "NC", "Population_Served_Count": 561, "Service_Connections_Count": 221, "Service_Area_Type": "Subdivision", "Verification_Status": "", "Area_SqKM": 1.1971130714595748}, "geometry": {"type": "Point", "coordinates": [-78.68103513400074, 35.627422538756555]}}, {"type": "Feature", "properties": {"PWSID": "NC0392093", "PWS_Name": "PEAR MEADOWS S/D", "Primacy_Agency": "NC", "Population_Served_Count": 178, "Service_Connections_Count": 70, "Service_Area_Type": "Subdivision", "Verification_Status": "", "Area_SqKM": 0.37355128291660106}, "geometry": {"type": "Point", "coordinates": [-78.81165469936138, 35.562395734133226]}}, {"type": "Feature", "properties": {"PWSID": "NC0392108", "PWS_Name": "DALLAS ACRES", "Primacy_Agency": "NC", "Population_Served_Count": 150, "Service_Connections_Count": 59, "Service_Area_Type": "Subdivision", "Verification_Status": "", "Area_SqKM": 0.38571784968875167}, "geometry": {"type": "Point", "coordinates": [-78.60240286310703, 35.61022342148626]}}, {"type": "Feature", "properties": {"PWSID": "NC0392111", "PWS_Name": "CAMELOT S/D", "Primacy_Agency": "NC", "Population_Served_Count": 607, "Service_Connections_Count": 239, "Service_Area_Type": "Subdivision", "Verification_Status": "", "Area_SqKM": 0.8144170434673613}, "geometry": {"type": "Point", "coordinates": [-78.54671801612069, 35.67961631330747]}}, {"type": "Feature", "properties": {"PWSID": "NC0392116", "PWS_Name": "COLONIAL HEIGHTS-MALIBU S/D", "Primacy_Agency": "NC", "Population_Served_Count": 238, "Service_Connections_Count": 92, "Service_Area_Type": "Residential Area", "Verification_Status": "", "Area_SqKM": 0.43613452240635486}, "geometry": {"type": "Point", "coordinates": [-78.67151280897406, 35.6911074441272]}}, {"type": "Feature", "properties": {"PWSID": "NC0392119", "PWS_Name": "WHITE OAK VILLAGE", "Primacy_Agency": "NC", "Population_Served_Count": 104, "Service_Connections_Count": 40, "Service_Area_Type": "Subdivision", "Verification_Status": "", "Area_SqKM": 0.31215697116598534}, "geometry": {"type": "Point", "coordinates": [-78.57303763514749, 35.663314582449146]}}, {"type": "Feature", "properties": {"PWSID": "NC0392128", "PWS_Name": "EMERALD VILLAGE S/D", "Primacy_Agency": "NC", "Population_Served_Count": 125, "Service_Connections_Count": 49, "Service_Area_Type": "Subdivision", "Verification_Status": "", "Area_SqKM": 0.3346900432831759}, "geometry": {"type": "Point", "coordinates": [-78.54808089374053, 35.71865814966676]}}, {"type": "Feature", "properties": {"PWSID": "NC0392129", "PWS_Name": "FAIRVIEW WOODED ACRES MH S/D", "Primacy_Agency": "NC", "Population_Served_Count": 284, "Service_Connections_Count": 112, "Service_Area_Type": "Mobile Home Park - Principal Residence", "Verification_Status": "", "Area_SqKM": 0.726060795283467}, "geometry": {"type": "Point", "coordinates": [-78.79008139472471, 35.67035298567996]}}, {"type": "Feature", "properties": {"PWSID": "NC0392137", "PWS_Name": "HERITAGE SPRING ACRES", "Primacy_Agency": "NC", "Population_Served_Count": 56, "Service_Connections_Count": 22, "Service_Area_Type": "Subdivision", "Verification_Status": "", "Area_SqKM": 0.17083508734630584}, "geometry": {"type": "Point", "coordinates": [-78.70725304453744, 35.71655524317864]}}, {"type": "Feature", "properties": {"PWSID": "NC0392166", "PWS_Name": "MOBILE HILL ESTATES I", "Primacy_Agency": "NC", "Population_Served_Count": 91, "Service_Connections_Count": 36, "Service_Area_Type": "Mobile Home Park - Principal Residence", "Verification_Status": "", "Area_SqKM": 0.28818405538790676}, "geometry": {"type": "Point", "coordinates": [-78.60152796165234, 35.6587367215593]}}, {"type": "Feature", "properties": {"PWSID": "NC0392172", "PWS_Name": "OAK RIDGE VALLEY", "Primacy_Agency": "NC", "Population_Served_Count": 71, "Service_Connections_Count": 28, "Service_Area_Type": "Subdivision", "Verification_Status": "", "Area_SqKM": 0.17345454296315413}, "geometry": {"type": "Point", "coordinates": [-78.68376445908284, 35.67916620666872]}}, {"type": "Feature", "properties": {"PWSID": "NC0392213", "PWS_Name": "COLONIAL HEIGHTS-MEADOWBROOK", "Primacy_Agency": "NC", "Population_Served_Count": 77, "Service_Connections_Count": 30, "Service_Area_Type": "Residential Area", "Verification_Status": "", "Area_SqKM": 0.21091601302484883}, "geometry": {"type": "Point", "coordinates": [-78.65697742897747, 35.69963190334148]}}, {"type": "Feature", "properties": {"PWSID": "NC0392237", "PWS_Name": "TIMBERBURG HILLS", "Primacy_Agency": "NC", "Population_Served_Count": 25, "Service_Connections_Count": 9, "Service_Area_Type": "Subdivision", "Verification_Status": "", "Area_SqKM": 0.1099590491544393}, "geometry": {"type": "Point", "coordinates": [-78.72286603914814, 35.61856536877345]}}, {"type": "Feature", "properties": {"PWSID": "NC0392247", "PWS_Name": "ROLLING ACRES S/D", "Primacy_Agency": "NC", "Population_Served_Count": 58, "Service_Connections_Count": 23, "Service_Area_Type": "Subdivision", "Verification_Status": "", "Area_SqKM": 0.19996428605281735}, "geometry": {"type": "Point", "coordinates": [-78.71288713410964, 35.712737175986476]}}, {"type": "Feature", "properties": {"PWSID": "NC0392253", "PWS_Name": "LYNNHAVEN-CROWSDALE", "Primacy_Agency": "NC", "Population_Served_Count": 650, "Service_Connections_Count": 260, "Service_Area_Type": "Subdivision", "Verification_Status": "", "Area_SqKM": 1.9901918765186748}, "geometry": {"type": "Point", "coordinates": [-78.76206250461908, 35.69081869893854]}}, {"type": "Feature", "properties": {"PWSID": "NC0392257", "PWS_Name": "NOTTINGHAM FOREST S/D", "Primacy_Agency": "NC", "Population_Served_Count": 549, "Service_Connections_Count": 216, "Service_Area_Type": "Subdivision", "Verification_Status": "", "Area_SqKM": 1.4047114303477461}, "geometry": {"type": "Point", "coordinates": [-78.63467424032523, 35.6463619355161]}}, {"type": "Feature", "properties": {"PWSID": "NC0392263", "PWS_Name": "LEGEND HILLS S/D", "Primacy_Agency": "NC", "Population_Served_Count": 84, "Service_Connections_Count": 34, "Service_Area_Type": "Subdivision", "Verification_Status": "", "Area_SqKM": 0.41865912484866413}, "geometry": {"type": "Point", "coordinates": [-78.54930879773538, 35.667996363273716]}}, {"type": "Feature", "properties": {"PWSID": "NC0392280", "PWS_Name": "TURNER FARMS I & II", "Primacy_Agency": "NC", "Population_Served_Count": 130, "Service_Connections_Count": 51, "Service_Area_Type": "Subdivision", "Verification_Status": "", "Area_SqKM": 0.4661336261152115}, "geometry": {"type": "Point", "coordinates": [-78.61913808490812, 35.63213661228934]}}, {"type": "Feature", "properties": {"PWSID": "NC0392293", "PWS_Name": "GLENDALE MASTER SYSTEM", "Primacy_Agency": "NC", "Population_Served_Count": 633, "Service_Connections_Count": 253, "Service_Area_Type": "Subdivision", "Verification_Status": "", "Area_SqKM": 1.4986028054127671}, "geometry": {"type": "Point", "coordinates": [-78.73016870955422, 35.655814133155424]}}, {"type": "Feature", "properties": {"PWSID": "NC0392294", "PWS_Name": "LAKEWOOD ESTATES", "Primacy_Agency": "NC", "Population_Served_Count": 102, "Service_Connections_Count": 40, "Service_Area_Type": "Subdivision", "Verification_Status": "", "Area_SqKM": 0.3775983773638978}, "geometry": {"type": "Point", "coordinates": [-78.69809274929857, 35.68509759557496]}}, {"type": "Feature", "properties": {"PWSID": "NC0392308", "PWS_Name": "SQUIRE ESTATES S/D", "Primacy_Agency": "NC", "Population_Served_Count": 84, "Service_Connections_Count": 33, "Service_Area_Type": "Subdivision", "Verification_Status": "", "Area_SqKM": 0.24115016865736627}, "geometry": {"type": "Point", "coordinates": [-78.69262460511554, 35.634175155687245]}}, {"type": "Feature", "properties": {"PWSID": "NC0392311", "PWS_Name": "MOBILE HILL ESTATES  NO 2", "Primacy_Agency": "NC", "Population_Served_Count": 28, "Service_Connections_Count": 11, "Service_Area_Type": "Mobile Home Park - Principal Residence", "Verification_Status": "", "Area_SqKM": 0.1477391754933626}, "geometry": {"type": "Point", "coordinates": [-78.60346458075568, 35.6544861899003]}}, {"type": "Feature", "properties": {"PWSID": "NC0392314", "PWS_Name": "KENSINGTON MEADOWS S/D", "Primacy_Agency": "NC", "Population_Served_Count": 627, "Service_Connections_Count": 249, "Service_Area_Type": "Subdivision", "Verification_Status": "", "Area_SqKM": 1.460731312194539}, "geometry": {"type": "Point", "coordinates": [-78.69989430170756, 35.63840352230723]}}, {"type": "Feature", "properties": {"PWSID": "NC0392322", "PWS_Name": "KILT VALLEY ESTATES", "Primacy_Agency": "NC", "Population_Served_Count": 74, "Service_Connections_Count": 29, "Service_Area_Type": "Mobile Home Park - Principal Residence", "Verification_Status": "", "Area_SqKM": 0.18417548789243873}, "geometry": {"type": "Point", "coordinates": [-78.79934860469564, 35.68233784126546]}}, {"type": "Feature", "properties": {"PWSID": "NC0392323", "PWS_Name": "ALTICE ESTATES S/D", "Primacy_Agency": "NC", "Population_Served_Count": 330, "Service_Connections_Count": 130, "Service_Area_Type": "Subdivision", "Verification_Status": "", "Area_SqKM": 0.7735232892067079}, "geometry": {"type": "Point", "coordinates": [-78.63816655263273, 35.57983109226792]}}, {"type": "Feature", "properties": {"PWSID": "NC0392331", "PWS_Name": "TURNER FARMS III & IV", "Primacy_Agency": "NC", "Population_Served_Count": 757, "Service_Connections_Count": 298, "Service_Area_Type": "Subdivision", "Verification_Status": "", "Area_SqKM": 1.6441078734449328}, "geometry": {"type": "Point", "coordinates": [-78.60391246096033, 35.63138780329515]}}, {"type": "Feature", "properties": {"PWSID": "NC0392335", "PWS_Name": "WINDHAVEN S/D", "Primacy_Agency": "NC", "Population_Served_Count": 528, "Service_Connections_Count": 208, "Service_Area_Type": "Subdivision", "Verification_Status": "", "Area_SqKM": 1.1045130390237492}, "geometry": {"type": "Point", "coordinates": [-78.70852290934977, 35.618979727931865]}}, {"type": "Feature", "properties": {"PWSID": "NC0392336", "PWS_Name": "WOODBROOK S/D", "Primacy_Agency": "NC", "Population_Served_Count": 49, "Service_Connections_Count": 21, "Service_Area_Type": "Subdivision", "Verification_Status": "", "Area_SqKM": 0.16453098251053894}, "geometry": {"type": "Point", "coordinates": [-78.61731794613371, 35.647225499988394]}}, {"type": "Feature", "properties": {"PWSID": "NC0392337", "PWS_Name": "WESLEY WOODS", "Primacy_Agency": "NC", "Population_Served_Count": 87, "Service_Connections_Count": 34, "Service_Area_Type": "Subdivision", "Verification_Status": "", "Area_SqKM": 0.2842276177666865}, "geometry": {"type": "Point", "coordinates": [-78.71713207098892, 35.71526561983863]}}, {"type": "Feature", "properties": {"PWSID": "NC0392338", "PWS_Name": "SOUTHWOOD-SURRY RIDGE S/D", "Primacy_Agency": "NC", "Population_Served_Count": 314, "Service_Connections_Count": 131, "Service_Area_Type": "Subdivision", "Verification_Status": "", "Area_SqKM": 0.7762185769728446}, "geometry": {"type": "Point", "coordinates": [-78.78356976837017, 35.686594853993235]}}, {"type": "Feature", "properties": {"PWSID": "NC0392350", "PWS_Name": "ROBINFIELD ESTATES S/D", "Primacy_Agency": "NC", "Population_Served_Count": 124, "Service_Connections_Count": 49, "Service_Area_Type": "Subdivision", "Verification_Status": "", "Area_SqKM": 0.33161711252481524}, "geometry": {"type": "Point", "coordinates": [-78.64287690064025, 35.62673545140027]}}, {"type": "Feature", "properties": {"PWSID": "NC0392355", "PWS_Name": "MIDDLE CREEK MASTER", "Primacy_Agency": "NC", "Population_Served_Count": 681, "Service_Connections_Count": 268, "Service_Area_Type": "Subdivision", "Verification_Status": "", "Area_SqKM": 1.2768655704462977}, "geometry": {"type": "Point", "coordinates": [-78.69210017900805, 35.60620935616631]}}, {"type": "Feature", "properties": {"PWSID": "NC0392357", "PWS_Name": "WEST OAKS S/D", "Primacy_Agency": "NC", "Population_Served_Count": 605, "Service_Connections_Count": 238, "Service_Area_Type": "Subdivision", "Verification_Status": "", "Area_SqKM": 1.5539095500167535}, "geometry": {"type": "Point", "coordinates": [-78.75079311882439, 35.63130471872713]}}, {"type": "Feature", "properties": {"PWSID": "NC0392358", "PWS_Name": "BELLE RIDGE S/D", "Primacy_Agency": "NC", "Population_Served_Count": 143, "Service_Connections_Count": 57, "Service_Area_Type": "Subdivision", "Verification_Status": "", "Area_SqKM": 0.4761406370216585}, "geometry": {"type": "Point", "coordinates": [-78.74376850809134, 35.663052699115774]}}, {"type": "Feature", "properties": {"PWSID": "NC0392361", "PWS_Name": "SWIFT CREEK MASTER SYSTEM", "Primacy_Agency": "NC", "Population_Served_Count": 465, "Service_Connections_Count": 183, "Service_Area_Type": "Residential Area", "Verification_Status": "", "Area_SqKM": 1.1550478697469215}, "geometry": {"type": "Point", "coordinates": [-78.7927765936049, 35.683051183466866]}}, {"type": "Feature", "properties": {"PWSID": "NC0392363", "PWS_Name": "MEADOW RIDGE S/D", "Primacy_Agency": "NC", "Population_Served_Count": 453, "Service_Connections_Count": 178, "Service_Area_Type": "Subdivision", "Verification_Status": "", "Area_SqKM": 1.3030312908064554}, "geometry": {"type": "Point", "coordinates": [-78.74405608219011, 35.72278156089962]}}, {"type": "Feature", "properties": {"PWSID": "NC0392364", "PWS_Name": "HANOVER DOWNS S/D", "Primacy_Agency": "NC", "Population_Served_Count": 53, "Service_Connections_Count": 21, "Service_Area_Type": "Subdivision", "Verification_Status": "", "Area_SqKM": 0.17972278787145843}, "geometry": {"type": "Point", "coordinates": [-78.7337921128625, 35.62657864273191]}}, {"type": "Feature", "properties": {"PWSID": "NC0392365", "PWS_Name": "WOODWAY S/D", "Primacy_Agency": "NC", "Population_Served_Count": 188, "Service_Connections_Count": 74, "Service_Area_Type": "Subdivision", "Verification_Status": "", "Area_SqKM": 0.446988353157303}, "geometry": {"type": "Point", "coordinates": [-78.55502767034186, 35.66920321624937]}}, {"type": "Feature", "properties": {"PWSID": "NC0392366", "PWS_Name": "ROLLING MEADOW S/D", "Primacy_Agency": "NC", "Population_Served_Count": 48, "Service_Connections_Count": 19, "Service_Area_Type": "Subdivision", "Verification_Status": "", "Area_SqKM": 0.16245256312843262}, "geometry": {"type": "Point", "coordinates": [-78.67244512442613, 35.643904740474234]}}, {"type": "Feature", "properties": {"PWSID": "NC0392370", "PWS_Name": "MIDDLE CREEK ACRES S/D", "Primacy_Agency": "NC", "Population_Served_Count": 30, "Service_Connections_Count": 12, "Service_Area_Type": "Subdivision", "Verification_Status": "", "Area_SqKM": 0.10512827741424086}, "geometry": {"type": "Point", "coordinates": [-78.68590194673838, 35.604321299322976]}}, {"type": "Feature", "properties": {"PWSID": "NC0392374", "PWS_Name": "ARROW SPRINGS", "Primacy_Agency": "NC", "Population_Served_Count": 53, "Service_Connections_Count": 21, "Service_Area_Type": "Subdivision", "Verification_Status": "", "Area_SqKM": 0.28324494657259364}, "geometry": {"type": "Point", "coordinates": [-78.46969129016804, 35.727896564515575]}}, {"type": "Feature", "properties": {"PWSID": "NC0392375", "PWS_Name": "TWIN CREEKS S/D", "Primacy_Agency": "NC", "Population_Served_Count": 127, "Service_Connections_Count": 50, "Service_Area_Type": "Subdivision", "Verification_Status": "", "Area_SqKM": 0.3667563042259922}, "geometry": {"type": "Point", "coordinates": [-78.73152983262644, 35.62222032687619]}}, {"type": "Feature", "properties": {"PWSID": "NC0392376", "PWS_Name": "HAMPTON RIDGE S/D", "Primacy_Agency": "NC", "Population_Served_Count": 450, "Service_Connections_Count": 176, "Service_Area_Type": "Subdivision", "Verification_Status": "", "Area_SqKM": 0.8822003088478149}, "geometry": {"type": "Point", "coordinates": [-78.65602033085169, 35.613416066872844]}}, {"type": "Feature", "properties": {"PWSID": "NC0392380", "PWS_Name": "KINGS GRANT S/D", "Primacy_Agency": "NC", "Population_Served_Count": 412, "Service_Connections_Count": 162, "Service_Area_Type": "Subdivision", "Verification_Status": "", "Area_SqKM": 0.9390842846705336}, "geometry": {"type": "Point", "coordinates": [-78.45814494714334, 35.72806975866885]}}, {"type": "Feature", "properties": {"PWSID": "NC0392381", "PWS_Name": "WEDGEWOOD SQUARE S/D", "Primacy_Agency": "NC", "Population_Served_Count": 96, "Service_Connections_Count": 36, "Service_Area_Type": "Subdivision", "Verification_Status": "", "Area_SqKM": 0.28732187864733627}, "geometry": {"type": "Point", "coordinates": [-78.76570013792242, 35.68740791554285]}}, {"type": "Feature", "properties": {"PWSID": "NC0392383", "PWS_Name": "BRIARWOOD/KILDAIRE", "Primacy_Agency": "NC", "Population_Served_Count": 517, "Service_Connections_Count": 206, "Service_Area_Type": "Mobile Home Park - Principal Residence", "Verification_Status": "", "Area_SqKM": 0.8826957877086261}, "geometry": {"type": "Point", "coordinates": [-78.80416125404543, 35.689900315193086]}}, {"type": "Feature", "properties": {"PWSID": "NC0392385", "PWS_Name": "OAK HOLLOW ESTATES", "Primacy_Agency": "NC", "Population_Served_Count": 117, "Service_Connections_Count": 46, "Service_Area_Type": "Subdivision", "Verification_Status": "", "Area_SqKM": 0.3085403263010629}, "geometry": {"type": "Point", "coordinates": [-78.67284636111752, 35.586895297608905]}}, {"type": "Feature", "properties": {"PWSID": "NC0392387", "PWS_Name": "WEEKEND RETREAT/SOUTHERN OAK", "Primacy_Agency": "NC", "Population_Served_Count": 615, "Service_Connections_Count": 242, "Service_Area_Type": "Subdivision", "Verification_Status": "", "Area_SqKM": 1.2851138522193533}, "geometry": {"type": "Point", "coordinates": [-78.69128998683968, 35.621326800247985]}}, {"type": "Feature", "properties": {"PWSID": "NC0392388", "PWS_Name": "WOODS OF ASHBURY SD", "Primacy_Agency": "NC", "Population_Served_Count": 144, "Service_Connections_Count": 56, "Service_Area_Type": "Subdivision", "Verification_Status": "", "Area_SqKM": 0.2481057611340703}, "geometry": {"type": "Point", "coordinates": [-78.7106458216339, 35.65400722914562]}}, {"type": "Feature", "properties": {"PWSID": "NC0392397", "PWS_Name": "LANGSTON ESTATES S/D", "Primacy_Agency": "NC", "Population_Served_Count": 174, "Service_Connections_Count": 69, "Service_Area_Type": "Subdivision", "Verification_Status": "", "Area_SqKM": 0.4538180527883023}, "geometry": {"type": "Point", "coordinates": [-78.75489803727189, 35.67251902558965]}}, {"type": "Feature", "properties": {"PWSID": "NC0392398", "PWS_Name": "TURNER FARMS V MASTER SYSTEM", "Primacy_Agency": "NC", "Population_Served_Count": 518, "Service_Connections_Count": 204, "Service_Area_Type": "Subdivision", "Verification_Status": "", "Area_SqKM": 1.090095580870914}, "geometry": {"type": "Point", "coordinates": [-78.63109623791063, 35.63288866029373]}}, {"type": "Feature", "properties": {"PWSID": "NC0392399", "PWS_Name": "MYRTLEWOOD/SUMMERCREST I & II", "Primacy_Agency": "NC", "Population_Served_Count": 102, "Service_Connections_Count": 40, "Service_Area_Type": "Subdivision", "Verification_Status": "", "Area_SqKM": 0.3242968630298089}, "geometry": {"type": "Point", "coordinates": [-78.80734063155819, 35.70708627099909]}}, {"type": "Feature", "properties": {"PWSID": "NC0416174", "PWS_Name": "SEAGATE I", "Primacy_Agency": "NC", "Population_Served_Count": 345, "Service_Connections_Count": 137, "Service_Area_Type": "Residential Area", "Verification_Status": "", "Area_SqKM": 1.8343048275634728}, "geometry": {"type": "Point", "coordinates": [-76.69295625277303, 34.85069005528104]}}, {"type": "Feature", "properties": {"PWSID": "NC0416187", "PWS_Name": "SEAGATE IV", "Primacy_Agency": "NC", "Population_Served_Count": 105, "Service_Connections_Count": 42, "Service_Area_Type": "Residential Area", "Verification_Status": "", "Area_SqKM": 0.3724230697848777}, "geometry": {"type": "Point", "coordinates": [-76.68219659085916, 34.81026772180807]}}, {"type": "Feature", "properties": {"PWSID": "NC0416221", "PWS_Name": "HARKERS VILLAGE S/D", "Primacy_Agency": "NC", "Population_Served_Count": 94, "Service_Connections_Count": 37, "Service_Area_Type": "Subdivision", "Verification_Status": "", "Area_SqKM": 0.2691340962156428}, "geometry": {"type": "Point", "coordinates": [-76.58213833815455, 34.70776701490371]}}, {"type": "Feature", "properties": {"PWSID": "NC0465121", "PWS_Name": "GLYNNWOOD MHP", "Primacy_Agency": "NC", "Population_Served_Count": 208, "Service_Connections_Count": 82, "Service_Area_Type": "Mobile Home Park - Principal Residence", "Verification_Status": "", "Area_SqKM": 0.3348391828024233}, "geometry": {"type": "Point", "coordinates": [-77.8814324019745, 34.2755706852779]}}, {"type": "Feature", "properties": {"PWSID": "NC0465199", "PWS_Name": "THE CAPE MASTER SYSTEM", "Primacy_Agency": "NC", "Population_Served_Count": 11368, "Service_Connections_Count": 5167, "Service_Area_Type": "Residential Area", "Verification_Status": "", "Area_SqKM": 13.296578803396987}, "geometry": {"type": "Point", "coordinates": [-77.90856026060786, 34.08843102422316]}}, {"type": "Feature", "properties": {"PWSID": "NC1006005", "PWS_Name": "LINVILLE RIVER FARMS", "Primacy_Agency": "NC", "Population_Served_Count": 25, "Service_Connections_Count": 21, "Service_Area_Type": "Subdivision", "Verification_Status": "", "Area_SqKM": 0.046144407174759546}, "geometry": {"type": "Point", "coordinates": [-81.93705090913298, 35.99199089638413]}}, {"type": "Feature", "properties": {"PWSID": "NC1011035", "PWS_Name": "MOUNTAIN VISTA @ LUTHER COVE", "Primacy_Agency": "NC", "Population_Served_Count": 100, "Service_Connections_Count": 46, "Service_Area_Type": "Residential Area", "Verification_Status": "", "Area_SqKM": 0.37265444634628575}, "geometry": {"type": "Point", "coordinates": [-82.68508267773198, 35.57991221161322]}}, {"type": "Feature", "properties": {"PWSID": "NC1075006", "PWS_Name": "BRIGHTS CREEK WATER SYSTEM", "Primacy_Agency": "NC", "Population_Served_Count": 99, "Service_Connections_Count": 39, "Service_Area_Type": "Residential Area", "Verification_Status": "", "Area_SqKM": 1.372888346277456}, "geometry": {"type": "Point", "coordinates": [-82.27572287465446, 35.33944533319818]}}, {"type": "Feature", "properties": {"PWSID": "NC2018008", "PWS_Name": "PEBBLE BAY", "Primacy_Agency": "NC", "Population_Served_Count": 587, "Service_Connections_Count": 231, "Service_Area_Type": "Subdivision", "Verification_Status": "", "Area_SqKM": 1.9720194455633597}, "geometry": {"type": "Point", "coordinates": [-81.0158741422732, 35.56200841138278]}}, {"type": "Feature", "properties": {"PWSID": "NC2036007", "PWS_Name": "STANLEY ACRES S/D", "Primacy_Agency": "NC", "Population_Served_Count": 213, "Service_Connections_Count": 84, "Service_Area_Type": "Residential Area", "Verification_Status": "", "Area_SqKM": 0.5043056468369889}, "geometry": {"type": "Point", "coordinates": [-81.14238878744256, 35.3951105106628]}}, {"type": "Feature", "properties": {"PWSID": "NC2036011", "PWS_Name": "RIVER LAKES SD", "Primacy_Agency": "NC", "Population_Served_Count": 38, "Service_Connections_Count": 15, "Service_Area_Type": "Subdivision", "Verification_Status": "", "Area_SqKM": 0.24624658133499264}, "geometry": {"type": "Point", "coordinates": [-81.03231889992847, 35.178667577052984]}}, {"type": "Feature", "properties": {"PWSID": "NC2036014", "PWS_Name": "DOVE MEADOWS S/D", "Primacy_Agency": "NC", "Population_Served_Count": 56, "Service_Connections_Count": 22, "Service_Area_Type": "Subdivision", "Verification_Status": "", "Area_SqKM": 0.1533822038785906}, "geometry": {"type": "Point", "coordinates": [-81.25731374071971, 35.22839348635371]}}, {"type": "Feature", "properties": {"PWSID": "NC2049003", "PWS_Name": "SUNSET BAY S/D", "Primacy_Agency": "NC", "Population_Served_Count": 89, "Service_Connections_Count": 35, "Service_Area_Type": "Subdivision", "Verification_Status": "", "Area_SqKM": 0.4011298462886566}, "geometry": {"type": "Point", "coordinates": [-80.92958566383102, 35.6440350996278]}}, {"type": "Feature", "properties": {"PWSID": "NC2049006", "PWS_Name": "SUNDOWN COVE", "Primacy_Agency": "NC", "Population_Served_Count": 246, "Service_Connections_Count": 97, "Service_Area_Type": "Residential Area", "Verification_Status": "", "Area_SqKM": 0.4444741234036103}, "geometry": {"type": "Point", "coordinates": [-80.87501168873871, 35.573728688372555]}}, {"type": "Feature", "properties": {"PWSID": "NC2049013", "PWS_Name": "WOODLAND HILLS S/D", "Primacy_Agency": "NC", "Population_Served_Count": 66, "Service_Connections_Count": 26, "Service_Area_Type": "Subdivision", "Verification_Status": "", "Area_SqKM": 0.20457086712600142}, "geometry": {"type": "Point", "coordinates": [-80.88453280783958, 35.56370286539195]}}, {"type": "Feature", "properties": {"PWSID": "NC2049015", "PWS_Name": "CHESAPEAKE POINTE MASTER SYSTEM", "Primacy_Agency": "NC", "Population_Served_Count": 455, "Service_Connections_Count": 179, "Service_Area_Type": "Subdivision", "Verification_Status": "", "Area_SqKM": 1.057688721754361}, "geometry": {"type": "Point", "coordinates": [-80.90925686214756, 35.55656459769687]}}, {"type": "Feature", "properties": {"PWSID": "NC2049016", "PWS_Name": "WINDING FOREST/BELLS CROSSING S/D", "Primacy_Agency": "NC", "Population_Served_Count": 582, "Service_Connections_Count": 229, "Service_Area_Type": "Subdivision", "Verification_Status": "", "Area_SqKM": 1.413836442488229}, "geometry": {"type": "Point", "coordinates": [-80.89073354467861, 35.64880918568156]}}, {"type": "Feature", "properties": {"PWSID": "NC2049030", "PWS_Name": "SISTER`S COVE EAST", "Primacy_Agency": "NC", "Population_Served_Count": 41, "Service_Connections_Count": 16, "Service_Area_Type": "Residential Area", "Verification_Status": "", "Area_SqKM": 0.19530314399374915}, "geometry": {"type": "Point", "coordinates": [-80.86577589576275, 35.6237133903062]}}, {"type": "Feature", "properties": {"PWSID": "NC2049035", "PWS_Name": "SISTERS` COVE WEST", "Primacy_Agency": "NC", "Population_Served_Count": 102, "Service_Connections_Count": 40, "Service_Area_Type": "Subdivision", "Verification_Status": "", "Area_SqKM": 0.4013014759053424}, "geometry": {"type": "Point", "coordinates": [-80.87340572462503, 35.62455877313008]}}, {"type": "Feature", "properties": {"PWSID": "NC2049042", "PWS_Name": "WINDSTONE CROSSING", "Primacy_Agency": "NC", "Population_Served_Count": 112, "Service_Connections_Count": 48, "Service_Area_Type": "Subdivision", "Verification_Status": "", "Area_SqKM": 0.26064882676120893}, "geometry": {"type": "Point", "coordinates": [-80.84452446025867, 35.70490472229166]}}, {"type": "Feature", "properties": {"PWSID": "NC2055001", "PWS_Name": "MILTON ACRES S/D", "Primacy_Agency": "NC", "Population_Served_Count": 61, "Service_Connections_Count": 24, "Service_Area_Type": "Subdivision", "Verification_Status": "", "Area_SqKM": 0.21627695771659985}, "geometry": {"type": "Point", "coordinates": [-81.13934482846147, 35.49986778405228]}}, {"type": "Feature", "properties": {"PWSID": "NC2060088", "PWS_Name": "IRONGATE S/D", "Primacy_Agency": "NC", "Population_Served_Count": 76, "Service_Connections_Count": 30, "Service_Area_Type": "Subdivision", "Verification_Status": "", "Area_SqKM": 0.23202902939304068}, "geometry": {"type": "Point", "coordinates": [-80.59846662060689, 35.18315727460338]}}, {"type": "Feature", "properties": {"PWSID": "NC2060089", "PWS_Name": "PARK SOUTH S/D", "Primacy_Agency": "NC", "Population_Served_Count": 1930, "Service_Connections_Count": 760, "Service_Area_Type": "Subdivision", "Verification_Status": "", "Area_SqKM": 0.7032843759446429}, "geometry": {"type": "Point", "coordinates": [-80.86496568591626, 35.144248521796065]}}, {"type": "Feature", "properties": {"PWSID": "NC2060093", "PWS_Name": "PARKWAY CROSSING", "Primacy_Agency": "NC", "Population_Served_Count": 470, "Service_Connections_Count": 185, "Service_Area_Type": "Subdivision", "Verification_Status": "", "Area_SqKM": 0.2861765617129361}, "geometry": {"type": "Point", "coordinates": [-80.88474616900203, 35.07138836905347]}}, {"type": "Feature", "properties": {"PWSID": "NC2060097", "PWS_Name": "HUNTLEY GLEN TOWNHOMES", "Primacy_Agency": "NC", "Population_Served_Count": 147, "Service_Connections_Count": 58, "Service_Area_Type": "Subdivision", "Verification_Status": "", "Area_SqKM": 0.14415022952030535}, "geometry": {"type": "Point", "coordinates": [-80.89574397149853, 35.06932051548901]}}, {"type": "Feature", "properties": {"PWSID": "NC2060100", "PWS_Name": "THE ENCLAVE AT CITY PARK", "Primacy_Agency": "NC", "Population_Served_Count": 196, "Service_Connections_Count": 77, "Service_Area_Type": "Residential Area", "Verification_Status": "", "Area_SqKM": 0.11384560330521758}, "geometry": {"type": "Point", "coordinates": [-80.90755939322845, 35.183974514810615]}}, {"type": "Feature", "properties": {"PWSID": "NC4092001", "PWS_Name": "FAIR OAKS S/D", "Primacy_Agency": "NC", "Population_Served_Count": 216, "Service_Connections_Count": 85, "Service_Area_Type": "Subdivision", "Verification_Status": "", "Area_SqKM": 0.4637702451412379}, "geometry": {"type": "Point", "coordinates": [-78.81757168395774, 35.68126670228386]}}, {"type": "Feature", "properties": {"PWSID": "NC4092005", "PWS_Name": "MERION S/D", "Primacy_Agency": "NC", "Population_Served_Count": 267, "Service_Connections_Count": 105, "Service_Area_Type": "Subdivision", "Verification_Status": "", "Area_SqKM": 0.6344792106977215}, "geometry": {"type": "Point", "coordinates": [-78.81915377709609, 35.69232415309558]}}, {"type": "Feature", "properties": {"PWSID": "NC4092006", "PWS_Name": "CREST OF CAROLINA MASTER", "Primacy_Agency": "NC", "Population_Served_Count": 564, "Service_Connections_Count": 222, "Service_Area_Type": "Subdivision", "Verification_Status": "", "Area_SqKM": 1.1691746908214178}, "geometry": {"type": "Point", "coordinates": [-78.64518216199811, 35.63960475267097]}}, {"type": "Feature", "properties": {"PWSID": "NC4092017", "PWS_Name": "OGBURN FARMS S/D", "Primacy_Agency": "NC", "Population_Served_Count": 157, "Service_Connections_Count": 62, "Service_Area_Type": "Subdivision", "Verification_Status": "", "Area_SqKM": 0.3312171707807203}, "geometry": {"type": "Point", "coordinates": [-78.6564009543237, 35.57682509956454]}}, {"type": "Feature", "properties": {"PWSID": "NC4092020", "PWS_Name": "BIRKLANDS S/D", "Primacy_Agency": "NC", "Population_Served_Count": 64, "Service_Connections_Count": 25, "Service_Area_Type": "Subdivision", "Verification_Status": "", "Area_SqKM": 0.30453192709902077}, "geometry": {"type": "Point", "coordinates": [-78.76582412347977, 35.71346368351272]}}, {"type": "Feature", "properties": {"PWSID": "NC4092021", "PWS_Name": "GREYTHORNE S/D", "Primacy_Agency": "NC", "Population_Served_Count": 94, "Service_Connections_Count": 37, "Service_Area_Type": "Subdivision", "Verification_Status": "", "Area_SqKM": 0.30882569730171466}, "geometry": {"type": "Point", "coordinates": [-78.7414409607369, 35.69878500997924]}}, {"type": "Feature", "properties": {"PWSID": "NC4092031", "PWS_Name": "JEFFERSON HILL S/D", "Primacy_Agency": "NC", "Population_Served_Count": 81, "Service_Connections_Count": 31, "Service_Area_Type": "Subdivision", "Verification_Status": "", "Area_SqKM": 0.19437971762664683}, "geometry": {"type": "Point", "coordinates": [-78.62311932576982, 35.60774238125046]}}, {"type": "Feature", "properties": {"PWSID": "NC4092032", "PWS_Name": "HOLLAND DOWNS S/D", "Primacy_Agency": "NC", "Population_Served_Count": 50, "Service_Connections_Count": 19, "Service_Area_Type": "Subdivision", "Verification_Status": "", "Area_SqKM": 0.18984838951616656}, "geometry": {"type": "Point", "coordinates": [-78.76173289854694, 35.55972361053183]}}, {"type": "Feature", "properties": {"PWSID": "NC4092033", "PWS_Name": "LEGACY AT FORTY TWO S/D", "Primacy_Agency": "NC", "Population_Served_Count": 211, "Service_Connections_Count": 83, "Service_Area_Type": "Subdivision", "Verification_Status": "", "Area_SqKM": 0.4454855068578327}, "geometry": {"type": "Point", "coordinates": [-78.68258427337575, 35.5916956577143]}}, {"type": "Feature", "properties": {"PWSID": "NC4092034", "PWS_Name": "WYNTREE S/D", "Primacy_Agency": "NC", "Population_Served_Count": 46, "Service_Connections_Count": 18, "Service_Area_Type": "Subdivision", "Verification_Status": "", "Area_SqKM": 0.18210925481726692}, "geometry": {"type": "Point", "coordinates": [-78.76908963951887, 35.69654963464632]}}, {"type": "Feature", "properties": {"PWSID": "NC4092038", "PWS_Name": "UPCHURCH PLACE S/D", "Primacy_Agency": "NC", "Population_Served_Count": 157, "Service_Connections_Count": 62, "Service_Area_Type": "Subdivision", "Verification_Status": "", "Area_SqKM": 0.3263193920255905}, "geometry": {"type": "Point", "coordinates": [-78.62481405449674, 35.61895635377719]}}, {"type": "Feature", "properties": {"PWSID": "NC4092039", "PWS_Name": "WHITTINGHAM MASTER SYSTEM", "Primacy_Agency": "NC", "Population_Served_Count": 680, "Service_Connections_Count": 268, "Service_Area_Type": "Subdivision", "Verification_Status": "", "Area_SqKM": 1.2627118596771618}, "geometry": {"type": "Point", "coordinates": [-78.65835384218929, 35.63022533199853]}}, {"type": "Feature", "properties": {"PWSID": "NC4092040", "PWS_Name": "HOPSON DOWNS S/D", "Primacy_Agency": "NC", "Population_Served_Count": 282, "Service_Connections_Count": 111, "Service_Area_Type": "Subdivision", "Verification_Status": "", "Area_SqKM": 0.6414981837982028}, "geometry": {"type": "Point", "coordinates": [-78.83071100821682, 35.6107073402256]}}, {"type": "Feature", "properties": {"PWSID": "NC4092042", "PWS_Name": "HUDSON MEADOWS S/D", "Primacy_Agency": "NC", "Population_Served_Count": 122, "Service_Connections_Count": 48, "Service_Area_Type": "Subdivision", "Verification_Status": "", "Area_SqKM": 0.28679038386169875}, "geometry": {"type": "Point", "coordinates": [-78.6432207371473, 35.61880933923433]}}, {"type": "Feature", "properties": {"PWSID": "NC4092043", "PWS_Name": "ROWLAND POND S/D", "Primacy_Agency": "NC", "Population_Served_Count": 363, "Service_Connections_Count": 143, "Service_Area_Type": "Subdivision", "Verification_Status": "", "Area_SqKM": 0.8252632111750166}, "geometry": {"type": "Point", "coordinates": [-78.73937252774556, 35.59503469352581]}}, {"type": "Feature", "properties": {"PWSID": "NC4092055", "PWS_Name": "SUMMER RIDGE", "Primacy_Agency": "NC", "Population_Served_Count": 56, "Service_Connections_Count": 22, "Service_Area_Type": "Subdivision", "Verification_Status": "", "Area_SqKM": 0.15478474823975602}, "geometry": {"type": "Point", "coordinates": [-78.71008833671351, 35.578802897567975]}}, {"type": "Feature", "properties": {"PWSID": "NC4092056", "PWS_Name": "RIVER CHASE SD", "Primacy_Agency": "NC", "Population_Served_Count": 95, "Service_Connections_Count": 38, "Service_Area_Type": "Subdivision", "Verification_Status": "", "Area_SqKM": 0.26673524850693464}, "geometry": {"type": "Point", "coordinates": [-78.47089401282778, 35.72017342356544]}}, {"type": "Feature", "properties": {"PWSID": "NC4092060", "PWS_Name": "WILLOW BLUFFS V", "Primacy_Agency": "NC", "Population_Served_Count": 114, "Service_Connections_Count": 46, "Service_Area_Type": "Subdivision", "Verification_Status": "", "Area_SqKM": 0.4258969936439764}, "geometry": {"type": "Point", "coordinates": [-78.70146818700496, 35.60780821370675]}}, {"type": "Feature", "properties": {"PWSID": "NC4092061", "PWS_Name": "SOUTHERN MEADOWS S/D", "Primacy_Agency": "NC", "Population_Served_Count": 109, "Service_Connections_Count": 43, "Service_Area_Type": "Subdivision", "Verification_Status": "", "Area_SqKM": 0.2905161506323301}, "geometry": {"type": "Point", "coordinates": [-78.64505695969152, 35.600835899411116]}}, {"type": "Feature", "properties": {"PWSID": "NC4092063", "PWS_Name": "DUNCAN RIDGE S/D", "Primacy_Agency": "NC", "Population_Served_Count": 231, "Service_Connections_Count": 91, "Service_Area_Type": "Subdivision", "Verification_Status": "", "Area_SqKM": 0.6049646343885382}, "geometry": {"type": "Point", "coordinates": [-78.86300319440139, 35.595258959808376]}}, {"type": "Feature", "properties": {"PWSID": "NC4092064", "PWS_Name": "KENNEBEC FARMS S/D", "Primacy_Agency": "NC", "Population_Served_Count": 422, "Service_Connections_Count": 166, "Service_Area_Type": "Subdivision", "Verification_Status": "", "Area_SqKM": 0.8612207662034954}, "geometry": {"type": "Point", "coordinates": [-78.7233854050209, 35.55026745886884]}}, {"type": "Feature", "properties": {"PWSID": "NC4092065", "PWS_Name": "ELLIOTT LANDING S/D", "Primacy_Agency": "NC", "Population_Served_Count": 219, "Service_Connections_Count": 86, "Service_Area_Type": "Subdivision", "Verification_Status": "", "Area_SqKM": 0.44348042547471134}, "geometry": {"type": "Point", "coordinates": [-78.74891089115116, 35.564473859619156]}}, {"type": "Feature", "properties": {"PWSID": "NC4092066", "PWS_Name": "BARRINGTON HILLS S/D", "Primacy_Agency": "NC", "Population_Served_Count": 122, "Service_Connections_Count": 37, "Service_Area_Type": "Subdivision", "Verification_Status": "", "Area_SqKM": 0.32315869183610135}, "geometry": {"type": "Point", "coordinates": [-78.56018036883212, 35.644923479099944]}}, {"type": "Feature", "properties": {"PWSID": "NC4092068", "PWS_Name": "TAVERNIER SUBDIVISION", "Primacy_Agency": "NC", "Population_Served_Count": 185, "Service_Connections_Count": 73, "Service_Area_Type": "Subdivision", "Verification_Status": "", "Area_SqKM": 0.38229917837684263}, "geometry": {"type": "Point", "coordinates": [-78.6444778215342, 35.6314729253525]}}, {"type": "Feature", "properties": {"PWSID": "NC4092072", "PWS_Name": "VINTAGE ACRES S/D", "Primacy_Agency": "NC", "Population_Served_Count": 81, "Service_Connections_Count": 32, "Service_Area_Type": "Subdivision", "Verification_Status": "", "Area_SqKM": 0.21844264130485652}, "geometry": {"type": "Point", "coordinates": [-78.86419018323127, 35.57731607086152]}}, {"type": "Feature", "properties": {"PWSID": "NC4092079", "PWS_Name": "PRESERVE AT LONG BRANCH", "Primacy_Agency": "NC", "Population_Served_Count": 90, "Service_Connections_Count": 39, "Service_Area_Type": "Subdivision", "Verification_Status": "", "Area_SqKM": 0.24831480656659138}, "geometry": {"type": "Point", "coordinates": [-78.51143338480718, 35.7115810469422]}}, {"type": "Feature", "properties": {"PWSID": "NC4092080", "PWS_Name": "BRACKENRIDGE ESTATES S/D", "Primacy_Agency": "NC", "Population_Served_Count": 48, "Service_Connections_Count": 19, "Service_Area_Type": "Subdivision", "Verification_Status": "", "Area_SqKM": 0.1694182500631025}, "geometry": {"type": "Point", "coordinates": [-78.77928730588478, 35.64072497462477]}}, {"type": "Feature", "properties": {"PWSID": "NC4092081", "PWS_Name": "ASHEBROOK S/D", "Primacy_Agency": "NC", "Population_Served_Count": 53, "Service_Connections_Count": 21, "Service_Area_Type": "Subdivision", "Verification_Status": "", "Area_SqKM": 0.18913858188371604}, "geometry": {"type": "Point", "coordinates": [-78.69048689256138, 35.641619286916544]}}, {"type": "Feature", "properties": {"PWSID": "NC4092084", "PWS_Name": "HAMPTON PARK SD", "Primacy_Agency": "NC", "Population_Served_Count": 206, "Service_Connections_Count": 81, "Service_Area_Type": "Subdivision", "Verification_Status": "", "Area_SqKM": 0.4752370906317862}, "geometry": {"type": "Point", "coordinates": [-78.77271433836306, 35.544792587349846]}}, {"type": "Feature", "properties": {"PWSID": "NC4092087", "PWS_Name": "WHITECROFT MANOR S/D", "Primacy_Agency": "NC", "Population_Served_Count": 113, "Service_Connections_Count": 45, "Service_Area_Type": "Subdivision", "Verification_Status": "", "Area_SqKM": 0.29968905282532293}, "geometry": {"type": "Point", "coordinates": [-78.66766488496934, 35.66094361225658]}}, {"type": "Feature", "properties": {"PWSID": "NC4092089", "PWS_Name": "WHITETAIL FARM S/D", "Primacy_Agency": "NC", "Population_Served_Count": 178, "Service_Connections_Count": 77, "Service_Area_Type": "Subdivision", "Verification_Status": "", "Area_SqKM": 0.4786206141434978}, "geometry": {"type": "Point", "coordinates": [-78.8549325517396, 35.60079115049953]}}, {"type": "Feature", "properties": {"PWSID": "NC4092096", "PWS_Name": "HIGH GROVE S/D", "Primacy_Agency": "NC", "Population_Served_Count": 373, "Service_Connections_Count": 150, "Service_Area_Type": "Subdivision", "Verification_Status": "", "Area_SqKM": 1.0244883524852835}, "geometry": {"type": "Point", "coordinates": [-78.75965701006271, 35.63647158737714]}}, {"type": "Feature", "properties": {"PWSID": "NC4092097", "PWS_Name": "BLALOCK FOREST S/D", "Primacy_Agency": "NC", "Population_Served_Count": 287, "Service_Connections_Count": 113, "Service_Area_Type": "Subdivision", "Verification_Status": "", "Area_SqKM": 0.6232389051129572}, "geometry": {"type": "Point", "coordinates": [-78.68424531380562, 35.599357692975396]}}, {"type": "Feature", "properties": {"PWSID": "NC4092098", "PWS_Name": "TURNER FARMS IX & X", "Primacy_Agency": "NC", "Population_Served_Count": 150, "Service_Connections_Count": 59, "Service_Area_Type": "Subdivision", "Verification_Status": "", "Area_SqKM": 0.3166907534896577}, "geometry": {"type": "Point", "coordinates": [-78.59647921078997, 35.62831560863835]}}, {"type": "Feature", "properties": {"PWSID": "NC4092099", "PWS_Name": "LASSITER FARMS S/D", "Primacy_Agency": "NC", "Population_Served_Count": 254, "Service_Connections_Count": 100, "Service_Area_Type": "Subdivision", "Verification_Status": "", "Area_SqKM": 0.5726468105214152}, "geometry": {"type": "Point", "coordinates": [-78.6454256439973, 35.60818549971872]}}, {"type": "Feature", "properties": {"PWSID": "NC4092102", "PWS_Name": "HOKE LANDING S/D", "Primacy_Agency": "NC", "Population_Served_Count": 165, "Service_Connections_Count": 65, "Service_Area_Type": "Subdivision", "Verification_Status": "", "Area_SqKM": 0.7603617766893179}, "geometry": {"type": "Point", "coordinates": [-78.63103276751112, 35.61031461365337]}}, {"type": "Feature", "properties": {"PWSID": "NC4092103", "PWS_Name": "HONEYCUTT LANDING S/D", "Primacy_Agency": "NC", "Population_Served_Count": 473, "Service_Connections_Count": 184, "Service_Area_Type": "Subdivision", "Verification_Status": "", "Area_SqKM": 1.0258596312569994}, "geometry": {"type": "Point", "coordinates": [-78.69936682876975, 35.55429292355996]}}, {"type": "Feature", "properties": {"PWSID": "NC4092105", "PWS_Name": "INWOOD FOREST", "Primacy_Agency": "NC", "Population_Served_Count": 125, "Service_Connections_Count": 50, "Service_Area_Type": "Subdivision", "Verification_Status": "", "Area_SqKM": 0.4521329830707749}, "geometry": {"type": "Point", "coordinates": [-78.66983331698015, 35.71982192119616]}}, {"type": "Feature", "properties": {"PWSID": "NC4092107", "PWS_Name": "AVOCET S/D", "Primacy_Agency": "NC", "Population_Served_Count": 566, "Service_Connections_Count": 223, "Service_Area_Type": "Subdivision", "Verification_Status": "", "Area_SqKM": 0.7381443513229611}, "geometry": {"type": "Point", "coordinates": [-78.8696592371442, 35.60493162622579]}}, {"type": "Feature", "properties": {"PWSID": "NC4092110", "PWS_Name": "BRAXTON POINTE S/D", "Primacy_Agency": "NC", "Population_Served_Count": 89, "Service_Connections_Count": 35, "Service_Area_Type": "Subdivision", "Verification_Status": "", "Area_SqKM": 0.20809470356260645}, "geometry": {"type": "Point", "coordinates": [-78.66594730291969, 35.62801591969687]}}, {"type": "Feature", "properties": {"PWSID": "NC4092201", "PWS_Name": "BLOOMFIELD ESTATES", "Primacy_Agency": "NC", "Population_Served_Count": 84, "Service_Connections_Count": 33, "Service_Area_Type": "Subdivision", "Verification_Status": "", "Area_SqKM": 0.22119494196209352}, "geometry": {"type": "Point", "coordinates": [-78.71172300258142, 35.589027339950505]}}, {"type": "Feature", "properties": {"PWSID": "NC4392101", "PWS_Name": "RIDGEBROOK BLUFF S/D", "Primacy_Agency": "NC", "Population_Served_Count": 234, "Service_Connections_Count": 92, "Service_Area_Type": "Subdivision", "Verification_Status": "", "Area_SqKM": 0.6456827968437148}, "geometry": {"type": "Point", "coordinates": [-78.71069234038906, 35.66557385508821]}}, {"type": "Feature", "properties": {"PWSID": "NC4392102", "PWS_Name": "SEDGEMOOR S/D", "Primacy_Agency": "NC", "Population_Served_Count": 435, "Service_Connections_Count": 171, "Service_Area_Type": "Subdivision", "Verification_Status": "", "Area_SqKM": 1.1530034729704235}, "geometry": {"type": "Point", "coordinates": [-78.7441581906861, 35.684133435227004]}}, {"type": "Feature", "properties": {"PWSID": "NC4392105", "PWS_Name": "HUNT FARMS S/D", "Primacy_Agency": "NC", "Population_Served_Count": 90, "Service_Connections_Count": 35, "Service_Area_Type": "Subdivision", "Verification_Status": "", "Area_SqKM": 0.2886786990899254}, "geometry": {"type": "Point", "coordinates": [-78.6186016969805, 35.614053841959795]}}, {"type": "Feature", "properties": {"PWSID": "NC4392111", "PWS_Name": "KENWOOD MEADOWS S/D", "Primacy_Agency": "NC", "Population_Served_Count": 86, "Service_Connections_Count": 34, "Service_Area_Type": "Subdivision", "Verification_Status": "", "Area_SqKM": 0.2506994007966488}, "geometry": {"type": "Point", "coordinates": [-78.64101966217947, 35.590755823571214]}}, {"type": "Feature", "properties": {"PWSID": "NC4392112", "PWS_Name": "BROOKSTONE S/D", "Primacy_Agency": "NC", "Population_Served_Count": 399, "Service_Connections_Count": 157, "Service_Area_Type": "Subdivision", "Verification_Status": "", "Area_SqKM": 0.8237904954723116}, "geometry": {"type": "Point", "coordinates": [-78.65818100800696, 35.595068558163135]}}, {"type": "Feature", "properties": {"PWSID": "NC4392114", "PWS_Name": "OLDE MILLS LAKE S/D", "Primacy_Agency": "NC", "Population_Served_Count": 97, "Service_Connections_Count": 38, "Service_Area_Type": "Subdivision", "Verification_Status": "", "Area_SqKM": 0.25096218121302044}, "geometry": {"type": "Point", "coordinates": [-78.80826601533606, 35.64255201157126]}}, {"type": "Feature", "properties": {"PWSID": "NC4392118", "PWS_Name": "SOUTHWYCK S/D", "Primacy_Agency": "NC", "Population_Served_Count": 124, "Service_Connections_Count": 49, "Service_Area_Type": "Subdivision", "Verification_Status": "", "Area_SqKM": 0.33920835837042057}, "geometry": {"type": "Point", "coordinates": [-78.77422765214328, 35.63390612371175]}}, {"type": "Feature", "properties": {"PWSID": "NC4392119", "PWS_Name": "HEATHERSTONE WEST S/D", "Primacy_Agency": "NC", "Population_Served_Count": 234, "Service_Connections_Count": 90, "Service_Area_Type": "Subdivision", "Verification_Status": "", "Area_SqKM": 0.6902676269991848}, "geometry": {"type": "Point", "coordinates": [-78.75732855531479, 35.70315720681149]}}, {"type": "Feature", "properties": {"PWSID": "NC4392120", "PWS_Name": "SOUTH MOUNTAIN S/D", "Primacy_Agency": "NC", "Population_Served_Count": 234, "Service_Connections_Count": 92, "Service_Area_Type": "Subdivision", "Verification_Status": "", "Area_SqKM": 0.6491930878826123}, "geometry": {"type": "Point", "coordinates": [-78.67948792946068, 35.66405097239878]}}, {"type": "Feature", "properties": {"PWSID": "NC4392122", "PWS_Name": "OAK CHASE S/D", "Primacy_Agency": "NC", "Population_Served_Count": 175, "Service_Connections_Count": 64, "Service_Area_Type": "Subdivision", "Verification_Status": "", "Area_SqKM": 0.22778356433778088}, "geometry": {"type": "Point", "coordinates": [-78.77920023411254, 35.69246947778264]}}, {"type": "Feature", "properties": {"PWSID": "NC4392124", "PWS_Name": "OAKLYN S/D", "Primacy_Agency": "NC", "Population_Served_Count": 96, "Service_Connections_Count": 38, "Service_Area_Type": "Subdivision", "Verification_Status": "", "Area_SqKM": 0.30835282077074183}, "geometry": {"type": "Point", "coordinates": [-78.73678039844599, 35.6874708741062]}}, {"type": "Feature", "properties": {"PWSID": "NC4392128", "PWS_Name": "EAGLE CREEK S/D", "Primacy_Agency": "NC", "Population_Served_Count": 223, "Service_Connections_Count": 89, "Service_Area_Type": "Subdivision", "Verification_Status": "", "Area_SqKM": 1.212306116942553}, "geometry": {"type": "Point", "coordinates": [-78.72817530978622, 35.71904999772015]}}, {"type": "Feature", "properties": {"PWSID": "NC4392129", "PWS_Name": "BROADHURST/TURNER DOWNS S/D", "Primacy_Agency": "NC", "Population_Served_Count": 597, "Service_Connections_Count": 235, "Service_Area_Type": "Subdivision", "Verification_Status": "", "Area_SqKM": 1.149260642053854}, "geometry": {"type": "Point", "coordinates": [-78.67394377665146, 35.62022705151966]}}, {"type": "Feature", "properties": {"PWSID": "NC4392131", "PWS_Name": "OLDE SOUTH TRACE SD", "Primacy_Agency": "NC", "Population_Served_Count": 76, "Service_Connections_Count": 31, "Service_Area_Type": "Subdivision", "Verification_Status": "", "Area_SqKM": 0.27857179655417136}, "geometry": {"type": "Point", "coordinates": [-78.71738660212458, 35.719040701883046]}}, {"type": "Feature", "properties": {"PWSID": "NC4392132", "PWS_Name": "SOUTH LAKE S/D", "Primacy_Agency": "NC", "Population_Served_Count": 106, "Service_Connections_Count": 42, "Service_Area_Type": "Subdivision", "Verification_Status": "", "Area_SqKM": 0.28277956015604144}, "geometry": {"type": "Point", "coordinates": [-78.76659669708033, 35.67923051520661]}}, {"type": "Feature", "properties": {"PWSID": "NC4392134", "PWS_Name": "WYNSTONE S/D", "Primacy_Agency": "NC", "Population_Served_Count": 104, "Service_Connections_Count": 41, "Service_Area_Type": "Subdivision", "Verification_Status": "", "Area_SqKM": 0.290306520295608}, "geometry": {"type": "Point", "coordinates": [-78.65825474345533, 35.66651269129454]}}, {"type": "Feature", "properties": {"PWSID": "NC4392135", "PWS_Name": "JORDAN RIDGE S/D", "Primacy_Agency": "NC", "Population_Served_Count": 99, "Service_Connections_Count": 39, "Service_Area_Type": "Subdivision", "Verification_Status": "", "Area_SqKM": 0.26870946936227397}, "geometry": {"type": "Point", "coordinates": [-78.62367874452292, 35.60294571910976]}}, {"type": "Feature", "properties": {"PWSID": "NC4392139", "PWS_Name": "MILLSTONE LANDING S/D", "Primacy_Agency": "NC", "Population_Served_Count": 73, "Service_Connections_Count": 27, "Service_Area_Type": "Subdivision", "Verification_Status": "", "Area_SqKM": 0.19870366169043835}, "geometry": {"type": "Point", "coordinates": [-78.68822941539673, 35.712211760614565]}}, {"type": "Feature", "properties": {"PWSID": "NC4392140", "PWS_Name": "ROYAL SENTER RIDGE S/D", "Primacy_Agency": "NC", "Population_Served_Count": 740, "Service_Connections_Count": 296, "Service_Area_Type": "Subdivision", "Verification_Status": "", "Area_SqKM": 1.866506697872511}, "geometry": {"type": "Point", "coordinates": [-78.7304537944285, 35.68239098967392]}}, {"type": "Feature", "properties": {"PWSID": "NC4392142", "PWS_Name": "FOREST GLEN MASTER", "Primacy_Agency": "NC", "Population_Served_Count": 270, "Service_Connections_Count": 108, "Service_Area_Type": "Subdivision", "Verification_Status": "", "Area_SqKM": 0.6662180453864528}, "geometry": {"type": "Point", "coordinates": [-78.61379575278642, 35.59919136964549]}}, {"type": "Feature", "properties": {"PWSID": "NC4392145", "PWS_Name": "BRADFORD PLACE S/D", "Primacy_Agency": "NC", "Population_Served_Count": 95, "Service_Connections_Count": 38, "Service_Area_Type": "Subdivision", "Verification_Status": "", "Area_SqKM": 0.2974553128976105}, "geometry": {"type": "Point", "coordinates": [-78.73034844750393, 35.69299389392291]}}, {"type": "Feature", "properties": {"PWSID": "NC4392147", "PWS_Name": "LAUREL GROVE S/D", "Primacy_Agency": "NC", "Population_Served_Count": 119, "Service_Connections_Count": 47, "Service_Area_Type": "Subdivision", "Verification_Status": "", "Area_SqKM": 0.3167515780594615}, "geometry": {"type": "Point", "coordinates": [-78.63163695726381, 35.60161744715091]}}, {"type": "Feature", "properties": {"PWSID": "NC4392150", "PWS_Name": "HOLLAND MASTER SYSTEM", "Primacy_Agency": "NC", "Population_Served_Count": 325, "Service_Connections_Count": 128, "Service_Area_Type": "Subdivision", "Verification_Status": "", "Area_SqKM": 0.690129460571273}, "geometry": {"type": "Point", "coordinates": [-78.65172594269922, 35.62365525125555]}}, {"type": "Feature", "properties": {"PWSID": "NC4392151", "PWS_Name": "STONEY CREEK S/D", "Primacy_Agency": "NC", "Population_Served_Count": 173, "Service_Connections_Count": 68, "Service_Area_Type": "Subdivision", "Verification_Status": "", "Area_SqKM": 0.444228277480655}, "geometry": {"type": "Point", "coordinates": [-78.51690097378382, 35.68576469914526]}}, {"type": "Feature", "properties": {"PWSID": "NC4392156", "PWS_Name": "SUN RIDGE FARM S/D", "Primacy_Agency": "NC", "Population_Served_Count": 272, "Service_Connections_Count": 107, "Service_Area_Type": "Subdivision", "Verification_Status": "", "Area_SqKM": 0.536852747307012}, "geometry": {"type": "Point", "coordinates": [-78.62476798250427, 35.5880401298475]}}, {"type": "Feature", "properties": {"PWSID": "NC4392157", "PWS_Name": "WILDERS RIDGE S/D", "Primacy_Agency": "NC", "Population_Served_Count": 518, "Service_Connections_Count": 204, "Service_Area_Type": "Subdivision", "Verification_Status": "", "Area_SqKM": 1.3866583014201732}, "geometry": {"type": "Point", "coordinates": [-78.64706250624833, 35.656507819408404]}}, {"type": "Feature", "properties": {"PWSID": "NC4392158", "PWS_Name": "WORTHINGTON S/D", "Primacy_Agency": "NC", "Population_Served_Count": 119, "Service_Connections_Count": 48, "Service_Area_Type": "Subdivision", "Verification_Status": "", "Area_SqKM": 0.3141561653900692}, "geometry": {"type": "Point", "coordinates": [-78.67562163383278, 35.61376264486791]}}, {"type": "Feature", "properties": {"PWSID": "NC4392160", "PWS_Name": "TYLER FARMS S/D", "Primacy_Agency": "NC", "Population_Served_Count": 89, "Service_Connections_Count": 35, "Service_Area_Type": "Subdivision", "Verification_Status": "", "Area_SqKM": 0.21819464634951402}, "geometry": {"type": "Point", "coordinates": [-78.65883607656171, 35.6015619178313]}}, {"type": "Feature", "properties": {"PWSID": "NC4392163", "PWS_Name": "FOXMOOR S/D", "Primacy_Agency": "NC", "Population_Served_Count": 203, "Service_Connections_Count": 78, "Service_Area_Type": "Subdivision", "Verification_Status": "", "Area_SqKM": 0.4833810170065376}, "geometry": {"type": "Point", "coordinates": [-78.70748315799902, 35.67758096270528]}}, {"type": "Feature", "properties": {"PWSID": "NC4392164", "PWS_Name": "BRAYTON PARK S/D", "Primacy_Agency": "NC", "Population_Served_Count": 145, "Service_Connections_Count": 58, "Service_Area_Type": "Subdivision", "Verification_Status": "", "Area_SqKM": 0.35978242739542526}, "geometry": {"type": "Point", "coordinates": [-78.84292633536643, 35.63060587999757]}}, {"type": "Feature", "properties": {"PWSID": "NC4392169", "PWS_Name": "HILLINGTON WEST S/D", "Primacy_Agency": "NC", "Population_Served_Count": 394, "Service_Connections_Count": 155, "Service_Area_Type": "Subdivision", "Verification_Status": "", "Area_SqKM": 0.9199501401505066}, "geometry": {"type": "Point", "coordinates": [-78.55497930211456, 35.65154799525546]}}, {"type": "Feature", "properties": {"PWSID": "NC4392172", "PWS_Name": "CROOKED CREEK S/D", "Primacy_Agency": "NC", "Population_Served_Count": 274, "Service_Connections_Count": 108, "Service_Area_Type": "Subdivision", "Verification_Status": "", "Area_SqKM": 0.5398907264011945}, "geometry": {"type": "Point", "coordinates": [-78.74357215935665, 35.62604509609067]}}, {"type": "Feature", "properties": {"PWSID": "NC4392181", "PWS_Name": "STEVENS OAKS", "Primacy_Agency": "NC", "Population_Served_Count": 292, "Service_Connections_Count": 115, "Service_Area_Type": "Subdivision", "Verification_Status": "", "Area_SqKM": 0.6594205490985564}, "geometry": {"type": "Point", "coordinates": [-78.60561506746198, 35.616655180618814]}}, {"type": "Feature", "properties": {"PWSID": "NC4392183", "PWS_Name": "OLD STAGE PLACE", "Primacy_Agency": "NC", "Population_Served_Count": 364, "Service_Connections_Count": 143, "Service_Area_Type": "Subdivision", "Verification_Status": "", "Area_SqKM": 0.8987975769942657}, "geometry": {"type": "Point", "coordinates": [-78.67941419463654, 35.648060556623705]}}, {"type": "Feature", "properties": {"PWSID": "NC4392187", "PWS_Name": "RIDGEVIEW S/D", "Primacy_Agency": "NC", "Population_Served_Count": 79, "Service_Connections_Count": 31, "Service_Area_Type": "Subdivision", "Verification_Status": "", "Area_SqKM": 0.2467454271633658}, "geometry": {"type": "Point", "coordinates": [-78.56581006667129, 35.66273020325761]}}, {"type": "Feature", "properties": {"PWSID": "NC4392188", "PWS_Name": "JAMISON PARK S/D", "Primacy_Agency": "NC", "Population_Served_Count": 531, "Service_Connections_Count": 209, "Service_Area_Type": "Subdivision", "Verification_Status": "", "Area_SqKM": 0.9045331457152248}, "geometry": {"type": "Point", "coordinates": [-78.76495685083069, 35.67235212664028]}}, {"type": "Feature", "properties": {"PWSID": "NC4392211", "PWS_Name": "GRISSOM FARM S/D", "Primacy_Agency": "NC", "Population_Served_Count": 236, "Service_Connections_Count": 93, "Service_Area_Type": "Subdivision", "Verification_Status": "", "Area_SqKM": 0.6275974176020338}, "geometry": {"type": "Point", "coordinates": [-78.6139304224978, 35.626237787093814]}}, {"type": "Feature", "properties": {"PWSID": "NC4392216", "PWS_Name": "SAWYER`S MILL S/D", "Primacy_Agency": "NC", "Population_Served_Count": 355, "Service_Connections_Count": 140, "Service_Area_Type": "Subdivision", "Verification_Status": "", "Area_SqKM": 0.45698856257879256}, "geometry": {"type": "Point", "coordinates": [-78.7445538744745, 35.651202989766496]}}, {"type": "Feature", "properties": {"PWSID": "NC4392225", "PWS_Name": "KENDALL HILL MASTER", "Primacy_Agency": "NC", "Population_Served_Count": 267, "Service_Connections_Count": 105, "Service_Area_Type": "Subdivision", "Verification_Status": "", "Area_SqKM": 0.6968711843524538}, "geometry": {"type": "Point", "coordinates": [-78.68882970828167, 35.57726447613688]}}, {"type": "Feature", "properties": {"PWSID": "NC4392229", "PWS_Name": "HARMONY GLEN S/D", "Primacy_Agency": "NC", "Population_Served_Count": 74, "Service_Connections_Count": 29, "Service_Area_Type": "Subdivision", "Verification_Status": "", "Area_SqKM": 0.19379764580423625}, "geometry": {"type": "Point", "coordinates": [-78.80763578050569, 35.692733008090535]}}, {"type": "Feature", "properties": {"PWSID": "NC5026018", "PWS_Name": "BROOKWOOD SOUTH/FAYETTEVILLE PWC", "Primacy_Agency": "NC", "Population_Served_Count": 2357, "Service_Connections_Count": 925, "Service_Area_Type": "Residential Area", "Verification_Status": "", "Area_SqKM": 4.583290891723612}, "geometry": {"type": "Point", "coordinates": [-79.02863600449925, 34.99239538471206]}}, {"type": "Feature", "properties": {"PWSID": "NC7067005", "PWS_Name": "CHANDA`S RIDGE", "Primacy_Agency": "NC", "Population_Served_Count": 70, "Service_Connections_Count": 29, "Service_Area_Type": "Residential Area", "Verification_Status": "", "Area_SqKM": 0.15464059042208558}, "geometry": {"type": "Point", "coordinates": [-77.64640761011296, 34.7039259895667]}}, {"type": "Feature", "properties": {"PWSID": "NC7071018", "PWS_Name": "CASTLE BAY S/D", "Primacy_Agency": "NC", "Population_Served_Count": 777, "Service_Connections_Count": 306, "Service_Area_Type": "Subdivision", "Verification_Status": "", "Area_SqKM": 1.2460602975573785}, "geometry": {"type": "Point", "coordinates": [-77.7051631254819, 34.40329833296613]}}]}