{"type": "FeatureCollection", "features": [{"type": "Feature", "geometry": {"type": "Point", "coordinates": [-122.451391077965, 48.9382795523438]}, "properties": {"CWP_NAME": "LYNDEN STP", "CWP_STREET": "800 S 6TH ST", "CWP_CITY": "LYNDEN", "CWP_STATE": "WA", "CWP_ZIP": "98264", "CWP_COUNTY": null, "NPDES_ID": "WA0022578", "REGISTRY_ID": "110009764834", "CWP_FACILITY_TYPE_INDICATOR": "POTW", "CWP_MAJOR_MINOR_STATUS": "Minor", "CWP_PERMIT_STATUS_DESC": "Admin Continued", "STATE_WATER_BODY_NAME": null, "CWP_CSO_FLAG": "N"}}, {"type": "Feature", "geometry": {"type": "Point", "coordinates": [-120.206609714975, 47.6756918362134]}, "properties": {"CWP_NAME": "ENTIAT POTW", "CWP_STREET": "1947 LAKESHORE DRIVE", "CWP_CITY": "ENTIAT", "CWP_STATE": "WA", "CWP_ZIP": "98822-0228", "CWP_COUNTY": "Chelan", "NPDES_ID": "WA0051276", "REGISTRY_ID": "110010896352", "CWP_FACILITY_TYPE_INDICATOR": "POTW", "CWP_MAJOR_MINOR_STATUS": "Minor", "CWP_PERMIT_STATUS_DESC": "Admin Continued", "STATE_WATER_BODY_NAME": null, "CWP_CSO_FLAG": "N"}}, {"type": "Feature", "geometry": {"type": "Point", "coordinates": [-118.264119570595, 47.4785057806745]}, "properties": {"CWP_NAME": "HARRINGTON WWTP", "CWP_STREET": "600 WEST SHERLOCK STREET", "CWP_CITY": "HARRINGTON", "CWP_STATE": "WA", "CWP_ZIP": "99134", "CWP_COUNTY": "Lincoln", "NPDES_ID": "WA0045462", "REGISTRY_ID": "110039923429", "CWP_FACILITY_TYPE_INDICATOR": "POTW", "CWP_MAJOR_MINOR_STATUS": "Minor", "CWP_PERMIT_STATUS_DESC": "Terminated", "STATE_WATER_BODY_NAME": null, "CWP_CSO_FLAG": "N"}}, {"type": "Feature", "geometry": {"type": "Point", "coordinates": [-120.310043401039, 47.4285212398343]}, "properties": {"CWP_NAME": "WENATCHEE POTW", "CWP_STREET": "201 N WORTHEN ST", "CWP_CITY": "WENATCHEE", "CWP_STATE": "WA", "CWP_ZIP": "98801-6103", "CWP_COUNTY": "Chelan", "NPDES_ID": "WA0023949", "REGISTRY_ID": "110000565683", "CWP_FACILITY_TYPE_INDICATOR": "POTW", "CWP_MAJOR_MINOR_STATUS": "Major", "CWP_PERMIT_STATUS_DESC": "Admin Continued", "STATE_WATER_BODY_NAME": "COLUMBIA R.", "CWP_CSO_FLAG": "N"}}, {"type": "Feature", "geometry": {"type": "Point", "coordinates": [-122.865366376822, 46.0443158716584]}, "properties": {"CWP_NAME": "PORT OF KALAMA", "CWP_STREET": "205 E WIND RD", "CWP_CITY": "KALAMA", "CWP_STATE": "WA", "CWP_ZIP": "98625", "CWP_COUNTY": "Cowlitz", "NPDES_ID": "WA0040843", "REGISTRY_ID": "110015537784", "CWP_FACILITY_TYPE_INDICATOR": "POTW", "CWP_MAJOR_MINOR_STATUS": "Minor", "CWP_PERMIT_STATUS_DESC": "Admin Continued", "STATE_WATER_BODY_NAME": null, "CWP_CSO_FLAG": "N"}}, {"type": "Feature", "geometry": {"type": "Point", "coordinates": [-119.986013903394, 46.9419061793057]}, "properties": {"CWP_NAME": "VANTAGE POTW", "CWP_STREET": "120 HOLIDAY AVE", "CWP_CITY": "VANTAGE", "CWP_STATE": "WA", "CWP_ZIP": "98950", "CWP_COUNTY": "Kittitas", "NPDES_ID": "WA0050474", "REGISTRY_ID": "110015543820", "CWP_FACILITY_TYPE_INDICATOR": "POTW", "CWP_MAJOR_MINOR_STATUS": "Minor", "CWP_PERMIT_STATUS_DESC": "Admin Continued", "STATE_WATER_BODY_NAME": "COLUMBIA R.", "CWP_CSO_FLAG": "N"}}, {"type": "Feature", "geometry": {"type": "Point", "coordinates": [-122.492892024544, 48.6521827078994]}, "properties": {"CWP_NAME": "WA PARKS LARRABEE WWTP", "CWP_STREET": "249 CHUCKANUT DR", "CWP_CITY": "BELLINGHAM", "CWP_STATE": "WA", "CWP_ZIP": "98229", "CWP_COUNTY": "Whatcom", "NPDES_ID": "WA0023787", "REGISTRY_ID": "110005357933", "CWP_FACILITY_TYPE_INDICATOR": "POTW", "CWP_MAJOR_MINOR_STATUS": "Minor", "CWP_PERMIT_STATUS_DESC": "Admin Continued", "STATE_WATER_BODY_NAME": "SAMISH BAY", "CWP_CSO_FLAG": "N"}}, {"type": "Feature", "geometry": {"type": "Point", "coordinates": [-122.421370572258, 48.0302835036763]}, "properties": {"CWP_NAME": "LANGLEY STP", "CWP_STREET": "4999 COLES RD", "CWP_CITY": "LANGLEY", "CWP_STATE": "WA", "CWP_ZIP": "98260", "CWP_COUNTY": "Island", "NPDES_ID": "WA0020702", "REGISTRY_ID": "110015565636", "CWP_FACILITY_TYPE_INDICATOR": "POTW", "CWP_MAJOR_MINOR_STATUS": "Minor", "CWP_PERMIT_STATUS_DESC": "Effective", "STATE_WATER_BODY_NAME": "SARATOGA PASSAGE", "CWP_CSO_FLAG": "N"}}, {"type": "Feature", "geometry": {"type": "Point", "coordinates": [-122.629961971878, 47.6739756650297]}, "properties": {"CWP_NAME": "KITSAP COUNTY CENTRAL KITSAP WWTP", "CWP_STREET": "12351 BROWNSVILLE HWY", "CWP_CITY": "POULSBO", "CWP_STATE": "WA", "CWP_ZIP": "98370", "CWP_COUNTY": "Kitsap", "NPDES_ID": "WA0030520", "REGISTRY_ID": "110000545508", "CWP_FACILITY_TYPE_INDICATOR": "POTW", "CWP_MAJOR_MINOR_STATUS": "Major", "CWP_PERMIT_STATUS_DESC": "Admin Continued", "STATE_WATER_BODY_NAME": null, "CWP_CSO_FLAG": "N"}}, {"type": "Feature", "geometry": {"type": "Point", "coordinates": [-117.08338768958, 47.2275959358305]}, "properties": {"CWP_NAME": "TEKOA STP", "CWP_STREET": "7241 LONE PINE RD", "CWP_CITY": "TEKOA", "CWP_STATE": "WA", "CWP_ZIP": "99033-0927", "CWP_COUNTY": "Whitman", "NPDES_ID": "WA0023141", "REGISTRY_ID": "110009764638", "CWP_FACILITY_TYPE_INDICATOR": "POTW", "CWP_MAJOR_MINOR_STATUS": "Minor", "CWP_PERMIT_STATUS_DESC": "Admin Continued", "STATE_WATER_BODY_NAME": "HANGMAN CR.", "CWP_CSO_FLAG": "N"}}, {"type": "Feature", "geometry": {"type": "Point", "coordinates": [-121.976152083611, 47.848661859043]}, "properties": {"CWP_NAME": "MONROE STP", "CWP_STREET": "522 S SAMS ST", "CWP_CITY": "MONROE", "CWP_STATE": "WA", "CWP_ZIP": "98272-2409", "CWP_COUNTY": "Snohomish", "NPDES_ID": "WA0020486", "REGISTRY_ID": "110039939029", "CWP_FACILITY_TYPE_INDICATOR": "POTW", "CWP_MAJOR_MINOR_STATUS": "Minor", "CWP_PERMIT_STATUS_DESC": "Effective", "STATE_WATER_BODY_NAME": null, "CWP_CSO_FLAG": "N"}}, {"type": "Feature", "geometry": {"type": "Point", "coordinates": [-123.048386609086, 46.381471705903]}, "properties": {"CWP_NAME": "RYDERWOOD STP", "CWP_STREET": "602 6TH ST W", "CWP_CITY": "RYDERWOOD", "CWP_STATE": "WA", "CWP_ZIP": "98581", "CWP_COUNTY": "Cowlitz", "NPDES_ID": "WA0038695", "REGISTRY_ID": "110015557994", "CWP_FACILITY_TYPE_INDICATOR": "POTW", "CWP_MAJOR_MINOR_STATUS": "Minor", "CWP_PERMIT_STATUS_DESC": "Admin Continued", "STATE_WATER_BODY_NAME": "BECKER CREEK", "CWP_CSO_FLAG": "N"}}, {"type": "Feature", "geometry": {"type": "Point", "coordinates": [-122.382431665863, 47.8092652112905]}, "properties": {"CWP_NAME": "EDMONDS STP", "CWP_STREET": "200 2ND AVE S", "CWP_CITY": "EDMONDS", "CWP_STATE": "WA", "CWP_ZIP": "98020-3578", "CWP_COUNTY": "Snohomish", "NPDES_ID": "WA0024058", "REGISTRY_ID": "110000563220", "CWP_FACILITY_TYPE_INDICATOR": "POTW", "CWP_MAJOR_MINOR_STATUS": "Major", "CWP_PERMIT_STATUS_DESC": "Admin Continued", "STATE_WATER_BODY_NAME": null, "CWP_CSO_FLAG": "N"}}, {"type": "Feature", "geometry": {"type": "Point", "coordinates": [-122.679014735836, 48.220373185331]}, "properties": {"CWP_NAME": "COUPEVILLE STP", "CWP_STREET": "600 NE 9TH ST", "CWP_CITY": "COUPEVILLE", "CWP_STATE": "WA", "CWP_ZIP": "98239", "CWP_COUNTY": "Island", "NPDES_ID": "WA0029378", "REGISTRY_ID": "110015410090", "CWP_FACILITY_TYPE_INDICATOR": "POTW", "CWP_MAJOR_MINOR_STATUS": "Minor", "CWP_PERMIT_STATUS_DESC": "Effective", "STATE_WATER_BODY_NAME": "PENN COVE", "CWP_CSO_FLAG": "N"}}, {"type": "Feature", "geometry": {"type": "Point", "coordinates": [-123.023917044421, 46.7945042659288]}, "properties": {"CWP_NAME": "GRAND MOUND STP", "CWP_STREET": "20248 GRAND MOUND WAY SW", "CWP_CITY": "ROCHESTER", "CWP_STATE": "WA", "CWP_ZIP": "98579", "CWP_COUNTY": "Thurston", "NPDES_ID": "WA0042099", "REGISTRY_ID": "110006684613", "CWP_FACILITY_TYPE_INDICATOR": "POTW", "CWP_MAJOR_MINOR_STATUS": "Minor", "CWP_PERMIT_STATUS_DESC": "Admin Continued", "STATE_WATER_BODY_NAME": "CHEHALIS R.", "CWP_CSO_FLAG": "N"}}, {"type": "Feature", "geometry": {"type": "Point", "coordinates": [-122.361035815062, 47.4909942255877]}, "properties": {"CWP_NAME": "SALMON CREEK WWTP", "CWP_STREET": "12550 SHOREWOOD DR SW", "CWP_CITY": "BURIEN", "CWP_STATE": "WA", "CWP_ZIP": "98146", "CWP_COUNTY": "King", "NPDES_ID": "WA0022772", "REGISTRY_ID": "110005325335", "CWP_FACILITY_TYPE_INDICATOR": "POTW", "CWP_MAJOR_MINOR_STATUS": "Major", "CWP_PERMIT_STATUS_DESC": "Effective", "STATE_WATER_BODY_NAME": null, "CWP_CSO_FLAG": "N"}}, {"type": "Feature", "geometry": {"type": "Point", "coordinates": [-123.141394622827, 46.8848294663589]}, "properties": {"CWP_NAME": "CEDAR CREEK CORRECTIONS CENTER STP", "CWP_STREET": "12200 BORDEAUX RD", "CWP_CITY": "LITTLEROCK", "CWP_STATE": "WA", "CWP_ZIP": "98556", "CWP_COUNTY": "Thurston", "NPDES_ID": "WA0037737", "REGISTRY_ID": "110005358059", "CWP_FACILITY_TYPE_INDICATOR": "POTW", "CWP_MAJOR_MINOR_STATUS": "Minor", "CWP_PERMIT_STATUS_DESC": "Admin Continued", "STATE_WATER_BODY_NAME": "BLACK RIVER", "CWP_CSO_FLAG": "N"}}, {"type": "Feature", "geometry": {"type": "Point", "coordinates": [-122.613248937583, 47.5460767768523]}, "properties": {"CWP_NAME": "PORT ORCHARD WWTP", "CWP_STREET": "1165 BEACH DR E", "CWP_CITY": "PORT ORCHARD", "CWP_STATE": "WA", "CWP_ZIP": "98366-4913", "CWP_COUNTY": "Kitsap", "NPDES_ID": "WA0020346", "REGISTRY_ID": "110015561756", "CWP_FACILITY_TYPE_INDICATOR": "POTW", "CWP_MAJOR_MINOR_STATUS": "Minor", "CWP_PERMIT_STATUS_DESC": "Effective", "STATE_WATER_BODY_NAME": "SINCLAIR INLET", "CWP_CSO_FLAG": "N"}}, {"type": "Feature", "geometry": {"type": "Point", "coordinates": [-122.338365786871, 47.8463037965405]}, "properties": {"CWP_NAME": "LYNNWOOD STP", "CWP_STREET": "17000 76TH AVE W", "CWP_CITY": "EDMONDS", "CWP_STATE": "WA", "CWP_ZIP": "98026", "CWP_COUNTY": "Snohomish", "NPDES_ID": "WA0024031", "REGISTRY_ID": "110010409593", "CWP_FACILITY_TYPE_INDICATOR": "POTW", "CWP_MAJOR_MINOR_STATUS": "Major", "CWP_PERMIT_STATUS_DESC": "Effective", "STATE_WATER_BODY_NAME": "PUGET SOUND (CENTRAL)", "CWP_CSO_FLAG": "N"}}, {"type": "Feature", "geometry": {"type": "Point", "coordinates": [-122.73001844884, 46.324521268568]}, "properties": {"CWP_NAME": "TOUTLE STP", "CWP_STREET": "200 S TOUTLE RD", "CWP_CITY": "TOUTLE", "CWP_STATE": "WA", "CWP_ZIP": "98649-9706", "CWP_COUNTY": "Cowlitz", "NPDES_ID": "WA0037770", "REGISTRY_ID": "110006684748", "CWP_FACILITY_TYPE_INDICATOR": "POTW", "CWP_MAJOR_MINOR_STATUS": "Minor", "CWP_PERMIT_STATUS_DESC": "Admin Continued", "STATE_WATER_BODY_NAME": "TOUTLE R.", "CWP_CSO_FLAG": "N"}}, {"type": "Feature", "geometry": {"type": "Point", "coordinates": [-121.988218261429, 47.732952379155]}, "properties": {"CWP_NAME": "DUVALL STP", "CWP_STREET": "14525 MAIN ST", "CWP_CITY": "DUVALL", "CWP_STATE": "WA", "CWP_ZIP": "98019", "CWP_COUNTY": "King", "NPDES_ID": "WA0029513", "REGISTRY_ID": "110010135692", "CWP_FACILITY_TYPE_INDICATOR": "POTW", "CWP_MAJOR_MINOR_STATUS": "Minor", "CWP_PERMIT_STATUS_DESC": "Effective", "STATE_WATER_BODY_NAME": "SNOQUALMIE R.", "CWP_CSO_FLAG": "N"}}, {"type": "Feature", "geometry": {"type": "Point", "coordinates": [-120.29717409803, 47.4185504570947]}, "properties": {"CWP_NAME": "DOUGLAS COUNTY SEWER DISTRICT WWTP", "CWP_STREET": "1050 SUNSET HWY", "CWP_CITY": "EAST WENATCHEE", "CWP_STATE": "WA", "CWP_ZIP": "98802", "CWP_COUNTY": "Douglas", "NPDES_ID": "WA0020621", "REGISTRY_ID": "110039933784", "CWP_FACILITY_TYPE_INDICATOR": "POTW", "CWP_MAJOR_MINOR_STATUS": "Minor", "CWP_PERMIT_STATUS_DESC": "Admin Continued", "STATE_WATER_BODY_NAME": "COLUMBIA R.", "CWP_CSO_FLAG": "N"}}, {"type": "Feature", "geometry": {"type": "Point", "coordinates": [-118.14612854049, 47.6677852174933]}, "properties": {"CWP_NAME": "DAVENPORT WWTP", "CWP_STREET": "1203 ROSS STREET", "CWP_CITY": "DAVENPORT", "CWP_STATE": "WA", "CWP_ZIP": "99122", "CWP_COUNTY": "Lincoln", "NPDES_ID": "WA0045578", "REGISTRY_ID": "110039923278", "CWP_FACILITY_TYPE_INDICATOR": "POTW", "CWP_MAJOR_MINOR_STATUS": "Minor", "CWP_PERMIT_STATUS_DESC": "Admin Continued", "STATE_WATER_BODY_NAME": "COTTONWOOD CREEK", "CWP_CSO_FLAG": "N"}}, {"type": "Feature", "geometry": {"type": "Point", "coordinates": [-122.982714569401, 46.6661683096096]}, "properties": {"CWP_NAME": "CHEHALIS WATER RECLAMATION FACILITY", "CWP_STREET": "420 NW LOUISIANA AVE", "CWP_CITY": "CHEHALIS", "CWP_STATE": "WA", "CWP_ZIP": "98532", "CWP_COUNTY": "Lewis", "NPDES_ID": "WA0021105", "REGISTRY_ID": "110054898982", "CWP_FACILITY_TYPE_INDICATOR": "POTW", "CWP_MAJOR_MINOR_STATUS": "Major", "CWP_PERMIT_STATUS_DESC": "Admin Continued", "STATE_WATER_BODY_NAME": "CHEHALIS R.", "CWP_CSO_FLAG": "N"}}, {"type": "Feature", "geometry": {"type": "Point", "coordinates": [-117.397395412262, 48.819183792073]}, "properties": {"CWP_NAME": "SELKIRK SCHOOL DIST 70", "CWP_STREET": "10372 HWY 31", "CWP_CITY": "IONE", "CWP_STATE": "WA", "CWP_ZIP": "99139", "CWP_COUNTY": "Pend Oreille", "NPDES_ID": "WA0044938", "REGISTRY_ID": "110009763586", "CWP_FACILITY_TYPE_INDICATOR": "POTW", "CWP_MAJOR_MINOR_STATUS": "Minor", "CWP_PERMIT_STATUS_DESC": "Effective", "STATE_WATER_BODY_NAME": "PEND OREILLE R.", "CWP_CSO_FLAG": "N"}}, {"type": "Feature", "geometry": {"type": "Point", "coordinates": [-117.742465211585, 48.2734382292449]}, "properties": {"CWP_NAME": "CHEWELAH WWTP", "CWP_STREET": "120 S HUNT ST", "CWP_CITY": "CHEWELAH", "CWP_STATE": "WA", "CWP_ZIP": "99109", "CWP_COUNTY": "Stevens", "NPDES_ID": "WA0023604", "REGISTRY_ID": "110056419219", "CWP_FACILITY_TYPE_INDICATOR": "POTW", "CWP_MAJOR_MINOR_STATUS": "Minor", "CWP_PERMIT_STATUS_DESC": "Admin Continued", "STATE_WATER_BODY_NAME": "COLVILLE R.", "CWP_CSO_FLAG": "N"}}, {"type": "Feature", "geometry": {"type": "Point", "coordinates": [-121.465431924679, 45.7126802008562]}, "properties": {"CWP_NAME": "BINGEN POTW", "CWP_STREET": "208 MARINA RD", "CWP_CITY": "BINGEN", "CWP_STATE": "WA", "CWP_ZIP": "98605-0607", "CWP_COUNTY": "Klickitat", "NPDES_ID": "WA0022373", "REGISTRY_ID": "110039921724", "CWP_FACILITY_TYPE_INDICATOR": "POTW", "CWP_MAJOR_MINOR_STATUS": "Minor", "CWP_PERMIT_STATUS_DESC": "Admin Continued", "STATE_WATER_BODY_NAME": "COLUMBIA R.", "CWP_CSO_FLAG": "N"}}, {"type": "Feature", "geometry": {"type": "Point", "coordinates": [-117.137027619326, 46.5722032506364]}, "properties": {"CWP_NAME": "COLTON STP", "CWP_STREET": "CORNER OF 195 & DEPOT STREET", "CWP_CITY": "COLTON", "CWP_STATE": "WA", "CWP_ZIP": "99113-0157", "CWP_COUNTY": "Whitman", "NPDES_ID": "WA0023175", "REGISTRY_ID": "110039943390", "CWP_FACILITY_TYPE_INDICATOR": "POTW", "CWP_MAJOR_MINOR_STATUS": "Minor", "CWP_PERMIT_STATUS_DESC": "Admin Continued", "STATE_WATER_BODY_NAME": "UNION FLAT CREEK", "CWP_CSO_FLAG": "N"}}, {"type": "Feature", "geometry": {"type": "Point", "coordinates": [-117.149138885381, 47.0031512105877]}, "properties": {"CWP_NAME": "GARFIELD STP", "CWP_STREET": "1003 ELBERTON RD", "CWP_CITY": "GARFIELD", "CWP_STATE": "WA", "CWP_ZIP": "99130-0218", "CWP_COUNTY": "Whitman", "NPDES_ID": "WA0044822", "REGISTRY_ID": "110040116004", "CWP_FACILITY_TYPE_INDICATOR": "POTW", "CWP_MAJOR_MINOR_STATUS": "Minor", "CWP_PERMIT_STATUS_DESC": "Admin Continued", "STATE_WATER_BODY_NAME": "SILVER CREEK", "CWP_CSO_FLAG": "N"}}, {"type": "Feature", "geometry": {"type": "Point", "coordinates": [-121.918570233719, 47.6476336997147]}, "properties": {"CWP_NAME": "KING COUNTY CARNATION WWTP", "CWP_STREET": "31500 W ENTWISTLE", "CWP_CITY": "CARNATION", "CWP_STATE": "WA", "CWP_ZIP": "98014", "CWP_COUNTY": "King", "NPDES_ID": "WA0032182", "REGISTRY_ID": "110036123655", "CWP_FACILITY_TYPE_INDICATOR": "POTW", "CWP_MAJOR_MINOR_STATUS": "Minor", "CWP_PERMIT_STATUS_DESC": "Effective", "STATE_WATER_BODY_NAME": "SNOQUALMIE R.", "CWP_CSO_FLAG": "N"}}, {"type": "Feature", "geometry": {"type": "Point", "coordinates": [-121.744154108892, 48.537672110531]}, "properties": {"CWP_NAME": "CONCRETE STP", "CWP_STREET": "LAGOON AVE & SR 20", "CWP_CITY": "CONCRETE", "CWP_STATE": "WA", "CWP_ZIP": "98237", "CWP_COUNTY": "Skagit", "NPDES_ID": "WA0020851", "REGISTRY_ID": "110015536963", "CWP_FACILITY_TYPE_INDICATOR": "POTW", "CWP_MAJOR_MINOR_STATUS": "Minor", "CWP_PERMIT_STATUS_DESC": "Effective", "STATE_WATER_BODY_NAME": "BAKER R.", "CWP_CSO_FLAG": "N"}}, {"type": "Feature", "geometry": {"type": "Point", "coordinates": [-120.691403517073, 46.7262855371143]}, "properties": {"CWP_NAME": "NACHES POTW", "CWP_STREET": "9731 US HIGHWAY 12", "CWP_CITY": "NACHES", "CWP_STATE": "WA", "CWP_ZIP": "98937", "CWP_COUNTY": "Yakima", "NPDES_ID": "WA0022586", "REGISTRY_ID": "110039939145", "CWP_FACILITY_TYPE_INDICATOR": "POTW", "CWP_MAJOR_MINOR_STATUS": "Minor", "CWP_PERMIT_STATUS_DESC": "Admin Continued", "STATE_WATER_BODY_NAME": "YAKIMA R.", "CWP_CSO_FLAG": "N"}}, {"type": "Feature", "geometry": {"type": "Point", "coordinates": [-119.535778479827, 48.4000850687044]}, "properties": {"CWP_NAME": "OMAK POTW", "CWP_STREET": "635 FIR STREET", "CWP_CITY": "OMAK", "CWP_STATE": "WA", "CWP_ZIP": "98841", "CWP_COUNTY": "Okanogan", "NPDES_ID": "WA0020940", "REGISTRY_ID": "110015531762", "CWP_FACILITY_TYPE_INDICATOR": "POTW", "CWP_MAJOR_MINOR_STATUS": "Minor", "CWP_PERMIT_STATUS_DESC": "Admin Continued", "STATE_WATER_BODY_NAME": "OKANOGAN R.", "CWP_CSO_FLAG": "N"}}, {"type": "Feature", "geometry": {"type": "Point", "coordinates": [-118.699693658709, 47.3340808996619]}, "properties": {"CWP_NAME": "ODESSA STP", "CWP_STREET": "601 W ALICE AVE", "CWP_CITY": "ODESSA", "CWP_STATE": "WA", "CWP_ZIP": "99159", "CWP_COUNTY": "Lincoln", "NPDES_ID": "WA0045560", "REGISTRY_ID": "110015553943", "CWP_FACILITY_TYPE_INDICATOR": "POTW", "CWP_MAJOR_MINOR_STATUS": "Minor", "CWP_PERMIT_STATUS_DESC": "Admin Continued", "STATE_WATER_BODY_NAME": "CRAB CR.", "CWP_CSO_FLAG": "N"}}, {"type": "Feature", "geometry": {"type": "Point", "coordinates": [-120.969864015882, 45.656990629644]}, "properties": {"CWP_NAME": "WISHRAM POTW", "CWP_STREET": "525 BRIDGEWAY RD", "CWP_CITY": "WISHRAM", "CWP_STATE": "WA", "CWP_ZIP": "98673", "CWP_COUNTY": "Klickitat", "NPDES_ID": "WA0051292", "REGISTRY_ID": "110006684524", "CWP_FACILITY_TYPE_INDICATOR": "POTW", "CWP_MAJOR_MINOR_STATUS": "Minor", "CWP_PERMIT_STATUS_DESC": "Admin Continued", "STATE_WATER_BODY_NAME": "KLICKITAT R.", "CWP_CSO_FLAG": "N"}}, {"type": "Feature", "geometry": {"type": "Point", "coordinates": [-121.142232412292, 48.7149339586711]}, "properties": {"CWP_NAME": "SEATTLE CITY LIGHT NEWHALEM MRWF & OFFIC", "CWP_STREET": "MILEPOST 120 OFF HWY 20", "CWP_CITY": "NEWHALEM", "CWP_STATE": "WA", "CWP_ZIP": "98283", "CWP_COUNTY": "Skagit", "NPDES_ID": "WA0029858", "REGISTRY_ID": "110055489706", "CWP_FACILITY_TYPE_INDICATOR": "POTW", "CWP_MAJOR_MINOR_STATUS": "Minor", "CWP_PERMIT_STATUS_DESC": "Terminated", "STATE_WATER_BODY_NAME": "SKAGIT RIVER", "CWP_CSO_FLAG": "N"}}, {"type": "Feature", "geometry": {"type": "Point", "coordinates": [-117.364017978569, 48.8631696398472]}, "properties": {"CWP_NAME": "METALINE FALLS STP", "CWP_STREET": "0.5 MILES N OF TOWN W OF STATE HWY 31", "CWP_CITY": "METALINE FALLS", "CWP_STATE": "WA", "CWP_ZIP": "99153-0277", "CWP_COUNTY": "Pend Oreille", "NPDES_ID": "WA0021156", "REGISTRY_ID": "110015531682", "CWP_FACILITY_TYPE_INDICATOR": "POTW", "CWP_MAJOR_MINOR_STATUS": "Minor", "CWP_PERMIT_STATUS_DESC": "Expired", "STATE_WATER_BODY_NAME": "SULLIVAN CREEK", "CWP_CSO_FLAG": "N"}}, {"type": "Feature", "geometry": {"type": "Point", "coordinates": [-118.726891061692, 47.7674902992073]}, "properties": {"CWP_NAME": "WILBUR STP", "CWP_STREET": "34601 SR 21", "CWP_CITY": "WILBUR", "CWP_STATE": "WA", "CWP_ZIP": "99185-0214", "CWP_COUNTY": "Lincoln", "NPDES_ID": "WA0044920", "REGISTRY_ID": "110009763577", "CWP_FACILITY_TYPE_INDICATOR": "POTW", "CWP_MAJOR_MINOR_STATUS": "Minor", "CWP_PERMIT_STATUS_DESC": "Admin Continued", "STATE_WATER_BODY_NAME": "GOOSE CREEK", "CWP_CSO_FLAG": "N"}}, {"type": "Feature", "geometry": {"type": "Point", "coordinates": [-117.47360190659, 47.6951975260448]}, "properties": {"CWP_NAME": "SPOKANE RIVERSIDE PARK WATER RECLAMATION FACILITY", "CWP_STREET": "4401 N AUBREY L WHITE PKWY", "CWP_CITY": "SPOKANE", "CWP_STATE": "WA", "CWP_ZIP": "99205", "CWP_COUNTY": "Spokane", "NPDES_ID": "WA0024473", "REGISTRY_ID": "110000562347", "CWP_FACILITY_TYPE_INDICATOR": "POTW", "CWP_MAJOR_MINOR_STATUS": "Major", "CWP_PERMIT_STATUS_DESC": "Effective", "STATE_WATER_BODY_NAME": "SPOKANE RIVER", "CWP_CSO_FLAG": "Y"}}, {"type": "Feature", "geometry": {"type": "Point", "coordinates": [-117.373071968483, 47.2415650759701]}, "properties": {"CWP_NAME": "ROSALIA STP", "CWP_STREET": "216 W 1ST", "CWP_CITY": "ROSALIA", "CWP_STATE": "WA", "CWP_ZIP": "99170-0277", "CWP_COUNTY": "Whitman", "NPDES_ID": "WA0044687", "REGISTRY_ID": "110025311302", "CWP_FACILITY_TYPE_INDICATOR": "POTW", "CWP_MAJOR_MINOR_STATUS": "Minor", "CWP_PERMIT_STATUS_DESC": "Admin Continued", "STATE_WATER_BODY_NAME": "PINE CREEK", "CWP_CSO_FLAG": "N"}}, {"type": "Feature", "geometry": {"type": "Point", "coordinates": [-122.347590038849, 47.4482665350664]}, "properties": {"CWP_NAME": "MILLER CREEK WWTP", "CWP_STREET": "1015 SW 174TH PL", "CWP_CITY": "NORMANDY PARK", "CWP_STATE": "WA", "CWP_ZIP": "98166", "CWP_COUNTY": "King", "NPDES_ID": "WA0022764", "REGISTRY_ID": "110064594513", "CWP_FACILITY_TYPE_INDICATOR": "POTW", "CWP_MAJOR_MINOR_STATUS": "Major", "CWP_PERMIT_STATUS_DESC": "Effective", "STATE_WATER_BODY_NAME": "PUGET SOUND (CENTRAL)", "CWP_CSO_FLAG": "N"}}, {"type": "Feature", "geometry": {"type": "Point", "coordinates": [-122.270854336929, 46.8596359507167]}, "properties": {"CWP_NAME": "EATONVILLE STP", "CWP_STREET": "370 MASHEL AVE S", "CWP_CITY": "EATONVILLE", "CWP_STATE": "WA", "CWP_ZIP": "98328-0309", "CWP_COUNTY": "Pierce", "NPDES_ID": "WA0037231", "REGISTRY_ID": "110039933793", "CWP_FACILITY_TYPE_INDICATOR": "POTW", "CWP_MAJOR_MINOR_STATUS": "Minor", "CWP_PERMIT_STATUS_DESC": "Admin Continued", "STATE_WATER_BODY_NAME": "NISQUALLY R.", "CWP_CSO_FLAG": "N"}}, {"type": "Feature", "geometry": {"type": "Point", "coordinates": [-120.523671816283, 46.649450172399]}, "properties": {"CWP_NAME": "SELAH POTW", "CWP_STREET": "222 S RAILROAD AVE", "CWP_CITY": "SELAH", "CWP_STATE": "WA", "CWP_ZIP": "98942-1323", "CWP_COUNTY": "Yakima", "NPDES_ID": "WA0021032", "REGISTRY_ID": "110039929922", "CWP_FACILITY_TYPE_INDICATOR": "POTW", "CWP_MAJOR_MINOR_STATUS": "Minor", "CWP_PERMIT_STATUS_DESC": "Admin Continued", "STATE_WATER_BODY_NAME": "YAKIMA R.", "CWP_CSO_FLAG": "N"}}, {"type": "Feature", "geometry": {"type": "Point", "coordinates": [-122.517222069968, 47.7856858704674]}, "properties": {"CWP_NAME": "KITSAP COUNTY KINGSTON WWTP", "CWP_STREET": "11000 WHITE HORSE DR", "CWP_CITY": "KINGSTON", "CWP_STATE": "WA", "CWP_ZIP": "98346", "CWP_COUNTY": "Kitsap", "NPDES_ID": "WA0032077", "REGISTRY_ID": "110022329522", "CWP_FACILITY_TYPE_INDICATOR": "POTW", "CWP_MAJOR_MINOR_STATUS": "Minor", "CWP_PERMIT_STATUS_DESC": "Admin Continued", "STATE_WATER_BODY_NAME": null, "CWP_CSO_FLAG": "N"}}, {"type": "Feature", "geometry": {"type": "Point", "coordinates": [-123.747482871227, 46.6887043399563]}, "properties": {"CWP_NAME": "WILLAPA REGIONAL WASTEWATER TREATMENT PLANT", "CWP_STREET": "151 HWY 105", "CWP_CITY": "RAYMOND", "CWP_STATE": "WA", "CWP_ZIP": "98577-2406", "CWP_COUNTY": "Pacific", "NPDES_ID": "WA0041041", "REGISTRY_ID": "110055005195", "CWP_FACILITY_TYPE_INDICATOR": "POTW", "CWP_MAJOR_MINOR_STATUS": "Minor", "CWP_PERMIT_STATUS_DESC": "Admin Continued", "STATE_WATER_BODY_NAME": null, "CWP_CSO_FLAG": "N"}}, {"type": "Feature", "geometry": {"type": "Point", "coordinates": [-124.192005355852, 47.2110800242967]}, "properties": {"CWP_NAME": "PACIFIC BEACH STP", "CWP_STREET": "3194 OCEAN BEACH RD", "CWP_CITY": "PACIFIC BEACH", "CWP_STATE": "WA", "CWP_ZIP": "98571", "CWP_COUNTY": "Grays Harbor", "NPDES_ID": "WA0037095", "REGISTRY_ID": "110040115915", "CWP_FACILITY_TYPE_INDICATOR": "POTW", "CWP_MAJOR_MINOR_STATUS": "Minor", "CWP_PERMIT_STATUS_DESC": "Admin Continued", "STATE_WATER_BODY_NAME": null, "CWP_CSO_FLAG": "N"}}, {"type": "Feature", "geometry": {"type": "Point", "coordinates": [-119.446195271949, 48.7019596282749]}, "properties": {"CWP_NAME": "TONASKET POTW", "CWP_STREET": "500 RAILROAD AVE", "CWP_CITY": "TONASKET", "CWP_STATE": "WA", "CWP_ZIP": "98855", "CWP_COUNTY": "Okanogan", "NPDES_ID": "WA0052337", "REGISTRY_ID": "110040123443", "CWP_FACILITY_TYPE_INDICATOR": "POTW", "CWP_MAJOR_MINOR_STATUS": "Minor", "CWP_PERMIT_STATUS_DESC": "Admin Continued", "STATE_WATER_BODY_NAME": "OKANOGAN R.", "CWP_CSO_FLAG": "N"}}, {"type": "Feature", "geometry": {"type": "Point", "coordinates": [-121.823753847095, 47.860827905122]}, "properties": {"CWP_NAME": "SULTAN WWTP", "CWP_STREET": "203 W STEVENS", "CWP_CITY": "SULTAN", "CWP_STATE": "WA", "CWP_ZIP": "98294", "CWP_COUNTY": "Snohomish", "NPDES_ID": "WA0023302", "REGISTRY_ID": "110009764683", "CWP_FACILITY_TYPE_INDICATOR": "POTW", "CWP_MAJOR_MINOR_STATUS": "Minor", "CWP_PERMIT_STATUS_DESC": "Effective", "STATE_WATER_BODY_NAME": "SKYKOMISH R.", "CWP_CSO_FLAG": "N"}}, {"type": "Feature", "geometry": {"type": "Point", "coordinates": [-120.704071358042, 46.6746167831152]}, "properties": {"CWP_NAME": "COWICHE REGIONAL POTW", "CWP_STREET": "1160 LIVENGOOD", "CWP_CITY": "COWICHE", "CWP_STATE": "WA", "CWP_ZIP": "98923", "CWP_COUNTY": "Yakima", "NPDES_ID": "WA0052396", "REGISTRY_ID": "110039936870", "CWP_FACILITY_TYPE_INDICATOR": "POTW", "CWP_MAJOR_MINOR_STATUS": "Minor", "CWP_PERMIT_STATUS_DESC": "Admin Continued", "STATE_WATER_BODY_NAME": null, "CWP_CSO_FLAG": "N"}}, {"type": "Feature", "geometry": {"type": "Point", "coordinates": [-122.00465054766, 47.1888867917422]}, "properties": {"CWP_NAME": "ENUMCLAW STP", "CWP_STREET": "451 SEMANSKI ST", "CWP_CITY": "ENUMCLAW", "CWP_STATE": "WA", "CWP_ZIP": "98022-2051", "CWP_COUNTY": "King", "NPDES_ID": "WA0020575", "REGISTRY_ID": "110039933908", "CWP_FACILITY_TYPE_INDICATOR": "POTW", "CWP_MAJOR_MINOR_STATUS": "Major", "CWP_PERMIT_STATUS_DESC": "Admin Continued", "STATE_WATER_BODY_NAME": "WHITE R.", "CWP_CSO_FLAG": "N"}}, {"type": "Feature", "geometry": {"type": "Point", "coordinates": [-122.112188071096, 47.9146073344904]}, "properties": {"CWP_NAME": "SNOHOMISH STP", "CWP_STREET": "2115 2ND STREET", "CWP_CITY": "SNOHOMISH", "CWP_STATE": "WA", "CWP_ZIP": "98290", "CWP_COUNTY": "Snohomish", "NPDES_ID": "WA0029548", "REGISTRY_ID": "110015408600", "CWP_FACILITY_TYPE_INDICATOR": "POTW", "CWP_MAJOR_MINOR_STATUS": "Minor", "CWP_PERMIT_STATUS_DESC": "Effective", "STATE_WATER_BODY_NAME": "SNOHOMISH R.", "CWP_CSO_FLAG": "Y"}}, {"type": "Feature", "geometry": {"type": "Point", "coordinates": [-122.560589170088, 47.725914221466]}, "properties": {"CWP_NAME": "SUQUAMISH WWTP", "CWP_STREET": "18000 SUQUAMISH WAY NE", "CWP_CITY": "SUQUAMISH", "CWP_STATE": "WA", "CWP_ZIP": "98392", "CWP_COUNTY": "Kitsap", "NPDES_ID": "WA0023256", "REGISTRY_ID": "110006800676", "CWP_FACILITY_TYPE_INDICATOR": "POTW", "CWP_MAJOR_MINOR_STATUS": "Minor", "CWP_PERMIT_STATUS_DESC": "Admin Continued", "STATE_WATER_BODY_NAME": "PUGET SOUND (PORT MADISON)", "CWP_CSO_FLAG": "N"}}, {"type": "Feature", "geometry": {"type": "Point", "coordinates": [-122.72947692932, 45.7320847436614]}, "properties": {"CWP_NAME": "SALMON CREEK STP", "CWP_STREET": "15100 NW MCCANN RD", "CWP_CITY": "VANCOUVER", "CWP_STATE": "WA", "CWP_ZIP": "98685", "CWP_COUNTY": "Clark", "NPDES_ID": "WA0023639", "REGISTRY_ID": "110006618348", "CWP_FACILITY_TYPE_INDICATOR": "POTW", "CWP_MAJOR_MINOR_STATUS": "Major", "CWP_PERMIT_STATUS_DESC": "Admin Continued", "STATE_WATER_BODY_NAME": null, "CWP_CSO_FLAG": "N"}}, {"type": "Feature", "geometry": {"type": "Point", "coordinates": [-121.785824846739, 47.4991232607525]}, "properties": {"CWP_NAME": "NORTH BEND STP", "CWP_STREET": "400 NORTH BEND BLVD", "CWP_CITY": "NORTH BEND", "CWP_STATE": "WA", "CWP_ZIP": "98045", "CWP_COUNTY": "King", "NPDES_ID": "WA0029351", "REGISTRY_ID": "110006684882", "CWP_FACILITY_TYPE_INDICATOR": "POTW", "CWP_MAJOR_MINOR_STATUS": "Minor", "CWP_PERMIT_STATUS_DESC": "Effective", "STATE_WATER_BODY_NAME": "SNOQUALMIE R.", "CWP_CSO_FLAG": "N"}}, {"type": "Feature", "geometry": {"type": "Point", "coordinates": [-122.506129791717, 47.6269977905079]}, "properties": {"CWP_NAME": "BAINBRIDGE ISLAND WWTP", "CWP_STREET": "1220 DONALD PL NE", "CWP_CITY": "BAINBRIDGE ISLAND", "CWP_STATE": "WA", "CWP_ZIP": "98110-1931", "CWP_COUNTY": "Kitsap", "NPDES_ID": "WA0020907", "REGISTRY_ID": "110015564110", "CWP_FACILITY_TYPE_INDICATOR": "POTW", "CWP_MAJOR_MINOR_STATUS": "Minor", "CWP_PERMIT_STATUS_DESC": "Admin Continued", "STATE_WATER_BODY_NAME": null, "CWP_CSO_FLAG": "N"}}, {"type": "Feature", "geometry": {"type": "Point", "coordinates": [-117.682898441581, 47.5839558558102]}, "properties": {"CWP_NAME": "MEDICAL LAKE WATER RECLAMATION FACILITY", "CWP_STREET": "200 LEFEVRE ST", "CWP_CITY": "MEDICAL LAKE", "CWP_STATE": "WA", "CWP_ZIP": "99022-0369", "CWP_COUNTY": "Spokane", "NPDES_ID": "WA0021148", "REGISTRY_ID": "110040464798", "CWP_FACILITY_TYPE_INDICATOR": "POTW", "CWP_MAJOR_MINOR_STATUS": "Minor", "CWP_PERMIT_STATUS_DESC": "Expired", "STATE_WATER_BODY_NAME": "DEEP CREEK", "CWP_CSO_FLAG": "N"}}, {"type": "Feature", "geometry": {"type": "Point", "coordinates": [-117.173451250471, 47.3975219397499]}, "properties": {"CWP_NAME": "FAIRFIELD WWTP", "CWP_STREET": "28119 S SR27", "CWP_CITY": "FAIRFIELD", "CWP_STATE": "WA", "CWP_ZIP": "99012", "CWP_COUNTY": "Spokane", "NPDES_ID": "WA0045489", "REGISTRY_ID": "110054805760", "CWP_FACILITY_TYPE_INDICATOR": "POTW", "CWP_MAJOR_MINOR_STATUS": "Minor", "CWP_PERMIT_STATUS_DESC": "Admin Continued", "STATE_WATER_BODY_NAME": "RATTLER'S RUN", "CWP_CSO_FLAG": "N"}}, {"type": "Feature", "geometry": {"type": "Point", "coordinates": [-122.349065163501, 48.4113199866282]}, "properties": {"CWP_NAME": "MT VERNON WWTP", "CWP_STREET": "1401 BRITT RD", "CWP_CITY": "MOUNT VERNON", "CWP_STATE": "WA", "CWP_ZIP": "98273-6511", "CWP_COUNTY": "Skagit", "NPDES_ID": "WA0024074", "REGISTRY_ID": "110000569484", "CWP_FACILITY_TYPE_INDICATOR": "POTW", "CWP_MAJOR_MINOR_STATUS": "Major", "CWP_PERMIT_STATUS_DESC": "Admin Continued", "STATE_WATER_BODY_NAME": null, "CWP_CSO_FLAG": "Y"}}, {"type": "Feature", "geometry": {"type": "Point", "coordinates": [-123.387315920221, 46.2039922534205]}, "properties": {"CWP_NAME": "CATHLAMET STP", "CWP_STREET": "171 E STATE ROUTE 4", "CWP_CITY": "CATHLAMET", "CWP_STATE": "WA", "CWP_ZIP": "98612", "CWP_COUNTY": "Wahkiakum", "NPDES_ID": "WA0022667", "REGISTRY_ID": "110054905607", "CWP_FACILITY_TYPE_INDICATOR": "POTW", "CWP_MAJOR_MINOR_STATUS": "Minor", "CWP_PERMIT_STATUS_DESC": "Effective", "STATE_WATER_BODY_NAME": "COLUMBIA R.", "CWP_CSO_FLAG": "N"}}, {"type": "Feature", "geometry": {"type": "Point", "coordinates": [-124.04895447702, 46.3543957093726]}, "properties": {"CWP_NAME": "LONG BEACH STP", "CWP_STREET": "313 6TH ST NE", "CWP_CITY": "LONG BEACH", "CWP_STATE": "WA", "CWP_ZIP": "98631", "CWP_COUNTY": "Pacific", "NPDES_ID": "WA0022489", "REGISTRY_ID": "110009764807", "CWP_FACILITY_TYPE_INDICATOR": "POTW", "CWP_MAJOR_MINOR_STATUS": "Minor", "CWP_PERMIT_STATUS_DESC": "Admin Continued", "STATE_WATER_BODY_NAME": "TINKER LAKE", "CWP_CSO_FLAG": "N"}}, {"type": "Feature", "geometry": {"type": "Point", "coordinates": [-123.921010585829, 46.2524566645507]}, "properties": {"CWP_NAME": "FORT COLUMBIA STATE PARK STP", "CWP_STREET": "475 SR101 2 MILES S OF CHINOOK", "CWP_CITY": "CHINOOK", "CWP_STATE": "WA", "CWP_ZIP": "98614-0172", "CWP_COUNTY": "Pacific", "NPDES_ID": "WA0038709", "REGISTRY_ID": "110008222823", "CWP_FACILITY_TYPE_INDICATOR": "POTW", "CWP_MAJOR_MINOR_STATUS": "Minor", "CWP_PERMIT_STATUS_DESC": "Admin Continued", "STATE_WATER_BODY_NAME": "COLUMBIA R.", "CWP_CSO_FLAG": "N"}}, {"type": "Feature", "geometry": {"type": "Point", "coordinates": [-117.195211278009, 47.516895256271]}, "properties": {"CWP_NAME": "FREEMAN SCHOOL DISTRICT 358", "CWP_STREET": "15001 S JACKSON RD", "CWP_CITY": "ROCKFORD", "CWP_STATE": "WA", "CWP_ZIP": "99030-9755", "CWP_COUNTY": "Spokane", "NPDES_ID": "WA0045403", "REGISTRY_ID": "110005316167", "CWP_FACILITY_TYPE_INDICATOR": "POTW", "CWP_MAJOR_MINOR_STATUS": "Minor", "CWP_PERMIT_STATUS_DESC": "Effective", "STATE_WATER_BODY_NAME": null, "CWP_CSO_FLAG": "N"}}, {"type": "Feature", "geometry": {"type": "Point", "coordinates": [-119.994544036594, 47.2152461380764]}, "properties": {"CWP_NAME": "CRESCENT BAR WASTEWATER TREATMENT FACILITY", "CWP_STREET": "8894 CRESCENT BAR RD NW STE 1", "CWP_CITY": "QUINCY", "CWP_STATE": "WA", "CWP_ZIP": "98848-9640", "CWP_COUNTY": "Grant", "NPDES_ID": "WA0991013", "REGISTRY_ID": "110015561649", "CWP_FACILITY_TYPE_INDICATOR": "POTW", "CWP_MAJOR_MINOR_STATUS": "Minor", "CWP_PERMIT_STATUS_DESC": "Effective", "STATE_WATER_BODY_NAME": null, "CWP_CSO_FLAG": "N"}}, {"type": "Feature", "geometry": {"type": "Point", "coordinates": [-117.372146487854, 46.8904166643829]}, "properties": {"CWP_NAME": "COLFAX STP", "CWP_STREET": "501 W WALLA WALLA HWY SR 26", "CWP_CITY": "COLFAX", "CWP_STATE": "WA", "CWP_ZIP": "99111-2067", "CWP_COUNTY": "Whitman", "NPDES_ID": "WA0020613", "REGISTRY_ID": "110006685159", "CWP_FACILITY_TYPE_INDICATOR": "POTW", "CWP_MAJOR_MINOR_STATUS": "Minor", "CWP_PERMIT_STATUS_DESC": "Admin Continued", "STATE_WATER_BODY_NAME": "PALOUSE R.", "CWP_CSO_FLAG": "N"}}, {"type": "Feature", "geometry": {"type": "Point", "coordinates": [-123.422410348857, 46.9993077423978]}, "properties": {"CWP_NAME": "ELMA STP", "CWP_STREET": "1715 W MAIN ST", "CWP_CITY": "ELMA", "CWP_STATE": "WA", "CWP_ZIP": "98541-0487", "CWP_COUNTY": "Grays Harbor", "NPDES_ID": "WA0023132", "REGISTRY_ID": "110009764629", "CWP_FACILITY_TYPE_INDICATOR": "POTW", "CWP_MAJOR_MINOR_STATUS": "Minor", "CWP_PERMIT_STATUS_DESC": "Effective", "STATE_WATER_BODY_NAME": "CHEHALIS R.", "CWP_CSO_FLAG": "N"}}, {"type": "Feature", "geometry": {"type": "Point", "coordinates": [-117.384170547562, 47.4341746895301]}, "properties": {"CWP_NAME": "SPANGLE TOWN STP", "CWP_STREET": "N 700 OLD HIGHWAY 195", "CWP_CITY": "SPANGLE", "CWP_STATE": "WA", "CWP_ZIP": "99031", "CWP_COUNTY": "Spokane", "NPDES_ID": "WA0045471", "REGISTRY_ID": "110039943014", "CWP_FACILITY_TYPE_INDICATOR": "POTW", "CWP_MAJOR_MINOR_STATUS": "Minor", "CWP_PERMIT_STATUS_DESC": "Terminated", "STATE_WATER_BODY_NAME": "SPANGLE CREEK", "CWP_CSO_FLAG": "N"}}, {"type": "Feature", "geometry": {"type": "Point", "coordinates": [-122.94498487298, 48.5989715672466]}, "properties": {"CWP_NAME": "EASTSOUND ORCAS VILLAGE WWTP", "CWP_STREET": "ORCAS VILLAGE", "CWP_CITY": "ORCAS", "CWP_STATE": "WA", "CWP_ZIP": "98280", "CWP_COUNTY": "San Juan", "NPDES_ID": "WA0030911", "REGISTRY_ID": "110006684819", "CWP_FACILITY_TYPE_INDICATOR": "POTW", "CWP_MAJOR_MINOR_STATUS": "Minor", "CWP_PERMIT_STATUS_DESC": "Admin Continued", "STATE_WATER_BODY_NAME": "WEST SOUND; HARNEY CHANNEL; & LOPEZ SOUND", "CWP_CSO_FLAG": "N"}}, {"type": "Feature", "geometry": {"type": "Point", "coordinates": [-121.142232412292, 48.7149339586711]}, "properties": {"CWP_NAME": "SEATTLE CITY LIGHT NEWHALEM WWTP", "CWP_STREET": "MILEPOST 120 OFF HWY 20", "CWP_CITY": "NEWHALEM", "CWP_STATE": "WA", "CWP_ZIP": "98283", "CWP_COUNTY": "Skagit", "NPDES_ID": "WA0029670", "REGISTRY_ID": "110055489706", "CWP_FACILITY_TYPE_INDICATOR": "POTW", "CWP_MAJOR_MINOR_STATUS": "Minor", "CWP_PERMIT_STATUS_DESC": "Effective", "STATE_WATER_BODY_NAME": "SKAGIT R.", "CWP_CSO_FLAG": "N"}}, {"type": "Feature", "geometry": {"type": "Point", "coordinates": [-119.594814474268, 48.3528059008016]}, "properties": {"CWP_NAME": "OKANOGAN POTW", "CWP_STREET": "1610 S 1ST AVE", "CWP_CITY": "OKANOGAN", "CWP_STATE": "WA", "CWP_ZIP": "98840-0752", "CWP_COUNTY": "Okanogan", "NPDES_ID": "WA0022365", "REGISTRY_ID": "110040115942", "CWP_FACILITY_TYPE_INDICATOR": "POTW", "CWP_MAJOR_MINOR_STATUS": "Minor", "CWP_PERMIT_STATUS_DESC": "Admin Continued", "STATE_WATER_BODY_NAME": "OKANOGAN R.", "CWP_CSO_FLAG": "N"}}, {"type": "Feature", "geometry": {"type": "Point", "coordinates": [-122.485138901254, 48.391539381942]}, "properties": {"CWP_NAME": "LA CONNER STP", "CWP_STREET": "12154 CHILBERG RD", "CWP_CITY": "LA CONNER", "CWP_STATE": "WA", "CWP_ZIP": "98257-0400", "CWP_COUNTY": "Skagit", "NPDES_ID": "WA0022446", "REGISTRY_ID": "110040405380", "CWP_FACILITY_TYPE_INDICATOR": "POTW", "CWP_MAJOR_MINOR_STATUS": "Minor", "CWP_PERMIT_STATUS_DESC": "Effective", "STATE_WATER_BODY_NAME": "PADILLA BAY; FIDALGO BAY; AND GUEMES CHANNEL", "CWP_CSO_FLAG": "N"}}, {"type": "Feature", "geometry": {"type": "Point", "coordinates": [-122.235332403932, 48.4955559024014]}, "properties": {"CWP_NAME": "SEDRO WOOLLEY WWTP", "CWP_STREET": "401 ALEXANDER ST", "CWP_CITY": "SEDRO-WOOLLEY", "CWP_STATE": "WA", "CWP_ZIP": "98284", "CWP_COUNTY": "Skagit", "NPDES_ID": "WA0023752", "REGISTRY_ID": "110015567457", "CWP_FACILITY_TYPE_INDICATOR": "POTW", "CWP_MAJOR_MINOR_STATUS": "Minor", "CWP_PERMIT_STATUS_DESC": "Effective", "STATE_WATER_BODY_NAME": "SKAGIT RIVER", "CWP_CSO_FLAG": "N"}}, {"type": "Feature", "geometry": {"type": "Point", "coordinates": [-122.95861267454, 46.3963087313293]}, "properties": {"CWP_NAME": "VADER STP", "CWP_STREET": "SOUTH END OF A STREET", "CWP_CITY": "VADER", "CWP_STATE": "WA", "CWP_ZIP": "98593-0178", "CWP_COUNTY": "Lewis", "NPDES_ID": "WA0021083", "REGISTRY_ID": "110015554425", "CWP_FACILITY_TYPE_INDICATOR": "POTW", "CWP_MAJOR_MINOR_STATUS": "Minor", "CWP_PERMIT_STATUS_DESC": "Admin Continued", "STATE_WATER_BODY_NAME": "OLEQUA CREEK", "CWP_CSO_FLAG": "N"}}, {"type": "Feature", "geometry": {"type": "Point", "coordinates": [-120.170847461354, 48.467227487103]}, "properties": {"CWP_NAME": "WINTHROP POTW", "CWP_STREET": "906 MAIN ST", "CWP_CITY": "WINTHROP", "CWP_STATE": "WA", "CWP_ZIP": "98862-0459", "CWP_COUNTY": "Okanogan", "NPDES_ID": "WA0020885", "REGISTRY_ID": "110010135647", "CWP_FACILITY_TYPE_INDICATOR": "POTW", "CWP_MAJOR_MINOR_STATUS": "Minor", "CWP_PERMIT_STATUS_DESC": "Admin Continued", "STATE_WATER_BODY_NAME": "METHOW R.", "CWP_CSO_FLAG": "N"}}, {"type": "Feature", "geometry": {"type": "Point", "coordinates": [-124.115522429843, 46.9063339508693]}, "properties": {"CWP_NAME": "WESTPORT STP", "CWP_STREET": "100 W BAY ST", "CWP_CITY": "WESTPORT", "CWP_STATE": "WA", "CWP_ZIP": "98595", "CWP_COUNTY": "Grays Harbor", "NPDES_ID": "WA0020923", "REGISTRY_ID": "110015434243", "CWP_FACILITY_TYPE_INDICATOR": "POTW", "CWP_MAJOR_MINOR_STATUS": "Minor", "CWP_PERMIT_STATUS_DESC": "Admin Continued", "STATE_WATER_BODY_NAME": "GRAYS HARBOR (OUTER)", "CWP_CSO_FLAG": "N"}}, {"type": "Feature", "geometry": {"type": "Point", "coordinates": [-122.659461423668, 47.1911188383031]}, "properties": {"CWP_NAME": "MCNEIL ISLAND SPECIAL COMMITMENT CENTER WWTP", "CWP_STREET": "1403 COMMERCIAL ST", "CWP_CITY": "STEILACOOM", "CWP_STATE": "WA", "CWP_ZIP": "98388", "CWP_COUNTY": "Pierce", "NPDES_ID": "WA0040002", "REGISTRY_ID": "110055053622", "CWP_FACILITY_TYPE_INDICATOR": "POTW", "CWP_MAJOR_MINOR_STATUS": "Minor", "CWP_PERMIT_STATUS_DESC": "Admin Continued", "STATE_WATER_BODY_NAME": "BALCH AND CORMORANT PASSAGES", "CWP_CSO_FLAG": "N"}}, {"type": "Feature", "geometry": {"type": "Point", "coordinates": [-122.654185477078, 48.7202352914252]}, "properties": {"CWP_NAME": "LUMMI INDIAN BUSINESS COUNCIL - GOOSEBERRY POINT WWTP", "CWP_STREET": "2156 LUMMI VIEW DRIVE", "CWP_CITY": "BELLINGHAM", "CWP_STATE": "WA", "CWP_ZIP": "98226", "CWP_COUNTY": "Whatcom", "NPDES_ID": "WA0025666", "REGISTRY_ID": "110013724942", "CWP_FACILITY_TYPE_INDICATOR": "POTW", "CWP_MAJOR_MINOR_STATUS": "Minor", "CWP_PERMIT_STATUS_DESC": "Admin Continued", "STATE_WATER_BODY_NAME": "HALE PASSAGE", "CWP_CSO_FLAG": "N"}}, {"type": "Feature", "geometry": {"type": "Point", "coordinates": [-124.283452962954, 47.3425618028763]}, "properties": {"CWP_NAME": "QUINAULT INDIAN NATION - TAHOLAH VILLAGE WWTP", "CWP_STREET": "1214 AALIS DRIVE ", "CWP_CITY": "TAHOLAH", "CWP_STATE": "WA", "CWP_ZIP": "98587", "CWP_COUNTY": "Grays Harbor", "NPDES_ID": "WA0023434", "REGISTRY_ID": "110010846852", "CWP_FACILITY_TYPE_INDICATOR": "POTW", "CWP_MAJOR_MINOR_STATUS": "Minor", "CWP_PERMIT_STATUS_DESC": "Effective", "STATE_WATER_BODY_NAME": "QUINAULT RIVER", "CWP_CSO_FLAG": "N"}}, {"type": "Feature", "geometry": {"type": "Point", "coordinates": [-118.633293919879, 46.9701135592685]}, "properties": {"CWP_NAME": "LIND WWTP", "CWP_STREET": "850 W. 1ST STREET", "CWP_CITY": "LIND", "CWP_STATE": "WA", "CWP_ZIP": "99341-0137", "CWP_COUNTY": "Adams", "NPDES_ID": "WA0021237", "REGISTRY_ID": "110015558797", "CWP_FACILITY_TYPE_INDICATOR": "POTW", "CWP_MAJOR_MINOR_STATUS": "Minor", "CWP_PERMIT_STATUS_DESC": "Terminated", "STATE_WATER_BODY_NAME": "LIND COULEE", "CWP_CSO_FLAG": "N"}}, {"type": "Feature", "geometry": {"type": "Point", "coordinates": [-122.128362451533, 48.2011988005732]}, "properties": {"CWP_NAME": "ARLINGTON STP", "CWP_STREET": "108 W HALLER AVE", "CWP_CITY": "ARLINGTON", "CWP_STATE": "WA", "CWP_ZIP": "98223", "CWP_COUNTY": "Snohomish", "NPDES_ID": "WA0022560", "REGISTRY_ID": "110012560157", "CWP_FACILITY_TYPE_INDICATOR": "POTW", "CWP_MAJOR_MINOR_STATUS": "Minor", "CWP_PERMIT_STATUS_DESC": "Effective", "STATE_WATER_BODY_NAME": "STILLAGUAMISH R.", "CWP_CSO_FLAG": "N"}}, {"type": "Feature", "geometry": {"type": "Point", "coordinates": [-122.5755050439, 46.5024746445896]}, "properties": {"CWP_NAME": "LEWIS COUNTY WATER & SEWER DIST 6", "CWP_STREET": "149 LAKESIDE DR W", "CWP_CITY": "MOSSYROCK", "CWP_STATE": "WA", "CWP_ZIP": "98564", "CWP_COUNTY": "Lewis", "NPDES_ID": "WA0037141", "REGISTRY_ID": "110040464949", "CWP_FACILITY_TYPE_INDICATOR": "POTW", "CWP_MAJOR_MINOR_STATUS": "Minor", "CWP_PERMIT_STATUS_DESC": "Admin Continued", "STATE_WATER_BODY_NAME": "COWLITZ R.", "CWP_CSO_FLAG": "N"}}, {"type": "Feature", "geometry": {"type": "Point", "coordinates": [-122.141096752511, 47.7896528217008]}, "properties": {"CWP_NAME": "KING COUNTY BRIGHTWATER WWTP", "CWP_STREET": "22505 STATE ROUTE 9 SE", "CWP_CITY": "WOODINVILLE", "CWP_STATE": "WA", "CWP_ZIP": "98072", "CWP_COUNTY": "Snohomish", "NPDES_ID": "WA0032247", "REGISTRY_ID": "110039938985", "CWP_FACILITY_TYPE_INDICATOR": "POTW", "CWP_MAJOR_MINOR_STATUS": "Major", "CWP_PERMIT_STATUS_DESC": "Effective", "STATE_WATER_BODY_NAME": null, "CWP_CSO_FLAG": "N"}}, {"type": "Feature", "geometry": {"type": "Point", "coordinates": [-124.2528330665, 48.257247012266]}, "properties": {"CWP_NAME": "CLALLAM BAY STP", "CWP_STREET": "410 FRONTIER ST E", "CWP_CITY": "CLALLAM BAY", "CWP_STATE": "WA", "CWP_ZIP": "98326-0243", "CWP_COUNTY": null, "NPDES_ID": "WA0024431", "REGISTRY_ID": "110039933542", "CWP_FACILITY_TYPE_INDICATOR": "POTW", "CWP_MAJOR_MINOR_STATUS": "Minor", "CWP_PERMIT_STATUS_DESC": "Effective", "STATE_WATER_BODY_NAME": null, "CWP_CSO_FLAG": "N"}}, {"type": "Feature", "geometry": {"type": "Point", "coordinates": [-119.275631051725, 46.2557225882374]}, "properties": {"CWP_NAME": "RICHLAND POTW", "CWP_STREET": "555 LACY RD", "CWP_CITY": "RICHLAND", "CWP_STATE": "WA", "CWP_ZIP": "99352", "CWP_COUNTY": "Benton", "NPDES_ID": "WA0020419", "REGISTRY_ID": "110000530373", "CWP_FACILITY_TYPE_INDICATOR": "POTW", "CWP_MAJOR_MINOR_STATUS": "Major", "CWP_PERMIT_STATUS_DESC": "Admin Continued", "STATE_WATER_BODY_NAME": null, "CWP_CSO_FLAG": "N"}}, {"type": "Feature", "geometry": {"type": "Point", "coordinates": [-117.042204351142, 48.1899560321145]}, "properties": {"CWP_NAME": "NEWPORT WWTP", "CWP_STREET": "801 N UNION AVE", "CWP_CITY": "NEWPORT", "CWP_STATE": "WA", "CWP_ZIP": "99156", "CWP_COUNTY": "Pend Oreille", "NPDES_ID": "WA0022322", "REGISTRY_ID": "110006685042", "CWP_FACILITY_TYPE_INDICATOR": "POTW", "CWP_MAJOR_MINOR_STATUS": "Minor", "CWP_PERMIT_STATUS_DESC": "Admin Continued", "STATE_WATER_BODY_NAME": "PEND OREILLE R.", "CWP_CSO_FLAG": "N"}}, {"type": "Feature", "geometry": {"type": "Point", "coordinates": [-122.902094040397, 47.1360695080169]}, "properties": {"CWP_NAME": "BOSTON HARBOR STP", "CWP_STREET": "7110 BOSTON HARBOR RD NE", "CWP_CITY": "OLYMPIA", "CWP_STATE": "WA", "CWP_ZIP": "98506", "CWP_COUNTY": "Thurston", "NPDES_ID": "WA0040291", "REGISTRY_ID": "110039939369", "CWP_FACILITY_TYPE_INDICATOR": "POTW", "CWP_MAJOR_MINOR_STATUS": "Minor", "CWP_PERMIT_STATUS_DESC": "Admin Continued", "STATE_WATER_BODY_NAME": "BUDD INLET (INNER)", "CWP_CSO_FLAG": "N"}}, {"type": "Feature", "geometry": {"type": "Point", "coordinates": [-120.652406408893, 47.5978428697602]}, "properties": {"CWP_NAME": "LEAVENWORTH POTW", "CWP_STREET": "1402 COMMERCIAL ST", "CWP_CITY": "LEAVENWORTH", "CWP_STATE": "WA", "CWP_ZIP": "98826", "CWP_COUNTY": "Chelan", "NPDES_ID": "WA0020974", "REGISTRY_ID": "110039923624", "CWP_FACILITY_TYPE_INDICATOR": "POTW", "CWP_MAJOR_MINOR_STATUS": "Minor", "CWP_PERMIT_STATUS_DESC": "Admin Continued", "STATE_WATER_BODY_NAME": "WENATCHEE R.", "CWP_CSO_FLAG": "N"}}, {"type": "Feature", "geometry": {"type": "Point", "coordinates": [-122.924348701771, 47.2835646240405]}, "properties": {"CWP_NAME": "RUSTLEWOOD STP", "CWP_STREET": "110 E RUSTLE WAY", "CWP_CITY": "SHELTON", "CWP_STATE": "WA", "CWP_ZIP": "98584-0578", "CWP_COUNTY": "Mason", "NPDES_ID": "WA0038075", "REGISTRY_ID": "110015560935", "CWP_FACILITY_TYPE_INDICATOR": "POTW", "CWP_MAJOR_MINOR_STATUS": "Minor", "CWP_PERMIT_STATUS_DESC": "Admin Continued", "STATE_WATER_BODY_NAME": "ELOCHOMAN R.", "CWP_CSO_FLAG": "N"}}, {"type": "Feature", "geometry": {"type": "Point", "coordinates": [-120.422015085737, 46.4343314368926]}, "properties": {"CWP_NAME": "WAPATO, CITY OF - WAPATO WWTP", "CWP_STREET": "68172 HIGHWAY 97 (YAKAMA RESERVATION)", "CWP_CITY": "WAPATO", "CWP_STATE": "WA", "CWP_ZIP": "98951", "CWP_COUNTY": "Yakima", "NPDES_ID": "WA0050229", "REGISTRY_ID": "110009763461", "CWP_FACILITY_TYPE_INDICATOR": "POTW", "CWP_MAJOR_MINOR_STATUS": "Minor", "CWP_PERMIT_STATUS_DESC": "Admin Continued", "STATE_WATER_BODY_NAME": "YAKIMA RIVER VIA DRAINAGE DITCH #2", "CWP_CSO_FLAG": "N"}}, {"type": "Feature", "geometry": {"type": "Point", "coordinates": [-123.020754890243, 46.1778606899412]}, "properties": {"CWP_NAME": "LONGVIEW STP", "CWP_STREET": "OCEAN BCH HWY AT COAL CRK RD", "CWP_CITY": "LONGVIEW", "CWP_STATE": "WA", "CWP_ZIP": "98632", "CWP_COUNTY": "Cowlitz", "NPDES_ID": "WA0037311", "REGISTRY_ID": "110006684739", "CWP_FACILITY_TYPE_INDICATOR": "POTW", "CWP_MAJOR_MINOR_STATUS": "Minor", "CWP_PERMIT_STATUS_DESC": "Terminated", "STATE_WATER_BODY_NAME": "COAL CR.", "CWP_CSO_FLAG": "N"}}, {"type": "Feature", "geometry": {"type": "Point", "coordinates": [-122.652605256992, 48.2863078866753]}, "properties": {"CWP_NAME": "OAK HARBOR STP", "CWP_STREET": "1501 SE CITY BEACH ST PLANT", "CWP_CITY": "OAK HARBOR", "CWP_STATE": "WA", "CWP_ZIP": "98277", "CWP_COUNTY": null, "NPDES_ID": "WA0020567", "REGISTRY_ID": "110064388844", "CWP_FACILITY_TYPE_INDICATOR": "POTW", "CWP_MAJOR_MINOR_STATUS": "Minor", "CWP_PERMIT_STATUS_DESC": "Effective", "STATE_WATER_BODY_NAME": "SARATOGA PASSAGE", "CWP_CSO_FLAG": "N"}}, {"type": "Feature", "geometry": {"type": "Point", "coordinates": [-118.994558171585, 47.9465291132925]}, "properties": {"CWP_NAME": "GRAND COULEE WWTP", "CWP_STREET": "306 MIDWAY", "CWP_CITY": "GRAND COULEE", "CWP_STATE": "WA", "CWP_ZIP": "99133", "CWP_COUNTY": "Grant", "NPDES_ID": "WA0044857", "REGISTRY_ID": "110013039014", "CWP_FACILITY_TYPE_INDICATOR": "POTW", "CWP_MAJOR_MINOR_STATUS": "Minor", "CWP_PERMIT_STATUS_DESC": "Admin Continued", "STATE_WATER_BODY_NAME": "COLUMBIA R.", "CWP_CSO_FLAG": "N"}}, {"type": "Feature", "geometry": {"type": "Point", "coordinates": [-119.226029059552, 46.8252066257061]}, "properties": {"CWP_NAME": "OTHELLO STP", "CWP_STREET": "2302 CUNNINGHAM ROAD", "CWP_CITY": "OTHELLO", "CWP_STATE": "WA", "CWP_ZIP": "99344-1050", "CWP_COUNTY": "Adams", "NPDES_ID": "WA0022357", "REGISTRY_ID": "110015464433", "CWP_FACILITY_TYPE_INDICATOR": "POTW", "CWP_MAJOR_MINOR_STATUS": "Minor", "CWP_PERMIT_STATUS_DESC": "Effective", "STATE_WATER_BODY_NAME": null, "CWP_CSO_FLAG": "N"}}, {"type": "Feature", "geometry": {"type": "Point", "coordinates": [-123.023859010426, 48.5377169322017]}, "properties": {"CWP_NAME": "FRIDAY HARBOR STP", "CWP_STREET": "375 TUCKER AVE", "CWP_CITY": "FRIDAY HARBOR", "CWP_STATE": "WA", "CWP_ZIP": "98250", "CWP_COUNTY": "San Juan", "NPDES_ID": "WA0023582", "REGISTRY_ID": "110006685024", "CWP_FACILITY_TYPE_INDICATOR": "POTW", "CWP_MAJOR_MINOR_STATUS": "Minor", "CWP_PERMIT_STATUS_DESC": "Admin Continued", "STATE_WATER_BODY_NAME": "NONE", "CWP_CSO_FLAG": "N"}}, {"type": "Feature", "geometry": {"type": "Point", "coordinates": [-117.228721733135, 47.121970538887]}, "properties": {"CWP_NAME": "OAKESDALE STP", "CWP_STREET": "N OF HWY 27 E OF RAILROAD TRACKS", "CWP_CITY": "OAKESDALE", "CWP_STATE": "WA", "CWP_ZIP": "99158-0246", "CWP_COUNTY": "Whitman", "NPDES_ID": "WA0044792", "REGISTRY_ID": "110009763540", "CWP_FACILITY_TYPE_INDICATOR": "POTW", "CWP_MAJOR_MINOR_STATUS": "Minor", "CWP_PERMIT_STATUS_DESC": "Admin Continued", "STATE_WATER_BODY_NAME": "MCCOY CREEK", "CWP_CSO_FLAG": "N"}}, {"type": "Feature", "geometry": {"type": "Point", "coordinates": [-122.914652516134, 48.5287821796234]}, "properties": {"CWP_NAME": "FISHERMAN BAY STP", "CWP_STREET": "620 LOPEZ RD", "CWP_CITY": "LOPEZ ISLAND", "CWP_STATE": "WA", "CWP_ZIP": "98261-0086", "CWP_COUNTY": "San Juan", "NPDES_ID": "WA0030589", "REGISTRY_ID": "110010135889", "CWP_FACILITY_TYPE_INDICATOR": "POTW", "CWP_MAJOR_MINOR_STATUS": "Minor", "CWP_PERMIT_STATUS_DESC": "Admin Continued", "STATE_WATER_BODY_NAME": null, "CWP_CSO_FLAG": "N"}}, {"type": "Feature", "geometry": {"type": "Point", "coordinates": [-117.147246813199, 47.4565453518528]}, "properties": {"CWP_NAME": "ROCKFORD WWTP", "CWP_STREET": "20 W EMMA ST", "CWP_CITY": "ROCKFORD", "CWP_STATE": "WA", "CWP_ZIP": "99030", "CWP_COUNTY": "Spokane", "NPDES_ID": "WA0044831", "REGISTRY_ID": "110056445486", "CWP_FACILITY_TYPE_INDICATOR": "POTW", "CWP_MAJOR_MINOR_STATUS": "Minor", "CWP_PERMIT_STATUS_DESC": "Admin Continued", "STATE_WATER_BODY_NAME": "ROCK CREEK", "CWP_CSO_FLAG": "N"}}, {"type": "Feature", "geometry": {"type": "Point", "coordinates": [-117.364017978569, 48.8631696398472]}, "properties": {"CWP_NAME": "METALINE FALLS STP", "CWP_STREET": "0.5 MILES N OF TOWN W OF STATE HWY 31", "CWP_CITY": "METALINE FALLS", "CWP_STATE": "WA", "CWP_ZIP": "99153-0277", "CWP_COUNTY": "Pend Oreille", "NPDES_ID": "WA0991009", "REGISTRY_ID": "110015531682", "CWP_FACILITY_TYPE_INDICATOR": "POTW", "CWP_MAJOR_MINOR_STATUS": "Minor", "CWP_PERMIT_STATUS_DESC": "Effective", "STATE_WATER_BODY_NAME": "SULLIVAN CREEK", "CWP_CSO_FLAG": "N"}}, {"type": "Feature", "geometry": {"type": "Point", "coordinates": [-122.033931574159, 47.1685405254926]}, "properties": {"CWP_NAME": "BUCKLEY STP", "CWP_STREET": "600 HATCH AVE", "CWP_CITY": "BUCKLEY", "CWP_STATE": "WA", "CWP_ZIP": "98321-0040", "CWP_COUNTY": "Pierce", "NPDES_ID": "WA0023361", "REGISTRY_ID": "110039931973", "CWP_FACILITY_TYPE_INDICATOR": "POTW", "CWP_MAJOR_MINOR_STATUS": "Minor", "CWP_PERMIT_STATUS_DESC": "Terminated", "STATE_WATER_BODY_NAME": "WHITE RIVER", "CWP_CSO_FLAG": "N"}}, {"type": "Feature", "geometry": {"type": "Point", "coordinates": [-119.988954530235, 46.2281358092215]}, "properties": {"CWP_NAME": "MABTON POTW", "CWP_STREET": "900 VANCE RD", "CWP_CITY": "MABTON", "CWP_STATE": "WA", "CWP_ZIP": "98935-9767", "CWP_COUNTY": "Yakima", "NPDES_ID": "WA0020648", "REGISTRY_ID": "110006685168", "CWP_FACILITY_TYPE_INDICATOR": "POTW", "CWP_MAJOR_MINOR_STATUS": "Minor", "CWP_PERMIT_STATUS_DESC": "Effective", "STATE_WATER_BODY_NAME": "YAKIMA R.", "CWP_CSO_FLAG": "N"}}, {"type": "Feature", "geometry": {"type": "Point", "coordinates": [-122.928618416216, 46.100396691608]}, "properties": {"CWP_NAME": "THREE RIVERS REGIONAL WASTEWATER PLANT", "CWP_STREET": "467 FIBRE WAY", "CWP_CITY": "LONGVIEW", "CWP_STATE": "WA", "CWP_ZIP": "98632", "CWP_COUNTY": "Cowlitz", "NPDES_ID": "WA0037788", "REGISTRY_ID": "110061141152", "CWP_FACILITY_TYPE_INDICATOR": "POTW", "CWP_MAJOR_MINOR_STATUS": "Major", "CWP_PERMIT_STATUS_DESC": "Effective", "STATE_WATER_BODY_NAME": "COLUMBIA R.", "CWP_CSO_FLAG": "N"}}, {"type": "Feature", "geometry": {"type": "Point", "coordinates": [-124.156616063473, 46.9319322503659]}, "properties": {"CWP_NAME": "OCEAN SHORES STP", "CWP_STREET": "1440 OCEAN SHORES BLVD SW", "CWP_CITY": "OCEAN SHORES", "CWP_STATE": "WA", "CWP_ZIP": "98569-9668", "CWP_COUNTY": "Grays Harbor", "NPDES_ID": "WA0023817", "REGISTRY_ID": "110015556897", "CWP_FACILITY_TYPE_INDICATOR": "POTW", "CWP_MAJOR_MINOR_STATUS": "Minor", "CWP_PERMIT_STATUS_DESC": "Admin Continued", "STATE_WATER_BODY_NAME": "GRAYS HARBOR (INNER)", "CWP_CSO_FLAG": "N"}}, {"type": "Feature", "geometry": {"type": "Point", "coordinates": [-118.170364963506, 46.2714509456385]}, "properties": {"CWP_NAME": "WAITSBURG STP", "CWP_STREET": "2ND ST/HWY 124", "CWP_CITY": "WAITSBURG", "CWP_STATE": "WA", "CWP_ZIP": "99361-0035", "CWP_COUNTY": "Walla Walla", "NPDES_ID": "WA0045551", "REGISTRY_ID": "110015558591", "CWP_FACILITY_TYPE_INDICATOR": "POTW", "CWP_MAJOR_MINOR_STATUS": "Minor", "CWP_PERMIT_STATUS_DESC": "Admin Continued", "STATE_WATER_BODY_NAME": "TOUCHET R.", "CWP_CSO_FLAG": "N"}}, {"type": "Feature", "geometry": {"type": "Point", "coordinates": [-122.54535281334, 47.5588669431007]}, "properties": {"CWP_NAME": "KITSAP COUNTY MANCHESTER WWTP", "CWP_STREET": "8020 E CARAWAY RD", "CWP_CITY": "MANCHESTER", "CWP_STATE": "WA", "CWP_ZIP": "98353", "CWP_COUNTY": "Kitsap", "NPDES_ID": "WA0023701", "REGISTRY_ID": "110006685033", "CWP_FACILITY_TYPE_INDICATOR": "POTW", "CWP_MAJOR_MINOR_STATUS": "Minor", "CWP_PERMIT_STATUS_DESC": "Effective", "STATE_WATER_BODY_NAME": null, "CWP_CSO_FLAG": "N"}}, {"type": "Feature", "geometry": {"type": "Point", "coordinates": [-122.485138901254, 48.391539381942]}, "properties": {"CWP_NAME": "SKAGIT CO SEWER DIST 1", "CWP_STREET": "PO BOX 502", "CWP_CITY": "LA CONNER", "CWP_STATE": "WA", "CWP_ZIP": "98257", "CWP_COUNTY": "Skagit", "NPDES_ID": "WA0029432", "REGISTRY_ID": "110040405380", "CWP_FACILITY_TYPE_INDICATOR": "POTW", "CWP_MAJOR_MINOR_STATUS": "Minor", "CWP_PERMIT_STATUS_DESC": "Terminated", "STATE_WATER_BODY_NAME": "SKAGIT BAY", "CWP_CSO_FLAG": "N"}}, {"type": "Feature", "geometry": {"type": "Point", "coordinates": [-122.504074587477, 46.5338627919502]}, "properties": {"CWP_NAME": "MOSSYROCK STP", "CWP_STREET": "3963 ST HWY 12", "CWP_CITY": "MOSSYROCK", "CWP_STATE": "WA", "CWP_ZIP": "98564-0096", "CWP_COUNTY": "Lewis", "NPDES_ID": "WA0021024", "REGISTRY_ID": "110015541546", "CWP_FACILITY_TYPE_INDICATOR": "POTW", "CWP_MAJOR_MINOR_STATUS": "Minor", "CWP_PERMIT_STATUS_DESC": "Admin Continued", "STATE_WATER_BODY_NAME": "MAYFIELD LAKE", "CWP_CSO_FLAG": "N"}}, {"type": "Feature", "geometry": {"type": "Point", "coordinates": [-122.350515901491, 48.9198830312034]}, "properties": {"CWP_NAME": "EVERSON STP", "CWP_STREET": "101 PARK DRIVE", "CWP_CITY": "EVERSON", "CWP_STATE": "WA", "CWP_ZIP": "98247", "CWP_COUNTY": "Whatcom", "NPDES_ID": "WA0020435", "REGISTRY_ID": "110039923376", "CWP_FACILITY_TYPE_INDICATOR": "POTW", "CWP_MAJOR_MINOR_STATUS": "Minor", "CWP_PERMIT_STATUS_DESC": "Admin Continued", "STATE_WATER_BODY_NAME": "NOOKSACK R.", "CWP_CSO_FLAG": "N"}}, {"type": "Feature", "geometry": {"type": "Point", "coordinates": [-120.848411483919, 45.8063122854023]}, "properties": {"CWP_NAME": "GOLDENDALE POTW", "CWP_STREET": "115 WING RD", "CWP_CITY": "GOLDENDALE", "CWP_STATE": "WA", "CWP_ZIP": "98620", "CWP_COUNTY": "Klickitat", "NPDES_ID": "WA0021121", "REGISTRY_ID": "110010135594", "CWP_FACILITY_TYPE_INDICATOR": "POTW", "CWP_MAJOR_MINOR_STATUS": "Minor", "CWP_PERMIT_STATUS_DESC": "Admin Continued", "STATE_WATER_BODY_NAME": "KLICKITAT R.", "CWP_CSO_FLAG": "N"}}, {"type": "Feature", "geometry": {"type": "Point", "coordinates": [-122.382074582799, 47.5932759236062]}, "properties": {"CWP_NAME": "SEATTLE CSO", "CWP_STREET": "UNSPECIFIED", "CWP_CITY": "SEATTLE", "CWP_STATE": "WA", "CWP_ZIP": "98104-2311", "CWP_COUNTY": "King", "NPDES_ID": "WA0031682", "REGISTRY_ID": "110039705334", "CWP_FACILITY_TYPE_INDICATOR": "POTW", "CWP_MAJOR_MINOR_STATUS": "Minor", "CWP_PERMIT_STATUS_DESC": "Admin Continued", "STATE_WATER_BODY_NAME": null, "CWP_CSO_FLAG": "Y"}}, {"type": "Feature", "geometry": {"type": "Point", "coordinates": [-122.319164366684, 47.8786946824715]}, "properties": {"CWP_NAME": "ALDERWOOD STP", "CWP_STREET": "6315 PICNIC PT RD", "CWP_CITY": "EDMONDS", "CWP_STATE": "WA", "CWP_ZIP": "98026-3331", "CWP_COUNTY": "Snohomish", "NPDES_ID": "WA0020826", "REGISTRY_ID": "110039931394", "CWP_FACILITY_TYPE_INDICATOR": "POTW", "CWP_MAJOR_MINOR_STATUS": "Minor", "CWP_PERMIT_STATUS_DESC": "Effective", "STATE_WATER_BODY_NAME": "PUGET SOUND (CENTRAL)", "CWP_CSO_FLAG": "N"}}, {"type": "Feature", "geometry": {"type": "Point", "coordinates": [-122.360899300481, 48.2378497471318]}, "properties": {"CWP_NAME": "STANWOOD STP", "CWP_STREET": "26729 98TH AVE NW", "CWP_CITY": "STANWOOD", "CWP_STATE": "WA", "CWP_ZIP": "98292-9308", "CWP_COUNTY": "Snohomish", "NPDES_ID": "WA0020290", "REGISTRY_ID": "110012854820", "CWP_FACILITY_TYPE_INDICATOR": "POTW", "CWP_MAJOR_MINOR_STATUS": "Minor", "CWP_PERMIT_STATUS_DESC": "Admin Continued", "STATE_WATER_BODY_NAME": "STILLAGUAMISH R.", "CWP_CSO_FLAG": "N"}}, {"type": "Feature", "geometry": {"type": "Point", "coordinates": [-119.784805218458, 48.0892442502514]}, "properties": {"CWP_NAME": "BREWSTER POTW", "CWP_STREET": "603 ANSEL AVE", "CWP_CITY": "BREWSTER", "CWP_STATE": "WA", "CWP_ZIP": "98812-0340", "CWP_COUNTY": "Okanogan", "NPDES_ID": "WA0021008", "REGISTRY_ID": "110039921733", "CWP_FACILITY_TYPE_INDICATOR": "POTW", "CWP_MAJOR_MINOR_STATUS": "Minor", "CWP_PERMIT_STATUS_DESC": "Admin Continued", "STATE_WATER_BODY_NAME": "COLUMBIA R.", "CWP_CSO_FLAG": "N"}}, {"type": "Feature", "geometry": {"type": "Point", "coordinates": [-118.419940315481, 46.0314128559393]}, "properties": {"CWP_NAME": "COLLEGE PLACE STP", "CWP_STREET": "430 OWENS RD", "CWP_CITY": "COLLEGE PLACE", "CWP_STATE": "WA", "CWP_ZIP": "99362", "CWP_COUNTY": "Walla Walla", "NPDES_ID": "WA0020656", "REGISTRY_ID": "110005401029", "CWP_FACILITY_TYPE_INDICATOR": "POTW", "CWP_MAJOR_MINOR_STATUS": "Minor", "CWP_PERMIT_STATUS_DESC": "Admin Continued", "STATE_WATER_BODY_NAME": "GARRISON CREEK", "CWP_CSO_FLAG": "N"}}, {"type": "Feature", "geometry": {"type": "Point", "coordinates": [-122.134590204674, 47.9870989879579]}, "properties": {"CWP_NAME": "LAKE STEVENS SEWER DISTRICT WWTP", "CWP_STREET": "7110 9TH ST SE", "CWP_CITY": "LAKE STEVENS", "CWP_STATE": "WA", "CWP_ZIP": "98258", "CWP_COUNTY": "Snohomish", "NPDES_ID": "WA0020893", "REGISTRY_ID": "110061115859", "CWP_FACILITY_TYPE_INDICATOR": "POTW", "CWP_MAJOR_MINOR_STATUS": "Minor", "CWP_PERMIT_STATUS_DESC": "Admin Continued", "STATE_WATER_BODY_NAME": null, "CWP_CSO_FLAG": "N"}}, {"type": "Feature", "geometry": {"type": "Point", "coordinates": [-122.852021419975, 46.4332852698749]}, "properties": {"CWP_NAME": "TOLEDO STP", "CWP_STREET": "801 S 1ST ST", "CWP_CITY": "TOLEDO", "CWP_STATE": "WA", "CWP_ZIP": "98591-0236", "CWP_COUNTY": "Lewis", "NPDES_ID": "WA0036986", "REGISTRY_ID": "110006684793", "CWP_FACILITY_TYPE_INDICATOR": "POTW", "CWP_MAJOR_MINOR_STATUS": "Minor", "CWP_PERMIT_STATUS_DESC": "Admin Continued", "STATE_WATER_BODY_NAME": "COWLITZ R.", "CWP_CSO_FLAG": "N"}}, {"type": "Feature", "geometry": {"type": "Point", "coordinates": [-122.058775328819, 47.0783627983272]}, "properties": {"CWP_NAME": "CARBONADO STP", "CWP_STREET": "TUBBS RD", "CWP_CITY": "CARBONADO", "CWP_STATE": "WA", "CWP_ZIP": "98323-0091", "CWP_COUNTY": "Pierce", "NPDES_ID": "WA0020834", "REGISTRY_ID": "110039931991", "CWP_FACILITY_TYPE_INDICATOR": "POTW", "CWP_MAJOR_MINOR_STATUS": "Minor", "CWP_PERMIT_STATUS_DESC": "Effective", "STATE_WATER_BODY_NAME": "PUYALLUP R.", "CWP_CSO_FLAG": "N"}}, {"type": "Feature", "geometry": {"type": "Point", "coordinates": [-118.002546952072, 46.3155141488386]}, "properties": {"CWP_NAME": "DAYTON STP", "CWP_STREET": "800 STOCKTON ROAD", "CWP_CITY": "DAYTON", "CWP_STATE": "WA", "CWP_ZIP": "99328", "CWP_COUNTY": "Columbia", "NPDES_ID": "WA0020729", "REGISTRY_ID": "110015540413", "CWP_FACILITY_TYPE_INDICATOR": "POTW", "CWP_MAJOR_MINOR_STATUS": "Minor", "CWP_PERMIT_STATUS_DESC": "Admin Continued", "STATE_WATER_BODY_NAME": "TOUCHET R.", "CWP_CSO_FLAG": "N"}}, {"type": "Feature", "geometry": {"type": "Point", "coordinates": [-118.37518914999, 46.0642003459551]}, "properties": {"CWP_NAME": "WALLA WALLA WATER RECLAMATION FACILITY", "CWP_STREET": "572 HATCH ST", "CWP_CITY": "WALLA WALLA", "CWP_STATE": "WA", "CWP_ZIP": "99362-5501", "CWP_COUNTY": "Walla Walla", "NPDES_ID": "WA0024627", "REGISTRY_ID": "110000540335", "CWP_FACILITY_TYPE_INDICATOR": "POTW", "CWP_MAJOR_MINOR_STATUS": "Major", "CWP_PERMIT_STATUS_DESC": "Admin Continued", "STATE_WATER_BODY_NAME": "MILL CR.", "CWP_CSO_FLAG": "N"}}, {"type": "Feature", "geometry": {"type": "Point", "coordinates": [-122.946194852813, 46.4819754574157]}, "properties": {"CWP_NAME": "WINLOCK STP", "CWP_STREET": "1209 SW MAYER ST", "CWP_CITY": "WINLOCK", "CWP_STATE": "WA", "CWP_ZIP": "98596-0777", "CWP_COUNTY": "Lewis", "NPDES_ID": "WA0021199", "REGISTRY_ID": "110037057387", "CWP_FACILITY_TYPE_INDICATOR": "POTW", "CWP_MAJOR_MINOR_STATUS": "Minor", "CWP_PERMIT_STATUS_DESC": "Admin Continued", "STATE_WATER_BODY_NAME": "OLEQUA CREEK", "CWP_CSO_FLAG": "N"}}, {"type": "Feature", "geometry": {"type": "Point", "coordinates": [-120.01224788817, 46.2916720141673]}, "properties": {"CWP_NAME": "PORT OF SUNNYSIDE IWWTF", "CWP_STREET": "747 MIDVALE RD", "CWP_CITY": "SUNNYSIDE", "CWP_STATE": "WA", "CWP_ZIP": "98944", "CWP_COUNTY": "Yakima", "NPDES_ID": "WA0052426", "REGISTRY_ID": "110015474789", "CWP_FACILITY_TYPE_INDICATOR": "POTW", "CWP_MAJOR_MINOR_STATUS": "Minor", "CWP_PERMIT_STATUS_DESC": "Admin Continued", "STATE_WATER_BODY_NAME": null, "CWP_CSO_FLAG": "N"}}, {"type": "Feature", "geometry": {"type": "Point", "coordinates": [-119.980480575137, 47.8092241054037]}, "properties": {"CWP_NAME": "CHELAN POTW", "CWP_STREET": "20 CHELAN FALLS HWY", "CWP_CITY": "CHELAN", "CWP_STATE": "WA", "CWP_ZIP": "98816", "CWP_COUNTY": "Chelan", "NPDES_ID": "WA0020605", "REGISTRY_ID": "110039921804", "CWP_FACILITY_TYPE_INDICATOR": "POTW", "CWP_MAJOR_MINOR_STATUS": "Minor", "CWP_PERMIT_STATUS_DESC": "Admin Continued", "STATE_WATER_BODY_NAME": null, "CWP_CSO_FLAG": "N"}}, {"type": "Feature", "geometry": {"type": "Point", "coordinates": [-117.1093026609, 47.6769179433958]}, "properties": {"CWP_NAME": "LIBERTY LAKE SEWER & WATER DIST", "CWP_STREET": "N 2218 HARVARD RD", "CWP_CITY": "LIBERTY LAKE", "CWP_STATE": "WA", "CWP_ZIP": "99109-0184", "CWP_COUNTY": "Spokane", "NPDES_ID": "WA0045144", "REGISTRY_ID": "110005310733", "CWP_FACILITY_TYPE_INDICATOR": "POTW", "CWP_MAJOR_MINOR_STATUS": "Major", "CWP_PERMIT_STATUS_DESC": "Effective", "STATE_WATER_BODY_NAME": "SPOKANE R.", "CWP_CSO_FLAG": "N"}}, {"type": "Feature", "geometry": {"type": "Point", "coordinates": [-120.017516122402, 46.3138951621392]}, "properties": {"CWP_NAME": "SUNNYSIDE POTW", "CWP_STREET": "1338 S 4TH ST", "CWP_CITY": "SUNNYSIDE", "CWP_STATE": "WA", "CWP_ZIP": "98944", "CWP_COUNTY": "Yakima", "NPDES_ID": "WA0020991", "REGISTRY_ID": "110009764950", "CWP_FACILITY_TYPE_INDICATOR": "POTW", "CWP_MAJOR_MINOR_STATUS": "Major", "CWP_PERMIT_STATUS_DESC": "Admin Continued", "STATE_WATER_BODY_NAME": "SULPHUR CREEK WASTEWAY", "CWP_CSO_FLAG": "N"}}, {"type": "Feature", "geometry": {"type": "Point", "coordinates": [-122.489311486371, 47.2856906688186]}, "properties": {"CWP_NAME": "TACOMA NORTH NO 3", "CWP_STREET": "4002 N WATERVIEW ST", "CWP_CITY": "TACOMA", "CWP_STATE": "WA", "CWP_ZIP": "98407", "CWP_COUNTY": "Pierce", "NPDES_ID": "WA0037214", "REGISTRY_ID": "110015461490", "CWP_FACILITY_TYPE_INDICATOR": "POTW", "CWP_MAJOR_MINOR_STATUS": "Major", "CWP_PERMIT_STATUS_DESC": "Admin Continued", "STATE_WATER_BODY_NAME": "COMMENCEMENT BAY (INNER)", "CWP_CSO_FLAG": "N"}}, {"type": "Feature", "geometry": {"type": "Point", "coordinates": [-122.102470709712, 47.1372135322247]}, "properties": {"CWP_NAME": "SOUTH PRAIRIE STP", "CWP_STREET": "306 S PRAIRIE CARBON RVR RD", "CWP_CITY": "SOUTH PRAIRIE", "CWP_STATE": "WA", "CWP_ZIP": "98385-0906", "CWP_COUNTY": "Pierce", "NPDES_ID": "WA0040479", "REGISTRY_ID": "110009748862", "CWP_FACILITY_TYPE_INDICATOR": "POTW", "CWP_MAJOR_MINOR_STATUS": "Minor", "CWP_PERMIT_STATUS_DESC": "Admin Continued", "STATE_WATER_BODY_NAME": "PUYALLUP R.", "CWP_CSO_FLAG": "N"}}, {"type": "Feature", "geometry": {"type": "Point", "coordinates": [-119.687800711254, 48.0191510963738]}, "properties": {"CWP_NAME": "BRIDGEPORT POTW", "CWP_STREET": "FIRST ST AND FAIRVIEW AVE", "CWP_CITY": "BRIDGEPORT", "CWP_STATE": "WA", "CWP_ZIP": "98813-0640", "CWP_COUNTY": "Douglas", "NPDES_ID": "WA0024066", "REGISTRY_ID": "110039921742", "CWP_FACILITY_TYPE_INDICATOR": "POTW", "CWP_MAJOR_MINOR_STATUS": "Minor", "CWP_PERMIT_STATUS_DESC": "Admin Continued", "STATE_WATER_BODY_NAME": null, "CWP_CSO_FLAG": "N"}}, {"type": "Feature", "geometry": {"type": "Point", "coordinates": [-122.427332988882, 47.6634922896928]}, "properties": {"CWP_NAME": "KING COUNTY WEST POINT WWTP", "CWP_STREET": "1400 DISCOVERY PARK BLVD", "CWP_CITY": "SEATTLE", "CWP_STATE": "WA", "CWP_ZIP": "98199", "CWP_COUNTY": "King", "NPDES_ID": "WA0029181", "REGISTRY_ID": "110000563523", "CWP_FACILITY_TYPE_INDICATOR": "POTW", "CWP_MAJOR_MINOR_STATUS": "Major", "CWP_PERMIT_STATUS_DESC": "Admin Continued", "STATE_WATER_BODY_NAME": "PUGET SOUND (CENTRAL)", "CWP_CSO_FLAG": "Y"}}, {"type": "Feature", "geometry": {"type": "Point", "coordinates": [-122.563615293013, 47.3229055082892]}, "properties": {"CWP_NAME": "GIG HARBOR STP", "CWP_STREET": "4216 HARBORVIEW DR", "CWP_CITY": "GIG HARBOR", "CWP_STATE": "WA", "CWP_ZIP": "98332-1087", "CWP_COUNTY": "Pierce", "NPDES_ID": "WA0023957", "REGISTRY_ID": "110043579703", "CWP_FACILITY_TYPE_INDICATOR": "POTW", "CWP_MAJOR_MINOR_STATUS": "Minor", "CWP_PERMIT_STATUS_DESC": "Admin Continued", "STATE_WATER_BODY_NAME": "COLVOS PASSAGE", "CWP_CSO_FLAG": "N"}}, {"type": "Feature", "geometry": {"type": "Point", "coordinates": [-122.908559654414, 48.7073039101712]}, "properties": {"CWP_NAME": "EASTSOUND SEWER AND WATER DISTRICT WWTP", "CWP_STREET": "143 CESSNA RD", "CWP_CITY": "EASTSOUND", "CWP_STATE": "WA", "CWP_ZIP": "98245-0640", "CWP_COUNTY": "San Juan", "NPDES_ID": "WA0030571", "REGISTRY_ID": "110009764120", "CWP_FACILITY_TYPE_INDICATOR": "POTW", "CWP_MAJOR_MINOR_STATUS": "Minor", "CWP_PERMIT_STATUS_DESC": "Admin Continued", "STATE_WATER_BODY_NAME": "PRESIDENT CHANNEL, STRAIT OF GEORGIA", "CWP_CSO_FLAG": "N"}}, {"type": "Feature", "geometry": {"type": "Point", "coordinates": [-117.691868133742, 46.9306783828497]}, "properties": {"CWP_NAME": "ENDICOTT STP", "CWP_STREET": "NW END OF MARGIN ST", "CWP_CITY": "ENDICOTT", "CWP_STATE": "WA", "CWP_ZIP": "99125-0418", "CWP_COUNTY": "Whitman", "NPDES_ID": "WA0023981", "REGISTRY_ID": "110040115522", "CWP_FACILITY_TYPE_INDICATOR": "POTW", "CWP_MAJOR_MINOR_STATUS": "Minor", "CWP_PERMIT_STATUS_DESC": "Admin Continued", "STATE_WATER_BODY_NAME": "REBEL FLAT CREEK", "CWP_CSO_FLAG": "N"}}, {"type": "Feature", "geometry": {"type": "Point", "coordinates": [-122.693664100811, 45.6348878137035]}, "properties": {"CWP_NAME": "VANCOUVER WEST STP", "CWP_STREET": "2323 W MILL PLAIN BLVD", "CWP_CITY": "VANCOUVER", "CWP_STATE": "WA", "CWP_ZIP": "98660", "CWP_COUNTY": "Clark", "NPDES_ID": "WA0024350", "REGISTRY_ID": "110015502516", "CWP_FACILITY_TYPE_INDICATOR": "POTW", "CWP_MAJOR_MINOR_STATUS": "Major", "CWP_PERMIT_STATUS_DESC": "Admin Continued", "STATE_WATER_BODY_NAME": "COLUMBIA R.", "CWP_CSO_FLAG": "N"}}, {"type": "Feature", "geometry": {"type": "Point", "coordinates": [-121.892810510039, 45.6927583738353]}, "properties": {"CWP_NAME": "STEVENSON STP", "CWP_STREET": "686 SW ROCK CRK DR", "CWP_CITY": "STEVENSON", "CWP_STATE": "WA", "CWP_ZIP": "98648-0371", "CWP_COUNTY": "Skamania", "NPDES_ID": "WA0020672", "REGISTRY_ID": "110015554755", "CWP_FACILITY_TYPE_INDICATOR": "POTW", "CWP_MAJOR_MINOR_STATUS": "Minor", "CWP_PERMIT_STATUS_DESC": "Admin Continued", "STATE_WATER_BODY_NAME": "COLUMBIA RIVER", "CWP_CSO_FLAG": "N"}}, {"type": "Feature", "geometry": {"type": "Point", "coordinates": [-120.450859290305, 47.5106491174534]}, "properties": {"CWP_NAME": "CASHMERE POTW", "CWP_STREET": "2 RIVERFRONT DR", "CWP_CITY": "CASHMERE", "CWP_STATE": "WA", "CWP_ZIP": "98815", "CWP_COUNTY": "Chelan", "NPDES_ID": "WA0023183", "REGISTRY_ID": "110064591062", "CWP_FACILITY_TYPE_INDICATOR": "POTW", "CWP_MAJOR_MINOR_STATUS": "Minor", "CWP_PERMIT_STATUS_DESC": "Effective", "STATE_WATER_BODY_NAME": "WENATCHEE R.", "CWP_CSO_FLAG": "N"}}, {"type": "Feature", "geometry": {"type": "Point", "coordinates": [-122.781582410924, 48.1380879005407]}, "properties": {"CWP_NAME": "PORT TOWNSEND STP", "CWP_STREET": "5300 KUHN ST", "CWP_CITY": "PORT TOWNSEND", "CWP_STATE": "WA", "CWP_ZIP": "98368", "CWP_COUNTY": "Jefferson", "NPDES_ID": "WA0037052", "REGISTRY_ID": "110015539210", "CWP_FACILITY_TYPE_INDICATOR": "POTW", "CWP_MAJOR_MINOR_STATUS": "Minor", "CWP_PERMIT_STATUS_DESC": "Admin Continued", "STATE_WATER_BODY_NAME": "STRAIT OF JUAN DE FUCA (EAST)", "CWP_CSO_FLAG": "N"}}, {"type": "Feature", "geometry": {"type": "Point", "coordinates": [-122.324474343286, 45.5705818250137]}, "properties": {"CWP_NAME": "WASHOUGAL STP", "CWP_STREET": "54 S 2ND ST", "CWP_CITY": "WASHOUGAL", "CWP_STATE": "WA", "CWP_ZIP": "98671", "CWP_COUNTY": "Clark", "NPDES_ID": "WA0037427", "REGISTRY_ID": "110015554960", "CWP_FACILITY_TYPE_INDICATOR": "POTW", "CWP_MAJOR_MINOR_STATUS": "Minor", "CWP_PERMIT_STATUS_DESC": "Admin Continued", "STATE_WATER_BODY_NAME": null, "CWP_CSO_FLAG": "N"}}, {"type": "Feature", "geometry": {"type": "Point", "coordinates": [-120.134654873946, 47.3700536309495]}, "properties": {"CWP_NAME": "ROCK ISLAND POTW", "CWP_STREET": "201 4TH ST SW", "CWP_CITY": "ROCK ISLAND", "CWP_STATE": "WA", "CWP_ZIP": "98850", "CWP_COUNTY": "Douglas", "NPDES_ID": "WA0501487", "REGISTRY_ID": "110043439473", "CWP_FACILITY_TYPE_INDICATOR": "POTW", "CWP_MAJOR_MINOR_STATUS": "Minor", "CWP_PERMIT_STATUS_DESC": "Effective", "STATE_WATER_BODY_NAME": null, "CWP_CSO_FLAG": "N"}}, {"type": "Feature", "geometry": {"type": "Point", "coordinates": [-120.317902350122, 46.4188280340061]}, "properties": {"CWP_NAME": "BUENA POTW", "CWP_STREET": "1688 BUENA ROAD", "CWP_CITY": "BUENA", "CWP_STATE": "WA", "CWP_ZIP": "98921", "CWP_COUNTY": "Yakima", "NPDES_ID": "WA0052132", "REGISTRY_ID": "110039921662", "CWP_FACILITY_TYPE_INDICATOR": "POTW", "CWP_MAJOR_MINOR_STATUS": "Minor", "CWP_PERMIT_STATUS_DESC": "Effective", "STATE_WATER_BODY_NAME": null, "CWP_CSO_FLAG": "N"}}, {"type": "Feature", "geometry": {"type": "Point", "coordinates": [-122.74951924255, 45.821881153665]}, "properties": {"CWP_NAME": "RIDGEFIELD STP", "CWP_STREET": "109 W DIVISION", "CWP_CITY": "RIDGEFIELD", "CWP_STATE": "WA", "CWP_ZIP": "98642-0608", "CWP_COUNTY": "Clark", "NPDES_ID": "WA0023272", "REGISTRY_ID": "110039941533", "CWP_FACILITY_TYPE_INDICATOR": "POTW", "CWP_MAJOR_MINOR_STATUS": "Minor", "CWP_PERMIT_STATUS_DESC": "Admin Continued", "STATE_WATER_BODY_NAME": "LAKE R.", "CWP_CSO_FLAG": "N"}}, {"type": "Feature", "geometry": {"type": "Point", "coordinates": [-117.557423185553, 47.4874289292745]}, "properties": {"CWP_NAME": "CHENEY WWTP", "CWP_STREET": "119 W ANDERSON RD", "CWP_CITY": "CHENEY", "CWP_STATE": "WA", "CWP_ZIP": "99004-1866", "CWP_COUNTY": "Spokane", "NPDES_ID": "WA0020842", "REGISTRY_ID": "110006685195", "CWP_FACILITY_TYPE_INDICATOR": "POTW", "CWP_MAJOR_MINOR_STATUS": "Minor", "CWP_PERMIT_STATUS_DESC": "Admin Continued", "STATE_WATER_BODY_NAME": null, "CWP_CSO_FLAG": "N"}}, {"type": "Feature", "geometry": {"type": "Point", "coordinates": [-122.29365028857, 46.561156340562]}, "properties": {"CWP_NAME": "MORTON STP", "CWP_STREET": "200 SEWER PLANT RD", "CWP_CITY": "MORTON", "CWP_STATE": "WA", "CWP_ZIP": "98365-1089", "CWP_COUNTY": "Lewis", "NPDES_ID": "WA0022659", "REGISTRY_ID": "110015551883", "CWP_FACILITY_TYPE_INDICATOR": "POTW", "CWP_MAJOR_MINOR_STATUS": "Minor", "CWP_PERMIT_STATUS_DESC": "Admin Continued", "STATE_WATER_BODY_NAME": "TILTON RIVER", "CWP_CSO_FLAG": "N"}}, {"type": "Feature", "geometry": {"type": "Point", "coordinates": [-122.342069615564, 45.7316153375392]}, "properties": {"CWP_NAME": "LARCH CORRECTION CENTER", "CWP_STREET": "15314A NE DOLE VALLEY RD", "CWP_CITY": "YACOLT", "CWP_STATE": "WA", "CWP_ZIP": "98675", "CWP_COUNTY": "Clark", "NPDES_ID": "WA0038687", "REGISTRY_ID": "110015534698", "CWP_FACILITY_TYPE_INDICATOR": "POTW", "CWP_MAJOR_MINOR_STATUS": "Minor", "CWP_PERMIT_STATUS_DESC": "Admin Continued", "STATE_WATER_BODY_NAME": "LEWIS R.", "CWP_CSO_FLAG": "N"}}, {"type": "Feature", "geometry": {"type": "Point", "coordinates": [-121.281105044647, 45.6894597230593]}, "properties": {"CWP_NAME": "LYLE POTW", "CWP_STREET": "919 OLD FERRY RD", "CWP_CITY": "LYLE", "CWP_STATE": "WA", "CWP_ZIP": "98635", "CWP_COUNTY": "Klickitat", "NPDES_ID": "WA0050482", "REGISTRY_ID": "110015675054", "CWP_FACILITY_TYPE_INDICATOR": "POTW", "CWP_MAJOR_MINOR_STATUS": "Minor", "CWP_PERMIT_STATUS_DESC": "Admin Continued", "STATE_WATER_BODY_NAME": "COLUMBIA R.", "CWP_CSO_FLAG": "N"}}, {"type": "Feature", "geometry": {"type": "Point", "coordinates": [-120.105235583166, 48.3539740639684]}, "properties": {"CWP_NAME": "TWISP POTW", "CWP_STREET": "1240 A EWELL ST", "CWP_CITY": "TWISP", "CWP_STATE": "WA", "CWP_ZIP": "98856-0278", "CWP_COUNTY": "Okanogan", "NPDES_ID": "WA0023370", "REGISTRY_ID": "110015531691", "CWP_FACILITY_TYPE_INDICATOR": "POTW", "CWP_MAJOR_MINOR_STATUS": "Minor", "CWP_PERMIT_STATUS_DESC": "Admin Continued", "STATE_WATER_BODY_NAME": "METHOW R.", "CWP_CSO_FLAG": "N"}}, {"type": "Feature", "geometry": {"type": "Point", "coordinates": [-124.293836758871, 48.244758121819]}, "properties": {"CWP_NAME": "CLALLAM BAY CORRECTION CENTER STP", "CWP_STREET": "1830 EAGLE CREST WAY", "CWP_CITY": "CLALLAM BAY", "CWP_STATE": "WA", "CWP_ZIP": "98326", "CWP_COUNTY": "Clallam", "NPDES_ID": "WA0039845", "REGISTRY_ID": "110015504202", "CWP_FACILITY_TYPE_INDICATOR": "POTW", "CWP_MAJOR_MINOR_STATUS": "Minor", "CWP_PERMIT_STATUS_DESC": "Admin Continued", "STATE_WATER_BODY_NAME": null, "CWP_CSO_FLAG": "N"}}, {"type": "Feature", "geometry": {"type": "Point", "coordinates": [-122.312881848715, 48.4674853532438]}, "properties": {"CWP_NAME": "BURLINGTON WWTP", "CWP_STREET": "900 S SECTION ST", "CWP_CITY": "BURLINGTON", "CWP_STATE": "WA", "CWP_ZIP": "98233-2548", "CWP_COUNTY": "Skagit", "NPDES_ID": "WA0020150", "REGISTRY_ID": "110015584330", "CWP_FACILITY_TYPE_INDICATOR": "POTW", "CWP_MAJOR_MINOR_STATUS": "Minor", "CWP_PERMIT_STATUS_DESC": "Effective", "STATE_WATER_BODY_NAME": "SKAGIT R.", "CWP_CSO_FLAG": "N"}}, {"type": "Feature", "geometry": {"type": "Point", "coordinates": [-121.975599956262, 48.0789629587404]}, "properties": {"CWP_NAME": "GRANITE FALLS STP", "CWP_STREET": "500 W WALLACE", "CWP_CITY": "GRANITE FALLS", "CWP_STATE": "WA", "CWP_ZIP": "98252-0064", "CWP_COUNTY": "Snohomish", "NPDES_ID": "WA0021130", "REGISTRY_ID": "110006685113", "CWP_FACILITY_TYPE_INDICATOR": "POTW", "CWP_MAJOR_MINOR_STATUS": "Minor", "CWP_PERMIT_STATUS_DESC": "Effective", "STATE_WATER_BODY_NAME": "PILCHUCK R.", "CWP_CSO_FLAG": "N"}}, {"type": "Feature", "geometry": {"type": "Point", "coordinates": [-120.611057367246, 47.5741826091471]}, "properties": {"CWP_NAME": "PESHASTIN POTW", "CWP_STREET": "10395 MILL RD", "CWP_CITY": "PESHASTIN", "CWP_STATE": "WA", "CWP_ZIP": "98847", "CWP_COUNTY": "Chelan", "NPDES_ID": "WA0052175", "REGISTRY_ID": "110010896469", "CWP_FACILITY_TYPE_INDICATOR": "POTW", "CWP_MAJOR_MINOR_STATUS": "Minor", "CWP_PERMIT_STATUS_DESC": "Effective", "STATE_WATER_BODY_NAME": null, "CWP_CSO_FLAG": "N"}}, {"type": "Feature", "geometry": {"type": "Point", "coordinates": [-117.059983553459, 46.4261938169113]}, "properties": {"CWP_NAME": "CLARKSTON WWTP", "CWP_STREET": "102 13TH ST", "CWP_CITY": "CLARKSTON", "CWP_STATE": "WA", "CWP_ZIP": "99403", "CWP_COUNTY": "Asotin", "NPDES_ID": "WA0021113", "REGISTRY_ID": "110020785300", "CWP_FACILITY_TYPE_INDICATOR": "POTW", "CWP_MAJOR_MINOR_STATUS": "Minor", "CWP_PERMIT_STATUS_DESC": "Admin Continued", "STATE_WATER_BODY_NAME": null, "CWP_CSO_FLAG": "N"}}, {"type": "Feature", "geometry": {"type": "Point", "coordinates": [-117.353310359378, 47.6673122581795]}, "properties": {"CWP_NAME": "SPOKANE COUNTY REGIONAL WATER RECLAMATION FACILITY (SCRWRF)", "CWP_STREET": "1004 N FREYA ST", "CWP_CITY": "SPOKANE", "CWP_STATE": "WA", "CWP_ZIP": "99202", "CWP_COUNTY": "Spokane", "NPDES_ID": "WA0093317", "REGISTRY_ID": "110043526832", "CWP_FACILITY_TYPE_INDICATOR": "POTW", "CWP_MAJOR_MINOR_STATUS": "Major", "CWP_PERMIT_STATUS_DESC": "Effective", "STATE_WATER_BODY_NAME": null, "CWP_CSO_FLAG": "N"}}, {"type": "Feature", "geometry": {"type": "Point", "coordinates": [-119.0848560269, 46.222219262033]}, "properties": {"CWP_NAME": "PASCO WWTP", "CWP_STREET": "1015 S GREY AVE", "CWP_CITY": "PASCO", "CWP_STATE": "WA", "CWP_ZIP": "99301-0293", "CWP_COUNTY": "Franklin", "NPDES_ID": "WA0044962", "REGISTRY_ID": "110005394233", "CWP_FACILITY_TYPE_INDICATOR": "POTW", "CWP_MAJOR_MINOR_STATUS": "Major", "CWP_PERMIT_STATUS_DESC": "Admin Continued", "STATE_WATER_BODY_NAME": "COLUMBIA RIVER", "CWP_CSO_FLAG": "N"}}, {"type": "Feature", "geometry": {"type": "Point", "coordinates": [-123.917867617907, 46.9739773826386]}, "properties": {"CWP_NAME": "HOQUIAM STP", "CWP_STREET": "1000 MOON ISLAND RD", "CWP_CITY": "HOQUIAM", "CWP_STATE": "WA", "CWP_ZIP": "98550-3522", "CWP_COUNTY": "Grays Harbor", "NPDES_ID": "WA0020915", "REGISTRY_ID": "110015496060", "CWP_FACILITY_TYPE_INDICATOR": "POTW", "CWP_MAJOR_MINOR_STATUS": "Major", "CWP_PERMIT_STATUS_DESC": "Admin Continued", "STATE_WATER_BODY_NAME": "GRAYS HARBOR (INNER)", "CWP_CSO_FLAG": "N"}}, {"type": "Feature", "geometry": {"type": "Point", "coordinates": [-121.163382896104, 45.8131920672068]}, "properties": {"CWP_NAME": "KLICKITAT POTW", "CWP_STREET": "713 KLICKITAT AVE", "CWP_CITY": "KLICKITAT", "CWP_STATE": "WA", "CWP_ZIP": "98628", "CWP_COUNTY": "Klickitat", "NPDES_ID": "WA0023698", "REGISTRY_ID": "110039937049", "CWP_FACILITY_TYPE_INDICATOR": "POTW", "CWP_MAJOR_MINOR_STATUS": "Minor", "CWP_PERMIT_STATUS_DESC": "Effective", "STATE_WATER_BODY_NAME": "KLICKITAT R.", "CWP_CSO_FLAG": "N"}}, {"type": "Feature", "geometry": {"type": "Point", "coordinates": [-120.340615621697, 46.373417661377]}, "properties": {"CWP_NAME": "YAKAMA NATION - YAKAMA NATION'S LEGENDS CASINO WWTP", "CWP_STREET": "580 FORT ROAD (YAKAMA RESERVATION)", "CWP_CITY": "TOPPENISH", "CWP_STATE": "WA", "CWP_ZIP": "98948", "CWP_COUNTY": "Yakima", "NPDES_ID": "WA0026743", "REGISTRY_ID": "110039581976", "CWP_FACILITY_TYPE_INDICATOR": "POTW", "CWP_MAJOR_MINOR_STATUS": "Minor", "CWP_PERMIT_STATUS_DESC": "Admin Continued", "STATE_WATER_BODY_NAME": "WANITY SLOUGH, WAPATO RRIGATION PROJECT DRAIN NO. 4", "CWP_CSO_FLAG": "N"}}, {"type": "Feature", "geometry": {"type": "Point", "coordinates": [-117.587943394418, 47.0936526469526]}, "properties": {"CWP_NAME": "TOWN OF ST. JOHN", "CWP_STREET": "402 W FRONT ST", "CWP_CITY": "SAINT JOHN", "CWP_STATE": "WA", "CWP_ZIP": "99171", "CWP_COUNTY": "Whitman", "NPDES_ID": "WA0021229", "REGISTRY_ID": "110009765012", "CWP_FACILITY_TYPE_INDICATOR": "POTW", "CWP_MAJOR_MINOR_STATUS": "Minor", "CWP_PERMIT_STATUS_DESC": "Admin Continued", "STATE_WATER_BODY_NAME": "PLEASANT VALLEY CREEK", "CWP_CSO_FLAG": "N"}}, {"type": "Feature", "geometry": {"type": "Point", "coordinates": [-117.056480675768, 46.3426530882337]}, "properties": {"CWP_NAME": "ASOTIN STP", "CWP_STREET": "3699 RIVERSIDE DR", "CWP_CITY": "ASOTIN", "CWP_STATE": "WA", "CWP_ZIP": "99402", "CWP_COUNTY": "Asotin", "NPDES_ID": "WA0020818", "REGISTRY_ID": "110006685186", "CWP_FACILITY_TYPE_INDICATOR": "POTW", "CWP_MAJOR_MINOR_STATUS": "Minor", "CWP_PERMIT_STATUS_DESC": "Effective", "STATE_WATER_BODY_NAME": "SNAKE R.", "CWP_CSO_FLAG": "N"}}, {"type": "Feature", "geometry": {"type": "Point", "coordinates": [-122.524352748132, 47.5890616846692]}, "properties": {"CWP_NAME": "KITSAP COUNTY SEWER DISTRICT #7 WATER RECLAMATION FACILITY", "CWP_STREET": "2901 FORT WARD HILL RD NE", "CWP_CITY": "BAINBRIDGE ISLAND", "CWP_STATE": "WA", "CWP_ZIP": "98110", "CWP_COUNTY": "Kitsap", "NPDES_ID": "WA0030317", "REGISTRY_ID": "110015538471", "CWP_FACILITY_TYPE_INDICATOR": "POTW", "CWP_MAJOR_MINOR_STATUS": "Minor", "CWP_PERMIT_STATUS_DESC": "Admin Continued", "STATE_WATER_BODY_NAME": "PORT ORCHARD;AGATE PASSAGE; AND RICH PASSAG", "CWP_CSO_FLAG": "N"}}, {"type": "Feature", "geometry": {"type": "Point", "coordinates": [-122.318271227356, 47.4112189646102]}, "properties": {"CWP_NAME": "MIDWAY SEWER DISTRICT WWTP", "CWP_STREET": "1200 S 216TH ST", "CWP_CITY": "DES MOINES", "CWP_STATE": "WA", "CWP_ZIP": "98198-8319", "CWP_COUNTY": "King", "NPDES_ID": "WA0020958", "REGISTRY_ID": "110011635150", "CWP_FACILITY_TYPE_INDICATOR": "POTW", "CWP_MAJOR_MINOR_STATUS": "Major", "CWP_PERMIT_STATUS_DESC": "Admin Continued", "STATE_WATER_BODY_NAME": "PUGET SOUND (S-CENTRAL) AND EAST PASSAGE", "CWP_CSO_FLAG": "N"}}, {"type": "Feature", "geometry": {"type": "Point", "coordinates": [-119.341867941356, 46.3059110502207]}, "properties": {"CWP_NAME": "WEST RICHLAND POTW", "CWP_STREET": "320 N 46TH AVE", "CWP_CITY": "WEST RICHLAND", "CWP_STATE": "WA", "CWP_ZIP": "99353-9103", "CWP_COUNTY": "Benton", "NPDES_ID": "WA0051063", "REGISTRY_ID": "110054907160", "CWP_FACILITY_TYPE_INDICATOR": "POTW", "CWP_MAJOR_MINOR_STATUS": "Minor", "CWP_PERMIT_STATUS_DESC": "Effective", "STATE_WATER_BODY_NAME": null, "CWP_CSO_FLAG": "N"}}, {"type": "Feature", "geometry": {"type": "Point", "coordinates": [-122.760744436674, 48.9944008125481]}, "properties": {"CWP_NAME": "LIGHTHOUSE POINT WATER RECLAMATION FACILITY", "CWP_STREET": "272 MARINE DRIVE", "CWP_CITY": "BLAINE", "CWP_STATE": "WA", "CWP_ZIP": "98230", "CWP_COUNTY": "Whatcom", "NPDES_ID": "WA0022641", "REGISTRY_ID": "110005358148", "CWP_FACILITY_TYPE_INDICATOR": "POTW", "CWP_MAJOR_MINOR_STATUS": "Minor", "CWP_PERMIT_STATUS_DESC": "Effective", "STATE_WATER_BODY_NAME": null, "CWP_CSO_FLAG": "N"}}, {"type": "Feature", "geometry": {"type": "Point", "coordinates": [-122.6795984011, 48.2409406814746]}, "properties": {"CWP_NAME": "PENN COVE WWTP", "CWP_STREET": "519 SCENIC HEIGHTS RD", "CWP_CITY": "OAK HARBOR", "CWP_STATE": "WA", "CWP_ZIP": "98277-8212", "CWP_COUNTY": "Island", "NPDES_ID": "WA0029386", "REGISTRY_ID": "110015502366", "CWP_FACILITY_TYPE_INDICATOR": "POTW", "CWP_MAJOR_MINOR_STATUS": "Minor", "CWP_PERMIT_STATUS_DESC": "Admin Continued", "STATE_WATER_BODY_NAME": "PENN COVE", "CWP_CSO_FLAG": "N"}}, {"type": "Feature", "geometry": {"type": "Point", "coordinates": [-120.426510019356, 46.9800895504784]}, "properties": {"CWP_NAME": "KITTITAS POTW", "CWP_STREET": "680 INDUSTRIAL LOOP", "CWP_CITY": "KITTITAS", "CWP_STATE": "WA", "CWP_ZIP": "98934", "CWP_COUNTY": "Kittitas", "NPDES_ID": "WA0021253", "REGISTRY_ID": "110005384823", "CWP_FACILITY_TYPE_INDICATOR": "POTW", "CWP_MAJOR_MINOR_STATUS": "Minor", "CWP_PERMIT_STATUS_DESC": "Admin Continued", "STATE_WATER_BODY_NAME": "YAKIMA R.", "CWP_CSO_FLAG": "N"}}, {"type": "Feature", "geometry": {"type": "Point", "coordinates": [-122.672201306834, 47.5508305869659]}, "properties": {"CWP_NAME": "BREMERTON STP", "CWP_STREET": "1600 OYSTER BAY AVE S", "CWP_CITY": "BREMERTON", "CWP_STATE": "WA", "CWP_ZIP": "98312-4735", "CWP_COUNTY": "Kitsap", "NPDES_ID": "WA0029289", "REGISTRY_ID": "110015415914", "CWP_FACILITY_TYPE_INDICATOR": "POTW", "CWP_MAJOR_MINOR_STATUS": "Major", "CWP_PERMIT_STATUS_DESC": "Effective", "STATE_WATER_BODY_NAME": "SINCLAIR INLET", "CWP_CSO_FLAG": "Y"}}, {"type": "Feature", "geometry": {"type": "Point", "coordinates": [-117.386159289643, 48.8556126337796]}, "properties": {"CWP_NAME": "METALINE STP", "CWP_STREET": "UNSPECIFIED", "CWP_CITY": "METALINE", "CWP_STATE": "WA", "CWP_ZIP": "99152-0085", "CWP_COUNTY": "Pend Oreille", "NPDES_ID": "WA0020699", "REGISTRY_ID": "110055005836", "CWP_FACILITY_TYPE_INDICATOR": "POTW", "CWP_MAJOR_MINOR_STATUS": "Minor", "CWP_PERMIT_STATUS_DESC": "Effective", "STATE_WATER_BODY_NAME": "PEND OREILLE R.", "CWP_CSO_FLAG": "N"}}, {"type": "Feature", "geometry": {"type": "Point", "coordinates": [-122.411689180322, 47.2462158332582]}, "properties": {"CWP_NAME": "TACOMA CENTRAL NO 1", "CWP_STREET": "2201 E PORTLAND AVE", "CWP_CITY": "TACOMA", "CWP_STATE": "WA", "CWP_ZIP": "98421", "CWP_COUNTY": "Pierce", "NPDES_ID": "WA0037087", "REGISTRY_ID": "110000575654", "CWP_FACILITY_TYPE_INDICATOR": "POTW", "CWP_MAJOR_MINOR_STATUS": "Major", "CWP_PERMIT_STATUS_DESC": "Admin Continued", "STATE_WATER_BODY_NAME": null, "CWP_CSO_FLAG": "N"}}, {"type": "Feature", "geometry": {"type": "Point", "coordinates": [-122.848943237787, 47.2981669250746]}, "properties": {"CWP_NAME": "HARTSTENE POINTE STP", "CWP_STREET": "772 E CHESAPEAKE DR", "CWP_CITY": "SHELTON", "CWP_STATE": "WA", "CWP_ZIP": "98584", "CWP_COUNTY": "Mason", "NPDES_ID": "WA0038377", "REGISTRY_ID": "110015546480", "CWP_FACILITY_TYPE_INDICATOR": "POTW", "CWP_MAJOR_MINOR_STATUS": "Minor", "CWP_PERMIT_STATUS_DESC": "Effective", "STATE_WATER_BODY_NAME": "CASE INLET AND DANA PASSAGE", "CWP_CSO_FLAG": "N"}}, {"type": "Feature", "geometry": {"type": "Point", "coordinates": [-122.740404629641, 45.9038453705239]}, "properties": {"CWP_NAME": "WOODLAND STP", "CWP_STREET": "100 TREATMENT PLANT RD", "CWP_CITY": "WOODLAND", "CWP_STATE": "WA", "CWP_ZIP": "98674", "CWP_COUNTY": "Cowlitz", "NPDES_ID": "WA0020401", "REGISTRY_ID": "110039921617", "CWP_FACILITY_TYPE_INDICATOR": "POTW", "CWP_MAJOR_MINOR_STATUS": "Minor", "CWP_PERMIT_STATUS_DESC": "Admin Continued", "STATE_WATER_BODY_NAME": null, "CWP_CSO_FLAG": "N"}}, {"type": "Feature", "geometry": {"type": "Point", "coordinates": [-122.238950124585, 47.4692018659455]}, "properties": {"CWP_NAME": "KING COUNTY SOUTH WWTP", "CWP_STREET": "1200 MONSTER RD SW", "CWP_CITY": "RENTON", "CWP_STATE": "WA", "CWP_ZIP": "98057", "CWP_COUNTY": "King", "NPDES_ID": "WA0029581", "REGISTRY_ID": "110015458663", "CWP_FACILITY_TYPE_INDICATOR": "POTW", "CWP_MAJOR_MINOR_STATUS": "Major", "CWP_PERMIT_STATUS_DESC": "Admin Continued", "STATE_WATER_BODY_NAME": "PUGET SOUND (CENTRAL)", "CWP_CSO_FLAG": "N"}}, {"type": "Feature", "geometry": {"type": "Point", "coordinates": [-123.825782290344, 46.3921789521773]}, "properties": {"CWP_NAME": "NASELLE YOUTH CAMP STP", "CWP_STREET": "11 YOUTH CAMP LN", "CWP_CITY": "NASELLE", "CWP_STATE": "WA", "CWP_ZIP": "98638-8600", "CWP_COUNTY": "Pacific", "NPDES_ID": "WA0023728", "REGISTRY_ID": "110005393467", "CWP_FACILITY_TYPE_INDICATOR": "POTW", "CWP_MAJOR_MINOR_STATUS": "Minor", "CWP_PERMIT_STATUS_DESC": "Admin Continued", "STATE_WATER_BODY_NAME": "NASELLE R.", "CWP_CSO_FLAG": "N"}}, {"type": "Feature", "geometry": {"type": "Point", "coordinates": [-123.078047341789, 47.2058038232726]}, "properties": {"CWP_NAME": "SHELTON STP", "CWP_STREET": "1700 FAIRMOUNT", "CWP_CITY": "SHELTON", "CWP_STATE": "WA", "CWP_ZIP": "98584", "CWP_COUNTY": "Mason", "NPDES_ID": "WA0023345", "REGISTRY_ID": "110015425100", "CWP_FACILITY_TYPE_INDICATOR": "POTW", "CWP_MAJOR_MINOR_STATUS": "Major", "CWP_PERMIT_STATUS_DESC": "Admin Continued", "STATE_WATER_BODY_NAME": "HAMMERSLEY INLET", "CWP_CSO_FLAG": "N"}}, {"type": "Feature", "geometry": {"type": "Point", "coordinates": [-122.76958384927, 48.8989035976351]}, "properties": {"CWP_NAME": "BIRCH BAY WWTP", "CWP_STREET": "7096 POINT WHITEHORN RD", "CWP_CITY": "BLAINE", "CWP_STATE": "WA", "CWP_ZIP": "98230-9675", "CWP_COUNTY": "Whatcom", "NPDES_ID": "WA0029556", "REGISTRY_ID": "110012986144", "CWP_FACILITY_TYPE_INDICATOR": "POTW", "CWP_MAJOR_MINOR_STATUS": "Minor", "CWP_PERMIT_STATUS_DESC": "Effective", "STATE_WATER_BODY_NAME": "STRAIT OF GEORGIA", "CWP_CSO_FLAG": "N"}}, {"type": "Feature", "geometry": {"type": "Point", "coordinates": [-117.615118977798, 46.4747040944648]}, "properties": {"CWP_NAME": "POMEROY STP", "CWP_STREET": "244 W PATAHA STREET", "CWP_CITY": "POMEROY", "CWP_STATE": "WA", "CWP_ZIP": "99347-0370", "CWP_COUNTY": "Garfield", "NPDES_ID": "WA0021164", "REGISTRY_ID": "110013746848", "CWP_FACILITY_TYPE_INDICATOR": "POTW", "CWP_MAJOR_MINOR_STATUS": "Minor", "CWP_PERMIT_STATUS_DESC": "Effective", "STATE_WATER_BODY_NAME": "PATAHA CREEK", "CWP_CSO_FLAG": "N"}}, {"type": "Feature", "geometry": {"type": "Point", "coordinates": [-122.17257577793, 47.997336866451]}, "properties": {"CWP_NAME": "EVERETT WATER POLLUTION CONTROL FACILITY", "CWP_STREET": "4027 4TH ST SE", "CWP_CITY": "EVERETT", "CWP_STATE": "WA", "CWP_ZIP": "98205", "CWP_COUNTY": "Snohomish", "NPDES_ID": "WA0024490", "REGISTRY_ID": "110016662011", "CWP_FACILITY_TYPE_INDICATOR": "POTW", "CWP_MAJOR_MINOR_STATUS": "Major", "CWP_PERMIT_STATUS_DESC": "Admin Continued", "STATE_WATER_BODY_NAME": null, "CWP_CSO_FLAG": "Y"}}, {"type": "Feature", "geometry": {"type": "Point", "coordinates": [-122.172985880213, 48.043429821618]}, "properties": {"CWP_NAME": "MARYSVILLE STP", "CWP_STREET": "20 COLUMBIA AVE", "CWP_CITY": "MARYSVILLE", "CWP_STATE": "WA", "CWP_ZIP": "98270", "CWP_COUNTY": "Snohomish", "NPDES_ID": "WA0022497", "REGISTRY_ID": "110000564997", "CWP_FACILITY_TYPE_INDICATOR": "POTW", "CWP_MAJOR_MINOR_STATUS": "Minor", "CWP_PERMIT_STATUS_DESC": "Effective", "STATE_WATER_BODY_NAME": "PUGET SOUND - PORT GARDNER, SNOHMISH RIVER STEAMBOAT SLOUGH", "CWP_CSO_FLAG": "N"}}, {"type": "Feature", "geometry": {"type": "Point", "coordinates": [-122.706583609754, 48.8145525888595]}, "properties": {"CWP_NAME": "LUMMI INDIAN BUSINESS COUNCIL - SANDY POINT WWTP", "CWP_STREET": "4369 GERMAINE ROAD", "CWP_CITY": "FERNDALE", "CWP_STATE": "WA", "CWP_ZIP": "98248", "CWP_COUNTY": "Whatcom", "NPDES_ID": "WA0025658", "REGISTRY_ID": "110009764371", "CWP_FACILITY_TYPE_INDICATOR": "POTW", "CWP_MAJOR_MINOR_STATUS": "Minor", "CWP_PERMIT_STATUS_DESC": "Admin Continued", "STATE_WATER_BODY_NAME": "STRAIT OF GEORGIA", "CWP_CSO_FLAG": "N"}}, {"type": "Feature", "geometry": {"type": "Point", "coordinates": [-122.235627356763, 48.3977492290173]}, "properties": {"CWP_NAME": "SKAGIT COUNTY SEWER DIST 2 BIG LAKE WWTP", "CWP_STREET": "17079 STATE ROUTE 9", "CWP_CITY": "MOUNT VERNON", "CWP_STATE": "WA", "CWP_ZIP": "98274", "CWP_COUNTY": "Skagit", "NPDES_ID": "WA0030597", "REGISTRY_ID": "110015547808", "CWP_FACILITY_TYPE_INDICATOR": "POTW", "CWP_MAJOR_MINOR_STATUS": "Minor", "CWP_PERMIT_STATUS_DESC": "Effective", "STATE_WATER_BODY_NAME": "SKAGIT R.", "CWP_CSO_FLAG": "N"}}, {"type": "Feature", "geometry": {"type": "Point", "coordinates": [-122.214153029525, 47.1095278894751]}, "properties": {"CWP_NAME": "ORTING STP", "CWP_STREET": "902 ROCKY RD NE", "CWP_CITY": "ORTING", "CWP_STATE": "WA", "CWP_ZIP": "98360", "CWP_COUNTY": "Pierce", "NPDES_ID": "WA0020303", "REGISTRY_ID": "110015546783", "CWP_FACILITY_TYPE_INDICATOR": "POTW", "CWP_MAJOR_MINOR_STATUS": "Minor", "CWP_PERMIT_STATUS_DESC": "Admin Continued", "STATE_WATER_BODY_NAME": "CARBON RIVER", "CWP_CSO_FLAG": "N"}}, {"type": "Feature", "geometry": {"type": "Point", "coordinates": [-122.707429688173, 48.0940283209626]}, "properties": {"CWP_NAME": "FORT FLAGLER STATE PARK STP", "CWP_STREET": "10541 FLAGLER RD", "CWP_CITY": "NORDLAND", "CWP_STATE": "WA", "CWP_ZIP": "98358", "CWP_COUNTY": "Jefferson", "NPDES_ID": "WA0039829", "REGISTRY_ID": "110005358068", "CWP_FACILITY_TYPE_INDICATOR": "POTW", "CWP_MAJOR_MINOR_STATUS": "Minor", "CWP_PERMIT_STATUS_DESC": "Admin Continued", "STATE_WATER_BODY_NAME": null, "CWP_CSO_FLAG": "N"}}, {"type": "Feature", "geometry": {"type": "Point", "coordinates": [-117.259563914924, 46.7883094421743]}, "properties": {"CWP_NAME": "ALBION STP", "CWP_STREET": "310 S G ST", "CWP_CITY": "ALBION", "CWP_STATE": "WA", "CWP_ZIP": "99102-0038", "CWP_COUNTY": "Whitman", "NPDES_ID": "WA0022608", "REGISTRY_ID": "110015538220", "CWP_FACILITY_TYPE_INDICATOR": "POTW", "CWP_MAJOR_MINOR_STATUS": "Minor", "CWP_PERMIT_STATUS_DESC": "Admin Continued", "STATE_WATER_BODY_NAME": "PALOUSE R. (S.F.)", "CWP_CSO_FLAG": "N"}}, {"type": "Feature", "geometry": {"type": "Point", "coordinates": [-117.384170547562, 47.4341746895301]}, "properties": {"CWP_NAME": "SPANGLE WWTP", "CWP_STREET": "675 N. OLD SR HIGHWAY 95", "CWP_CITY": "SPANGLE", "CWP_STATE": "WA", "CWP_ZIP": "99031", "CWP_COUNTY": "Spokane", "NPDES_ID": "WA0991010", "REGISTRY_ID": "110039943014", "CWP_FACILITY_TYPE_INDICATOR": "POTW", "CWP_MAJOR_MINOR_STATUS": "Minor", "CWP_PERMIT_STATUS_DESC": "Admin Continued", "STATE_WATER_BODY_NAME": "SPANGLE CREEK", "CWP_CSO_FLAG": "N"}}, {"type": "Feature", "geometry": {"type": "Point", "coordinates": [-122.372209854556, 47.3273436836478]}, "properties": {"CWP_NAME": "LAKOTA WWTP", "CWP_STREET": "3203 SW DASH PT RD", "CWP_CITY": "FEDERAL WAY", "CWP_STATE": "WA", "CWP_ZIP": "98023-2358", "CWP_COUNTY": "King", "NPDES_ID": "WA0022624", "REGISTRY_ID": "110010135567", "CWP_FACILITY_TYPE_INDICATOR": "POTW", "CWP_MAJOR_MINOR_STATUS": "Major", "CWP_PERMIT_STATUS_DESC": "Effective", "STATE_WATER_BODY_NAME": null, "CWP_CSO_FLAG": "N"}}, {"type": "Feature", "geometry": {"type": "Point", "coordinates": [-120.193614205747, 46.3363979815795]}, "properties": {"CWP_NAME": "GRANGER POTW", "CWP_STREET": "503 MAIN ST", "CWP_CITY": "GRANGER", "CWP_STATE": "WA", "CWP_ZIP": "98932", "CWP_COUNTY": "Yakima", "NPDES_ID": "WA0022691", "REGISTRY_ID": "110010135576", "CWP_FACILITY_TYPE_INDICATOR": "POTW", "CWP_MAJOR_MINOR_STATUS": "Minor", "CWP_PERMIT_STATUS_DESC": "Admin Continued", "STATE_WATER_BODY_NAME": "YAKIMA R.", "CWP_CSO_FLAG": "N"}}, {"type": "Feature", "geometry": {"type": "Point", "coordinates": [-122.254827594489, 47.1997406830618]}, "properties": {"CWP_NAME": "SUMNER STP", "CWP_STREET": "13114 63RD ST E", "CWP_CITY": "SUMNER", "CWP_STATE": "WA", "CWP_ZIP": "98390-1423", "CWP_COUNTY": "Pierce", "NPDES_ID": "WA0023353", "REGISTRY_ID": "110010135790", "CWP_FACILITY_TYPE_INDICATOR": "POTW", "CWP_MAJOR_MINOR_STATUS": "Major", "CWP_PERMIT_STATUS_DESC": "Effective", "STATE_WATER_BODY_NAME": "WHITE R.", "CWP_CSO_FLAG": "N"}}, {"type": "Feature", "geometry": {"type": "Point", "coordinates": [-119.911065130272, 46.2115325325568]}, "properties": {"CWP_NAME": "GRANDVIEW POTW", "CWP_STREET": "850 BRIDGEVIEW ROAD", "CWP_CITY": "GRANDVIEW", "CWP_STATE": "WA", "CWP_ZIP": "98930", "CWP_COUNTY": "Yakima", "NPDES_ID": "WA0052205", "REGISTRY_ID": "110010685561", "CWP_FACILITY_TYPE_INDICATOR": "POTW", "CWP_MAJOR_MINOR_STATUS": "Major", "CWP_PERMIT_STATUS_DESC": "Effective", "STATE_WATER_BODY_NAME": "YAKIMA R.", "CWP_CSO_FLAG": "N"}}, {"type": "Feature", "geometry": {"type": "Point", "coordinates": [-121.973119969245, 45.6337052792154]}, "properties": {"CWP_NAME": "NORTH BONNEVILLE STP", "CWP_STREET": "52 WHISKEY FLAT ST", "CWP_CITY": "NORTH BONNEVILLE", "CWP_STATE": "WA", "CWP_ZIP": "98639", "CWP_COUNTY": "Skamania", "NPDES_ID": "WA0023388", "REGISTRY_ID": "110015562933", "CWP_FACILITY_TYPE_INDICATOR": "POTW", "CWP_MAJOR_MINOR_STATUS": "Minor", "CWP_PERMIT_STATUS_DESC": "Admin Continued", "STATE_WATER_BODY_NAME": null, "CWP_CSO_FLAG": "N"}}, {"type": "Feature", "geometry": {"type": "Point", "coordinates": [-122.393412786523, 45.5784445910513]}, "properties": {"CWP_NAME": "CAMAS STP", "CWP_STREET": "1129 SE POLK ST", "CWP_CITY": "CAMAS", "CWP_STATE": "WA", "CWP_ZIP": "98607", "CWP_COUNTY": "Clark", "NPDES_ID": "WA0020249", "REGISTRY_ID": "110015423102", "CWP_FACILITY_TYPE_INDICATOR": "POTW", "CWP_MAJOR_MINOR_STATUS": "Minor", "CWP_PERMIT_STATUS_DESC": "Admin Continued", "STATE_WATER_BODY_NAME": "COLUMBIA R.", "CWP_CSO_FLAG": "N"}}, {"type": "Feature", "geometry": {"type": "Point", "coordinates": [-119.439641967778, 48.924302628683]}, "properties": {"CWP_NAME": "OROVILLE POTW", "CWP_STREET": "80 JUNIPER ST", "CWP_CITY": "OROVILLE", "CWP_STATE": "WA", "CWP_ZIP": "98844-0528", "CWP_COUNTY": "Okanogan", "NPDES_ID": "WA0022390", "REGISTRY_ID": "110040122300", "CWP_FACILITY_TYPE_INDICATOR": "POTW", "CWP_MAJOR_MINOR_STATUS": "Minor", "CWP_PERMIT_STATUS_DESC": "Admin Continued", "STATE_WATER_BODY_NAME": "OKANOGAN R.", "CWP_CSO_FLAG": "N"}}, {"type": "Feature", "geometry": {"type": "Point", "coordinates": [-123.403050008619, 48.1116459628564]}, "properties": {"CWP_NAME": "PORT ANGELES STP", "CWP_STREET": "1509 E COLUMBIA ST", "CWP_CITY": "PORT ANGELES", "CWP_STATE": "WA", "CWP_ZIP": "98362-0217", "CWP_COUNTY": "Clallam", "NPDES_ID": "WA0023973", "REGISTRY_ID": "110069616464", "CWP_FACILITY_TYPE_INDICATOR": "POTW", "CWP_MAJOR_MINOR_STATUS": "Major", "CWP_PERMIT_STATUS_DESC": "Admin Continued", "STATE_WATER_BODY_NAME": "PORT ANGELES HARBOR", "CWP_CSO_FLAG": "Y"}}, {"type": "Feature", "geometry": {"type": "Point", "coordinates": [-119.100040180158, 46.2088886088816]}, "properties": {"CWP_NAME": "KENNEWICK POTW", "CWP_STREET": "416 N KINGWOOD AVE", "CWP_CITY": "KENNEWICK", "CWP_STATE": "WA", "CWP_ZIP": "99336-0108", "CWP_COUNTY": "Benton", "NPDES_ID": "WA0044784", "REGISTRY_ID": "110040118388", "CWP_FACILITY_TYPE_INDICATOR": "POTW", "CWP_MAJOR_MINOR_STATUS": "Major", "CWP_PERMIT_STATUS_DESC": "Effective", "STATE_WATER_BODY_NAME": null, "CWP_CSO_FLAG": "N"}}, {"type": "Feature", "geometry": {"type": "Point", "coordinates": [-123.063337341222, 48.0848578938418]}, "properties": {"CWP_NAME": "SEQUIM WATER RECLAMATION FACILITY", "CWP_STREET": "247 SCHMUCK RD", "CWP_CITY": "SEQUIM", "CWP_STATE": "WA", "CWP_ZIP": "98382-2108", "CWP_COUNTY": "Clallam", "NPDES_ID": "WA0022349", "REGISTRY_ID": "110006685051", "CWP_FACILITY_TYPE_INDICATOR": "POTW", "CWP_MAJOR_MINOR_STATUS": "Minor", "CWP_PERMIT_STATUS_DESC": "Admin Continued", "STATE_WATER_BODY_NAME": null, "CWP_CSO_FLAG": "N"}}, {"type": "Feature", "geometry": {"type": "Point", "coordinates": [-122.852006082177, 46.2090590905026]}, "properties": {"CWP_NAME": "WOODBROOK STP", "CWP_STREET": "341 ROLLINGWOOD DR", "CWP_CITY": "KELSO", "CWP_STATE": "WA", "CWP_ZIP": "98626", "CWP_COUNTY": "Cowlitz", "NPDES_ID": "WA0023795", "REGISTRY_ID": "110070002520", "CWP_FACILITY_TYPE_INDICATOR": "POTW", "CWP_MAJOR_MINOR_STATUS": "Minor", "CWP_PERMIT_STATUS_DESC": "Admin Continued", "STATE_WATER_BODY_NAME": "COWLITZ R.", "CWP_CSO_FLAG": "N"}}, {"type": "Feature", "geometry": {"type": "Point", "coordinates": [-119.479036152771, 46.2675819279419]}, "properties": {"CWP_NAME": "BENTON CITY POTW", "CWP_STREET": "100 DINAH", "CWP_CITY": "BENTON CITY", "CWP_STATE": "WA", "CWP_ZIP": "99320", "CWP_COUNTY": "Benton", "NPDES_ID": "WA0051349", "REGISTRY_ID": "110015534885", "CWP_FACILITY_TYPE_INDICATOR": "POTW", "CWP_MAJOR_MINOR_STATUS": "Minor", "CWP_PERMIT_STATUS_DESC": "Admin Continued", "STATE_WATER_BODY_NAME": ".", "CWP_CSO_FLAG": "N"}}, {"type": "Feature", "geometry": {"type": "Point", "coordinates": [-123.019166816584, 46.7590898617192]}, "properties": {"CWP_NAME": "CENTRALIA STP", "CWP_STREET": "1101 GOODRICH RD", "CWP_CITY": "CENTRALIA", "CWP_STATE": "WA", "CWP_ZIP": "98531", "CWP_COUNTY": "Lewis", "NPDES_ID": "WA0020982", "REGISTRY_ID": "110022443079", "CWP_FACILITY_TYPE_INDICATOR": "POTW", "CWP_MAJOR_MINOR_STATUS": "Major", "CWP_PERMIT_STATUS_DESC": "Effective", "STATE_WATER_BODY_NAME": null, "CWP_CSO_FLAG": "N"}}, {"type": "Feature", "geometry": {"type": "Point", "coordinates": [-118.979047567308, 47.9708593751264]}, "properties": {"CWP_NAME": "COULEE DAM, TOWN OF - COULEE DAM WWTP", "CWP_STREET": "KIT ROAD", "CWP_CITY": "COULEE DAM", "CWP_STATE": "WA", "CWP_ZIP": "99116", "CWP_COUNTY": "Okanogan", "NPDES_ID": "WA0020281", "REGISTRY_ID": "110011559599", "CWP_FACILITY_TYPE_INDICATOR": "POTW", "CWP_MAJOR_MINOR_STATUS": "Minor", "CWP_PERMIT_STATUS_DESC": "Effective", "STATE_WATER_BODY_NAME": "COLUMBIA RIVER", "CWP_CSO_FLAG": "N"}}, {"type": "Feature", "geometry": {"type": "Point", "coordinates": [-120.258502114464, 46.3983846501384]}, "properties": {"CWP_NAME": "ZILLAH POTW", "CWP_STREET": "740 RAILROAD AVE", "CWP_CITY": "ZILLAH", "CWP_STATE": "WA", "CWP_ZIP": "98953", "CWP_COUNTY": "Yakima", "NPDES_ID": "WA0020168", "REGISTRY_ID": "110015543786", "CWP_FACILITY_TYPE_INDICATOR": "POTW", "CWP_MAJOR_MINOR_STATUS": "Minor", "CWP_PERMIT_STATUS_DESC": "Admin Continued", "STATE_WATER_BODY_NAME": null, "CWP_CSO_FLAG": "N"}}, {"type": "Feature", "geometry": {"type": "Point", "coordinates": [-120.706801961978, 47.8070071974122]}, "properties": {"CWP_NAME": "LAKE WENATCHEE POTW", "CWP_STREET": "21251 BEAVER VALLEY RD", "CWP_CITY": "LEAVENWORTH", "CWP_STATE": "WA", "CWP_ZIP": "98826", "CWP_COUNTY": "Chelan", "NPDES_ID": "WA0052094", "REGISTRY_ID": "110054907302", "CWP_FACILITY_TYPE_INDICATOR": "POTW", "CWP_MAJOR_MINOR_STATUS": "Minor", "CWP_PERMIT_STATUS_DESC": "Admin Continued", "STATE_WATER_BODY_NAME": null, "CWP_CSO_FLAG": "N"}}, {"type": "Feature", "geometry": {"type": "Point", "coordinates": [-122.671498554634, 45.8611176855361]}, "properties": {"CWP_NAME": "LA CENTER STP", "CWP_STREET": "101 ASPEN AVE PL", "CWP_CITY": "LA CENTER", "CWP_STATE": "WA", "CWP_ZIP": "98629", "CWP_COUNTY": "Clark", "NPDES_ID": "WA0023230", "REGISTRY_ID": "110056447288", "CWP_FACILITY_TYPE_INDICATOR": "POTW", "CWP_MAJOR_MINOR_STATUS": "Minor", "CWP_PERMIT_STATUS_DESC": "Admin Continued", "STATE_WATER_BODY_NAME": "LEWIS R.(E.F.)", "CWP_CSO_FLAG": "N"}}, {"type": "Feature", "geometry": {"type": "Point", "coordinates": [-124.13732578947, 47.7169280204293]}, "properties": {"CWP_NAME": "OLYMPIC CORRECTIONS CENTER", "CWP_STREET": "11235 HOH MAINLINE CORR", "CWP_CITY": "FORKS", "CWP_STATE": "WA", "CWP_ZIP": "98331-9492", "CWP_COUNTY": "Clallam", "NPDES_ID": "WA0038938", "REGISTRY_ID": "110015439131", "CWP_FACILITY_TYPE_INDICATOR": "POTW", "CWP_MAJOR_MINOR_STATUS": "Minor", "CWP_PERMIT_STATUS_DESC": "Admin Continued", "STATE_WATER_BODY_NAME": null, "CWP_CSO_FLAG": "N"}}, {"type": "Feature", "geometry": {"type": "Point", "coordinates": [-122.050541141895, 47.1089163680904]}, "properties": {"CWP_NAME": "WILKESON STP", "CWP_STREET": "22209 163RD ST E", "CWP_CITY": "WILKESON", "CWP_STATE": "WA", "CWP_ZIP": "98396-0079", "CWP_COUNTY": "Pierce", "NPDES_ID": "WA0023281", "REGISTRY_ID": "110015542732", "CWP_FACILITY_TYPE_INDICATOR": "POTW", "CWP_MAJOR_MINOR_STATUS": "Minor", "CWP_PERMIT_STATUS_DESC": "Admin Continued", "STATE_WATER_BODY_NAME": "PUYALLUP R.", "CWP_CSO_FLAG": "N"}}, {"type": "Feature", "geometry": {"type": "Point", "coordinates": [-122.846059719812, 46.0056531174432]}, "properties": {"CWP_NAME": "KALAMA STP", "CWP_STREET": "206 HENDRICKSON DR", "CWP_CITY": "KALAMA", "CWP_STATE": "WA", "CWP_ZIP": "98625-1007", "CWP_COUNTY": "Cowlitz", "NPDES_ID": "WA0020320", "REGISTRY_ID": "110009765076", "CWP_FACILITY_TYPE_INDICATOR": "POTW", "CWP_MAJOR_MINOR_STATUS": "Minor", "CWP_PERMIT_STATUS_DESC": "Admin Continued", "STATE_WATER_BODY_NAME": "COLUMBIA R.", "CWP_CSO_FLAG": "N"}}, {"type": "Feature", "geometry": {"type": "Point", "coordinates": [-120.469844669305, 46.5794091741121]}, "properties": {"CWP_NAME": "YAKIMA POTW", "CWP_STREET": "2220 E VIOLA AVE", "CWP_CITY": "YAKIMA", "CWP_STATE": "WA", "CWP_ZIP": "98901-9505", "CWP_COUNTY": "Yakima", "NPDES_ID": "WA0024023", "REGISTRY_ID": "110009513160", "CWP_FACILITY_TYPE_INDICATOR": "POTW", "CWP_MAJOR_MINOR_STATUS": "Major", "CWP_PERMIT_STATUS_DESC": "Admin Continued", "STATE_WATER_BODY_NAME": "YAKIMA R.", "CWP_CSO_FLAG": "N"}}, {"type": "Feature", "geometry": {"type": "Point", "coordinates": [-122.909140033546, 46.2680761976761]}, "properties": {"CWP_NAME": "CASTLE ROCK STP", "CWP_STREET": "118 CUMMINGS ST SW", "CWP_CITY": "CASTLE ROCK", "CWP_STATE": "WA", "CWP_ZIP": "98611-0370", "CWP_COUNTY": "Cowlitz", "NPDES_ID": "WA0022683", "REGISTRY_ID": "110009764889", "CWP_FACILITY_TYPE_INDICATOR": "POTW", "CWP_MAJOR_MINOR_STATUS": "Minor", "CWP_PERMIT_STATUS_DESC": "Admin Continued", "STATE_WATER_BODY_NAME": "COWLITZ R.", "CWP_CSO_FLAG": "N"}}, {"type": "Feature", "geometry": {"type": "Point", "coordinates": [-123.299218402522, 46.5801373256815]}, "properties": {"CWP_NAME": "PE ELL STP", "CWP_STREET": "1100 N 2ND ST", "CWP_CITY": "PE ELL", "CWP_STATE": "WA", "CWP_ZIP": "98572-0215", "CWP_COUNTY": "Lewis", "NPDES_ID": "WA0020192", "REGISTRY_ID": "110015554862", "CWP_FACILITY_TYPE_INDICATOR": "POTW", "CWP_MAJOR_MINOR_STATUS": "Minor", "CWP_PERMIT_STATUS_DESC": "Effective", "STATE_WATER_BODY_NAME": null, "CWP_CSO_FLAG": "N"}}, {"type": "Feature", "geometry": {"type": "Point", "coordinates": [-122.457442245206, 47.451970830775]}, "properties": {"CWP_NAME": "KING COUNTY VASHON WWTP", "CWP_STREET": "9615 SW 171ST ST", "CWP_CITY": "VASHON", "CWP_STATE": "WA", "CWP_ZIP": "98070", "CWP_COUNTY": "King", "NPDES_ID": "WA0022527", "REGISTRY_ID": "110006684276", "CWP_FACILITY_TYPE_INDICATOR": "POTW", "CWP_MAJOR_MINOR_STATUS": "Minor", "CWP_PERMIT_STATUS_DESC": "Admin Continued", "STATE_WATER_BODY_NAME": null, "CWP_CSO_FLAG": "N"}}, {"type": "Feature", "geometry": {"type": "Point", "coordinates": [-122.575014171568, 47.1941369724082]}, "properties": {"CWP_NAME": "CHAMBERS CREEK STP", "CWP_STREET": "10311 CHAMBERS CREEK RD W", "CWP_CITY": "UNIVERSITY PLACE", "CWP_STATE": "WA", "CWP_ZIP": "98467-1040", "CWP_COUNTY": "Pierce", "NPDES_ID": "WA0039624", "REGISTRY_ID": "110005380391", "CWP_FACILITY_TYPE_INDICATOR": "POTW", "CWP_MAJOR_MINOR_STATUS": "Major", "CWP_PERMIT_STATUS_DESC": "Admin Continued", "STATE_WATER_BODY_NAME": "CHAMBERS CREEK", "CWP_CSO_FLAG": "N"}}, {"type": "Feature", "geometry": {"type": "Point", "coordinates": [-122.620766839077, 45.615881547995]}, "properties": {"CWP_NAME": "MARINE PARK STP", "CWP_STREET": "4650 SE COLUMBIA WAY", "CWP_CITY": "VANCOUVER", "CWP_STATE": "WA", "CWP_ZIP": "98661-5581", "CWP_COUNTY": "Clark", "NPDES_ID": "WA0024368", "REGISTRY_ID": "110039921421", "CWP_FACILITY_TYPE_INDICATOR": "POTW", "CWP_MAJOR_MINOR_STATUS": "Major", "CWP_PERMIT_STATUS_DESC": "Admin Continued", "STATE_WATER_BODY_NAME": "COLUMBIA R.", "CWP_CSO_FLAG": "N"}}, {"type": "Feature", "geometry": {"type": "Point", "coordinates": [-117.884600246379, 47.6716658201923]}, "properties": {"CWP_NAME": "REARDAN STP", "CWP_STREET": "555 W RAILROAD", "CWP_CITY": "REARDAN", "CWP_STATE": "WA", "CWP_ZIP": "99029", "CWP_COUNTY": "Lincoln", "NPDES_ID": "WA0045306", "REGISTRY_ID": "110009763595", "CWP_FACILITY_TYPE_INDICATOR": "POTW", "CWP_MAJOR_MINOR_STATUS": "Minor", "CWP_PERMIT_STATUS_DESC": "Admin Continued", "STATE_WATER_BODY_NAME": null, "CWP_CSO_FLAG": "N"}}, {"type": "Feature", "geometry": {"type": "Point", "coordinates": [-122.597485478858, 46.9511734150946]}, "properties": {"CWP_NAME": "YELM WATER RECLAMATION FACILITY", "CWP_STREET": "1101 NP RD NE", "CWP_CITY": "YELM", "CWP_STATE": "WA", "CWP_ZIP": "98597-0479", "CWP_COUNTY": "Thurston", "NPDES_ID": "WA0040762", "REGISTRY_ID": "110056461369", "CWP_FACILITY_TYPE_INDICATOR": "POTW", "CWP_MAJOR_MINOR_STATUS": "Minor", "CWP_PERMIT_STATUS_DESC": "Admin Continued", "STATE_WATER_BODY_NAME": "NISQUALLY R.", "CWP_CSO_FLAG": "N"}}, {"type": "Feature", "geometry": {"type": "Point", "coordinates": [-123.606873911933, 46.9678161607354]}, "properties": {"CWP_NAME": "MONTESANO STP", "CWP_STREET": "128 STATE ROUTE 107", "CWP_CITY": "MONTESANO", "CWP_STATE": "WA", "CWP_ZIP": "98563", "CWP_COUNTY": "Grays Harbor", "NPDES_ID": "WA0024660", "REGISTRY_ID": "110054936012", "CWP_FACILITY_TYPE_INDICATOR": "POTW", "CWP_MAJOR_MINOR_STATUS": "Minor", "CWP_PERMIT_STATUS_DESC": "Admin Continued", "STATE_WATER_BODY_NAME": "CHEHALIS R.", "CWP_CSO_FLAG": "N"}}, {"type": "Feature", "geometry": {"type": "Point", "coordinates": [-119.763435995668, 46.2140011869408]}, "properties": {"CWP_NAME": "PROSSER POTW", "CWP_STREET": "999 GRANDE RD", "CWP_CITY": "PROSSER", "CWP_STATE": "WA", "CWP_ZIP": "99350", "CWP_COUNTY": "Benton", "NPDES_ID": "WA0020800", "REGISTRY_ID": "110042063138", "CWP_FACILITY_TYPE_INDICATOR": "POTW", "CWP_MAJOR_MINOR_STATUS": "Major", "CWP_PERMIT_STATUS_DESC": "Admin Continued", "STATE_WATER_BODY_NAME": "YAKIMA R.", "CWP_CSO_FLAG": "N"}}, {"type": "Feature", "geometry": {"type": "Point", "coordinates": [-122.92730383728, 47.124660705213]}, "properties": {"CWP_NAME": "TAMOSHAN STP", "CWP_STREET": "2304 63RD AVE NW", "CWP_CITY": "OLYMPIA", "CWP_STATE": "WA", "CWP_ZIP": "98502", "CWP_COUNTY": "Thurston", "NPDES_ID": "WA0037290", "REGISTRY_ID": "110039939396", "CWP_FACILITY_TYPE_INDICATOR": "POTW", "CWP_MAJOR_MINOR_STATUS": "Minor", "CWP_PERMIT_STATUS_DESC": "Effective", "STATE_WATER_BODY_NAME": null, "CWP_CSO_FLAG": "N"}}, {"type": "Feature", "geometry": {"type": "Point", "coordinates": [-123.120143484093, 46.1897937843591]}, "properties": {"CWP_NAME": "STELLA STP", "CWP_STREET": "8525 OCEAN BEACH HWY", "CWP_CITY": "LONGVIEW", "CWP_STATE": "WA", "CWP_ZIP": "98632-9753", "CWP_COUNTY": "Cowlitz", "NPDES_ID": "WA0039152", "REGISTRY_ID": "110015674260", "CWP_FACILITY_TYPE_INDICATOR": "POTW", "CWP_MAJOR_MINOR_STATUS": "Minor", "CWP_PERMIT_STATUS_DESC": "Admin Continued", "STATE_WATER_BODY_NAME": "COLUMBIA R.", "CWP_CSO_FLAG": "N"}}, {"type": "Feature", "geometry": {"type": "Point", "coordinates": [-117.189625414143, 46.738299945395]}, "properties": {"CWP_NAME": "PULLMAN WWTP", "CWP_STREET": "1025 NW GUY ST", "CWP_CITY": "PULLMAN", "CWP_STATE": "WA", "CWP_ZIP": "99163-0249", "CWP_COUNTY": "Whitman", "NPDES_ID": "WA0044652", "REGISTRY_ID": "110061141081", "CWP_FACILITY_TYPE_INDICATOR": "POTW", "CWP_MAJOR_MINOR_STATUS": "Major", "CWP_PERMIT_STATUS_DESC": "Admin Continued", "STATE_WATER_BODY_NAME": "PALOUSE R. (S.F.)", "CWP_CSO_FLAG": "N"}}, {"type": "Feature", "geometry": {"type": "Point", "coordinates": [-122.319741739429, 47.9109839428175]}, "properties": {"CWP_NAME": "MUKILTEO WATER AND WASTEWATER DISTRICT WWTP", "CWP_STREET": "9417 62ND PL W", "CWP_CITY": "MUKILTEO", "CWP_STATE": "WA", "CWP_ZIP": "98275", "CWP_COUNTY": "Snohomish", "NPDES_ID": "WA0023396", "REGISTRY_ID": "110015504275", "CWP_FACILITY_TYPE_INDICATOR": "POTW", "CWP_MAJOR_MINOR_STATUS": "Minor", "CWP_PERMIT_STATUS_DESC": "Effective", "STATE_WATER_BODY_NAME": null, "CWP_CSO_FLAG": "N"}}, {"type": "Feature", "geometry": {"type": "Point", "coordinates": [-120.540890310562, 46.9685971012168]}, "properties": {"CWP_NAME": "ELLENSBURG POTW", "CWP_STREET": "2415 CANYON RD", "CWP_CITY": "ELLENSBURG", "CWP_STATE": "WA", "CWP_ZIP": "98926", "CWP_COUNTY": "Kittitas", "NPDES_ID": "WA0024341", "REGISTRY_ID": "110010135736", "CWP_FACILITY_TYPE_INDICATOR": "POTW", "CWP_MAJOR_MINOR_STATUS": "Major", "CWP_PERMIT_STATUS_DESC": "Effective", "STATE_WATER_BODY_NAME": null, "CWP_CSO_FLAG": "N"}}, {"type": "Feature", "geometry": {"type": "Point", "coordinates": [-122.32133157248, 47.205602457275]}, "properties": {"CWP_NAME": "PUYALLUP STP", "CWP_STREET": "1602 18TH STREET NW", "CWP_CITY": "PUYALLUP", "CWP_STATE": "WA", "CWP_ZIP": "98371-3895", "CWP_COUNTY": "Pierce", "NPDES_ID": "WA0037168", "REGISTRY_ID": "110005344699", "CWP_FACILITY_TYPE_INDICATOR": "POTW", "CWP_MAJOR_MINOR_STATUS": "Major", "CWP_PERMIT_STATUS_DESC": "Admin Continued", "STATE_WATER_BODY_NAME": "PUYALLUP RIVER", "CWP_CSO_FLAG": "N"}}, {"type": "Feature", "geometry": {"type": "Point", "coordinates": [-123.274346856485, 47.0543264853779]}, "properties": {"CWP_NAME": "MCCLEARY STP", "CWP_STREET": "700 W MAPLE", "CWP_CITY": "MCCLEARY", "CWP_STATE": "WA", "CWP_ZIP": "98557-0360", "CWP_COUNTY": "Grays Harbor", "NPDES_ID": "WA0024040", "REGISTRY_ID": "110015541555", "CWP_FACILITY_TYPE_INDICATOR": "POTW", "CWP_MAJOR_MINOR_STATUS": "Minor", "CWP_PERMIT_STATUS_DESC": "Effective", "STATE_WATER_BODY_NAME": "WILDCAT CREEK", "CWP_CSO_FLAG": "N"}}, {"type": "Feature", "geometry": {"type": "Point", "coordinates": [-124.034945724817, 46.306581453226]}, "properties": {"CWP_NAME": "ILWACO STP", "CWP_STREET": "336 ELIZABETH AVE SE", "CWP_CITY": "ILWACO", "CWP_STATE": "WA", "CWP_ZIP": "98624-0548", "CWP_COUNTY": "Pacific", "NPDES_ID": "WA0023159", "REGISTRY_ID": "110009764647", "CWP_FACILITY_TYPE_INDICATOR": "POTW", "CWP_MAJOR_MINOR_STATUS": "Minor", "CWP_PERMIT_STATUS_DESC": "Effective", "STATE_WATER_BODY_NAME": "COLUMBIA R.", "CWP_CSO_FLAG": "N"}}, {"type": "Feature", "geometry": {"type": "Point", "coordinates": [-122.513978448949, 48.7178368153448]}, "properties": {"CWP_NAME": "BELLINGHAM STP", "CWP_STREET": "200 MCKENZIE AVE", "CWP_CITY": "BELLINGHAM", "CWP_STATE": "WA", "CWP_ZIP": "98225", "CWP_COUNTY": "Whatcom", "NPDES_ID": "WA0023744", "REGISTRY_ID": "110061176016", "CWP_FACILITY_TYPE_INDICATOR": "POTW", "CWP_MAJOR_MINOR_STATUS": "Major", "CWP_PERMIT_STATUS_DESC": "Admin Continued", "STATE_WATER_BODY_NAME": "BELLINGHAM BAY (INNER) AND WHATCOM WATERWAY", "CWP_CSO_FLAG": "Y"}}, {"type": "Feature", "geometry": {"type": "Point", "coordinates": [-121.829797215688, 47.5426270629911]}, "properties": {"CWP_NAME": "SNOQUALMIE WWTP AND RECLAIM FACILITY", "CWP_STREET": "38190 SE STEARNS RD", "CWP_CITY": "SNOQUALMIE", "CWP_STATE": "WA", "CWP_ZIP": "98065-0987", "CWP_COUNTY": "King", "NPDES_ID": "WA0022403", "REGISTRY_ID": "110015540011", "CWP_FACILITY_TYPE_INDICATOR": "POTW", "CWP_MAJOR_MINOR_STATUS": "Minor", "CWP_PERMIT_STATUS_DESC": "Effective", "STATE_WATER_BODY_NAME": "SNOQUALMIE R.", "CWP_CSO_FLAG": "N"}}, {"type": "Feature", "geometry": {"type": "Point", "coordinates": [-119.895917367878, 48.0558479119486]}, "properties": {"CWP_NAME": "PATEROS POTW", "CWP_STREET": "190 LAKESHORE DRIVE", "CWP_CITY": "PATEROS", "CWP_STATE": "WA", "CWP_ZIP": "98846", "CWP_COUNTY": "Okanogan", "NPDES_ID": "WA0020559", "REGISTRY_ID": "110010897930", "CWP_FACILITY_TYPE_INDICATOR": "POTW", "CWP_MAJOR_MINOR_STATUS": "Minor", "CWP_PERMIT_STATUS_DESC": "Admin Continued", "STATE_WATER_BODY_NAME": "COLUMBIA R.", "CWP_CSO_FLAG": "N"}}, {"type": "Feature", "geometry": {"type": "Point", "coordinates": [-117.916585748538, 48.5397014050946]}, "properties": {"CWP_NAME": "COLVILLE STP", "CWP_STREET": "170 S OAK ST", "CWP_CITY": "COLVILLE", "CWP_STATE": "WA", "CWP_ZIP": "99114-2846", "CWP_COUNTY": "Stevens", "NPDES_ID": "WA0022616", "REGISTRY_ID": "110040405344", "CWP_FACILITY_TYPE_INDICATOR": "POTW", "CWP_MAJOR_MINOR_STATUS": "Minor", "CWP_PERMIT_STATUS_DESC": "Admin Continued", "STATE_WATER_BODY_NAME": "COLVILLE R.", "CWP_CSO_FLAG": "N"}}, {"type": "Feature", "geometry": {"type": "Point", "coordinates": [-122.330297846503, 47.3412921738839]}, "properties": {"CWP_NAME": "REDONDO WWTP", "CWP_STREET": "515 S 288TH ST", "CWP_CITY": "DES MOINES", "CWP_STATE": "WA", "CWP_ZIP": "98198", "CWP_COUNTY": "King", "NPDES_ID": "WA0023451", "REGISTRY_ID": "110061168454", "CWP_FACILITY_TYPE_INDICATOR": "POTW", "CWP_MAJOR_MINOR_STATUS": "Major", "CWP_PERMIT_STATUS_DESC": "Effective", "STATE_WATER_BODY_NAME": null, "CWP_CSO_FLAG": "N"}}, {"type": "Feature", "geometry": {"type": "Point", "coordinates": [-120.284241608663, 46.368673743141]}, "properties": {"CWP_NAME": "CITY OF TOPPENISH", "CWP_STREET": "WWTP", "CWP_CITY": "TOPPENISH", "CWP_STATE": "WA", "CWP_ZIP": "00000", "CWP_COUNTY": "Yakima", "NPDES_ID": "WA0020681", "REGISTRY_ID": "110008217508", "CWP_FACILITY_TYPE_INDICATOR": "POTW", "CWP_MAJOR_MINOR_STATUS": "Minor", "CWP_PERMIT_STATUS_DESC": "Terminated", "STATE_WATER_BODY_NAME": "EAST TOPPENISH DRAIN OF THE WA", "CWP_CSO_FLAG": "N"}}, {"type": "Feature", "geometry": {"type": "Point", "coordinates": [-117.412936582038, 48.749516904237]}, "properties": {"CWP_NAME": "IONE STP", "CWP_STREET": "1 MILE NORTH OF IONE ON HIGHWAY 31", "CWP_CITY": "IONE", "CWP_STATE": "WA", "CWP_ZIP": "99139-0498", "CWP_COUNTY": "Pend Oreille", "NPDES_ID": "WA0045373", "REGISTRY_ID": "110039941285", "CWP_FACILITY_TYPE_INDICATOR": "POTW", "CWP_MAJOR_MINOR_STATUS": "Minor", "CWP_PERMIT_STATUS_DESC": "Admin Continued", "STATE_WATER_BODY_NAME": "PEND OREILLE R.", "CWP_CSO_FLAG": "N"}}, {"type": "Feature", "geometry": {"type": "Point", "coordinates": [-120.561535924983, 46.4045593641533]}, "properties": {"CWP_NAME": "HARRAH, TOWN OF - HARRAH WWTP", "CWP_STREET": "8761 BRANCH ROAD", "CWP_CITY": "HARRAH", "CWP_STATE": "WA", "CWP_ZIP": "98933", "CWP_COUNTY": "Yakima", "NPDES_ID": "WA0022705", "REGISTRY_ID": "110039923410", "CWP_FACILITY_TYPE_INDICATOR": "POTW", "CWP_MAJOR_MINOR_STATUS": "Minor", "CWP_PERMIT_STATUS_DESC": "Admin Continued", "STATE_WATER_BODY_NAME": "HARRAH DRAIN", "CWP_CSO_FLAG": "N"}}, {"type": "Feature", "geometry": {"type": "Point", "coordinates": [-117.08199456894, 46.9096307112021]}, "properties": {"CWP_NAME": "PALOUSE STP", "CWP_STREET": "500 W MAIN ST", "CWP_CITY": "PALOUSE", "CWP_STATE": "WA", "CWP_ZIP": "99161-0248", "CWP_COUNTY": "Whitman", "NPDES_ID": "WA0044806", "REGISTRY_ID": "110009763559", "CWP_FACILITY_TYPE_INDICATOR": "POTW", "CWP_MAJOR_MINOR_STATUS": "Minor", "CWP_PERMIT_STATUS_DESC": "Admin Continued", "STATE_WATER_BODY_NAME": null, "CWP_CSO_FLAG": "N"}}, {"type": "Feature", "geometry": {"type": "Point", "coordinates": [-122.898671200022, 47.0493775565904]}, "properties": {"CWP_NAME": "LOTT BUDD INLET WATER RECLAMATION FACILITY", "CWP_STREET": "500 ADAMS ST NE", "CWP_CITY": "OLYMPIA", "CWP_STATE": "WA", "CWP_ZIP": "98501", "CWP_COUNTY": "Thurston", "NPDES_ID": "WA0037061", "REGISTRY_ID": "110005311769", "CWP_FACILITY_TYPE_INDICATOR": "POTW", "CWP_MAJOR_MINOR_STATUS": "Major", "CWP_PERMIT_STATUS_DESC": "Effective", "STATE_WATER_BODY_NAME": "BUDD INLET (INNER)", "CWP_CSO_FLAG": "Y"}}, {"type": "Feature", "geometry": {"type": "Point", "coordinates": [-120.910284255258, 47.1877123948158]}, "properties": {"CWP_NAME": "CLE ELUM POTW", "CWP_STREET": "500 OWENS ROAD", "CWP_CITY": "CLE ELUM", "CWP_STATE": "WA", "CWP_ZIP": "98922-1159", "CWP_COUNTY": "Kittitas", "NPDES_ID": "WA0021938", "REGISTRY_ID": "110039923161", "CWP_FACILITY_TYPE_INDICATOR": "POTW", "CWP_MAJOR_MINOR_STATUS": "Minor", "CWP_PERMIT_STATUS_DESC": "Effective", "STATE_WATER_BODY_NAME": null, "CWP_CSO_FLAG": "N"}}, {"type": "Feature", "geometry": {"type": "Point", "coordinates": [-122.04895769111, 48.1740545707091]}, "properties": {"CWP_NAME": "WA DNR INDIAN RIDGE YOUTH CAMP", "CWP_STREET": "19601 NICKS RD", "CWP_CITY": "ARLINGTON", "CWP_STATE": "WA", "CWP_ZIP": "98223-6974", "CWP_COUNTY": "Snohomish", "NPDES_ID": "WA0029424", "REGISTRY_ID": "110006684891", "CWP_FACILITY_TYPE_INDICATOR": "POTW", "CWP_MAJOR_MINOR_STATUS": "Minor", "CWP_PERMIT_STATUS_DESC": "Terminated", "STATE_WATER_BODY_NAME": "STILLAGUAMISH R. (S.F.)", "CWP_CSO_FLAG": "N"}}, {"type": "Feature", "geometry": {"type": "Point", "coordinates": [-122.596569532248, 48.8377524133324]}, "properties": {"CWP_NAME": "FERNDALE STP", "CWP_STREET": "5405 FERNDALE RD", "CWP_CITY": "FERNDALE", "CWP_STATE": "WA", "CWP_ZIP": "98248-9147", "CWP_COUNTY": "Whatcom", "NPDES_ID": "WA0022454", "REGISTRY_ID": "110006684267", "CWP_FACILITY_TYPE_INDICATOR": "POTW", "CWP_MAJOR_MINOR_STATUS": "Minor", "CWP_PERMIT_STATUS_DESC": "Admin Continued", "STATE_WATER_BODY_NAME": "NOOKSACK R.(S.F.)", "CWP_CSO_FLAG": "N"}}, {"type": "Feature", "geometry": {"type": "Point", "coordinates": [-118.982227567573, 47.9580943968619]}, "properties": {"CWP_NAME": "GRAND COULEE DAM WWTP", "CWP_STREET": "EAST SIDE OF THE GRAND COULEE DAM", "CWP_CITY": "COULEE DAM", "CWP_STATE": "WA", "CWP_ZIP": "99133", "CWP_COUNTY": "Okanogan", "NPDES_ID": "WA0024163", "REGISTRY_ID": "110006517796", "CWP_FACILITY_TYPE_INDICATOR": "NON-POTW", "CWP_MAJOR_MINOR_STATUS": "Minor", "CWP_PERMIT_STATUS_DESC": "Admin Continued", "STATE_WATER_BODY_NAME": "COLUMBIA RIVER", "CWP_CSO_FLAG": "N"}}, {"type": "Feature", "geometry": {"type": "Point", "coordinates": [-120.284241608663, 46.368673743141]}, "properties": {"CWP_NAME": "TOPPENISH, CITY OF - TOPPENISH WWTP", "CWP_STREET": "501 ANNAHAT ROAD", "CWP_CITY": "TOPPENISH", "CWP_STATE": "WA", "CWP_ZIP": "98948", "CWP_COUNTY": "Yakima", "NPDES_ID": "WA0026123", "REGISTRY_ID": "110008217508", "CWP_FACILITY_TYPE_INDICATOR": "POTW", "CWP_MAJOR_MINOR_STATUS": "Minor", "CWP_PERMIT_STATUS_DESC": "Admin Continued", "STATE_WATER_BODY_NAME": "YAKIMA RIVER VIA TOPPENISH DRAIN", "CWP_CSO_FLAG": "N"}}, {"type": "Feature", "geometry": {"type": "Point", "coordinates": [-121.078963961952, 47.7716853820932]}, "properties": {"CWP_NAME": "STEVENS PASS SEWER DISTRICT", "CWP_STREET": "YODELIN PLACE 2 MI E STEVENS PASS", "CWP_CITY": "LEAVENWORTH", "CWP_STATE": "WA", "CWP_ZIP": "98826-0098", "CWP_COUNTY": "Chelan", "NPDES_ID": "WA0029521", "REGISTRY_ID": "110009764291", "CWP_FACILITY_TYPE_INDICATOR": "POTW", "CWP_MAJOR_MINOR_STATUS": "Minor", "CWP_PERMIT_STATUS_DESC": "Admin Continued", "STATE_WATER_BODY_NAME": null, "CWP_CSO_FLAG": "N"}}, {"type": "Feature", "geometry": {"type": "Point", "coordinates": [-122.728763949168, 46.5715551557426]}, "properties": {"CWP_NAME": "LEWIS COUNTY WATER DIST NO 2", "CWP_STREET": "1678 ST HWY 508", "CWP_CITY": "ONALASKA", "CWP_STATE": "WA", "CWP_ZIP": "98570", "CWP_COUNTY": "Lewis", "NPDES_ID": "WA0024546", "REGISTRY_ID": "110009764576", "CWP_FACILITY_TYPE_INDICATOR": "POTW", "CWP_MAJOR_MINOR_STATUS": "Minor", "CWP_PERMIT_STATUS_DESC": "Admin Continued", "STATE_WATER_BODY_NAME": null, "CWP_CSO_FLAG": "N"}}, {"type": "Feature", "geometry": {"type": "Point", "coordinates": [-124.299044737534, 48.2601500187212]}, "properties": {"CWP_NAME": "SEKIU STP", "CWP_STREET": "176 FRONT ST", "CWP_CITY": "SEKIU", "CWP_STATE": "WA", "CWP_ZIP": "98381", "CWP_COUNTY": "Clallam", "NPDES_ID": "WA0024449", "REGISTRY_ID": "110039933560", "CWP_FACILITY_TYPE_INDICATOR": "POTW", "CWP_MAJOR_MINOR_STATUS": "Minor", "CWP_PERMIT_STATUS_DESC": "Admin Continued", "STATE_WATER_BODY_NAME": "STRAIT OF JUAN DE FUCA (WEST)", "CWP_CSO_FLAG": "N"}}, {"type": "Feature", "geometry": {"type": "Point", "coordinates": [-117.968866790061, 47.8949441077474]}, "properties": {"CWP_NAME": "WELLPINIT SANITATION & MAINT F", "CWP_STREET": "SHERWOOD LOOP ROAD", "CWP_CITY": "WELLPINIT", "CWP_STATE": "WA", "CWP_ZIP": "99040", "CWP_COUNTY": "Stevens", "NPDES_ID": "WA0025704", "REGISTRY_ID": "110010897565", "CWP_FACILITY_TYPE_INDICATOR": "POTW", "CWP_MAJOR_MINOR_STATUS": "Minor", "CWP_PERMIT_STATUS_DESC": "Effective", "STATE_WATER_BODY_NAME": "LITTLE TSHIMIKAIN CREEK", "CWP_CSO_FLAG": "N"}}]}