{"type": "FeatureCollection", "features": [{"type": "Feature", "geometry": {"type": "Point", "coordinates": [-93.2268604574688, 44.0848915744308]}, "properties": {"CWP_NAME": "MERIDEN TOWNSHIP", "CWP_STREET": "T107N,R21W,SECT18,OWATONNA", "CWP_CITY": "OWATONNA", "CWP_STATE": "MN", "CWP_ZIP": "55060", "CWP_COUNTY": "Steele", "NPDES_ID": "MN0068713", "REGISTRY_ID": "110028295324", "CWP_FACILITY_TYPE_INDICATOR": "POTW", "CWP_MAJOR_MINOR_STATUS": "Minor", "CWP_PERMIT_STATUS_DESC": "Terminated", "STATE_WATER_BODY_NAME": "JUD DT #1", "CWP_CSO_FLAG": "N"}}, {"type": "Feature", "geometry": {"type": "Point", "coordinates": [-96.2580819879013, 43.8889875172686]}, "properties": {"CWP_NAME": "TROSKY WWTP", "CWP_STREET": "220 BROADWAY ST S", "CWP_CITY": "TROSKY", "CWP_STATE": "MN", "CWP_ZIP": "561441070", "CWP_COUNTY": "Pipestone", "NPDES_ID": "MN0071633", "REGISTRY_ID": "110071205849", "CWP_FACILITY_TYPE_INDICATOR": "POTW", "CWP_MAJOR_MINOR_STATUS": "Minor", "CWP_PERMIT_STATUS_DESC": "Effective", "STATE_WATER_BODY_NAME": "POPLAR CREEK", "CWP_CSO_FLAG": "N"}}, {"type": "Feature", "geometry": {"type": "Point", "coordinates": [-95.8011282015058, 43.6194579952483]}, "properties": {"CWP_NAME": "RUSHMORE", "CWP_STREET": "136 THOMPSON AVE NO", "CWP_CITY": "RUSHMORE", "CWP_STATE": "MN", "CWP_ZIP": "56168", "CWP_COUNTY": "Nobles", "NPDES_ID": "MN0025836", "REGISTRY_ID": "110008810689", "CWP_FACILITY_TYPE_INDICATOR": "POTW", "CWP_MAJOR_MINOR_STATUS": "Minor", "CWP_PERMIT_STATUS_DESC": "Terminated", "STATE_WATER_BODY_NAME": "LTL ROCK R VIA CR", "CWP_CSO_FLAG": "N"}}, {"type": "Feature", "geometry": {"type": "Point", "coordinates": [-94.4124551688439, 45.0875862573709]}, "properties": {"CWP_NAME": "DARWIN WWTP", "CWP_STREET": "ADDRESS UNKNOWN", "CWP_CITY": "DARWIN", "CWP_STATE": "MN", "CWP_ZIP": "55324", "CWP_COUNTY": "Meeker", "NPDES_ID": "MNG585150", "REGISTRY_ID": "110067890045", "CWP_FACILITY_TYPE_INDICATOR": "POTW", "CWP_MAJOR_MINOR_STATUS": "Minor", "CWP_PERMIT_STATUS_DESC": "Effective", "STATE_WATER_BODY_NAME": "DARWIN", "CWP_CSO_FLAG": "N"}}, {"type": "Feature", "geometry": {"type": "Point", "coordinates": [-94.4179600259738, 45.8099254235513]}, "properties": {"CWP_NAME": "BOWLUS WWTP", "CWP_STREET": "40TH ST W", "CWP_CITY": "BOWLUS", "CWP_STATE": "MN", "CWP_ZIP": "56314", "CWP_COUNTY": "Morrison", "NPDES_ID": "MN0020923", "REGISTRY_ID": "110008805935", "CWP_FACILITY_TYPE_INDICATOR": "POTW", "CWP_MAJOR_MINOR_STATUS": "Minor", "CWP_PERMIT_STATUS_DESC": "Effective", "STATE_WATER_BODY_NAME": "NORTH TWO RIVER", "CWP_CSO_FLAG": "N"}}, {"type": "Feature", "geometry": {"type": "Point", "coordinates": [-93.5309995075618, 43.6140730095388]}, "properties": {"CWP_NAME": "CONGER", "CWP_STREET": "SEC 19 T102N R22W", "CWP_CITY": "CONGER", "CWP_STATE": "MN", "CWP_ZIP": "56020", "CWP_COUNTY": "Freeborn", "NPDES_ID": "MN0068519", "REGISTRY_ID": "110025311124", "CWP_FACILITY_TYPE_INDICATOR": "POTW", "CWP_MAJOR_MINOR_STATUS": "Minor", "CWP_PERMIT_STATUS_DESC": "Terminated", "STATE_WATER_BODY_NAME": "FREEBORN CO DT #48", "CWP_CSO_FLAG": "N"}}, {"type": "Feature", "geometry": {"type": "Point", "coordinates": [-94.8911085342783, 44.1080373149087]}, "properties": {"CWP_NAME": "COMFREY", "CWP_STREET": "35560 CTY RD 17", "CWP_CITY": "COMFREY", "CWP_STATE": "MN", "CWP_ZIP": "56019", "CWP_COUNTY": "Brown", "NPDES_ID": "MN0021687", "REGISTRY_ID": "110008810377", "CWP_FACILITY_TYPE_INDICATOR": "POTW", "CWP_MAJOR_MINOR_STATUS": "Minor", "CWP_PERMIT_STATUS_DESC": "Admin Continued", "STATE_WATER_BODY_NAME": "ALTERMATTS CR", "CWP_CSO_FLAG": "N"}}, {"type": "Feature", "geometry": {"type": "Point", "coordinates": [-94.519981719021, 44.9379741134063]}, "properties": {"CWP_NAME": "CEDAR MILLS WWTP", "CWP_STREET": "SEE LOCATION DESCRIPTION", "CWP_CITY": "CEDAR MILLS", "CWP_STATE": "MN", "CWP_ZIP": "55350", "CWP_COUNTY": "Meeker", "NPDES_ID": "MN0066605", "REGISTRY_ID": "110013739026", "CWP_FACILITY_TYPE_INDICATOR": "POTW", "CWP_MAJOR_MINOR_STATUS": "Minor", "CWP_PERMIT_STATUS_DESC": "Effective", "STATE_WATER_BODY_NAME": "CROW RIVER, SOUTH FORK", "CWP_CSO_FLAG": "N"}}, {"type": "Feature", "geometry": {"type": "Point", "coordinates": [-95.1779763046951, 45.1494119036813]}, "properties": {"CWP_NAME": "PENNOCK WWTP", "CWP_STREET": "SEE LOCATION DESCRIPTION", "CWP_CITY": "PENNOCK", "CWP_STATE": "MN", "CWP_ZIP": "56279", "CWP_COUNTY": "Kandiyohi", "NPDES_ID": "MNG585104", "REGISTRY_ID": "110069175699", "CWP_FACILITY_TYPE_INDICATOR": "POTW", "CWP_MAJOR_MINOR_STATUS": "Minor", "CWP_PERMIT_STATUS_DESC": "Effective", "STATE_WATER_BODY_NAME": "UNNAMED DITCH", "CWP_CSO_FLAG": "N"}}, {"type": "Feature", "geometry": {"type": "Point", "coordinates": [-96.9504602181392, 48.749990139789]}, "properties": {"CWP_NAME": "HALLOCK WWTP", "CWP_STREET": "240TH ST", "CWP_CITY": "HALLOCK", "CWP_STATE": "MN", "CWP_ZIP": "56728", "CWP_COUNTY": "Kittson", "NPDES_ID": "MNG585147", "REGISTRY_ID": "110068254070", "CWP_FACILITY_TYPE_INDICATOR": "POTW", "CWP_MAJOR_MINOR_STATUS": "Minor", "CWP_PERMIT_STATUS_DESC": "Effective", "STATE_WATER_BODY_NAME": "UNNAMED DITCH", "CWP_CSO_FLAG": "N"}}, {"type": "Feature", "geometry": {"type": "Point", "coordinates": [-95.6948987611139, 45.7792476513013]}, "properties": {"CWP_NAME": "FARWELL KENSINGTON SANITARY DISTRICT WWTP", "CWP_STREET": "SEE LOCATION DESCRIPTION", "CWP_CITY": "KENSINGTON", "CWP_STATE": "MN", "CWP_ZIP": "56343", "CWP_COUNTY": "Douglas", "NPDES_ID": "MNG585220", "REGISTRY_ID": "110068360543", "CWP_FACILITY_TYPE_INDICATOR": "POTW", "CWP_MAJOR_MINOR_STATUS": "Minor", "CWP_PERMIT_STATUS_DESC": "Effective", "STATE_WATER_BODY_NAME": "UNNAMED DITCH", "CWP_CSO_FLAG": "N"}}, {"type": "Feature", "geometry": {"type": "Point", "coordinates": [-95.8900085522413, 45.9100081806378]}, "properties": {"CWP_NAME": "BARRETT WWTP", "CWP_STREET": "1000 TREATMENT RD", "CWP_CITY": "BARRETT", "CWP_STATE": "MN", "CWP_ZIP": "56311", "CWP_COUNTY": "Grant", "NPDES_ID": "MN0022713", "REGISTRY_ID": "110008804632", "CWP_FACILITY_TYPE_INDICATOR": "POTW", "CWP_MAJOR_MINOR_STATUS": "Minor", "CWP_PERMIT_STATUS_DESC": "Effective", "STATE_WATER_BODY_NAME": "UNNAMED CREEK", "CWP_CSO_FLAG": "N"}}, {"type": "Feature", "geometry": {"type": "Point", "coordinates": [-94.573195617712, 45.6220021519181]}, "properties": {"CWP_NAME": "ALBANY WWTP", "CWP_STREET": "34502 COUNTY ROAD 41", "CWP_CITY": "ALBANY", "CWP_STATE": "MN", "CWP_ZIP": "56307", "CWP_COUNTY": "Stearns", "NPDES_ID": "MN0020575", "REGISTRY_ID": "110009033447", "CWP_FACILITY_TYPE_INDICATOR": "POTW", "CWP_MAJOR_MINOR_STATUS": "Minor", "CWP_PERMIT_STATUS_DESC": "Effective", "STATE_WATER_BODY_NAME": "SOUTH TWO RIVER", "CWP_CSO_FLAG": "N"}}, {"type": "Feature", "geometry": {"type": "Point", "coordinates": [-93.9587562679205, 46.4842543077921]}, "properties": {"CWP_NAME": "SERPENT LAKE WWTP", "CWP_STREET": "350 2ND ST NW", "CWP_CITY": "CROSBY", "CWP_STATE": "MN", "CWP_ZIP": "56441", "CWP_COUNTY": "Crow Wing", "NPDES_ID": "MNG585215", "REGISTRY_ID": "110068769577", "CWP_FACILITY_TYPE_INDICATOR": "POTW", "CWP_MAJOR_MINOR_STATUS": "Minor", "CWP_PERMIT_STATUS_DESC": "Effective", "STATE_WATER_BODY_NAME": "RABBIT RIVER", "CWP_CSO_FLAG": "N"}}, {"type": "Feature", "geometry": {"type": "Point", "coordinates": [-92.5200273657433, 44.5704275736256]}, "properties": {"CWP_NAME": "RED WING WWTP", "CWP_STREET": "1020 E 5TH ST", "CWP_CITY": "RED WING", "CWP_STATE": "MN", "CWP_ZIP": "55066", "CWP_COUNTY": "Goodhue", "NPDES_ID": "MN0024571", "REGISTRY_ID": "110000760098", "CWP_FACILITY_TYPE_INDICATOR": "POTW", "CWP_MAJOR_MINOR_STATUS": "Major", "CWP_PERMIT_STATUS_DESC": "Effective", "STATE_WATER_BODY_NAME": "HAY CREEK, MISSISSIPPI RIVER, MISSISSIPPI RIVER POOL 4", "CWP_CSO_FLAG": "Y"}}, {"type": "Feature", "geometry": {"type": "Point", "coordinates": [-95.0126934022853, 44.7670372145107]}, "properties": {"CWP_NAME": "OLIVIA WWTP", "CWP_STREET": "TROY TOWNSHIP", "CWP_CITY": "OLIVIA", "CWP_STATE": "MN", "CWP_ZIP": "56277", "CWP_COUNTY": "Renville", "NPDES_ID": "MN0020907", "REGISTRY_ID": "110008806444", "CWP_FACILITY_TYPE_INDICATOR": "POTW", "CWP_MAJOR_MINOR_STATUS": "Minor", "CWP_PERMIT_STATUS_DESC": "Admin Continued", "STATE_WATER_BODY_NAME": "BEAVER CR E FK VIA CD 63", "CWP_CSO_FLAG": "N"}}, {"type": "Feature", "geometry": {"type": "Point", "coordinates": [-93.1258381472383, 46.6476585091809]}, "properties": {"CWP_NAME": "TAMARACK WWTP", "CWP_STREET": "165 ORVIS AVE", "CWP_CITY": "TAMARACK", "CWP_STATE": "MN", "CWP_ZIP": "55787", "CWP_COUNTY": "Aitkin", "NPDES_ID": "MN0064564", "REGISTRY_ID": "110009262840", "CWP_FACILITY_TYPE_INDICATOR": "POTW", "CWP_MAJOR_MINOR_STATUS": "Minor", "CWP_PERMIT_STATUS_DESC": "Effective", "STATE_WATER_BODY_NAME": "UNNAMED DITCH", "CWP_CSO_FLAG": "N"}}, {"type": "Feature", "geometry": {"type": "Point", "coordinates": [-93.7886078349912, 44.7683080433125]}, "properties": {"CWP_NAME": "COLOGNE WWTF", "CWP_STREET": "SEC 14 T115N R25W", "CWP_CITY": "COLOGNE", "CWP_STATE": "MN", "CWP_ZIP": "55322", "CWP_COUNTY": "Carver", "NPDES_ID": "MN0023108", "REGISTRY_ID": "110039725697", "CWP_FACILITY_TYPE_INDICATOR": "POTW", "CWP_MAJOR_MINOR_STATUS": "Minor", "CWP_PERMIT_STATUS_DESC": "Admin Continued", "STATE_WATER_BODY_NAME": "BENTON L VIA DT", "CWP_CSO_FLAG": "N"}}, {"type": "Feature", "geometry": {"type": "Point", "coordinates": [-95.5401180555283, 44.8058375324238]}, "properties": {"CWP_NAME": "GRANITE FALLS", "CWP_STREET": "986 WEST PARK STREET", "CWP_CITY": "GRANITE FALLS", "CWP_STATE": "MN", "CWP_ZIP": "56241", "CWP_COUNTY": "Yellow Medicine", "NPDES_ID": "MN0021211", "REGISTRY_ID": "110006739360", "CWP_FACILITY_TYPE_INDICATOR": "POTW", "CWP_MAJOR_MINOR_STATUS": "Minor", "CWP_PERMIT_STATUS_DESC": "Admin Continued", "STATE_WATER_BODY_NAME": "MINN R", "CWP_CSO_FLAG": "N"}}, {"type": "Feature", "geometry": {"type": "Point", "coordinates": [-94.3594015798793, 45.9849326230122]}, "properties": {"CWP_NAME": "LITTLE FALLS WTP", "CWP_STREET": "100 7TH AVE NE", "CWP_CITY": "LITTLE FALLS", "CWP_STATE": "MN", "CWP_ZIP": "563452300", "CWP_COUNTY": "Morrison", "NPDES_ID": "MN0003182", "REGISTRY_ID": "110056979328", "CWP_FACILITY_TYPE_INDICATOR": "POTW", "CWP_MAJOR_MINOR_STATUS": "Minor", "CWP_PERMIT_STATUS_DESC": "Effective", "STATE_WATER_BODY_NAME": "MISSISSIPPI RIVER", "CWP_CSO_FLAG": "N"}}, {"type": "Feature", "geometry": {"type": "Point", "coordinates": [-96.0734483906046, 43.644337724168]}, "properties": {"CWP_NAME": "MAGNOLIA WWTP", "CWP_STREET": "BROOK ST", "CWP_CITY": "MAGNOLIA", "CWP_STATE": "MN", "CWP_ZIP": "56158", "CWP_COUNTY": "Rock", "NPDES_ID": "MNG585190", "REGISTRY_ID": "110070500376", "CWP_FACILITY_TYPE_INDICATOR": "POTW", "CWP_MAJOR_MINOR_STATUS": "Minor", "CWP_PERMIT_STATUS_DESC": "Effective", "STATE_WATER_BODY_NAME": "COUNTY DITCH A", "CWP_CSO_FLAG": "N"}}, {"type": "Feature", "geometry": {"type": "Point", "coordinates": [-91.9495376835434, 43.9346517949963]}, "properties": {"CWP_NAME": "UTICA WWTP", "CWP_STREET": "200 HIGHWAY 14 E", "CWP_CITY": "UTICA", "CWP_STATE": "MN", "CWP_ZIP": "55979", "CWP_COUNTY": "Winona", "NPDES_ID": "MN0022055", "REGISTRY_ID": "110041957415", "CWP_FACILITY_TYPE_INDICATOR": "POTW", "CWP_MAJOR_MINOR_STATUS": "Minor", "CWP_PERMIT_STATUS_DESC": "Effective", "STATE_WATER_BODY_NAME": "UNNAMED CREEK (SOUTH FORK WHITEWATER RIVER TRIBUTA", "CWP_CSO_FLAG": "N"}}, {"type": "Feature", "geometry": {"type": "Point", "coordinates": [-94.4792962702638, 44.1531761223562]}, "properties": {"CWP_NAME": "HANSKA WWTP", "CWP_STREET": "155TH AVE", "CWP_CITY": "HANSKA", "CWP_STATE": "MN", "CWP_ZIP": "56041", "CWP_COUNTY": "Brown", "NPDES_ID": "MN0052663", "REGISTRY_ID": "110009891554", "CWP_FACILITY_TYPE_INDICATOR": "POTW", "CWP_MAJOR_MINOR_STATUS": "Minor", "CWP_PERMIT_STATUS_DESC": "Expired", "STATE_WATER_BODY_NAME": "COUNTY DITCH 63", "CWP_CSO_FLAG": "N"}}, {"type": "Feature", "geometry": {"type": "Point", "coordinates": [-93.5721561849782, 44.3195534860026]}, "properties": {"CWP_NAME": "KILKENNY WWTP", "CWP_STREET": "COUNTY ROAD 3 N", "CWP_CITY": "KILKENNY", "CWP_STATE": "MN", "CWP_ZIP": "56052", "CWP_COUNTY": "Le Sueur", "NPDES_ID": "MNG585084", "REGISTRY_ID": "110069019582", "CWP_FACILITY_TYPE_INDICATOR": "POTW", "CWP_MAJOR_MINOR_STATUS": "Minor", "CWP_PERMIT_STATUS_DESC": "Effective", "STATE_WATER_BODY_NAME": "COUNTY DITCH 15", "CWP_CSO_FLAG": "N"}}, {"type": "Feature", "geometry": {"type": "Point", "coordinates": [-96.8985396237431, 48.6447775459256]}, "properties": {"CWP_NAME": "KENNEDY", "CWP_STREET": "SEC 26 T160N R49W", "CWP_CITY": "KENNEDY", "CWP_STATE": "MN", "CWP_ZIP": "56733", "CWP_COUNTY": "Kittson", "NPDES_ID": "MN0029751", "REGISTRY_ID": "110041957424", "CWP_FACILITY_TYPE_INDICATOR": "POTW", "CWP_MAJOR_MINOR_STATUS": "Minor", "CWP_PERMIT_STATUS_DESC": "Terminated", "STATE_WATER_BODY_NAME": "RED R OTN VIA CD 27", "CWP_CSO_FLAG": "N"}}, {"type": "Feature", "geometry": {"type": "Point", "coordinates": [-96.0627583465396, 45.0727374292043]}, "properties": {"CWP_NAME": "ISD 2853 LAC QUI PARLE VALLEY HIGH SCHOOL", "CWP_STREET": "2860 291ST AVE", "CWP_CITY": "MADISON", "CWP_STATE": "MN", "CWP_ZIP": "562563296", "CWP_COUNTY": "Lac qui Parle", "NPDES_ID": "MNG585091", "REGISTRY_ID": "110008772792", "CWP_FACILITY_TYPE_INDICATOR": "POTW", "CWP_MAJOR_MINOR_STATUS": "Minor", "CWP_PERMIT_STATUS_DESC": "Effective", "STATE_WATER_BODY_NAME": "UNNAMED", "CWP_CSO_FLAG": "N"}}, {"type": "Feature", "geometry": {"type": "Point", "coordinates": [-92.8886625480627, 46.4845808398386]}, "properties": {"CWP_NAME": "KETTLE RIVER WWTP", "CWP_STREET": "5703 COUNTY ROAD 12", "CWP_CITY": "KETTLE RIVER", "CWP_STATE": "MN", "CWP_ZIP": "55757", "CWP_COUNTY": "Carlton", "NPDES_ID": "MNG585183", "REGISTRY_ID": "110008800949", "CWP_FACILITY_TYPE_INDICATOR": "POTW", "CWP_MAJOR_MINOR_STATUS": "Minor", "CWP_PERMIT_STATUS_DESC": "Effective", "STATE_WATER_BODY_NAME": "KETTLE RIVER", "CWP_CSO_FLAG": "N"}}, {"type": "Feature", "geometry": {"type": "Point", "coordinates": [-92.6664459943136, 44.2990939679448]}, "properties": {"CWP_NAME": "ZUMBROTA WWTP", "CWP_STREET": "309 EAST ST", "CWP_CITY": "ZUMBROTA", "CWP_STATE": "MN", "CWP_ZIP": "55992", "CWP_COUNTY": "Goodhue", "NPDES_ID": "MN0025330", "REGISTRY_ID": "110008815862", "CWP_FACILITY_TYPE_INDICATOR": "POTW", "CWP_MAJOR_MINOR_STATUS": "Major", "CWP_PERMIT_STATUS_DESC": "Admin Continued", "STATE_WATER_BODY_NAME": "ZUMBRO R N FK", "CWP_CSO_FLAG": "N"}}, {"type": "Feature", "geometry": {"type": "Point", "coordinates": [-94.8886282601294, 44.5236176901937]}, "properties": {"CWP_NAME": "FRANKLIN WWTP", "CWP_STREET": "951 FIRST ST", "CWP_CITY": "FRANKLIN", "CWP_STATE": "MN", "CWP_ZIP": "553330326", "CWP_COUNTY": "Renville", "NPDES_ID": "MN0021083", "REGISTRY_ID": "110021307655", "CWP_FACILITY_TYPE_INDICATOR": "POTW", "CWP_MAJOR_MINOR_STATUS": "Minor", "CWP_PERMIT_STATUS_DESC": "Admin Continued", "STATE_WATER_BODY_NAME": null, "CWP_CSO_FLAG": "N"}}, {"type": "Feature", "geometry": {"type": "Point", "coordinates": [-95.2526019378268, 44.2190307332508]}, "properties": {"CWP_NAME": "LAMBERTON WWTP", "CWP_STREET": "26998 COUNTY ROAD 6", "CWP_CITY": "LAMBERTON", "CWP_STATE": "MN", "CWP_ZIP": "56152", "CWP_COUNTY": "Redwood", "NPDES_ID": "MNG585100", "REGISTRY_ID": "110067753283", "CWP_FACILITY_TYPE_INDICATOR": "POTW", "CWP_MAJOR_MINOR_STATUS": "Minor", "CWP_PERMIT_STATUS_DESC": "Effective", "STATE_WATER_BODY_NAME": "DUTCH CHARLEY CREEK", "CWP_CSO_FLAG": "N"}}, {"type": "Feature", "geometry": {"type": "Point", "coordinates": [-95.9331181393542, 43.6374354363234]}, "properties": {"CWP_NAME": "ADRIAN WWTP", "CWP_STREET": "20 MAINE AVE", "CWP_CITY": "ADRIAN", "CWP_STATE": "MN", "CWP_ZIP": "56110", "CWP_COUNTY": "Nobles", "NPDES_ID": "MNG585001", "REGISTRY_ID": "110067853736", "CWP_FACILITY_TYPE_INDICATOR": "POTW", "CWP_MAJOR_MINOR_STATUS": "Minor", "CWP_PERMIT_STATUS_DESC": "Effective", "STATE_WATER_BODY_NAME": "KANARANZI CREEK", "CWP_CSO_FLAG": "N"}}, {"type": "Feature", "geometry": {"type": "Point", "coordinates": [-94.4333075748629, 43.7667077075975]}, "properties": {"CWP_NAME": "NORTHROP WWTP", "CWP_STREET": "1746 HIGHWAY 15 N", "CWP_CITY": "NORTHROP", "CWP_STATE": "MN", "CWP_ZIP": "56075", "CWP_COUNTY": "Martin", "NPDES_ID": "MN0024384", "REGISTRY_ID": "110008813828", "CWP_FACILITY_TYPE_INDICATOR": "POTW", "CWP_MAJOR_MINOR_STATUS": "Minor", "CWP_PERMIT_STATUS_DESC": "Expired", "STATE_WATER_BODY_NAME": "JUDICIAL DITCH 8", "CWP_CSO_FLAG": "N"}}, {"type": "Feature", "geometry": {"type": "Point", "coordinates": [-95.1067779073009, 45.4877827754202]}, "properties": {"CWP_NAME": "BROOTEN WWTP", "CWP_STREET": "48395 STATE HIGHWAY 55", "CWP_CITY": "BROOTEN", "CWP_STATE": "MN", "CWP_ZIP": "563169742", "CWP_COUNTY": "Stearns", "NPDES_ID": "MNG585271", "REGISTRY_ID": "110069026164", "CWP_FACILITY_TYPE_INDICATOR": "POTW", "CWP_MAJOR_MINOR_STATUS": "Minor", "CWP_PERMIT_STATUS_DESC": "Effective", "STATE_WATER_BODY_NAME": "SKUNK RIVER (COUNTY DITCH 29)", "CWP_CSO_FLAG": "N"}}, {"type": "Feature", "geometry": {"type": "Point", "coordinates": [-94.1877881583635, 44.2749974255202]}, "properties": {"CWP_NAME": "NICOLLET WWTP", "CWP_STREET": "401 PINE ST", "CWP_CITY": "NICOLLET", "CWP_STATE": "MN", "CWP_ZIP": "56074", "CWP_COUNTY": "Nicollet", "NPDES_ID": "MNG585037", "REGISTRY_ID": "110067878372", "CWP_FACILITY_TYPE_INDICATOR": "POTW", "CWP_MAJOR_MINOR_STATUS": "Minor", "CWP_PERMIT_STATUS_DESC": "Effective", "STATE_WATER_BODY_NAME": "COUNTY DITCH 4/COUNTY DITCH 39", "CWP_CSO_FLAG": "N"}}, {"type": "Feature", "geometry": {"type": "Point", "coordinates": [-95.968713870284, 47.3142277896255]}, "properties": {"CWP_NAME": "MAHNOMEN", "CWP_STREET": "SEC 14 T144N R42W", "CWP_CITY": "MAHNOMEN", "CWP_STATE": "MN", "CWP_ZIP": "56557", "CWP_COUNTY": "Mahnomen", "NPDES_ID": "MN0024066", "REGISTRY_ID": "110008796348", "CWP_FACILITY_TYPE_INDICATOR": "POTW", "CWP_MAJOR_MINOR_STATUS": "Minor", "CWP_PERMIT_STATUS_DESC": "Effective", "STATE_WATER_BODY_NAME": "WILD RICE R", "CWP_CSO_FLAG": "N"}}, {"type": "Feature", "geometry": {"type": "Point", "coordinates": [-95.5166755534998, 45.7050077201916]}, "properties": {"CWP_NAME": "LOWRY", "CWP_STREET": "SEC 25 T126N R39W", "CWP_CITY": "LOWRY", "CWP_STATE": "MN", "CWP_ZIP": "56349", "CWP_COUNTY": "Pope", "NPDES_ID": "MN0024007", "REGISTRY_ID": "110040461167", "CWP_FACILITY_TYPE_INDICATOR": "POTW", "CWP_MAJOR_MINOR_STATUS": "Minor", "CWP_PERMIT_STATUS_DESC": "Terminated", "STATE_WATER_BODY_NAME": "MALMEDAL L", "CWP_CSO_FLAG": "N"}}, {"type": "Feature", "geometry": {"type": "Point", "coordinates": [-95.2950088354005, 45.9716747463633]}, "properties": {"CWP_NAME": "CARLOS", "CWP_STREET": "COUNTY ROAD 13 N", "CWP_CITY": "CARLOS", "CWP_STATE": "MN", "CWP_ZIP": "56319", "CWP_COUNTY": "Douglas", "NPDES_ID": "MN0023019", "REGISTRY_ID": "110008802153", "CWP_FACILITY_TYPE_INDICATOR": "POTW", "CWP_MAJOR_MINOR_STATUS": "Minor", "CWP_PERMIT_STATUS_DESC": "Admin Continued", "STATE_WATER_BODY_NAME": "LONG PRAIRIE R", "CWP_CSO_FLAG": "N"}}, {"type": "Feature", "geometry": {"type": "Point", "coordinates": [-95.3111688214842, 46.3808078757212]}, "properties": {"CWP_NAME": "DEER CREEK WWTP", "CWP_STREET": "300 SPAGHETTI RD S", "CWP_CITY": "DEER CREEK", "CWP_STATE": "MN", "CWP_ZIP": "56527", "CWP_COUNTY": "Otter Tail", "NPDES_ID": "MNG585180", "REGISTRY_ID": "110068693505", "CWP_FACILITY_TYPE_INDICATOR": "POTW", "CWP_MAJOR_MINOR_STATUS": "Minor", "CWP_PERMIT_STATUS_DESC": "Effective", "STATE_WATER_BODY_NAME": "DEER CREEK", "CWP_CSO_FLAG": "N"}}, {"type": "Feature", "geometry": {"type": "Point", "coordinates": [-94.4112575169645, 46.7205178990042]}, "properties": {"CWP_NAME": "PINE RIVER AREA WWTF", "CWP_STREET": "HWY 371", "CWP_CITY": "PINE RIVER", "CWP_STATE": "MN", "CWP_ZIP": "56474", "CWP_COUNTY": "Cass", "NPDES_ID": "MN0046388", "REGISTRY_ID": "110031108888", "CWP_FACILITY_TYPE_INDICATOR": "POTW", "CWP_MAJOR_MINOR_STATUS": "Minor", "CWP_PERMIT_STATUS_DESC": "Admin Continued", "STATE_WATER_BODY_NAME": null, "CWP_CSO_FLAG": "N"}}, {"type": "Feature", "geometry": {"type": "Point", "coordinates": [-93.6492834929009, 47.840895309625]}, "properties": {"CWP_NAME": "EFFIE WWTP", "CWP_STREET": "HIGHWAY 1 W", "CWP_CITY": "EFFIE", "CWP_STATE": "MN", "CWP_ZIP": "56639", "CWP_COUNTY": "Itasca", "NPDES_ID": "MN0067555", "REGISTRY_ID": "110027853758", "CWP_FACILITY_TYPE_INDICATOR": "POTW", "CWP_MAJOR_MINOR_STATUS": "Minor", "CWP_PERMIT_STATUS_DESC": "Effective", "STATE_WATER_BODY_NAME": "BOWERMAN BROOK", "CWP_CSO_FLAG": "N"}}, {"type": "Feature", "geometry": {"type": "Point", "coordinates": [-96.8084533623361, 47.2737950980802]}, "properties": {"CWP_NAME": "HENDRUM", "CWP_STREET": "HENDRUM TOWNSHIP", "CWP_CITY": "HENDRUM", "CWP_STATE": "MN", "CWP_ZIP": "56550", "CWP_COUNTY": "Norman", "NPDES_ID": "MN0021644", "REGISTRY_ID": "110044896191", "CWP_FACILITY_TYPE_INDICATOR": "POTW", "CWP_MAJOR_MINOR_STATUS": "Minor", "CWP_PERMIT_STATUS_DESC": "Terminated", "STATE_WATER_BODY_NAME": "WILD RICE R VIA DT", "CWP_CSO_FLAG": "N"}}, {"type": "Feature", "geometry": {"type": "Point", "coordinates": [-94.3417655480335, 43.6877319379723]}, "properties": {"CWP_NAME": "GRANADA WWTP", "CWP_STREET": "2628 140TH ST", "CWP_CITY": "GRANADA", "CWP_STATE": "MN", "CWP_ZIP": "56039", "CWP_COUNTY": "Martin", "NPDES_ID": "MNG585023", "REGISTRY_ID": "110069042271", "CWP_FACILITY_TYPE_INDICATOR": "POTW", "CWP_MAJOR_MINOR_STATUS": "Minor", "CWP_PERMIT_STATUS_DESC": "Effective", "STATE_WATER_BODY_NAME": "CENTER CREEK", "CWP_CSO_FLAG": "N"}}, {"type": "Feature", "geometry": {"type": "Point", "coordinates": [-93.2056076311849, 43.7611077115069]}, "properties": {"CWP_NAME": "HOLLANDALE", "CWP_STREET": "SEC 35 T104N R20W", "CWP_CITY": "HOLLANDALE", "CWP_STATE": "MN", "CWP_ZIP": "56045", "CWP_COUNTY": "Freeborn", "NPDES_ID": "MN0048992", "REGISTRY_ID": "110008814747", "CWP_FACILITY_TYPE_INDICATOR": "POTW", "CWP_MAJOR_MINOR_STATUS": "Minor", "CWP_PERMIT_STATUS_DESC": "Terminated", "STATE_WATER_BODY_NAME": "MUD CR VIA JD# 24", "CWP_CSO_FLAG": "N"}}, {"type": "Feature", "geometry": {"type": "Point", "coordinates": [-92.6825637978372, 45.4014255369419]}, "properties": {"CWP_NAME": "TAYLORS FALLS WWTF", "CWP_STREET": "21000 310TH ST            6", "CWP_CITY": "TAYLORS FALLS", "CWP_STATE": "MN", "CWP_ZIP": "55084", "CWP_COUNTY": "Chisago", "NPDES_ID": "MN0053309", "REGISTRY_ID": "110006738600", "CWP_FACILITY_TYPE_INDICATOR": "POTW", "CWP_MAJOR_MINOR_STATUS": "Minor", "CWP_PERMIT_STATUS_DESC": "Terminated", "STATE_WATER_BODY_NAME": "SAINT CROIX R", "CWP_CSO_FLAG": "N"}}, {"type": "Feature", "geometry": {"type": "Point", "coordinates": [-93.9529077179857, 44.7244076197567]}, "properties": {"CWP_NAME": "HAMBURG", "CWP_STREET": "SEC 34, T115N, R26W CARVER CTY", "CWP_CITY": "CARVER COUNTY", "CWP_STATE": "MN", "CWP_ZIP": "55339", "CWP_COUNTY": "Carver", "NPDES_ID": "MN0025585", "REGISTRY_ID": "110008809263", "CWP_FACILITY_TYPE_INDICATOR": "POTW", "CWP_MAJOR_MINOR_STATUS": "Minor", "CWP_PERMIT_STATUS_DESC": "Terminated", "STATE_WATER_BODY_NAME": "BEAVENS CR VIA JD 3", "CWP_CSO_FLAG": "N"}}, {"type": "Feature", "geometry": {"type": "Point", "coordinates": [-92.0078568878662, 43.5440581799366]}, "properties": {"CWP_NAME": "HARMONY", "CWP_STREET": "120 TENTH ST SE", "CWP_CITY": "HARMONY", "CWP_STATE": "MN", "CWP_ZIP": "55939", "CWP_COUNTY": "Fillmore", "NPDES_ID": "MN0022322", "REGISTRY_ID": "110008816692", "CWP_FACILITY_TYPE_INDICATOR": "POTW", "CWP_MAJOR_MINOR_STATUS": "Minor", "CWP_PERMIT_STATUS_DESC": "Admin Continued", "STATE_WATER_BODY_NAME": "IOWA R(UPPER)VIA PINE CR", "CWP_CSO_FLAG": "N"}}, {"type": "Feature", "geometry": {"type": "Point", "coordinates": [-93.7319928435807, 45.094859124093]}, "properties": {"CWP_NAME": "ROCKFORD", "CWP_STREET": "6551 UTILITY DRIVE", "CWP_CITY": "ROCKFORD", "CWP_STATE": "MN", "CWP_ZIP": "55373", "CWP_COUNTY": "Wright", "NPDES_ID": "MN0024627", "REGISTRY_ID": "110003915201", "CWP_FACILITY_TYPE_INDICATOR": "POTW", "CWP_MAJOR_MINOR_STATUS": "Minor", "CWP_PERMIT_STATUS_DESC": "Admin Continued", "STATE_WATER_BODY_NAME": "CROW R", "CWP_CSO_FLAG": "N"}}, {"type": "Feature", "geometry": {"type": "Point", "coordinates": [-96.112608865597, 46.2818877723704]}, "properties": {"CWP_NAME": "FERGUS FALLS WWTP", "CWP_STREET": "311 KENNEDY PARK RD", "CWP_CITY": "FERGUS FALLS", "CWP_STATE": "MN", "CWP_ZIP": "565372419", "CWP_COUNTY": "Otter Tail", "NPDES_ID": "MN0050628", "REGISTRY_ID": "110000761248", "CWP_FACILITY_TYPE_INDICATOR": "POTW", "CWP_MAJOR_MINOR_STATUS": "Major", "CWP_PERMIT_STATUS_DESC": "Effective", "STATE_WATER_BODY_NAME": "OTTER TAIL RIVER", "CWP_CSO_FLAG": "N"}}, {"type": "Feature", "geometry": {"type": "Point", "coordinates": [-95.0309748562777, 44.9805974512329]}, "properties": {"CWP_NAME": "BLOMKEST SVEA SEWER BOARD WWTP", "CWP_STREET": "150TH AVE SE & COUNTY ROAD 11", "CWP_CITY": "BLOMKEST", "CWP_STATE": "MN", "CWP_ZIP": "56216", "CWP_COUNTY": "Kandiyohi", "NPDES_ID": "MNG585372", "REGISTRY_ID": "110068631270", "CWP_FACILITY_TYPE_INDICATOR": "POTW", "CWP_MAJOR_MINOR_STATUS": "Minor", "CWP_PERMIT_STATUS_DESC": "Effective", "STATE_WATER_BODY_NAME": "UNNAMED DITCH", "CWP_CSO_FLAG": "N"}}, {"type": "Feature", "geometry": {"type": "Point", "coordinates": [-94.1194524215183, 45.4736194221944]}, "properties": {"CWP_NAME": "ST CLOUD WWTF", "CWP_STREET": "525 60TH ST SOUTH", "CWP_CITY": "SAINT CLOUD, TOWNSHIP OF", "CWP_STATE": "MN", "CWP_ZIP": "56301", "CWP_COUNTY": "Stearns", "NPDES_ID": "MN0040878", "REGISTRY_ID": "110000578740", "CWP_FACILITY_TYPE_INDICATOR": "POTW", "CWP_MAJOR_MINOR_STATUS": "Major", "CWP_PERMIT_STATUS_DESC": "Admin Continued", "STATE_WATER_BODY_NAME": "MISS R", "CWP_CSO_FLAG": "N"}}, {"type": "Feature", "geometry": {"type": "Point", "coordinates": [-93.7093675587033, 44.10637814717]}, "properties": {"CWP_NAME": "JANESVILLE WWTP", "CWP_STREET": "380TH AVE", "CWP_CITY": "JANESVILLE", "CWP_STATE": "MN", "CWP_ZIP": "56048", "CWP_COUNTY": "Waseca", "NPDES_ID": "MNG585025", "REGISTRY_ID": "110069015826", "CWP_FACILITY_TYPE_INDICATOR": "POTW", "CWP_MAJOR_MINOR_STATUS": "Minor", "CWP_PERMIT_STATUS_DESC": "Effective", "STATE_WATER_BODY_NAME": "COUNTY DITCH 6", "CWP_CSO_FLAG": "N"}}, {"type": "Feature", "geometry": {"type": "Point", "coordinates": [-95.0892394519636, 46.3290519016975]}, "properties": {"CWP_NAME": "HEWITT WWTP", "CWP_STREET": "923 PICKLE ST", "CWP_CITY": "HEWITT", "CWP_STATE": "MN", "CWP_ZIP": "56453", "CWP_COUNTY": "Todd", "NPDES_ID": "MNG585024", "REGISTRY_ID": "110068624411", "CWP_FACILITY_TYPE_INDICATOR": "POTW", "CWP_MAJOR_MINOR_STATUS": "Minor", "CWP_PERMIT_STATUS_DESC": "Effective", "STATE_WATER_BODY_NAME": "WING RIVER", "CWP_CSO_FLAG": "N"}}, {"type": "Feature", "geometry": {"type": "Point", "coordinates": [-93.5279200438387, 48.4072767261441]}, "properties": {"CWP_NAME": "LITTLEFORK WWTP", "CWP_STREET": "JUNCTION 164", "CWP_CITY": "LITTLEFORK", "CWP_STATE": "MN", "CWP_ZIP": "56653", "CWP_COUNTY": "Koochiching", "NPDES_ID": "MNG585081", "REGISTRY_ID": "110068210625", "CWP_FACILITY_TYPE_INDICATOR": "POTW", "CWP_MAJOR_MINOR_STATUS": "Minor", "CWP_PERMIT_STATUS_DESC": "Effective", "STATE_WATER_BODY_NAME": "BEAVER BROOK", "CWP_CSO_FLAG": "N"}}, {"type": "Feature", "geometry": {"type": "Point", "coordinates": [-93.4906779283968, 46.7093627751913]}, "properties": {"CWP_NAME": "PALISADE WWTP", "CWP_STREET": "30509 480TH ST", "CWP_CITY": "PALISADE", "CWP_STATE": "MN", "CWP_ZIP": "56469", "CWP_COUNTY": "Aitkin", "NPDES_ID": "MN0050997", "REGISTRY_ID": "110039700320", "CWP_FACILITY_TYPE_INDICATOR": "POTW", "CWP_MAJOR_MINOR_STATUS": "Minor", "CWP_PERMIT_STATUS_DESC": "Effective", "STATE_WATER_BODY_NAME": "MISSISSIPPI RIVER", "CWP_CSO_FLAG": "N"}}, {"type": "Feature", "geometry": {"type": "Point", "coordinates": [-94.9545987270041, 48.7727881195122]}, "properties": {"CWP_NAME": "WILLIAMS WWTP", "CWP_STREET": "CITY HALL", "CWP_CITY": "WILLIAMS", "CWP_STATE": "MN", "CWP_ZIP": "56686", "CWP_COUNTY": "Lake of the Woods", "NPDES_ID": "MN0021679", "REGISTRY_ID": "110008795223", "CWP_FACILITY_TYPE_INDICATOR": "POTW", "CWP_MAJOR_MINOR_STATUS": "Minor", "CWP_PERMIT_STATUS_DESC": "Terminated", "STATE_WATER_BODY_NAME": "WILLIAMS CR", "CWP_CSO_FLAG": "N"}}, {"type": "Feature", "geometry": {"type": "Point", "coordinates": [-95.6866070441466, 46.0042014012]}, "properties": {"CWP_NAME": "EVANSVILLE WWTP", "CWP_STREET": "526 RAILROAD ST", "CWP_CITY": "EVANSVILLE", "CWP_STATE": "MN", "CWP_ZIP": "56326", "CWP_COUNTY": "Douglas", "NPDES_ID": "MNG585074", "REGISTRY_ID": "110067730708", "CWP_FACILITY_TYPE_INDICATOR": "POTW", "CWP_MAJOR_MINOR_STATUS": "Minor", "CWP_PERMIT_STATUS_DESC": "Effective", "STATE_WATER_BODY_NAME": "UNNAMED DITCH (FANNY LAKE INLET)", "CWP_CSO_FLAG": "N"}}, {"type": "Feature", "geometry": {"type": "Point", "coordinates": [-96.503342068826, 47.1800084114206]}, "properties": {"CWP_NAME": "BORUP WWTP", "CWP_STREET": "SEE LOCATION DESCRIPTION", "CWP_CITY": "BORUP", "CWP_STATE": "MN", "CWP_ZIP": "56519", "CWP_COUNTY": "Norman", "NPDES_ID": "MN0022853", "REGISTRY_ID": "110008796473", "CWP_FACILITY_TYPE_INDICATOR": "POTW", "CWP_MAJOR_MINOR_STATUS": "Minor", "CWP_PERMIT_STATUS_DESC": "Effective", "STATE_WATER_BODY_NAME": "COUNTY DITCH 10", "CWP_CSO_FLAG": "N"}}, {"type": "Feature", "geometry": {"type": "Point", "coordinates": [-92.8683083428773, 47.486867305202]}, "properties": {"CWP_NAME": "CENTRAL IRON RANGE SANITARY SEWER DISTRICT WWTP", "CWP_STREET": "10961 HIGHWAY 169", "CWP_CITY": "CHISHOLM", "CWP_STATE": "MN", "CWP_ZIP": "55719", "CWP_COUNTY": "St. Louis", "NPDES_ID": "MN0020117", "REGISTRY_ID": "110008799425", "CWP_FACILITY_TYPE_INDICATOR": "POTW", "CWP_MAJOR_MINOR_STATUS": "Major", "CWP_PERMIT_STATUS_DESC": "Effective", "STATE_WATER_BODY_NAME": "BARBER CREEK", "CWP_CSO_FLAG": "N"}}, {"type": "Feature", "geometry": {"type": "Point", "coordinates": [-92.18530940273, 43.8398335437127]}, "properties": {"CWP_NAME": "CHATFIELD", "CWP_STREET": "90 LIBRARY LANE SW", "CWP_CITY": "CHATFIELD", "CWP_STATE": "MN", "CWP_ZIP": "55923", "CWP_COUNTY": "Fillmore", "NPDES_ID": "MN0021857", "REGISTRY_ID": "110009893801", "CWP_FACILITY_TYPE_INDICATOR": "POTW", "CWP_MAJOR_MINOR_STATUS": "Minor", "CWP_PERMIT_STATUS_DESC": "Admin Continued", "STATE_WATER_BODY_NAME": "ROOT R N BR", "CWP_CSO_FLAG": "N"}}, {"type": "Feature", "geometry": {"type": "Point", "coordinates": [-95.0126414477239, 46.1624452811664]}, "properties": {"CWP_NAME": "EAGLE BEND WWTP", "CWP_STREET": "16885 COUNTY ROAD 78", "CWP_CITY": "EAGLE BEND", "CWP_STATE": "MN", "CWP_ZIP": "56446", "CWP_COUNTY": "Todd", "NPDES_ID": "MNG585383", "REGISTRY_ID": "110068987984", "CWP_FACILITY_TYPE_INDICATOR": "POTW", "CWP_MAJOR_MINOR_STATUS": "Minor", "CWP_PERMIT_STATUS_DESC": "Effective", "STATE_WATER_BODY_NAME": "EAGLE CREEK", "CWP_CSO_FLAG": "N"}}, {"type": "Feature", "geometry": {"type": "Point", "coordinates": [-91.8167443218151, 47.9206068667521]}, "properties": {"CWP_NAME": "WINTON WWTP", "CWP_STREET": "HIGHWAY 88", "CWP_CITY": "WINTON", "CWP_STATE": "MN", "CWP_ZIP": "55796", "CWP_COUNTY": "St. Louis", "NPDES_ID": "MNG585187", "REGISTRY_ID": "110068956160", "CWP_FACILITY_TYPE_INDICATOR": "POTW", "CWP_MAJOR_MINOR_STATUS": "Minor", "CWP_PERMIT_STATUS_DESC": "Effective", "STATE_WATER_BODY_NAME": "FALL", "CWP_CSO_FLAG": "N"}}, {"type": "Feature", "geometry": {"type": "Point", "coordinates": [-94.6805080818458, 45.1515082596365]}, "properties": {"CWP_NAME": "GROVE CITY WWTP", "CWP_STREET": "2ND ST N", "CWP_CITY": "GROVE CITY", "CWP_STATE": "MN", "CWP_ZIP": "56243", "CWP_COUNTY": "Meeker", "NPDES_ID": "MN0023574", "REGISTRY_ID": "110039758991", "CWP_FACILITY_TYPE_INDICATOR": "POTW", "CWP_MAJOR_MINOR_STATUS": "Minor", "CWP_PERMIT_STATUS_DESC": "Expired", "STATE_WATER_BODY_NAME": "UNNAMED CREEK", "CWP_CSO_FLAG": "N"}}, {"type": "Feature", "geometry": {"type": "Point", "coordinates": [-95.7652147457822, 44.2162814689703]}, "properties": {"CWP_NAME": "GARVIN WWTP", "CWP_STREET": "125 SHERMAN ST", "CWP_CITY": "GARVIN", "CWP_STATE": "MN", "CWP_ZIP": "561321304", "CWP_COUNTY": "Lyon", "NPDES_ID": "MN0029602", "REGISTRY_ID": "110069166066", "CWP_FACILITY_TYPE_INDICATOR": "POTW", "CWP_MAJOR_MINOR_STATUS": "Minor", "CWP_PERMIT_STATUS_DESC": "Effective", "STATE_WATER_BODY_NAME": "COTTONWOOD RIVER", "CWP_CSO_FLAG": "N"}}, {"type": "Feature", "geometry": {"type": "Point", "coordinates": [-92.675465444384, 45.3836369447853]}, "properties": {"CWP_NAME": "TAYLORS FALLS WWTP", "CWP_STREET": "21000 310TH ST", "CWP_CITY": "TAYLORS FALLS", "CWP_STATE": "MN", "CWP_ZIP": "55084", "CWP_COUNTY": "Chisago", "NPDES_ID": "MNG585218", "REGISTRY_ID": "110044900435", "CWP_FACILITY_TYPE_INDICATOR": "POTW", "CWP_MAJOR_MINOR_STATUS": "Minor", "CWP_PERMIT_STATUS_DESC": "Effective", "STATE_WATER_BODY_NAME": "ST CROIX RIVER", "CWP_CSO_FLAG": "N"}}, {"type": "Feature", "geometry": {"type": "Point", "coordinates": [-93.233304103363, 44.0972482607599]}, "properties": {"CWP_NAME": "OWATONNA WWTP", "CWP_STREET": "1155 INDUSTRIAL RD", "CWP_CITY": "OWATONNA", "CWP_STATE": "MN", "CWP_ZIP": "55060", "CWP_COUNTY": "Steele", "NPDES_ID": "MN0051284", "REGISTRY_ID": "110008814934", "CWP_FACILITY_TYPE_INDICATOR": "POTW", "CWP_MAJOR_MINOR_STATUS": "Major", "CWP_PERMIT_STATUS_DESC": "Effective", "STATE_WATER_BODY_NAME": "STRAIGHT RIVER", "CWP_CSO_FLAG": "N"}}, {"type": "Feature", "geometry": {"type": "Point", "coordinates": [-93.420998529526, 47.2999980102789]}, "properties": {"CWP_NAME": "COLERAINE-BOVEY-TACONITE JOINT WWTP", "CWP_STREET": "28203 COUNTY ROAD 10", "CWP_CITY": "BOVEY", "CWP_STATE": "MN", "CWP_ZIP": "55709", "CWP_COUNTY": "Itasca", "NPDES_ID": "MN0053341", "REGISTRY_ID": "110039734375", "CWP_FACILITY_TYPE_INDICATOR": "POTW", "CWP_MAJOR_MINOR_STATUS": "Minor", "CWP_PERMIT_STATUS_DESC": "Effective", "STATE_WATER_BODY_NAME": "SWAN RIVER", "CWP_CSO_FLAG": "N"}}, {"type": "Feature", "geometry": {"type": "Point", "coordinates": [-96.0986582422451, 44.0081378243299]}, "properties": {"CWP_NAME": "WOODSTOCK WWTP", "CWP_STREET": "1ST AVE N", "CWP_CITY": "WOODSTOCK", "CWP_STATE": "MN", "CWP_ZIP": "56186", "CWP_COUNTY": "Pipestone", "NPDES_ID": "MNG585192", "REGISTRY_ID": "110069107273", "CWP_FACILITY_TYPE_INDICATOR": "POTW", "CWP_MAJOR_MINOR_STATUS": "Minor", "CWP_PERMIT_STATUS_DESC": "Effective", "STATE_WATER_BODY_NAME": "UNNAMED CREEK", "CWP_CSO_FLAG": "N"}}, {"type": "Feature", "geometry": {"type": "Point", "coordinates": [-93.58250740045, 44.4377478019866]}, "properties": {"CWP_NAME": "MONTGOMERY WWTF", "CWP_STREET": "201 ASH AVE SW", "CWP_CITY": "MONTGOMERY", "CWP_STATE": "MN", "CWP_ZIP": "56069", "CWP_COUNTY": "Le Sueur", "NPDES_ID": "MN0024210", "REGISTRY_ID": "110008813560", "CWP_FACILITY_TYPE_INDICATOR": "POTW", "CWP_MAJOR_MINOR_STATUS": "Minor", "CWP_PERMIT_STATUS_DESC": "Admin Continued", "STATE_WATER_BODY_NAME": null, "CWP_CSO_FLAG": "N"}}, {"type": "Feature", "geometry": {"type": "Point", "coordinates": [-93.3111737084736, 43.982297793647]}, "properties": {"CWP_NAME": "HOPE-SOMERSET TOWNSHIP WWTP", "CWP_STREET": "SEC 19 T106N R20W", "CWP_CITY": "HOPE", "CWP_STATE": "MN", "CWP_ZIP": "56046", "CWP_COUNTY": "Steele", "NPDES_ID": "MN0068802", "REGISTRY_ID": "110030761780", "CWP_FACILITY_TYPE_INDICATOR": "POTW", "CWP_MAJOR_MINOR_STATUS": "Minor", "CWP_PERMIT_STATUS_DESC": "Admin Continued", "STATE_WATER_BODY_NAME": "STRAIGHT R", "CWP_CSO_FLAG": "N"}}, {"type": "Feature", "geometry": {"type": "Point", "coordinates": [-96.3857896032058, 45.6352868046218]}, "properties": {"CWP_NAME": "DUMONT WWTP", "CWP_STREET": "SEE LOCATION DESCRIPTION", "CWP_CITY": "DUMONT", "CWP_STATE": "MN", "CWP_ZIP": "56236", "CWP_COUNTY": "Traverse", "NPDES_ID": "MN0064831", "REGISTRY_ID": "110009049537", "CWP_FACILITY_TYPE_INDICATOR": "POTW", "CWP_MAJOR_MINOR_STATUS": "Minor", "CWP_PERMIT_STATUS_DESC": "Effective", "STATE_WATER_BODY_NAME": "TWELVEMILE CREEK, WEST BRANCH", "CWP_CSO_FLAG": "N"}}, {"type": "Feature", "geometry": {"type": "Point", "coordinates": [-93.5367832660254, 45.2321199835548]}, "properties": {"CWP_NAME": "OTSEGO EAST WWTP", "CWP_STREET": "5850 RANDOLPH AVE", "CWP_CITY": "OTSEGO", "CWP_STATE": "MN", "CWP_ZIP": "55374", "CWP_COUNTY": "Wright", "NPDES_ID": "MN0064190", "REGISTRY_ID": "110006794683", "CWP_FACILITY_TYPE_INDICATOR": "POTW", "CWP_MAJOR_MINOR_STATUS": "Major", "CWP_PERMIT_STATUS_DESC": "Effective", "STATE_WATER_BODY_NAME": "CROW RIVER", "CWP_CSO_FLAG": "N"}}, {"type": "Feature", "geometry": {"type": "Point", "coordinates": [-95.3181885888351, 44.0378478869994]}, "properties": {"CWP_NAME": "STORDEN WWTP", "CWP_STREET": "312 AMERICA ST", "CWP_CITY": "STORDEN", "CWP_STATE": "MN", "CWP_ZIP": "56174", "CWP_COUNTY": "Cottonwood", "NPDES_ID": "MNG585106", "REGISTRY_ID": "110068378589", "CWP_FACILITY_TYPE_INDICATOR": "POTW", "CWP_MAJOR_MINOR_STATUS": "Minor", "CWP_PERMIT_STATUS_DESC": "Effective", "STATE_WATER_BODY_NAME": "COUNTY DITCH 38", "CWP_CSO_FLAG": "N"}}, {"type": "Feature", "geometry": {"type": "Point", "coordinates": [-93.9272281825559, 48.6293984771241]}, "properties": {"CWP_NAME": "ISD 363 - INDUS SCHOOL", "CWP_STREET": "8560 HIGHWAY 11", "CWP_CITY": "BIRCHDALE", "CWP_STATE": "MN", "CWP_ZIP": "56629", "CWP_COUNTY": "Koochiching", "NPDES_ID": "MN0049263", "REGISTRY_ID": "110030991149", "CWP_FACILITY_TYPE_INDICATOR": "POTW", "CWP_MAJOR_MINOR_STATUS": "Minor", "CWP_PERMIT_STATUS_DESC": "Effective", "STATE_WATER_BODY_NAME": "RAINY RIVER", "CWP_CSO_FLAG": "N"}}, {"type": "Feature", "geometry": {"type": "Point", "coordinates": [-93.3238479973284, 45.024187718139]}, "properties": {"CWP_NAME": "CRYSTAL LAKE FLOCCULATION TREATMENT FACILITY", "CWP_STREET": "3769 CRYSTAL LAKE BLVD", "CWP_CITY": "ROBBINSDALE", "CWP_STATE": "MN", "CWP_ZIP": "55422", "CWP_COUNTY": "Hennepin", "NPDES_ID": "MN0069957", "REGISTRY_ID": "110043487580", "CWP_FACILITY_TYPE_INDICATOR": "POTW", "CWP_MAJOR_MINOR_STATUS": "Minor", "CWP_PERMIT_STATUS_DESC": "Expired", "STATE_WATER_BODY_NAME": "CRYSTAL", "CWP_CSO_FLAG": "N"}}, {"type": "Feature", "geometry": {"type": "Point", "coordinates": [-95.485971828342, 45.9501062885107]}, "properties": {"CWP_NAME": "GARFIELD WWTP", "CWP_STREET": "COUNTY ROAD 12 & LAGUNA DR", "CWP_CITY": "GARFIELD", "CWP_STATE": "MN", "CWP_ZIP": "56332", "CWP_COUNTY": "Douglas", "NPDES_ID": "MNG585158", "REGISTRY_ID": "110068943264", "CWP_FACILITY_TYPE_INDICATOR": "POTW", "CWP_MAJOR_MINOR_STATUS": "Minor", "CWP_PERMIT_STATUS_DESC": "Effective", "STATE_WATER_BODY_NAME": "UNNAMED DITCH (COUNTY DITCH 23)", "CWP_CSO_FLAG": "N"}}, {"type": "Feature", "geometry": {"type": "Point", "coordinates": [-94.4357000752163, 45.9267887411066]}, "properties": {"CWP_NAME": "SOBIESKI WWTP", "CWP_STREET": "ADDRESS UNKNOWN", "CWP_CITY": "SWAN RIVER", "CWP_STATE": "MN", "CWP_ZIP": "55784", "CWP_COUNTY": "Morrison", "NPDES_ID": "MNG585217", "REGISTRY_ID": "110067948742", "CWP_FACILITY_TYPE_INDICATOR": "POTW", "CWP_MAJOR_MINOR_STATUS": "Minor", "CWP_PERMIT_STATUS_DESC": "Effective", "STATE_WATER_BODY_NAME": "SWAN RIVER", "CWP_CSO_FLAG": "N"}}, {"type": "Feature", "geometry": {"type": "Point", "coordinates": [-94.5733143574036, 45.8177648035545]}, "properties": {"CWP_NAME": "UPSALA WWTP", "CWP_STREET": "204 4TH AVE W", "CWP_CITY": "UPSALA", "CWP_STATE": "MN", "CWP_ZIP": "56384", "CWP_COUNTY": "Morrison", "NPDES_ID": "MNG585053", "REGISTRY_ID": "110008805757", "CWP_FACILITY_TYPE_INDICATOR": "POTW", "CWP_MAJOR_MINOR_STATUS": "Minor", "CWP_PERMIT_STATUS_DESC": "Effective", "STATE_WATER_BODY_NAME": "ELMDALE CREEK", "CWP_CSO_FLAG": "N"}}, {"type": "Feature", "geometry": {"type": "Point", "coordinates": [-92.6949316514533, 47.8536648569865]}, "properties": {"CWP_NAME": "COOK", "CWP_STREET": "SEC 19 T62N R18W", "CWP_CITY": "COOK", "CWP_STATE": "MN", "CWP_ZIP": "55723", "CWP_COUNTY": "St. Louis", "NPDES_ID": "MN0057282", "REGISTRY_ID": "110008800244", "CWP_FACILITY_TYPE_INDICATOR": "POTW", "CWP_MAJOR_MINOR_STATUS": "Minor", "CWP_PERMIT_STATUS_DESC": "Terminated", "STATE_WATER_BODY_NAME": "LTL FK R", "CWP_CSO_FLAG": "N"}}, {"type": "Feature", "geometry": {"type": "Point", "coordinates": [-96.5788086479487, 46.8744079429002]}, "properties": {"CWP_NAME": "GLYNDON WWTP", "CWP_STREET": "216 PARTRIDGE AVE S", "CWP_CITY": "GLYNDON", "CWP_STATE": "MN", "CWP_ZIP": "56547", "CWP_COUNTY": "Clay", "NPDES_ID": "MN0020630", "REGISTRY_ID": "110008801653", "CWP_FACILITY_TYPE_INDICATOR": "POTW", "CWP_MAJOR_MINOR_STATUS": "Minor", "CWP_PERMIT_STATUS_DESC": "Effective", "STATE_WATER_BODY_NAME": "UNNAMED DITCH", "CWP_CSO_FLAG": "N"}}, {"type": "Feature", "geometry": {"type": "Point", "coordinates": [-95.981898758633, 46.8609883041807]}, "properties": {"CWP_NAME": "AUDUBON WWTP", "CWP_STREET": "273 4TH ST", "CWP_CITY": "AUDUBON", "CWP_STATE": "MN", "CWP_ZIP": "56511", "CWP_COUNTY": "Becker", "NPDES_ID": "MNG585148", "REGISTRY_ID": "110008801724", "CWP_FACILITY_TYPE_INDICATOR": "POTW", "CWP_MAJOR_MINOR_STATUS": "Minor", "CWP_PERMIT_STATUS_DESC": "Effective", "STATE_WATER_BODY_NAME": "UNNAMED DITCH", "CWP_CSO_FLAG": "N"}}, {"type": "Feature", "geometry": {"type": "Point", "coordinates": [-93.890938170723, 45.1153681550793]}, "properties": {"CWP_NAME": "BUFFALO WWTP", "CWP_STREET": "1 25TH ST SE", "CWP_CITY": "BUFFALO", "CWP_STATE": "MN", "CWP_ZIP": "553131567", "CWP_COUNTY": "Wright", "NPDES_ID": "MN0040649", "REGISTRY_ID": "110008749667", "CWP_FACILITY_TYPE_INDICATOR": "POTW", "CWP_MAJOR_MINOR_STATUS": "Major", "CWP_PERMIT_STATUS_DESC": "Effective", "STATE_WATER_BODY_NAME": "CROW RIVER, NORTH FORK", "CWP_CSO_FLAG": "N"}}, {"type": "Feature", "geometry": {"type": "Point", "coordinates": [-93.6556008336529, 45.2627382979446]}, "properties": {"CWP_NAME": "OTSEGO WWTP WEST", "CWP_STREET": "7551 LANCASTER AVE", "CWP_CITY": "OTSEGO", "CWP_STATE": "MN", "CWP_ZIP": "553014595", "CWP_COUNTY": "Wright", "NPDES_ID": "MN0066257", "REGISTRY_ID": "110008689133", "CWP_FACILITY_TYPE_INDICATOR": "POTW", "CWP_MAJOR_MINOR_STATUS": "Minor", "CWP_PERMIT_STATUS_DESC": "Effective", "STATE_WATER_BODY_NAME": "UNNAMED CREEK", "CWP_CSO_FLAG": "N"}}, {"type": "Feature", "geometry": {"type": "Point", "coordinates": [-94.0621376519696, 45.0545478835624]}, "properties": {"CWP_NAME": "HOWARD LAKE", "CWP_STREET": "200 12TH ST", "CWP_CITY": "HOWARD LAKE", "CWP_STATE": "MN", "CWP_ZIP": "55349", "CWP_COUNTY": "Wright", "NPDES_ID": "MN0051926", "REGISTRY_ID": "110008809209", "CWP_FACILITY_TYPE_INDICATOR": "POTW", "CWP_MAJOR_MINOR_STATUS": "Minor", "CWP_PERMIT_STATUS_DESC": "Terminated", "STATE_WATER_BODY_NAME": "DUTCH L VIA MUD L", "CWP_CSO_FLAG": "N"}}, {"type": "Feature", "geometry": {"type": "Point", "coordinates": [-96.8040782178125, 47.609545335654]}, "properties": {"CWP_NAME": "CLIMAX WWTP", "CWP_STREET": "HIGHWAY 75", "CWP_CITY": "CLIMAX", "CWP_STATE": "MN", "CWP_ZIP": "56523", "CWP_COUNTY": "Polk", "NPDES_ID": "MN0023060", "REGISTRY_ID": "110037504153", "CWP_FACILITY_TYPE_INDICATOR": "POTW", "CWP_MAJOR_MINOR_STATUS": "Minor", "CWP_PERMIT_STATUS_DESC": "Admin Continued", "STATE_WATER_BODY_NAME": "SAND HILL RIVER", "CWP_CSO_FLAG": "N"}}, {"type": "Feature", "geometry": {"type": "Point", "coordinates": [-95.1209015813313, 44.2021045998582]}, "properties": {"CWP_NAME": "SANBORN WWTP", "CWP_STREET": "HIGHWAY 71 & COUNTY ROAD 15", "CWP_CITY": "SANBORN", "CWP_STATE": "MN", "CWP_ZIP": "56083", "CWP_COUNTY": "Redwood", "NPDES_ID": "MNG585115", "REGISTRY_ID": "110008811875", "CWP_FACILITY_TYPE_INDICATOR": "POTW", "CWP_MAJOR_MINOR_STATUS": "Minor", "CWP_PERMIT_STATUS_DESC": "Effective", "STATE_WATER_BODY_NAME": "COTTONWOOD RIVER", "CWP_CSO_FLAG": "N"}}, {"type": "Feature", "geometry": {"type": "Point", "coordinates": [-96.9112856826424, 48.4525681186148]}, "properties": {"CWP_NAME": "STEPHEN WWTP", "CWP_STREET": "HIGHWAY 5", "CWP_CITY": "STEPHEN", "CWP_STATE": "MN", "CWP_ZIP": "56757", "CWP_COUNTY": "Marshall", "NPDES_ID": "MNG585162", "REGISTRY_ID": "110008795535", "CWP_FACILITY_TYPE_INDICATOR": "POTW", "CWP_MAJOR_MINOR_STATUS": "Minor", "CWP_PERMIT_STATUS_DESC": "Effective", "STATE_WATER_BODY_NAME": "TAMARAC RIVER", "CWP_CSO_FLAG": "N"}}, {"type": "Feature", "geometry": {"type": "Point", "coordinates": [-94.7194648374493, 44.528825676881]}, "properties": {"CWP_NAME": "FAIRFAX WWTP", "CWP_STREET": "SEE LOCATION DESCRIPTION", "CWP_CITY": "FAIRFAX", "CWP_STATE": "MN", "CWP_ZIP": "55332", "CWP_COUNTY": "Renville", "NPDES_ID": "MNG585060", "REGISTRY_ID": "110069165094", "CWP_FACILITY_TYPE_INDICATOR": "POTW", "CWP_MAJOR_MINOR_STATUS": "Minor", "CWP_PERMIT_STATUS_DESC": "Effective", "STATE_WATER_BODY_NAME": "COUNTY DITCH 3", "CWP_CSO_FLAG": "N"}}, {"type": "Feature", "geometry": {"type": "Point", "coordinates": [-92.3375481528799, 47.8180787054166]}, "properties": {"CWP_NAME": "LAKE VERMILLION WWSL", "CWP_STREET": "1430 BOIS FORTE ROAD", "CWP_CITY": "TOWER", "CWP_STATE": "MN", "CWP_ZIP": "55790", "CWP_COUNTY": null, "NPDES_ID": "MN0061310", "REGISTRY_ID": "110056666451", "CWP_FACILITY_TYPE_INDICATOR": "POTW", "CWP_MAJOR_MINOR_STATUS": "Minor", "CWP_PERMIT_STATUS_DESC": "Effective", "STATE_WATER_BODY_NAME": "WETLANDS TO PIKE BAY", "CWP_CSO_FLAG": "N"}}, {"type": "Feature", "geometry": {"type": "Point", "coordinates": [-95.2620718268243, 44.4025841873261]}, "properties": {"CWP_NAME": "WABASSO WWTF", "CWP_STREET": "SEC 23 T111N R37W", "CWP_CITY": "WABASSO", "CWP_STATE": "MN", "CWP_ZIP": "56293", "CWP_COUNTY": "Redwood", "NPDES_ID": "MN0025151", "REGISTRY_ID": "110032821506", "CWP_FACILITY_TYPE_INDICATOR": "POTW", "CWP_MAJOR_MINOR_STATUS": "Minor", "CWP_PERMIT_STATUS_DESC": "Admin Continued", "STATE_WATER_BODY_NAME": null, "CWP_CSO_FLAG": "N"}}, {"type": "Feature", "geometry": {"type": "Point", "coordinates": [-94.9226081746212, 43.9409675337779]}, "properties": {"CWP_NAME": "MOUNTAIN LAKE WWTP", "CWP_STREET": "3RD AVE & 15TH ST", "CWP_CITY": "MOUNTAIN LAKE", "CWP_STATE": "MN", "CWP_ZIP": "56159", "CWP_COUNTY": "Cottonwood", "NPDES_ID": "MN0021466", "REGISTRY_ID": "110070355446", "CWP_FACILITY_TYPE_INDICATOR": "POTW", "CWP_MAJOR_MINOR_STATUS": "Minor", "CWP_PERMIT_STATUS_DESC": "Effective", "STATE_WATER_BODY_NAME": "WATONWAN RIVER", "CWP_CSO_FLAG": "N"}}, {"type": "Feature", "geometry": {"type": "Point", "coordinates": [-94.3224914622664, 45.085354146155]}, "properties": {"CWP_NAME": "DASSEL WWTP", "CWP_STREET": "HIGHWAY 15 W", "CWP_CITY": "DASSEL", "CWP_STATE": "MN", "CWP_ZIP": "55325", "CWP_COUNTY": "Meeker", "NPDES_ID": "MN0054127", "REGISTRY_ID": "110008808790", "CWP_FACILITY_TYPE_INDICATOR": "POTW", "CWP_MAJOR_MINOR_STATUS": "Minor", "CWP_PERMIT_STATUS_DESC": "Effective", "STATE_WATER_BODY_NAME": "WASHINGTON CREEK (COUNTY DITCH 9)", "CWP_CSO_FLAG": "N"}}, {"type": "Feature", "geometry": {"type": "Point", "coordinates": [-92.2546216422736, 47.8178520823599]}, "properties": {"CWP_NAME": "TOWER/BREITUNG WWTP", "CWP_STREET": "1347 MCKINLEY PARK RD", "CWP_CITY": "SOUDAN", "CWP_STATE": "MN", "CWP_ZIP": "55782", "CWP_COUNTY": "St. Louis", "NPDES_ID": "MNG585186", "REGISTRY_ID": "110067758484", "CWP_FACILITY_TYPE_INDICATOR": "POTW", "CWP_MAJOR_MINOR_STATUS": "Minor", "CWP_PERMIT_STATUS_DESC": "Effective", "STATE_WATER_BODY_NAME": "UNNAMED CREEK (EAST TWO RIVER TRIBUTARY)", "CWP_CSO_FLAG": "N"}}, {"type": "Feature", "geometry": {"type": "Point", "coordinates": [-93.002107293178, 44.6104680622281]}, "properties": {"CWP_NAME": "HAMPTON WWTF", "CWP_STREET": "SEC 5, SEC 8, T113N, R18W", "CWP_CITY": "HAMPTON, TOWNSHIP OF", "CWP_STATE": "MN", "CWP_ZIP": "55031", "CWP_COUNTY": "Dakota", "NPDES_ID": "MN0021946", "REGISTRY_ID": "110008818994", "CWP_FACILITY_TYPE_INDICATOR": "POTW", "CWP_MAJOR_MINOR_STATUS": "Minor", "CWP_PERMIT_STATUS_DESC": "Admin Continued", "STATE_WATER_BODY_NAME": "VERMILLION R SO BR VIA DT", "CWP_CSO_FLAG": "N"}}, {"type": "Feature", "geometry": {"type": "Point", "coordinates": [-93.8626554232942, 45.3936993769601]}, "properties": {"CWP_NAME": "BECKER WWTP - MUNICIPAL", "CWP_STREET": "14398 CENTRAL AVE", "CWP_CITY": "BECKER", "CWP_STATE": "MN", "CWP_ZIP": "55308", "CWP_COUNTY": "Sherburne", "NPDES_ID": "MN0025666", "REGISTRY_ID": "110006650481", "CWP_FACILITY_TYPE_INDICATOR": "POTW", "CWP_MAJOR_MINOR_STATUS": "Major", "CWP_PERMIT_STATUS_DESC": "Admin Continued", "STATE_WATER_BODY_NAME": "ELK RIVER", "CWP_CSO_FLAG": "N"}}, {"type": "Feature", "geometry": {"type": "Point", "coordinates": [-90.3285169454464, 47.7518788464663]}, "properties": {"CWP_NAME": "GRAND MARAIS WWTP", "CWP_STREET": "321 EAST SECOND ST.", "CWP_CITY": "GRAND MARAIS", "CWP_STATE": "MN", "CWP_ZIP": "55604", "CWP_COUNTY": "Cook", "NPDES_ID": "MN0020010", "REGISTRY_ID": "110006650338", "CWP_FACILITY_TYPE_INDICATOR": "POTW", "CWP_MAJOR_MINOR_STATUS": "Minor", "CWP_PERMIT_STATUS_DESC": "Admin Continued", "STATE_WATER_BODY_NAME": "L SUPERIOR", "CWP_CSO_FLAG": "N"}}, {"type": "Feature", "geometry": {"type": "Point", "coordinates": [-94.2933085620163, 45.8300081960571]}, "properties": {"CWP_NAME": "ROYALTON WWTP", "CWP_STREET": "BIRCH ST S", "CWP_CITY": "ROYALTON", "CWP_STATE": "MN", "CWP_ZIP": "56373", "CWP_COUNTY": "Morrison", "NPDES_ID": "MN0020460", "REGISTRY_ID": "110009898600", "CWP_FACILITY_TYPE_INDICATOR": "POTW", "CWP_MAJOR_MINOR_STATUS": "Minor", "CWP_PERMIT_STATUS_DESC": "Effective", "STATE_WATER_BODY_NAME": "PLATTE RIVER", "CWP_CSO_FLAG": "N"}}, {"type": "Feature", "geometry": {"type": "Point", "coordinates": [-95.4668042697932, 43.843947719923]}, "properties": {"CWP_NAME": "DUNDEE WWTP", "CWP_STREET": "SEE LOCATION DESCRIPTION", "CWP_CITY": "FULDA", "CWP_STATE": "MN", "CWP_ZIP": "56131", "CWP_COUNTY": "Murray", "NPDES_ID": "MNG585349", "REGISTRY_ID": "110046071317", "CWP_FACILITY_TYPE_INDICATOR": "POTW", "CWP_MAJOR_MINOR_STATUS": "Minor", "CWP_PERMIT_STATUS_DESC": "Effective", "STATE_WATER_BODY_NAME": "TALCOT", "CWP_CSO_FLAG": "N"}}, {"type": "Feature", "geometry": {"type": "Point", "coordinates": [-93.0465707295623, 44.9232514135097]}, "properties": {"CWP_NAME": "MET COUNCIL - METROPOLITAN WWTP", "CWP_STREET": "2400 CHILDS RD", "CWP_CITY": "SAINT PAUL", "CWP_STATE": "MN", "CWP_ZIP": "551066724", "CWP_COUNTY": "Ramsey", "NPDES_ID": "MN0029815", "REGISTRY_ID": "110000573941", "CWP_FACILITY_TYPE_INDICATOR": "POTW", "CWP_MAJOR_MINOR_STATUS": "Major", "CWP_PERMIT_STATUS_DESC": "Expired", "STATE_WATER_BODY_NAME": "MISSISSIPPI RIVER", "CWP_CSO_FLAG": "N"}}, {"type": "Feature", "geometry": {"type": "Point", "coordinates": [-95.8543192648941, 47.8393680889123]}, "properties": {"CWP_NAME": "OKLEE WWTP", "CWP_STREET": "2ND AVE & MAIN ST", "CWP_CITY": "OKLEE", "CWP_STATE": "MN", "CWP_ZIP": "56742", "CWP_COUNTY": "Red Lake", "NPDES_ID": "MNG585038", "REGISTRY_ID": "110068900979", "CWP_FACILITY_TYPE_INDICATOR": "POTW", "CWP_MAJOR_MINOR_STATUS": "Minor", "CWP_PERMIT_STATUS_DESC": "Effective", "STATE_WATER_BODY_NAME": "UNNAMED CREEK", "CWP_CSO_FLAG": "N"}}, {"type": "Feature", "geometry": {"type": "Point", "coordinates": [-95.5620625951736, 45.9921513928306]}, "properties": {"CWP_NAME": "MILLERVILLE WWTP", "CWP_STREET": "COUNTY ROAD 60", "CWP_CITY": "MILLERVILLE", "CWP_STATE": "MN", "CWP_ZIP": "56315", "CWP_COUNTY": "Douglas", "NPDES_ID": "MN0054305", "REGISTRY_ID": "110008802288", "CWP_FACILITY_TYPE_INDICATOR": "POTW", "CWP_MAJOR_MINOR_STATUS": "Minor", "CWP_PERMIT_STATUS_DESC": "Effective", "STATE_WATER_BODY_NAME": "COUNTY DITCH 60 (CHIPPEWA RIVER)", "CWP_CSO_FLAG": "N"}}, {"type": "Feature", "geometry": {"type": "Point", "coordinates": [-95.8083643085375, 44.7789630684705]}, "properties": {"CWP_NAME": "CLARKFIELD WWTP", "CWP_STREET": "2574 HIGHWAY 59", "CWP_CITY": "CLARKFIELD", "CWP_STATE": "MN", "CWP_ZIP": "56223", "CWP_COUNTY": "Yellow Medicine", "NPDES_ID": "MNG585093", "REGISTRY_ID": "110068777078", "CWP_FACILITY_TYPE_INDICATOR": "POTW", "CWP_MAJOR_MINOR_STATUS": "Minor", "CWP_PERMIT_STATUS_DESC": "Effective", "STATE_WATER_BODY_NAME": "UNNAMED DITCH", "CWP_CSO_FLAG": "N"}}, {"type": "Feature", "geometry": {"type": "Point", "coordinates": [-96.2129492444186, 48.0112186323402]}, "properties": {"CWP_NAME": "SAINT HILAIRE", "CWP_STREET": "101 WATER ST N", "CWP_CITY": "SAINT HILAIRE", "CWP_STATE": "MN", "CWP_ZIP": "56754", "CWP_COUNTY": "Pennington", "NPDES_ID": "MN0024741", "REGISTRY_ID": "110008796062", "CWP_FACILITY_TYPE_INDICATOR": "POTW", "CWP_MAJOR_MINOR_STATUS": "Minor", "CWP_PERMIT_STATUS_DESC": "Terminated", "STATE_WATER_BODY_NAME": "RED L R", "CWP_CSO_FLAG": "N"}}, {"type": "Feature", "geometry": {"type": "Point", "coordinates": [-95.9833422843445, 47.5333413379059]}, "properties": {"CWP_NAME": "WINGER", "CWP_STREET": "PO BOX 70", "CWP_CITY": "WINGER", "CWP_STATE": "MN", "CWP_ZIP": "56592-0070", "CWP_COUNTY": "Polk", "NPDES_ID": "MN0046671", "REGISTRY_ID": "110008796552", "CWP_FACILITY_TYPE_INDICATOR": "POTW", "CWP_MAJOR_MINOR_STATUS": "Minor", "CWP_PERMIT_STATUS_DESC": "Terminated", "STATE_WATER_BODY_NAME": null, "CWP_CSO_FLAG": "N"}}, {"type": "Feature", "geometry": {"type": "Point", "coordinates": [-95.2333079891708, 45.016707919841]}, "properties": {"CWP_NAME": "RAYMOND WWTP", "CWP_STREET": "COUNTY ROAD 7 N", "CWP_CITY": "RAYMOND", "CWP_STATE": "MN", "CWP_ZIP": "56282", "CWP_COUNTY": "Kandiyohi", "NPDES_ID": "MNG585197", "REGISTRY_ID": "110008806042", "CWP_FACILITY_TYPE_INDICATOR": "POTW", "CWP_MAJOR_MINOR_STATUS": "Minor", "CWP_PERMIT_STATUS_DESC": "Effective", "STATE_WATER_BODY_NAME": "HAWK CREEK", "CWP_CSO_FLAG": "N"}}, {"type": "Feature", "geometry": {"type": "Point", "coordinates": [-95.7167081004217, 44.9333074443786]}, "properties": {"CWP_NAME": "MONTEVIDEO WWTP", "CWP_STREET": "500 W HWY 7 T117N R42W SECT 18", "CWP_CITY": "MONTEVIDEO", "CWP_STATE": "MN", "CWP_ZIP": "56265", "CWP_COUNTY": "Chippewa", "NPDES_ID": "MN0020133", "REGISTRY_ID": "110039738530", "CWP_FACILITY_TYPE_INDICATOR": "POTW", "CWP_MAJOR_MINOR_STATUS": "Major", "CWP_PERMIT_STATUS_DESC": "Admin Continued", "STATE_WATER_BODY_NAME": "CHIPPEWA R", "CWP_CSO_FLAG": "N"}}, {"type": "Feature", "geometry": {"type": "Point", "coordinates": [-96.5106947086147, 45.8329182374366]}, "properties": {"CWP_NAME": "WHEATON WWTP", "CWP_STREET": "6706 660TH AVE", "CWP_CITY": "WHEATON", "CWP_STATE": "MN", "CWP_ZIP": "56296", "CWP_COUNTY": "Traverse", "NPDES_ID": "MNG585044", "REGISTRY_ID": "110068597913", "CWP_FACILITY_TYPE_INDICATOR": "POTW", "CWP_MAJOR_MINOR_STATUS": "Minor", "CWP_PERMIT_STATUS_DESC": "Effective", "STATE_WATER_BODY_NAME": "MUSTINKA RIVER", "CWP_CSO_FLAG": "N"}}, {"type": "Feature", "geometry": {"type": "Point", "coordinates": [-94.4195281950537, 44.0432879495182]}, "properties": {"CWP_NAME": "MADELIA WWTP", "CWP_STREET": "COUNTY ROAD 9", "CWP_CITY": "MADELIA", "CWP_STATE": "MN", "CWP_ZIP": "56062", "CWP_COUNTY": "Watonwan", "NPDES_ID": "MN0024040", "REGISTRY_ID": "110039748618", "CWP_FACILITY_TYPE_INDICATOR": "POTW", "CWP_MAJOR_MINOR_STATUS": "Major", "CWP_PERMIT_STATUS_DESC": "Admin Continued", "STATE_WATER_BODY_NAME": "WATONWAN RIVER", "CWP_CSO_FLAG": "N"}}, {"type": "Feature", "geometry": {"type": "Point", "coordinates": [-93.8107355572033, 44.0014776038894]}, "properties": {"CWP_NAME": "PEMBERTON WWTP", "CWP_STREET": "SEE LOCATION DESCRIPTION", "CWP_CITY": "PEMBERTON", "CWP_STATE": "MN", "CWP_ZIP": "56078", "CWP_COUNTY": "Blue Earth", "NPDES_ID": "MNG585075", "REGISTRY_ID": "110068438462", "CWP_FACILITY_TYPE_INDICATOR": "POTW", "CWP_MAJOR_MINOR_STATUS": "Minor", "CWP_PERMIT_STATUS_DESC": "Effective", "STATE_WATER_BODY_NAME": "LITTLE COBB RIVER", "CWP_CSO_FLAG": "N"}}, {"type": "Feature", "geometry": {"type": "Point", "coordinates": [-95.1150083685999, 44.5383081018536]}, "properties": {"CWP_NAME": "REDWOOD FALLS", "CWP_STREET": "COUNTY ROAD 25", "CWP_CITY": "REDWOOD FALLS", "CWP_STATE": "MN", "CWP_ZIP": "56283", "CWP_COUNTY": "Redwood", "NPDES_ID": "MN0020401", "REGISTRY_ID": "110009894178", "CWP_FACILITY_TYPE_INDICATOR": "POTW", "CWP_MAJOR_MINOR_STATUS": "Major", "CWP_PERMIT_STATUS_DESC": "Admin Continued", "STATE_WATER_BODY_NAME": "REDWOOD R", "CWP_CSO_FLAG": "N"}}, {"type": "Feature", "geometry": {"type": "Point", "coordinates": [-97.0249095629198, 47.9273082119105]}, "properties": {"CWP_NAME": "EAST GRAND FORKS WWTP", "CWP_STREET": "ADDRESS UNKNOWN", "CWP_CITY": "EAST GRAND FORKS", "CWP_STATE": "MN", "CWP_ZIP": "56721", "CWP_COUNTY": "Polk", "NPDES_ID": "MN0021814", "REGISTRY_ID": "110003810403", "CWP_FACILITY_TYPE_INDICATOR": "POTW", "CWP_MAJOR_MINOR_STATUS": "Major", "CWP_PERMIT_STATUS_DESC": "Terminated", "STATE_WATER_BODY_NAME": "RED RIVER OF THE NORTH", "CWP_CSO_FLAG": "N"}}, {"type": "Feature", "geometry": {"type": "Point", "coordinates": [-91.933668192433, 43.5329875286351]}, "properties": {"CWP_NAME": "CANTON WWTF", "CWP_STREET": "SEC 20, T101N, R9W", "CWP_CITY": "CANTON", "CWP_STATE": "MN", "CWP_ZIP": "55922", "CWP_COUNTY": "Fillmore", "NPDES_ID": "MN0023001", "REGISTRY_ID": "110008816291", "CWP_FACILITY_TYPE_INDICATOR": "POTW", "CWP_MAJOR_MINOR_STATUS": "Minor", "CWP_PERMIT_STATUS_DESC": "Admin Continued", "STATE_WATER_BODY_NAME": "WEISEL CR VIA UNN CR", "CWP_CSO_FLAG": "N"}}, {"type": "Feature", "geometry": {"type": "Point", "coordinates": [-94.8653387363952, 46.0732577139774]}, "properties": {"CWP_NAME": "BROWERVILLE WWTP", "CWP_STREET": "30678 241ST AVE", "CWP_CITY": "BROWERVILLE", "CWP_STATE": "MN", "CWP_ZIP": "56438", "CWP_COUNTY": "Todd", "NPDES_ID": "MN0022926", "REGISTRY_ID": "110039742375", "CWP_FACILITY_TYPE_INDICATOR": "POTW", "CWP_MAJOR_MINOR_STATUS": "Minor", "CWP_PERMIT_STATUS_DESC": "Effective", "STATE_WATER_BODY_NAME": "LONG PRAIRIE RIVER", "CWP_CSO_FLAG": "N"}}, {"type": "Feature", "geometry": {"type": "Point", "coordinates": [-92.13908427485, 44.144335044806]}, "properties": {"CWP_NAME": "PLAINVIEW ELGIN SANITARY DISTRICT", "CWP_STREET": "COUNTY ROAD 4", "CWP_CITY": "PLAINVIEW", "CWP_STATE": "MN", "CWP_ZIP": "55964", "CWP_COUNTY": "Wabasha", "NPDES_ID": "MN0055361", "REGISTRY_ID": "110064599153", "CWP_FACILITY_TYPE_INDICATOR": "POTW", "CWP_MAJOR_MINOR_STATUS": "Major", "CWP_PERMIT_STATUS_DESC": "Admin Continued", "STATE_WATER_BODY_NAME": "WHITEWATER R VIA CR", "CWP_CSO_FLAG": "N"}}, {"type": "Feature", "geometry": {"type": "Point", "coordinates": [-93.2099171703773, 43.6565381251303]}, "properties": {"CWP_NAME": "HAYWARD WWTP", "CWP_STREET": "COUNTY ROAD 46", "CWP_CITY": "HAYWARD", "CWP_STATE": "MN", "CWP_ZIP": "56043", "CWP_COUNTY": "Freeborn", "NPDES_ID": "MNG585391", "REGISTRY_ID": "110008814649", "CWP_FACILITY_TYPE_INDICATOR": "POTW", "CWP_MAJOR_MINOR_STATUS": "Minor", "CWP_PERMIT_STATUS_DESC": "Effective", "STATE_WATER_BODY_NAME": "COUNTY DITCH 32", "CWP_CSO_FLAG": "N"}}, {"type": "Feature", "geometry": {"type": "Point", "coordinates": [-95.4921573667809, 45.9479614046752]}, "properties": {"CWP_NAME": "GARFIELD WWTP", "CWP_STREET": "COUNTY ROAD 12& LAGUNA DR", "CWP_CITY": "GARFIELD", "CWP_STATE": "MN", "CWP_ZIP": "56332", "CWP_COUNTY": "Douglas", "NPDES_ID": "MN0023515", "REGISTRY_ID": "110008802135", "CWP_FACILITY_TYPE_INDICATOR": "POTW", "CWP_MAJOR_MINOR_STATUS": "Minor", "CWP_PERMIT_STATUS_DESC": "Terminated", "STATE_WATER_BODY_NAME": null, "CWP_CSO_FLAG": "N"}}, {"type": "Feature", "geometry": {"type": "Point", "coordinates": [-94.694878295342, 44.7460182793062]}, "properties": {"CWP_NAME": "HECTOR WWTP", "CWP_STREET": "1500 BRYANT AVE NE", "CWP_CITY": "HECTOR", "CWP_STATE": "MN", "CWP_ZIP": "55342", "CWP_COUNTY": "Renville", "NPDES_ID": "MN0025445", "REGISTRY_ID": "110039754959", "CWP_FACILITY_TYPE_INDICATOR": "POTW", "CWP_MAJOR_MINOR_STATUS": "Minor", "CWP_PERMIT_STATUS_DESC": "Effective", "STATE_WATER_BODY_NAME": "JUDICIAL DITCH 15", "CWP_CSO_FLAG": "N"}}, {"type": "Feature", "geometry": {"type": "Point", "coordinates": [-93.6471979487271, 47.7469080496897]}, "properties": {"CWP_NAME": "BIGFORK", "CWP_STREET": "SEC 27, T61N R26W", "CWP_CITY": "BIGFORK", "CWP_STATE": "MN", "CWP_ZIP": "56628", "CWP_COUNTY": "Itasca", "NPDES_ID": "MN0022811", "REGISTRY_ID": "110008797659", "CWP_FACILITY_TYPE_INDICATOR": "POTW", "CWP_MAJOR_MINOR_STATUS": "Minor", "CWP_PERMIT_STATUS_DESC": "Terminated", "STATE_WATER_BODY_NAME": "BIG FK R", "CWP_CSO_FLAG": "N"}}, {"type": "Feature", "geometry": {"type": "Point", "coordinates": [-93.8266757781715, 48.1949683243145]}, "properties": {"CWP_NAME": "BIG FALLS WWTP", "CWP_STREET": "COUNTY HIGHWAY 30", "CWP_CITY": "BIG FALLS", "CWP_STATE": "MN", "CWP_ZIP": "56627", "CWP_COUNTY": "Koochiching", "NPDES_ID": "MNG585135", "REGISTRY_ID": "110008797677", "CWP_FACILITY_TYPE_INDICATOR": "POTW", "CWP_MAJOR_MINOR_STATUS": "Minor", "CWP_PERMIT_STATUS_DESC": "Effective", "STATE_WATER_BODY_NAME": "BIG FORK RIVER", "CWP_CSO_FLAG": "N"}}, {"type": "Feature", "geometry": {"type": "Point", "coordinates": [-94.4584679021917, 43.6702176305423]}, "properties": {"CWP_NAME": "FAIRMONT WWTP", "CWP_STREET": "301 MARGARET ST", "CWP_CITY": "FAIRMONT", "CWP_STATE": "MN", "CWP_ZIP": "560311516", "CWP_COUNTY": "Martin", "NPDES_ID": "MN0030112", "REGISTRY_ID": "110000760114", "CWP_FACILITY_TYPE_INDICATOR": "POTW", "CWP_MAJOR_MINOR_STATUS": "Major", "CWP_PERMIT_STATUS_DESC": "Effective", "STATE_WATER_BODY_NAME": "CENTER CREEK", "CWP_CSO_FLAG": "N"}}, {"type": "Feature", "geometry": {"type": "Point", "coordinates": [-91.2738835956055, 47.29488552041]}, "properties": {"CWP_NAME": "SILVER BAY", "CWP_STREET": "7 DAVIS DRIVE", "CWP_CITY": "SILVER BAY", "CWP_STATE": "MN", "CWP_ZIP": "55614", "CWP_COUNTY": "Lake", "NPDES_ID": "MN0024899", "REGISTRY_ID": "110008800146", "CWP_FACILITY_TYPE_INDICATOR": "POTW", "CWP_MAJOR_MINOR_STATUS": "Minor", "CWP_PERMIT_STATUS_DESC": "Admin Continued", "STATE_WATER_BODY_NAME": "L SUPERIOR", "CWP_CSO_FLAG": "N"}}, {"type": "Feature", "geometry": {"type": "Point", "coordinates": [-94.4781083310082, 44.6342082665155]}, "properties": {"CWP_NAME": "STEWART WWTP", "CWP_STREET": "1301 YANKEE AVE", "CWP_CITY": "STEWART", "CWP_STATE": "MN", "CWP_ZIP": "55385", "CWP_COUNTY": "McLeod", "NPDES_ID": "MN0053210", "REGISTRY_ID": "110008806471", "CWP_FACILITY_TYPE_INDICATOR": "POTW", "CWP_MAJOR_MINOR_STATUS": "Minor", "CWP_PERMIT_STATUS_DESC": "Effective", "STATE_WATER_BODY_NAME": "BUFFALO CREEK", "CWP_CSO_FLAG": "N"}}, {"type": "Feature", "geometry": {"type": "Point", "coordinates": [-89.6883397803384, 47.965008353307]}, "properties": {"CWP_NAME": "USDI BIA GRND PRTG IND RES", "CWP_STREET": "GRAND PORTAGE", "CWP_CITY": "GRAND PORTAGE", "CWP_STATE": "MN", "CWP_ZIP": "55605", "CWP_COUNTY": "Cook", "NPDES_ID": "MN0025887", "REGISTRY_ID": "110011114203", "CWP_FACILITY_TYPE_INDICATOR": "POTW", "CWP_MAJOR_MINOR_STATUS": "Minor", "CWP_PERMIT_STATUS_DESC": "Effective", "STATE_WATER_BODY_NAME": "BAPTISM-BRULE", "CWP_CSO_FLAG": "N"}}, {"type": "Feature", "geometry": {"type": "Point", "coordinates": [-95.0352178773289, 45.1090080667718]}, "properties": {"CWP_NAME": "WILLMAR WWTF", "CWP_STREET": "1400 SE SEVENTH ST.", "CWP_CITY": "WILLMAR", "CWP_STATE": "MN", "CWP_ZIP": "56201", "CWP_COUNTY": "Kandiyohi", "NPDES_ID": "MN0025259", "REGISTRY_ID": "110000760105", "CWP_FACILITY_TYPE_INDICATOR": "POTW", "CWP_MAJOR_MINOR_STATUS": "Major", "CWP_PERMIT_STATUS_DESC": "Admin Continued", "STATE_WATER_BODY_NAME": "HAWK CR VIA CO DT 46 & CO DT 19", "CWP_CSO_FLAG": "N"}}, {"type": "Feature", "geometry": {"type": "Point", "coordinates": [-95.7483979413332, 47.5973973760468]}, "properties": {"CWP_NAME": "FOSSTON", "CWP_STREET": "TSHP RD 27 T148N R40W SEC 33", "CWP_CITY": "FOSSTON", "CWP_STATE": "MN", "CWP_ZIP": "56542", "CWP_COUNTY": "Polk", "NPDES_ID": "MN0022128", "REGISTRY_ID": "110008797089", "CWP_FACILITY_TYPE_INDICATOR": "POTW", "CWP_MAJOR_MINOR_STATUS": "Minor", "CWP_PERMIT_STATUS_DESC": "Admin Continued", "STATE_WATER_BODY_NAME": "POPLAR R", "CWP_CSO_FLAG": "N"}}, {"type": "Feature", "geometry": {"type": "Point", "coordinates": [-94.9668161176341, 43.6146367869836]}, "properties": {"CWP_NAME": "JACKSON WWTP", "CWP_STREET": "COUNTY ROAD 51", "CWP_CITY": "JACKSON", "CWP_STATE": "MN", "CWP_ZIP": "56143", "CWP_COUNTY": "Jackson", "NPDES_ID": "MN0021377", "REGISTRY_ID": "110008811214", "CWP_FACILITY_TYPE_INDICATOR": "POTW", "CWP_MAJOR_MINOR_STATUS": "Minor", "CWP_PERMIT_STATUS_DESC": "Effective", "STATE_WATER_BODY_NAME": "UNNAMED DITCH", "CWP_CSO_FLAG": "N"}}, {"type": "Feature", "geometry": {"type": "Point", "coordinates": [-95.6850089488065, 46.0066745372826]}, "properties": {"CWP_NAME": "EVANSVILLE", "CWP_STREET": "SEC 10, T129, R40", "CWP_CITY": "EVANSVILLE", "CWP_STATE": "MN", "CWP_ZIP": "56326", "CWP_COUNTY": "Douglas", "NPDES_ID": "MN0023329", "REGISTRY_ID": "110009893302", "CWP_FACILITY_TYPE_INDICATOR": "POTW", "CWP_MAJOR_MINOR_STATUS": "Minor", "CWP_PERMIT_STATUS_DESC": "Terminated", "STATE_WATER_BODY_NAME": "L FANNY VIA DT", "CWP_CSO_FLAG": "N"}}, {"type": "Feature", "geometry": {"type": "Point", "coordinates": [-92.80000788255, 43.8000079195479]}, "properties": {"CWP_NAME": "SARGEANT WWTF", "CWP_STREET": "SEC 19 T104N R16W", "CWP_CITY": "SARGEANT", "CWP_STATE": "MN", "CWP_ZIP": "55973", "CWP_COUNTY": "Mower", "NPDES_ID": "MN0021601", "REGISTRY_ID": "110008816255", "CWP_FACILITY_TYPE_INDICATOR": "POTW", "CWP_MAJOR_MINOR_STATUS": "Minor", "CWP_PERMIT_STATUS_DESC": "Terminated", "STATE_WATER_BODY_NAME": "UNN TRIB TO ROBERTS CR", "CWP_CSO_FLAG": "N"}}, {"type": "Feature", "geometry": {"type": "Point", "coordinates": [-94.5236482812793, 45.1156280141303]}, "properties": {"CWP_NAME": "LITCHFIELD WWTP", "CWP_STREET": "1350 ARMSTRONG AVE NO", "CWP_CITY": "LITCHFIELD", "CWP_STATE": "MN", "CWP_ZIP": "55355", "CWP_COUNTY": "Meeker", "NPDES_ID": "MN0023973", "REGISTRY_ID": "110008808825", "CWP_FACILITY_TYPE_INDICATOR": "POTW", "CWP_MAJOR_MINOR_STATUS": "Major", "CWP_PERMIT_STATUS_DESC": "Admin Continued", "STATE_WATER_BODY_NAME": "JEWETT CR", "CWP_CSO_FLAG": "N"}}, {"type": "Feature", "geometry": {"type": "Point", "coordinates": [-95.688784845837, 43.5060705635732]}, "properties": {"CWP_NAME": "BIGELOW WWTP", "CWP_STREET": "HWY60 & 33OTH ST, T101N,R40W", "CWP_CITY": "BIGELOW", "CWP_STATE": "MN", "CWP_ZIP": "561170038", "CWP_COUNTY": "Nobles", "NPDES_ID": "MN0053724", "REGISTRY_ID": "110030997214", "CWP_FACILITY_TYPE_INDICATOR": "POTW", "CWP_MAJOR_MINOR_STATUS": "Minor", "CWP_PERMIT_STATUS_DESC": "Terminated", "STATE_WATER_BODY_NAME": "UNN INT STREAM", "CWP_CSO_FLAG": "N"}}, {"type": "Feature", "geometry": {"type": "Point", "coordinates": [-95.6448731353692, 46.2715932671553]}, "properties": {"CWP_NAME": "URBANK", "CWP_STREET": "SEC 31 T131N R38W", "CWP_CITY": "URBANK", "CWP_STATE": "MN", "CWP_ZIP": "56524", "CWP_COUNTY": "Otter Tail", "NPDES_ID": "MN0068446", "REGISTRY_ID": "110025187731", "CWP_FACILITY_TYPE_INDICATOR": "POTW", "CWP_MAJOR_MINOR_STATUS": "Minor", "CWP_PERMIT_STATUS_DESC": "Terminated", "STATE_WATER_BODY_NAME": "UNN CR", "CWP_CSO_FLAG": "N"}}, {"type": "Feature", "geometry": {"type": "Point", "coordinates": [-92.4836694284556, 43.5129209169533]}, "properties": {"CWP_NAME": "LE ROY WWTP", "CWP_STREET": "10512 STATE HIGHWAY 56", "CWP_CITY": "LE ROY", "CWP_STATE": "MN", "CWP_ZIP": "55951", "CWP_COUNTY": "Mower", "NPDES_ID": "MN0021041", "REGISTRY_ID": "110009898138", "CWP_FACILITY_TYPE_INDICATOR": "POTW", "CWP_MAJOR_MINOR_STATUS": "Minor", "CWP_PERMIT_STATUS_DESC": "Effective", "STATE_WATER_BODY_NAME": "UPPER IOWA RIVER", "CWP_CSO_FLAG": "N"}}, {"type": "Feature", "geometry": {"type": "Point", "coordinates": [-96.2878560266787, 45.1262929471601]}, "properties": {"CWP_NAME": "BELLINGHAM WWTP", "CWP_STREET": "HIGHWAY 75 & COUNTY ROAD 32", "CWP_CITY": "BELLINGHAM", "CWP_STATE": "MN", "CWP_ZIP": "56212", "CWP_COUNTY": "Lac qui Parle", "NPDES_ID": "MNG585152", "REGISTRY_ID": "110068581118", "CWP_FACILITY_TYPE_INDICATOR": "POTW", "CWP_MAJOR_MINOR_STATUS": "Minor", "CWP_PERMIT_STATUS_DESC": "Effective", "STATE_WATER_BODY_NAME": "UNNAMED CREEK", "CWP_CSO_FLAG": "N"}}, {"type": "Feature", "geometry": {"type": "Point", "coordinates": [-95.1951271271372, 44.055923372081]}, "properties": {"CWP_NAME": "JEFFERS WWTP", "CWP_STREET": "106 S DEAVER AVE", "CWP_CITY": "JEFFERS", "CWP_STATE": "MN", "CWP_ZIP": "56145", "CWP_COUNTY": "Cottonwood", "NPDES_ID": "MNG585111", "REGISTRY_ID": "110067913930", "CWP_FACILITY_TYPE_INDICATOR": "POTW", "CWP_MAJOR_MINOR_STATUS": "Minor", "CWP_PERMIT_STATUS_DESC": "Effective", "STATE_WATER_BODY_NAME": "UNNAMED DITCH", "CWP_CSO_FLAG": "N"}}, {"type": "Feature", "geometry": {"type": "Point", "coordinates": [-96.1002887138461, 44.0102278489493]}, "properties": {"CWP_NAME": "WOODSTOCK WWTF", "CWP_STREET": "SEC 11 T106N R44W", "CWP_CITY": "WOODSTOCK", "CWP_STATE": "MN", "CWP_ZIP": "56186", "CWP_COUNTY": "Pipestone", "NPDES_ID": "MN0065200", "REGISTRY_ID": "110008843298", "CWP_FACILITY_TYPE_INDICATOR": "POTW", "CWP_MAJOR_MINOR_STATUS": "Minor", "CWP_PERMIT_STATUS_DESC": "Terminated", "STATE_WATER_BODY_NAME": "ROCK RIVER VIA UNN CREEK", "CWP_CSO_FLAG": "N"}}, {"type": "Feature", "geometry": {"type": "Point", "coordinates": [-95.1159871651788, 46.765405713078]}, "properties": {"CWP_NAME": "MENAHGA", "CWP_STREET": "SEC 27 T138N R35W", "CWP_CITY": "MENAHGA", "CWP_STATE": "MN", "CWP_ZIP": "56464", "CWP_COUNTY": "Wadena", "NPDES_ID": "MN0056880", "REGISTRY_ID": "110040461185", "CWP_FACILITY_TYPE_INDICATOR": "POTW", "CWP_MAJOR_MINOR_STATUS": "Minor", "CWP_PERMIT_STATUS_DESC": "Terminated", "STATE_WATER_BODY_NAME": "CROW WING R VIA YAEGER L VIA ST", "CWP_CSO_FLAG": "N"}}, {"type": "Feature", "geometry": {"type": "Point", "coordinates": [-92.0036760404189, 44.3545696003716]}, "properties": {"CWP_NAME": "WABASHA WWTP", "CWP_STREET": "2317 E HIAWATHA DR", "CWP_CITY": "WABASHA", "CWP_STATE": "MN", "CWP_ZIP": "55981", "CWP_COUNTY": "Wabasha", "NPDES_ID": "MN0025143", "REGISTRY_ID": "110031275858", "CWP_FACILITY_TYPE_INDICATOR": "POTW", "CWP_MAJOR_MINOR_STATUS": "Minor", "CWP_PERMIT_STATUS_DESC": "Effective", "STATE_WATER_BODY_NAME": "MISSISSIPPI RIVER", "CWP_CSO_FLAG": "N"}}, {"type": "Feature", "geometry": {"type": "Point", "coordinates": [-95.4684086207223, 43.5415875096763]}, "properties": {"CWP_NAME": "ROUND LAKE WWTP", "CWP_STREET": "98 MAIN ST", "CWP_CITY": "ROUND LAKE", "CWP_STATE": "MN", "CWP_ZIP": "56167", "CWP_COUNTY": "Nobles", "NPDES_ID": "MNG585198", "REGISTRY_ID": "110064285786", "CWP_FACILITY_TYPE_INDICATOR": "POTW", "CWP_MAJOR_MINOR_STATUS": "Minor", "CWP_PERMIT_STATUS_DESC": "Effective", "STATE_WATER_BODY_NAME": "JUDICIAL DITCH 24", "CWP_CSO_FLAG": "N"}}, {"type": "Feature", "geometry": {"type": "Point", "coordinates": [-96.3633476134869, 43.5286803751973]}, "properties": {"CWP_NAME": "HILLS", "CWP_STREET": "SEC 28, T101N, R46W", "CWP_CITY": "HILLS", "CWP_STATE": "MN", "CWP_ZIP": "56138", "CWP_COUNTY": "Rock", "NPDES_ID": "MN0023698", "REGISTRY_ID": "110009893419", "CWP_FACILITY_TYPE_INDICATOR": "POTW", "CWP_MAJOR_MINOR_STATUS": "Minor", "CWP_PERMIT_STATUS_DESC": "Terminated", "STATE_WATER_BODY_NAME": "MUD CR VIA DT", "CWP_CSO_FLAG": "N"}}, {"type": "Feature", "geometry": {"type": "Point", "coordinates": [-94.0232977728676, 45.4219479742866]}, "properties": {"CWP_NAME": "CLEAR LAKE/CLEARWATER SEWER AUTHORITY", "CWP_STREET": "6491 RIVER RD SE", "CWP_CITY": "CLEAR LAKE", "CWP_STATE": "MN", "CWP_ZIP": "553199600", "CWP_COUNTY": "Sherburne", "NPDES_ID": "MN0047490", "REGISTRY_ID": "110008808549", "CWP_FACILITY_TYPE_INDICATOR": "POTW", "CWP_MAJOR_MINOR_STATUS": "Minor", "CWP_PERMIT_STATUS_DESC": "Effective", "STATE_WATER_BODY_NAME": "MISSISSIPPI RIVER", "CWP_CSO_FLAG": "N"}}, {"type": "Feature", "geometry": {"type": "Point", "coordinates": [-94.2218081635925, 47.2471780612329]}, "properties": {"CWP_NAME": "FEDERAL DAM WWTP", "CWP_STREET": "222 MAIN ST", "CWP_CITY": "FEDERAL DAM", "CWP_STATE": "MN", "CWP_ZIP": "566416766", "CWP_COUNTY": "Cass", "NPDES_ID": "MN0063487", "REGISTRY_ID": "110008799014", "CWP_FACILITY_TYPE_INDICATOR": "POTW", "CWP_MAJOR_MINOR_STATUS": "Minor", "CWP_PERMIT_STATUS_DESC": "Effective", "STATE_WATER_BODY_NAME": "LEECH LAKE RIVER", "CWP_CSO_FLAG": "N"}}, {"type": "Feature", "geometry": {"type": "Point", "coordinates": [-93.6935316176449, 45.7291906266356]}, "properties": {"CWP_NAME": "FORESTON WWTP", "CWP_STREET": "500 SCHOOL ST", "CWP_CITY": "FORESTON", "CWP_STATE": "MN", "CWP_ZIP": "56330", "CWP_COUNTY": "Mille Lacs", "NPDES_ID": "MNG585017", "REGISTRY_ID": "110008806845", "CWP_FACILITY_TYPE_INDICATOR": "POTW", "CWP_MAJOR_MINOR_STATUS": "Minor", "CWP_PERMIT_STATUS_DESC": "Effective", "STATE_WATER_BODY_NAME": "RUM RIVER, WEST BRANCH", "CWP_CSO_FLAG": "N"}}, {"type": "Feature", "geometry": {"type": "Point", "coordinates": [-94.0327405839275, 44.9071804573396]}, "properties": {"CWP_NAME": "LESTER PRAIRIE", "CWP_STREET": "505 COUNTY ROAD #9 SOUTH", "CWP_CITY": "LESTER PRAIRIE", "CWP_STATE": "MN", "CWP_ZIP": "55354", "CWP_COUNTY": "McLeod", "NPDES_ID": "MN0023957", "REGISTRY_ID": "110006739100", "CWP_FACILITY_TYPE_INDICATOR": "POTW", "CWP_MAJOR_MINOR_STATUS": "Minor", "CWP_PERMIT_STATUS_DESC": "Admin Continued", "STATE_WATER_BODY_NAME": "CROW R S FK", "CWP_CSO_FLAG": "N"}}, {"type": "Feature", "geometry": {"type": "Point", "coordinates": [-94.9350081960213, 45.134714299016]}, "properties": {"CWP_NAME": "KANDIYOHI", "CWP_STREET": "SEC 10 T119N R34W", "CWP_CITY": "KANDIYOHI", "CWP_STATE": "MN", "CWP_ZIP": "56251", "CWP_COUNTY": "Kandiyohi", "NPDES_ID": "MN0023841", "REGISTRY_ID": "110008806024", "CWP_FACILITY_TYPE_INDICATOR": "POTW", "CWP_MAJOR_MINOR_STATUS": "Minor", "CWP_PERMIT_STATUS_DESC": "Terminated", "STATE_WATER_BODY_NAME": "LK WAGONGA VIA CD 23A VIA EXT C", "CWP_CSO_FLAG": "N"}}, {"type": "Feature", "geometry": {"type": "Point", "coordinates": [-96.032438613725, 45.2018378270442]}, "properties": {"CWP_NAME": "APPLETON WWTP", "CWP_STREET": "50 2ND ST W", "CWP_CITY": "APPLETON", "CWP_STATE": "MN", "CWP_ZIP": "56208", "CWP_COUNTY": "Swift", "NPDES_ID": "MN0021890", "REGISTRY_ID": "110039734295", "CWP_FACILITY_TYPE_INDICATOR": "POTW", "CWP_MAJOR_MINOR_STATUS": "Minor", "CWP_PERMIT_STATUS_DESC": "Expired", "STATE_WATER_BODY_NAME": "POMME DE TERRE RIVER", "CWP_CSO_FLAG": "N"}}, {"type": "Feature", "geometry": {"type": "Point", "coordinates": [-96.2527138819365, 43.5079779864728]}, "properties": {"CWP_NAME": "STEEN WWTP", "CWP_STREET": "152 110TH AVE", "CWP_CITY": "STEEN", "CWP_STATE": "MN", "CWP_ZIP": "56173", "CWP_COUNTY": "Rock", "NPDES_ID": "MNG585199", "REGISTRY_ID": "110068623467", "CWP_FACILITY_TYPE_INDICATOR": "POTW", "CWP_MAJOR_MINOR_STATUS": "Minor", "CWP_PERMIT_STATUS_DESC": "Effective", "STATE_WATER_BODY_NAME": "UNNAMED CREEK", "CWP_CSO_FLAG": "N"}}, {"type": "Feature", "geometry": {"type": "Point", "coordinates": [-94.6976267162411, 45.3891514446799]}, "properties": {"CWP_NAME": "PAYNESVILLE", "CWP_STREET": "18578 COUNTY ROAD 33", "CWP_CITY": "PAYNESVILLE", "CWP_STATE": "MN", "CWP_ZIP": "56362", "CWP_COUNTY": "Stearns", "NPDES_ID": "MN0020168", "REGISTRY_ID": "110008805070", "CWP_FACILITY_TYPE_INDICATOR": "POTW", "CWP_MAJOR_MINOR_STATUS": "Minor", "CWP_PERMIT_STATUS_DESC": "Terminated", "STATE_WATER_BODY_NAME": "CROW R N FK & LAND", "CWP_CSO_FLAG": "N"}}, {"type": "Feature", "geometry": {"type": "Point", "coordinates": [-95.7784304691137, 45.4826646833968]}, "properties": {"CWP_NAME": "HANCOCK WWTF", "CWP_STREET": "3 PACIFIC OLD HWY 9", "CWP_CITY": "HANCOCK", "CWP_STATE": "MN", "CWP_ZIP": "56244", "CWP_COUNTY": "Stevens", "NPDES_ID": "MN0023582", "REGISTRY_ID": "110006739191", "CWP_FACILITY_TYPE_INDICATOR": "POTW", "CWP_MAJOR_MINOR_STATUS": "Minor", "CWP_PERMIT_STATUS_DESC": "Terminated", "STATE_WATER_BODY_NAME": "JD 9 VIA UNN DT", "CWP_CSO_FLAG": "N"}}, {"type": "Feature", "geometry": {"type": "Point", "coordinates": [-91.3011074034201, 43.834308165724]}, "properties": {"CWP_NAME": "LACRESCENT", "CWP_STREET": "517 SOUTH CHESTNUT STREET", "CWP_CITY": "LACRESCENT", "CWP_STATE": "MN", "CWP_ZIP": "55947", "CWP_COUNTY": "Houston", "NPDES_ID": "MN0020621", "REGISTRY_ID": "110006739404", "CWP_FACILITY_TYPE_INDICATOR": "POTW", "CWP_MAJOR_MINOR_STATUS": "Minor", "CWP_PERMIT_STATUS_DESC": "Terminated", "STATE_WATER_BODY_NAME": "MISS R VIA BLK LK BACKWATER", "CWP_CSO_FLAG": "N"}}, {"type": "Feature", "geometry": {"type": "Point", "coordinates": [-95.7994880309435, 45.0107076010806]}, "properties": {"CWP_NAME": "WATSON", "CWP_STREET": "COUNTY ROAD 9 T118N R41W SEC22", "CWP_CITY": "WATSON", "CWP_STATE": "MN", "CWP_ZIP": "56295", "CWP_COUNTY": "Chippewa", "NPDES_ID": "MN0022144", "REGISTRY_ID": "110008803526", "CWP_FACILITY_TYPE_INDICATOR": "POTW", "CWP_MAJOR_MINOR_STATUS": "Minor", "CWP_PERMIT_STATUS_DESC": "Terminated", "STATE_WATER_BODY_NAME": "CHIPPEWA R", "CWP_CSO_FLAG": "N"}}, {"type": "Feature", "geometry": {"type": "Point", "coordinates": [-93.3600079987797, 45.3823139938913]}, "properties": {"CWP_NAME": "SAINT FRANCIS WWTP", "CWP_STREET": "4020 SAINT FRANCIS BLVD NW", "CWP_CITY": "SAINT FRANCIS", "CWP_STATE": "MN", "CWP_ZIP": "550709701", "CWP_COUNTY": "Anoka", "NPDES_ID": "MN0021407", "REGISTRY_ID": "110009894098", "CWP_FACILITY_TYPE_INDICATOR": "POTW", "CWP_MAJOR_MINOR_STATUS": "Minor", "CWP_PERMIT_STATUS_DESC": "Effective", "STATE_WATER_BODY_NAME": "SEELYE BROOK", "CWP_CSO_FLAG": "N"}}, {"type": "Feature", "geometry": {"type": "Point", "coordinates": [-96.1148280363217, 43.8559158537594]}, "properties": {"CWP_NAME": "EDGERTON WWTP", "CWP_STREET": "51 175TH AVE", "CWP_CITY": "EDGERTON", "CWP_STATE": "MN", "CWP_ZIP": "56128", "CWP_COUNTY": "Pipestone", "NPDES_ID": "MNG585011", "REGISTRY_ID": "110068737193", "CWP_FACILITY_TYPE_INDICATOR": "POTW", "CWP_MAJOR_MINOR_STATUS": "Minor", "CWP_PERMIT_STATUS_DESC": "Effective", "STATE_WATER_BODY_NAME": "CHANARAMBIE CREEK", "CWP_CSO_FLAG": "N"}}, {"type": "Feature", "geometry": {"type": "Point", "coordinates": [-95.9909707721055, 44.5762198645176]}, "properties": {"CWP_NAME": "MINNEOTA WWTP", "CWP_STREET": "129 1ST ST E", "CWP_CITY": "MINNEOTA", "CWP_STATE": "MN", "CWP_ZIP": "56264", "CWP_COUNTY": "Lyon", "NPDES_ID": "MNG585033", "REGISTRY_ID": "110070876220", "CWP_FACILITY_TYPE_INDICATOR": "POTW", "CWP_MAJOR_MINOR_STATUS": "Minor", "CWP_PERMIT_STATUS_DESC": "Effective", "STATE_WATER_BODY_NAME": "YELLOW MEDICINE RIVER, SOUTH BRANCH (COUNTY DITCH", "CWP_CSO_FLAG": "N"}}, {"type": "Feature", "geometry": {"type": "Point", "coordinates": [-95.3156380776465, 43.7904056853238]}, "properties": {"CWP_NAME": "HERON LAKE WWTP", "CWP_STREET": "1050 COUNTY ROAD 9", "CWP_CITY": "HERON LAKE", "CWP_STATE": "MN", "CWP_ZIP": "56137", "CWP_COUNTY": "Jackson", "NPDES_ID": "MNG585189", "REGISTRY_ID": "110008811036", "CWP_FACILITY_TYPE_INDICATOR": "POTW", "CWP_MAJOR_MINOR_STATUS": "Minor", "CWP_PERMIT_STATUS_DESC": "Effective", "STATE_WATER_BODY_NAME": "HERON (NORTH MARSH)", "CWP_CSO_FLAG": "N"}}, {"type": "Feature", "geometry": {"type": "Point", "coordinates": [-94.6149212451823, 43.988211647133]}, "properties": {"CWP_NAME": "SAINT JAMES WWTP", "CWP_STREET": "1305 WESTON AVE NO", "CWP_CITY": "SAINT JAMES", "CWP_STATE": "MN", "CWP_ZIP": "56081", "CWP_COUNTY": "Watonwan", "NPDES_ID": "MN0024759", "REGISTRY_ID": "110000733591", "CWP_FACILITY_TYPE_INDICATOR": "POTW", "CWP_MAJOR_MINOR_STATUS": "Major", "CWP_PERMIT_STATUS_DESC": "Admin Continued", "STATE_WATER_BODY_NAME": "SAINT JAMES CR VIA SL", "CWP_CSO_FLAG": "N"}}, {"type": "Feature", "geometry": {"type": "Point", "coordinates": [-96.0007540653365, 47.5444470658963]}, "properties": {"CWP_NAME": "WINGER WWTP", "CWP_STREET": "SEE LOCATION DESCRIPTION", "CWP_CITY": "WINGER", "CWP_STATE": "MN", "CWP_ZIP": "56592", "CWP_COUNTY": "Polk", "NPDES_ID": "MNG585045", "REGISTRY_ID": "110068168949", "CWP_FACILITY_TYPE_INDICATOR": "POTW", "CWP_MAJOR_MINOR_STATUS": "Minor", "CWP_PERMIT_STATUS_DESC": "Effective", "STATE_WATER_BODY_NAME": "UNNAMED DITCH", "CWP_CSO_FLAG": "N"}}, {"type": "Feature", "geometry": {"type": "Point", "coordinates": [-95.7574283821098, 43.9878473416381]}, "properties": {"CWP_NAME": "SLAYTON WWTP", "CWP_STREET": "2424 26TH ST", "CWP_CITY": "SLAYTON", "CWP_STATE": "MN", "CWP_ZIP": "56172", "CWP_COUNTY": "Murray", "NPDES_ID": "MNG585191", "REGISTRY_ID": "110068085315", "CWP_FACILITY_TYPE_INDICATOR": "POTW", "CWP_MAJOR_MINOR_STATUS": "Minor", "CWP_PERMIT_STATUS_DESC": "Effective", "STATE_WATER_BODY_NAME": "BEAVER CREEK", "CWP_CSO_FLAG": "N"}}, {"type": "Feature", "geometry": {"type": "Point", "coordinates": [-97.1179301164719, 48.2061583274894]}, "properties": {"CWP_NAME": "OSLO WWTP", "CWP_STREET": "HIGHWAY 220", "CWP_CITY": "OSLO", "CWP_STATE": "MN", "CWP_ZIP": "56744", "CWP_COUNTY": "Marshall", "NPDES_ID": "MNG585379", "REGISTRY_ID": "110008795599", "CWP_FACILITY_TYPE_INDICATOR": "POTW", "CWP_MAJOR_MINOR_STATUS": "Minor", "CWP_PERMIT_STATUS_DESC": "Effective", "STATE_WATER_BODY_NAME": "RED RIVER OF THE NORTH", "CWP_CSO_FLAG": "N"}}, {"type": "Feature", "geometry": {"type": "Point", "coordinates": [-94.7783084801469, 45.1350074893534]}, "properties": {"CWP_NAME": "ATWATER WWTP", "CWP_STREET": "1100 KANDI-MEEKER RD", "CWP_CITY": "ATWATER", "CWP_STATE": "MN", "CWP_ZIP": "56209", "CWP_COUNTY": "Kandiyohi", "NPDES_ID": "MN0022659", "REGISTRY_ID": "110008806499", "CWP_FACILITY_TYPE_INDICATOR": "POTW", "CWP_MAJOR_MINOR_STATUS": "Minor", "CWP_PERMIT_STATUS_DESC": "Effective", "STATE_WATER_BODY_NAME": "JUDICIAL DITCH 17", "CWP_CSO_FLAG": "N"}}, {"type": "Feature", "geometry": {"type": "Point", "coordinates": [-93.7498480181302, 45.303787851944]}, "properties": {"CWP_NAME": "BIG LAKE WWTP", "CWP_STREET": "18999 COUNTY ROAD 14", "CWP_CITY": "BIG LAKE", "CWP_STATE": "MN", "CWP_ZIP": "55309", "CWP_COUNTY": "Sherburne", "NPDES_ID": "MN0041076", "REGISTRY_ID": "110006738879", "CWP_FACILITY_TYPE_INDICATOR": "POTW", "CWP_MAJOR_MINOR_STATUS": "Minor", "CWP_PERMIT_STATUS_DESC": "Effective", "STATE_WATER_BODY_NAME": "MISSISSIPPI RIVER", "CWP_CSO_FLAG": "N"}}, {"type": "Feature", "geometry": {"type": "Point", "coordinates": [-92.738567105922, 43.9861882998383]}, "properties": {"CWP_NAME": "KASSON WWTP", "CWP_STREET": "1401 16TH ST NE", "CWP_CITY": "KASSON", "CWP_STATE": "MN", "CWP_ZIP": "55944", "CWP_COUNTY": "Dodge", "NPDES_ID": "MN0050725", "REGISTRY_ID": "110064269269", "CWP_FACILITY_TYPE_INDICATOR": "POTW", "CWP_MAJOR_MINOR_STATUS": "Major", "CWP_PERMIT_STATUS_DESC": "Expired", "STATE_WATER_BODY_NAME": "ZUMBRO RIVER, MIDDLE FORK, SOUTH BRANCH", "CWP_CSO_FLAG": "N"}}, {"type": "Feature", "geometry": {"type": "Point", "coordinates": [-95.9329580738861, 43.7415211864579]}, "properties": {"CWP_NAME": "LISMORE WWTP", "CWP_STREET": "HIGHWAY 91", "CWP_CITY": "LISMORE", "CWP_STATE": "MN", "CWP_ZIP": "56155", "CWP_COUNTY": "Nobles", "NPDES_ID": "MNG585076", "REGISTRY_ID": "110069123246", "CWP_FACILITY_TYPE_INDICATOR": "POTW", "CWP_MAJOR_MINOR_STATUS": "Minor", "CWP_PERMIT_STATUS_DESC": "Effective", "STATE_WATER_BODY_NAME": "UNNAMED CREEK", "CWP_CSO_FLAG": "N"}}, {"type": "Feature", "geometry": {"type": "Point", "coordinates": [-94.4423764022511, 44.2295690473338]}, "properties": {"CWP_NAME": "SEARLES WWTP", "CWP_STREET": "12984 MAIN ST", "CWP_CITY": "SEARLES", "CWP_STATE": "MN", "CWP_ZIP": "56084", "CWP_COUNTY": "Brown", "NPDES_ID": "MNG585080", "REGISTRY_ID": "110068754645", "CWP_FACILITY_TYPE_INDICATOR": "POTW", "CWP_MAJOR_MINOR_STATUS": "Minor", "CWP_PERMIT_STATUS_DESC": "Effective", "STATE_WATER_BODY_NAME": "LITTLE COTTONWOOD RIVER", "CWP_CSO_FLAG": "N"}}, {"type": "Feature", "geometry": {"type": "Point", "coordinates": [-93.5833079551659, 45.5711077828488]}, "properties": {"CWP_NAME": "PRINCETON WWTP", "CWP_STREET": "100 POND ROAD", "CWP_CITY": "PRINCETON", "CWP_STATE": "MN", "CWP_ZIP": "55371", "CWP_COUNTY": "Mille Lacs", "NPDES_ID": "MN0024538", "REGISTRY_ID": "110039749038", "CWP_FACILITY_TYPE_INDICATOR": "POTW", "CWP_MAJOR_MINOR_STATUS": "Major", "CWP_PERMIT_STATUS_DESC": "Admin Continued", "STATE_WATER_BODY_NAME": "LAND", "CWP_CSO_FLAG": "N"}}, {"type": "Feature", "geometry": {"type": "Point", "coordinates": [-93.736196177584, 44.3777126400346]}, "properties": {"CWP_NAME": "LE CENTER WWTP", "CWP_STREET": "601 S MAPLE AVE", "CWP_CITY": "LE CENTER", "CWP_STATE": "MN", "CWP_ZIP": "56057", "CWP_COUNTY": "Le Sueur", "NPDES_ID": "MN0023931", "REGISTRY_ID": "110006739093", "CWP_FACILITY_TYPE_INDICATOR": "POTW", "CWP_MAJOR_MINOR_STATUS": "Minor", "CWP_PERMIT_STATUS_DESC": "Effective", "STATE_WATER_BODY_NAME": "COUNTY DITCH 51", "CWP_CSO_FLAG": "N"}}, {"type": "Feature", "geometry": {"type": "Point", "coordinates": [-92.4786170804874, 43.8710382055095]}, "properties": {"CWP_NAME": "STEWARTVILLE WWTP", "CWP_STREET": "595 20TH ST NE", "CWP_CITY": "STEWARTVILLE", "CWP_STATE": "MN", "CWP_ZIP": "55976", "CWP_COUNTY": "Olmsted", "NPDES_ID": "MN0020681", "REGISTRY_ID": "110012609588", "CWP_FACILITY_TYPE_INDICATOR": "POTW", "CWP_MAJOR_MINOR_STATUS": "Major", "CWP_PERMIT_STATUS_DESC": "Effective", "STATE_WATER_BODY_NAME": "ROOT RIVER, NORTH BRANCH", "CWP_CSO_FLAG": "N"}}, {"type": "Feature", "geometry": {"type": "Point", "coordinates": [-95.1252762135768, 46.4416074642027]}, "properties": {"CWP_NAME": "WADENA WWTP", "CWP_STREET": "708 SUNNYBROOK ROAD", "CWP_CITY": "WADENA", "CWP_STATE": "MN", "CWP_ZIP": "56482", "CWP_COUNTY": "Wadena", "NPDES_ID": "MN0020672", "REGISTRY_ID": "110008803054", "CWP_FACILITY_TYPE_INDICATOR": "POTW", "CWP_MAJOR_MINOR_STATUS": "Minor", "CWP_PERMIT_STATUS_DESC": "Admin Continued", "STATE_WATER_BODY_NAME": "UNION CR", "CWP_CSO_FLAG": "N"}}, {"type": "Feature", "geometry": {"type": "Point", "coordinates": [-96.2837049636703, 46.4751332068284]}, "properties": {"CWP_NAME": "ROTHSAY WWTP", "CWP_STREET": "108 2ND ST NW", "CWP_CITY": "ROTHSAY", "CWP_STATE": "MN", "CWP_ZIP": "56579", "CWP_COUNTY": "Wilkin", "NPDES_ID": "MNG585064", "REGISTRY_ID": "110068532403", "CWP_FACILITY_TYPE_INDICATOR": "POTW", "CWP_MAJOR_MINOR_STATUS": "Minor", "CWP_PERMIT_STATUS_DESC": "Effective", "STATE_WATER_BODY_NAME": "UNNAMED CREEK", "CWP_CSO_FLAG": "N"}}, {"type": "Feature", "geometry": {"type": "Point", "coordinates": [-92.535650339984, 44.1663207478107]}, "properties": {"CWP_NAME": "ORONOCO WWTP", "CWP_STREET": "115 2ND ST NW", "CWP_CITY": "ORONOCO", "CWP_STATE": "MN", "CWP_ZIP": "559601220", "CWP_COUNTY": "Olmsted", "NPDES_ID": "MN0071421", "REGISTRY_ID": "110068321186", "CWP_FACILITY_TYPE_INDICATOR": "POTW", "CWP_MAJOR_MINOR_STATUS": "Minor", "CWP_PERMIT_STATUS_DESC": "Effective", "STATE_WATER_BODY_NAME": null, "CWP_CSO_FLAG": "N"}}, {"type": "Feature", "geometry": {"type": "Point", "coordinates": [-93.426730808777, 47.2928960626977]}, "properties": {"CWP_NAME": "UMD - NRRI COLERAINE LABS", "CWP_STREET": "1 GAYLEY AVE", "CWP_CITY": "COLERAINE", "CWP_STATE": "MN", "CWP_ZIP": "55722", "CWP_COUNTY": "Itasca", "NPDES_ID": "MN0051802", "REGISTRY_ID": "110003780971", "CWP_FACILITY_TYPE_INDICATOR": "POTW", "CWP_MAJOR_MINOR_STATUS": "Minor", "CWP_PERMIT_STATUS_DESC": "Effective", "STATE_WATER_BODY_NAME": "CANISTEO PIT", "CWP_CSO_FLAG": "N"}}, {"type": "Feature", "geometry": {"type": "Point", "coordinates": [-95.0626087664553, 46.6231077693806]}, "properties": {"CWP_NAME": "SEBEKA WWTP", "CWP_STREET": "145TH AVE", "CWP_CITY": "SEBEKA", "CWP_STATE": "MN", "CWP_ZIP": "56477", "CWP_COUNTY": "Wadena", "NPDES_ID": "MN0024856", "REGISTRY_ID": "110008802518", "CWP_FACILITY_TYPE_INDICATOR": "POTW", "CWP_MAJOR_MINOR_STATUS": "Minor", "CWP_PERMIT_STATUS_DESC": "Effective", "STATE_WATER_BODY_NAME": "REDEYE RIVER", "CWP_CSO_FLAG": "N"}}, {"type": "Feature", "geometry": {"type": "Point", "coordinates": [-93.673167972801, 43.6061175959786]}, "properties": {"CWP_NAME": "WALTERS", "CWP_STREET": "UNKNOWN", "CWP_CITY": "WALTERS", "CWP_STATE": "MN", "CWP_ZIP": "00000", "CWP_COUNTY": "Faribault", "NPDES_ID": "MN0068756", "REGISTRY_ID": "110029519386", "CWP_FACILITY_TYPE_INDICATOR": "POTW", "CWP_MAJOR_MINOR_STATUS": "Minor", "CWP_PERMIT_STATUS_DESC": "Terminated", "STATE_WATER_BODY_NAME": "UNN DITCH", "CWP_CSO_FLAG": "N"}}, {"type": "Feature", "geometry": {"type": "Point", "coordinates": [-93.6119255038661, 46.9812863137772]}, "properties": {"CWP_NAME": "HILL CITY WWTF", "CWP_STREET": "SEC 23, T52N, R26W", "CWP_CITY": "HILL CITY", "CWP_STATE": "MN", "CWP_ZIP": "55748", "CWP_COUNTY": "Aitkin", "NPDES_ID": "MN0023680", "REGISTRY_ID": "110009896880", "CWP_FACILITY_TYPE_INDICATOR": "POTW", "CWP_MAJOR_MINOR_STATUS": "Minor", "CWP_PERMIT_STATUS_DESC": "Terminated", "STATE_WATER_BODY_NAME": "HILL R VIA DT & HILL L", "CWP_CSO_FLAG": "N"}}, {"type": "Feature", "geometry": {"type": "Point", "coordinates": [-96.2676102558038, 43.5038554925659]}, "properties": {"CWP_NAME": "STEEN", "CWP_STREET": "CITY HALL", "CWP_CITY": "STEEN", "CWP_STATE": "MN", "CWP_ZIP": "56173", "CWP_COUNTY": "Rock", "NPDES_ID": "MN0053406", "REGISTRY_ID": "110008809815", "CWP_FACILITY_TYPE_INDICATOR": "POTW", "CWP_MAJOR_MINOR_STATUS": "Minor", "CWP_PERMIT_STATUS_DESC": "Terminated", "STATE_WATER_BODY_NAME": "MUD CR", "CWP_CSO_FLAG": "N"}}, {"type": "Feature", "geometry": {"type": "Point", "coordinates": [-91.2979476565764, 47.2588586725272]}, "properties": {"CWP_NAME": "BEAVER BAY WWTP", "CWP_STREET": "1002 MAIN ST", "CWP_CITY": "BEAVER BAY", "CWP_STATE": "MN", "CWP_ZIP": "55601", "CWP_COUNTY": "Lake", "NPDES_ID": "MN0040754", "REGISTRY_ID": "110008800100", "CWP_FACILITY_TYPE_INDICATOR": "POTW", "CWP_MAJOR_MINOR_STATUS": "Minor", "CWP_PERMIT_STATUS_DESC": "Effective", "STATE_WATER_BODY_NAME": "SUPERIOR", "CWP_CSO_FLAG": "N"}}, {"type": "Feature", "geometry": {"type": "Point", "coordinates": [-94.4442714705922, 45.6216397344616]}, "properties": {"CWP_NAME": "AVON WWTP", "CWP_STREET": "300 ANGELFISH AVE", "CWP_CITY": "AVON", "CWP_STATE": "MN", "CWP_ZIP": "56310", "CWP_COUNTY": "Stearns", "NPDES_ID": "MN0047325", "REGISTRY_ID": "110039759044", "CWP_FACILITY_TYPE_INDICATOR": "POTW", "CWP_MAJOR_MINOR_STATUS": "Minor", "CWP_PERMIT_STATUS_DESC": "Effective", "STATE_WATER_BODY_NAME": "SPUNK CREEK", "CWP_CSO_FLAG": "N"}}, {"type": "Feature", "geometry": {"type": "Point", "coordinates": [-94.8024580609497, 45.6750675392225]}, "properties": {"CWP_NAME": "MELROSE WWTP", "CWP_STREET": "116 N 8TH AVE E", "CWP_CITY": "MELROSE", "CWP_STATE": "MN", "CWP_ZIP": "56352", "CWP_COUNTY": "Stearns", "NPDES_ID": "MN0020290", "REGISTRY_ID": "110000760025", "CWP_FACILITY_TYPE_INDICATOR": "POTW", "CWP_MAJOR_MINOR_STATUS": "Major", "CWP_PERMIT_STATUS_DESC": "Effective", "STATE_WATER_BODY_NAME": "SAUK RIVER", "CWP_CSO_FLAG": "N"}}, {"type": "Feature", "geometry": {"type": "Point", "coordinates": [-94.11054841071, 46.6612283088889]}, "properties": {"CWP_NAME": "CROSSLAKE", "CWP_STREET": "13879 WHIPPLE DRIVE", "CWP_CITY": "CROSS LAKE", "CWP_STATE": "MN", "CWP_ZIP": "56442", "CWP_COUNTY": "Crow Wing", "NPDES_ID": "MN0064882", "REGISTRY_ID": "110041060883", "CWP_FACILITY_TYPE_INDICATOR": "POTW", "CWP_MAJOR_MINOR_STATUS": "Minor", "CWP_PERMIT_STATUS_DESC": "Admin Continued", "STATE_WATER_BODY_NAME": "PINE RIVER", "CWP_CSO_FLAG": "N"}}, {"type": "Feature", "geometry": {"type": "Point", "coordinates": [-93.5752172229777, 48.5223710734434]}, "properties": {"CWP_NAME": "NKASD WWTP", "CWP_STREET": "1410 HWY 71", "CWP_CITY": "INTERNATIONAL FALLS", "CWP_STATE": "MN", "CWP_ZIP": "56649", "CWP_COUNTY": "Koochiching", "NPDES_ID": "MN0020257", "REGISTRY_ID": "110008798097", "CWP_FACILITY_TYPE_INDICATOR": "POTW", "CWP_MAJOR_MINOR_STATUS": "Major", "CWP_PERMIT_STATUS_DESC": "Effective", "STATE_WATER_BODY_NAME": "RAINY RIVER", "CWP_CSO_FLAG": "N"}}, {"type": "Feature", "geometry": {"type": "Point", "coordinates": [-92.5529474867466, 47.5010784174097]}, "properties": {"CWP_NAME": "VIRGINIA WWTP", "CWP_STREET": "1204 SOUTHERN DR", "CWP_CITY": "VIRGINIA", "CWP_STATE": "MN", "CWP_ZIP": "557923787", "CWP_COUNTY": "St. Louis", "NPDES_ID": "MN0030163", "REGISTRY_ID": "110000760132", "CWP_FACILITY_TYPE_INDICATOR": "POTW", "CWP_MAJOR_MINOR_STATUS": "Major", "CWP_PERMIT_STATUS_DESC": "Effective", "STATE_WATER_BODY_NAME": "MANGANIKA CREEK", "CWP_CSO_FLAG": "N"}}, {"type": "Feature", "geometry": {"type": "Point", "coordinates": [-96.4561201943134, 45.572458354]}, "properties": {"CWP_NAME": "GRACEVILLE WWTP", "CWP_STREET": "74182 230TH ST", "CWP_CITY": "GRACEVILLE", "CWP_STATE": "MN", "CWP_ZIP": "56240", "CWP_COUNTY": "Big Stone", "NPDES_ID": "MN0023540", "REGISTRY_ID": "110068201797", "CWP_FACILITY_TYPE_INDICATOR": "POTW", "CWP_MAJOR_MINOR_STATUS": "Minor", "CWP_PERMIT_STATUS_DESC": "Effective", "STATE_WATER_BODY_NAME": "TWELVEMILE CREEK, WEST BRANCH", "CWP_CSO_FLAG": "N"}}, {"type": "Feature", "geometry": {"type": "Point", "coordinates": [-95.6427477135715, 44.0683915431748]}, "properties": {"CWP_NAME": "CURRIE WWTP", "CWP_STREET": "801 3RD ST", "CWP_CITY": "CURRIE", "CWP_STATE": "MN", "CWP_ZIP": "56123", "CWP_COUNTY": "Murray", "NPDES_ID": "MN0025682", "REGISTRY_ID": "110008810876", "CWP_FACILITY_TYPE_INDICATOR": "POTW", "CWP_MAJOR_MINOR_STATUS": "Minor", "CWP_PERMIT_STATUS_DESC": "Effective", "STATE_WATER_BODY_NAME": "DES MOINES RIVER", "CWP_CSO_FLAG": "N"}}, {"type": "Feature", "geometry": {"type": "Point", "coordinates": [-96.4164650193342, 48.2180411285176]}, "properties": {"CWP_NAME": "VIKING WWTP", "CWP_STREET": "ADDRESS UNKNOWN", "CWP_CITY": "VIKING", "CWP_STATE": "MN", "CWP_ZIP": "56760", "CWP_COUNTY": "Marshall", "NPDES_ID": "MNG585370", "REGISTRY_ID": "110068655618", "CWP_FACILITY_TYPE_INDICATOR": "POTW", "CWP_MAJOR_MINOR_STATUS": "Minor", "CWP_PERMIT_STATUS_DESC": "Effective", "STATE_WATER_BODY_NAME": "SNAKE RIVER, SOUTH BRANCH (NEW CHANNEL)", "CWP_CSO_FLAG": "N"}}, {"type": "Feature", "geometry": {"type": "Point", "coordinates": [-94.4181182548919, 45.4589478587387]}, "properties": {"CWP_NAME": "COLD SPRING WWTP", "CWP_STREET": "301 2ND AVE NE", "CWP_CITY": "COLD SPRING", "CWP_STATE": "MN", "CWP_ZIP": "56320", "CWP_COUNTY": "Stearns", "NPDES_ID": "MN0023094", "REGISTRY_ID": "110021311659", "CWP_FACILITY_TYPE_INDICATOR": "POTW", "CWP_MAJOR_MINOR_STATUS": "Major", "CWP_PERMIT_STATUS_DESC": "Effective", "STATE_WATER_BODY_NAME": "SAUK RIVER", "CWP_CSO_FLAG": "N"}}, {"type": "Feature", "geometry": {"type": "Point", "coordinates": [-94.1039292937905, 45.9785753332661]}, "properties": {"CWP_NAME": "RICH PRAIRIE WWTF", "CWP_STREET": "SEC 28 T40N R30W", "CWP_CITY": "PIERZ", "CWP_STATE": "MN", "CWP_ZIP": "563640367", "CWP_COUNTY": "Morrison", "NPDES_ID": "MN0063657", "REGISTRY_ID": "110009890680", "CWP_FACILITY_TYPE_INDICATOR": "POTW", "CWP_MAJOR_MINOR_STATUS": "Minor", "CWP_PERMIT_STATUS_DESC": "Terminated", "STATE_WATER_BODY_NAME": "SKUNK R", "CWP_CSO_FLAG": "N"}}, {"type": "Feature", "geometry": {"type": "Point", "coordinates": [-93.0782033780414, 44.0664590770408]}, "properties": {"CWP_NAME": "MERIDEN TOWNSHIP WWTP", "CWP_STREET": "7874 SW 18TH ST", "CWP_CITY": "OWATONNA", "CWP_STATE": "MN", "CWP_ZIP": "550604893", "CWP_COUNTY": "Steele", "NPDES_ID": "MNG585319", "REGISTRY_ID": "110068940828", "CWP_FACILITY_TYPE_INDICATOR": "POTW", "CWP_MAJOR_MINOR_STATUS": "Minor", "CWP_PERMIT_STATUS_DESC": "Effective", "STATE_WATER_BODY_NAME": "JUDICIAL DITCH 1", "CWP_CSO_FLAG": "N"}}, {"type": "Feature", "geometry": {"type": "Point", "coordinates": [-94.3579779526426, 45.9847176851177]}, "properties": {"CWP_NAME": "SOBIESKI WWTP", "CWP_STREET": "100 NE 7TH AVE,T128NR30WSECT3", "CWP_CITY": "LITTLE FALLS", "CWP_STATE": "MN", "CWP_ZIP": "56345", "CWP_COUNTY": "Morrison", "NPDES_ID": "MN0041220", "REGISTRY_ID": "110003743799", "CWP_FACILITY_TYPE_INDICATOR": "POTW", "CWP_MAJOR_MINOR_STATUS": "Minor", "CWP_PERMIT_STATUS_DESC": "Terminated", "STATE_WATER_BODY_NAME": "SWAN R", "CWP_CSO_FLAG": "N"}}, {"type": "Feature", "geometry": {"type": "Point", "coordinates": [-95.7550588511006, 45.2800941648662]}, "properties": {"CWP_NAME": "DANVERS WWTP", "CWP_STREET": "602 MINNESOTA AVE", "CWP_CITY": "DANVERS", "CWP_STATE": "MN", "CWP_ZIP": "56231", "CWP_COUNTY": "Swift", "NPDES_ID": "MNG585119", "REGISTRY_ID": "110068126110", "CWP_FACILITY_TYPE_INDICATOR": "POTW", "CWP_MAJOR_MINOR_STATUS": "Minor", "CWP_PERMIT_STATUS_DESC": "Effective", "STATE_WATER_BODY_NAME": "JUDICIAL DITCH 8", "CWP_CSO_FLAG": "N"}}, {"type": "Feature", "geometry": {"type": "Point", "coordinates": [-96.0734483906046, 43.644337724168]}, "properties": {"CWP_NAME": "MAGNOLIA", "CWP_STREET": "SEC 13 T102N R44W", "CWP_CITY": "MAGNOLIA", "CWP_STATE": "MN", "CWP_ZIP": "56158", "CWP_COUNTY": "Rock", "NPDES_ID": "MN0025712", "REGISTRY_ID": "110008809664", "CWP_FACILITY_TYPE_INDICATOR": "POTW", "CWP_MAJOR_MINOR_STATUS": "Minor", "CWP_PERMIT_STATUS_DESC": "Terminated", "STATE_WATER_BODY_NAME": "ELK CR VIA UNN CR", "CWP_CSO_FLAG": "N"}}, {"type": "Feature", "geometry": {"type": "Point", "coordinates": [-96.9070732930464, 48.6446885123245]}, "properties": {"CWP_NAME": "KENNEDY WWTP", "CWP_STREET": "403 COUNTY ROAD 7 W", "CWP_CITY": "KENNEDY", "CWP_STATE": "MN", "CWP_ZIP": "56733", "CWP_COUNTY": "Kittson", "NPDES_ID": "MNG585028", "REGISTRY_ID": "110067830039", "CWP_FACILITY_TYPE_INDICATOR": "POTW", "CWP_MAJOR_MINOR_STATUS": "Minor", "CWP_PERMIT_STATUS_DESC": "Effective", "STATE_WATER_BODY_NAME": "UNNAMED CREEK (COUNTY DITCH 27)", "CWP_CSO_FLAG": "N"}}, {"type": "Feature", "geometry": {"type": "Point", "coordinates": [-96.4017085793598, 46.0990780369182]}, "properties": {"CWP_NAME": "CAMPBELL WWTP", "CWP_STREET": "STATE HIGHWAY 9", "CWP_CITY": "CAMPBELL", "CWP_STATE": "MN", "CWP_ZIP": "56522", "CWP_COUNTY": "Wilkin", "NPDES_ID": "MNG585130", "REGISTRY_ID": "110008801779", "CWP_FACILITY_TYPE_INDICATOR": "POTW", "CWP_MAJOR_MINOR_STATUS": "Minor", "CWP_PERMIT_STATUS_DESC": "Effective", "STATE_WATER_BODY_NAME": "RABBIT RIVER", "CWP_CSO_FLAG": "N"}}, {"type": "Feature", "geometry": {"type": "Point", "coordinates": [-93.6320277677318, 45.0516080297225]}, "properties": {"CWP_NAME": "LORETTO WWTP", "CWP_STREET": "215 ALBERT ST", "CWP_CITY": "LORETTO", "CWP_STATE": "MN", "CWP_ZIP": "55357", "CWP_COUNTY": "Hennepin", "NPDES_ID": "MN0023990", "REGISTRY_ID": "110008818128", "CWP_FACILITY_TYPE_INDICATOR": "POTW", "CWP_MAJOR_MINOR_STATUS": "Minor", "CWP_PERMIT_STATUS_DESC": "Expired", "STATE_WATER_BODY_NAME": "UNNAMED", "CWP_CSO_FLAG": "N"}}, {"type": "Feature", "geometry": {"type": "Point", "coordinates": [-94.4880352981074, 46.3254573558923]}, "properties": {"CWP_NAME": "PILLAGER WWTP", "CWP_STREET": "COUNTY ROAD 101", "CWP_CITY": "PILLAGER", "CWP_STATE": "MN", "CWP_ZIP": "56473", "CWP_COUNTY": "Cass", "NPDES_ID": "MNG585209", "REGISTRY_ID": "110008803198", "CWP_FACILITY_TYPE_INDICATOR": "POTW", "CWP_MAJOR_MINOR_STATUS": "Minor", "CWP_PERMIT_STATUS_DESC": "Effective", "STATE_WATER_BODY_NAME": "CROW WING RIVER", "CWP_CSO_FLAG": "N"}}, {"type": "Feature", "geometry": {"type": "Point", "coordinates": [-92.5725800524779, 43.7058165264052]}, "properties": {"CWP_NAME": "GRAND MEADOW WWTP", "CWP_STREET": "204 1ST AVE SE", "CWP_CITY": "GRAND MEADOW", "CWP_STATE": "MN", "CWP_ZIP": "55936", "CWP_COUNTY": "Mower", "NPDES_ID": "MN0023558", "REGISTRY_ID": "110008816558", "CWP_FACILITY_TYPE_INDICATOR": "POTW", "CWP_MAJOR_MINOR_STATUS": "Minor", "CWP_PERMIT_STATUS_DESC": "Effective", "STATE_WATER_BODY_NAME": "DEER CREEK", "CWP_CSO_FLAG": "N"}}, {"type": "Feature", "geometry": {"type": "Point", "coordinates": [-92.7946078173448, 46.4419080095704]}, "properties": {"CWP_NAME": "MOOSE LAKE WWTP", "CWP_STREET": "10 EARL ELLENS DR", "CWP_CITY": "MOOSE LAKE", "CWP_STATE": "MN", "CWP_ZIP": "55767", "CWP_COUNTY": "Carlton", "NPDES_ID": "MN0020699", "REGISTRY_ID": "110003765211", "CWP_FACILITY_TYPE_INDICATOR": "POTW", "CWP_MAJOR_MINOR_STATUS": "Minor", "CWP_PERMIT_STATUS_DESC": "Effective", "STATE_WATER_BODY_NAME": "UNNAMED DITCH", "CWP_CSO_FLAG": "N"}}, {"type": "Feature", "geometry": {"type": "Point", "coordinates": [-95.4082083158458, 45.867508049712]}, "properties": {"CWP_NAME": "ALEXANDRIA LAKES AREA SANITARY DISTRICT", "CWP_STREET": "2201 NEVADA ST SW", "CWP_CITY": "ALEXANDRIA", "CWP_STATE": "MN", "CWP_ZIP": "563089152", "CWP_COUNTY": "Douglas", "NPDES_ID": "MN0040738", "REGISTRY_ID": "110009895747", "CWP_FACILITY_TYPE_INDICATOR": "POTW", "CWP_MAJOR_MINOR_STATUS": "Major", "CWP_PERMIT_STATUS_DESC": "Effective", "STATE_WATER_BODY_NAME": "WINONA", "CWP_CSO_FLAG": "N"}}, {"type": "Feature", "geometry": {"type": "Point", "coordinates": [-92.967789279823, 45.5208752870362]}, "properties": {"CWP_NAME": "NORTH BRANCH WWTP", "CWP_STREET": "6793 ASH ST", "CWP_CITY": "NORTH BRANCH", "CWP_STATE": "MN", "CWP_ZIP": "55056", "CWP_COUNTY": "Chisago", "NPDES_ID": "MN0024350", "REGISTRY_ID": "110009893133", "CWP_FACILITY_TYPE_INDICATOR": "POTW", "CWP_MAJOR_MINOR_STATUS": "Minor", "CWP_PERMIT_STATUS_DESC": "Effective", "STATE_WATER_BODY_NAME": "SUNRISE RIVER, NORTH BRANCH", "CWP_CSO_FLAG": "N"}}, {"type": "Feature", "geometry": {"type": "Point", "coordinates": [-96.1589103644068, 45.5773380984334]}, "properties": {"CWP_NAME": "CHOKIO WWTP", "CWP_STREET": "STATE HIGHWAY 28 W", "CWP_CITY": "CHOKIO", "CWP_STATE": "MN", "CWP_ZIP": "56221", "CWP_COUNTY": "Stevens", "NPDES_ID": "MNG585007", "REGISTRY_ID": "110067795452", "CWP_FACILITY_TYPE_INDICATOR": "POTW", "CWP_MAJOR_MINOR_STATUS": "Minor", "CWP_PERMIT_STATUS_DESC": "Effective", "STATE_WATER_BODY_NAME": "MUDDY CREEK", "CWP_CSO_FLAG": "N"}}, {"type": "Feature", "geometry": {"type": "Point", "coordinates": [-95.4683168898041, 43.5412484652213]}, "properties": {"CWP_NAME": "ROUND LAKE", "CWP_STREET": "SEC 19, T101N, R38W", "CWP_CITY": "ROUND LAKE", "CWP_STATE": "MN", "CWP_ZIP": "56167", "CWP_COUNTY": "Nobles", "NPDES_ID": "MN0051713", "REGISTRY_ID": "110008810411", "CWP_FACILITY_TYPE_INDICATOR": "POTW", "CWP_MAJOR_MINOR_STATUS": "Minor", "CWP_PERMIT_STATUS_DESC": "Terminated", "STATE_WATER_BODY_NAME": "LTL SIOUX R W FK VIA JD 24", "CWP_CSO_FLAG": "N"}}, {"type": "Feature", "geometry": {"type": "Point", "coordinates": [-93.265007877047, 43.8233075276063]}, "properties": {"CWP_NAME": "GENEVA WWTP", "CWP_STREET": "101 FIRST AVE NE", "CWP_CITY": "GENEVA", "CWP_STATE": "MN", "CWP_ZIP": "56035", "CWP_COUNTY": "Freeborn", "NPDES_ID": "MN0021008", "REGISTRY_ID": "110009898913", "CWP_FACILITY_TYPE_INDICATOR": "POTW", "CWP_MAJOR_MINOR_STATUS": "Minor", "CWP_PERMIT_STATUS_DESC": "Terminated", "STATE_WATER_BODY_NAME": "STRAIGHT R (CD 64)", "CWP_CSO_FLAG": "N"}}, {"type": "Feature", "geometry": {"type": "Point", "coordinates": [-94.2803136807001, 47.8725882736206]}, "properties": {"CWP_NAME": "NORTHOME WWTP", "CWP_STREET": "12068 MAIN ST", "CWP_CITY": "NORTHOME", "CWP_STATE": "MN", "CWP_ZIP": "56661", "CWP_COUNTY": "Koochiching", "NPDES_ID": "MNG585185", "REGISTRY_ID": "110069102385", "CWP_FACILITY_TYPE_INDICATOR": "POTW", "CWP_MAJOR_MINOR_STATUS": "Minor", "CWP_PERMIT_STATUS_DESC": "Effective", "STATE_WATER_BODY_NAME": "UNNAMED CREEK", "CWP_CSO_FLAG": "N"}}, {"type": "Feature", "geometry": {"type": "Point", "coordinates": [-93.9810582518966, 44.3368905907941]}, "properties": {"CWP_NAME": "SAINT PETER WWTP", "CWP_STREET": "400 SAINT JULIEN ST", "CWP_CITY": "SAINT PETER", "CWP_STATE": "MN", "CWP_ZIP": "560821809", "CWP_COUNTY": "Nicollet", "NPDES_ID": "MN0022535", "REGISTRY_ID": "110000733582", "CWP_FACILITY_TYPE_INDICATOR": "POTW", "CWP_MAJOR_MINOR_STATUS": "Major", "CWP_PERMIT_STATUS_DESC": "Effective", "STATE_WATER_BODY_NAME": "MINNESOTA RIVER", "CWP_CSO_FLAG": "N"}}, {"type": "Feature", "geometry": {"type": "Point", "coordinates": [-96.1007584567498, 46.0352225887349]}, "properties": {"CWP_NAME": "WENDELL", "CWP_STREET": "UNKNOWN", "CWP_CITY": "WENDELL", "CWP_STATE": "MN", "CWP_ZIP": "00000", "CWP_COUNTY": "Grant", "NPDES_ID": "MN0051501", "REGISTRY_ID": "110028295529", "CWP_FACILITY_TYPE_INDICATOR": "POTW", "CWP_MAJOR_MINOR_STATUS": "Minor", "CWP_PERMIT_STATUS_DESC": "Admin Continued", "STATE_WATER_BODY_NAME": null, "CWP_CSO_FLAG": "N"}}, {"type": "Feature", "geometry": {"type": "Point", "coordinates": [-95.9092991872509, 46.9812384749881]}, "properties": {"CWP_NAME": "CALLAWAY", "CWP_STREET": "RICHWOOD TOWNSHIP SEC 31 R41W", "CWP_CITY": "CALLAWAY", "CWP_STATE": "MN", "CWP_ZIP": "56521", "CWP_COUNTY": "Becker", "NPDES_ID": "MN0022985", "REGISTRY_ID": "110008796981", "CWP_FACILITY_TYPE_INDICATOR": "POTW", "CWP_MAJOR_MINOR_STATUS": "Minor", "CWP_PERMIT_STATUS_DESC": "Effective", "STATE_WATER_BODY_NAME": "BUFFALO R VIA UNNAMED DT", "CWP_CSO_FLAG": "N"}}, {"type": "Feature", "geometry": {"type": "Point", "coordinates": [-96.3266240309363, 45.2528905261739]}, "properties": {"CWP_NAME": "ODESSA WWTP", "CWP_STREET": "COUNTY ROAD 10", "CWP_CITY": "ODESSA", "CWP_STATE": "MN", "CWP_ZIP": "56276", "CWP_COUNTY": "Big Stone", "NPDES_ID": "MNG585099", "REGISTRY_ID": "110068069921", "CWP_FACILITY_TYPE_INDICATOR": "POTW", "CWP_MAJOR_MINOR_STATUS": "Minor", "CWP_PERMIT_STATUS_DESC": "Effective", "STATE_WATER_BODY_NAME": "MINNESOTA RIVER", "CWP_CSO_FLAG": "N"}}, {"type": "Feature", "geometry": {"type": "Point", "coordinates": [-92.8886625480627, 46.4845808398386]}, "properties": {"CWP_NAME": "KETTLE RIVER", "CWP_STREET": "SEC 9 T46N R20W", "CWP_CITY": "KETTLE RIVER", "CWP_STATE": "MN", "CWP_ZIP": "55757", "CWP_COUNTY": "Carlton", "NPDES_ID": "MN0057002", "REGISTRY_ID": "110008800949", "CWP_FACILITY_TYPE_INDICATOR": "POTW", "CWP_MAJOR_MINOR_STATUS": "Minor", "CWP_PERMIT_STATUS_DESC": "Terminated", "STATE_WATER_BODY_NAME": "KETTLE R", "CWP_CSO_FLAG": "N"}}, {"type": "Feature", "geometry": {"type": "Point", "coordinates": [-92.4662775034071, 44.0616576368769]}, "properties": {"CWP_NAME": "ROCHESTER WWTP/WATER RECLAMATION PLANT", "CWP_STREET": "301 37TH ST NW", "CWP_CITY": "ROCHESTER", "CWP_STATE": "MN", "CWP_ZIP": "559013403", "CWP_COUNTY": "Olmsted", "NPDES_ID": "MN0024619", "REGISTRY_ID": "110003814310", "CWP_FACILITY_TYPE_INDICATOR": "POTW", "CWP_MAJOR_MINOR_STATUS": "Major", "CWP_PERMIT_STATUS_DESC": "Effective", "STATE_WATER_BODY_NAME": "ZUMBRO RIVER, SOUTH FORK", "CWP_CSO_FLAG": "N"}}, {"type": "Feature", "geometry": {"type": "Point", "coordinates": [-96.079029116493, 46.5693183336359]}, "properties": {"CWP_NAME": "PELICAN RAPIDS", "CWP_STREET": "300 W MILL AVE", "CWP_CITY": "PELICAN RAPIDS", "CWP_STATE": "MN", "CWP_ZIP": "56572", "CWP_COUNTY": "Otter Tail", "NPDES_ID": "MN0022225", "REGISTRY_ID": "110037416800", "CWP_FACILITY_TYPE_INDICATOR": "POTW", "CWP_MAJOR_MINOR_STATUS": "Minor", "CWP_PERMIT_STATUS_DESC": "Admin Continued", "STATE_WATER_BODY_NAME": "PELICAN R", "CWP_CSO_FLAG": "N"}}, {"type": "Feature", "geometry": {"type": "Point", "coordinates": [-95.8100598172274, 46.6547881342744]}, "properties": {"CWP_NAME": "VERGAS WWTP", "CWP_STREET": "411 OLD DETROIT RD", "CWP_CITY": "VERGAS", "CWP_STATE": "MN", "CWP_ZIP": "56587", "CWP_COUNTY": "Otter Tail", "NPDES_ID": "MN0025097", "REGISTRY_ID": "110013355742", "CWP_FACILITY_TYPE_INDICATOR": "POTW", "CWP_MAJOR_MINOR_STATUS": "Minor", "CWP_PERMIT_STATUS_DESC": "Effective", "STATE_WATER_BODY_NAME": "OTTER TAIL RIVER", "CWP_CSO_FLAG": "N"}}, {"type": "Feature", "geometry": {"type": "Point", "coordinates": [-93.4166175143774, 44.474067838912]}, "properties": {"CWP_NAME": "LONSDALE", "CWP_STREET": "835 INDUSTRIAL PARK DR SE", "CWP_CITY": "LONSDALE", "CWP_STATE": "MN", "CWP_ZIP": "55046", "CWP_COUNTY": "Rice", "NPDES_ID": "MN0031241", "REGISTRY_ID": "110008813034", "CWP_FACILITY_TYPE_INDICATOR": "POTW", "CWP_MAJOR_MINOR_STATUS": "Minor", "CWP_PERMIT_STATUS_DESC": "Admin Continued", "STATE_WATER_BODY_NAME": "CANNON R VIA UNION LK VIA HEATH CR", "CWP_CSO_FLAG": "N"}}, {"type": "Feature", "geometry": {"type": "Point", "coordinates": [-95.4700581647983, 44.9040974781404]}, "properties": {"CWP_NAME": "MAYNARD WWTP", "CWP_STREET": "HIGHWAY 23 & MINNIE ST", "CWP_CITY": "MAYNARD", "CWP_STATE": "MN", "CWP_ZIP": "56260", "CWP_COUNTY": "Chippewa", "NPDES_ID": "MN0056588", "REGISTRY_ID": "110008804375", "CWP_FACILITY_TYPE_INDICATOR": "POTW", "CWP_MAJOR_MINOR_STATUS": "Minor", "CWP_PERMIT_STATUS_DESC": "Effective", "STATE_WATER_BODY_NAME": "HAWK CREEK", "CWP_CSO_FLAG": "N"}}, {"type": "Feature", "geometry": {"type": "Point", "coordinates": [-93.6857946558301, 45.0869855616989]}, "properties": {"CWP_NAME": "GREENFIELD WWTP", "CWP_STREET": "8555 STATE HIGHWAY 55", "CWP_CITY": "GREENFIELD", "CWP_STATE": "MN", "CWP_ZIP": "55373", "CWP_COUNTY": "Hennepin", "NPDES_ID": "MN0063762", "REGISTRY_ID": "110008817888", "CWP_FACILITY_TYPE_INDICATOR": "POTW", "CWP_MAJOR_MINOR_STATUS": "Minor", "CWP_PERMIT_STATUS_DESC": "Admin Continued", "STATE_WATER_BODY_NAME": "CROW RIVER", "CWP_CSO_FLAG": "N"}}, {"type": "Feature", "geometry": {"type": "Point", "coordinates": [-93.5205682694965, 43.6241472173228]}, "properties": {"CWP_NAME": "CONGER WWTP", "CWP_STREET": "180TH ST", "CWP_CITY": "CONGER", "CWP_STATE": "MN", "CWP_ZIP": "56020", "CWP_COUNTY": "Freeborn", "NPDES_ID": "MNG585222", "REGISTRY_ID": "110067936247", "CWP_FACILITY_TYPE_INDICATOR": "POTW", "CWP_MAJOR_MINOR_STATUS": "Minor", "CWP_PERMIT_STATUS_DESC": "Effective", "STATE_WATER_BODY_NAME": "COUNTY DITCH 48", "CWP_CSO_FLAG": "N"}}, {"type": "Feature", "geometry": {"type": "Point", "coordinates": [-96.8081394972294, 47.2643558127072]}, "properties": {"CWP_NAME": "HENDRUM WWTP", "CWP_STREET": "308 MAIN ST E", "CWP_CITY": "HENDRUM", "CWP_STATE": "MN", "CWP_ZIP": "56550", "CWP_COUNTY": "Norman", "NPDES_ID": "MNG585176", "REGISTRY_ID": "110068716811", "CWP_FACILITY_TYPE_INDICATOR": "POTW", "CWP_MAJOR_MINOR_STATUS": "Minor", "CWP_PERMIT_STATUS_DESC": "Effective", "STATE_WATER_BODY_NAME": "WILD RICE RIVER", "CWP_CSO_FLAG": "N"}}, {"type": "Feature", "geometry": {"type": "Point", "coordinates": [-94.2103971566703, 44.5385356942051]}, "properties": {"CWP_NAME": "GAYLORD", "CWP_STREET": "SEC 4 T112N R28W", "CWP_CITY": "GAYLORD", "CWP_STATE": "MN", "CWP_ZIP": "55334", "CWP_COUNTY": "Sibley", "NPDES_ID": "MN0051209", "REGISTRY_ID": "110008811544", "CWP_FACILITY_TYPE_INDICATOR": "POTW", "CWP_MAJOR_MINOR_STATUS": "Minor", "CWP_PERMIT_STATUS_DESC": "Terminated", "STATE_WATER_BODY_NAME": "RUSH R VIA DT 55", "CWP_CSO_FLAG": "N"}}, {"type": "Feature", "geometry": {"type": "Point", "coordinates": [-92.5052577685142, 44.3648686044658]}, "properties": {"CWP_NAME": "BELLECHESTER", "CWP_STREET": "26182 CO RD 16 BLVD", "CWP_CITY": "BELLECHESTER", "CWP_STATE": "MN", "CWP_ZIP": "55027", "CWP_COUNTY": "Goodhue", "NPDES_ID": "MN0022764", "REGISTRY_ID": "110008816004", "CWP_FACILITY_TYPE_INDICATOR": "POTW", "CWP_MAJOR_MINOR_STATUS": "Minor", "CWP_PERMIT_STATUS_DESC": "Admin Continued", "STATE_WATER_BODY_NAME": "ZUMBRO R VIA COLD CR", "CWP_CSO_FLAG": "N"}}, {"type": "Feature", "geometry": {"type": "Point", "coordinates": [-93.9925975790526, 45.2238875560792]}, "properties": {"CWP_NAME": "MAPLE LAKE WWTF", "CWP_STREET": "4970 COUNTY RD 8 S", "CWP_CITY": "MAPLE LAKE", "CWP_STATE": "MN", "CWP_ZIP": "553580757", "CWP_COUNTY": "Wright", "NPDES_ID": "MN0024082", "REGISTRY_ID": "110015602196", "CWP_FACILITY_TYPE_INDICATOR": "POTW", "CWP_MAJOR_MINOR_STATUS": "Minor", "CWP_PERMIT_STATUS_DESC": "Terminated", "STATE_WATER_BODY_NAME": "MUD L", "CWP_CSO_FLAG": "N"}}, {"type": "Feature", "geometry": {"type": "Point", "coordinates": [-93.6935316176449, 45.7291906266356]}, "properties": {"CWP_NAME": "FORESTON", "CWP_STREET": "500 SCHOOL STREET", "CWP_CITY": "FORESTON", "CWP_STATE": "MN", "CWP_ZIP": "56330", "CWP_COUNTY": "Mille Lacs", "NPDES_ID": "MN0047503", "REGISTRY_ID": "110008806845", "CWP_FACILITY_TYPE_INDICATOR": "POTW", "CWP_MAJOR_MINOR_STATUS": "Minor", "CWP_PERMIT_STATUS_DESC": "Terminated", "STATE_WATER_BODY_NAME": "RUM R W BR", "CWP_CSO_FLAG": "N"}}, {"type": "Feature", "geometry": {"type": "Point", "coordinates": [-95.8787146391417, 44.3891905380983]}, "properties": {"CWP_NAME": "LYND WWTP", "CWP_STREET": "HIGHWAY 23", "CWP_CITY": "LYND", "CWP_STATE": "MN", "CWP_ZIP": "56157", "CWP_COUNTY": "Lyon", "NPDES_ID": "MNG585030", "REGISTRY_ID": "110008810064", "CWP_FACILITY_TYPE_INDICATOR": "POTW", "CWP_MAJOR_MINOR_STATUS": "Minor", "CWP_PERMIT_STATUS_DESC": "Effective", "STATE_WATER_BODY_NAME": "REDWOOD RIVER", "CWP_CSO_FLAG": "N"}}, {"type": "Feature", "geometry": {"type": "Point", "coordinates": [-93.6947274685861, 43.9350977423341]}, "properties": {"CWP_NAME": "WALDORF WWTP", "CWP_STREET": "BLASEHAK ST", "CWP_CITY": "WALDORF", "CWP_STATE": "MN", "CWP_ZIP": "56092", "CWP_COUNTY": "Waseca", "NPDES_ID": "MN0021849", "REGISTRY_ID": "110008813631", "CWP_FACILITY_TYPE_INDICATOR": "POTW", "CWP_MAJOR_MINOR_STATUS": "Minor", "CWP_PERMIT_STATUS_DESC": "Effective", "STATE_WATER_BODY_NAME": "UNNAMED CREEK", "CWP_CSO_FLAG": "N"}}, {"type": "Feature", "geometry": {"type": "Point", "coordinates": [-93.5670031004101, 44.5597075816484]}, "properties": {"CWP_NAME": "NEW PRAGUE WWTP", "CWP_STREET": "601 12TH ST NE", "CWP_CITY": "NEW PRAGUE", "CWP_STATE": "MN", "CWP_ZIP": "56071", "CWP_COUNTY": "Le Sueur", "NPDES_ID": "MN0020150", "REGISTRY_ID": "110006739468", "CWP_FACILITY_TYPE_INDICATOR": "POTW", "CWP_MAJOR_MINOR_STATUS": "Major", "CWP_PERMIT_STATUS_DESC": "Admin Continued", "STATE_WATER_BODY_NAME": "SAND CR VIA RAVEN ST VIA CR", "CWP_CSO_FLAG": "N"}}, {"type": "Feature", "geometry": {"type": "Point", "coordinates": [-94.3629977629011, 44.548008244002]}, "properties": {"CWP_NAME": "WINTHROP", "CWP_STREET": "SEC 5 T112N R29W", "CWP_CITY": "WINTHROP", "CWP_STATE": "MN", "CWP_ZIP": "55396", "CWP_COUNTY": "Sibley", "NPDES_ID": "MN0051098", "REGISTRY_ID": "110008812302", "CWP_FACILITY_TYPE_INDICATOR": "POTW", "CWP_MAJOR_MINOR_STATUS": "Minor", "CWP_PERMIT_STATUS_DESC": "Admin Continued", "STATE_WATER_BODY_NAME": "RUSH R MD FK VIA CD 42", "CWP_CSO_FLAG": "N"}}, {"type": "Feature", "geometry": {"type": "Point", "coordinates": [-96.8022193522371, 47.7993077072558]}, "properties": {"CWP_NAME": "FISHER WWTP", "CWP_STREET": "FIRST ST", "CWP_CITY": "FISHER", "CWP_STATE": "MN", "CWP_ZIP": "56723", "CWP_COUNTY": "Polk", "NPDES_ID": "MNG585170", "REGISTRY_ID": "110067824634", "CWP_FACILITY_TYPE_INDICATOR": "POTW", "CWP_MAJOR_MINOR_STATUS": "Minor", "CWP_PERMIT_STATUS_DESC": "Effective", "STATE_WATER_BODY_NAME": "RED LAKE RIVER", "CWP_CSO_FLAG": "N"}}, {"type": "Feature", "geometry": {"type": "Point", "coordinates": [-94.8597933484034, 44.9447001196502]}, "properties": {"CWP_NAME": "LAKE LILLIAN WWTP", "CWP_STREET": "18420 135TH ST SE", "CWP_CITY": "LAKE LILLIAN", "CWP_STATE": "MN", "CWP_ZIP": "56253", "CWP_COUNTY": "Kandiyohi", "NPDES_ID": "MNG585225", "REGISTRY_ID": "110068937592", "CWP_FACILITY_TYPE_INDICATOR": "POTW", "CWP_MAJOR_MINOR_STATUS": "Minor", "CWP_PERMIT_STATUS_DESC": "Effective", "STATE_WATER_BODY_NAME": "CROW RIVER, SOUTH FORK", "CWP_CSO_FLAG": "N"}}, {"type": "Feature", "geometry": {"type": "Point", "coordinates": [-96.2609639496501, 47.36928247067]}, "properties": {"CWP_NAME": "GARY", "CWP_STREET": "SEC 22 T145N R44W", "CWP_CITY": "GARY", "CWP_STATE": "MN", "CWP_ZIP": "56545", "CWP_COUNTY": "Norman", "NPDES_ID": "MN0051993", "REGISTRY_ID": "110014391666", "CWP_FACILITY_TYPE_INDICATOR": "POTW", "CWP_MAJOR_MINOR_STATUS": "Minor", "CWP_PERMIT_STATUS_DESC": "Terminated", "STATE_WATER_BODY_NAME": "CO DT 75", "CWP_CSO_FLAG": "N"}}, {"type": "Feature", "geometry": {"type": "Point", "coordinates": [-92.8852141760047, 43.8159331110947]}, "properties": {"CWP_NAME": "WALTHAM", "CWP_STREET": "COUNTY RD 1", "CWP_CITY": "WALTHAM", "CWP_STATE": "MN", "CWP_ZIP": "55982", "CWP_COUNTY": "Mower", "NPDES_ID": "MN0025186", "REGISTRY_ID": "110008814444", "CWP_FACILITY_TYPE_INDICATOR": "POTW", "CWP_MAJOR_MINOR_STATUS": "Minor", "CWP_PERMIT_STATUS_DESC": "Terminated", "STATE_WATER_BODY_NAME": "CEDAR R VIA SMALL CR", "CWP_CSO_FLAG": "N"}}, {"type": "Feature", "geometry": {"type": "Point", "coordinates": [-94.203878332702, 46.9875077802757]}, "properties": {"CWP_NAME": "LONGVILLE", "CWP_STREET": "SEC 34, T141N, R28W", "CWP_CITY": "LONGVILLE", "CWP_STATE": "MN", "CWP_ZIP": "56655", "CWP_COUNTY": "Cass", "NPDES_ID": "MN0046655", "REGISTRY_ID": "110008799167", "CWP_FACILITY_TYPE_INDICATOR": "POTW", "CWP_MAJOR_MINOR_STATUS": "Minor", "CWP_PERMIT_STATUS_DESC": "Terminated", "STATE_WATER_BODY_NAME": "BOY R VIA SWAMP", "CWP_CSO_FLAG": "N"}}, {"type": "Feature", "geometry": {"type": "Point", "coordinates": [-95.8694773057328, 47.629652455114]}, "properties": {"CWP_NAME": "MCINTOSH WWTP", "CWP_STREET": "28300 370TH ST SE", "CWP_CITY": "MCINTOSH", "CWP_STATE": "MN", "CWP_ZIP": "56556", "CWP_COUNTY": "Polk", "NPDES_ID": "MNG585031", "REGISTRY_ID": "110067824055", "CWP_FACILITY_TYPE_INDICATOR": "POTW", "CWP_MAJOR_MINOR_STATUS": "Minor", "CWP_PERMIT_STATUS_DESC": "Effective", "STATE_WATER_BODY_NAME": "POPLAR RIVER", "CWP_CSO_FLAG": "N"}}, {"type": "Feature", "geometry": {"type": "Point", "coordinates": [-93.5627860735776, 43.7657976527084]}, "properties": {"CWP_NAME": "FREEBORN WWTP", "CWP_STREET": "402 PARK ST", "CWP_CITY": "FREEBORN", "CWP_STATE": "MN", "CWP_ZIP": "56032", "CWP_COUNTY": "Freeborn", "NPDES_ID": "MNG585018", "REGISTRY_ID": "110070917792", "CWP_FACILITY_TYPE_INDICATOR": "POTW", "CWP_MAJOR_MINOR_STATUS": "Minor", "CWP_PERMIT_STATUS_DESC": "Effective", "STATE_WATER_BODY_NAME": "COBB CREEK DITCH", "CWP_CSO_FLAG": "N"}}, {"type": "Feature", "geometry": {"type": "Point", "coordinates": [-96.8335220038446, 47.4610474596631]}, "properties": {"CWP_NAME": "SHELLY WWTP", "CWP_STREET": "SEE LOCATION DESCRIPTION", "CWP_CITY": "SHELLY", "CWP_STATE": "MN", "CWP_ZIP": "56581", "CWP_COUNTY": "Norman", "NPDES_ID": "MNG585227", "REGISTRY_ID": "110067801347", "CWP_FACILITY_TYPE_INDICATOR": "POTW", "CWP_MAJOR_MINOR_STATUS": "Minor", "CWP_PERMIT_STATUS_DESC": "Effective", "STATE_WATER_BODY_NAME": "MARSH RIVER", "CWP_CSO_FLAG": "N"}}, {"type": "Feature", "geometry": {"type": "Point", "coordinates": [-95.2333079891708, 45.016707919841]}, "properties": {"CWP_NAME": "RAYMOND", "CWP_STREET": "COUNTY ROAD 7 NORTH", "CWP_CITY": "RAYMOND", "CWP_STATE": "MN", "CWP_ZIP": "56282", "CWP_COUNTY": "Kandiyohi", "NPDES_ID": "MN0045446", "REGISTRY_ID": "110008806042", "CWP_FACILITY_TYPE_INDICATOR": "POTW", "CWP_MAJOR_MINOR_STATUS": "Minor", "CWP_PERMIT_STATUS_DESC": "Terminated", "STATE_WATER_BODY_NAME": "MINN R VIA HAWK CR", "CWP_CSO_FLAG": "N"}}, {"type": "Feature", "geometry": {"type": "Point", "coordinates": [-92.7710159039245, 46.4995752468871]}, "properties": {"CWP_NAME": "BARNUM WWTP", "CWP_STREET": "COUNTY ROAD 6", "CWP_CITY": "BARNUM", "CWP_STATE": "MN", "CWP_ZIP": "55707", "CWP_COUNTY": "Carlton", "NPDES_ID": "MNG585142", "REGISTRY_ID": "110008800716", "CWP_FACILITY_TYPE_INDICATOR": "POTW", "CWP_MAJOR_MINOR_STATUS": "Minor", "CWP_PERMIT_STATUS_DESC": "Effective", "STATE_WATER_BODY_NAME": "GILLESPIE BROOK", "CWP_CSO_FLAG": "N"}}, {"type": "Feature", "geometry": {"type": "Point", "coordinates": [-95.0325225993537, 45.0461679301127]}, "properties": {"CWP_NAME": "BLOMKEST SVEA SEWER BOARD", "CWP_STREET": "8079 8TH ST SE", "CWP_CITY": "BLOMKEST", "CWP_STATE": "MN", "CWP_ZIP": "56201", "CWP_COUNTY": "Kandiyohi", "NPDES_ID": "MN0069388", "REGISTRY_ID": "110038332765", "CWP_FACILITY_TYPE_INDICATOR": "POTW", "CWP_MAJOR_MINOR_STATUS": "Minor", "CWP_PERMIT_STATUS_DESC": "Terminated", "STATE_WATER_BODY_NAME": null, "CWP_CSO_FLAG": "N"}}, {"type": "Feature", "geometry": {"type": "Point", "coordinates": [-92.2569077193284, 47.8162081212699]}, "properties": {"CWP_NAME": "TOWER-BREITUNG JOINT WWTF", "CWP_STREET": "SEC 28, T62N, R15W", "CWP_CITY": "SOUDAN", "CWP_STATE": "MN", "CWP_ZIP": "55782", "CWP_COUNTY": "St. Louis", "NPDES_ID": "MN0056618", "REGISTRY_ID": "110009891340", "CWP_FACILITY_TYPE_INDICATOR": "POTW", "CWP_MAJOR_MINOR_STATUS": "Minor", "CWP_PERMIT_STATUS_DESC": "Terminated", "STATE_WATER_BODY_NAME": "EAST TWO R", "CWP_CSO_FLAG": "N"}}, {"type": "Feature", "geometry": {"type": "Point", "coordinates": [-94.0633408021547, 44.005007426167]}, "properties": {"CWP_NAME": "GOOD THUNDER", "CWP_STREET": "SEC 10 T106N R27W", "CWP_CITY": "GOOD THUNDER", "CWP_STATE": "MN", "CWP_ZIP": "56037", "CWP_COUNTY": "Blue Earth", "NPDES_ID": "MN0020851", "REGISTRY_ID": "110008814159", "CWP_FACILITY_TYPE_INDICATOR": "POTW", "CWP_MAJOR_MINOR_STATUS": "Minor", "CWP_PERMIT_STATUS_DESC": "Terminated", "STATE_WATER_BODY_NAME": "MAPLE R", "CWP_CSO_FLAG": "N"}}, {"type": "Feature", "geometry": {"type": "Point", "coordinates": [-92.7758380233721, 46.1867586194181]}, "properties": {"CWP_NAME": "ASKOV WWTF", "CWP_STREET": "PIONERVEJ ST, PARTRIDGE TWSP", "CWP_CITY": "ASKOV", "CWP_STATE": "MN", "CWP_ZIP": "55704", "CWP_COUNTY": "Pine", "NPDES_ID": "MN0022616", "REGISTRY_ID": "110008801127", "CWP_FACILITY_TYPE_INDICATOR": "POTW", "CWP_MAJOR_MINOR_STATUS": "Minor", "CWP_PERMIT_STATUS_DESC": "Terminated", "STATE_WATER_BODY_NAME": "BEAR CR VIA CD", "CWP_CSO_FLAG": "N"}}, {"type": "Feature", "geometry": {"type": "Point", "coordinates": [-95.3967089492065, 47.525008264891]}, "properties": {"CWP_NAME": "BAGLEY WWTP", "CWP_STREET": "T147N,R37W,SECT 29,COPLEY TWSP", "CWP_CITY": "BAGLEY", "CWP_STATE": "MN", "CWP_ZIP": "56621", "CWP_COUNTY": "Clearwater", "NPDES_ID": "MN0022691", "REGISTRY_ID": "110008796311", "CWP_FACILITY_TYPE_INDICATOR": "POTW", "CWP_MAJOR_MINOR_STATUS": "Minor", "CWP_PERMIT_STATUS_DESC": "Admin Continued", "STATE_WATER_BODY_NAME": "WALKER BROOK", "CWP_CSO_FLAG": "N"}}, {"type": "Feature", "geometry": {"type": "Point", "coordinates": [-94.2368080672892, 47.8876087557452]}, "properties": {"CWP_NAME": "NORTHOME", "CWP_STREET": "SEC 21, R28W", "CWP_CITY": "NORTHOME", "CWP_STATE": "MN", "CWP_ZIP": "56661", "CWP_COUNTY": "Koochiching", "NPDES_ID": "MN0049158", "REGISTRY_ID": "110008798239", "CWP_FACILITY_TYPE_INDICATOR": "POTW", "CWP_MAJOR_MINOR_STATUS": "Minor", "CWP_PERMIT_STATUS_DESC": "Terminated", "STATE_WATER_BODY_NAME": "CALDWELL BR VIA SL", "CWP_CSO_FLAG": "N"}}, {"type": "Feature", "geometry": {"type": "Point", "coordinates": [-93.2810643456495, 43.5733517178053]}, "properties": {"CWP_NAME": "GLENVILLE", "CWP_STREET": "T101N R20W SECT 7 GLENVILLE", "CWP_CITY": "GLENVILLE", "CWP_STATE": "MN", "CWP_ZIP": "56036", "CWP_COUNTY": "Freeborn", "NPDES_ID": "MN0021245", "REGISTRY_ID": "110008814658", "CWP_FACILITY_TYPE_INDICATOR": "POTW", "CWP_MAJOR_MINOR_STATUS": "Minor", "CWP_PERMIT_STATUS_DESC": "Admin Continued", "STATE_WATER_BODY_NAME": "SHELL ROCK R VIA CD16", "CWP_CSO_FLAG": "N"}}, {"type": "Feature", "geometry": {"type": "Point", "coordinates": [-95.3201283870679, 43.7392279578277]}, "properties": {"CWP_NAME": "OKABENA WWTP", "CWP_STREET": "HONEYSUCKLE LN", "CWP_CITY": "OKABENA", "CWP_STATE": "MN", "CWP_ZIP": "56161", "CWP_COUNTY": "Jackson", "NPDES_ID": "MN0050288", "REGISTRY_ID": "110008811250", "CWP_FACILITY_TYPE_INDICATOR": "POTW", "CWP_MAJOR_MINOR_STATUS": "Minor", "CWP_PERMIT_STATUS_DESC": "Effective", "STATE_WATER_BODY_NAME": "OKABENA CREEK", "CWP_CSO_FLAG": "N"}}, {"type": "Feature", "geometry": {"type": "Point", "coordinates": [-92.126587656264, 46.7588984386416]}, "properties": {"CWP_NAME": "WLSSD WWTP", "CWP_STREET": "2626 COURTLAND ST", "CWP_CITY": "DULUTH", "CWP_STATE": "MN", "CWP_ZIP": "558061813", "CWP_COUNTY": "St. Louis", "NPDES_ID": "MN0049786", "REGISTRY_ID": "110008697400", "CWP_FACILITY_TYPE_INDICATOR": "POTW", "CWP_MAJOR_MINOR_STATUS": "Major", "CWP_PERMIT_STATUS_DESC": "Admin Continued", "STATE_WATER_BODY_NAME": "SUPERIOR", "CWP_CSO_FLAG": "N"}}, {"type": "Feature", "geometry": {"type": "Point", "coordinates": [-95.9150088536161, 46.1716749566071]}, "properties": {"CWP_NAME": "DALTON WWTF", "CWP_STREET": "SEC2,T131,R42W", "CWP_CITY": "DALTON", "CWP_STATE": "MN", "CWP_ZIP": "56324", "CWP_COUNTY": "Otter Tail", "NPDES_ID": "MN0023141", "REGISTRY_ID": "110009033161", "CWP_FACILITY_TYPE_INDICATOR": "POTW", "CWP_MAJOR_MINOR_STATUS": "Minor", "CWP_PERMIT_STATUS_DESC": "Terminated", "STATE_WATER_BODY_NAME": "DRAINTILE", "CWP_CSO_FLAG": "N"}}, {"type": "Feature", "geometry": {"type": "Point", "coordinates": [-96.8037438991245, 48.8584376119292]}, "properties": {"CWP_NAME": "LANCASTER WWTP", "CWP_STREET": "110 2ND ST E", "CWP_CITY": "LANCASTER", "CWP_STATE": "MN", "CWP_ZIP": "56735", "CWP_COUNTY": "Kittson", "NPDES_ID": "MNG585066", "REGISTRY_ID": "110069073727", "CWP_FACILITY_TYPE_INDICATOR": "POTW", "CWP_MAJOR_MINOR_STATUS": "Minor", "CWP_PERMIT_STATUS_DESC": "Effective", "STATE_WATER_BODY_NAME": "TWO RIVERS, NORTH BRANCH", "CWP_CSO_FLAG": "N"}}, {"type": "Feature", "geometry": {"type": "Point", "coordinates": [-95.6001584811334, 43.8717880272014]}, "properties": {"CWP_NAME": "FULDA WWTP", "CWP_STREET": "102 3RD ST NE", "CWP_CITY": "FULDA", "CWP_STATE": "MN", "CWP_ZIP": "56131", "CWP_COUNTY": "Murray", "NPDES_ID": "MNG585188", "REGISTRY_ID": "110067740760", "CWP_FACILITY_TYPE_INDICATOR": "POTW", "CWP_MAJOR_MINOR_STATUS": "Minor", "CWP_PERMIT_STATUS_DESC": "Effective", "STATE_WATER_BODY_NAME": "LIME CREEK", "CWP_CSO_FLAG": "N"}}, {"type": "Feature", "geometry": {"type": "Point", "coordinates": [-92.3708675215574, 44.2222478066635]}, "properties": {"CWP_NAME": "ZUMBRO FALLS", "CWP_STREET": "SEC 31 T110N R13W", "CWP_CITY": "ZUMBRO FALLS", "CWP_STATE": "MN", "CWP_ZIP": "55991", "CWP_COUNTY": "Wabasha", "NPDES_ID": "MN0051004", "REGISTRY_ID": "110008815693", "CWP_FACILITY_TYPE_INDICATOR": "POTW", "CWP_MAJOR_MINOR_STATUS": "Minor", "CWP_PERMIT_STATUS_DESC": "Admin Continued", "STATE_WATER_BODY_NAME": "ZUMBRO VIA BUCKMAN COULEE", "CWP_CSO_FLAG": "N"}}, {"type": "Feature", "geometry": {"type": "Point", "coordinates": [-92.7543574171164, 44.0657612247733]}, "properties": {"CWP_NAME": "MANTORVILLE WWTP", "CWP_STREET": "121 BLANCH ST", "CWP_CITY": "MANTORVILLE", "CWP_STATE": "MN", "CWP_ZIP": "55955", "CWP_COUNTY": "Dodge", "NPDES_ID": "MN0021059", "REGISTRY_ID": "110008814863", "CWP_FACILITY_TYPE_INDICATOR": "POTW", "CWP_MAJOR_MINOR_STATUS": "Minor", "CWP_PERMIT_STATUS_DESC": "Terminated", "STATE_WATER_BODY_NAME": null, "CWP_CSO_FLAG": "N"}}, {"type": "Feature", "geometry": {"type": "Point", "coordinates": [-91.9723129943825, 43.7220043650489]}, "properties": {"CWP_NAME": "LANESBORO WWTP", "CWP_STREET": "404 E COFFEE ST", "CWP_CITY": "LANESBORO", "CWP_STATE": "MN", "CWP_ZIP": "559499016", "CWP_COUNTY": "Fillmore", "NPDES_ID": "MN0020044", "REGISTRY_ID": "110008816601", "CWP_FACILITY_TYPE_INDICATOR": "POTW", "CWP_MAJOR_MINOR_STATUS": "Minor", "CWP_PERMIT_STATUS_DESC": "Effective", "STATE_WATER_BODY_NAME": "ROOT RIVER, SOUTH BRANCH", "CWP_CSO_FLAG": "N"}}, {"type": "Feature", "geometry": {"type": "Point", "coordinates": [-92.3732570207957, 44.2212981222799]}, "properties": {"CWP_NAME": "HAMMOND", "CWP_STREET": "100 NORTH BRIDGE AVE", "CWP_CITY": "HAMMOND", "CWP_STATE": "MN", "CWP_ZIP": "55991", "CWP_COUNTY": "Wabasha", "NPDES_ID": "MN0066940", "REGISTRY_ID": "110015602178", "CWP_FACILITY_TYPE_INDICATOR": "POTW", "CWP_MAJOR_MINOR_STATUS": "Minor", "CWP_PERMIT_STATUS_DESC": "Admin Continued", "STATE_WATER_BODY_NAME": "ZUMBRO R", "CWP_CSO_FLAG": "N"}}, {"type": "Feature", "geometry": {"type": "Point", "coordinates": [-91.7831423837507, 44.0218599773935]}, "properties": {"CWP_NAME": "STOCKTON WWTP", "CWP_STREET": "8600 D ST", "CWP_CITY": "STOCKTON", "CWP_STATE": "MN", "CWP_ZIP": "55988", "CWP_COUNTY": "Winona", "NPDES_ID": "MNG585079", "REGISTRY_ID": "110068653852", "CWP_FACILITY_TYPE_INDICATOR": "POTW", "CWP_MAJOR_MINOR_STATUS": "Minor", "CWP_PERMIT_STATUS_DESC": "Effective", "STATE_WATER_BODY_NAME": "GARVIN BROOK", "CWP_CSO_FLAG": "N"}}, {"type": "Feature", "geometry": {"type": "Point", "coordinates": [-94.3536376617599, 44.8748776814234]}, "properties": {"CWP_NAME": "HUTCHINSON WWTP", "CWP_STREET": "1300 ADAMS ST SE", "CWP_CITY": "HUTCHINSON", "CWP_STATE": "MN", "CWP_ZIP": "553507009", "CWP_COUNTY": "McLeod", "NPDES_ID": "MN0055832", "REGISTRY_ID": "110070000262", "CWP_FACILITY_TYPE_INDICATOR": "POTW", "CWP_MAJOR_MINOR_STATUS": "Major", "CWP_PERMIT_STATUS_DESC": "Effective", "STATE_WATER_BODY_NAME": "CROW RIVER, SOUTH FORK", "CWP_CSO_FLAG": "N"}}, {"type": "Feature", "geometry": {"type": "Point", "coordinates": [-96.0103540741889, 45.9796660693791]}, "properties": {"CWP_NAME": "ELBOW LAKE WWTP", "CWP_STREET": "HIGHWAY 79", "CWP_CITY": "ELBOW LAKE", "CWP_STATE": "MN", "CWP_ZIP": "56531", "CWP_COUNTY": "Grant", "NPDES_ID": "MN0051535", "REGISTRY_ID": "110067908919", "CWP_FACILITY_TYPE_INDICATOR": "POTW", "CWP_MAJOR_MINOR_STATUS": "Minor", "CWP_PERMIT_STATUS_DESC": "Effective", "STATE_WATER_BODY_NAME": "UNNAMED CREEK", "CWP_CSO_FLAG": "N"}}, {"type": "Feature", "geometry": {"type": "Point", "coordinates": [-92.7050277461098, 43.7190041781618]}, "properties": {"CWP_NAME": "DEXTER WWTP", "CWP_STREET": "107 S MAIN ST", "CWP_CITY": "DEXTER", "CWP_STATE": "MN", "CWP_ZIP": "55926", "CWP_COUNTY": "Mower", "NPDES_ID": "MNG585228", "REGISTRY_ID": "110067751141", "CWP_FACILITY_TYPE_INDICATOR": "POTW", "CWP_MAJOR_MINOR_STATUS": "Minor", "CWP_PERMIT_STATUS_DESC": "Effective", "STATE_WATER_BODY_NAME": "UNNAMED CREEK", "CWP_CSO_FLAG": "N"}}, {"type": "Feature", "geometry": {"type": "Point", "coordinates": [-94.2488080361226, 43.9783928728529]}, "properties": {"CWP_NAME": "VERNON CENTER WWTP", "CWP_STREET": "312 HILLTOP ST", "CWP_CITY": "VERNON CENTER", "CWP_STATE": "MN", "CWP_ZIP": "56090", "CWP_COUNTY": "Blue Earth", "NPDES_ID": "MN0030490", "REGISTRY_ID": "110030991176", "CWP_FACILITY_TYPE_INDICATOR": "POTW", "CWP_MAJOR_MINOR_STATUS": "Minor", "CWP_PERMIT_STATUS_DESC": "Effective", "STATE_WATER_BODY_NAME": "BLUE EARTH RIVER", "CWP_CSO_FLAG": "N"}}, {"type": "Feature", "geometry": {"type": "Point", "coordinates": [-94.0354770684894, 43.7682635621309]}, "properties": {"CWP_NAME": "DELAVAN WWTP", "CWP_STREET": "SEE LOCATION DESCRIPTION", "CWP_CITY": "DELAVAN", "CWP_STATE": "MN", "CWP_ZIP": "56023", "CWP_COUNTY": "Faribault", "NPDES_ID": "MNG585109", "REGISTRY_ID": "110067771584", "CWP_FACILITY_TYPE_INDICATOR": "POTW", "CWP_MAJOR_MINOR_STATUS": "Minor", "CWP_PERMIT_STATUS_DESC": "Effective", "STATE_WATER_BODY_NAME": "JUDICIAL DITCH 1", "CWP_CSO_FLAG": "N"}}, {"type": "Feature", "geometry": {"type": "Point", "coordinates": [-92.1363556800097, 43.7399898987141]}, "properties": {"CWP_NAME": "FOUNTAIN WWTP", "CWP_STREET": "104 MAIN ST", "CWP_CITY": "FOUNTAIN", "CWP_STATE": "MN", "CWP_ZIP": "55935", "CWP_COUNTY": "Fillmore", "NPDES_ID": "MN0050873", "REGISTRY_ID": "110008816326", "CWP_FACILITY_TYPE_INDICATOR": "POTW", "CWP_MAJOR_MINOR_STATUS": "Minor", "CWP_PERMIT_STATUS_DESC": "Effective", "STATE_WATER_BODY_NAME": "UNNAMED CREEK (WATSON CREEK TRIBUTARY)", "CWP_CSO_FLAG": "N"}}, {"type": "Feature", "geometry": {"type": "Point", "coordinates": [-96.2556093179342, 46.9750079440196]}, "properties": {"CWP_NAME": "HITTERDAL_WWTF", "CWP_STREET": "SEC 33, T141N, R44W", "CWP_CITY": "HITTERDAL", "CWP_STATE": "MN", "CWP_ZIP": "56552", "CWP_COUNTY": "Clay", "NPDES_ID": "MN0025925", "REGISTRY_ID": "110008801680", "CWP_FACILITY_TYPE_INDICATOR": "POTW", "CWP_MAJOR_MINOR_STATUS": "Minor", "CWP_PERMIT_STATUS_DESC": "Terminated", "STATE_WATER_BODY_NAME": "TOTLIE L VIA SL", "CWP_CSO_FLAG": "N"}}, {"type": "Feature", "geometry": {"type": "Point", "coordinates": [-93.90408257715, 44.476513062253]}, "properties": {"CWP_NAME": "LE SUEUR WWTF", "CWP_STREET": "1500 N COMMERCE ST", "CWP_CITY": "LE SUEUR", "CWP_STATE": "MN", "CWP_ZIP": "560581118", "CWP_COUNTY": "Le Sueur", "NPDES_ID": "MN0068195", "REGISTRY_ID": "110064625277", "CWP_FACILITY_TYPE_INDICATOR": "POTW", "CWP_MAJOR_MINOR_STATUS": "Major", "CWP_PERMIT_STATUS_DESC": "Effective", "STATE_WATER_BODY_NAME": "MINNESOTA RIVER", "CWP_CSO_FLAG": "N"}}, {"type": "Feature", "geometry": {"type": "Point", "coordinates": [-96.4281190663732, 46.6523976881494]}, "properties": {"CWP_NAME": "BARNESVILLE WWTP", "CWP_STREET": "814 2ND AVE SW", "CWP_CITY": "BARNESVILLE", "CWP_STATE": "MN", "CWP_ZIP": "56514", "CWP_COUNTY": "Clay", "NPDES_ID": "MN0022501", "REGISTRY_ID": "110008801877", "CWP_FACILITY_TYPE_INDICATOR": "POTW", "CWP_MAJOR_MINOR_STATUS": "Minor", "CWP_PERMIT_STATUS_DESC": "Effective", "STATE_WATER_BODY_NAME": "UNNAMED CREEK", "CWP_CSO_FLAG": "N"}}, {"type": "Feature", "geometry": {"type": "Point", "coordinates": [-94.8783085956741, 44.943307967596]}, "properties": {"CWP_NAME": "LAKE LILLIAN", "CWP_STREET": "SECT18,T117N,R33W,EAST LAKE", "CWP_CITY": "LAKE LILLIAN", "CWP_STATE": "MN", "CWP_ZIP": "56253", "CWP_COUNTY": "Kandiyohi", "NPDES_ID": "MN0021954", "REGISTRY_ID": "110008806104", "CWP_FACILITY_TYPE_INDICATOR": "POTW", "CWP_MAJOR_MINOR_STATUS": "Minor", "CWP_PERMIT_STATUS_DESC": "Terminated", "STATE_WATER_BODY_NAME": "CROW R S FK", "CWP_CSO_FLAG": "N"}}, {"type": "Feature", "geometry": {"type": "Point", "coordinates": [-94.8605282463955, 45.9749878815333]}, "properties": {"CWP_NAME": "LONG PRAIRIE", "CWP_STREET": "SEC 7, 18 T129N R33W", "CWP_CITY": "LONG PRAIRIE", "CWP_STATE": "MN", "CWP_ZIP": "56347", "CWP_COUNTY": "Todd", "NPDES_ID": "MN0020303", "REGISTRY_ID": "110008802643", "CWP_FACILITY_TYPE_INDICATOR": "POTW", "CWP_MAJOR_MINOR_STATUS": "Minor", "CWP_PERMIT_STATUS_DESC": "Terminated", "STATE_WATER_BODY_NAME": "LONG PRAIRIE R", "CWP_CSO_FLAG": "N"}}, {"type": "Feature", "geometry": {"type": "Point", "coordinates": [-93.0752576799801, 47.3934582936113]}, "properties": {"CWP_NAME": "KEEWATIN WWTF", "CWP_STREET": "314 TACONITE AVE EAST", "CWP_CITY": "KEEWATIN", "CWP_STATE": "MN", "CWP_ZIP": "55753", "CWP_COUNTY": "Itasca", "NPDES_ID": "MN0022012", "REGISTRY_ID": "110006739306", "CWP_FACILITY_TYPE_INDICATOR": "POTW", "CWP_MAJOR_MINOR_STATUS": "Minor", "CWP_PERMIT_STATUS_DESC": "Admin Continued", "STATE_WATER_BODY_NAME": "WELCOME L", "CWP_CSO_FLAG": "N"}}, {"type": "Feature", "geometry": {"type": "Point", "coordinates": [-92.832468642122, 48.046777194595]}, "properties": {"CWP_NAME": "ORR WWTP", "CWP_STREET": "4447 HIGHWAY 53", "CWP_CITY": "ORR", "CWP_STATE": "MN", "CWP_ZIP": "55771", "CWP_COUNTY": "St. Louis", "NPDES_ID": "MN0024422", "REGISTRY_ID": "110006650560", "CWP_FACILITY_TYPE_INDICATOR": "POTW", "CWP_MAJOR_MINOR_STATUS": "Minor", "CWP_PERMIT_STATUS_DESC": "Effective", "STATE_WATER_BODY_NAME": "PELICAN RIVER", "CWP_CSO_FLAG": "N"}}, {"type": "Feature", "geometry": {"type": "Point", "coordinates": [-92.9088405732689, 46.018813791379]}, "properties": {"CWP_NAME": "HINCKLEY WWTP", "CWP_STREET": "COUNTY ROAD 140", "CWP_CITY": "HINCKLEY", "CWP_STATE": "MN", "CWP_ZIP": "55037", "CWP_COUNTY": "Pine", "NPDES_ID": "MN0023701", "REGISTRY_ID": "110008801314", "CWP_FACILITY_TYPE_INDICATOR": "POTW", "CWP_MAJOR_MINOR_STATUS": "Minor", "CWP_PERMIT_STATUS_DESC": "Admin Continued", "STATE_WATER_BODY_NAME": "GRINDSTONE RIVER", "CWP_CSO_FLAG": "N"}}, {"type": "Feature", "geometry": {"type": "Point", "coordinates": [-94.8403679045042, 44.3548679811416]}, "properties": {"CWP_NAME": "EVAN WWTP", "CWP_STREET": "HIGHWAY 68", "CWP_CITY": "EVAN", "CWP_STATE": "MN", "CWP_ZIP": "56266", "CWP_COUNTY": "Brown", "NPDES_ID": "MNG585202", "REGISTRY_ID": "110068380969", "CWP_FACILITY_TYPE_INDICATOR": "POTW", "CWP_MAJOR_MINOR_STATUS": "Minor", "CWP_PERMIT_STATUS_DESC": "Effective", "STATE_WATER_BODY_NAME": "JUDICIAL DITCH 29, BRANCH LATERAL", "CWP_CSO_FLAG": "N"}}, {"type": "Feature", "geometry": {"type": "Point", "coordinates": [-95.9543682744061, 43.9983073438984]}, "properties": {"CWP_NAME": "LAKE WILSON WWTP", "CWP_STREET": "110 BROADWAY ST N", "CWP_CITY": "LAKE WILSON", "CWP_STATE": "MN", "CWP_ZIP": "56151", "CWP_COUNTY": "Murray", "NPDES_ID": "MNG585061", "REGISTRY_ID": "110068369152", "CWP_FACILITY_TYPE_INDICATOR": "POTW", "CWP_MAJOR_MINOR_STATUS": "Minor", "CWP_PERMIT_STATUS_DESC": "Effective", "STATE_WATER_BODY_NAME": "BEAVER CREEK", "CWP_CSO_FLAG": "N"}}, {"type": "Feature", "geometry": {"type": "Point", "coordinates": [-95.3057987879825, 45.1943078558685]}, "properties": {"CWP_NAME": "KERKHOVEN WWTP", "CWP_STREET": "502 THIRD ST NORTH", "CWP_CITY": "KERKHOVEN", "CWP_STATE": "MN", "CWP_ZIP": "56252", "CWP_COUNTY": "Swift", "NPDES_ID": "MN0020583", "REGISTRY_ID": "110008804598", "CWP_FACILITY_TYPE_INDICATOR": "POTW", "CWP_MAJOR_MINOR_STATUS": "Minor", "CWP_PERMIT_STATUS_DESC": "Admin Continued", "STATE_WATER_BODY_NAME": null, "CWP_CSO_FLAG": "N"}}, {"type": "Feature", "geometry": {"type": "Point", "coordinates": [-96.3245992688399, 48.3423184649097]}, "properties": {"CWP_NAME": "NEWFOLDEN WWTP", "CWP_STREET": "130TH AVE NW & 320TH ST NW", "CWP_CITY": "NEWFOLDEN", "CWP_STATE": "MN", "CWP_ZIP": "56738", "CWP_COUNTY": "Marshall", "NPDES_ID": "MNG585145", "REGISTRY_ID": "110068357245", "CWP_FACILITY_TYPE_INDICATOR": "POTW", "CWP_MAJOR_MINOR_STATUS": "Minor", "CWP_PERMIT_STATUS_DESC": "Effective", "STATE_WATER_BODY_NAME": "UNNAMED DITCH", "CWP_CSO_FLAG": "N"}}, {"type": "Feature", "geometry": {"type": "Point", "coordinates": [-95.5517020665999, 43.6461750759292]}, "properties": {"CWP_NAME": "WORTHINGTON INDUSTRIAL WWTP", "CWP_STREET": "3250 TRUNK HIGHWAY 60 NORTH", "CWP_CITY": "WORTHINGTON", "CWP_STATE": "MN", "CWP_ZIP": "561870279", "CWP_COUNTY": "Nobles", "NPDES_ID": "MN0031178", "REGISTRY_ID": "110002057871", "CWP_FACILITY_TYPE_INDICATOR": "POTW", "CWP_MAJOR_MINOR_STATUS": "Major", "CWP_PERMIT_STATUS_DESC": "Admin Continued", "STATE_WATER_BODY_NAME": "OKABENA CR", "CWP_CSO_FLAG": "N"}}, {"type": "Feature", "geometry": {"type": "Point", "coordinates": [-93.9925975790526, 45.2238875560792]}, "properties": {"CWP_NAME": "ANNANDALE/MAPLE LAKE/HOWARD LAKE WWTP", "CWP_STREET": "1759 COUNTY ROAD 7 NW", "CWP_CITY": "MAPLE LAKE", "CWP_STATE": "MN", "CWP_ZIP": "55358", "CWP_COUNTY": "Wright", "NPDES_ID": "MN0066966", "REGISTRY_ID": "110015602196", "CWP_FACILITY_TYPE_INDICATOR": "POTW", "CWP_MAJOR_MINOR_STATUS": "Major", "CWP_PERMIT_STATUS_DESC": "Effective", "STATE_WATER_BODY_NAME": "CROW RIVER, NORTH FORK", "CWP_CSO_FLAG": "N"}}, {"type": "Feature", "geometry": {"type": "Point", "coordinates": [-96.2948598230384, 44.2519287633438]}, "properties": {"CWP_NAME": "LAKE BENTON WWTP", "CWP_STREET": "106 S CENTER ST", "CWP_CITY": "LAKE BENTON", "CWP_STATE": "MN", "CWP_ZIP": "56149", "CWP_COUNTY": "Lincoln", "NPDES_ID": "MN0023884", "REGISTRY_ID": "110008809398", "CWP_FACILITY_TYPE_INDICATOR": "POTW", "CWP_MAJOR_MINOR_STATUS": "Minor", "CWP_PERMIT_STATUS_DESC": "Effective", "STATE_WATER_BODY_NAME": "UNNAMED DITCH", "CWP_CSO_FLAG": "N"}}, {"type": "Feature", "geometry": {"type": "Point", "coordinates": [-92.954822611188, 43.7351568873309]}, "properties": {"CWP_NAME": "LANSING TOWNSHIP WWTP", "CWP_STREET": "26483 540TH AVE", "CWP_CITY": "LANSING", "CWP_STATE": "MN", "CWP_ZIP": "55950", "CWP_COUNTY": "Mower", "NPDES_ID": "MN0063461", "REGISTRY_ID": "110006806778", "CWP_FACILITY_TYPE_INDICATOR": "POTW", "CWP_MAJOR_MINOR_STATUS": "Minor", "CWP_PERMIT_STATUS_DESC": "Effective", "STATE_WATER_BODY_NAME": "CEDAR RIVER", "CWP_CSO_FLAG": "N"}}, {"type": "Feature", "geometry": {"type": "Point", "coordinates": [-95.0529281286678, 44.3804779637546]}, "properties": {"CWP_NAME": "CLEMENTS WWTP", "CWP_STREET": "106 PINE ST", "CWP_CITY": "CLEMENTS", "CWP_STATE": "MN", "CWP_ZIP": "56224", "CWP_COUNTY": "Redwood", "NPDES_ID": "MNG585094", "REGISTRY_ID": "110068494695", "CWP_FACILITY_TYPE_INDICATOR": "POTW", "CWP_MAJOR_MINOR_STATUS": "Minor", "CWP_PERMIT_STATUS_DESC": "Effective", "STATE_WATER_BODY_NAME": "COUNTY DITCH 24", "CWP_CSO_FLAG": "N"}}, {"type": "Feature", "geometry": {"type": "Point", "coordinates": [-94.1482574961214, 43.887938155605]}, "properties": {"CWP_NAME": "AMBOY WWTP", "CWP_STREET": "600 MAINE ST E", "CWP_CITY": "AMBOY", "CWP_STATE": "MN", "CWP_ZIP": "56010", "CWP_COUNTY": "Blue Earth", "NPDES_ID": "MN0022624", "REGISTRY_ID": "110006739226", "CWP_FACILITY_TYPE_INDICATOR": "POTW", "CWP_MAJOR_MINOR_STATUS": "Minor", "CWP_PERMIT_STATUS_DESC": "Effective", "STATE_WATER_BODY_NAME": "PROVIDENCE CREEK (JUDICIAL DITCH 49)", "CWP_CSO_FLAG": "N"}}, {"type": "Feature", "geometry": {"type": "Point", "coordinates": [-92.4112178893944, 47.5122597003538]}, "properties": {"CWP_NAME": "MCKINLEY WWTP", "CWP_STREET": "5454 GRAND AVE", "CWP_CITY": "MCKINLEY", "CWP_STATE": "MN", "CWP_ZIP": "55741", "CWP_COUNTY": "St. Louis", "NPDES_ID": "MNG585367", "REGISTRY_ID": "110067813780", "CWP_FACILITY_TYPE_INDICATOR": "POTW", "CWP_MAJOR_MINOR_STATUS": "Minor", "CWP_PERMIT_STATUS_DESC": "Effective", "STATE_WATER_BODY_NAME": "UNNAMED CREEK", "CWP_CSO_FLAG": "N"}}, {"type": "Feature", "geometry": {"type": "Point", "coordinates": [-95.1009540919405, 46.7552343805232]}, "properties": {"CWP_NAME": "MENAHGA WWTP", "CWP_STREET": "113 2ND AVE", "CWP_CITY": "MENAHGA", "CWP_STATE": "MN", "CWP_ZIP": "56464", "CWP_COUNTY": "Wadena", "NPDES_ID": "MNG585032", "REGISTRY_ID": "110008799103", "CWP_FACILITY_TYPE_INDICATOR": "POTW", "CWP_MAJOR_MINOR_STATUS": "Minor", "CWP_PERMIT_STATUS_DESC": "Effective", "STATE_WATER_BODY_NAME": "YAEGER", "CWP_CSO_FLAG": "N"}}, {"type": "Feature", "geometry": {"type": "Point", "coordinates": [-95.6476135336476, 47.2730739332917]}, "properties": {"CWP_NAME": "NAYTAHWAUSH WWSL", "CWP_STREET": "P.O. BOX 418", "CWP_CITY": "WHITE EARTH", "CWP_STATE": "MN", "CWP_ZIP": "56591", "CWP_COUNTY": "Becker", "NPDES_ID": "MN0064165", "REGISTRY_ID": "110012750255", "CWP_FACILITY_TYPE_INDICATOR": "POTW", "CWP_MAJOR_MINOR_STATUS": "Minor", "CWP_PERMIT_STATUS_DESC": "Effective", "STATE_WATER_BODY_NAME": "UNNAMED SLOUGH TO FAIRBANKS LAKE", "CWP_CSO_FLAG": "N"}}, {"type": "Feature", "geometry": {"type": "Point", "coordinates": [-95.5355082476405, 45.6117075402819]}, "properties": {"CWP_NAME": "STARBUCK WWTP", "CWP_STREET": "7 JOHN ST", "CWP_CITY": "STARBUCK", "CWP_STATE": "MN", "CWP_ZIP": "56381", "CWP_COUNTY": "Pope", "NPDES_ID": "MN0021415", "REGISTRY_ID": "110008803848", "CWP_FACILITY_TYPE_INDICATOR": "POTW", "CWP_MAJOR_MINOR_STATUS": "Minor", "CWP_PERMIT_STATUS_DESC": "Effective", "STATE_WATER_BODY_NAME": "OUTLET CREEK", "CWP_CSO_FLAG": "N"}}, {"type": "Feature", "geometry": {"type": "Point", "coordinates": [-92.0914677972955, 43.6706890334224]}, "properties": {"CWP_NAME": "PRESTON WWTP", "CWP_STREET": "625 RIVER RD E", "CWP_CITY": "PRESTON", "CWP_STATE": "MN", "CWP_ZIP": "55965", "CWP_COUNTY": "Fillmore", "NPDES_ID": "MN0020745", "REGISTRY_ID": "110008816479", "CWP_FACILITY_TYPE_INDICATOR": "POTW", "CWP_MAJOR_MINOR_STATUS": "Minor", "CWP_PERMIT_STATUS_DESC": "Effective", "STATE_WATER_BODY_NAME": "ROOT RIVER", "CWP_CSO_FLAG": "N"}}, {"type": "Feature", "geometry": {"type": "Point", "coordinates": [-91.6464210547279, 43.5608062803399]}, "properties": {"CWP_NAME": "SPRING GROVE WWTF", "CWP_STREET": "500 FIRST AVE SW", "CWP_CITY": "SPRING GROVE", "CWP_STATE": "MN", "CWP_ZIP": "55974", "CWP_COUNTY": "Houston", "NPDES_ID": "MN0021440", "REGISTRY_ID": "110009894114", "CWP_FACILITY_TYPE_INDICATOR": "POTW", "CWP_MAJOR_MINOR_STATUS": "Minor", "CWP_PERMIT_STATUS_DESC": "Admin Continued", "STATE_WATER_BODY_NAME": "IOWA R U VIA BEAR CR & ROOT R S FK", "CWP_CSO_FLAG": "N"}}, {"type": "Feature", "geometry": {"type": "Point", "coordinates": [-95.2760079658037, 46.0492772577355]}, "properties": {"CWP_NAME": "MILTONA WWTP", "CWP_STREET": "7064 COUNTY ROAD 14 NE", "CWP_CITY": "MILTONA", "CWP_STATE": "MN", "CWP_ZIP": "56354", "CWP_COUNTY": "Douglas", "NPDES_ID": "MN0024155", "REGISTRY_ID": "110008802037", "CWP_FACILITY_TYPE_INDICATOR": "POTW", "CWP_MAJOR_MINOR_STATUS": "Minor", "CWP_PERMIT_STATUS_DESC": "Effective", "STATE_WATER_BODY_NAME": "UNNAMED CREEK", "CWP_CSO_FLAG": "N"}}, {"type": "Feature", "geometry": {"type": "Point", "coordinates": [-94.742617800472, 43.866188007806]}, "properties": {"CWP_NAME": "ODIN-ORMSBY WWTP", "CWP_STREET": "108 E MAIN ST", "CWP_CITY": "ODIN", "CWP_STATE": "MN", "CWP_ZIP": "56160", "CWP_COUNTY": "Watonwan", "NPDES_ID": "MNG585369", "REGISTRY_ID": "110067806681", "CWP_FACILITY_TYPE_INDICATOR": "POTW", "CWP_MAJOR_MINOR_STATUS": "Minor", "CWP_PERMIT_STATUS_DESC": "Effective", "STATE_WATER_BODY_NAME": "WATONWAN RIVER, SOUTH FORK", "CWP_CSO_FLAG": "N"}}, {"type": "Feature", "geometry": {"type": "Point", "coordinates": [-94.0699580154991, 44.0040577414916]}, "properties": {"CWP_NAME": "GOOD THUNDER WWTP", "CWP_STREET": "130 EWING ST S", "CWP_CITY": "GOOD THUNDER", "CWP_STATE": "MN", "CWP_ZIP": "56037", "CWP_COUNTY": "Blue Earth", "NPDES_ID": "MNG585206", "REGISTRY_ID": "110067771487", "CWP_FACILITY_TYPE_INDICATOR": "POTW", "CWP_MAJOR_MINOR_STATUS": "Minor", "CWP_PERMIT_STATUS_DESC": "Effective", "STATE_WATER_BODY_NAME": "MAPLE RIVER", "CWP_CSO_FLAG": "N"}}, {"type": "Feature", "geometry": {"type": "Point", "coordinates": [-95.9514086491281, 44.3202979577084]}, "properties": {"CWP_NAME": "RUSSELL WWTP", "CWP_STREET": "106 RIVER ST", "CWP_CITY": "RUSSELL", "CWP_STATE": "MN", "CWP_ZIP": "561694009", "CWP_COUNTY": "Lyon", "NPDES_ID": "MNG585062", "REGISTRY_ID": "110039744961", "CWP_FACILITY_TYPE_INDICATOR": "POTW", "CWP_MAJOR_MINOR_STATUS": "Minor", "CWP_PERMIT_STATUS_DESC": "Effective", "STATE_WATER_BODY_NAME": "REDWOOD RIVER", "CWP_CSO_FLAG": "N"}}, {"type": "Feature", "geometry": {"type": "Point", "coordinates": [-95.9117082507001, 45.5883080487494]}, "properties": {"CWP_NAME": "MORRIS_WWTP", "CWP_STREET": "SEC 7 T124N R41W,HODGES TWSP", "CWP_CITY": "MORRIS", "CWP_STATE": "MN", "CWP_ZIP": "56267", "CWP_COUNTY": "Stevens", "NPDES_ID": "MN0021318", "REGISTRY_ID": "110008804874", "CWP_FACILITY_TYPE_INDICATOR": "POTW", "CWP_MAJOR_MINOR_STATUS": "Minor", "CWP_PERMIT_STATUS_DESC": "Admin Continued", "STATE_WATER_BODY_NAME": "POMME DE TERRE R, POMME DE TERRE RIVER", "CWP_CSO_FLAG": "N"}}, {"type": "Feature", "geometry": {"type": "Point", "coordinates": [-94.6181184382846, 44.7392077179238]}, "properties": {"CWP_NAME": "BUFFALO LAKE", "CWP_STREET": "SEC 29,30 T115N R31W", "CWP_CITY": "BUFFALO LAKE", "CWP_STATE": "MN", "CWP_ZIP": "55314", "CWP_COUNTY": "Renville", "NPDES_ID": "MN0050211", "REGISTRY_ID": "110008806667", "CWP_FACILITY_TYPE_INDICATOR": "POTW", "CWP_MAJOR_MINOR_STATUS": "Minor", "CWP_PERMIT_STATUS_DESC": "Terminated", "STATE_WATER_BODY_NAME": "BUFFALO CR VIA JD 15", "CWP_CSO_FLAG": "N"}}, {"type": "Feature", "geometry": {"type": "Point", "coordinates": [-96.522925960434, 48.5776018092306]}, "properties": {"CWP_NAME": "KARLSTAD WWTP", "CWP_STREET": "104 1ST ST S", "CWP_CITY": "KARLSTAD", "CWP_STATE": "MN", "CWP_ZIP": "567324035", "CWP_COUNTY": "Kittson", "NPDES_ID": "MNG585146", "REGISTRY_ID": "110067795844", "CWP_FACILITY_TYPE_INDICATOR": "POTW", "CWP_MAJOR_MINOR_STATUS": "Minor", "CWP_PERMIT_STATUS_DESC": "Effective", "STATE_WATER_BODY_NAME": "COUNTY DITCH 10", "CWP_CSO_FLAG": "N"}}, {"type": "Feature", "geometry": {"type": "Point", "coordinates": [-94.8630157173444, 45.6125772343917]}, "properties": {"CWP_NAME": "GEM SANITARY DISTRICT", "CWP_STREET": "33805 HIGHWAY 4", "CWP_CITY": "GREENWALD", "CWP_STATE": "MN", "CWP_ZIP": "56335", "CWP_COUNTY": "Stearns", "NPDES_ID": "MNG585205", "REGISTRY_ID": "110069162202", "CWP_FACILITY_TYPE_INDICATOR": "POTW", "CWP_MAJOR_MINOR_STATUS": "Minor", "CWP_PERMIT_STATUS_DESC": "Effective", "STATE_WATER_BODY_NAME": "COUNTY DITCH 44", "CWP_CSO_FLAG": "N"}}, {"type": "Feature", "geometry": {"type": "Point", "coordinates": [-93.9566748722792, 43.9283411169566]}, "properties": {"CWP_NAME": "MAPLETON", "CWP_STREET": "88 ST HWY 22", "CWP_CITY": "MAPLETON", "CWP_STATE": "MN", "CWP_ZIP": "56065", "CWP_COUNTY": "Blue Earth", "NPDES_ID": "MN0021172", "REGISTRY_ID": "110040322834", "CWP_FACILITY_TYPE_INDICATOR": "POTW", "CWP_MAJOR_MINOR_STATUS": "Minor", "CWP_PERMIT_STATUS_DESC": "Admin Continued", "STATE_WATER_BODY_NAME": "BIG COBB R VIA CD 57A", "CWP_CSO_FLAG": "N"}}, {"type": "Feature", "geometry": {"type": "Point", "coordinates": [-93.0872938456248, 44.9489189649637]}, "properties": {"CWP_NAME": "MET COUNCIL - MISSISSIPPI BASIN TOTAL PHOSPHORUS", "CWP_STREET": "390 ROBERT ST N", "CWP_CITY": "SAINT PAUL", "CWP_STATE": "MN", "CWP_ZIP": "551011805", "CWP_COUNTY": "Ramsey", "NPDES_ID": "MN0070629", "REGISTRY_ID": "110008823309", "CWP_FACILITY_TYPE_INDICATOR": "POTW", "CWP_MAJOR_MINOR_STATUS": "Major", "CWP_PERMIT_STATUS_DESC": "Effective", "STATE_WATER_BODY_NAME": null, "CWP_CSO_FLAG": "N"}}, {"type": "Feature", "geometry": {"type": "Point", "coordinates": [-96.5833087569816, 46.2650083584772]}, "properties": {"CWP_NAME": "BRECKENRIDGE WWTP", "CWP_STREET": "HIGHWAY 9", "CWP_CITY": "BRECKENRIDGE", "CWP_STATE": "MN", "CWP_ZIP": "56520", "CWP_COUNTY": "Wilkin", "NPDES_ID": "MN0022900", "REGISTRY_ID": "110008801840", "CWP_FACILITY_TYPE_INDICATOR": "POTW", "CWP_MAJOR_MINOR_STATUS": "Minor", "CWP_PERMIT_STATUS_DESC": "Effective", "STATE_WATER_BODY_NAME": "RED RIVER OF THE NORTH", "CWP_CSO_FLAG": "N"}}, {"type": "Feature", "geometry": {"type": "Point", "coordinates": [-96.521749416818, 47.2923076675746]}, "properties": {"CWP_NAME": "ADA WWTP", "CWP_STREET": "COUNTY HIGHWAY 142", "CWP_CITY": "ADA", "CWP_STATE": "MN", "CWP_ZIP": "56510", "CWP_COUNTY": "Norman", "NPDES_ID": "MNG585095", "REGISTRY_ID": "110068234306", "CWP_FACILITY_TYPE_INDICATOR": "POTW", "CWP_MAJOR_MINOR_STATUS": "Minor", "CWP_PERMIT_STATUS_DESC": "Effective", "STATE_WATER_BODY_NAME": "UNNAMED DITCH", "CWP_CSO_FLAG": "N"}}, {"type": "Feature", "geometry": {"type": "Point", "coordinates": [-91.502897317486, 43.6318176687037]}, "properties": {"CWP_NAME": "CALEDONIA WWTP", "CWP_STREET": "513 OLD HIGHWAY DR", "CWP_CITY": "CALEDONIA", "CWP_STATE": "MN", "CWP_ZIP": "55921", "CWP_COUNTY": "Houston", "NPDES_ID": "MN0020231", "REGISTRY_ID": "110008817281", "CWP_FACILITY_TYPE_INDICATOR": "POTW", "CWP_MAJOR_MINOR_STATUS": "Minor", "CWP_PERMIT_STATUS_DESC": "Effective", "STATE_WATER_BODY_NAME": "CROOKED CREEK, SOUTH FORK", "CWP_CSO_FLAG": "N"}}, {"type": "Feature", "geometry": {"type": "Point", "coordinates": [-92.8828176945502, 45.4036882175637]}, "properties": {"CWP_NAME": "CHISAGO LAKES JOINT STC", "CWP_STREET": "13705 LOFTON AVE", "CWP_CITY": "CHISAGO COUNTY", "CWP_STATE": "MN", "CWP_ZIP": "55013", "CWP_COUNTY": "Chisago", "NPDES_ID": "MN0055808", "REGISTRY_ID": "110000737105", "CWP_FACILITY_TYPE_INDICATOR": "POTW", "CWP_MAJOR_MINOR_STATUS": "Major", "CWP_PERMIT_STATUS_DESC": "Admin Continued", "STATE_WATER_BODY_NAME": "UNNAMED CR", "CWP_CSO_FLAG": "N"}}, {"type": "Feature", "geometry": {"type": "Point", "coordinates": [-92.6993377282318, 43.6737682727075]}, "properties": {"CWP_NAME": "ELKTON WWTP", "CWP_STREET": "220TH ST", "CWP_CITY": "ELKTON", "CWP_STATE": "MN", "CWP_ZIP": "55933", "CWP_COUNTY": "Mower", "NPDES_ID": "MNG585013", "REGISTRY_ID": "110068327590", "CWP_FACILITY_TYPE_INDICATOR": "POTW", "CWP_MAJOR_MINOR_STATUS": "Minor", "CWP_PERMIT_STATUS_DESC": "Effective", "STATE_WATER_BODY_NAME": "SCHWERIN CREEK", "CWP_CSO_FLAG": "N"}}, {"type": "Feature", "geometry": {"type": "Point", "coordinates": [-91.7976916290991, 44.0940269843947]}, "properties": {"CWP_NAME": "ROLLINGSTONE WWTP", "CWP_STREET": "HIGHWAY 248 E", "CWP_CITY": "ROLLINGSTONE", "CWP_STATE": "MN", "CWP_ZIP": "55969", "CWP_COUNTY": "Winona", "NPDES_ID": "MNG585078", "REGISTRY_ID": "110068854528", "CWP_FACILITY_TYPE_INDICATOR": "POTW", "CWP_MAJOR_MINOR_STATUS": "Minor", "CWP_PERMIT_STATUS_DESC": "Effective", "STATE_WATER_BODY_NAME": "UNNAMED CREEK (ROLLINGSTONE CREEK TRIBUTARY)", "CWP_CSO_FLAG": "N"}}, {"type": "Feature", "geometry": {"type": "Point", "coordinates": [-92.7592331381374, 47.4937642149851]}, "properties": {"CWP_NAME": "BUHL-KINNEY WWTF", "CWP_STREET": "SEC 29, T58N, R19W", "CWP_CITY": "BUHL", "CWP_STATE": "MN", "CWP_ZIP": "55713", "CWP_COUNTY": "St. Louis", "NPDES_ID": "MN0022969", "REGISTRY_ID": "110008799416", "CWP_FACILITY_TYPE_INDICATOR": "POTW", "CWP_MAJOR_MINOR_STATUS": "Minor", "CWP_PERMIT_STATUS_DESC": "Terminated", "STATE_WATER_BODY_NAME": "BUHL CR TO SIX MILE L", "CWP_CSO_FLAG": "N"}}, {"type": "Feature", "geometry": {"type": "Point", "coordinates": [-96.0167767225463, 43.8339220375678]}, "properties": {"CWP_NAME": "LEOTA SANITARY DISTRICT WWTF", "CWP_STREET": "SEC 5 T104N R43W", "CWP_CITY": "LEOTA", "CWP_STATE": "MN", "CWP_ZIP": "56153", "CWP_COUNTY": "Nobles", "NPDES_ID": "MN0063941", "REGISTRY_ID": "110009890742", "CWP_FACILITY_TYPE_INDICATOR": "POTW", "CWP_MAJOR_MINOR_STATUS": "Minor", "CWP_PERMIT_STATUS_DESC": "Terminated", "STATE_WATER_BODY_NAME": "ROCK R VIA TRIB", "CWP_CSO_FLAG": "N"}}, {"type": "Feature", "geometry": {"type": "Point", "coordinates": [-93.2429279428438, 45.5005748681849]}, "properties": {"CWP_NAME": "ISANTI WWTP", "CWP_STREET": "100 ISANTI PKWY NW", "CWP_CITY": "ISANTI", "CWP_STATE": "MN", "CWP_ZIP": "55040", "CWP_COUNTY": "Isanti", "NPDES_ID": "MN0023795", "REGISTRY_ID": "110031275787", "CWP_FACILITY_TYPE_INDICATOR": "POTW", "CWP_MAJOR_MINOR_STATUS": "Minor", "CWP_PERMIT_STATUS_DESC": "Effective", "STATE_WATER_BODY_NAME": "RUM RIVER", "CWP_CSO_FLAG": "N"}}, {"type": "Feature", "geometry": {"type": "Point", "coordinates": [-91.7498072127706, 44.0924783547367]}, "properties": {"CWP_NAME": "MINNESOTA CITY WWTP", "CWP_STREET": "149 BRIDGE ST", "CWP_CITY": "MINNESOTA CITY", "CWP_STATE": "MN", "CWP_ZIP": "55959", "CWP_COUNTY": "Winona", "NPDES_ID": "MN0069817", "REGISTRY_ID": "110043689611", "CWP_FACILITY_TYPE_INDICATOR": "POTW", "CWP_MAJOR_MINOR_STATUS": "Minor", "CWP_PERMIT_STATUS_DESC": "Effective", "STATE_WATER_BODY_NAME": "GARVIN BROOK", "CWP_CSO_FLAG": "N"}}, {"type": "Feature", "geometry": {"type": "Point", "coordinates": [-94.0480011920112, 44.9641300330436]}, "properties": {"CWP_NAME": "WINSTED WWTP", "CWP_STREET": "22997 COUNTY ROAD 9", "CWP_CITY": "WINSTED", "CWP_STATE": "MN", "CWP_ZIP": "55395", "CWP_COUNTY": "McLeod", "NPDES_ID": "MN0021571", "REGISTRY_ID": "110008840807", "CWP_FACILITY_TYPE_INDICATOR": "POTW", "CWP_MAJOR_MINOR_STATUS": "Minor", "CWP_PERMIT_STATUS_DESC": "Admin Continued", "STATE_WATER_BODY_NAME": "CRANE CREEK, SOUTH LAKE", "CWP_CSO_FLAG": "N"}}, {"type": "Feature", "geometry": {"type": "Point", "coordinates": [-92.639256770692, 44.203439364602]}, "properties": {"CWP_NAME": "PINE ISLAND", "CWP_STREET": "501 CENTER DRIVE EAST", "CWP_CITY": "PINE ISLAND", "CWP_STATE": "MN", "CWP_ZIP": "55963", "CWP_COUNTY": "Goodhue", "NPDES_ID": "MN0024511", "REGISTRY_ID": "110039692204", "CWP_FACILITY_TYPE_INDICATOR": "POTW", "CWP_MAJOR_MINOR_STATUS": "Minor", "CWP_PERMIT_STATUS_DESC": "Admin Continued", "STATE_WATER_BODY_NAME": "ZUMBRO R MD FK", "CWP_CSO_FLAG": "N"}}, {"type": "Feature", "geometry": {"type": "Point", "coordinates": [-94.7933081141144, 43.9600079919227]}, "properties": {"CWP_NAME": "BUTTERFIELD WWTP", "CWP_STREET": "35416 640TH AVE", "CWP_CITY": "BUTTERFIELD", "CWP_STATE": "MN", "CWP_ZIP": "56120", "CWP_COUNTY": "Watonwan", "NPDES_ID": "MN0022977", "REGISTRY_ID": "110008811376", "CWP_FACILITY_TYPE_INDICATOR": "POTW", "CWP_MAJOR_MINOR_STATUS": "Minor", "CWP_PERMIT_STATUS_DESC": "Effective", "STATE_WATER_BODY_NAME": "BUTTERFIELD CREEK", "CWP_CSO_FLAG": "N"}}, {"type": "Feature", "geometry": {"type": "Point", "coordinates": [-94.1646280237681, 45.0908975792809]}, "properties": {"CWP_NAME": "COKATO WWTP", "CWP_STREET": "4164 COUNTY ROAD 4 SW", "CWP_CITY": "COKATO", "CWP_STATE": "MN", "CWP_ZIP": "55321", "CWP_COUNTY": "Wright", "NPDES_ID": "MN0049204", "REGISTRY_ID": "110008808932", "CWP_FACILITY_TYPE_INDICATOR": "POTW", "CWP_MAJOR_MINOR_STATUS": "Minor", "CWP_PERMIT_STATUS_DESC": "Effective", "STATE_WATER_BODY_NAME": "CROW RIVER, NORTH FORK", "CWP_CSO_FLAG": "N"}}, {"type": "Feature", "geometry": {"type": "Point", "coordinates": [-93.4164270483477, 45.8314561681082]}, "properties": {"CWP_NAME": "OGILVIE WWTP", "CWP_STREET": "809 HIGHWAY 23 E", "CWP_CITY": "OGILVIE", "CWP_STATE": "MN", "CWP_ZIP": "56358", "CWP_COUNTY": "Kanabec", "NPDES_ID": "MN0021997", "REGISTRY_ID": "110006739299", "CWP_FACILITY_TYPE_INDICATOR": "POTW", "CWP_MAJOR_MINOR_STATUS": "Minor", "CWP_PERMIT_STATUS_DESC": "Expired", "STATE_WATER_BODY_NAME": "GROUNDHOUSE RIVER", "CWP_CSO_FLAG": "N"}}, {"type": "Feature", "geometry": {"type": "Point", "coordinates": [-93.9165578583954, 43.5812944887357]}, "properties": {"CWP_NAME": "FROST WWTP", "CWP_STREET": "SEE LOCATION DESCRIPTION", "CWP_CITY": "FROST", "CWP_STATE": "MN", "CWP_ZIP": "56033", "CWP_COUNTY": "Faribault", "NPDES_ID": "MNG585120", "REGISTRY_ID": "110068869898", "CWP_FACILITY_TYPE_INDICATOR": "POTW", "CWP_MAJOR_MINOR_STATUS": "Minor", "CWP_PERMIT_STATUS_DESC": "Effective", "STATE_WATER_BODY_NAME": "UNNAMED DITCH", "CWP_CSO_FLAG": "N"}}, {"type": "Feature", "geometry": {"type": "Point", "coordinates": [-96.7533771129081, 47.5430989219803]}, "properties": {"CWP_NAME": "NIELSVILLE WWTP", "CWP_STREET": "201 US HIGHWAY 75 N", "CWP_CITY": "NIELSVILLE", "CWP_STATE": "MN", "CWP_ZIP": "56568", "CWP_COUNTY": "Polk", "NPDES_ID": "MNG585166", "REGISTRY_ID": "110068815054", "CWP_FACILITY_TYPE_INDICATOR": "POTW", "CWP_MAJOR_MINOR_STATUS": "Minor", "CWP_PERMIT_STATUS_DESC": "Effective", "STATE_WATER_BODY_NAME": "COUNTY DITCH 77", "CWP_CSO_FLAG": "N"}}, {"type": "Feature", "geometry": {"type": "Point", "coordinates": [-95.7915291510471, 45.8297490804518]}, "properties": {"CWP_NAME": "HOFFMAN WWTP", "CWP_STREET": "127 MAIN AVE", "CWP_CITY": "HOFFMAN", "CWP_STATE": "MN", "CWP_ZIP": "56339", "CWP_COUNTY": "Grant", "NPDES_ID": "MNG585134", "REGISTRY_ID": "110039734213", "CWP_FACILITY_TYPE_INDICATOR": "POTW", "CWP_MAJOR_MINOR_STATUS": "Minor", "CWP_PERMIT_STATUS_DESC": "Effective", "STATE_WATER_BODY_NAME": "CHIPPEWA RIVER", "CWP_CSO_FLAG": "N"}}, {"type": "Feature", "geometry": {"type": "Point", "coordinates": [-93.5011375464557, 43.8939177927878]}, "properties": {"CWP_NAME": "NEW RICHLAND WWTP", "CWP_STREET": "601 DIVISION ST WEST", "CWP_CITY": "NEW RICHLAND", "CWP_STATE": "MN", "CWP_ZIP": "56072", "CWP_COUNTY": "Waseca", "NPDES_ID": "MN0021032", "REGISTRY_ID": "110008813775", "CWP_FACILITY_TYPE_INDICATOR": "POTW", "CWP_MAJOR_MINOR_STATUS": "Minor", "CWP_PERMIT_STATUS_DESC": "Admin Continued", "STATE_WATER_BODY_NAME": null, "CWP_CSO_FLAG": "N"}}, {"type": "Feature", "geometry": {"type": "Point", "coordinates": [-95.2086161011912, 44.3417135696579]}, "properties": {"CWP_NAME": "WANDA WWTP", "CWP_STREET": "COUNTY ROAD 17", "CWP_CITY": "WANDA", "CWP_STATE": "MN", "CWP_ZIP": "56294", "CWP_COUNTY": "Redwood", "NPDES_ID": "MNG585126", "REGISTRY_ID": "110008812561", "CWP_FACILITY_TYPE_INDICATOR": "POTW", "CWP_MAJOR_MINOR_STATUS": "Minor", "CWP_PERMIT_STATUS_DESC": "Effective", "STATE_WATER_BODY_NAME": "SLEEPY EYE CREEK", "CWP_CSO_FLAG": "N"}}, {"type": "Feature", "geometry": {"type": "Point", "coordinates": [-91.8292173341048, 43.7874282646621]}, "properties": {"CWP_NAME": "PETERSON WWTP", "CWP_STREET": "118 FILLMORE ST", "CWP_CITY": "PETERSON", "CWP_STATE": "MN", "CWP_ZIP": "55962", "CWP_COUNTY": "Fillmore", "NPDES_ID": "MN0024490", "REGISTRY_ID": "110008817094", "CWP_FACILITY_TYPE_INDICATOR": "POTW", "CWP_MAJOR_MINOR_STATUS": "Minor", "CWP_PERMIT_STATUS_DESC": "Effective", "STATE_WATER_BODY_NAME": "ROOT RIVER", "CWP_CSO_FLAG": "N"}}, {"type": "Feature", "geometry": {"type": "Point", "coordinates": [-92.61439818225, 47.5130187132975]}, "properties": {"CWP_NAME": "MOUNTAIN IRON_WWTP", "CWP_STREET": "8800 GRANT DR", "CWP_CITY": "MOUNTAIN IRON", "CWP_STATE": "MN", "CWP_ZIP": "55768", "CWP_COUNTY": "St. Louis", "NPDES_ID": "MN0040835", "REGISTRY_ID": "110039751872", "CWP_FACILITY_TYPE_INDICATOR": "POTW", "CWP_MAJOR_MINOR_STATUS": "Minor", "CWP_PERMIT_STATUS_DESC": "Admin Continued", "STATE_WATER_BODY_NAME": "W TWO RIVERS RESERVOIR", "CWP_CSO_FLAG": "N"}}, {"type": "Feature", "geometry": {"type": "Point", "coordinates": [-95.7747393161247, 48.8462383917195]}, "properties": {"CWP_NAME": "ROSEAU WWTP", "CWP_STREET": "1198 CENTER ST W", "CWP_CITY": "ROSEAU", "CWP_STATE": "MN", "CWP_ZIP": "56751", "CWP_COUNTY": "Roseau", "NPDES_ID": "MN0024643", "REGISTRY_ID": "110003774274", "CWP_FACILITY_TYPE_INDICATOR": "POTW", "CWP_MAJOR_MINOR_STATUS": "Minor", "CWP_PERMIT_STATUS_DESC": "Effective", "STATE_WATER_BODY_NAME": "HAY CREEK", "CWP_CSO_FLAG": "N"}}, {"type": "Feature", "geometry": {"type": "Point", "coordinates": [-92.4902846338733, 48.274847119945]}, "properties": {"CWP_NAME": "CRANE LAKE WWTP", "CWP_STREET": "WHITE PINE WAY", "CWP_CITY": "CRANE LAKE", "CWP_STATE": "MN", "CWP_ZIP": "557252606", "CWP_COUNTY": "St. Louis", "NPDES_ID": "MN0066371", "REGISTRY_ID": "110012668390", "CWP_FACILITY_TYPE_INDICATOR": "POTW", "CWP_MAJOR_MINOR_STATUS": "Minor", "CWP_PERMIT_STATUS_DESC": "Effective", "STATE_WATER_BODY_NAME": "CRANE", "CWP_CSO_FLAG": "N"}}, {"type": "Feature", "geometry": {"type": "Point", "coordinates": [-95.7060453552992, 48.1584916697744]}, "properties": {"CWP_NAME": "GOODRIDGE WWTP", "CWP_STREET": "COUNTY ROAD 9", "CWP_CITY": "GOODRIDGE", "CWP_STATE": "MN", "CWP_ZIP": "56725", "CWP_COUNTY": "Pennington", "NPDES_ID": "MNG585022", "REGISTRY_ID": "110008795973", "CWP_FACILITY_TYPE_INDICATOR": "POTW", "CWP_MAJOR_MINOR_STATUS": "Minor", "CWP_PERMIT_STATUS_DESC": "Effective", "STATE_WATER_BODY_NAME": "UNNAMED DITCH", "CWP_CSO_FLAG": "N"}}, {"type": "Feature", "geometry": {"type": "Point", "coordinates": [-94.1342677566665, 44.76571797121]}, "properties": {"CWP_NAME": "GLENCOE WWTP", "CWP_STREET": "615 VINTON AVE", "CWP_CITY": "GLENCOE", "CWP_STATE": "MN", "CWP_ZIP": "553362628", "CWP_COUNTY": "McLeod", "NPDES_ID": "MN0022233", "REGISTRY_ID": "110008811474", "CWP_FACILITY_TYPE_INDICATOR": "POTW", "CWP_MAJOR_MINOR_STATUS": "Major", "CWP_PERMIT_STATUS_DESC": "Effective", "STATE_WATER_BODY_NAME": "BUFFALO CREEK", "CWP_CSO_FLAG": "N"}}, {"type": "Feature", "geometry": {"type": "Point", "coordinates": [-95.790958781096, 44.4703273909679]}, "properties": {"CWP_NAME": "MARSHALL WWTP", "CWP_STREET": "600 E ERIE RD", "CWP_CITY": "MARSHALL", "CWP_STATE": "MN", "CWP_ZIP": "562582704", "CWP_COUNTY": "Lyon", "NPDES_ID": "MN0022179", "REGISTRY_ID": "110000761202", "CWP_FACILITY_TYPE_INDICATOR": "POTW", "CWP_MAJOR_MINOR_STATUS": "Major", "CWP_PERMIT_STATUS_DESC": "Admin Continued", "STATE_WATER_BODY_NAME": "REDWOOD RIVER", "CWP_CSO_FLAG": "N"}}, {"type": "Feature", "geometry": {"type": "Point", "coordinates": [-94.4345279762121, 43.9267178076514]}, "properties": {"CWP_NAME": "LEWISVILLE WWTP", "CWP_STREET": "100 ALLEN ST W", "CWP_CITY": "LEWISVILLE", "CWP_STATE": "MN", "CWP_ZIP": "56060", "CWP_COUNTY": "Watonwan", "NPDES_ID": "MNG585314", "REGISTRY_ID": "110070503289", "CWP_FACILITY_TYPE_INDICATOR": "POTW", "CWP_MAJOR_MINOR_STATUS": "Minor", "CWP_PERMIT_STATUS_DESC": "Effective", "STATE_WATER_BODY_NAME": "UNNAMED DITCH", "CWP_CSO_FLAG": "N"}}, {"type": "Feature", "geometry": {"type": "Point", "coordinates": [-94.203878332702, 46.9875077802757]}, "properties": {"CWP_NAME": "LONGVILLE WWTP", "CWP_STREET": "248 POND LN", "CWP_CITY": "LONGVILLE", "CWP_STATE": "MN", "CWP_ZIP": "56655", "CWP_COUNTY": "Cass", "NPDES_ID": "MNG585208", "REGISTRY_ID": "110008799167", "CWP_FACILITY_TYPE_INDICATOR": "POTW", "CWP_MAJOR_MINOR_STATUS": "Minor", "CWP_PERMIT_STATUS_DESC": "Effective", "STATE_WATER_BODY_NAME": "BOY RIVER", "CWP_CSO_FLAG": "N"}}, {"type": "Feature", "geometry": {"type": "Point", "coordinates": [-95.0989519040705, 44.7930824778227]}, "properties": {"CWP_NAME": "DANUBE WWTP", "CWP_STREET": "82635 290TH ST", "CWP_CITY": "DANUBE", "CWP_STATE": "MN", "CWP_ZIP": "56230", "CWP_COUNTY": "Renville", "NPDES_ID": "MNG585057", "REGISTRY_ID": "110071346011", "CWP_FACILITY_TYPE_INDICATOR": "POTW", "CWP_MAJOR_MINOR_STATUS": "Minor", "CWP_PERMIT_STATUS_DESC": "Effective", "STATE_WATER_BODY_NAME": "COUNTY DITCH 37 (2)", "CWP_CSO_FLAG": "N"}}, {"type": "Feature", "geometry": {"type": "Point", "coordinates": [-93.0263405824742, 45.6930082451655]}, "properties": {"CWP_NAME": "SHOREWOOD PARK SANITARY DISTR", "CWP_STREET": "PO BOX 718", "CWP_CITY": "RUSH CITY", "CWP_STATE": "MN", "CWP_ZIP": "55069", "CWP_COUNTY": "Chisago", "NPDES_ID": "MN0051390", "REGISTRY_ID": "110008808004", "CWP_FACILITY_TYPE_INDICATOR": "POTW", "CWP_MAJOR_MINOR_STATUS": "Minor", "CWP_PERMIT_STATUS_DESC": "Terminated", "STATE_WATER_BODY_NAME": "RUSH CR-CD 8", "CWP_CSO_FLAG": "N"}}, {"type": "Feature", "geometry": {"type": "Point", "coordinates": [-95.7943169998893, 45.4987229788846]}, "properties": {"CWP_NAME": "HANCOCK WWTP", "CWP_STREET": "666 6TH ST", "CWP_CITY": "HANCOCK", "CWP_STATE": "MN", "CWP_ZIP": "56244", "CWP_COUNTY": "Stevens", "NPDES_ID": "MNG585299", "REGISTRY_ID": "110069064489", "CWP_FACILITY_TYPE_INDICATOR": "POTW", "CWP_MAJOR_MINOR_STATUS": "Minor", "CWP_PERMIT_STATUS_DESC": "Effective", "STATE_WATER_BODY_NAME": "UNNAMED DITCH", "CWP_CSO_FLAG": "N"}}, {"type": "Feature", "geometry": {"type": "Point", "coordinates": [-95.9250085694607, 47.1028079444849]}, "properties": {"CWP_NAME": "OGEMA", "CWP_STREET": "SEC 20 R41W WHITE EARTH TOWNSH", "CWP_CITY": "OGEMA", "CWP_STATE": "MN", "CWP_ZIP": "56569", "CWP_COUNTY": "Becker", "NPDES_ID": "MN0049794", "REGISTRY_ID": "110008796767", "CWP_FACILITY_TYPE_INDICATOR": "POTW", "CWP_MAJOR_MINOR_STATUS": "Minor", "CWP_PERMIT_STATUS_DESC": "Effective", "STATE_WATER_BODY_NAME": "SPRING CR VIA CR", "CWP_CSO_FLAG": "N"}}, {"type": "Feature", "geometry": {"type": "Point", "coordinates": [-96.3667088814302, 46.8833076516488]}, "properties": {"CWP_NAME": "HAWLEY WWTP", "CWP_STREET": "410 MAPLE ST", "CWP_CITY": "HAWLEY", "CWP_STATE": "MN", "CWP_ZIP": "56549", "CWP_COUNTY": "Clay", "NPDES_ID": "MN0020338", "REGISTRY_ID": "110008801467", "CWP_FACILITY_TYPE_INDICATOR": "POTW", "CWP_MAJOR_MINOR_STATUS": "Minor", "CWP_PERMIT_STATUS_DESC": "Admin Continued", "STATE_WATER_BODY_NAME": "BUFFALO RIVER", "CWP_CSO_FLAG": "N"}}, {"type": "Feature", "geometry": {"type": "Point", "coordinates": [-95.6894134732605, 43.5147598144157]}, "properties": {"CWP_NAME": "BIGELOW WWTP", "CWP_STREET": "MARKET ST & 330TH ST", "CWP_CITY": "BIGELOW", "CWP_STATE": "MN", "CWP_ZIP": "56117", "CWP_COUNTY": "Nobles", "NPDES_ID": "MNG585224", "REGISTRY_ID": "110068762592", "CWP_FACILITY_TYPE_INDICATOR": "POTW", "CWP_MAJOR_MINOR_STATUS": "Minor", "CWP_PERMIT_STATUS_DESC": "Effective", "STATE_WATER_BODY_NAME": "OTTER CREEK", "CWP_CSO_FLAG": "N"}}, {"type": "Feature", "geometry": {"type": "Point", "coordinates": [-96.0533172095484, 44.7173558845232]}, "properties": {"CWP_NAME": "SAINT LEO WWTP", "CWP_STREET": "HIGHWAY 11", "CWP_CITY": "SAINT LEO", "CWP_STATE": "MN", "CWP_ZIP": "56264", "CWP_COUNTY": "Yellow Medicine", "NPDES_ID": "MN0024775", "REGISTRY_ID": "110008809478", "CWP_FACILITY_TYPE_INDICATOR": "POTW", "CWP_MAJOR_MINOR_STATUS": "Minor", "CWP_PERMIT_STATUS_DESC": "Effective", "STATE_WATER_BODY_NAME": "UNNAMED DITCH", "CWP_CSO_FLAG": "N"}}, {"type": "Feature", "geometry": {"type": "Point", "coordinates": [-94.2103971566703, 44.5385356942051]}, "properties": {"CWP_NAME": "GAYLORD WWTP", "CWP_STREET": "COUNTY ROAD 67", "CWP_CITY": "GAYLORD", "CWP_STATE": "MN", "CWP_ZIP": "55334", "CWP_COUNTY": "Sibley", "NPDES_ID": "MNG585204", "REGISTRY_ID": "110008811544", "CWP_FACILITY_TYPE_INDICATOR": "POTW", "CWP_MAJOR_MINOR_STATUS": "Minor", "CWP_PERMIT_STATUS_DESC": "Effective", "STATE_WATER_BODY_NAME": "COUNTY DITCH 67", "CWP_CSO_FLAG": "N"}}, {"type": "Feature", "geometry": {"type": "Point", "coordinates": [-93.4488977560987, 44.2263378512018]}, "properties": {"CWP_NAME": "MORRISTOWN WWTP", "CWP_STREET": "401 MAIN ST E", "CWP_CITY": "MORRISTOWN", "CWP_STATE": "MN", "CWP_ZIP": "55052", "CWP_COUNTY": "Rice", "NPDES_ID": "MN0025895", "REGISTRY_ID": "110021156149", "CWP_FACILITY_TYPE_INDICATOR": "POTW", "CWP_MAJOR_MINOR_STATUS": "Minor", "CWP_PERMIT_STATUS_DESC": "Effective", "STATE_WATER_BODY_NAME": "CANNON RIVER", "CWP_CSO_FLAG": "N"}}, {"type": "Feature", "geometry": {"type": "Point", "coordinates": [-94.6009402179517, 48.7125029861616]}, "properties": {"CWP_NAME": "BAUDETTE", "CWP_STREET": "SEC 35 T161N R31W", "CWP_CITY": "BAUDETTE", "CWP_STATE": "MN", "CWP_ZIP": "56623", "CWP_COUNTY": "Lake of the Woods", "NPDES_ID": "MN0029599", "REGISTRY_ID": "110008795241", "CWP_FACILITY_TYPE_INDICATOR": "POTW", "CWP_MAJOR_MINOR_STATUS": "Minor", "CWP_PERMIT_STATUS_DESC": "Terminated", "STATE_WATER_BODY_NAME": "RAINY R", "CWP_CSO_FLAG": "N"}}, {"type": "Feature", "geometry": {"type": "Point", "coordinates": [-95.5466310771738, 45.6869178525206]}, "properties": {"CWP_NAME": "LOWRY WWTP", "CWP_STREET": "29500 150TH ST", "CWP_CITY": "LOWRY", "CWP_STATE": "MN", "CWP_ZIP": "56349", "CWP_COUNTY": "Pope", "NPDES_ID": "MNG585123", "REGISTRY_ID": "110068840295", "CWP_FACILITY_TYPE_INDICATOR": "POTW", "CWP_MAJOR_MINOR_STATUS": "Minor", "CWP_PERMIT_STATUS_DESC": "Effective", "STATE_WATER_BODY_NAME": "UNNAMED DITCH", "CWP_CSO_FLAG": "N"}}, {"type": "Feature", "geometry": {"type": "Point", "coordinates": [-93.6933075410131, 44.7021476153484]}, "properties": {"CWP_NAME": "CARVER", "CWP_STREET": "14025 CO RD 40", "CWP_CITY": "CARVER", "CWP_STATE": "MN", "CWP_ZIP": "55315", "CWP_COUNTY": "Carver", "NPDES_ID": "MN0053457", "REGISTRY_ID": "110008818486", "CWP_FACILITY_TYPE_INDICATOR": "POTW", "CWP_MAJOR_MINOR_STATUS": "Minor", "CWP_PERMIT_STATUS_DESC": "Terminated", "STATE_WATER_BODY_NAME": "CARVER CR", "CWP_CSO_FLAG": "N"}}, {"type": "Feature", "geometry": {"type": "Point", "coordinates": [-93.3148378096135, 45.8824081724277]}, "properties": {"CWP_NAME": "MORA WWTP", "CWP_STREET": "101 LAKE ST S", "CWP_CITY": "MORA", "CWP_STATE": "MN", "CWP_ZIP": "550511588", "CWP_COUNTY": "Kanabec", "NPDES_ID": "MN0021156", "REGISTRY_ID": "110008807443", "CWP_FACILITY_TYPE_INDICATOR": "POTW", "CWP_MAJOR_MINOR_STATUS": "Minor", "CWP_PERMIT_STATUS_DESC": "Effective", "STATE_WATER_BODY_NAME": "SNAKE RIVER", "CWP_CSO_FLAG": "N"}}, {"type": "Feature", "geometry": {"type": "Point", "coordinates": [-93.5819247775524, 45.4327299793078]}, "properties": {"CWP_NAME": "ZIMMERMAN WWTP", "CWP_STREET": "12420 249TH AVE", "CWP_CITY": "ZIMMERMAN", "CWP_STATE": "MN", "CWP_ZIP": "55398", "CWP_COUNTY": "Sherburne", "NPDES_ID": "MN0042331", "REGISTRY_ID": "110039757974", "CWP_FACILITY_TYPE_INDICATOR": "POTW", "CWP_MAJOR_MINOR_STATUS": "Minor", "CWP_PERMIT_STATUS_DESC": "Effective", "STATE_WATER_BODY_NAME": "UNNAMED DITCH", "CWP_CSO_FLAG": "N"}}, {"type": "Feature", "geometry": {"type": "Point", "coordinates": [-92.6224214827908, 44.3998486321262]}, "properties": {"CWP_NAME": "GOODHUE WWTP", "CWP_STREET": "101 SO BROADWAY ST", "CWP_CITY": "GOODHUE", "CWP_STATE": "MN", "CWP_ZIP": "55027", "CWP_COUNTY": "Goodhue", "NPDES_ID": "MN0020958", "REGISTRY_ID": "110030762912", "CWP_FACILITY_TYPE_INDICATOR": "POTW", "CWP_MAJOR_MINOR_STATUS": "Minor", "CWP_PERMIT_STATUS_DESC": "Admin Continued", "STATE_WATER_BODY_NAME": null, "CWP_CSO_FLAG": "N"}}, {"type": "Feature", "geometry": {"type": "Point", "coordinates": [-94.5198091976219, 45.9542531347062]}, "properties": {"CWP_NAME": "FLENSBURG WWTP", "CWP_STREET": "DOVE RD", "CWP_CITY": "FLENSBURG", "CWP_STATE": "MN", "CWP_ZIP": "56328", "CWP_COUNTY": "Morrison", "NPDES_ID": "MNG585016", "REGISTRY_ID": "110067727703", "CWP_FACILITY_TYPE_INDICATOR": "POTW", "CWP_MAJOR_MINOR_STATUS": "Minor", "CWP_PERMIT_STATUS_DESC": "Effective", "STATE_WATER_BODY_NAME": "UNNAMED DITCH", "CWP_CSO_FLAG": "N"}}, {"type": "Feature", "geometry": {"type": "Point", "coordinates": [-91.6885673726443, 47.0513256645225]}, "properties": {"CWP_NAME": "SILVER CREEK WWTF", "CWP_STREET": "SEC 30 T54N R9W", "CWP_CITY": "SILVER CREEK", "CWP_STATE": "MN", "CWP_ZIP": "55616", "CWP_COUNTY": "Lake", "NPDES_ID": "MN0063908", "REGISTRY_ID": "110008834798", "CWP_FACILITY_TYPE_INDICATOR": "POTW", "CWP_MAJOR_MINOR_STATUS": "Minor", "CWP_PERMIT_STATUS_DESC": "Terminated", "STATE_WATER_BODY_NAME": "CAMPERS CREEK", "CWP_CSO_FLAG": "N"}}, {"type": "Feature", "geometry": {"type": "Point", "coordinates": [-92.6895725901024, 47.8555552325793]}, "properties": {"CWP_NAME": "COOK WWTP", "CWP_STREET": "127 RIVER ST S", "CWP_CITY": "COOK", "CWP_STATE": "MN", "CWP_ZIP": "55723", "CWP_COUNTY": "St. Louis", "NPDES_ID": "MNG585179", "REGISTRY_ID": "110068722181", "CWP_FACILITY_TYPE_INDICATOR": "POTW", "CWP_MAJOR_MINOR_STATUS": "Minor", "CWP_PERMIT_STATUS_DESC": "Effective", "STATE_WATER_BODY_NAME": "LITTLE FORK RIVER", "CWP_CSO_FLAG": "N"}}, {"type": "Feature", "geometry": {"type": "Point", "coordinates": [-95.2083382460004, 44.5967874189524]}, "properties": {"CWP_NAME": "DEHLI", "CWP_STREET": "CASS AVE & EAST ST T113N R36W", "CWP_CITY": "DELHI", "CWP_STATE": "MN", "CWP_ZIP": "56283", "CWP_COUNTY": "Redwood", "NPDES_ID": "MN0067008", "REGISTRY_ID": "110015659526", "CWP_FACILITY_TYPE_INDICATOR": "POTW", "CWP_MAJOR_MINOR_STATUS": "Minor", "CWP_PERMIT_STATUS_DESC": "Admin Continued", "STATE_WATER_BODY_NAME": "REDWOOD CO DT #12", "CWP_CSO_FLAG": "N"}}, {"type": "Feature", "geometry": {"type": "Point", "coordinates": [-94.4880352981074, 46.3254573558923]}, "properties": {"CWP_NAME": "PILLAGER", "CWP_STREET": "COUNTY ROAD 101", "CWP_CITY": "PILLAGER", "CWP_STATE": "MN", "CWP_ZIP": "56473", "CWP_COUNTY": "Cass", "NPDES_ID": "MN0048909", "REGISTRY_ID": "110008803198", "CWP_FACILITY_TYPE_INDICATOR": "POTW", "CWP_MAJOR_MINOR_STATUS": "Minor", "CWP_PERMIT_STATUS_DESC": "Terminated", "STATE_WATER_BODY_NAME": "CROW WING R", "CWP_CSO_FLAG": "N"}}, {"type": "Feature", "geometry": {"type": "Point", "coordinates": [-93.9104670324135, 45.6573743395879]}, "properties": {"CWP_NAME": "FOLEY WWTP", "CWP_STREET": "331 OAK DR", "CWP_CITY": "FOLEY", "CWP_STATE": "MN", "CWP_ZIP": "56329", "CWP_COUNTY": "Benton", "NPDES_ID": "MN0023451", "REGISTRY_ID": "110008807158", "CWP_FACILITY_TYPE_INDICATOR": "POTW", "CWP_MAJOR_MINOR_STATUS": "Minor", "CWP_PERMIT_STATUS_DESC": "Effective", "STATE_WATER_BODY_NAME": "STONY BROOK", "CWP_CSO_FLAG": "N"}}, {"type": "Feature", "geometry": {"type": "Point", "coordinates": [-94.4252676412002, 43.8253579034195]}, "properties": {"CWP_NAME": "TRUMAN WWTF", "CWP_STREET": "T104,R30W, SECT 10,", "CWP_CITY": "TRUMAN", "CWP_STATE": "MN", "CWP_ZIP": "56088", "CWP_COUNTY": "Martin", "NPDES_ID": "MN0021652", "REGISTRY_ID": "110008814257", "CWP_FACILITY_TYPE_INDICATOR": "POTW", "CWP_MAJOR_MINOR_STATUS": "Minor", "CWP_PERMIT_STATUS_DESC": "Admin Continued", "STATE_WATER_BODY_NAME": "WATONWAN R VIA PERCH CR", "CWP_CSO_FLAG": "N"}}, {"type": "Feature", "geometry": {"type": "Point", "coordinates": [-94.617432254829, 44.7353262434632]}, "properties": {"CWP_NAME": "BUFFALO LAKE WWTP", "CWP_STREET": "203 MAIN ST N", "CWP_CITY": "BUFFALO LAKE", "CWP_STATE": "MN", "CWP_ZIP": "55314", "CWP_COUNTY": "Renville", "NPDES_ID": "MNG585373", "REGISTRY_ID": "110064278810", "CWP_FACILITY_TYPE_INDICATOR": "POTW", "CWP_MAJOR_MINOR_STATUS": "Minor", "CWP_PERMIT_STATUS_DESC": "Effective", "STATE_WATER_BODY_NAME": "JUDICIAL DITCH 15", "CWP_CSO_FLAG": "N"}}, {"type": "Feature", "geometry": {"type": "Point", "coordinates": [-92.0619475807169, 43.9751851377598]}, "properties": {"CWP_NAME": "WHITEWATER RIVER REGIONAL WWTP", "CWP_STREET": "SW 1/4, SECT 17, R10W, T106N", "CWP_CITY": "SAINT CHARLES", "CWP_STATE": "MN", "CWP_ZIP": "55972", "CWP_COUNTY": "Winona", "NPDES_ID": "MN0046868", "REGISTRY_ID": "110041062391", "CWP_FACILITY_TYPE_INDICATOR": "POTW", "CWP_MAJOR_MINOR_STATUS": "Major", "CWP_PERMIT_STATUS_DESC": "Admin Continued", "STATE_WATER_BODY_NAME": "WHTWTR R S FK", "CWP_CSO_FLAG": "N"}}, {"type": "Feature", "geometry": {"type": "Point", "coordinates": [-94.7051395011632, 44.2994526574277]}, "properties": {"CWP_NAME": "EVAN WWTF", "CWP_STREET": "SEC 5 T110N R33W", "CWP_CITY": "EVAN", "CWP_STATE": "MN", "CWP_ZIP": "56085", "CWP_COUNTY": "Brown", "NPDES_ID": "MN0066460", "REGISTRY_ID": "110012750273", "CWP_FACILITY_TYPE_INDICATOR": "POTW", "CWP_MAJOR_MINOR_STATUS": "Minor", "CWP_PERMIT_STATUS_DESC": "Terminated", "STATE_WATER_BODY_NAME": "JUD DT #29", "CWP_CSO_FLAG": "N"}}, {"type": "Feature", "geometry": {"type": "Point", "coordinates": [-94.6166748813807, 43.6666742903234]}, "properties": {"CWP_NAME": "WELCOM WWTF", "CWP_STREET": "HWY 263 T103N R32W SECT 36", "CWP_CITY": "WELCOME", "CWP_STATE": "MN", "CWP_ZIP": "56181", "CWP_COUNTY": "Martin", "NPDES_ID": "MN0021296", "REGISTRY_ID": "110006650445", "CWP_FACILITY_TYPE_INDICATOR": "POTW", "CWP_MAJOR_MINOR_STATUS": "Minor", "CWP_PERMIT_STATUS_DESC": "Admin Continued", "STATE_WATER_BODY_NAME": "EAGLE L VIA LILY CR", "CWP_CSO_FLAG": "N"}}, {"type": "Feature", "geometry": {"type": "Point", "coordinates": [-93.0442476396778, 43.8624982044436]}, "properties": {"CWP_NAME": "BLOOMING PRAIRIE", "CWP_STREET": "10023 750TH ST", "CWP_CITY": "BLOOMING PRAIRIE", "CWP_STATE": "MN", "CWP_ZIP": "55917", "CWP_COUNTY": "Steele", "NPDES_ID": "MN0021822", "REGISTRY_ID": "110008815336", "CWP_FACILITY_TYPE_INDICATOR": "POTW", "CWP_MAJOR_MINOR_STATUS": "Minor", "CWP_PERMIT_STATUS_DESC": "Admin Continued", "STATE_WATER_BODY_NAME": "CEDAR R VIA CR", "CWP_CSO_FLAG": "N"}}, {"type": "Feature", "geometry": {"type": "Point", "coordinates": [-95.9483091247445, 47.1850077869967]}, "properties": {"CWP_NAME": "WAUBUN", "CWP_STREET": "CITY HALL", "CWP_CITY": "WAUBUN", "CWP_STATE": "MN", "CWP_ZIP": "56589", "CWP_COUNTY": "Mahnomen", "NPDES_ID": "MN0022110", "REGISTRY_ID": "110008796525", "CWP_FACILITY_TYPE_INDICATOR": "POTW", "CWP_MAJOR_MINOR_STATUS": "Minor", "CWP_PERMIT_STATUS_DESC": "Effective", "STATE_WATER_BODY_NAME": "SPRING CR VIA DITCH", "CWP_CSO_FLAG": "N"}}, {"type": "Feature", "geometry": {"type": "Point", "coordinates": [-94.8605282463955, 45.9749878815333]}, "properties": {"CWP_NAME": "LONG PRAIRIE WWTP - MUNICIPAL", "CWP_STREET": "25251 US HIGHWAY 71", "CWP_CITY": "LONG PRAIRIE", "CWP_STATE": "MN", "CWP_ZIP": "56347", "CWP_COUNTY": "Todd", "NPDES_ID": "MN0066079", "REGISTRY_ID": "110008802643", "CWP_FACILITY_TYPE_INDICATOR": "POTW", "CWP_MAJOR_MINOR_STATUS": "Major", "CWP_PERMIT_STATUS_DESC": "Effective", "STATE_WATER_BODY_NAME": "LONG PRAIRIE RIVER", "CWP_CSO_FLAG": "N"}}, {"type": "Feature", "geometry": {"type": "Point", "coordinates": [-93.329247360646, 43.7638074684175]}, "properties": {"CWP_NAME": "CLARKS GROVE WWTP", "CWP_STREET": "101 N INDEPENDENCE AVE", "CWP_CITY": "CLARKS GROVE", "CWP_STATE": "MN", "CWP_ZIP": "56016", "CWP_COUNTY": "Freeborn", "NPDES_ID": "MNG585067", "REGISTRY_ID": "110068561050", "CWP_FACILITY_TYPE_INDICATOR": "POTW", "CWP_MAJOR_MINOR_STATUS": "Minor", "CWP_PERMIT_STATUS_DESC": "Effective", "STATE_WATER_BODY_NAME": "UNNAMED CREEK", "CWP_CSO_FLAG": "N"}}, {"type": "Feature", "geometry": {"type": "Point", "coordinates": [-94.3678183344634, 45.9660882256275]}, "properties": {"CWP_NAME": "LITTLE FALLS WWTP", "CWP_STREET": "900 HILLTON RD", "CWP_CITY": "LITTLE FALLS", "CWP_STATE": "MN", "CWP_ZIP": "563453403", "CWP_COUNTY": "Morrison", "NPDES_ID": "MN0020761", "REGISTRY_ID": "110039755716", "CWP_FACILITY_TYPE_INDICATOR": "POTW", "CWP_MAJOR_MINOR_STATUS": "Major", "CWP_PERMIT_STATUS_DESC": "Admin Continued", "STATE_WATER_BODY_NAME": "MISSISSIPPI RIVER", "CWP_CSO_FLAG": "N"}}, {"type": "Feature", "geometry": {"type": "Point", "coordinates": [-96.6600096883051, 48.733341012851]}, "properties": {"CWP_NAME": "LAKE BRONSON WWTP", "CWP_STREET": "COUNTY ROAD 15", "CWP_CITY": "LAKE BRONSON", "CWP_STATE": "MN", "CWP_ZIP": "56734", "CWP_COUNTY": "Kittson", "NPDES_ID": "MNG585029", "REGISTRY_ID": "110008795697", "CWP_FACILITY_TYPE_INDICATOR": "POTW", "CWP_MAJOR_MINOR_STATUS": "Minor", "CWP_PERMIT_STATUS_DESC": "Effective", "STATE_WATER_BODY_NAME": "TWO RIVERS, SOUTH BRANCH", "CWP_CSO_FLAG": "N"}}, {"type": "Feature", "geometry": {"type": "Point", "coordinates": [-96.5067127124601, 47.0836721218585]}, "properties": {"CWP_NAME": "FELTON WWTP", "CWP_STREET": "COUNTY HIGHWAY 34", "CWP_CITY": "FELTON", "CWP_STATE": "MN", "CWP_ZIP": "56536", "CWP_COUNTY": "Clay", "NPDES_ID": "MNG585149", "REGISTRY_ID": "110068374486", "CWP_FACILITY_TYPE_INDICATOR": "POTW", "CWP_MAJOR_MINOR_STATUS": "Minor", "CWP_PERMIT_STATUS_DESC": "Effective", "STATE_WATER_BODY_NAME": "UNNAMED DITCH", "CWP_CSO_FLAG": "N"}}, {"type": "Feature", "geometry": {"type": "Point", "coordinates": [-96.4833418159005, 45.8000075448061]}, "properties": {"CWP_NAME": "WHEATON", "CWP_STREET": "SEC 6,7, T127N R46W", "CWP_CITY": "WHEATON", "CWP_STATE": "MN", "CWP_ZIP": "56296", "CWP_COUNTY": "Traverse", "NPDES_ID": "MN0047287", "REGISTRY_ID": "110022916120", "CWP_FACILITY_TYPE_INDICATOR": "POTW", "CWP_MAJOR_MINOR_STATUS": "Minor", "CWP_PERMIT_STATUS_DESC": "Terminated", "STATE_WATER_BODY_NAME": "MUSTINKA R", "CWP_CSO_FLAG": "N"}}, {"type": "Feature", "geometry": {"type": "Point", "coordinates": [-95.628138222547, 44.0656872824257]}, "properties": {"CWP_NAME": "SHETEK AREA WATER & SEWER DISTRICT WWTP", "CWP_STREET": "2150 STATE HIGHWAY 30", "CWP_CITY": "CURRIE", "CWP_STATE": "MN", "CWP_ZIP": "56123", "CWP_COUNTY": "Murray", "NPDES_ID": "MN0070947", "REGISTRY_ID": "110067828943", "CWP_FACILITY_TYPE_INDICATOR": "POTW", "CWP_MAJOR_MINOR_STATUS": "Minor", "CWP_PERMIT_STATUS_DESC": "Effective", "STATE_WATER_BODY_NAME": "DES MOINES RIVER", "CWP_CSO_FLAG": "N"}}, {"type": "Feature", "geometry": {"type": "Point", "coordinates": [-95.1246186650043, 45.5009083812026]}, "properties": {"CWP_NAME": "BROOTEN", "CWP_STREET": "NORTH FORK TWSP T123N,R35W,S5", "CWP_CITY": "BROOTEN", "CWP_STATE": "MN", "CWP_ZIP": "56316", "CWP_COUNTY": "Stearns", "NPDES_ID": "MN0025909", "REGISTRY_ID": "110008805524", "CWP_FACILITY_TYPE_INDICATOR": "POTW", "CWP_MAJOR_MINOR_STATUS": "Minor", "CWP_PERMIT_STATUS_DESC": "Terminated", "STATE_WATER_BODY_NAME": "SKUNK R", "CWP_CSO_FLAG": "N"}}, {"type": "Feature", "geometry": {"type": "Point", "coordinates": [-92.9631937897381, 45.8470531448762]}, "properties": {"CWP_NAME": "PINE CITY WWTP", "CWP_STREET": "COUNTY ROAD 55", "CWP_CITY": "PINE CITY", "CWP_STATE": "MN", "CWP_ZIP": "55063", "CWP_COUNTY": "Pine", "NPDES_ID": "MN0021784", "REGISTRY_ID": "110008807540", "CWP_FACILITY_TYPE_INDICATOR": "POTW", "CWP_MAJOR_MINOR_STATUS": "Minor", "CWP_PERMIT_STATUS_DESC": "Effective", "STATE_WATER_BODY_NAME": "SNAKE RIVER", "CWP_CSO_FLAG": "N"}}, {"type": "Feature", "geometry": {"type": "Point", "coordinates": [-91.7615873652224, 43.524417898634]}, "properties": {"CWP_NAME": "MABEL WWTP", "CWP_STREET": "44687 DISPOSAL PLANT RD", "CWP_CITY": "MABEL", "CWP_STATE": "MN", "CWP_ZIP": "55954", "CWP_COUNTY": "Fillmore", "NPDES_ID": "MN0020877", "REGISTRY_ID": "110008816790", "CWP_FACILITY_TYPE_INDICATOR": "POTW", "CWP_MAJOR_MINOR_STATUS": "Minor", "CWP_PERMIT_STATUS_DESC": "Effective", "STATE_WATER_BODY_NAME": "RICEFORD CREEK", "CWP_CSO_FLAG": "N"}}, {"type": "Feature", "geometry": {"type": "Point", "coordinates": [-96.8040234663964, 48.2067689929963]}, "properties": {"CWP_NAME": "WARREN WWTP", "CWP_STREET": "350TH AVE NW & 320 ST NW", "CWP_CITY": "WARREN", "CWP_STATE": "MN", "CWP_ZIP": "56762", "CWP_COUNTY": "Marshall", "NPDES_ID": "MNG585073", "REGISTRY_ID": "110068774561", "CWP_FACILITY_TYPE_INDICATOR": "POTW", "CWP_MAJOR_MINOR_STATUS": "Minor", "CWP_PERMIT_STATUS_DESC": "Effective", "STATE_WATER_BODY_NAME": "JUDICIAL DITCH 16", "CWP_CSO_FLAG": "N"}}, {"type": "Feature", "geometry": {"type": "Point", "coordinates": [-91.8815075529225, 43.9697883171802]}, "properties": {"CWP_NAME": "LEWISTON", "CWP_STREET": "19884 SAUER DRIVE", "CWP_CITY": "LEWISTON", "CWP_STATE": "MN", "CWP_ZIP": "55952", "CWP_COUNTY": "Winona", "NPDES_ID": "MN0023965", "REGISTRY_ID": "110039754922", "CWP_FACILITY_TYPE_INDICATOR": "POTW", "CWP_MAJOR_MINOR_STATUS": "Minor", "CWP_PERMIT_STATUS_DESC": "Admin Continued", "STATE_WATER_BODY_NAME": "ROOT R VIA RUSH CR", "CWP_CSO_FLAG": "N"}}, {"type": "Feature", "geometry": {"type": "Point", "coordinates": [-96.2556093179342, 46.9750079440196]}, "properties": {"CWP_NAME": "HITTERDAL WWTP", "CWP_STREET": "25280 COUNTY ROAD 26", "CWP_CITY": "HITTERDAL", "CWP_STATE": "MN", "CWP_ZIP": "56552", "CWP_COUNTY": "Clay", "NPDES_ID": "MNG585178", "REGISTRY_ID": "110008801680", "CWP_FACILITY_TYPE_INDICATOR": "POTW", "CWP_MAJOR_MINOR_STATUS": "Minor", "CWP_PERMIT_STATUS_DESC": "Effective", "STATE_WATER_BODY_NAME": "UNNAMED", "CWP_CSO_FLAG": "N"}}, {"type": "Feature", "geometry": {"type": "Point", "coordinates": [-92.8852141760047, 43.8159331110947]}, "properties": {"CWP_NAME": "WALTHAM WWTP", "CWP_STREET": "31730 580TH AVE", "CWP_CITY": "WALTHAM", "CWP_STATE": "MN", "CWP_ZIP": "55982", "CWP_COUNTY": "Mower", "NPDES_ID": "MNG585380", "REGISTRY_ID": "110070874713", "CWP_FACILITY_TYPE_INDICATOR": "POTW", "CWP_MAJOR_MINOR_STATUS": "Minor", "CWP_PERMIT_STATUS_DESC": "Effective", "STATE_WATER_BODY_NAME": "UNNAMED CREEK", "CWP_CSO_FLAG": "N"}}, {"type": "Feature", "geometry": {"type": "Point", "coordinates": [-96.1404183109499, 44.2837377997675]}, "properties": {"CWP_NAME": "TYLER WWTP", "CWP_STREET": "COUNTY ROAD 113", "CWP_CITY": "TYLER", "CWP_STATE": "MN", "CWP_ZIP": "56178", "CWP_COUNTY": "Lincoln", "NPDES_ID": "MNG585116", "REGISTRY_ID": "110068272522", "CWP_FACILITY_TYPE_INDICATOR": "POTW", "CWP_MAJOR_MINOR_STATUS": "Minor", "CWP_PERMIT_STATUS_DESC": "Effective", "STATE_WATER_BODY_NAME": "COUNTY DITCH 14", "CWP_CSO_FLAG": "N"}}, {"type": "Feature", "geometry": {"type": "Point", "coordinates": [-94.6347476450049, 43.5336978135731]}, "properties": {"CWP_NAME": "CEYLON WWTP", "CWP_STREET": "301 W MAIN", "CWP_CITY": "CEYLON", "CWP_STATE": "MN", "CWP_ZIP": "56121", "CWP_COUNTY": "Martin", "NPDES_ID": "MNG585006", "REGISTRY_ID": "110069047356", "CWP_FACILITY_TYPE_INDICATOR": "POTW", "CWP_MAJOR_MINOR_STATUS": "Minor", "CWP_PERMIT_STATUS_DESC": "Effective", "STATE_WATER_BODY_NAME": "UNNAMED CREEK", "CWP_CSO_FLAG": "N"}}, {"type": "Feature", "geometry": {"type": "Point", "coordinates": [-93.5069683341904, 47.2248479456089]}, "properties": {"CWP_NAME": "GRAND RAPIDS WWTP", "CWP_STREET": "1105 23RD AVE SE", "CWP_CITY": "GRAND RAPIDS", "CWP_STATE": "MN", "CWP_ZIP": "55744", "CWP_COUNTY": "Itasca", "NPDES_ID": "MN0022080", "REGISTRY_ID": "110021116040", "CWP_FACILITY_TYPE_INDICATOR": "POTW", "CWP_MAJOR_MINOR_STATUS": "Major", "CWP_PERMIT_STATUS_DESC": "Effective", "STATE_WATER_BODY_NAME": "MISSISSIPPI RIVER", "CWP_CSO_FLAG": "N"}}, {"type": "Feature", "geometry": {"type": "Point", "coordinates": [-96.7956397867724, 47.0899053009046]}, "properties": {"CWP_NAME": "GEORGETOWN WWTP", "CWP_STREET": "CLAY COUNTY ROAD 100", "CWP_CITY": "GEORGETOWN", "CWP_STATE": "MN", "CWP_ZIP": "56546", "CWP_COUNTY": "Clay", "NPDES_ID": "MNG585132", "REGISTRY_ID": "110008796990", "CWP_FACILITY_TYPE_INDICATOR": "POTW", "CWP_MAJOR_MINOR_STATUS": "Minor", "CWP_PERMIT_STATUS_DESC": "Effective", "STATE_WATER_BODY_NAME": "COUNTY DITCH 6", "CWP_CSO_FLAG": "N"}}, {"type": "Feature", "geometry": {"type": "Point", "coordinates": [-96.1641038132716, 44.6456250406394]}, "properties": {"CWP_NAME": "PORTER WWTP", "CWP_STREET": "LONE TREE ST", "CWP_CITY": "PORTER", "CWP_STATE": "MN", "CWP_ZIP": "56280", "CWP_COUNTY": "Yellow Medicine", "NPDES_ID": "MNG585128", "REGISTRY_ID": "110071181248", "CWP_FACILITY_TYPE_INDICATOR": "POTW", "CWP_MAJOR_MINOR_STATUS": "Minor", "CWP_PERMIT_STATUS_DESC": "Effective", "STATE_WATER_BODY_NAME": "UNNAMED DITCH", "CWP_CSO_FLAG": "N"}}, {"type": "Feature", "geometry": {"type": "Point", "coordinates": [-91.3506168861439, 43.7622382812209]}, "properties": {"CWP_NAME": "HOKAH WWTP", "CWP_STREET": "206 RAILROAD TRL", "CWP_CITY": "HOKAH", "CWP_STATE": "MN", "CWP_ZIP": "55941", "CWP_COUNTY": "Houston", "NPDES_ID": "MN0021458", "REGISTRY_ID": "110008817469", "CWP_FACILITY_TYPE_INDICATOR": "POTW", "CWP_MAJOR_MINOR_STATUS": "Minor", "CWP_PERMIT_STATUS_DESC": "Effective", "STATE_WATER_BODY_NAME": "ROOT RIVER", "CWP_CSO_FLAG": "N"}}, {"type": "Feature", "geometry": {"type": "Point", "coordinates": [-95.4360294875183, 44.0416574074436]}, "properties": {"CWP_NAME": "WESTBROOK WWTP", "CWP_STREET": "556 1ST AVE", "CWP_CITY": "WESTBROOK", "CWP_STATE": "MN", "CWP_ZIP": "56183", "CWP_COUNTY": "Cottonwood", "NPDES_ID": "MNG585127", "REGISTRY_ID": "110069092966", "CWP_FACILITY_TYPE_INDICATOR": "POTW", "CWP_MAJOR_MINOR_STATUS": "Minor", "CWP_PERMIT_STATUS_DESC": "Effective", "STATE_WATER_BODY_NAME": "UNNAMED DITCH", "CWP_CSO_FLAG": "N"}}, {"type": "Feature", "geometry": {"type": "Point", "coordinates": [-94.6001398211077, 48.7125668380985]}, "properties": {"CWP_NAME": "BAUDETTE WWTP", "CWP_STREET": "106 MAIN AVE W", "CWP_CITY": "BAUDETTE", "CWP_STATE": "MN", "CWP_ZIP": "56623", "CWP_COUNTY": "Lake of the Woods", "NPDES_ID": "MNG585174", "REGISTRY_ID": "110067814823", "CWP_FACILITY_TYPE_INDICATOR": "POTW", "CWP_MAJOR_MINOR_STATUS": "Minor", "CWP_PERMIT_STATUS_DESC": "Effective", "STATE_WATER_BODY_NAME": "RAINY RIVER", "CWP_CSO_FLAG": "N"}}, {"type": "Feature", "geometry": {"type": "Point", "coordinates": [-96.4242984169804, 44.5059962611508]}, "properties": {"CWP_NAME": "HENDRICKS WWTP", "CWP_STREET": "SEE LOCATION DESCRIPTION", "CWP_CITY": "HENDRICKS", "CWP_STATE": "MN", "CWP_ZIP": "56136", "CWP_COUNTY": "Lincoln", "NPDES_ID": "MNG585377", "REGISTRY_ID": "110068619926", "CWP_FACILITY_TYPE_INDICATOR": "POTW", "CWP_MAJOR_MINOR_STATUS": "Minor", "CWP_PERMIT_STATUS_DESC": "Effective", "STATE_WATER_BODY_NAME": "LAC QUI PARLE RIVER", "CWP_CSO_FLAG": "N"}}, {"type": "Feature", "geometry": {"type": "Point", "coordinates": [-94.6721111833506, 45.6566566252676]}, "properties": {"CWP_NAME": "FREEPORT WWTP", "CWP_STREET": "1000 MAIN ST E", "CWP_CITY": "FREEPORT", "CWP_STATE": "MN", "CWP_ZIP": "56331", "CWP_COUNTY": "Stearns", "NPDES_ID": "MNG585019", "REGISTRY_ID": "110068674991", "CWP_FACILITY_TYPE_INDICATOR": "POTW", "CWP_MAJOR_MINOR_STATUS": "Minor", "CWP_PERMIT_STATUS_DESC": "Effective", "STATE_WATER_BODY_NAME": "GETCHELL CREEK (COUNTY DITCH 26)", "CWP_CSO_FLAG": "N"}}, {"type": "Feature", "geometry": {"type": "Point", "coordinates": [-96.8210969183279, 47.1794840813919]}, "properties": {"CWP_NAME": "PERLEY WWTP", "CWP_STREET": "COUNTY STATE AID HIGHWAY 39", "CWP_CITY": "PERLEY", "CWP_STATE": "MN", "CWP_ZIP": "56574", "CWP_COUNTY": "Norman", "NPDES_ID": "MNG585326", "REGISTRY_ID": "110068936628", "CWP_FACILITY_TYPE_INDICATOR": "POTW", "CWP_MAJOR_MINOR_STATUS": "Minor", "CWP_PERMIT_STATUS_DESC": "Effective", "STATE_WATER_BODY_NAME": "RED RIVER OF THE NORTH", "CWP_CSO_FLAG": "N"}}, {"type": "Feature", "geometry": {"type": "Point", "coordinates": [-94.9445649871366, 48.7680432966105]}, "properties": {"CWP_NAME": "WILLIAMS WWTP", "CWP_STREET": "150 SPINA ST", "CWP_CITY": "WILLIAMS", "CWP_STATE": "MN", "CWP_ZIP": "56686", "CWP_COUNTY": "Lake of the Woods", "NPDES_ID": "MNG585388", "REGISTRY_ID": "110071179812", "CWP_FACILITY_TYPE_INDICATOR": "POTW", "CWP_MAJOR_MINOR_STATUS": "Minor", "CWP_PERMIT_STATUS_DESC": "Effective", "STATE_WATER_BODY_NAME": "UNNAMED DITCH", "CWP_CSO_FLAG": "N"}}, {"type": "Feature", "geometry": {"type": "Point", "coordinates": [-94.0931280907065, 43.5063179865448]}, "properties": {"CWP_NAME": "ELMORE WWTP", "CWP_STREET": "201 MILL ST N", "CWP_CITY": "ELMORE", "CWP_STATE": "MN", "CWP_ZIP": "56027", "CWP_COUNTY": "Faribault", "NPDES_ID": "MNG585110", "REGISTRY_ID": "110008813800", "CWP_FACILITY_TYPE_INDICATOR": "POTW", "CWP_MAJOR_MINOR_STATUS": "Minor", "CWP_PERMIT_STATUS_DESC": "Effective", "STATE_WATER_BODY_NAME": "UNNAMED DITCH", "CWP_CSO_FLAG": "N"}}, {"type": "Feature", "geometry": {"type": "Point", "coordinates": [-92.9155883961922, 47.3716686286569]}, "properties": {"CWP_NAME": "HIBBING WWTP SOUTH PLANT", "CWP_STREET": "11669 TOWNLINE RD", "CWP_CITY": "HIBBING", "CWP_STATE": "MN", "CWP_ZIP": "55746", "CWP_COUNTY": "St. Louis", "NPDES_ID": "MN0030643", "REGISTRY_ID": "110000761220", "CWP_FACILITY_TYPE_INDICATOR": "POTW", "CWP_MAJOR_MINOR_STATUS": "Major", "CWP_PERMIT_STATUS_DESC": "Effective", "STATE_WATER_BODY_NAME": "UNNAMED CREEK (EAST SWAN CREEK)", "CWP_CSO_FLAG": "N"}}, {"type": "Feature", "geometry": {"type": "Point", "coordinates": [-94.6782615436573, 44.933643865839]}, "properties": {"CWP_NAME": "COSMOS WWTP", "CWP_STREET": "HIGHWAY 7", "CWP_CITY": "COSMOS", "CWP_STATE": "MN", "CWP_ZIP": "56228", "CWP_COUNTY": "Meeker", "NPDES_ID": "MNG585056", "REGISTRY_ID": "110069042887", "CWP_FACILITY_TYPE_INDICATOR": "POTW", "CWP_MAJOR_MINOR_STATUS": "Minor", "CWP_PERMIT_STATUS_DESC": "Effective", "STATE_WATER_BODY_NAME": "CROW RIVER, SOUTH FORK", "CWP_CSO_FLAG": "N"}}, {"type": "Feature", "geometry": {"type": "Point", "coordinates": [-92.2655774989706, 43.706987464059]}, "properties": {"CWP_NAME": "WYKOFF WWTP", "CWP_STREET": "420 E CARIMONA ST", "CWP_CITY": "WYKOFF", "CWP_STATE": "MN", "CWP_ZIP": "55990", "CWP_COUNTY": "Fillmore", "NPDES_ID": "MN0020826", "REGISTRY_ID": "110008816736", "CWP_FACILITY_TYPE_INDICATOR": "POTW", "CWP_MAJOR_MINOR_STATUS": "Minor", "CWP_PERMIT_STATUS_DESC": "Admin Continued", "STATE_WATER_BODY_NAME": "CARTER'S CR", "CWP_CSO_FLAG": "N"}}, {"type": "Feature", "geometry": {"type": "Point", "coordinates": [-93.1564489680733, 44.4711018921947]}, "properties": {"CWP_NAME": "NORTHFIELD WWTP", "CWP_STREET": "1450 HIGHWAY 3  N", "CWP_CITY": "NORTHFIELD", "CWP_STATE": "MN", "CWP_ZIP": "550571494", "CWP_COUNTY": "Dakota", "NPDES_ID": "MN0024368", "REGISTRY_ID": "110006645309", "CWP_FACILITY_TYPE_INDICATOR": "POTW", "CWP_MAJOR_MINOR_STATUS": "Major", "CWP_PERMIT_STATUS_DESC": "Effective", "STATE_WATER_BODY_NAME": "CANNON RIVER", "CWP_CSO_FLAG": "N"}}, {"type": "Feature", "geometry": {"type": "Point", "coordinates": [-94.6333082267769, 46.3333084276255]}, "properties": {"CWP_NAME": "MOTLEY WWTP", "CWP_STREET": "317 MAIN ST E", "CWP_CITY": "MOTLEY", "CWP_STATE": "MN", "CWP_ZIP": "56466", "CWP_COUNTY": "Morrison", "NPDES_ID": "MN0024244", "REGISTRY_ID": "110039738111", "CWP_FACILITY_TYPE_INDICATOR": "POTW", "CWP_MAJOR_MINOR_STATUS": "Minor", "CWP_PERMIT_STATUS_DESC": "Effective", "STATE_WATER_BODY_NAME": "CROW WING RIVER", "CWP_CSO_FLAG": "N"}}, {"type": "Feature", "geometry": {"type": "Point", "coordinates": [-93.4583687861991, 46.1254247982244]}, "properties": {"CWP_NAME": "ISLE WWTP", "CWP_STREET": "1399 BERKY RD", "CWP_CITY": "ISLE", "CWP_STATE": "MN", "CWP_ZIP": "56342", "CWP_COUNTY": "Mille Lacs", "NPDES_ID": "MN0023809", "REGISTRY_ID": "110008806934", "CWP_FACILITY_TYPE_INDICATOR": "POTW", "CWP_MAJOR_MINOR_STATUS": "Minor", "CWP_PERMIT_STATUS_DESC": "Admin Continued", "STATE_WATER_BODY_NAME": "UNNAMED CREEK", "CWP_CSO_FLAG": "N"}}, {"type": "Feature", "geometry": {"type": "Point", "coordinates": [-96.1738225044739, 48.4277774644806]}, "properties": {"CWP_NAME": "MIDDLE RIVER", "CWP_STREET": "UNKNOWN", "CWP_CITY": "MIDDLE RIVER", "CWP_STATE": "MN", "CWP_ZIP": "00000", "CWP_COUNTY": "Marshall", "NPDES_ID": "MN0052272", "REGISTRY_ID": "110032821515", "CWP_FACILITY_TYPE_INDICATOR": "POTW", "CWP_MAJOR_MINOR_STATUS": "Minor", "CWP_PERMIT_STATUS_DESC": "Terminated", "STATE_WATER_BODY_NAME": null, "CWP_CSO_FLAG": "N"}}, {"type": "Feature", "geometry": {"type": "Point", "coordinates": [-95.9043436300183, 45.1161351315644]}, "properties": {"CWP_NAME": "MILAN WWTP", "CWP_STREET": "HIGHWAY 10", "CWP_CITY": "MILAN", "CWP_STATE": "MN", "CWP_ZIP": "56262", "CWP_COUNTY": "Chippewa", "NPDES_ID": "MNG585141", "REGISTRY_ID": "110069186972", "CWP_FACILITY_TYPE_INDICATOR": "POTW", "CWP_MAJOR_MINOR_STATUS": "Minor", "CWP_PERMIT_STATUS_DESC": "Effective", "STATE_WATER_BODY_NAME": "UNNAMED DITCH", "CWP_CSO_FLAG": "N"}}, {"type": "Feature", "geometry": {"type": "Point", "coordinates": [-95.3463269948634, 46.8016492780984]}, "properties": {"CWP_NAME": "WOLF LAKE WWTP", "CWP_STREET": "SEE LOCATION DESCRIPTION", "CWP_CITY": "WOLF LAKE", "CWP_STATE": "MN", "CWP_ZIP": "56593", "CWP_COUNTY": "Becker", "NPDES_ID": "MNG585226", "REGISTRY_ID": "110068557207", "CWP_FACILITY_TYPE_INDICATOR": "POTW", "CWP_MAJOR_MINOR_STATUS": "Minor", "CWP_PERMIT_STATUS_DESC": "Effective", "STATE_WATER_BODY_NAME": "KETTLE RIVER", "CWP_CSO_FLAG": "N"}}, {"type": "Feature", "geometry": {"type": "Point", "coordinates": [-96.4204240431365, 43.8346774395262]}, "properties": {"CWP_NAME": "JASPER WWTP", "CWP_STREET": "269 241ST ST", "CWP_CITY": "JASPER", "CWP_STATE": "MN", "CWP_ZIP": "56144", "CWP_COUNTY": "Rock", "NPDES_ID": "MNG585026", "REGISTRY_ID": "110068304935", "CWP_FACILITY_TYPE_INDICATOR": "POTW", "CWP_MAJOR_MINOR_STATUS": "Minor", "CWP_PERMIT_STATUS_DESC": "Effective", "STATE_WATER_BODY_NAME": "SPLIT ROCK CREEK", "CWP_CSO_FLAG": "N"}}, {"type": "Feature", "geometry": {"type": "Point", "coordinates": [-95.6036281790019, 44.6863068191106]}, "properties": {"CWP_NAME": "HANLEY FALLS WWTP", "CWP_STREET": "COUNTY ROAD 18 & TOWNSHIP RD", "CWP_CITY": "HANLEY FALLS", "CWP_STATE": "MN", "CWP_ZIP": "56245", "CWP_COUNTY": "Yellow Medicine", "NPDES_ID": "MNG585122", "REGISTRY_ID": "110071279398", "CWP_FACILITY_TYPE_INDICATOR": "POTW", "CWP_MAJOR_MINOR_STATUS": "Minor", "CWP_PERMIT_STATUS_DESC": "Effective", "STATE_WATER_BODY_NAME": "COUNTY DITCH 41", "CWP_CSO_FLAG": "N"}}, {"type": "Feature", "geometry": {"type": "Point", "coordinates": [-94.0881476437447, 43.5056776694877]}, "properties": {"CWP_NAME": "ELMORE", "CWP_STREET": "UNKNOWN", "CWP_CITY": "ELMORE", "CWP_STATE": "MN", "CWP_ZIP": "00000", "CWP_COUNTY": "Faribault", "NPDES_ID": "MN0021920", "REGISTRY_ID": "110024816957", "CWP_FACILITY_TYPE_INDICATOR": "POTW", "CWP_MAJOR_MINOR_STATUS": "Minor", "CWP_PERMIT_STATUS_DESC": "Terminated", "STATE_WATER_BODY_NAME": null, "CWP_CSO_FLAG": "N"}}, {"type": "Feature", "geometry": {"type": "Point", "coordinates": [-96.3549794178817, 43.5159225913872]}, "properties": {"CWP_NAME": "HILLS WWTP", "CWP_STREET": "SEE LOCATION DESCRIPTION", "CWP_CITY": "HILLS", "CWP_STATE": "MN", "CWP_ZIP": "56138", "CWP_COUNTY": "Rock", "NPDES_ID": "MNG585196", "REGISTRY_ID": "110068129509", "CWP_FACILITY_TYPE_INDICATOR": "POTW", "CWP_MAJOR_MINOR_STATUS": "Minor", "CWP_PERMIT_STATUS_DESC": "Effective", "STATE_WATER_BODY_NAME": "UNNAMED DITCH", "CWP_CSO_FLAG": "N"}}, {"type": "Feature", "geometry": {"type": "Point", "coordinates": [-93.1540775026888, 44.8235381602865]}, "properties": {"CWP_NAME": "FISH LAKE ALUM TREATMENT FACILITY", "CWP_STREET": "3643 WIDGEON WAY", "CWP_CITY": "EAGAN", "CWP_STATE": "MN", "CWP_ZIP": "55123", "CWP_COUNTY": "Dakota", "NPDES_ID": "MN0069752", "REGISTRY_ID": "110043487535", "CWP_FACILITY_TYPE_INDICATOR": "POTW", "CWP_MAJOR_MINOR_STATUS": "Minor", "CWP_PERMIT_STATUS_DESC": "Terminated", "STATE_WATER_BODY_NAME": null, "CWP_CSO_FLAG": "N"}}, {"type": "Feature", "geometry": {"type": "Point", "coordinates": [-96.1869186418951, 44.0854678338991]}, "properties": {"CWP_NAME": "HOLLAND WWTP", "CWP_STREET": "COUNTY ROAD 16", "CWP_CITY": "HOLLAND", "CWP_STATE": "MN", "CWP_ZIP": "56139", "CWP_COUNTY": "Pipestone", "NPDES_ID": "MN0021270", "REGISTRY_ID": "110008809655", "CWP_FACILITY_TYPE_INDICATOR": "POTW", "CWP_MAJOR_MINOR_STATUS": "Minor", "CWP_PERMIT_STATUS_DESC": "Effective", "STATE_WATER_BODY_NAME": "ROCK RIVER", "CWP_CSO_FLAG": "N"}}, {"type": "Feature", "geometry": {"type": "Point", "coordinates": [-96.2000082358893, 43.7778079180873]}, "properties": {"CWP_NAME": "HARDWICK", "CWP_STREET": "SEC 36 DENVER TOWNSHIP R45W", "CWP_CITY": "HARDWICK", "CWP_STATE": "MN", "CWP_ZIP": "56134", "CWP_COUNTY": "Rock", "NPDES_ID": "MN0039713", "REGISTRY_ID": "110008809637", "CWP_FACILITY_TYPE_INDICATOR": "POTW", "CWP_MAJOR_MINOR_STATUS": "Minor", "CWP_PERMIT_STATUS_DESC": "Terminated", "STATE_WATER_BODY_NAME": "ROCK R VIA UNMD INTM STREAM", "CWP_CSO_FLAG": "N"}}, {"type": "Feature", "geometry": {"type": "Point", "coordinates": [-93.8125872051087, 43.5620822759695]}, "properties": {"CWP_NAME": "BRICELYN WWTP", "CWP_STREET": "309 MAIN ST N", "CWP_CITY": "BRICELYN", "CWP_STATE": "MN", "CWP_ZIP": "56014", "CWP_COUNTY": "Faribault", "NPDES_ID": "MNG585129", "REGISTRY_ID": "110067742544", "CWP_FACILITY_TYPE_INDICATOR": "POTW", "CWP_MAJOR_MINOR_STATUS": "Minor", "CWP_PERMIT_STATUS_DESC": "Effective", "STATE_WATER_BODY_NAME": "BRUSH CREEK", "CWP_CSO_FLAG": "N"}}, {"type": "Feature", "geometry": {"type": "Point", "coordinates": [-96.1416757878356, 45.8116744771587]}, "properties": {"CWP_NAME": "HERMAN", "CWP_STREET": "SEC 19 T127N R43W", "CWP_CITY": "HERMAN", "CWP_STATE": "MN", "CWP_ZIP": "56248", "CWP_COUNTY": "Grant", "NPDES_ID": "MN0023647", "REGISTRY_ID": "110008803768", "CWP_FACILITY_TYPE_INDICATOR": "POTW", "CWP_MAJOR_MINOR_STATUS": "Minor", "CWP_PERMIT_STATUS_DESC": "Terminated", "STATE_WATER_BODY_NAME": "PULLMAN L VIA DT", "CWP_CSO_FLAG": "N"}}, {"type": "Feature", "geometry": {"type": "Point", "coordinates": [-91.6651292291896, 47.0164643415464]}, "properties": {"CWP_NAME": "TWO HARBORS WWTP", "CWP_STREET": "LIGHTHOUSE POINT RD", "CWP_CITY": "TWO HARBORS", "CWP_STATE": "MN", "CWP_ZIP": "55616", "CWP_COUNTY": "Lake", "NPDES_ID": "MN0022250", "REGISTRY_ID": "110007601666", "CWP_FACILITY_TYPE_INDICATOR": "POTW", "CWP_MAJOR_MINOR_STATUS": "Major", "CWP_PERMIT_STATUS_DESC": "Effective", "STATE_WATER_BODY_NAME": "LAKE SUPERIOR SHORELINE", "CWP_CSO_FLAG": "N"}}, {"type": "Feature", "geometry": {"type": "Point", "coordinates": [-94.9415589462706, 45.7235068197808]}, "properties": {"CWP_NAME": "SAUK CENTRE", "CWP_STREET": "7 12TH STREET SOUTH", "CWP_CITY": "SAUK CENTRE", "CWP_STATE": "MN", "CWP_ZIP": "56378", "CWP_COUNTY": "Stearns", "NPDES_ID": "MN0024821", "REGISTRY_ID": "110006739048", "CWP_FACILITY_TYPE_INDICATOR": "POTW", "CWP_MAJOR_MINOR_STATUS": "Minor", "CWP_PERMIT_STATUS_DESC": "Admin Continued", "STATE_WATER_BODY_NAME": "SAUK R", "CWP_CSO_FLAG": "N"}}, {"type": "Feature", "geometry": {"type": "Point", "coordinates": [-93.5582680852896, 45.2988784657597]}, "properties": {"CWP_NAME": "ELK RIVER WWTP", "CWP_STREET": "248 RAILROAD DR NW", "CWP_CITY": "ELK RIVER", "CWP_STATE": "MN", "CWP_ZIP": "553301545", "CWP_COUNTY": "Sherburne", "NPDES_ID": "MN0020788", "REGISTRY_ID": "110000733573", "CWP_FACILITY_TYPE_INDICATOR": "POTW", "CWP_MAJOR_MINOR_STATUS": "Major", "CWP_PERMIT_STATUS_DESC": "Effective", "STATE_WATER_BODY_NAME": "MISSISSIPPI RIVER", "CWP_CSO_FLAG": "N"}}, {"type": "Feature", "geometry": {"type": "Point", "coordinates": [-93.8424781680873, 44.9698380453873]}, "properties": {"CWP_NAME": "WATERTOWN WWTP", "CWP_STREET": "700 LEWIS AVE NW", "CWP_CITY": "WATERTOWN", "CWP_STATE": "MN", "CWP_ZIP": "55388", "CWP_COUNTY": "Carver", "NPDES_ID": "MN0020940", "REGISTRY_ID": "110003742237", "CWP_FACILITY_TYPE_INDICATOR": "POTW", "CWP_MAJOR_MINOR_STATUS": "Minor", "CWP_PERMIT_STATUS_DESC": "Effective", "STATE_WATER_BODY_NAME": "CROW RIVER, SOUTH FORK", "CWP_CSO_FLAG": "N"}}, {"type": "Feature", "geometry": {"type": "Point", "coordinates": [-92.9736076453688, 43.6556082417083]}, "properties": {"CWP_NAME": "AUSTIN WWTP", "CWP_STREET": "1205 S MAIN ST", "CWP_CITY": "AUSTIN", "CWP_STATE": "MN", "CWP_ZIP": "559123504", "CWP_COUNTY": "Mower", "NPDES_ID": "MN0022683", "REGISTRY_ID": "110039737381", "CWP_FACILITY_TYPE_INDICATOR": "POTW", "CWP_MAJOR_MINOR_STATUS": "Major", "CWP_PERMIT_STATUS_DESC": "Effective", "STATE_WATER_BODY_NAME": "CEDAR RIVER", "CWP_CSO_FLAG": "N"}}, {"type": "Feature", "geometry": {"type": "Point", "coordinates": [-93.6481410178185, 45.6982629403531]}, "properties": {"CWP_NAME": "PEASE WWTP", "CWP_STREET": "35 1ST ST W", "CWP_CITY": "PEASE", "CWP_STATE": "MN", "CWP_ZIP": "563632108", "CWP_COUNTY": "Mille Lacs", "NPDES_ID": "MNG585167", "REGISTRY_ID": "110068602168", "CWP_FACILITY_TYPE_INDICATOR": "POTW", "CWP_MAJOR_MINOR_STATUS": "Minor", "CWP_PERMIT_STATUS_DESC": "Effective", "STATE_WATER_BODY_NAME": "UNNAMED DITCH", "CWP_CSO_FLAG": "N"}}, {"type": "Feature", "geometry": {"type": "Point", "coordinates": [-96.1041585207266, 44.1777679725918]}, "properties": {"CWP_NAME": "RUTHTON WWTP", "CWP_STREET": "501 SMITH AVE", "CWP_CITY": "RUTHTON", "CWP_STATE": "MN", "CWP_ZIP": "56170", "CWP_COUNTY": "Pipestone", "NPDES_ID": "MNG585105", "REGISTRY_ID": "110068622315", "CWP_FACILITY_TYPE_INDICATOR": "POTW", "CWP_MAJOR_MINOR_STATUS": "Minor", "CWP_PERMIT_STATUS_DESC": "Effective", "STATE_WATER_BODY_NAME": "COUNTY DITCH 16", "CWP_CSO_FLAG": "N"}}, {"type": "Feature", "geometry": {"type": "Point", "coordinates": [-93.5279178753624, 46.1166573013401]}, "properties": {"CWP_NAME": "WAHKON", "CWP_STREET": "SEC 29, R25W, ISLE HARBOR TWP", "CWP_CITY": "WAHKON", "CWP_STATE": "MN", "CWP_ZIP": "56386", "CWP_COUNTY": "Mille Lacs", "NPDES_ID": "MN0047066", "REGISTRY_ID": "110020141657", "CWP_FACILITY_TYPE_INDICATOR": "POTW", "CWP_MAJOR_MINOR_STATUS": "Minor", "CWP_PERMIT_STATUS_DESC": "Terminated", "STATE_WATER_BODY_NAME": "KNIFE R", "CWP_CSO_FLAG": "N"}}, {"type": "Feature", "geometry": {"type": "Point", "coordinates": [-96.1817096117161, 48.7010221119404]}, "properties": {"CWP_NAME": "GREENBUSH WWTP", "CWP_STREET": "234 MAIN ST N", "CWP_CITY": "GREENBUSH", "CWP_STATE": "MN", "CWP_ZIP": "56726", "CWP_COUNTY": "Roseau", "NPDES_ID": "MNG585156", "REGISTRY_ID": "110068157103", "CWP_FACILITY_TYPE_INDICATOR": "POTW", "CWP_MAJOR_MINOR_STATUS": "Minor", "CWP_PERMIT_STATUS_DESC": "Effective", "STATE_WATER_BODY_NAME": "LATERAL DITCH 2 OF STATE DITCH 95", "CWP_CSO_FLAG": "N"}}, {"type": "Feature", "geometry": {"type": "Point", "coordinates": [-96.1314595747432, 46.3725052710062]}, "properties": {"CWP_NAME": "ELIZABETH WWTP", "CWP_STREET": "HIGHWAY 59 S", "CWP_CITY": "ELIZABETH", "CWP_STATE": "MN", "CWP_ZIP": "56533", "CWP_COUNTY": "Otter Tail", "NPDES_ID": "MNG585012", "REGISTRY_ID": "110069017085", "CWP_FACILITY_TYPE_INDICATOR": "POTW", "CWP_MAJOR_MINOR_STATUS": "Minor", "CWP_PERMIT_STATUS_DESC": "Effective", "STATE_WATER_BODY_NAME": "PELICAN RIVER", "CWP_CSO_FLAG": "N"}}, {"type": "Feature", "geometry": {"type": "Point", "coordinates": [-93.5966882877472, 46.9922184751841]}, "properties": {"CWP_NAME": "HILL CITY WWTP", "CWP_STREET": "125 LAKE AVE", "CWP_CITY": "HILL CITY", "CWP_STATE": "MN", "CWP_ZIP": "55748", "CWP_COUNTY": "Aitkin", "NPDES_ID": "MNG585182", "REGISTRY_ID": "110069089042", "CWP_FACILITY_TYPE_INDICATOR": "POTW", "CWP_MAJOR_MINOR_STATUS": "Minor", "CWP_PERMIT_STATUS_DESC": "Effective", "STATE_WATER_BODY_NAME": "HILL RIVER", "CWP_CSO_FLAG": "N"}}, {"type": "Feature", "geometry": {"type": "Point", "coordinates": [-95.6732087339778, 44.6088374033993]}, "properties": {"CWP_NAME": "COTTONWOOD WWTP", "CWP_STREET": "78 W MAIN", "CWP_CITY": "COTTONWOOD", "CWP_STATE": "MN", "CWP_ZIP": "562292137", "CWP_COUNTY": "Lyon", "NPDES_ID": "MNG585010", "REGISTRY_ID": "110067916036", "CWP_FACILITY_TYPE_INDICATOR": "POTW", "CWP_MAJOR_MINOR_STATUS": "Minor", "CWP_PERMIT_STATUS_DESC": "Effective", "STATE_WATER_BODY_NAME": "JUDICIAL DITCH 10", "CWP_CSO_FLAG": "N"}}, {"type": "Feature", "geometry": {"type": "Point", "coordinates": [-92.6456077627805, 44.0326275048861]}, "properties": {"CWP_NAME": "BYRON WWTP", "CWP_STREET": "124 20TH ST NE", "CWP_CITY": "BYRON", "CWP_STATE": "MN", "CWP_ZIP": "55920", "CWP_COUNTY": "Olmsted", "NPDES_ID": "MN0049239", "REGISTRY_ID": "110008814989", "CWP_FACILITY_TYPE_INDICATOR": "POTW", "CWP_MAJOR_MINOR_STATUS": "Minor", "CWP_PERMIT_STATUS_DESC": "Effective", "STATE_WATER_BODY_NAME": "UNNAMED CREEK", "CWP_CSO_FLAG": "N"}}, {"type": "Feature", "geometry": {"type": "Point", "coordinates": [-92.2475178468471, 47.5171286425824]}, "properties": {"CWP_NAME": "AURORA WWTP", "CWP_STREET": "5378 HIGHWAY 110 W", "CWP_CITY": "AURORA", "CWP_STATE": "MN", "CWP_ZIP": "55705", "CWP_COUNTY": "St. Louis", "NPDES_ID": "MN0020494", "REGISTRY_ID": "110008814970", "CWP_FACILITY_TYPE_INDICATOR": "POTW", "CWP_MAJOR_MINOR_STATUS": "Minor", "CWP_PERMIT_STATUS_DESC": "Effective", "STATE_WATER_BODY_NAME": "UNNAMED CREEK", "CWP_CSO_FLAG": "N"}}, {"type": "Feature", "geometry": {"type": "Point", "coordinates": [-95.8011192082157, 43.6189507775408]}, "properties": {"CWP_NAME": "RUSHMORE WWTP", "CWP_STREET": "136 THOMPSON AVE N", "CWP_CITY": "RUSHMORE", "CWP_STATE": "MN", "CWP_ZIP": "56168", "CWP_COUNTY": "Nobles", "NPDES_ID": "MNG585201", "REGISTRY_ID": "110070501627", "CWP_FACILITY_TYPE_INDICATOR": "POTW", "CWP_MAJOR_MINOR_STATUS": "Minor", "CWP_PERMIT_STATUS_DESC": "Effective", "STATE_WATER_BODY_NAME": "UNNAMED CREEK", "CWP_CSO_FLAG": "N"}}, {"type": "Feature", "geometry": {"type": "Point", "coordinates": [-95.7550083061131, 43.9900075136766]}, "properties": {"CWP_NAME": "SLAYTON", "CWP_STREET": "SEC 10 T106N R41W", "CWP_CITY": "SLAYTON", "CWP_STATE": "MN", "CWP_ZIP": "56172", "CWP_COUNTY": "Murray", "NPDES_ID": "MN0024911", "REGISTRY_ID": "110008811394", "CWP_FACILITY_TYPE_INDICATOR": "POTW", "CWP_MAJOR_MINOR_STATUS": "Minor", "CWP_PERMIT_STATUS_DESC": "Terminated", "STATE_WATER_BODY_NAME": "BEAVER CR", "CWP_CSO_FLAG": "N"}}, {"type": "Feature", "geometry": {"type": "Point", "coordinates": [-93.085957936329, 48.1173982470711]}, "properties": {"CWP_NAME": "NETT LAKE WWSL", "CWP_STREET": "P.O. BOX 16", "CWP_CITY": "NETT LAKE", "CWP_STATE": "MN", "CWP_ZIP": "55772", "CWP_COUNTY": null, "NPDES_ID": "MN0059447", "REGISTRY_ID": "110009891037", "CWP_FACILITY_TYPE_INDICATOR": "POTW", "CWP_MAJOR_MINOR_STATUS": "Minor", "CWP_PERMIT_STATUS_DESC": "Effective", "STATE_WATER_BODY_NAME": "LITTLE FORK", "CWP_CSO_FLAG": "N"}}, {"type": "Feature", "geometry": {"type": "Point", "coordinates": [-96.0490131807737, 45.5831414326229]}, "properties": {"CWP_NAME": "ALBERTA WWTP", "CWP_STREET": "COUNTY ROAD 9 N", "CWP_CITY": "ALBERTA", "CWP_STATE": "MN", "CWP_ZIP": "56207", "CWP_COUNTY": "Stevens", "NPDES_ID": "MNG585002", "REGISTRY_ID": "110067844685", "CWP_FACILITY_TYPE_INDICATOR": "POTW", "CWP_MAJOR_MINOR_STATUS": "Minor", "CWP_PERMIT_STATUS_DESC": "Effective", "STATE_WATER_BODY_NAME": "UNNAMED DITCH", "CWP_CSO_FLAG": "N"}}, {"type": "Feature", "geometry": {"type": "Point", "coordinates": [-93.357845795778, 43.6538203636191]}, "properties": {"CWP_NAME": "OAKLAND SANITARY DISTRICT WWTP", "CWP_STREET": "22412 890TH AVE", "CWP_CITY": "OAKLAND", "CWP_STATE": "MN", "CWP_ZIP": "56007", "CWP_COUNTY": "Freeborn", "NPDES_ID": "MN0040631", "REGISTRY_ID": "110009896452", "CWP_FACILITY_TYPE_INDICATOR": "POTW", "CWP_MAJOR_MINOR_STATUS": "Minor", "CWP_PERMIT_STATUS_DESC": "Effective", "STATE_WATER_BODY_NAME": "UNNAMED DITCH", "CWP_CSO_FLAG": "N"}}, {"type": "Feature", "geometry": {"type": "Point", "coordinates": [-95.1089783204117, 43.8607479825213]}, "properties": {"CWP_NAME": "WINDOM WWTP", "CWP_STREET": "400 DRAKE AVE S", "CWP_CITY": "WINDOM", "CWP_STATE": "MN", "CWP_ZIP": "56101", "CWP_COUNTY": "Cottonwood", "NPDES_ID": "MN0022217", "REGISTRY_ID": "110009897923", "CWP_FACILITY_TYPE_INDICATOR": "POTW", "CWP_MAJOR_MINOR_STATUS": "Major", "CWP_PERMIT_STATUS_DESC": "Effective", "STATE_WATER_BODY_NAME": "DES MOINES RIVER", "CWP_CSO_FLAG": "N"}}, {"type": "Feature", "geometry": {"type": "Point", "coordinates": [-95.2047464013773, 44.940317697866]}, "properties": {"CWP_NAME": "PRINSBURG", "CWP_STREET": "SEC 16 T117N R36W HOLLAND TWSP", "CWP_CITY": "PRINSBURG", "CWP_STATE": "MN", "CWP_ZIP": "56281", "CWP_COUNTY": "Kandiyohi", "NPDES_ID": "MN0063932", "REGISTRY_ID": "110006650757", "CWP_FACILITY_TYPE_INDICATOR": "POTW", "CWP_MAJOR_MINOR_STATUS": "Minor", "CWP_PERMIT_STATUS_DESC": "Admin Continued", "STATE_WATER_BODY_NAME": "CHETOMBA CR", "CWP_CSO_FLAG": "N"}}, {"type": "Feature", "geometry": {"type": "Point", "coordinates": [-95.8938187370963, 44.2457432542369]}, "properties": {"CWP_NAME": "BALATON WWTP", "CWP_STREET": "W HIGHWAY 14", "CWP_CITY": "BALATON", "CWP_STATE": "MN", "CWP_ZIP": "56115", "CWP_COUNTY": "Lyon", "NPDES_ID": "MN0020559", "REGISTRY_ID": "110008811358", "CWP_FACILITY_TYPE_INDICATOR": "POTW", "CWP_MAJOR_MINOR_STATUS": "Minor", "CWP_PERMIT_STATUS_DESC": "Effective", "STATE_WATER_BODY_NAME": "COTTONWOOD RIVER", "CWP_CSO_FLAG": "N"}}, {"type": "Feature", "geometry": {"type": "Point", "coordinates": [-96.4149793390892, 48.2191284091267]}, "properties": {"CWP_NAME": "VIKING", "CWP_STREET": "SEC 27 T155N R45W", "CWP_CITY": "VIKING", "CWP_STATE": "MN", "CWP_ZIP": "56760", "CWP_COUNTY": "Marshall", "NPDES_ID": "MN0068209", "REGISTRY_ID": "110024468271", "CWP_FACILITY_TYPE_INDICATOR": "POTW", "CWP_MAJOR_MINOR_STATUS": "Minor", "CWP_PERMIT_STATUS_DESC": "Terminated", "STATE_WATER_BODY_NAME": "UNN WETLAND VIA UNN DT", "CWP_CSO_FLAG": "N"}}, {"type": "Feature", "geometry": {"type": "Point", "coordinates": [-96.3942152588375, 45.0028555754347]}, "properties": {"CWP_NAME": "MARIETTA WWTP", "CWP_STREET": "HIGHWAY 40", "CWP_CITY": "MARIETTA", "CWP_STATE": "MN", "CWP_ZIP": "56257", "CWP_COUNTY": "Lac qui Parle", "NPDES_ID": "MNG585160", "REGISTRY_ID": "110068124611", "CWP_FACILITY_TYPE_INDICATOR": "POTW", "CWP_MAJOR_MINOR_STATUS": "Minor", "CWP_PERMIT_STATUS_DESC": "Effective", "STATE_WATER_BODY_NAME": "COUNTY DITCH 5", "CWP_CSO_FLAG": "N"}}, {"type": "Feature", "geometry": {"type": "Point", "coordinates": [-94.2882093856883, 45.7029051952367]}, "properties": {"CWP_NAME": "RICE WWTP", "CWP_STREET": "1020 POND RD NW", "CWP_CITY": "RICE", "CWP_STATE": "MN", "CWP_ZIP": "56367", "CWP_COUNTY": "Benton", "NPDES_ID": "MN0056481", "REGISTRY_ID": "110008805908", "CWP_FACILITY_TYPE_INDICATOR": "POTW", "CWP_MAJOR_MINOR_STATUS": "Minor", "CWP_PERMIT_STATUS_DESC": "Effective", "STATE_WATER_BODY_NAME": "MISSISSIPPI RIVER", "CWP_CSO_FLAG": "N"}}, {"type": "Feature", "geometry": {"type": "Point", "coordinates": [-95.4681784858982, 44.2250975453876]}, "properties": {"CWP_NAME": "WALNUT GROVE", "CWP_STREET": "SEC 30 T109N R38W", "CWP_CITY": "WALNUT GROVE", "CWP_STATE": "MN", "CWP_ZIP": "56180", "CWP_COUNTY": "Redwood", "NPDES_ID": "MN0021776", "REGISTRY_ID": "110008810420", "CWP_FACILITY_TYPE_INDICATOR": "POTW", "CWP_MAJOR_MINOR_STATUS": "Minor", "CWP_PERMIT_STATUS_DESC": "Admin Continued", "STATE_WATER_BODY_NAME": "PELL CR VIA DT", "CWP_CSO_FLAG": "N"}}, {"type": "Feature", "geometry": {"type": "Point", "coordinates": [-91.9816965970567, 44.3062598128475]}, "properties": {"CWP_NAME": "KELLOGG WWTP", "CWP_STREET": "15600 WINONA RD", "CWP_CITY": "KELLOGG", "CWP_STATE": "MN", "CWP_ZIP": "55945", "CWP_COUNTY": "Wabasha", "NPDES_ID": "MNG585027", "REGISTRY_ID": "110068119235", "CWP_FACILITY_TYPE_INDICATOR": "POTW", "CWP_MAJOR_MINOR_STATUS": "Minor", "CWP_PERMIT_STATUS_DESC": "Effective", "STATE_WATER_BODY_NAME": "ZUMBRO RIVER", "CWP_CSO_FLAG": "N"}}, {"type": "Feature", "geometry": {"type": "Point", "coordinates": [-93.6428304545971, 45.2460810535184]}, "properties": {"CWP_NAME": "ALBERTVILLE WWTP", "CWP_STREET": "11728 63RD ST NE", "CWP_CITY": "ALBERTVILLE", "CWP_STATE": "MN", "CWP_ZIP": "55301", "CWP_COUNTY": "Wright", "NPDES_ID": "MN0050954", "REGISTRY_ID": "110008808442", "CWP_FACILITY_TYPE_INDICATOR": "POTW", "CWP_MAJOR_MINOR_STATUS": "Minor", "CWP_PERMIT_STATUS_DESC": "Effective", "STATE_WATER_BODY_NAME": "HUNTERS, MISSISSIPPI RIVER", "CWP_CSO_FLAG": "N"}}, {"type": "Feature", "geometry": {"type": "Point", "coordinates": [-95.6426685540305, 43.926943453313]}, "properties": {"CWP_NAME": "AVOCA & IONA WWTP", "CWP_STREET": "SEE LOCATION DESCRIPTION", "CWP_CITY": "IONA", "CWP_STATE": "MN", "CWP_ZIP": "56141", "CWP_COUNTY": "Murray", "NPDES_ID": "MNG585165", "REGISTRY_ID": "110068742882", "CWP_FACILITY_TYPE_INDICATOR": "POTW", "CWP_MAJOR_MINOR_STATUS": "Minor", "CWP_PERMIT_STATUS_DESC": "Effective", "STATE_WATER_BODY_NAME": "LIME CREEK", "CWP_CSO_FLAG": "N"}}, {"type": "Feature", "geometry": {"type": "Point", "coordinates": [-95.8276834095491, 43.7650618511707]}, "properties": {"CWP_NAME": "WILMONT WWTP", "CWP_STREET": "316 4TH AVE", "CWP_CITY": "WILMONT", "CWP_STATE": "MN", "CWP_ZIP": "56185", "CWP_COUNTY": "Nobles", "NPDES_ID": "MNG585200", "REGISTRY_ID": "110070503361", "CWP_FACILITY_TYPE_INDICATOR": "POTW", "CWP_MAJOR_MINOR_STATUS": "Minor", "CWP_PERMIT_STATUS_DESC": "Effective", "STATE_WATER_BODY_NAME": "JUDICIAL DITCH 11B", "CWP_CSO_FLAG": "N"}}, {"type": "Feature", "geometry": {"type": "Point", "coordinates": [-96.2132289337224, 48.0115981462687]}, "properties": {"CWP_NAME": "SAINT HILAIRE WWTP", "CWP_STREET": "101 WATER ST N", "CWP_CITY": "SAINT HILAIRE", "CWP_STATE": "MN", "CWP_ZIP": "56754", "CWP_COUNTY": "Pennington", "NPDES_ID": "MNG585334", "REGISTRY_ID": "110070501842", "CWP_FACILITY_TYPE_INDICATOR": "POTW", "CWP_MAJOR_MINOR_STATUS": "Minor", "CWP_PERMIT_STATUS_DESC": "Effective", "STATE_WATER_BODY_NAME": "RED LAKE RIVER", "CWP_CSO_FLAG": "N"}}, {"type": "Feature", "geometry": {"type": "Point", "coordinates": [-92.9114586378131, 46.9267136975581]}, "properties": {"CWP_NAME": "FLOODWOOD WWTP", "CWP_STREET": "702 HICKORY ST", "CWP_CITY": "FLOODWOOD", "CWP_STATE": "MN", "CWP_ZIP": "55736", "CWP_COUNTY": "St. Louis", "NPDES_ID": "MN0023442", "REGISTRY_ID": "110039751630", "CWP_FACILITY_TYPE_INDICATOR": "POTW", "CWP_MAJOR_MINOR_STATUS": "Minor", "CWP_PERMIT_STATUS_DESC": "Effective", "STATE_WATER_BODY_NAME": "EAST SAVANNA RIVER", "CWP_CSO_FLAG": "N"}}, {"type": "Feature", "geometry": {"type": "Point", "coordinates": [-95.0551884032473, 46.2750179304273]}, "properties": {"CWP_NAME": "BERTHA WWTP", "CWP_STREET": "14898 444TH ST", "CWP_CITY": "BERTHA", "CWP_STATE": "MN", "CWP_ZIP": "56437", "CWP_COUNTY": "Todd", "NPDES_ID": "MNG585371", "REGISTRY_ID": "110070693081", "CWP_FACILITY_TYPE_INDICATOR": "POTW", "CWP_MAJOR_MINOR_STATUS": "Minor", "CWP_PERMIT_STATUS_DESC": "Effective", "STATE_WATER_BODY_NAME": "COUNTY DITCH 15", "CWP_CSO_FLAG": "N"}}, {"type": "Feature", "geometry": {"type": "Point", "coordinates": [-96.0196383245225, 43.5230074750538]}, "properties": {"CWP_NAME": "ELLSWORTH WWTP", "CWP_STREET": "304 BUTLER AVE W", "CWP_CITY": "ELLSWORTH", "CWP_STATE": "MN", "CWP_ZIP": "56129", "CWP_COUNTY": "Nobles", "NPDES_ID": "MNG585015", "REGISTRY_ID": "110068554692", "CWP_FACILITY_TYPE_INDICATOR": "POTW", "CWP_MAJOR_MINOR_STATUS": "Minor", "CWP_PERMIT_STATUS_DESC": "Effective", "STATE_WATER_BODY_NAME": "NORWEGIAN CREEK", "CWP_CSO_FLAG": "N"}}, {"type": "Feature", "geometry": {"type": "Point", "coordinates": [-96.0526058277948, 44.5925164771488]}, "properties": {"CWP_NAME": "TAUNTON WWTP", "CWP_STREET": "SEE LOCATION DESCRIPTION", "CWP_CITY": "TAUNTON", "CWP_STATE": "MN", "CWP_ZIP": "56291", "CWP_COUNTY": "Lyon", "NPDES_ID": "MNG585090", "REGISTRY_ID": "110068183842", "CWP_FACILITY_TYPE_INDICATOR": "POTW", "CWP_MAJOR_MINOR_STATUS": "Minor", "CWP_PERMIT_STATUS_DESC": "Effective", "STATE_WATER_BODY_NAME": "UNNAMED CREEK", "CWP_CSO_FLAG": "N"}}, {"type": "Feature", "geometry": {"type": "Point", "coordinates": [-93.7250076253852, 43.7417074984916]}, "properties": {"CWP_NAME": "WELLS, EASTON, MINNESOTA LAKE", "CWP_STREET": "SE 1/4 SECT 6 T103N R24W", "CWP_CITY": "WELLS", "CWP_STATE": "MN", "CWP_ZIP": "56097", "CWP_COUNTY": "Faribault", "NPDES_ID": "MN0025224", "REGISTRY_ID": "110009896808", "CWP_FACILITY_TYPE_INDICATOR": "POTW", "CWP_MAJOR_MINOR_STATUS": "Minor", "CWP_PERMIT_STATUS_DESC": "Admin Continued", "STATE_WATER_BODY_NAME": "MAPLE R VIA CD 87", "CWP_CSO_FLAG": "N"}}, {"type": "Feature", "geometry": {"type": "Point", "coordinates": [-95.6162781376218, 45.3159177744529]}, "properties": {"CWP_NAME": "BENSON WWTP", "CWP_STREET": "200 22NS STREET SOUTH", "CWP_CITY": "BENSON", "CWP_STATE": "MN", "CWP_ZIP": "56215", "CWP_COUNTY": "Swift", "NPDES_ID": "MN0020036", "REGISTRY_ID": "110061892590", "CWP_FACILITY_TYPE_INDICATOR": "POTW", "CWP_MAJOR_MINOR_STATUS": "Minor", "CWP_PERMIT_STATUS_DESC": "Admin Continued", "STATE_WATER_BODY_NAME": "CHIPPEWA R", "CWP_CSO_FLAG": "N"}}, {"type": "Feature", "geometry": {"type": "Point", "coordinates": [-96.4017085793598, 46.0990780369182]}, "properties": {"CWP_NAME": "CAMPBELL WWTP", "CWP_STREET": "STATE HWY 9", "CWP_CITY": "CAMPBELL", "CWP_STATE": "MN", "CWP_ZIP": "56522", "CWP_COUNTY": "Wilkin", "NPDES_ID": "MN0020915", "REGISTRY_ID": "110008801779", "CWP_FACILITY_TYPE_INDICATOR": "POTW", "CWP_MAJOR_MINOR_STATUS": "Minor", "CWP_PERMIT_STATUS_DESC": "Terminated", "STATE_WATER_BODY_NAME": "RABBIT R S FK", "CWP_CSO_FLAG": "N"}}, {"type": "Feature", "geometry": {"type": "Point", "coordinates": [-95.3169186211887, 48.8989485998481]}, "properties": {"CWP_NAME": "WARROAD WWTP", "CWP_STREET": "108 ALMA ST", "CWP_CITY": "WARROAD", "CWP_STATE": "MN", "CWP_ZIP": "56763", "CWP_COUNTY": "Roseau", "NPDES_ID": "MN0025194", "REGISTRY_ID": "110008795866", "CWP_FACILITY_TYPE_INDICATOR": "POTW", "CWP_MAJOR_MINOR_STATUS": "Minor", "CWP_PERMIT_STATUS_DESC": "Effective", "STATE_WATER_BODY_NAME": "UNNAMED DITCH", "CWP_CSO_FLAG": "N"}}, {"type": "Feature", "geometry": {"type": "Point", "coordinates": [-93.4948458373909, 43.4998303164689]}, "properties": {"CWP_NAME": "EMMONS WWTP", "CWP_STREET": "183 STATE ST W", "CWP_CITY": "EMMONS", "CWP_STATE": "MN", "CWP_ZIP": "56029", "CWP_COUNTY": "Freeborn", "NPDES_ID": "MN0023311", "REGISTRY_ID": "110032834495", "CWP_FACILITY_TYPE_INDICATOR": "POTW", "CWP_MAJOR_MINOR_STATUS": "Minor", "CWP_PERMIT_STATUS_DESC": "Effective", "STATE_WATER_BODY_NAME": "LIME CREEK", "CWP_CSO_FLAG": "N"}}, {"type": "Feature", "geometry": {"type": "Point", "coordinates": [-96.2751287565595, 44.7079381665404]}, "properties": {"CWP_NAME": "CANBY WWTP", "CWP_STREET": "110 OSCAR AVE N", "CWP_CITY": "CANBY", "CWP_STATE": "MN", "CWP_ZIP": "56220", "CWP_COUNTY": "Yellow Medicine", "NPDES_ID": "MNG585154", "REGISTRY_ID": "110039754423", "CWP_FACILITY_TYPE_INDICATOR": "POTW", "CWP_MAJOR_MINOR_STATUS": "Minor", "CWP_PERMIT_STATUS_DESC": "Effective", "STATE_WATER_BODY_NAME": "UNNAMED DITCH", "CWP_CSO_FLAG": "N"}}, {"type": "Feature", "geometry": {"type": "Point", "coordinates": [-91.9560079451302, 47.7070088485247]}, "properties": {"CWP_NAME": "BABBITT WWTP", "CWP_STREET": "100 POPLAR DR", "CWP_CITY": "BABBITT", "CWP_STATE": "MN", "CWP_ZIP": "55706", "CWP_COUNTY": "St. Louis", "NPDES_ID": "MN0020656", "REGISTRY_ID": "110006739413", "CWP_FACILITY_TYPE_INDICATOR": "POTW", "CWP_MAJOR_MINOR_STATUS": "Minor", "CWP_PERMIT_STATUS_DESC": "Effective", "STATE_WATER_BODY_NAME": "EMBARRASS RIVER", "CWP_CSO_FLAG": "N"}}, {"type": "Feature", "geometry": {"type": "Point", "coordinates": [-94.5696205933356, 44.0698557149184]}, "properties": {"CWP_NAME": "LASALLE", "CWP_STREET": "SEC 16 T107N R31W", "CWP_CITY": "LA SALLE", "CWP_STATE": "MN", "CWP_ZIP": "00000", "CWP_COUNTY": "Watonwan", "NPDES_ID": "MN0067458", "REGISTRY_ID": "110020041239", "CWP_FACILITY_TYPE_INDICATOR": "POTW", "CWP_MAJOR_MINOR_STATUS": "Minor", "CWP_PERMIT_STATUS_DESC": "Admin Continued", "STATE_WATER_BODY_NAME": "WATONWAN R", "CWP_CSO_FLAG": "N"}}, {"type": "Feature", "geometry": {"type": "Point", "coordinates": [-95.3709663434387, 44.9447324583905]}, "properties": {"CWP_NAME": "CLARA CITY WWTP", "CWP_STREET": "5030 110TH AVE SE", "CWP_CITY": "CLARA CITY", "CWP_STATE": "MN", "CWP_ZIP": "56222", "CWP_COUNTY": "Chippewa", "NPDES_ID": "MN0023035", "REGISTRY_ID": "110008804419", "CWP_FACILITY_TYPE_INDICATOR": "POTW", "CWP_MAJOR_MINOR_STATUS": "Minor", "CWP_PERMIT_STATUS_DESC": "Effective", "STATE_WATER_BODY_NAME": "HAWK CREEK", "CWP_CSO_FLAG": "N"}}, {"type": "Feature", "geometry": {"type": "Point", "coordinates": [-95.6646643823322, 45.3644622823498]}, "properties": {"CWP_NAME": "CLONTARF WWTP", "CWP_STREET": "HIGHWAY 9", "CWP_CITY": "CLONTARF", "CWP_STATE": "MN", "CWP_ZIP": "56226", "CWP_COUNTY": "Swift", "NPDES_ID": "MNG585108", "REGISTRY_ID": "110067962299", "CWP_FACILITY_TYPE_INDICATOR": "POTW", "CWP_MAJOR_MINOR_STATUS": "Minor", "CWP_PERMIT_STATUS_DESC": "Effective", "STATE_WATER_BODY_NAME": "UNNAMED DITCH", "CWP_CSO_FLAG": "N"}}, {"type": "Feature", "geometry": {"type": "Point", "coordinates": [-93.960107715453, 44.8914081501333]}, "properties": {"CWP_NAME": "NEW GERMANY WWTP", "CWP_STREET": "62ND ST & UPLAND AVE", "CWP_CITY": "NEW GERMANY", "CWP_STATE": "MN", "CWP_ZIP": "55367", "CWP_COUNTY": "Carver", "NPDES_ID": "MN0024295", "REGISTRY_ID": "110008818495", "CWP_FACILITY_TYPE_INDICATOR": "POTW", "CWP_MAJOR_MINOR_STATUS": "Minor", "CWP_PERMIT_STATUS_DESC": "Effective", "STATE_WATER_BODY_NAME": "COUNTY DITCH 9", "CWP_CSO_FLAG": "N"}}, {"type": "Feature", "geometry": {"type": "Point", "coordinates": [-92.6050083430798, 47.4200081174275]}, "properties": {"CWP_NAME": "IRON JUNCTION WWTP", "CWP_STREET": "COUNTY HIGHWAY 7", "CWP_CITY": "IRON", "CWP_STATE": "MN", "CWP_ZIP": "55751", "CWP_COUNTY": "St. Louis", "NPDES_ID": "MNG585049", "REGISTRY_ID": "110008799513", "CWP_FACILITY_TYPE_INDICATOR": "POTW", "CWP_MAJOR_MINOR_STATUS": "Minor", "CWP_PERMIT_STATUS_DESC": "Effective", "STATE_WATER_BODY_NAME": "ELBOW CREEK", "CWP_CSO_FLAG": "N"}}, {"type": "Feature", "geometry": {"type": "Point", "coordinates": [-93.6471979487271, 47.7469080496897]}, "properties": {"CWP_NAME": "BIGFORK WWTP", "CWP_STREET": "PINE TREE DR", "CWP_CITY": "BIGFORK", "CWP_STATE": "MN", "CWP_ZIP": "56628", "CWP_COUNTY": "Itasca", "NPDES_ID": "MNG585363", "REGISTRY_ID": "110008797659", "CWP_FACILITY_TYPE_INDICATOR": "POTW", "CWP_MAJOR_MINOR_STATUS": "Minor", "CWP_PERMIT_STATUS_DESC": "Effective", "STATE_WATER_BODY_NAME": "BIG FORK RIVER", "CWP_CSO_FLAG": "N"}}, {"type": "Feature", "geometry": {"type": "Point", "coordinates": [-93.9499679771756, 45.7340937126614]}, "properties": {"CWP_NAME": "GILMAN WWTP", "CWP_STREET": "10371 GOLDEN SPIKE RD NE", "CWP_CITY": "GILMAN", "CWP_STATE": "MN", "CWP_ZIP": "56333", "CWP_COUNTY": "Benton", "NPDES_ID": "MNG585021", "REGISTRY_ID": "110068801201", "CWP_FACILITY_TYPE_INDICATOR": "POTW", "CWP_MAJOR_MINOR_STATUS": "Minor", "CWP_PERMIT_STATUS_DESC": "Effective", "STATE_WATER_BODY_NAME": "UNNAMED DITCH", "CWP_CSO_FLAG": "N"}}, {"type": "Feature", "geometry": {"type": "Point", "coordinates": [-93.8973380387726, 47.0457434102103]}, "properties": {"CWP_NAME": "REMER WWTP", "CWP_STREET": "SEE LOCATION DESCRIPTION", "CWP_CITY": "REMER", "CWP_STATE": "MN", "CWP_ZIP": "56672", "CWP_COUNTY": "Cass", "NPDES_ID": "MNG585210", "REGISTRY_ID": "110068681457", "CWP_FACILITY_TYPE_INDICATOR": "POTW", "CWP_MAJOR_MINOR_STATUS": "Minor", "CWP_PERMIT_STATUS_DESC": "Effective", "STATE_WATER_BODY_NAME": "WILLOW RIVER", "CWP_CSO_FLAG": "N"}}, {"type": "Feature", "geometry": {"type": "Point", "coordinates": [-94.17059140532, 44.9161511863076]}, "properties": {"CWP_NAME": "SILVER LAKE WWTP", "CWP_STREET": "8705 210TH ST", "CWP_CITY": "SILVER LAKE", "CWP_STATE": "MN", "CWP_ZIP": "55381", "CWP_COUNTY": "McLeod", "NPDES_ID": "MNG585164", "REGISTRY_ID": "110068575205", "CWP_FACILITY_TYPE_INDICATOR": "POTW", "CWP_MAJOR_MINOR_STATUS": "Minor", "CWP_PERMIT_STATUS_DESC": "Effective", "STATE_WATER_BODY_NAME": "OTTER CREEK", "CWP_CSO_FLAG": "N"}}, {"type": "Feature", "geometry": {"type": "Point", "coordinates": [-96.4416590515327, 45.3064676358469]}, "properties": {"CWP_NAME": "ORTONVILLE WWTP", "CWP_STREET": "600 JACKSON AVE", "CWP_CITY": "ORTONVILLE", "CWP_STATE": "MN", "CWP_ZIP": "56278", "CWP_COUNTY": "Big Stone", "NPDES_ID": "MNG585151", "REGISTRY_ID": "110006738628", "CWP_FACILITY_TYPE_INDICATOR": "POTW", "CWP_MAJOR_MINOR_STATUS": "Minor", "CWP_PERMIT_STATUS_DESC": "Effective", "STATE_WATER_BODY_NAME": "MINNESOTA RIVER", "CWP_CSO_FLAG": "N"}}, {"type": "Feature", "geometry": {"type": "Point", "coordinates": [-95.9357810712585, 43.924694227832]}, "properties": {"CWP_NAME": "CHANDLER WWTP", "CWP_STREET": "641 56TH ST", "CWP_CITY": "CHANDLER", "CWP_STATE": "MN", "CWP_ZIP": "56122", "CWP_COUNTY": "Murray", "NPDES_ID": "MN0039748", "REGISTRY_ID": "110008810108", "CWP_FACILITY_TYPE_INDICATOR": "POTW", "CWP_MAJOR_MINOR_STATUS": "Minor", "CWP_PERMIT_STATUS_DESC": "Effective", "STATE_WATER_BODY_NAME": "UNNAMED CREEK", "CWP_CSO_FLAG": "N"}}, {"type": "Feature", "geometry": {"type": "Point", "coordinates": [-96.1416757878356, 45.8116744771587]}, "properties": {"CWP_NAME": "HERMAN WWTP", "CWP_STREET": "HIGHWAY 9", "CWP_CITY": "HERMAN", "CWP_STATE": "MN", "CWP_ZIP": "56248", "CWP_COUNTY": "Grant", "NPDES_ID": "MNG585177", "REGISTRY_ID": "110008803768", "CWP_FACILITY_TYPE_INDICATOR": "POTW", "CWP_MAJOR_MINOR_STATUS": "Minor", "CWP_PERMIT_STATUS_DESC": "Effective", "STATE_WATER_BODY_NAME": "UNNAMED CREEK (NELSON LAKE)", "CWP_CSO_FLAG": "N"}}, {"type": "Feature", "geometry": {"type": "Point", "coordinates": [-96.4333420010953, 44.5000076741438]}, "properties": {"CWP_NAME": "HENDRICKS WWTP", "CWP_STREET": "SEC 7, T46W, HENDRICKS TWNSHP", "CWP_CITY": "HENDRICKS", "CWP_STATE": "MN", "CWP_ZIP": "56136", "CWP_COUNTY": "Lincoln", "NPDES_ID": "MN0021121", "REGISTRY_ID": "110008809557", "CWP_FACILITY_TYPE_INDICATOR": "POTW", "CWP_MAJOR_MINOR_STATUS": "Minor", "CWP_PERMIT_STATUS_DESC": "Terminated", "STATE_WATER_BODY_NAME": "LAC QUI PARLE R", "CWP_CSO_FLAG": "N"}}, {"type": "Feature", "geometry": {"type": "Point", "coordinates": [-93.415827789799, 43.5543796080557]}, "properties": {"CWP_NAME": "TWIN LAKES WWTP", "CWP_STREET": "705 RIVER ST", "CWP_CITY": "TWIN LAKES", "CWP_STATE": "MN", "CWP_ZIP": "56089", "CWP_COUNTY": "Freeborn", "NPDES_ID": "MNG585042", "REGISTRY_ID": "110068383706", "CWP_FACILITY_TYPE_INDICATOR": "POTW", "CWP_MAJOR_MINOR_STATUS": "Minor", "CWP_PERMIT_STATUS_DESC": "Effective", "STATE_WATER_BODY_NAME": "GOOSE CREEK (COUNTY DITCH 10)", "CWP_CSO_FLAG": "N"}}, {"type": "Feature", "geometry": {"type": "Point", "coordinates": [-92.7587858583468, 45.3907298929873]}, "properties": {"CWP_NAME": "SHAFER WWTP", "CWP_STREET": "30300 REDWING AVE", "CWP_CITY": "SHAFER", "CWP_STATE": "MN", "CWP_ZIP": "55074", "CWP_COUNTY": "Chisago", "NPDES_ID": "MN0030848", "REGISTRY_ID": "110012310659", "CWP_FACILITY_TYPE_INDICATOR": "POTW", "CWP_MAJOR_MINOR_STATUS": "Minor", "CWP_PERMIT_STATUS_DESC": "Admin Continued", "STATE_WATER_BODY_NAME": "UNNAMED CREEK", "CWP_CSO_FLAG": "N"}}, {"type": "Feature", "geometry": {"type": "Point", "coordinates": [-94.7963858053844, 45.4630316532858]}, "properties": {"CWP_NAME": "LAKE HENRY WWTP", "CWP_STREET": "HIGHWAY 4", "CWP_CITY": "LAKE HENRY", "CWP_STATE": "MN", "CWP_ZIP": "56362", "CWP_COUNTY": "Stearns", "NPDES_ID": "MN0020885", "REGISTRY_ID": "110008804990", "CWP_FACILITY_TYPE_INDICATOR": "POTW", "CWP_MAJOR_MINOR_STATUS": "Minor", "CWP_PERMIT_STATUS_DESC": "Expired", "STATE_WATER_BODY_NAME": "UNNAMED DITCH", "CWP_CSO_FLAG": "N"}}, {"type": "Feature", "geometry": {"type": "Point", "coordinates": [-94.9786055867176, 45.4386528145616]}, "properties": {"CWP_NAME": "BELGRADE WWTP", "CWP_STREET": "21757 FARMCREST RD", "CWP_CITY": "BELGRADE", "CWP_STATE": "MN", "CWP_ZIP": "56312", "CWP_COUNTY": "Stearns", "NPDES_ID": "MN0051381", "REGISTRY_ID": "110008805427", "CWP_FACILITY_TYPE_INDICATOR": "POTW", "CWP_MAJOR_MINOR_STATUS": "Minor", "CWP_PERMIT_STATUS_DESC": "Admin Continued", "STATE_WATER_BODY_NAME": "UNNAMED CREEK", "CWP_CSO_FLAG": "N"}}, {"type": "Feature", "geometry": {"type": "Point", "coordinates": [-93.5589578519883, 45.2033983296706]}, "properties": {"CWP_NAME": "MET COUNCIL - ROGERS WWTP", "CWP_STREET": "22200 S DIAMOND LAKE RD", "CWP_CITY": "ROGERS", "CWP_STATE": "MN", "CWP_ZIP": "55374", "CWP_COUNTY": "Hennepin", "NPDES_ID": "MN0029629", "REGISTRY_ID": "110006739002", "CWP_FACILITY_TYPE_INDICATOR": "POTW", "CWP_MAJOR_MINOR_STATUS": "Major", "CWP_PERMIT_STATUS_DESC": "Effective", "STATE_WATER_BODY_NAME": "UNNAMED DITCH", "CWP_CSO_FLAG": "N"}}, {"type": "Feature", "geometry": {"type": "Point", "coordinates": [-95.4093493433155, 44.4085871523625]}, "properties": {"CWP_NAME": "LUCAN WWTP", "CWP_STREET": "302 ELM ST", "CWP_CITY": "LUCAN", "CWP_STATE": "MN", "CWP_ZIP": "56255", "CWP_COUNTY": "Redwood", "NPDES_ID": "MN0031348", "REGISTRY_ID": "110068041746", "CWP_FACILITY_TYPE_INDICATOR": "POTW", "CWP_MAJOR_MINOR_STATUS": "Minor", "CWP_PERMIT_STATUS_DESC": "Effective", "STATE_WATER_BODY_NAME": "UNNAMED DITCH", "CWP_CSO_FLAG": "N"}}, {"type": "Feature", "geometry": {"type": "Point", "coordinates": [-93.2662273581001, 43.8234181441529]}, "properties": {"CWP_NAME": "GENEVA WWTP", "CWP_STREET": "101 1ST AVE NE", "CWP_CITY": "GENEVA", "CWP_STATE": "MN", "CWP_ZIP": "56035", "CWP_COUNTY": "Freeborn", "NPDES_ID": "MNG585292", "REGISTRY_ID": "110070502268", "CWP_FACILITY_TYPE_INDICATOR": "POTW", "CWP_MAJOR_MINOR_STATUS": "Minor", "CWP_PERMIT_STATUS_DESC": "Effective", "STATE_WATER_BODY_NAME": "COUNTY DITCH 64 (STRAIGHT RIVER)", "CWP_CSO_FLAG": "N"}}, {"type": "Feature", "geometry": {"type": "Point", "coordinates": [-92.3350380972049, 47.526508566379]}, "properties": {"CWP_NAME": "BIWABIK WWTP", "CWP_STREET": "DEPOT LOCATION", "CWP_CITY": "BIWABIK", "CWP_STATE": "MN", "CWP_ZIP": "55708", "CWP_COUNTY": "St. Louis", "NPDES_ID": "MN0053279", "REGISTRY_ID": "110008799327", "CWP_FACILITY_TYPE_INDICATOR": "POTW", "CWP_MAJOR_MINOR_STATUS": "Minor", "CWP_PERMIT_STATUS_DESC": "Effective", "STATE_WATER_BODY_NAME": "EMBARRASS RIVER, EMBARRASS RIVER (EMBARRASS LAKE)", "CWP_CSO_FLAG": "N"}}, {"type": "Feature", "geometry": {"type": "Point", "coordinates": [-95.5635030774611, 44.4107266288106]}, "properties": {"CWP_NAME": "MILROY WWTP", "CWP_STREET": "COUNTY ROAD 32", "CWP_CITY": "MILROY", "CWP_STATE": "MN", "CWP_ZIP": "56263", "CWP_COUNTY": "Redwood", "NPDES_ID": "MNG585124", "REGISTRY_ID": "110008809414", "CWP_FACILITY_TYPE_INDICATOR": "POTW", "CWP_MAJOR_MINOR_STATUS": "Minor", "CWP_PERMIT_STATUS_DESC": "Effective", "STATE_WATER_BODY_NAME": "JUDICIAL DITCH 14 & 15", "CWP_CSO_FLAG": "N"}}, {"type": "Feature", "geometry": {"type": "Point", "coordinates": [-92.2628571421905, 44.4379475411776]}, "properties": {"CWP_NAME": "LAKE CITY WWTP", "CWP_STREET": "601 W IOWA ST", "CWP_CITY": "LAKE CITY", "CWP_STATE": "MN", "CWP_ZIP": "55041", "CWP_COUNTY": "Wabasha", "NPDES_ID": "MN0020664", "REGISTRY_ID": "110003832318", "CWP_FACILITY_TYPE_INDICATOR": "POTW", "CWP_MAJOR_MINOR_STATUS": "Major", "CWP_PERMIT_STATUS_DESC": "Effective", "STATE_WATER_BODY_NAME": "MISSISSIPPI RIVER", "CWP_CSO_FLAG": "N"}}, {"type": "Feature", "geometry": {"type": "Point", "coordinates": [-94.6439381516338, 45.9103581097549]}, "properties": {"CWP_NAME": "SWANVILLE WWTP", "CWP_STREET": "34914 STATE 28", "CWP_CITY": "SWANVILLE", "CWP_STATE": "MN", "CWP_ZIP": "56382", "CWP_COUNTY": "Todd", "NPDES_ID": "MN0020109", "REGISTRY_ID": "110039756056", "CWP_FACILITY_TYPE_INDICATOR": "POTW", "CWP_MAJOR_MINOR_STATUS": "Minor", "CWP_PERMIT_STATUS_DESC": "Effective", "STATE_WATER_BODY_NAME": "SWAN RIVER", "CWP_CSO_FLAG": "N"}}, {"type": "Feature", "geometry": {"type": "Point", "coordinates": [-92.3816970933042, 43.6905379543753]}, "properties": {"CWP_NAME": "SPRING VALLEY", "CWP_STREET": "E HWY 16 T103N R13W SECT 27", "CWP_CITY": "SPRING VALLEY", "CWP_STATE": "MN", "CWP_ZIP": "55975", "CWP_COUNTY": "Fillmore", "NPDES_ID": "MN0051934", "REGISTRY_ID": "110008816433", "CWP_FACILITY_TYPE_INDICATOR": "POTW", "CWP_MAJOR_MINOR_STATUS": "Minor", "CWP_PERMIT_STATUS_DESC": "Admin Continued", "STATE_WATER_BODY_NAME": "SPRING VALLEY CR", "CWP_CSO_FLAG": "N"}}, {"type": "Feature", "geometry": {"type": "Point", "coordinates": [-93.9591465866645, 46.5672068853385]}, "properties": {"CWP_NAME": "SERPENT LAKE WWTP", "CWP_STREET": "SEC 2 T46N R29W", "CWP_CITY": "CROSBY", "CWP_STATE": "MN", "CWP_ZIP": "56441", "CWP_COUNTY": "Crow Wing", "NPDES_ID": "MN0058122", "REGISTRY_ID": "110008803438", "CWP_FACILITY_TYPE_INDICATOR": "POTW", "CWP_MAJOR_MINOR_STATUS": "Minor", "CWP_PERMIT_STATUS_DESC": "Terminated", "STATE_WATER_BODY_NAME": "L MENOMIN VIA RABBIT CR", "CWP_CSO_FLAG": "N"}}, {"type": "Feature", "geometry": {"type": "Point", "coordinates": [-95.9868433314789, 47.4485442510341]}, "properties": {"CWP_NAME": "BEJOU", "CWP_STREET": "P.O. BOX 2098", "CWP_CITY": "BEJOU", "CWP_STATE": "MN", "CWP_ZIP": "56516", "CWP_COUNTY": "Mahnomen", "NPDES_ID": "MN0064688", "REGISTRY_ID": "110009049564", "CWP_FACILITY_TYPE_INDICATOR": "POTW", "CWP_MAJOR_MINOR_STATUS": "Minor", "CWP_PERMIT_STATUS_DESC": "Effective", "STATE_WATER_BODY_NAME": "MARSH CREEK", "CWP_CSO_FLAG": "N"}}, {"type": "Feature", "geometry": {"type": "Point", "coordinates": [-95.5078589275445, 47.7397484019637]}, "properties": {"CWP_NAME": "GONVICK WWTP", "CWP_STREET": "SEC 10, T149N, R38W", "CWP_CITY": "GONVICK", "CWP_STATE": "MN", "CWP_ZIP": "56644", "CWP_COUNTY": "Clearwater", "NPDES_ID": "MN0020541", "REGISTRY_ID": "110008796892", "CWP_FACILITY_TYPE_INDICATOR": "POTW", "CWP_MAJOR_MINOR_STATUS": "Minor", "CWP_PERMIT_STATUS_DESC": "Admin Continued", "STATE_WATER_BODY_NAME": "LOST R", "CWP_CSO_FLAG": "N"}}, {"type": "Feature", "geometry": {"type": "Point", "coordinates": [-94.3417144269743, 44.733396317583]}, "properties": {"CWP_NAME": "BROWNTON WWTP", "CWP_STREET": "1100 2ND AVE N", "CWP_CITY": "BROWNTON", "CWP_STATE": "MN", "CWP_ZIP": "55312", "CWP_COUNTY": "McLeod", "NPDES_ID": "MN0022951", "REGISTRY_ID": "110008811688", "CWP_FACILITY_TYPE_INDICATOR": "POTW", "CWP_MAJOR_MINOR_STATUS": "Minor", "CWP_PERMIT_STATUS_DESC": "Admin Continued", "STATE_WATER_BODY_NAME": "BUFFALO CREEK", "CWP_CSO_FLAG": "N"}}, {"type": "Feature", "geometry": {"type": "Point", "coordinates": [-96.2566467502276, 44.4703570349509]}, "properties": {"CWP_NAME": "IVANHOE WWTP", "CWP_STREET": "HIGHWAY 25 N", "CWP_CITY": "IVANHOE", "CWP_STATE": "MN", "CWP_ZIP": "56142", "CWP_COUNTY": "Lincoln", "NPDES_ID": "MNG585103", "REGISTRY_ID": "110067815476", "CWP_FACILITY_TYPE_INDICATOR": "POTW", "CWP_MAJOR_MINOR_STATUS": "Minor", "CWP_PERMIT_STATUS_DESC": "Effective", "STATE_WATER_BODY_NAME": "YELLOW MEDICINE RIVER", "CWP_CSO_FLAG": "N"}}, {"type": "Feature", "geometry": {"type": "Point", "coordinates": [-93.7759778267884, 45.297947651886]}, "properties": {"CWP_NAME": "MONTICELLO WWTP", "CWP_STREET": "1401 HART BLVD", "CWP_CITY": "MONTICELLO", "CWP_STATE": "MN", "CWP_ZIP": "553628654", "CWP_COUNTY": "Wright", "NPDES_ID": "MN0020567", "REGISTRY_ID": "110000737089", "CWP_FACILITY_TYPE_INDICATOR": "POTW", "CWP_MAJOR_MINOR_STATUS": "Major", "CWP_PERMIT_STATUS_DESC": "Effective", "STATE_WATER_BODY_NAME": "MISSISSIPPI RIVER", "CWP_CSO_FLAG": "N"}}, {"type": "Feature", "geometry": {"type": "Point", "coordinates": [-94.9328283855347, 46.1193380775919]}, "properties": {"CWP_NAME": "CLARISSA WWTP", "CWP_STREET": "33891 LACE WING RD", "CWP_CITY": "CLARISSA", "CWP_STATE": "MN", "CWP_ZIP": "56440", "CWP_COUNTY": "Todd", "NPDES_ID": "MNG585008", "REGISTRY_ID": "110008802670", "CWP_FACILITY_TYPE_INDICATOR": "POTW", "CWP_MAJOR_MINOR_STATUS": "Minor", "CWP_PERMIT_STATUS_DESC": "Effective", "STATE_WATER_BODY_NAME": "UNNAMED CREEK", "CWP_CSO_FLAG": "N"}}, {"type": "Feature", "geometry": {"type": "Point", "coordinates": [-96.2660118462558, 47.3724094134252]}, "properties": {"CWP_NAME": "GARY WWTP", "CWP_STREET": "SEE LOCATION DESCRIPTION", "CWP_CITY": "GARY", "CWP_STATE": "MN", "CWP_ZIP": "56545", "CWP_COUNTY": "Norman", "NPDES_ID": "MNG585175", "REGISTRY_ID": "110068961840", "CWP_FACILITY_TYPE_INDICATOR": "POTW", "CWP_MAJOR_MINOR_STATUS": "Minor", "CWP_PERMIT_STATUS_DESC": "Effective", "STATE_WATER_BODY_NAME": "COUNTY DITCH 75", "CWP_CSO_FLAG": "N"}}, {"type": "Feature", "geometry": {"type": "Point", "coordinates": [-94.9846471069604, 44.5514454094622]}, "properties": {"CWP_NAME": "MORTON", "CWP_STREET": "UNKNOWN", "CWP_CITY": "MORTON", "CWP_STATE": "MN", "CWP_ZIP": "00000", "CWP_COUNTY": "Renville", "NPDES_ID": "MN0051292", "REGISTRY_ID": "110031275796", "CWP_FACILITY_TYPE_INDICATOR": "POTW", "CWP_MAJOR_MINOR_STATUS": "Minor", "CWP_PERMIT_STATUS_DESC": "Admin Continued", "STATE_WATER_BODY_NAME": null, "CWP_CSO_FLAG": "N"}}, {"type": "Feature", "geometry": {"type": "Point", "coordinates": [-93.2120073492558, 44.8267298506907]}, "properties": {"CWP_NAME": "MET COUNCIL - SENECA WWTP", "CWP_STREET": "3750 PLANT ROAD", "CWP_CITY": "EAGAN", "CWP_STATE": "MN", "CWP_ZIP": "55122", "CWP_COUNTY": "Dakota", "NPDES_ID": "MN0030007", "REGISTRY_ID": "110000545410", "CWP_FACILITY_TYPE_INDICATOR": "POTW", "CWP_MAJOR_MINOR_STATUS": "Major", "CWP_PERMIT_STATUS_DESC": "Admin Continued", "STATE_WATER_BODY_NAME": "MINN R", "CWP_CSO_FLAG": "N"}}, {"type": "Feature", "geometry": {"type": "Point", "coordinates": [-93.1894647970538, 43.770189067983]}, "properties": {"CWP_NAME": "HOLLANDALE WWTP", "CWP_STREET": "840TH AVE", "CWP_CITY": "HOLLANDALE", "CWP_STATE": "MN", "CWP_ZIP": "56045", "CWP_COUNTY": "Freeborn", "NPDES_ID": "MNG585374", "REGISTRY_ID": "110068785942", "CWP_FACILITY_TYPE_INDICATOR": "POTW", "CWP_MAJOR_MINOR_STATUS": "Minor", "CWP_PERMIT_STATUS_DESC": "Effective", "STATE_WATER_BODY_NAME": "MUD CREEK", "CWP_CSO_FLAG": "N"}}, {"type": "Feature", "geometry": {"type": "Point", "coordinates": [-96.1635207686963, 48.434357805542]}, "properties": {"CWP_NAME": "MIDDLE RIVER WWTP", "CWP_STREET": "250 HILL AVE E", "CWP_CITY": "MIDDLE RIVER", "CWP_STATE": "MN", "CWP_ZIP": "56737", "CWP_COUNTY": "Marshall", "NPDES_ID": "MNG585163", "REGISTRY_ID": "110067961904", "CWP_FACILITY_TYPE_INDICATOR": "POTW", "CWP_MAJOR_MINOR_STATUS": "Minor", "CWP_PERMIT_STATUS_DESC": "Effective", "STATE_WATER_BODY_NAME": "UNNAMED DITCH", "CWP_CSO_FLAG": "N"}}, {"type": "Feature", "geometry": {"type": "Point", "coordinates": [-94.8460301647661, 45.2565301917564]}, "properties": {"CWP_NAME": "GLACIAL LAKES SSWD", "CWP_STREET": "14403 138TH AVE NE", "CWP_CITY": "SPICER", "CWP_STATE": "MN", "CWP_ZIP": "562888501", "CWP_COUNTY": "Kandiyohi", "NPDES_ID": "MN0052752", "REGISTRY_ID": "110006738584", "CWP_FACILITY_TYPE_INDICATOR": "POTW", "CWP_MAJOR_MINOR_STATUS": "Minor", "CWP_PERMIT_STATUS_DESC": "Effective", "STATE_WATER_BODY_NAME": "CROW RIVER, MIDDLE FORK", "CWP_CSO_FLAG": "N"}}, {"type": "Feature", "geometry": {"type": "Point", "coordinates": [-95.519598415098, 46.1224910571796]}, "properties": {"CWP_NAME": "URBANK WWTP", "CWP_STREET": "154 MAIN ST", "CWP_CITY": "URBANK", "CWP_STATE": "MN", "CWP_ZIP": "56524", "CWP_COUNTY": "Otter Tail", "NPDES_ID": "MNG585343", "REGISTRY_ID": "110068783221", "CWP_FACILITY_TYPE_INDICATOR": "POTW", "CWP_MAJOR_MINOR_STATUS": "Minor", "CWP_PERMIT_STATUS_DESC": "Effective", "STATE_WATER_BODY_NAME": "UNNAMED DITCH", "CWP_CSO_FLAG": "N"}}, {"type": "Feature", "geometry": {"type": "Point", "coordinates": [-95.8586934395166, 47.0858296465385]}, "properties": {"CWP_NAME": "WHITE EARTH WWSL", "CWP_STREET": "P.O. BOX 418", "CWP_CITY": "WHITE EARTH", "CWP_STATE": "MN", "CWP_ZIP": "56591", "CWP_COUNTY": "Becker", "NPDES_ID": "MN0064173", "REGISTRY_ID": "110014423230", "CWP_FACILITY_TYPE_INDICATOR": "POTW", "CWP_MAJOR_MINOR_STATUS": "Minor", "CWP_PERMIT_STATUS_DESC": "Effective", "STATE_WATER_BODY_NAME": "UNNAMED SLOUGHINTO RAT FARM LAKE", "CWP_CSO_FLAG": "N"}}, {"type": "Feature", "geometry": {"type": "Point", "coordinates": [-93.6499081146416, 45.2003082522595]}, "properties": {"CWP_NAME": "SAINT MICHAEL WWTP", "CWP_STREET": "3320 LANDER AVE NE", "CWP_CITY": "SAINT MICHAEL", "CWP_STATE": "MN", "CWP_ZIP": "55376", "CWP_COUNTY": "Wright", "NPDES_ID": "MN0020222", "REGISTRY_ID": "110039726188", "CWP_FACILITY_TYPE_INDICATOR": "POTW", "CWP_MAJOR_MINOR_STATUS": "Major", "CWP_PERMIT_STATUS_DESC": "Effective", "STATE_WATER_BODY_NAME": "CROW RIVER", "CWP_CSO_FLAG": "N"}}, {"type": "Feature", "geometry": {"type": "Point", "coordinates": [-93.8630878171617, 44.0850075436983]}, "properties": {"CWP_NAME": "SAINT CLAIR WWTF", "CWP_STREET": "336 MAIN STREET WEST", "CWP_CITY": "SAINT CLAIR", "CWP_STATE": "MN", "CWP_ZIP": "56080", "CWP_COUNTY": "Blue Earth", "NPDES_ID": "MN0024716", "REGISTRY_ID": "110006739039", "CWP_FACILITY_TYPE_INDICATOR": "POTW", "CWP_MAJOR_MINOR_STATUS": "Minor", "CWP_PERMIT_STATUS_DESC": "Admin Continued", "STATE_WATER_BODY_NAME": "LESUEUR R", "CWP_CSO_FLAG": "N"}}, {"type": "Feature", "geometry": {"type": "Point", "coordinates": [-92.9740177849985, 44.0374082796232]}, "properties": {"CWP_NAME": "CLAREMONT", "CWP_STREET": "13644 630TH STREET", "CWP_CITY": "CLAREMONT", "CWP_STATE": "MN", "CWP_ZIP": "55924", "CWP_COUNTY": "Dodge", "NPDES_ID": "MN0022187", "REGISTRY_ID": "110054240406", "CWP_FACILITY_TYPE_INDICATOR": "POTW", "CWP_MAJOR_MINOR_STATUS": "Minor", "CWP_PERMIT_STATUS_DESC": "Admin Continued", "STATE_WATER_BODY_NAME": "DODGE CENTER CR VIA DT", "CWP_CSO_FLAG": "N"}}, {"type": "Feature", "geometry": {"type": "Point", "coordinates": [-94.9853332847737, 44.5147018032869]}, "properties": {"CWP_NAME": "LOWER SIOUX WWSL", "CWP_STREET": "P.O. BOX 193", "CWP_CITY": "REDWOOD FALLS", "CWP_STATE": "MN", "CWP_ZIP": "56283", "CWP_COUNTY": "Redwood", "NPDES_ID": "MN0061433", "REGISTRY_ID": "110011114070", "CWP_FACILITY_TYPE_INDICATOR": "POTW", "CWP_MAJOR_MINOR_STATUS": "Minor", "CWP_PERMIT_STATUS_DESC": "Effective", "STATE_WATER_BODY_NAME": null, "CWP_CSO_FLAG": "N"}}, {"type": "Feature", "geometry": {"type": "Point", "coordinates": [-95.3218621966875, 48.9030953739124]}, "properties": {"CWP_NAME": "SPRINGSTEEL ISLAND WWTF", "CWP_STREET": "T163N, R36W, SECT 8, LAKE TWSP", "CWP_CITY": "WARROAD", "CWP_STATE": "MN", "CWP_ZIP": "00000", "CWP_COUNTY": "Roseau", "NPDES_ID": "MN0068322", "REGISTRY_ID": "110024573923", "CWP_FACILITY_TYPE_INDICATOR": "POTW", "CWP_MAJOR_MINOR_STATUS": "Minor", "CWP_PERMIT_STATUS_DESC": "Admin Continued", "STATE_WATER_BODY_NAME": "WETLAND TO LAKE OF THE WOODS", "CWP_CSO_FLAG": "N"}}, {"type": "Feature", "geometry": {"type": "Point", "coordinates": [-92.9643978187439, 44.6778183027979]}, "properties": {"CWP_NAME": "VERMILLION WWTP", "CWP_STREET": "100 SCHOEN LN", "CWP_CITY": "VERMILLION", "CWP_STATE": "MN", "CWP_ZIP": "55085", "CWP_COUNTY": "Dakota", "NPDES_ID": "MN0025101", "REGISTRY_ID": "110006650533", "CWP_FACILITY_TYPE_INDICATOR": "POTW", "CWP_MAJOR_MINOR_STATUS": "Minor", "CWP_PERMIT_STATUS_DESC": "Effective", "STATE_WATER_BODY_NAME": "VERMILLION RIVER", "CWP_CSO_FLAG": "N"}}, {"type": "Feature", "geometry": {"type": "Point", "coordinates": [-94.3910080404166, 44.4399079177271]}, "properties": {"CWP_NAME": "LAFAYETTE", "CWP_STREET": "50 9TH STREET", "CWP_CITY": "LAFAYETTE", "CWP_STATE": "MN", "CWP_ZIP": "56054", "CWP_COUNTY": "Nicollet", "NPDES_ID": "MN0023876", "REGISTRY_ID": "110006739084", "CWP_FACILITY_TYPE_INDICATOR": "POTW", "CWP_MAJOR_MINOR_STATUS": "Minor", "CWP_PERMIT_STATUS_DESC": "Admin Continued", "STATE_WATER_BODY_NAME": "RUSH R S BR VIA CD 40A VIA DT", "CWP_CSO_FLAG": "N"}}, {"type": "Feature", "geometry": {"type": "Point", "coordinates": [-96.0275281209354, 43.8368286460804]}, "properties": {"CWP_NAME": "LEOTA SANITARY DISTRICT WWTP", "CWP_STREET": "ADDRESS UNKNOWN", "CWP_CITY": "LEOTA", "CWP_STATE": "MN", "CWP_ZIP": "56153", "CWP_COUNTY": "Nobles", "NPDES_ID": "MNG585219", "REGISTRY_ID": "110068333459", "CWP_FACILITY_TYPE_INDICATOR": "POTW", "CWP_MAJOR_MINOR_STATUS": "Minor", "CWP_PERMIT_STATUS_DESC": "Effective", "STATE_WATER_BODY_NAME": "UNNAMED CREEK", "CWP_CSO_FLAG": "N"}}, {"type": "Feature", "geometry": {"type": "Point", "coordinates": [-93.9050079812139, 44.4869802730176]}, "properties": {"CWP_NAME": "LESUEUR", "CWP_STREET": "HWY 169", "CWP_CITY": "LESUEUR", "CWP_STATE": "MN", "CWP_ZIP": "56058", "CWP_COUNTY": "Le Sueur", "NPDES_ID": "MN0022152", "REGISTRY_ID": "110008812794", "CWP_FACILITY_TYPE_INDICATOR": "POTW", "CWP_MAJOR_MINOR_STATUS": "Minor", "CWP_PERMIT_STATUS_DESC": "Terminated", "STATE_WATER_BODY_NAME": "MINN R", "CWP_CSO_FLAG": "N"}}, {"type": "Feature", "geometry": {"type": "Point", "coordinates": [-97.1179301164719, 48.2061583274894]}, "properties": {"CWP_NAME": "OSLO_WWTF", "CWP_STREET": "HWY 220 T115N R50W SECT 32", "CWP_CITY": "OSLO", "CWP_STATE": "MN", "CWP_ZIP": "56744", "CWP_COUNTY": "Marshall", "NPDES_ID": "MN0024431", "REGISTRY_ID": "110008795599", "CWP_FACILITY_TYPE_INDICATOR": "POTW", "CWP_MAJOR_MINOR_STATUS": "Minor", "CWP_PERMIT_STATUS_DESC": "Terminated", "STATE_WATER_BODY_NAME": "RED R OTN", "CWP_CSO_FLAG": "N"}}, {"type": "Feature", "geometry": {"type": "Point", "coordinates": [-91.6088842996259, 44.0349981865724]}, "properties": {"CWP_NAME": "WINONA WWTP", "CWP_STREET": "1400 SHIVE RD", "CWP_CITY": "WINONA", "CWP_STATE": "MN", "CWP_ZIP": "559876208", "CWP_COUNTY": "Winona", "NPDES_ID": "MN0030147", "REGISTRY_ID": "110039744140", "CWP_FACILITY_TYPE_INDICATOR": "POTW", "CWP_MAJOR_MINOR_STATUS": "Major", "CWP_PERMIT_STATUS_DESC": "Effective", "STATE_WATER_BODY_NAME": "MISSISSIPPI RIVER", "CWP_CSO_FLAG": "N"}}, {"type": "Feature", "geometry": {"type": "Point", "coordinates": [-93.5568389140039, 44.2173311322002]}, "properties": {"CWP_NAME": "WATERVILLE", "CWP_STREET": "1101 FARIBAULT STREET", "CWP_CITY": "WATERVILLE", "CWP_STATE": "MN", "CWP_ZIP": "56096", "CWP_COUNTY": "Le Sueur", "NPDES_ID": "MN0025208", "REGISTRY_ID": "110008813374", "CWP_FACILITY_TYPE_INDICATOR": "POTW", "CWP_MAJOR_MINOR_STATUS": "Minor", "CWP_PERMIT_STATUS_DESC": "Admin Continued", "STATE_WATER_BODY_NAME": "CANNON R, L SAKATAH", "CWP_CSO_FLAG": "N"}}, {"type": "Feature", "geometry": {"type": "Point", "coordinates": [-92.844119089029, 46.3175083672408]}, "properties": {"CWP_NAME": "WILLOW RIVER WWTP", "CWP_STREET": "LONG LAKE RD", "CWP_CITY": "WILLOW RIVER", "CWP_STATE": "MN", "CWP_ZIP": "55795", "CWP_COUNTY": "Pine", "NPDES_ID": "MN0021971", "REGISTRY_ID": "110027245808", "CWP_FACILITY_TYPE_INDICATOR": "POTW", "CWP_MAJOR_MINOR_STATUS": "Minor", "CWP_PERMIT_STATUS_DESC": "Expired", "STATE_WATER_BODY_NAME": "KETTLE RIVER", "CWP_CSO_FLAG": "N"}}, {"type": "Feature", "geometry": {"type": "Point", "coordinates": [-96.1826126440505, 43.7721421896102]}, "properties": {"CWP_NAME": "HARDWICK WWTP", "CWP_STREET": "COUNTY ROAD 7 & COUNTY ROAD 19", "CWP_CITY": "HARDWICK", "CWP_STATE": "MN", "CWP_ZIP": "56134", "CWP_COUNTY": "Rock", "NPDES_ID": "MNG585194", "REGISTRY_ID": "110070503489", "CWP_FACILITY_TYPE_INDICATOR": "POTW", "CWP_MAJOR_MINOR_STATUS": "Minor", "CWP_PERMIT_STATUS_DESC": "Effective", "STATE_WATER_BODY_NAME": "UNNAMED CREEK", "CWP_CSO_FLAG": "N"}}, {"type": "Feature", "geometry": {"type": "Point", "coordinates": [-95.6948987611139, 45.7792476513013]}, "properties": {"CWP_NAME": "FARWELL KENSINGTON WWTF", "CWP_STREET": "SEC 35 T127N R40W", "CWP_CITY": "DOUGLAS COUNTY", "CWP_STATE": "MN", "CWP_ZIP": "56343", "CWP_COUNTY": "Douglas", "NPDES_ID": "MN0065293", "REGISTRY_ID": "110040938714", "CWP_FACILITY_TYPE_INDICATOR": "POTW", "CWP_MAJOR_MINOR_STATUS": "Minor", "CWP_PERMIT_STATUS_DESC": "Terminated", "STATE_WATER_BODY_NAME": "CHIPPEWA R VIA UNN CREEK", "CWP_CSO_FLAG": "N"}}, {"type": "Feature", "geometry": {"type": "Point", "coordinates": [-96.1878087068705, 48.108308555284]}, "properties": {"CWP_NAME": "THIEF RIVER FALLS WWTP", "CWP_STREET": "405 THIRD ST E", "CWP_CITY": "THIEF RIVER FALLS", "CWP_STATE": "MN", "CWP_ZIP": "56701", "CWP_COUNTY": "Pennington", "NPDES_ID": "MN0021431", "REGISTRY_ID": "110008795615", "CWP_FACILITY_TYPE_INDICATOR": "POTW", "CWP_MAJOR_MINOR_STATUS": "Major", "CWP_PERMIT_STATUS_DESC": "Effective", "STATE_WATER_BODY_NAME": "UNNAMED DITCH", "CWP_CSO_FLAG": "N"}}, {"type": "Feature", "geometry": {"type": "Point", "coordinates": [-93.4646998153421, 44.7264014510349]}, "properties": {"CWP_NAME": "SMSC WATER RECLAMATION FACILITY", "CWP_STREET": "15364 ORION RD", "CWP_CITY": "PRIOR LAKE", "CWP_STATE": "MN", "CWP_ZIP": "55372", "CWP_COUNTY": "Scott", "NPDES_ID": "MN0067938", "REGISTRY_ID": "110035428016", "CWP_FACILITY_TYPE_INDICATOR": "POTW", "CWP_MAJOR_MINOR_STATUS": "Minor", "CWP_PERMIT_STATUS_DESC": "Effective", "STATE_WATER_BODY_NAME": "WETLAND COMPLEX", "CWP_CSO_FLAG": "N"}}, {"type": "Feature", "geometry": {"type": "Point", "coordinates": [-94.4323777446966, 44.2870447284121]}, "properties": {"CWP_NAME": "NEW ULM WWTP", "CWP_STREET": "3 TOWER RD", "CWP_CITY": "NEW ULM", "CWP_STATE": "MN", "CWP_ZIP": "560738900", "CWP_COUNTY": "Brown", "NPDES_ID": "MN0030066", "REGISTRY_ID": "110009896292", "CWP_FACILITY_TYPE_INDICATOR": "POTW", "CWP_MAJOR_MINOR_STATUS": "Major", "CWP_PERMIT_STATUS_DESC": "Admin Continued", "STATE_WATER_BODY_NAME": "COTTONWOOD RIVER, MINNESOTA RIVER", "CWP_CSO_FLAG": "N"}}, {"type": "Feature", "geometry": {"type": "Point", "coordinates": [-92.9417077649857, 43.5033080320446]}, "properties": {"CWP_NAME": "LYLE WWTP", "CWP_STREET": "55836 STATELINE RD", "CWP_CITY": "LYLE", "CWP_STATE": "MN", "CWP_ZIP": "55953", "CWP_COUNTY": "Mower", "NPDES_ID": "MN0022101", "REGISTRY_ID": "110008814701", "CWP_FACILITY_TYPE_INDICATOR": "POTW", "CWP_MAJOR_MINOR_STATUS": "Minor", "CWP_PERMIT_STATUS_DESC": "Effective", "STATE_WATER_BODY_NAME": "OTTER CREEK", "CWP_CSO_FLAG": "N"}}, {"type": "Feature", "geometry": {"type": "Point", "coordinates": [-94.7193253249174, 43.6519730636087]}, "properties": {"CWP_NAME": "SHERBURN WWTP", "CWP_STREET": "550 FAIRMONT AVE", "CWP_CITY": "SHERBURN", "CWP_STATE": "MN", "CWP_ZIP": "56171", "CWP_COUNTY": "Martin", "NPDES_ID": "MN0024872", "REGISTRY_ID": "110008810714", "CWP_FACILITY_TYPE_INDICATOR": "POTW", "CWP_MAJOR_MINOR_STATUS": "Minor", "CWP_PERMIT_STATUS_DESC": "Effective", "STATE_WATER_BODY_NAME": "COUNTY DITCH 11", "CWP_CSO_FLAG": "N"}}, {"type": "Feature", "geometry": {"type": "Point", "coordinates": [-95.1663607618481, 45.8495593958428]}, "properties": {"CWP_NAME": "OSAKIS WWTP", "CWP_STREET": "14 NOKOMIS ST W", "CWP_CITY": "OSAKIS", "CWP_STATE": "MN", "CWP_ZIP": "56360", "CWP_COUNTY": "Douglas", "NPDES_ID": "MN0020028", "REGISTRY_ID": "110027365820", "CWP_FACILITY_TYPE_INDICATOR": "POTW", "CWP_MAJOR_MINOR_STATUS": "Minor", "CWP_PERMIT_STATUS_DESC": "Effective", "STATE_WATER_BODY_NAME": "CLIFFORD LAKE (SWIMS LAKE)", "CWP_CSO_FLAG": "N"}}, {"type": "Feature", "geometry": {"type": "Point", "coordinates": [-94.1904177804472, 44.3023916782064]}, "properties": {"CWP_NAME": "ST GEORGE DISTRICT WWTF", "CWP_STREET": "SEC 27 T111N R31W", "CWP_CITY": "SAINT GEORGE", "CWP_STATE": "MN", "CWP_ZIP": "56074", "CWP_COUNTY": "Nicollet", "NPDES_ID": "MN0064785", "REGISTRY_ID": "110011113730", "CWP_FACILITY_TYPE_INDICATOR": "POTW", "CWP_MAJOR_MINOR_STATUS": "Minor", "CWP_PERMIT_STATUS_DESC": "Admin Continued", "STATE_WATER_BODY_NAME": "MINN R VIA UNN CR", "CWP_CSO_FLAG": "N"}}, {"type": "Feature", "geometry": {"type": "Point", "coordinates": [-94.9343578850294, 44.4181182024964]}, "properties": {"CWP_NAME": "MORGAN WWTP", "CWP_STREET": "1171 STATE HIGHWAY 67", "CWP_CITY": "MORGAN", "CWP_STATE": "MN", "CWP_ZIP": "56266", "CWP_COUNTY": "Redwood", "NPDES_ID": "MN0020443", "REGISTRY_ID": "110008811410", "CWP_FACILITY_TYPE_INDICATOR": "POTW", "CWP_MAJOR_MINOR_STATUS": "Minor", "CWP_PERMIT_STATUS_DESC": "Expired", "STATE_WATER_BODY_NAME": "COUNTY DITCH 109", "CWP_CSO_FLAG": "N"}}, {"type": "Feature", "geometry": {"type": "Point", "coordinates": [-93.5883672835198, 43.6653181822681]}, "properties": {"CWP_NAME": "ALDEN WWTP", "CWP_STREET": "21449 640TH AVE", "CWP_CITY": "ALDEN", "CWP_STATE": "MN", "CWP_ZIP": "56009", "CWP_COUNTY": "Freeborn", "NPDES_ID": "MNG585118", "REGISTRY_ID": "110067835588", "CWP_FACILITY_TYPE_INDICATOR": "POTW", "CWP_MAJOR_MINOR_STATUS": "Minor", "CWP_PERMIT_STATUS_DESC": "Effective", "STATE_WATER_BODY_NAME": "FOSTER CREEK", "CWP_CSO_FLAG": "N"}}, {"type": "Feature", "geometry": {"type": "Point", "coordinates": [-92.83031355999, 46.0998688051346]}, "properties": {"CWP_NAME": "SANDSTONE WWTP", "CWP_STREET": "SEE LOCATION DESCRIPTION", "CWP_CITY": "SANDSTONE", "CWP_STATE": "MN", "CWP_ZIP": "55072", "CWP_COUNTY": "Pine", "NPDES_ID": "MN0056910", "REGISTRY_ID": "110008801207", "CWP_FACILITY_TYPE_INDICATOR": "POTW", "CWP_MAJOR_MINOR_STATUS": "Minor", "CWP_PERMIT_STATUS_DESC": "Effective", "STATE_WATER_BODY_NAME": "KETTLE RIVER", "CWP_CSO_FLAG": "N"}}, {"type": "Feature", "geometry": {"type": "Point", "coordinates": [-95.8979079933176, 44.5158879439148]}, "properties": {"CWP_NAME": "GHENT WWTP", "CWP_STREET": "N COUNTY ROAD 5", "CWP_CITY": "GHENT", "CWP_STATE": "MN", "CWP_ZIP": "56239", "CWP_COUNTY": "Lyon", "NPDES_ID": "MNG585121", "REGISTRY_ID": "110008809441", "CWP_FACILITY_TYPE_INDICATOR": "POTW", "CWP_MAJOR_MINOR_STATUS": "Minor", "CWP_PERMIT_STATUS_DESC": "Effective", "STATE_WATER_BODY_NAME": "UNNAMED CREEK", "CWP_CSO_FLAG": "N"}}, {"type": "Feature", "geometry": {"type": "Point", "coordinates": [-95.4651901852909, 45.2626482353788]}, "properties": {"CWP_NAME": "DEGRAFF WWTP", "CWP_STREET": "207 ATLANTIC AVE", "CWP_CITY": "DE GRAFF", "CWP_STATE": "MN", "CWP_ZIP": "56271", "CWP_COUNTY": "Swift", "NPDES_ID": "MN0071234", "REGISTRY_ID": "110070374469", "CWP_FACILITY_TYPE_INDICATOR": "POTW", "CWP_MAJOR_MINOR_STATUS": "Minor", "CWP_PERMIT_STATUS_DESC": "Effective", "STATE_WATER_BODY_NAME": "MUD CREEK", "CWP_CSO_FLAG": "N"}}, {"type": "Feature", "geometry": {"type": "Point", "coordinates": [-95.3156380776465, 43.7904056853238]}, "properties": {"CWP_NAME": "HERON LAKE", "CWP_STREET": "SEC 29 T104N R37W", "CWP_CITY": "HERON LAKE", "CWP_STATE": "MN", "CWP_ZIP": "56137", "CWP_COUNTY": "Jackson", "NPDES_ID": "MN0023655", "REGISTRY_ID": "110008811036", "CWP_FACILITY_TYPE_INDICATOR": "POTW", "CWP_MAJOR_MINOR_STATUS": "Minor", "CWP_PERMIT_STATUS_DESC": "Terminated", "STATE_WATER_BODY_NAME": "N HERON L VIA N MARSH", "CWP_CSO_FLAG": "N"}}, {"type": "Feature", "geometry": {"type": "Point", "coordinates": [-95.0400087250482, 46.1650083473036]}, "properties": {"CWP_NAME": "EAGLE BEND", "CWP_STREET": "718 LAGOON ROAD", "CWP_CITY": "EAGLE BEND", "CWP_STATE": "MN", "CWP_ZIP": "56446", "CWP_COUNTY": "Todd", "NPDES_ID": "MN0023248", "REGISTRY_ID": "110008802689", "CWP_FACILITY_TYPE_INDICATOR": "POTW", "CWP_MAJOR_MINOR_STATUS": "Minor", "CWP_PERMIT_STATUS_DESC": "Terminated", "STATE_WATER_BODY_NAME": "EAGLE CR VIA DT", "CWP_CSO_FLAG": "N"}}, {"type": "Feature", "geometry": {"type": "Point", "coordinates": [-91.5660603365921, 43.7653175464879]}, "properties": {"CWP_NAME": "HOUSTON WWTP", "CWP_STREET": "300 N SHERIDAN ST", "CWP_CITY": "HOUSTON", "CWP_STATE": "MN", "CWP_ZIP": "55943", "CWP_COUNTY": "Houston", "NPDES_ID": "MN0023736", "REGISTRY_ID": "110032939293", "CWP_FACILITY_TYPE_INDICATOR": "POTW", "CWP_MAJOR_MINOR_STATUS": "Minor", "CWP_PERMIT_STATUS_DESC": "Effective", "STATE_WATER_BODY_NAME": "ROOT RIVER", "CWP_CSO_FLAG": "N"}}, {"type": "Feature", "geometry": {"type": "Point", "coordinates": [-93.2099171703773, 43.6565381251303]}, "properties": {"CWP_NAME": "HAYWARD", "CWP_STREET": "COUNTY ROAD 46", "CWP_CITY": "HAYWARD", "CWP_STATE": "MN", "CWP_ZIP": "56043", "CWP_COUNTY": "Freeborn", "NPDES_ID": "MN0041122", "REGISTRY_ID": "110008814649", "CWP_FACILITY_TYPE_INDICATOR": "POTW", "CWP_MAJOR_MINOR_STATUS": "Minor", "CWP_PERMIT_STATUS_DESC": "Terminated", "STATE_WATER_BODY_NAME": "LAND", "CWP_CSO_FLAG": "N"}}, {"type": "Feature", "geometry": {"type": "Point", "coordinates": [-92.8467853563883, 44.7457018468848]}, "properties": {"CWP_NAME": "MET COUNCIL HASTINGS WWTP", "CWP_STREET": "100 LEE ST. & FIRST STREET", "CWP_CITY": "HASTINGS", "CWP_STATE": "MN", "CWP_ZIP": "55033", "CWP_COUNTY": "Dakota", "NPDES_ID": "MN0029955", "REGISTRY_ID": "110003810083", "CWP_FACILITY_TYPE_INDICATOR": "POTW", "CWP_MAJOR_MINOR_STATUS": "Major", "CWP_PERMIT_STATUS_DESC": "Admin Continued", "STATE_WATER_BODY_NAME": "MISS R", "CWP_CSO_FLAG": "N"}}, {"type": "Feature", "geometry": {"type": "Point", "coordinates": [-95.4728252137543, 43.702810794909]}, "properties": {"CWP_NAME": "BREWSTER WWTF", "CWP_STREET": "SEC 25, T103N, R39W", "CWP_CITY": "BREWSTER", "CWP_STATE": "MN", "CWP_ZIP": "56119", "CWP_COUNTY": "Nobles", "NPDES_ID": "MN0021750", "REGISTRY_ID": "110009893767", "CWP_FACILITY_TYPE_INDICATOR": "POTW", "CWP_MAJOR_MINOR_STATUS": "Minor", "CWP_PERMIT_STATUS_DESC": "Admin Continued", "STATE_WATER_BODY_NAME": "OKABENA CR VIA DT", "CWP_CSO_FLAG": "N"}}, {"type": "Feature", "geometry": {"type": "Point", "coordinates": [-92.5450181554332, 47.4605981285737]}, "properties": {"CWP_NAME": "EVELETH WWTP", "CWP_STREET": "1 FAYAL RD", "CWP_CITY": "EVELETH", "CWP_STATE": "MN", "CWP_ZIP": "55734", "CWP_COUNTY": "St. Louis", "NPDES_ID": "MN0023337", "REGISTRY_ID": "110006739173", "CWP_FACILITY_TYPE_INDICATOR": "POTW", "CWP_MAJOR_MINOR_STATUS": "Minor", "CWP_PERMIT_STATUS_DESC": "Effective", "STATE_WATER_BODY_NAME": "ELBOW CREEK", "CWP_CSO_FLAG": "N"}}, {"type": "Feature", "geometry": {"type": "Point", "coordinates": [-96.7474908996477, 46.6683111689053]}, "properties": {"CWP_NAME": "COMSTOCK WWTP", "CWP_STREET": "19TH ST & 150TH AVE", "CWP_CITY": "COMSTOCK", "CWP_STATE": "MN", "CWP_ZIP": "56525", "CWP_COUNTY": "Clay", "NPDES_ID": "MNG585131", "REGISTRY_ID": "110069046543", "CWP_FACILITY_TYPE_INDICATOR": "POTW", "CWP_MAJOR_MINOR_STATUS": "Minor", "CWP_PERMIT_STATUS_DESC": "Effective", "STATE_WATER_BODY_NAME": "UNNAMED CREEK", "CWP_CSO_FLAG": "N"}}, {"type": "Feature", "geometry": {"type": "Point", "coordinates": [-96.4394359499328, 45.4596311946337]}, "properties": {"CWP_NAME": "CLINTON WWTP", "CWP_STREET": "111 MAIN ST", "CWP_CITY": "CLINTON", "CWP_STATE": "MN", "CWP_ZIP": "56225", "CWP_COUNTY": "Big Stone", "NPDES_ID": "MNG585193", "REGISTRY_ID": "110068669202", "CWP_FACILITY_TYPE_INDICATOR": "POTW", "CWP_MAJOR_MINOR_STATUS": "Minor", "CWP_PERMIT_STATUS_DESC": "Effective", "STATE_WATER_BODY_NAME": "LYSING", "CWP_CSO_FLAG": "N"}}, {"type": "Feature", "geometry": {"type": "Point", "coordinates": [-93.9183084383327, 47.0583078386375]}, "properties": {"CWP_NAME": "REMER", "CWP_STREET": "SEC 7, T141N, R25W", "CWP_CITY": "REMER", "CWP_STATE": "MN", "CWP_ZIP": "56672", "CWP_COUNTY": "Cass", "NPDES_ID": "MN0024589", "REGISTRY_ID": "110009896513", "CWP_FACILITY_TYPE_INDICATOR": "POTW", "CWP_MAJOR_MINOR_STATUS": "Minor", "CWP_PERMIT_STATUS_DESC": "Terminated", "STATE_WATER_BODY_NAME": "WILLOW R", "CWP_CSO_FLAG": "N"}}, {"type": "Feature", "geometry": {"type": "Point", "coordinates": [-93.6733289514218, 43.6055627141814]}, "properties": {"CWP_NAME": "WALTERS WWTP", "CWP_STREET": "106 W 3RD ST", "CWP_CITY": "WALTERS", "CWP_STATE": "MN", "CWP_ZIP": "56097", "CWP_COUNTY": "Faribault", "NPDES_ID": "MNG585223", "REGISTRY_ID": "110039760489", "CWP_FACILITY_TYPE_INDICATOR": "POTW", "CWP_MAJOR_MINOR_STATUS": "Minor", "CWP_PERMIT_STATUS_DESC": "Effective", "STATE_WATER_BODY_NAME": "BLUE EARTH RIVER, EAST BRANCH", "CWP_CSO_FLAG": "N"}}, {"type": "Feature", "geometry": {"type": "Point", "coordinates": [-95.3460083285257, 44.7869077140115]}, "properties": {"CWP_NAME": "SACRED HEART WWTP", "CWP_STREET": "111 JACKSON AVE", "CWP_CITY": "SACRED HEART", "CWP_STATE": "MN", "CWP_ZIP": "56285", "CWP_COUNTY": "Renville", "NPDES_ID": "MN0024708", "REGISTRY_ID": "110009896595", "CWP_FACILITY_TYPE_INDICATOR": "POTW", "CWP_MAJOR_MINOR_STATUS": "Minor", "CWP_PERMIT_STATUS_DESC": "Effective", "STATE_WATER_BODY_NAME": "COUNTY DITCH 104", "CWP_CSO_FLAG": "N"}}, {"type": "Feature", "geometry": {"type": "Point", "coordinates": [-92.9753247107237, 45.5861408954085]}, "properties": {"CWP_NAME": "HARRIS WWTP", "CWP_STREET": "43523 GLADSTONE AVE", "CWP_CITY": "HARRIS", "CWP_STATE": "MN", "CWP_ZIP": "55032", "CWP_COUNTY": "Chisago", "NPDES_ID": "MN0050130", "REGISTRY_ID": "110009891929", "CWP_FACILITY_TYPE_INDICATOR": "POTW", "CWP_MAJOR_MINOR_STATUS": "Minor", "CWP_PERMIT_STATUS_DESC": "Expired", "STATE_WATER_BODY_NAME": "GOOSE CREEK", "CWP_CSO_FLAG": "N"}}, {"type": "Feature", "geometry": {"type": "Point", "coordinates": [-95.3069525328789, 44.5957406008887]}, "properties": {"CWP_NAME": "BELVIEW WWTP", "CWP_STREET": "COUNTY STATE AID HIGHWAY 9", "CWP_CITY": "BELVIEW", "CWP_STATE": "MN", "CWP_ZIP": "56214", "CWP_COUNTY": "Redwood", "NPDES_ID": "MNG585003", "REGISTRY_ID": "110008812053", "CWP_FACILITY_TYPE_INDICATOR": "POTW", "CWP_MAJOR_MINOR_STATUS": "Minor", "CWP_PERMIT_STATUS_DESC": "Effective", "STATE_WATER_BODY_NAME": "COUNTY DITCH 12", "CWP_CSO_FLAG": "N"}}, {"type": "Feature", "geometry": {"type": "Point", "coordinates": [-94.6759080972138, 45.4882081862609]}, "properties": {"CWP_NAME": "SAINT MARTIN WWTP", "CWP_STREET": "COUNTY ROAD 32", "CWP_CITY": "SAINT MARTIN", "CWP_STATE": "MN", "CWP_ZIP": "56376", "CWP_COUNTY": "Stearns", "NPDES_ID": "MN0024783", "REGISTRY_ID": "110008805926", "CWP_FACILITY_TYPE_INDICATOR": "POTW", "CWP_MAJOR_MINOR_STATUS": "Minor", "CWP_PERMIT_STATUS_DESC": "Effective", "STATE_WATER_BODY_NAME": "UNNAMED CREEK", "CWP_CSO_FLAG": "N"}}, {"type": "Feature", "geometry": {"type": "Point", "coordinates": [-92.7885271992947, 44.306899176926]}, "properties": {"CWP_NAME": "WANAMINGO WWTP", "CWP_STREET": "HILLCREST AVE", "CWP_CITY": "WANAMINGO", "CWP_STATE": "MN", "CWP_ZIP": "55983", "CWP_COUNTY": "Goodhue", "NPDES_ID": "MN0022209", "REGISTRY_ID": "110030762930", "CWP_FACILITY_TYPE_INDICATOR": "POTW", "CWP_MAJOR_MINOR_STATUS": "Minor", "CWP_PERMIT_STATUS_DESC": "Effective", "STATE_WATER_BODY_NAME": "ZUMBRO RIVER, NORTH FORK", "CWP_CSO_FLAG": "N"}}, {"type": "Feature", "geometry": {"type": "Point", "coordinates": [-93.3087018404336, 46.5943143019867]}, "properties": {"CWP_NAME": "MCGREGOR WWTP", "CWP_STREET": "97 POND LN", "CWP_CITY": "MCGREGOR", "CWP_STATE": "MN", "CWP_ZIP": "55760", "CWP_COUNTY": "Aitkin", "NPDES_ID": "MN0024023", "REGISTRY_ID": "110008800841", "CWP_FACILITY_TYPE_INDICATOR": "POTW", "CWP_MAJOR_MINOR_STATUS": "Minor", "CWP_PERMIT_STATUS_DESC": "Effective", "STATE_WATER_BODY_NAME": "COUNTY DITCH 42", "CWP_CSO_FLAG": "N"}}, {"type": "Feature", "geometry": {"type": "Point", "coordinates": [-93.2331280371295, 45.5664870903939]}, "properties": {"CWP_NAME": "CAMBRIDGE WWTP", "CWP_STREET": "800 7TH AVE SW", "CWP_CITY": "CAMBRIDGE", "CWP_STATE": "MN", "CWP_ZIP": "550081900", "CWP_COUNTY": "Isanti", "NPDES_ID": "MN0020362", "REGISTRY_ID": "110002053205", "CWP_FACILITY_TYPE_INDICATOR": "POTW", "CWP_MAJOR_MINOR_STATUS": "Major", "CWP_PERMIT_STATUS_DESC": "Effective", "STATE_WATER_BODY_NAME": "RUM RIVER", "CWP_CSO_FLAG": "N"}}, {"type": "Feature", "geometry": {"type": "Point", "coordinates": [-96.4102113609124, 43.9934069048374]}, "properties": {"CWP_NAME": "PIPESTONE WWTP", "CWP_STREET": "101ST ST BETWEEN 50TH AVE AND 60TH AVE", "CWP_CITY": "PIPESTONE", "CWP_STATE": "MN", "CWP_ZIP": "56164", "CWP_COUNTY": "Pipestone", "NPDES_ID": "MN0054801", "REGISTRY_ID": "110008810279", "CWP_FACILITY_TYPE_INDICATOR": "POTW", "CWP_MAJOR_MINOR_STATUS": "Minor", "CWP_PERMIT_STATUS_DESC": "Effective", "STATE_WATER_BODY_NAME": "PIPESTONE CREEK", "CWP_CSO_FLAG": "N"}}, {"type": "Feature", "geometry": {"type": "Point", "coordinates": [-96.8286854293333, 47.3506044035435]}, "properties": {"CWP_NAME": "HALSTAD WWTP", "CWP_STREET": "141 4TH AVE W", "CWP_CITY": "HALSTAD", "CWP_STATE": "MN", "CWP_ZIP": "56548", "CWP_COUNTY": "Norman", "NPDES_ID": "MN0020770", "REGISTRY_ID": "110003810010", "CWP_FACILITY_TYPE_INDICATOR": "POTW", "CWP_MAJOR_MINOR_STATUS": "Minor", "CWP_PERMIT_STATUS_DESC": "Effective", "STATE_WATER_BODY_NAME": "RED RIVER OF THE NORTH", "CWP_CSO_FLAG": "N"}}, {"type": "Feature", "geometry": {"type": "Point", "coordinates": [-96.6506088964367, 47.773607790175]}, "properties": {"CWP_NAME": "CROOKSTON WWTP", "CWP_STREET": "COUNTY ROAD 233", "CWP_CITY": "CROOKSTON", "CWP_STATE": "MN", "CWP_ZIP": "56716", "CWP_COUNTY": "Polk", "NPDES_ID": "MN0021423", "REGISTRY_ID": "110008796954", "CWP_FACILITY_TYPE_INDICATOR": "POTW", "CWP_MAJOR_MINOR_STATUS": "Major", "CWP_PERMIT_STATUS_DESC": "Effective", "STATE_WATER_BODY_NAME": "RED LAKE RIVER", "CWP_CSO_FLAG": "N"}}, {"type": "Feature", "geometry": {"type": "Point", "coordinates": [-92.7313854200704, 46.180287999555]}, "properties": {"CWP_NAME": "ASKOV WWTP", "CWP_STREET": "SEE LOCATION DESCRIPTION", "CWP_CITY": "ASKOV", "CWP_STATE": "MN", "CWP_ZIP": "55704", "CWP_COUNTY": "Pine", "NPDES_ID": "MNG585229", "REGISTRY_ID": "110069046099", "CWP_FACILITY_TYPE_INDICATOR": "POTW", "CWP_MAJOR_MINOR_STATUS": "Minor", "CWP_PERMIT_STATUS_DESC": "Effective", "STATE_WATER_BODY_NAME": "PARTRIDGE CREEK", "CWP_CSO_FLAG": "N"}}, {"type": "Feature", "geometry": {"type": "Point", "coordinates": [-94.1851908487506, 43.7691898537794]}, "properties": {"CWP_NAME": "WINNEBAGO WWTP", "CWP_STREET": "862 FIRST AVE NW", "CWP_CITY": "WINNEBAGO", "CWP_STATE": "MN", "CWP_ZIP": "56098", "CWP_COUNTY": "Faribault", "NPDES_ID": "MN0025267", "REGISTRY_ID": "110009896835", "CWP_FACILITY_TYPE_INDICATOR": "POTW", "CWP_MAJOR_MINOR_STATUS": "Major", "CWP_PERMIT_STATUS_DESC": "Admin Continued", "STATE_WATER_BODY_NAME": "BLUE EARTH R", "CWP_CSO_FLAG": "N"}}, {"type": "Feature", "geometry": {"type": "Point", "coordinates": [-93.2746077171688, 47.1362080720831]}, "properties": {"CWP_NAME": "WARBA WWTP", "CWP_STREET": "HIGHWAY 10", "CWP_CITY": "WARBA", "CWP_STATE": "MN", "CWP_ZIP": "55793", "CWP_COUNTY": "Itasca", "NPDES_ID": "MN0020974", "REGISTRY_ID": "110008797560", "CWP_FACILITY_TYPE_INDICATOR": "POTW", "CWP_MAJOR_MINOR_STATUS": "Minor", "CWP_PERMIT_STATUS_DESC": "Terminated", "STATE_WATER_BODY_NAME": "SWAN R", "CWP_CSO_FLAG": "N"}}, {"type": "Feature", "geometry": {"type": "Point", "coordinates": [-93.2746077171688, 47.1362080720831]}, "properties": {"CWP_NAME": "WARBA WWTP", "CWP_STREET": "HIGHWAY 10", "CWP_CITY": "WARBA", "CWP_STATE": "MN", "CWP_ZIP": "55793", "CWP_COUNTY": "Itasca", "NPDES_ID": "MNG585345", "REGISTRY_ID": "110008797560", "CWP_FACILITY_TYPE_INDICATOR": "POTW", "CWP_MAJOR_MINOR_STATUS": "Minor", "CWP_PERMIT_STATUS_DESC": "Effective", "STATE_WATER_BODY_NAME": "UNNUMBERED WETLAND", "CWP_CSO_FLAG": "N"}}, {"type": "Feature", "geometry": {"type": "Point", "coordinates": [-94.7048480493517, 43.7648074211736]}, "properties": {"CWP_NAME": "TRIMONT", "CWP_STREET": "300 SEVENTH AVE NW", "CWP_CITY": "TRIMONT", "CWP_STATE": "MN", "CWP_ZIP": "56176", "CWP_COUNTY": "Martin", "NPDES_ID": "MN0022071", "REGISTRY_ID": "110008810974", "CWP_FACILITY_TYPE_INDICATOR": "POTW", "CWP_MAJOR_MINOR_STATUS": "Minor", "CWP_PERMIT_STATUS_DESC": "Admin Continued", "STATE_WATER_BODY_NAME": "CEDAR RUN CR", "CWP_CSO_FLAG": "N"}}, {"type": "Feature", "geometry": {"type": "Point", "coordinates": [-93.1767081755989, 45.7231858893897]}, "properties": {"CWP_NAME": "BRAHAM WWTP", "CWP_STREET": "411 S ELMHURST", "CWP_CITY": "BRAHAM", "CWP_STATE": "MN", "CWP_ZIP": "55006", "CWP_COUNTY": "Isanti", "NPDES_ID": "MN0022870", "REGISTRY_ID": "110008807960", "CWP_FACILITY_TYPE_INDICATOR": "POTW", "CWP_MAJOR_MINOR_STATUS": "Minor", "CWP_PERMIT_STATUS_DESC": "Effective", "STATE_WATER_BODY_NAME": "UNNAMED DITCH", "CWP_CSO_FLAG": "N"}}, {"type": "Feature", "geometry": {"type": "Point", "coordinates": [-91.2783050688526, 43.69121161826]}, "properties": {"CWP_NAME": "BROWNSVILLE", "CWP_STREET": "402 HAMILTON ST.", "CWP_CITY": "BROWNSVILLE", "CWP_STATE": "MN", "CWP_ZIP": "55919", "CWP_COUNTY": "Houston", "NPDES_ID": "MN0053562", "REGISTRY_ID": "110008817389", "CWP_FACILITY_TYPE_INDICATOR": "POTW", "CWP_MAJOR_MINOR_STATUS": "Minor", "CWP_PERMIT_STATUS_DESC": "Admin Continued", "STATE_WATER_BODY_NAME": "MISS R", "CWP_CSO_FLAG": "N"}}, {"type": "Feature", "geometry": {"type": "Point", "coordinates": [-93.9126028126451, 44.8847837463249]}, "properties": {"CWP_NAME": "MAYER", "CWP_STREET": "15300 COUNTY ROAD 30", "CWP_CITY": "MAYER", "CWP_STATE": "MN", "CWP_ZIP": "55360", "CWP_COUNTY": "Carver", "NPDES_ID": "MN0021202", "REGISTRY_ID": "110008818388", "CWP_FACILITY_TYPE_INDICATOR": "POTW", "CWP_MAJOR_MINOR_STATUS": "Minor", "CWP_PERMIT_STATUS_DESC": "Admin Continued", "STATE_WATER_BODY_NAME": "CROW R S FK", "CWP_CSO_FLAG": "N"}}, {"type": "Feature", "geometry": {"type": "Point", "coordinates": [-92.1500474946939, 47.5096283028291]}, "properties": {"CWP_NAME": "HOYT LAKES WWTP", "CWP_STREET": "100 LEEDS RD W", "CWP_CITY": "HOYT LAKES", "CWP_STATE": "MN", "CWP_ZIP": "55750", "CWP_COUNTY": "St. Louis", "NPDES_ID": "MN0020206", "REGISTRY_ID": "110008800271", "CWP_FACILITY_TYPE_INDICATOR": "POTW", "CWP_MAJOR_MINOR_STATUS": "Minor", "CWP_PERMIT_STATUS_DESC": "Effective", "STATE_WATER_BODY_NAME": "WHITEWATER", "CWP_CSO_FLAG": "N"}}, {"type": "Feature", "geometry": {"type": "Point", "coordinates": [-92.9659906587757, 45.6856302103109]}, "properties": {"CWP_NAME": "RUSH CITY WWTP", "CWP_STREET": "325 S ELIOT AVE", "CWP_CITY": "RUSH CITY", "CWP_STATE": "MN", "CWP_ZIP": "55069", "CWP_COUNTY": "Chisago", "NPDES_ID": "MNG585212", "REGISTRY_ID": "110008807531", "CWP_FACILITY_TYPE_INDICATOR": "POTW", "CWP_MAJOR_MINOR_STATUS": "Minor", "CWP_PERMIT_STATUS_DESC": "Effective", "STATE_WATER_BODY_NAME": "RUSH CREEK", "CWP_CSO_FLAG": "N"}}, {"type": "Feature", "geometry": {"type": "Point", "coordinates": [-92.9659906587757, 45.6856302103109]}, "properties": {"CWP_NAME": "RUSH CITY", "CWP_STREET": "CITY HALL", "CWP_CITY": "RUSH CITY", "CWP_STATE": "MN", "CWP_ZIP": "55069", "CWP_COUNTY": "Chisago", "NPDES_ID": "MN0021342", "REGISTRY_ID": "110008807531", "CWP_FACILITY_TYPE_INDICATOR": "POTW", "CWP_MAJOR_MINOR_STATUS": "Minor", "CWP_PERMIT_STATUS_DESC": "Terminated", "STATE_WATER_BODY_NAME": "RUSH CR", "CWP_CSO_FLAG": "N"}}, {"type": "Feature", "geometry": {"type": "Point", "coordinates": [-94.8630157173444, 45.6125772343917]}, "properties": {"CWP_NAME": "GEMSD", "CWP_STREET": "BOX 121", "CWP_CITY": "GREENWALD", "CWP_STATE": "MN", "CWP_ZIP": "56335", "CWP_COUNTY": "Stearns", "NPDES_ID": "MN0056863", "REGISTRY_ID": "110008805052", "CWP_FACILITY_TYPE_INDICATOR": "POTW", "CWP_MAJOR_MINOR_STATUS": "Minor", "CWP_PERMIT_STATUS_DESC": "Terminated", "STATE_WATER_BODY_NAME": "CD 9", "CWP_CSO_FLAG": "N"}}, {"type": "Feature", "geometry": {"type": "Point", "coordinates": [-92.908535729275, 46.1967302941823]}, "properties": {"CWP_NAME": "FINLAYSON WWTP", "CWP_STREET": "6400 COUNTY ROAD 144", "CWP_CITY": "FINLAYSON", "CWP_STATE": "MN", "CWP_ZIP": "55735", "CWP_COUNTY": "Pine", "NPDES_ID": "MNG585203", "REGISTRY_ID": "110008800930", "CWP_FACILITY_TYPE_INDICATOR": "POTW", "CWP_MAJOR_MINOR_STATUS": "Minor", "CWP_PERMIT_STATUS_DESC": "Effective", "STATE_WATER_BODY_NAME": "MEDICINE CREEK", "CWP_CSO_FLAG": "N"}}, {"type": "Feature", "geometry": {"type": "Point", "coordinates": [-92.908535729275, 46.1967302941823]}, "properties": {"CWP_NAME": "FINLAYSON WWTP", "CWP_STREET": "6400 CTY RD 144", "CWP_CITY": "FINLAYSON", "CWP_STATE": "MN", "CWP_ZIP": "55735", "CWP_COUNTY": "Pine", "NPDES_ID": "MN0023418", "REGISTRY_ID": "110008800930", "CWP_FACILITY_TYPE_INDICATOR": "POTW", "CWP_MAJOR_MINOR_STATUS": "Minor", "CWP_PERMIT_STATUS_DESC": "Terminated", "STATE_WATER_BODY_NAME": "O'MIX CR VIA DT", "CWP_CSO_FLAG": "N"}}, {"type": "Feature", "geometry": {"type": "Point", "coordinates": [-93.5268359876309, 46.0966069135962]}, "properties": {"CWP_NAME": "WAHKON WWTP", "CWP_STREET": "5571 380TH ST", "CWP_CITY": "WAHKON", "CWP_STATE": "MN", "CWP_ZIP": "56386", "CWP_COUNTY": "Mille Lacs", "NPDES_ID": "MNG585051", "REGISTRY_ID": "110069198781", "CWP_FACILITY_TYPE_INDICATOR": "POTW", "CWP_MAJOR_MINOR_STATUS": "Minor", "CWP_PERMIT_STATUS_DESC": "Effective", "STATE_WATER_BODY_NAME": "UNNAMED CREEK", "CWP_CSO_FLAG": "N"}}, {"type": "Feature", "geometry": {"type": "Point", "coordinates": [-93.050174243956, 44.4030358009526]}, "properties": {"CWP_NAME": "DENNISON WWTP", "CWP_STREET": "COUNTY ROAD 31", "CWP_CITY": "DENNISON", "CWP_STATE": "MN", "CWP_ZIP": "55018", "CWP_COUNTY": "Rice", "NPDES_ID": "MN0022195", "REGISTRY_ID": "110008819109", "CWP_FACILITY_TYPE_INDICATOR": "POTW", "CWP_MAJOR_MINOR_STATUS": "Minor", "CWP_PERMIT_STATUS_DESC": "Effective", "STATE_WATER_BODY_NAME": "UNNAMED CREEK", "CWP_CSO_FLAG": "N"}}, {"type": "Feature", "geometry": {"type": "Point", "coordinates": [-92.4293377831987, 43.6121979957811]}, "properties": {"CWP_NAME": "OSTRANDER WWTP", "CWP_STREET": "414 MAIN ST", "CWP_CITY": "OSTRANDER", "CWP_STATE": "MN", "CWP_ZIP": "55961", "CWP_COUNTY": "Fillmore", "NPDES_ID": "MN0024449", "REGISTRY_ID": "110009893160", "CWP_FACILITY_TYPE_INDICATOR": "POTW", "CWP_MAJOR_MINOR_STATUS": "Minor", "CWP_PERMIT_STATUS_DESC": "Effective", "STATE_WATER_BODY_NAME": "ROOT RIVER, SOUTH BRANCH", "CWP_CSO_FLAG": "N"}}, {"type": "Feature", "geometry": {"type": "Point", "coordinates": [-93.6615643104225, 45.7522861216591]}, "properties": {"CWP_NAME": "MILACA WWTP", "CWP_STREET": "145 SW RIVER DR", "CWP_CITY": "MILACA", "CWP_STATE": "MN", "CWP_ZIP": "56353", "CWP_COUNTY": "Mille Lacs", "NPDES_ID": "MN0024147", "REGISTRY_ID": "110008806916", "CWP_FACILITY_TYPE_INDICATOR": "POTW", "CWP_MAJOR_MINOR_STATUS": "Minor", "CWP_PERMIT_STATUS_DESC": "Effective", "STATE_WATER_BODY_NAME": "RUM RIVER", "CWP_CSO_FLAG": "N"}}, {"type": "Feature", "geometry": {"type": "Point", "coordinates": [-94.0760898659415, 45.9342468461419]}, "properties": {"CWP_NAME": "RICH PRAIRIE SEWER TREATMENT FACILITY", "CWP_STREET": "SEE LOCATION DESCRIPTION", "CWP_CITY": "PIERZ", "CWP_STATE": "MN", "CWP_ZIP": "56364", "CWP_COUNTY": "Morrison", "NPDES_ID": "MNG585211", "REGISTRY_ID": "110068701033", "CWP_FACILITY_TYPE_INDICATOR": "POTW", "CWP_MAJOR_MINOR_STATUS": "Minor", "CWP_PERMIT_STATUS_DESC": "Effective", "STATE_WATER_BODY_NAME": "SKUNK CREEK", "CWP_CSO_FLAG": "N"}}, {"type": "Feature", "geometry": {"type": "Point", "coordinates": [-93.7117274780534, 44.83072820234]}, "properties": {"CWP_NAME": "LAKETOWN COMMUNITY WWTP", "CWP_STREET": "9620 LAKEWOOD CIR", "CWP_CITY": "CHASKA", "CWP_STATE": "MN", "CWP_ZIP": "55318", "CWP_COUNTY": "Carver", "NPDES_ID": "MN0054399", "REGISTRY_ID": "110008818556", "CWP_FACILITY_TYPE_INDICATOR": "POTW", "CWP_MAJOR_MINOR_STATUS": "Minor", "CWP_PERMIT_STATUS_DESC": "Expired", "STATE_WATER_BODY_NAME": "UNNAMED CREEK (GAYSTOCK LAKE INLET)", "CWP_CSO_FLAG": "N"}}, {"type": "Feature", "geometry": {"type": "Point", "coordinates": [-95.1745182079114, 43.6843675164207]}, "properties": {"CWP_NAME": "LAKEFIELD WWTP", "CWP_STREET": "928 N HIGHWAY 86", "CWP_CITY": "LAKEFIELD", "CWP_STATE": "MN", "CWP_ZIP": "56150", "CWP_COUNTY": "Jackson", "NPDES_ID": "MN0020427", "REGISTRY_ID": "110008810616", "CWP_FACILITY_TYPE_INDICATOR": "POTW", "CWP_MAJOR_MINOR_STATUS": "Minor", "CWP_PERMIT_STATUS_DESC": "Effective", "STATE_WATER_BODY_NAME": "UNNAMED CREEK", "CWP_CSO_FLAG": "N"}}, {"type": "Feature", "geometry": {"type": "Point", "coordinates": [-95.2179682161057, 44.7881676735935]}, "properties": {"CWP_NAME": "RENVILLE WWTP", "CWP_STREET": "401 BIRCH AVE SW", "CWP_CITY": "RENVILLE", "CWP_STATE": "MN", "CWP_ZIP": "56284", "CWP_COUNTY": "Renville", "NPDES_ID": "MN0020737", "REGISTRY_ID": "110008806220", "CWP_FACILITY_TYPE_INDICATOR": "POTW", "CWP_MAJOR_MINOR_STATUS": "Minor", "CWP_PERMIT_STATUS_DESC": "Admin Continued", "STATE_WATER_BODY_NAME": "SACRED HEART CR VIA CD 45", "CWP_CSO_FLAG": "N"}}, {"type": "Feature", "geometry": {"type": "Point", "coordinates": [-94.4999519560619, 44.5308968313248]}, "properties": {"CWP_NAME": "GIBBON WWTP", "CWP_STREET": "HIGHWAY 19", "CWP_CITY": "GIBBON", "CWP_STATE": "MN", "CWP_ZIP": "55335", "CWP_COUNTY": "Sibley", "NPDES_ID": "MNG585020", "REGISTRY_ID": "110008811713", "CWP_FACILITY_TYPE_INDICATOR": "POTW", "CWP_MAJOR_MINOR_STATUS": "Minor", "CWP_PERMIT_STATUS_DESC": "Effective", "STATE_WATER_BODY_NAME": "COUNTY DITCH 13A", "CWP_CSO_FLAG": "N"}}, {"type": "Feature", "geometry": {"type": "Point", "coordinates": [-96.80675812327, 47.1774588090261]}, "properties": {"CWP_NAME": "PERLEY", "CWP_STREET": "COUNTY STATE AID HWY 39", "CWP_CITY": "PERLEY", "CWP_STATE": "MN", "CWP_ZIP": "56574", "CWP_COUNTY": "Norman", "NPDES_ID": "MN0024481", "REGISTRY_ID": "110008796650", "CWP_FACILITY_TYPE_INDICATOR": "POTW", "CWP_MAJOR_MINOR_STATUS": "Minor", "CWP_PERMIT_STATUS_DESC": "Terminated", "STATE_WATER_BODY_NAME": "RED R OTN", "CWP_CSO_FLAG": "N"}}, {"type": "Feature", "geometry": {"type": "Point", "coordinates": [-96.1996907581271, 43.6513857031696]}, "properties": {"CWP_NAME": "LUVERNE WWTP", "CWP_STREET": "400 REDBIRD RD", "CWP_CITY": "LUVERNE", "CWP_STATE": "MN", "CWP_ZIP": "56156", "CWP_COUNTY": "Rock", "NPDES_ID": "MN0020141", "REGISTRY_ID": "110008809708", "CWP_FACILITY_TYPE_INDICATOR": "POTW", "CWP_MAJOR_MINOR_STATUS": "Major", "CWP_PERMIT_STATUS_DESC": "Effective", "STATE_WATER_BODY_NAME": "ROCK RIVER", "CWP_CSO_FLAG": "N"}}, {"type": "Feature", "geometry": {"type": "Point", "coordinates": [-93.841857547599, 44.3255780267273]}, "properties": {"CWP_NAME": "CLEVELAND WWTP", "CWP_STREET": "100 STATE HIGHWAY 99", "CWP_CITY": "CLEVELAND", "CWP_STATE": "MN", "CWP_ZIP": "56017", "CWP_COUNTY": "Le Sueur", "NPDES_ID": "MNG585009", "REGISTRY_ID": "110068722403", "CWP_FACILITY_TYPE_INDICATOR": "POTW", "CWP_MAJOR_MINOR_STATUS": "Minor", "CWP_PERMIT_STATUS_DESC": "Effective", "STATE_WATER_BODY_NAME": "CHERRY CREEK", "CWP_CSO_FLAG": "N"}}, {"type": "Feature", "geometry": {"type": "Point", "coordinates": [-94.0651179430983, 44.60146757235]}, "properties": {"CWP_NAME": "ARLINGTON WWTP", "CWP_STREET": "610 FREEDOM DR T113N R27W", "CWP_CITY": "ARLINGTON", "CWP_STATE": "MN", "CWP_ZIP": "55307", "CWP_COUNTY": "Sibley", "NPDES_ID": "MN0020834", "REGISTRY_ID": "110008811438", "CWP_FACILITY_TYPE_INDICATOR": "POTW", "CWP_MAJOR_MINOR_STATUS": "Minor", "CWP_PERMIT_STATUS_DESC": "Admin Continued", "STATE_WATER_BODY_NAME": "HIGH ISLAND CR", "CWP_CSO_FLAG": "N"}}, {"type": "Feature", "geometry": {"type": "Point", "coordinates": [-92.896907564907, 46.68110791464]}, "properties": {"CWP_NAME": "CROMWELL WWTP", "CWP_STREET": "HIGHWAY 210", "CWP_CITY": "CROMWELL", "CWP_STATE": "MN", "CWP_ZIP": "55726", "CWP_COUNTY": "Carlton", "NPDES_ID": "MN0051101", "REGISTRY_ID": "110008801109", "CWP_FACILITY_TYPE_INDICATOR": "POTW", "CWP_MAJOR_MINOR_STATUS": "Minor", "CWP_PERMIT_STATUS_DESC": "Effective", "STATE_WATER_BODY_NAME": "FLOWER", "CWP_CSO_FLAG": "N"}}, {"type": "Feature", "geometry": {"type": "Point", "coordinates": [-93.6606746657899, 44.2100079445877]}, "properties": {"CWP_NAME": "ELYSIAN WWTP", "CWP_STREET": "COUNTY ROAD 14", "CWP_CITY": "ELYSIAN", "CWP_STATE": "MN", "CWP_ZIP": "56028", "CWP_COUNTY": "Le Sueur", "NPDES_ID": "MNG585285", "REGISTRY_ID": "110008813285", "CWP_FACILITY_TYPE_INDICATOR": "POTW", "CWP_MAJOR_MINOR_STATUS": "Minor", "CWP_PERMIT_STATUS_DESC": "Effective", "STATE_WATER_BODY_NAME": "TUSTIN", "CWP_CSO_FLAG": "N"}}, {"type": "Feature", "geometry": {"type": "Point", "coordinates": [-93.6606746657899, 44.2100079445877]}, "properties": {"CWP_NAME": "ELYSIAN", "CWP_STREET": "COUNTY ROAD 14", "CWP_CITY": "ELYSIAN", "CWP_STATE": "MN", "CWP_ZIP": "56028", "CWP_COUNTY": "Le Sueur", "NPDES_ID": "MN0041114", "REGISTRY_ID": "110008813285", "CWP_FACILITY_TYPE_INDICATOR": "POTW", "CWP_MAJOR_MINOR_STATUS": "Minor", "CWP_PERMIT_STATUS_DESC": "Terminated", "STATE_WATER_BODY_NAME": "LAND", "CWP_CSO_FLAG": "N"}}, {"type": "Feature", "geometry": {"type": "Point", "coordinates": [-93.5470461743366, 44.0717668448129]}, "properties": {"CWP_NAME": "WASECA WWTP", "CWP_STREET": "35408 110TH ST", "CWP_CITY": "WASECA", "CWP_STATE": "MN", "CWP_ZIP": "56093", "CWP_COUNTY": "Waseca", "NPDES_ID": "MN0020796", "REGISTRY_ID": "110008815354", "CWP_FACILITY_TYPE_INDICATOR": "POTW", "CWP_MAJOR_MINOR_STATUS": "Major", "CWP_PERMIT_STATUS_DESC": "Admin Continued", "STATE_WATER_BODY_NAME": "LESUEUR R VIA UNN CR", "CWP_CSO_FLAG": "N"}}, {"type": "Feature", "geometry": {"type": "Point", "coordinates": [-96.8313377091803, 48.3473051648242]}, "properties": {"CWP_NAME": "ARGYLE WWTP", "CWP_STREET": "STATE HIGHWAY 75", "CWP_CITY": "ARGYLE", "CWP_STATE": "MN", "CWP_ZIP": "56713", "CWP_COUNTY": "Marshall", "NPDES_ID": "MN0052451", "REGISTRY_ID": "110008795900", "CWP_FACILITY_TYPE_INDICATOR": "POTW", "CWP_MAJOR_MINOR_STATUS": "Minor", "CWP_PERMIT_STATUS_DESC": "Terminated", "STATE_WATER_BODY_NAME": null, "CWP_CSO_FLAG": "N"}}, {"type": "Feature", "geometry": {"type": "Point", "coordinates": [-96.2805889892413, 47.5336983452244]}, "properties": {"CWP_NAME": "FERTILE WWTP", "CWP_STREET": "101 MILL ST S", "CWP_CITY": "FERTILE", "CWP_STATE": "MN", "CWP_ZIP": "56540", "CWP_COUNTY": "Polk", "NPDES_ID": "MNG585138", "REGISTRY_ID": "110008796776", "CWP_FACILITY_TYPE_INDICATOR": "POTW", "CWP_MAJOR_MINOR_STATUS": "Minor", "CWP_PERMIT_STATUS_DESC": "Effective", "STATE_WATER_BODY_NAME": "SAND HILL RIVER", "CWP_CSO_FLAG": "N"}}, {"type": "Feature", "geometry": {"type": "Point", "coordinates": [-94.1143476179709, 43.6443081819543]}, "properties": {"CWP_NAME": "BLUE EARTH WWTP", "CWP_STREET": "OLD HWY 16 W & GRANT ST.", "CWP_CITY": "BLUE EARTH", "CWP_STATE": "MN", "CWP_ZIP": "56013", "CWP_COUNTY": "Faribault", "NPDES_ID": "MN0020532", "REGISTRY_ID": "110009034446", "CWP_FACILITY_TYPE_INDICATOR": "POTW", "CWP_MAJOR_MINOR_STATUS": "Minor", "CWP_PERMIT_STATUS_DESC": "Admin Continued", "STATE_WATER_BODY_NAME": "BLUE EARTH R", "CWP_CSO_FLAG": "N"}}, {"type": "Feature", "geometry": {"type": "Point", "coordinates": [-96.1084954636953, 46.8871549720169]}, "properties": {"CWP_NAME": "LAKE PARK WWTP", "CWP_STREET": "RAILROAD RD", "CWP_CITY": "LAKE PARK", "CWP_STATE": "MN", "CWP_ZIP": "56554", "CWP_COUNTY": "Becker", "NPDES_ID": "MNG585157", "REGISTRY_ID": "110008801831", "CWP_FACILITY_TYPE_INDICATOR": "POTW", "CWP_MAJOR_MINOR_STATUS": "Minor", "CWP_PERMIT_STATUS_DESC": "Effective", "STATE_WATER_BODY_NAME": "UNNAMED DITCH", "CWP_CSO_FLAG": "N"}}, {"type": "Feature", "geometry": {"type": "Point", "coordinates": [-95.8333086703316, 43.7639080204219]}, "properties": {"CWP_NAME": "WILMONT", "CWP_STREET": "SEC 17, T103N R41W", "CWP_CITY": "WILMONT", "CWP_STATE": "MN", "CWP_ZIP": "56185", "CWP_COUNTY": "Nobles", "NPDES_ID": "MN0025852", "REGISTRY_ID": "110008811278", "CWP_FACILITY_TYPE_INDICATOR": "POTW", "CWP_MAJOR_MINOR_STATUS": "Minor", "CWP_PERMIT_STATUS_DESC": "Terminated", "STATE_WATER_BODY_NAME": "KANARANZI CR VIA ST", "CWP_CSO_FLAG": "N"}}, {"type": "Feature", "geometry": {"type": "Point", "coordinates": [-92.8972876212395, 44.1534433292375]}, "properties": {"CWP_NAME": "WEST CONCORD", "CWP_STREET": "30 CONCORD STREET", "CWP_CITY": "WEST CONCORD", "CWP_STATE": "MN", "CWP_ZIP": "55985", "CWP_COUNTY": "Dodge", "NPDES_ID": "MN0025241", "REGISTRY_ID": "110008814961", "CWP_FACILITY_TYPE_INDICATOR": "POTW", "CWP_MAJOR_MINOR_STATUS": "Minor", "CWP_PERMIT_STATUS_DESC": "Admin Continued", "STATE_WATER_BODY_NAME": "ZUMBRO R MD FK VIA UNNAMED CR", "CWP_CSO_FLAG": "N"}}, {"type": "Feature", "geometry": {"type": "Point", "coordinates": [-93.7128383902651, 46.5364977493835]}, "properties": {"CWP_NAME": "AITKIN WWTP", "CWP_STREET": "4TH AVE NW", "CWP_CITY": "AITKIN", "CWP_STATE": "MN", "CWP_ZIP": "56431", "CWP_COUNTY": "Aitkin", "NPDES_ID": "MN0020095", "REGISTRY_ID": "110030991130", "CWP_FACILITY_TYPE_INDICATOR": "POTW", "CWP_MAJOR_MINOR_STATUS": "Minor", "CWP_PERMIT_STATUS_DESC": "Effective", "STATE_WATER_BODY_NAME": "MISSISSIPPI RIVER", "CWP_CSO_FLAG": "N"}}, {"type": "Feature", "geometry": {"type": "Point", "coordinates": [-91.750367454707, 43.8057978247366]}, "properties": {"CWP_NAME": "RUSHFORD WWTP", "CWP_STREET": "510 S FERRY ST", "CWP_CITY": "RUSHFORD", "CWP_STATE": "MN", "CWP_ZIP": "55971", "CWP_COUNTY": "Fillmore", "NPDES_ID": "MN0024678", "REGISTRY_ID": "110006739020", "CWP_FACILITY_TYPE_INDICATOR": "POTW", "CWP_MAJOR_MINOR_STATUS": "Minor", "CWP_PERMIT_STATUS_DESC": "Effective", "STATE_WATER_BODY_NAME": "ROOT RIVER", "CWP_CSO_FLAG": "N"}}, {"type": "Feature", "geometry": {"type": "Point", "coordinates": [-93.6528175463878, 46.0543693393525]}, "properties": {"CWP_NAME": "ONAMIA WWTP", "CWP_STREET": "35004 QUAIL RD", "CWP_CITY": "ONAMIA", "CWP_STATE": "MN", "CWP_ZIP": "56359", "CWP_COUNTY": "Mille Lacs", "NPDES_ID": "MN0052906", "REGISTRY_ID": "110008807210", "CWP_FACILITY_TYPE_INDICATOR": "POTW", "CWP_MAJOR_MINOR_STATUS": "Minor", "CWP_PERMIT_STATUS_DESC": "Effective", "STATE_WATER_BODY_NAME": "RUM RIVER", "CWP_CSO_FLAG": "N"}}, {"type": "Feature", "geometry": {"type": "Point", "coordinates": [-95.3878686406022, 47.6979479173403]}, "properties": {"CWP_NAME": "CLEARBROOK WWTP", "CWP_STREET": "47695 189TH AVE", "CWP_CITY": "CLEARBROOK", "CWP_STATE": "MN", "CWP_ZIP": "56634", "CWP_COUNTY": "Clearwater", "NPDES_ID": "MNG585098", "REGISTRY_ID": "110068222792", "CWP_FACILITY_TYPE_INDICATOR": "POTW", "CWP_MAJOR_MINOR_STATUS": "Minor", "CWP_PERMIT_STATUS_DESC": "Effective", "STATE_WATER_BODY_NAME": "RUFFY BROOK", "CWP_CSO_FLAG": "N"}}, {"type": "Feature", "geometry": {"type": "Point", "coordinates": [-93.7909284733136, 47.3462285378315]}, "properties": {"CWP_NAME": "DEER RIVER WWTP", "CWP_STREET": "44076 COUNTY ROAD 128", "CWP_CITY": "DEER RIVER", "CWP_STATE": "MN", "CWP_ZIP": "56636", "CWP_COUNTY": "Itasca", "NPDES_ID": "MN0051616", "REGISTRY_ID": "110008797310", "CWP_FACILITY_TYPE_INDICATOR": "POTW", "CWP_MAJOR_MINOR_STATUS": "Minor", "CWP_PERMIT_STATUS_DESC": "Effective", "STATE_WATER_BODY_NAME": "DEER RIVER", "CWP_CSO_FLAG": "N"}}, {"type": "Feature", "geometry": {"type": "Point", "coordinates": [-93.9109256007947, 45.0580777338026]}, "properties": {"CWP_NAME": "MONTROSE WWTP", "CWP_STREET": "800 BUFFALO AVE S", "CWP_CITY": "MONTROSE", "CWP_STATE": "MN", "CWP_ZIP": "55363", "CWP_COUNTY": "Wright", "NPDES_ID": "MN0024228", "REGISTRY_ID": "110039700311", "CWP_FACILITY_TYPE_INDICATOR": "POTW", "CWP_MAJOR_MINOR_STATUS": "Minor", "CWP_PERMIT_STATUS_DESC": "Effective", "STATE_WATER_BODY_NAME": "UNNAMED DITCH", "CWP_CSO_FLAG": "N"}}, {"type": "Feature", "geometry": {"type": "Point", "coordinates": [-92.8696271242113, 43.83428827788]}, "properties": {"CWP_NAME": "HAYFIELD", "CWP_STREET": "215 STATE HIGHWAY 56", "CWP_CITY": "HAYFIELD", "CWP_STATE": "MN", "CWP_ZIP": "559400053", "CWP_COUNTY": "Dodge", "NPDES_ID": "MN0023612", "REGISTRY_ID": "110008815461", "CWP_FACILITY_TYPE_INDICATOR": "POTW", "CWP_MAJOR_MINOR_STATUS": "Minor", "CWP_PERMIT_STATUS_DESC": "Admin Continued", "STATE_WATER_BODY_NAME": "CEDAR R E FK VIA CR", "CWP_CSO_FLAG": "N"}}, {"type": "Feature", "geometry": {"type": "Point", "coordinates": [-91.4639971160578, 43.5070079395347]}, "properties": {"CWP_NAME": "EITZEN WWTP", "CWP_STREET": "2998 COUNTY ROAD 2", "CWP_CITY": "EITZEN", "CWP_STATE": "MN", "CWP_ZIP": "55931", "CWP_COUNTY": "Houston", "NPDES_ID": "MN0049531", "REGISTRY_ID": "110040869272", "CWP_FACILITY_TYPE_INDICATOR": "POTW", "CWP_MAJOR_MINOR_STATUS": "Minor", "CWP_PERMIT_STATUS_DESC": "Effective", "STATE_WATER_BODY_NAME": "NEW YORKER HOLLOW CREEK", "CWP_CSO_FLAG": "N"}}, {"type": "Feature", "geometry": {"type": "Point", "coordinates": [-93.9198333477475, 44.7679132316961]}, "properties": {"CWP_NAME": "NORWOOD WWTF", "CWP_STREET": "510 EAST ELM ST.", "CWP_CITY": "NORWOOD (SUBDIVISION)", "CWP_STATE": "MN", "CWP_ZIP": "55368", "CWP_COUNTY": "Carver", "NPDES_ID": "MN0024392", "REGISTRY_ID": "110041075118", "CWP_FACILITY_TYPE_INDICATOR": "POTW", "CWP_MAJOR_MINOR_STATUS": "Minor", "CWP_PERMIT_STATUS_DESC": "Admin Continued", "STATE_WATER_BODY_NAME": "BEVINS CR VIA CD 4", "CWP_CSO_FLAG": "N"}}, {"type": "Feature", "geometry": {"type": "Point", "coordinates": [-92.8862421924739, 44.5168567251551]}, "properties": {"CWP_NAME": "CANNON FALLS_WWTF", "CWP_STREET": "817 CANNON RIVER AVE.", "CWP_CITY": "CANNON FALLS", "CWP_STATE": "MN", "CWP_ZIP": "55009", "CWP_COUNTY": "Goodhue", "NPDES_ID": "MN0022993", "REGISTRY_ID": "110006739137", "CWP_FACILITY_TYPE_INDICATOR": "POTW", "CWP_MAJOR_MINOR_STATUS": "Minor", "CWP_PERMIT_STATUS_DESC": "Admin Continued", "STATE_WATER_BODY_NAME": "CANNON R", "CWP_CSO_FLAG": "N"}}, {"type": "Feature", "geometry": {"type": "Point", "coordinates": [-94.9052576617467, 44.7602662255375]}, "properties": {"CWP_NAME": "BIRD ISLAND", "CWP_STREET": "1280 GROVE AVENUE", "CWP_CITY": "BIRD ISLAND", "CWP_STATE": "MN", "CWP_ZIP": "55310", "CWP_COUNTY": "Renville", "NPDES_ID": "MN0022829", "REGISTRY_ID": "110008806097", "CWP_FACILITY_TYPE_INDICATOR": "POTW", "CWP_MAJOR_MINOR_STATUS": "Minor", "CWP_PERMIT_STATUS_DESC": "Terminated", "STATE_WATER_BODY_NAME": "BEAVER CR E FK VIA CD 66", "CWP_CSO_FLAG": "N"}}, {"type": "Feature", "geometry": {"type": "Point", "coordinates": [-94.9052576617467, 44.7602662255375]}, "properties": {"CWP_NAME": "BIRD ISLAND WWTP", "CWP_STREET": "1280 GROVE AVE", "CWP_CITY": "BIRD ISLAND", "CWP_STATE": "MN", "CWP_ZIP": "55310", "CWP_COUNTY": "Renville", "NPDES_ID": "MNG585390", "REGISTRY_ID": "110008806097", "CWP_FACILITY_TYPE_INDICATOR": "POTW", "CWP_MAJOR_MINOR_STATUS": "Minor", "CWP_PERMIT_STATUS_DESC": "Effective", "STATE_WATER_BODY_NAME": "COUNTY DITCH 66", "CWP_CSO_FLAG": "N"}}, {"type": "Feature", "geometry": {"type": "Point", "coordinates": [-93.7151429316983, 43.526942167572]}, "properties": {"CWP_NAME": "KIESTER WWTP", "CWP_STREET": "HIGHWAY 22", "CWP_CITY": "KIESTER", "CWP_STATE": "MN", "CWP_ZIP": "56051", "CWP_COUNTY": "Faribault", "NPDES_ID": "MNG585097", "REGISTRY_ID": "110068727060", "CWP_FACILITY_TYPE_INDICATOR": "POTW", "CWP_MAJOR_MINOR_STATUS": "Minor", "CWP_PERMIT_STATUS_DESC": "Effective", "STATE_WATER_BODY_NAME": "BRUSH CREEK", "CWP_CSO_FLAG": "N"}}, {"type": "Feature", "geometry": {"type": "Point", "coordinates": [-92.7337876451815, 47.0689379143553]}, "properties": {"CWP_NAME": "MEADOWLANDS WWTP", "CWP_STREET": "ANDREWS JUNCTION RD", "CWP_CITY": "MEADOWLANDS", "CWP_STATE": "MN", "CWP_ZIP": "55765", "CWP_COUNTY": "St. Louis", "NPDES_ID": "MNG585034", "REGISTRY_ID": "110008799265", "CWP_FACILITY_TYPE_INDICATOR": "POTW", "CWP_MAJOR_MINOR_STATUS": "Minor", "CWP_PERMIT_STATUS_DESC": "Effective", "STATE_WATER_BODY_NAME": "UNNAMED CREEK (WHITEFACE RIVER TRIBUTARY)", "CWP_CSO_FLAG": "N"}}, {"type": "Feature", "geometry": {"type": "Point", "coordinates": [-96.0417092665653, 47.9083083120901]}, "properties": {"CWP_NAME": "PLUMMER", "CWP_STREET": "SEC 8 T151N R42W", "CWP_CITY": "PLUMMER", "CWP_STATE": "MN", "CWP_ZIP": "56748", "CWP_COUNTY": "Red Lake", "NPDES_ID": "MN0024520", "REGISTRY_ID": "110008795580", "CWP_FACILITY_TYPE_INDICATOR": "POTW", "CWP_MAJOR_MINOR_STATUS": "Minor", "CWP_PERMIT_STATUS_DESC": "Terminated", "STATE_WATER_BODY_NAME": "CLEARWATER R", "CWP_CSO_FLAG": "N"}}, {"type": "Feature", "geometry": {"type": "Point", "coordinates": [-96.0417092665653, 47.9083083120901]}, "properties": {"CWP_NAME": "PLUMMER WWTP", "CWP_STREET": "CENTRAL AVE W", "CWP_CITY": "PLUMMER", "CWP_STATE": "MN", "CWP_ZIP": "56748", "CWP_COUNTY": "Red Lake", "NPDES_ID": "MNG585327", "REGISTRY_ID": "110008795580", "CWP_FACILITY_TYPE_INDICATOR": "POTW", "CWP_MAJOR_MINOR_STATUS": "Minor", "CWP_PERMIT_STATUS_DESC": "Effective", "STATE_WATER_BODY_NAME": "CLEARWATER RIVER", "CWP_CSO_FLAG": "N"}}, {"type": "Feature", "geometry": {"type": "Point", "coordinates": [-92.9883071475734, 44.2720477309556]}, "properties": {"CWP_NAME": "KENYON", "CWP_STREET": "511 SECOND ST", "CWP_CITY": "KENYON", "CWP_STATE": "MN", "CWP_ZIP": "55946", "CWP_COUNTY": "Goodhue", "NPDES_ID": "MN0021628", "REGISTRY_ID": "110008815470", "CWP_FACILITY_TYPE_INDICATOR": "POTW", "CWP_MAJOR_MINOR_STATUS": "Minor", "CWP_PERMIT_STATUS_DESC": "Admin Continued", "STATE_WATER_BODY_NAME": "ZUMBRO R VIA PEARL CR", "CWP_CSO_FLAG": "N"}}, {"type": "Feature", "geometry": {"type": "Point", "coordinates": [-94.4941884244194, 46.0851584717116]}, "properties": {"CWP_NAME": "RANDALL WWTP", "CWP_STREET": "630 E MINNESOTA AVE", "CWP_CITY": "RANDALL", "CWP_STATE": "MN", "CWP_ZIP": "56475", "CWP_COUNTY": "Morrison", "NPDES_ID": "MN0024562", "REGISTRY_ID": "110008803152", "CWP_FACILITY_TYPE_INDICATOR": "POTW", "CWP_MAJOR_MINOR_STATUS": "Minor", "CWP_PERMIT_STATUS_DESC": "Effective", "STATE_WATER_BODY_NAME": "LITTLE ELK RIVER", "CWP_CSO_FLAG": "N"}}, {"type": "Feature", "geometry": {"type": "Point", "coordinates": [-95.0895403852649, 43.9875191360268]}, "properties": {"CWP_NAME": "DELFT SANITARY DISTRICT WWTP", "CWP_STREET": "49627 COUNTY ROAD 3", "CWP_CITY": "WINDOM", "CWP_STATE": "MN", "CWP_ZIP": "561013403", "CWP_COUNTY": "Cottonwood", "NPDES_ID": "MN0066541", "REGISTRY_ID": "110020653755", "CWP_FACILITY_TYPE_INDICATOR": "POTW", "CWP_MAJOR_MINOR_STATUS": "Minor", "CWP_PERMIT_STATUS_DESC": "Effective", "STATE_WATER_BODY_NAME": "WATONWAN RIVER", "CWP_CSO_FLAG": "N"}}, {"type": "Feature", "geometry": {"type": "Point", "coordinates": [-93.1559599205752, 45.7912915591041]}, "properties": {"CWP_NAME": "GRASSTON WWTP", "CWP_STREET": "COUNTY ROAD 5", "CWP_CITY": "GRASSTON", "CWP_STATE": "MN", "CWP_ZIP": "55030", "CWP_COUNTY": "Kanabec", "NPDES_ID": "MN0025691", "REGISTRY_ID": "110012310463", "CWP_FACILITY_TYPE_INDICATOR": "POTW", "CWP_MAJOR_MINOR_STATUS": "Minor", "CWP_PERMIT_STATUS_DESC": "Effective", "STATE_WATER_BODY_NAME": "SNAKE RIVER", "CWP_CSO_FLAG": "N"}}, {"type": "Feature", "geometry": {"type": "Point", "coordinates": [-93.4310354935246, 44.7988688344454]}, "properties": {"CWP_NAME": "MET COUNCIL - BLUE LAKE WWTP", "CWP_STREET": "6957 COUNTY ROAD 101 EAST", "CWP_CITY": "SHAKOPEE", "CWP_STATE": "MN", "CWP_ZIP": "55379", "CWP_COUNTY": "Scott", "NPDES_ID": "MN0029882", "REGISTRY_ID": "110000545143", "CWP_FACILITY_TYPE_INDICATOR": "POTW", "CWP_MAJOR_MINOR_STATUS": "Major", "CWP_PERMIT_STATUS_DESC": "Admin Continued", "STATE_WATER_BODY_NAME": "MINN R", "CWP_CSO_FLAG": "N"}}, {"type": "Feature", "geometry": {"type": "Point", "coordinates": [-94.8792083085657, 47.4661080993731]}, "properties": {"CWP_NAME": "BEMIDJI WWTP", "CWP_STREET": "412 IRVING ACCESS LOOP SW", "CWP_CITY": "BEMIDJI", "CWP_STATE": "MN", "CWP_ZIP": "56601", "CWP_COUNTY": "Beltrami", "NPDES_ID": "MN0022462", "REGISTRY_ID": "110039737416", "CWP_FACILITY_TYPE_INDICATOR": "POTW", "CWP_MAJOR_MINOR_STATUS": "Major", "CWP_PERMIT_STATUS_DESC": "Effective", "STATE_WATER_BODY_NAME": "MISSISSIPPI RIVER", "CWP_CSO_FLAG": "N"}}, {"type": "Feature", "geometry": {"type": "Point", "coordinates": [-94.0003280101735, 44.1826181649693]}, "properties": {"CWP_NAME": "MANKATO WATER RESOURCE RECOVERY FACILITY", "CWP_STREET": "701 PINE ST", "CWP_CITY": "MANKATO", "CWP_STATE": "MN", "CWP_ZIP": "560012930", "CWP_COUNTY": "Blue Earth", "NPDES_ID": "MN0030171", "REGISTRY_ID": "110000544402", "CWP_FACILITY_TYPE_INDICATOR": "POTW", "CWP_MAJOR_MINOR_STATUS": "Major", "CWP_PERMIT_STATUS_DESC": "Effective", "STATE_WATER_BODY_NAME": "MINNESOTA RIVER", "CWP_CSO_FLAG": "N"}}, {"type": "Feature", "geometry": {"type": "Point", "coordinates": [-92.8092574116987, 43.7943125115493]}, "properties": {"CWP_NAME": "SARGEANT WWTP", "CWP_STREET": "30256 620TH AVE", "CWP_CITY": "SARGEANT", "CWP_STATE": "MN", "CWP_ZIP": "55973", "CWP_COUNTY": "Mower", "NPDES_ID": "MNG585214", "REGISTRY_ID": "110067876926", "CWP_FACILITY_TYPE_INDICATOR": "POTW", "CWP_MAJOR_MINOR_STATUS": "Minor", "CWP_PERMIT_STATUS_DESC": "Effective", "STATE_WATER_BODY_NAME": "UNNAMED CREEK", "CWP_CSO_FLAG": "N"}}, {"type": "Feature", "geometry": {"type": "Point", "coordinates": [-95.6137886611974, 44.2494080120896]}, "properties": {"CWP_NAME": "TRACY WWTP", "CWP_STREET": "1536 CENTER ST", "CWP_CITY": "TRACY", "CWP_STATE": "MN", "CWP_ZIP": "56175", "CWP_COUNTY": "Lyon", "NPDES_ID": "MN0021725", "REGISTRY_ID": "110008810992", "CWP_FACILITY_TYPE_INDICATOR": "POTW", "CWP_MAJOR_MINOR_STATUS": "Minor", "CWP_PERMIT_STATUS_DESC": "Effective", "STATE_WATER_BODY_NAME": "UNASSESSED", "CWP_CSO_FLAG": "N"}}, {"type": "Feature", "geometry": {"type": "Point", "coordinates": [-93.3086276789101, 43.6058981857639]}, "properties": {"CWP_NAME": "ALBERT LEA WWTP", "CWP_STREET": "17424 780TH AVE", "CWP_CITY": "ALBERT LEA", "CWP_STATE": "MN", "CWP_ZIP": "56007", "CWP_COUNTY": "Freeborn", "NPDES_ID": "MN0041092", "REGISTRY_ID": "110062620506", "CWP_FACILITY_TYPE_INDICATOR": "POTW", "CWP_MAJOR_MINOR_STATUS": "Major", "CWP_PERMIT_STATUS_DESC": "Effective", "STATE_WATER_BODY_NAME": "SHELL ROCK RIVER", "CWP_CSO_FLAG": "N"}}, {"type": "Feature", "geometry": {"type": "Point", "coordinates": [-93.9498086533377, 44.7243959287854]}, "properties": {"CWP_NAME": "HAMBURG WWTP", "CWP_STREET": "15407 VERA AVE", "CWP_CITY": "HAMBURG", "CWP_STATE": "MN", "CWP_ZIP": "55339", "CWP_COUNTY": "Carver", "NPDES_ID": "MNG585386", "REGISTRY_ID": "110067980019", "CWP_FACILITY_TYPE_INDICATOR": "POTW", "CWP_MAJOR_MINOR_STATUS": "Minor", "CWP_PERMIT_STATUS_DESC": "Effective", "STATE_WATER_BODY_NAME": "JUDICIAL DITCH 3A", "CWP_CSO_FLAG": "N"}}, {"type": "Feature", "geometry": {"type": "Point", "coordinates": [-96.259282167602, 47.0787816274129]}, "properties": {"CWP_NAME": "ULEN WWTP", "CWP_STREET": "116 NP AVE W", "CWP_CITY": "ULEN", "CWP_STATE": "MN", "CWP_ZIP": "56585", "CWP_COUNTY": "Clay", "NPDES_ID": "MNG585088", "REGISTRY_ID": "110068976567", "CWP_FACILITY_TYPE_INDICATOR": "POTW", "CWP_MAJOR_MINOR_STATUS": "Minor", "CWP_PERMIT_STATUS_DESC": "Effective", "STATE_WATER_BODY_NAME": "WILD RICE RIVER, SOUTH BRANCH", "CWP_CSO_FLAG": "N"}}, {"type": "Feature", "geometry": {"type": "Point", "coordinates": [-93.1334078594002, 47.3863086780582]}, "properties": {"CWP_NAME": "NASHWAUK WWTP", "CWP_STREET": "301 CENTRAL AVE", "CWP_CITY": "NASHWAUK", "CWP_STATE": "MN", "CWP_ZIP": "557691131", "CWP_COUNTY": "Itasca", "NPDES_ID": "MN0053392", "REGISTRY_ID": "110008797427", "CWP_FACILITY_TYPE_INDICATOR": "POTW", "CWP_MAJOR_MINOR_STATUS": "Minor", "CWP_PERMIT_STATUS_DESC": "Effective", "STATE_WATER_BODY_NAME": "UNNAMED", "CWP_CSO_FLAG": "N"}}, {"type": "Feature", "geometry": {"type": "Point", "coordinates": [-94.4561437957153, 47.9504578681117]}, "properties": {"CWP_NAME": "KELLIHER WWTP", "CWP_STREET": "12731 DERWAL RD", "CWP_CITY": "KELLIHER", "CWP_STATE": "MN", "CWP_ZIP": "56650", "CWP_COUNTY": "Beltrami", "NPDES_ID": "MNG585068", "REGISTRY_ID": "110068381771", "CWP_FACILITY_TYPE_INDICATOR": "POTW", "CWP_MAJOR_MINOR_STATUS": "Minor", "CWP_PERMIT_STATUS_DESC": "Effective", "STATE_WATER_BODY_NAME": "UNNAMED DITCH", "CWP_CSO_FLAG": "N"}}, {"type": "Feature", "geometry": {"type": "Point", "coordinates": [-94.9654078622658, 44.2400676978463]}, "properties": {"CWP_NAME": "SPRINGFIELD", "CWP_STREET": "EAST LINCOLN AND CO RD NO. 5", "CWP_CITY": "SPRINGFIELD", "CWP_STATE": "MN", "CWP_ZIP": "56087", "CWP_COUNTY": "Brown", "NPDES_ID": "MN0024953", "REGISTRY_ID": "110039745452", "CWP_FACILITY_TYPE_INDICATOR": "POTW", "CWP_MAJOR_MINOR_STATUS": "Minor", "CWP_PERMIT_STATUS_DESC": "Admin Continued", "STATE_WATER_BODY_NAME": "COTTONWOOD R", "CWP_CSO_FLAG": "N"}}, {"type": "Feature", "geometry": {"type": "Point", "coordinates": [-94.415778022437, 44.0535375246478]}, "properties": {"CWP_NAME": "ODIN-ORMSBY WWTP", "CWP_STREET": "LONG LAKE TWSP WATONWAN CTY", "CWP_CITY": "ORMSBY", "CWP_STATE": "MN", "CWP_ZIP": "56160", "CWP_COUNTY": "Martin", "NPDES_ID": "MN0069442", "REGISTRY_ID": "110040463575", "CWP_FACILITY_TYPE_INDICATOR": "POTW", "CWP_MAJOR_MINOR_STATUS": "Minor", "CWP_PERMIT_STATUS_DESC": "Terminated", "STATE_WATER_BODY_NAME": "UNNAMED CREEK", "CWP_CSO_FLAG": "N"}}, {"type": "Feature", "geometry": {"type": "Point", "coordinates": [-96.7361091145515, 46.8959179180094]}, "properties": {"CWP_NAME": "MOORHEAD WWTP", "CWP_STREET": "2121 28TH ST N", "CWP_CITY": "MOORHEAD", "CWP_STATE": "MN", "CWP_ZIP": "56560", "CWP_COUNTY": "Clay", "NPDES_ID": "MN0049069", "REGISTRY_ID": "110000756548", "CWP_FACILITY_TYPE_INDICATOR": "POTW", "CWP_MAJOR_MINOR_STATUS": "Major", "CWP_PERMIT_STATUS_DESC": "Effective", "STATE_WATER_BODY_NAME": "COUNTY DITCH 41, RED RIVER OF THE NORTH", "CWP_CSO_FLAG": "N"}}, {"type": "Feature", "geometry": {"type": "Point", "coordinates": [-93.6334378537423, 44.6798183491651]}, "properties": {"CWP_NAME": "JORDAN WWTP", "CWP_STREET": "903 SYNDICATE ST", "CWP_CITY": "JORDAN", "CWP_STATE": "MN", "CWP_ZIP": "55352", "CWP_COUNTY": "Scott", "NPDES_ID": "MN0020869", "REGISTRY_ID": "110039725447", "CWP_FACILITY_TYPE_INDICATOR": "POTW", "CWP_MAJOR_MINOR_STATUS": "Minor", "CWP_PERMIT_STATUS_DESC": "Admin Continued", "STATE_WATER_BODY_NAME": "MINN R VIA SAND CR", "CWP_CSO_FLAG": "N"}}, {"type": "Feature", "geometry": {"type": "Point", "coordinates": [-96.4935225158921, 48.0216651358845]}, "properties": {"CWP_NAME": "7-CLANS CASINO WWTP", "CWP_STREET": "20595 CENTER ST E", "CWP_CITY": "THIEF RIVER FALLS", "CWP_STATE": "MN", "CWP_ZIP": "567018016", "CWP_COUNTY": "Pennington", "NPDES_ID": "MNG585172", "REGISTRY_ID": "110064311971", "CWP_FACILITY_TYPE_INDICATOR": "POTW", "CWP_MAJOR_MINOR_STATUS": "Minor", "CWP_PERMIT_STATUS_DESC": "Effective", "STATE_WATER_BODY_NAME": "RED LAKE RIVER", "CWP_CSO_FLAG": "N"}}, {"type": "Feature", "geometry": {"type": "Point", "coordinates": [-96.1872083548996, 45.0090078536948]}, "properties": {"CWP_NAME": "MADISON WWTP", "CWP_STREET": "616 - 8TH ST", "CWP_CITY": "MADISON", "CWP_STATE": "MN", "CWP_ZIP": "55256", "CWP_COUNTY": "Lac qui Parle", "NPDES_ID": "MN0051764", "REGISTRY_ID": "110021116308", "CWP_FACILITY_TYPE_INDICATOR": "POTW", "CWP_MAJOR_MINOR_STATUS": "Minor", "CWP_PERMIT_STATUS_DESC": "Admin Continued", "STATE_WATER_BODY_NAME": null, "CWP_CSO_FLAG": "N"}}, {"type": "Feature", "geometry": {"type": "Point", "coordinates": [-94.4345279762121, 43.9267178076514]}, "properties": {"CWP_NAME": "LEWISVILLE", "CWP_STREET": "T105N,R30W,SECT 3 ANTRIM TWSP", "CWP_CITY": "LEWISVILLE", "CWP_STATE": "MN", "CWP_ZIP": "56060-0096", "CWP_COUNTY": "Watonwan", "NPDES_ID": "MN0065722", "REGISTRY_ID": "110008768565", "CWP_FACILITY_TYPE_INDICATOR": "POTW", "CWP_MAJOR_MINOR_STATUS": "Minor", "CWP_PERMIT_STATUS_DESC": "Terminated", "STATE_WATER_BODY_NAME": "UNN DITCH", "CWP_CSO_FLAG": "N"}}, {"type": "Feature", "geometry": {"type": "Point", "coordinates": [-93.0656254922674, 44.3413018288546]}, "properties": {"CWP_NAME": "NERSTRAND WWTF", "CWP_STREET": "SEC 14 T110N R19W", "CWP_CITY": "NERSTRAND", "CWP_STATE": "MN", "CWP_ZIP": "55053", "CWP_COUNTY": "Rice", "NPDES_ID": "MN0065668", "REGISTRY_ID": "110009049555", "CWP_FACILITY_TYPE_INDICATOR": "POTW", "CWP_MAJOR_MINOR_STATUS": "Minor", "CWP_PERMIT_STATUS_DESC": "Admin Continued", "STATE_WATER_BODY_NAME": "LITTLE CANNON R VIA UNN DITCH", "CWP_CSO_FLAG": "N"}}, {"type": "Feature", "geometry": {"type": "Point", "coordinates": [-96.054708492241, 44.9328073965309]}, "properties": {"CWP_NAME": "DAWSON WWTP", "CWP_STREET": "169 EAST LINDEN ST", "CWP_CITY": "DAWSON", "CWP_STATE": "MN", "CWP_ZIP": "56232", "CWP_COUNTY": "Lac qui Parle", "NPDES_ID": "MN0021881", "REGISTRY_ID": "110039754584", "CWP_FACILITY_TYPE_INDICATOR": "POTW", "CWP_MAJOR_MINOR_STATUS": "Minor", "CWP_PERMIT_STATUS_DESC": "Admin Continued", "STATE_WATER_BODY_NAME": "LAC QUI PARLE R VIA DT", "CWP_CSO_FLAG": "N"}}, {"type": "Feature", "geometry": {"type": "Point", "coordinates": [-95.5796242250365, 43.6453737779214]}, "properties": {"CWP_NAME": "WORTHINGTON WWTP", "CWP_STREET": "PO BOX 458", "CWP_CITY": "WORTHINGTON", "CWP_STATE": "MN", "CWP_ZIP": "561870458", "CWP_COUNTY": "Nobles", "NPDES_ID": "MN0031186", "REGISTRY_ID": "110000733617", "CWP_FACILITY_TYPE_INDICATOR": "POTW", "CWP_MAJOR_MINOR_STATUS": "Major", "CWP_PERMIT_STATUS_DESC": "Effective", "STATE_WATER_BODY_NAME": "OKABENA CREEK", "CWP_CSO_FLAG": "N"}}, {"type": "Feature", "geometry": {"type": "Point", "coordinates": [-95.3939782430631, 45.2253380616534]}, "properties": {"CWP_NAME": "MURDOCK WWTP", "CWP_STREET": "300 FREDERICK ST", "CWP_CITY": "MURDOCK", "CWP_STATE": "MN", "CWP_ZIP": "56271", "CWP_COUNTY": "Swift", "NPDES_ID": "MNG585086", "REGISTRY_ID": "110068431904", "CWP_FACILITY_TYPE_INDICATOR": "POTW", "CWP_MAJOR_MINOR_STATUS": "Minor", "CWP_PERMIT_STATUS_DESC": "Effective", "STATE_WATER_BODY_NAME": "UNNAMED CREEK", "CWP_CSO_FLAG": "N"}}, {"type": "Feature", "geometry": {"type": "Point", "coordinates": [-92.4828276955309, 43.7759681592577]}, "properties": {"CWP_NAME": "RACINE WWTP", "CWP_STREET": "290TH ST E", "CWP_CITY": "RACINE", "CWP_STATE": "MN", "CWP_ZIP": "55967", "CWP_COUNTY": "Mower", "NPDES_ID": "MN0024554", "REGISTRY_ID": "110008816852", "CWP_FACILITY_TYPE_INDICATOR": "POTW", "CWP_MAJOR_MINOR_STATUS": "Minor", "CWP_PERMIT_STATUS_DESC": "Effective", "STATE_WATER_BODY_NAME": "UNNAMED CREEK", "CWP_CSO_FLAG": "N"}}, {"type": "Feature", "geometry": {"type": "Point", "coordinates": [-92.8718646267173, 43.7444765686245]}, "properties": {"CWP_NAME": "BROWNSDALE WWTP", "CWP_STREET": "27745 STATE HWY 56", "CWP_CITY": "BROWNSDALE", "CWP_STATE": "MN", "CWP_ZIP": "55918", "CWP_COUNTY": "Mower", "NPDES_ID": "MN0022934", "REGISTRY_ID": "110008814346", "CWP_FACILITY_TYPE_INDICATOR": "POTW", "CWP_MAJOR_MINOR_STATUS": "Minor", "CWP_PERMIT_STATUS_DESC": "Effective", "STATE_WATER_BODY_NAME": "ROBERTS CREEK", "CWP_CSO_FLAG": "N"}}, {"type": "Feature", "geometry": {"type": "Point", "coordinates": [-95.4060020791955, 44.5053065545563]}, "properties": {"CWP_NAME": "VESTA WWTP", "CWP_STREET": "SEE LOCATION DESCRIPTION", "CWP_CITY": "VESTA", "CWP_STATE": "MN", "CWP_ZIP": "56292", "CWP_COUNTY": "Redwood", "NPDES_ID": "MNG585043", "REGISTRY_ID": "110068727747", "CWP_FACILITY_TYPE_INDICATOR": "POTW", "CWP_MAJOR_MINOR_STATUS": "Minor", "CWP_PERMIT_STATUS_DESC": "Effective", "STATE_WATER_BODY_NAME": "REDWOOD RIVER", "CWP_CSO_FLAG": "N"}}, {"type": "Feature", "geometry": {"type": "Point", "coordinates": [-93.4790573743152, 43.8081881086976]}, "properties": {"CWP_NAME": "HARTLAND WWTP", "CWP_STREET": "HIGHWAY 13", "CWP_CITY": "HARTLAND", "CWP_STATE": "MN", "CWP_ZIP": "56042", "CWP_COUNTY": "Freeborn", "NPDES_ID": "MNG585102", "REGISTRY_ID": "110008814532", "CWP_FACILITY_TYPE_INDICATOR": "POTW", "CWP_MAJOR_MINOR_STATUS": "Minor", "CWP_PERMIT_STATUS_DESC": "Effective", "STATE_WATER_BODY_NAME": "JUDICIAL DITCH 6", "CWP_CSO_FLAG": "N"}}, {"type": "Feature", "geometry": {"type": "Point", "coordinates": [-95.3112083926439, 46.3870078027395]}, "properties": {"CWP_NAME": "DEER CREEK", "CWP_STREET": "T134N,R37W,SECT26,DEERCREEK", "CWP_CITY": "DEER CREEK", "CWP_STATE": "MN", "CWP_ZIP": "56527", "CWP_COUNTY": "Otter Tail", "NPDES_ID": "MN0020281", "REGISTRY_ID": "110008802769", "CWP_FACILITY_TYPE_INDICATOR": "POTW", "CWP_MAJOR_MINOR_STATUS": "Minor", "CWP_PERMIT_STATUS_DESC": "Terminated", "STATE_WATER_BODY_NAME": "DEER CR VIA DT", "CWP_CSO_FLAG": "N"}}, {"type": "Feature", "geometry": {"type": "Point", "coordinates": [-96.3523552081681, 43.6113145941692]}, "properties": {"CWP_NAME": "BEAVER CREEK WWTP", "CWP_STREET": "874 60TH AVE", "CWP_CITY": "BEAVER CREEK", "CWP_STATE": "MN", "CWP_ZIP": "56116", "CWP_COUNTY": "Rock", "NPDES_ID": "MNG585055", "REGISTRY_ID": "110068461060", "CWP_FACILITY_TYPE_INDICATOR": "POTW", "CWP_MAJOR_MINOR_STATUS": "Minor", "CWP_PERMIT_STATUS_DESC": "Effective", "STATE_WATER_BODY_NAME": "UNNAMED CREEK", "CWP_CSO_FLAG": "N"}}, {"type": "Feature", "geometry": {"type": "Point", "coordinates": [-95.3646386101954, 44.220557774382]}, "properties": {"CWP_NAME": "REVERE WWTP", "CWP_STREET": "400 MAIN ST", "CWP_CITY": "REVERE", "CWP_STATE": "MN", "CWP_ZIP": "56166", "CWP_COUNTY": "Redwood", "NPDES_ID": "MNG585114", "REGISTRY_ID": "110067746835", "CWP_FACILITY_TYPE_INDICATOR": "POTW", "CWP_MAJOR_MINOR_STATUS": "Minor", "CWP_PERMIT_STATUS_DESC": "Effective", "STATE_WATER_BODY_NAME": "PELL CREEK", "CWP_CSO_FLAG": "N"}}, {"type": "Feature", "geometry": {"type": "Point", "coordinates": [-96.6502391040881, 46.7785977513536]}, "properties": {"CWP_NAME": "SABIN WWTP", "CWP_STREET": "2 MAIN ST", "CWP_CITY": "SABIN", "CWP_STATE": "MN", "CWP_ZIP": "56580", "CWP_COUNTY": "Clay", "NPDES_ID": "MNG585133", "REGISTRY_ID": "110068974738", "CWP_FACILITY_TYPE_INDICATOR": "POTW", "CWP_MAJOR_MINOR_STATUS": "Minor", "CWP_PERMIT_STATUS_DESC": "Effective", "STATE_WATER_BODY_NAME": "COUNTY DITCH 32", "CWP_CSO_FLAG": "N"}}, {"type": "Feature", "geometry": {"type": "Point", "coordinates": [-93.2957777940997, 47.3221384320512]}, "properties": {"CWP_NAME": "MARBLE WWTP", "CWP_STREET": "220 ETHEL ST", "CWP_CITY": "MARBLE", "CWP_STATE": "MN", "CWP_ZIP": "55764", "CWP_COUNTY": "Itasca", "NPDES_ID": "MN0020214", "REGISTRY_ID": "110008798426", "CWP_FACILITY_TYPE_INDICATOR": "POTW", "CWP_MAJOR_MINOR_STATUS": "Minor", "CWP_PERMIT_STATUS_DESC": "Effective", "STATE_WATER_BODY_NAME": "MUD LAKE", "CWP_CSO_FLAG": "N"}}, {"type": "Feature", "geometry": {"type": "Point", "coordinates": [-93.8024980710657, 46.1760781952299]}, "properties": {"CWP_NAME": "MILLE LACS WWTF", "CWP_STREET": "43282 TIMBER TRAIL ROAD", "CWP_CITY": "ONAMIA", "CWP_STATE": "MN", "CWP_ZIP": "56359", "CWP_COUNTY": "Mille Lacs", "NPDES_ID": "MN0064637", "REGISTRY_ID": "110020564003", "CWP_FACILITY_TYPE_INDICATOR": "POTW", "CWP_MAJOR_MINOR_STATUS": "Minor", "CWP_PERMIT_STATUS_DESC": "Effective", "STATE_WATER_BODY_NAME": "WETLAND/UNNAMED TRIB. TO OGECHIE LK", "CWP_CSO_FLAG": "N"}}, {"type": "Feature", "geometry": {"type": "Point", "coordinates": [-94.2185782335483, 44.1078476046458]}, "properties": {"CWP_NAME": "LAKE CRYSTAL WWTF", "CWP_STREET": "SEC 32, T108, R28W", "CWP_CITY": "LAKE CRYSTAL", "CWP_STATE": "MN", "CWP_ZIP": "560550086", "CWP_COUNTY": "Blue Earth", "NPDES_ID": "MN0055981", "REGISTRY_ID": "110008814284", "CWP_FACILITY_TYPE_INDICATOR": "POTW", "CWP_MAJOR_MINOR_STATUS": "Minor", "CWP_PERMIT_STATUS_DESC": "Admin Continued", "STATE_WATER_BODY_NAME": "MINN R VIA MINNEOPA CR", "CWP_CSO_FLAG": "N"}}, {"type": "Feature", "geometry": {"type": "Point", "coordinates": [-95.5401513085734, 44.6518367040881]}, "properties": {"CWP_NAME": "WOOD LAKE WWTP", "CWP_STREET": "88 2ND AVE W", "CWP_CITY": "WOOD LAKE", "CWP_STATE": "MN", "CWP_ZIP": "56297", "CWP_COUNTY": "Yellow Medicine", "NPDES_ID": "MNG585107", "REGISTRY_ID": "110068035995", "CWP_FACILITY_TYPE_INDICATOR": "POTW", "CWP_MAJOR_MINOR_STATUS": "Minor", "CWP_PERMIT_STATUS_DESC": "Effective", "STATE_WATER_BODY_NAME": "JUDICIAL DITCH 10 (WOOD LAKE CREEK)", "CWP_CSO_FLAG": "N"}}, {"type": "Feature", "geometry": {"type": "Point", "coordinates": [-93.0241748822729, 44.7472297830936]}, "properties": {"CWP_NAME": "MCWS-ROSEMOUNT", "CWP_STREET": "4005 140TH ST. E.", "CWP_CITY": "ROSEMOUNT", "CWP_STATE": "MN", "CWP_ZIP": "55068", "CWP_COUNTY": "Dakota", "NPDES_ID": "MN0025488", "REGISTRY_ID": "110009401655", "CWP_FACILITY_TYPE_INDICATOR": "POTW", "CWP_MAJOR_MINOR_STATUS": "Major", "CWP_PERMIT_STATUS_DESC": "Terminated", "STATE_WATER_BODY_NAME": "MISS R - SPRING L", "CWP_CSO_FLAG": "N"}}, {"type": "Feature", "geometry": {"type": "Point", "coordinates": [-94.7840580315705, 46.3627980896084]}, "properties": {"CWP_NAME": "STAPLES WWTP", "CWP_STREET": "830 12TH ST NE", "CWP_CITY": "STAPLES", "CWP_STATE": "MN", "CWP_ZIP": "56479", "CWP_COUNTY": "Todd", "NPDES_ID": "MN0024988", "REGISTRY_ID": "110008802625", "CWP_FACILITY_TYPE_INDICATOR": "POTW", "CWP_MAJOR_MINOR_STATUS": "Minor", "CWP_PERMIT_STATUS_DESC": "Effective", "STATE_WATER_BODY_NAME": "HAYDEN CREEK", "CWP_CSO_FLAG": "N"}}, {"type": "Feature", "geometry": {"type": "Point", "coordinates": [-92.409907577217, 47.5149585662761]}, "properties": {"CWP_NAME": "MCKINLEY WWTP", "CWP_STREET": "NW1/4,SW1/4,SECT 8,T58N,R16W", "CWP_CITY": "MCKINLEY", "CWP_STATE": "MN", "CWP_ZIP": "55761", "CWP_COUNTY": "St. Louis", "NPDES_ID": "MN0024031", "REGISTRY_ID": "110008799256", "CWP_FACILITY_TYPE_INDICATOR": "POTW", "CWP_MAJOR_MINOR_STATUS": "Minor", "CWP_PERMIT_STATUS_DESC": "Terminated", "STATE_WATER_BODY_NAME": "EMBARRASS R", "CWP_CSO_FLAG": "N"}}, {"type": "Feature", "geometry": {"type": "Point", "coordinates": [-94.5932480361214, 47.0959983796813]}, "properties": {"CWP_NAME": "AKELEY", "CWP_STREET": "COUNTY ROAD 12", "CWP_CITY": "AKELEY", "CWP_STATE": "MN", "CWP_ZIP": "56433", "CWP_COUNTY": "Hubbard", "NPDES_ID": "MN0052345", "REGISTRY_ID": "110008798863", "CWP_FACILITY_TYPE_INDICATOR": "POTW", "CWP_MAJOR_MINOR_STATUS": "Minor", "CWP_PERMIT_STATUS_DESC": "Terminated", "STATE_WATER_BODY_NAME": "LAND", "CWP_CSO_FLAG": "N"}}, {"type": "Feature", "geometry": {"type": "Point", "coordinates": [-93.2488075311489, 44.1787079635093]}, "properties": {"CWP_NAME": "MEDFORD WWTP", "CWP_STREET": "7464 COUNTY ROAD 45 N", "CWP_CITY": "MEDFORD", "CWP_STATE": "MN", "CWP_ZIP": "55049", "CWP_COUNTY": "Steele", "NPDES_ID": "MN0024112", "REGISTRY_ID": "110009893071", "CWP_FACILITY_TYPE_INDICATOR": "POTW", "CWP_MAJOR_MINOR_STATUS": "Minor", "CWP_PERMIT_STATUS_DESC": "Effective", "STATE_WATER_BODY_NAME": "STRAIGHT RIVER", "CWP_CSO_FLAG": "N"}}, {"type": "Feature", "geometry": {"type": "Point", "coordinates": [-91.9396856249891, 44.0718218110291]}, "properties": {"CWP_NAME": "ALTURA", "CWP_STREET": "SEC 18, T107N, R9W WINONA CTY", "CWP_CITY": "ALTURA", "CWP_STATE": "MN", "CWP_ZIP": "55910", "CWP_COUNTY": "Winona", "NPDES_ID": "MN0021831", "REGISTRY_ID": "110009033429", "CWP_FACILITY_TYPE_INDICATOR": "POTW", "CWP_MAJOR_MINOR_STATUS": "Minor", "CWP_PERMIT_STATUS_DESC": "Admin Continued", "STATE_WATER_BODY_NAME": "WHITEWATER R SB VIA CR VIA DRY RUN", "CWP_CSO_FLAG": "N"}}, {"type": "Feature", "geometry": {"type": "Point", "coordinates": [-93.2661186033641, 44.3097302107603]}, "properties": {"CWP_NAME": "FARIBAULT WWTP", "CWP_STREET": "214 14TH ST NE", "CWP_CITY": "FARIBAULT", "CWP_STATE": "MN", "CWP_ZIP": "55021", "CWP_COUNTY": "Rice", "NPDES_ID": "MN0030121", "REGISTRY_ID": "110000545278", "CWP_FACILITY_TYPE_INDICATOR": "POTW", "CWP_MAJOR_MINOR_STATUS": "Major", "CWP_PERMIT_STATUS_DESC": "Effective", "STATE_WATER_BODY_NAME": "STRAIGHT RIVER", "CWP_CSO_FLAG": "N"}}, {"type": "Feature", "geometry": {"type": "Point", "coordinates": [-95.2552380169182, 45.3839182483131]}, "properties": {"CWP_NAME": "SUNBURG WWTP", "CWP_STREET": "HIGHWAY 104 S", "CWP_CITY": "SUNBURG", "CWP_STATE": "MN", "CWP_ZIP": "56289", "CWP_COUNTY": "Kandiyohi", "NPDES_ID": "MNG585125", "REGISTRY_ID": "110068047679", "CWP_FACILITY_TYPE_INDICATOR": "POTW", "CWP_MAJOR_MINOR_STATUS": "Minor", "CWP_PERMIT_STATUS_DESC": "Effective", "STATE_WATER_BODY_NAME": "UNNAMED", "CWP_CSO_FLAG": "N"}}, {"type": "Feature", "geometry": {"type": "Point", "coordinates": [-95.9965445617371, 48.7898526730554]}, "properties": {"CWP_NAME": "BADGER WWTP", "CWP_STREET": "HIGHWAY 11", "CWP_CITY": "BADGER", "CWP_STATE": "MN", "CWP_ZIP": "56714", "CWP_COUNTY": "Roseau", "NPDES_ID": "MNG585155", "REGISTRY_ID": "110008795802", "CWP_FACILITY_TYPE_INDICATOR": "POTW", "CWP_MAJOR_MINOR_STATUS": "Minor", "CWP_PERMIT_STATUS_DESC": "Effective", "STATE_WATER_BODY_NAME": "BADGER CREEK", "CWP_CSO_FLAG": "N"}}, {"type": "Feature", "geometry": {"type": "Point", "coordinates": [-94.7734582197387, 43.5589004088625]}, "properties": {"CWP_NAME": "DUNNELL WWTF", "CWP_STREET": "T101N R33W SEC 14 LAKE FREMONT", "CWP_CITY": "DUNNELL", "CWP_STATE": "MN", "CWP_ZIP": "56127", "CWP_COUNTY": "Martin", "NPDES_ID": "MN0056103", "REGISTRY_ID": "110008811401", "CWP_FACILITY_TYPE_INDICATOR": "POTW", "CWP_MAJOR_MINOR_STATUS": "Minor", "CWP_PERMIT_STATUS_DESC": "Terminated", "STATE_WATER_BODY_NAME": "LAND", "CWP_CSO_FLAG": "N"}}, {"type": "Feature", "geometry": {"type": "Point", "coordinates": [-94.7734582197387, 43.5589004088625]}, "properties": {"CWP_NAME": "DUNNELL WWTP", "CWP_STREET": "120 S HIGHWAY 4", "CWP_CITY": "DUNNELL", "CWP_STATE": "MN", "CWP_ZIP": "56127", "CWP_COUNTY": "Martin", "NPDES_ID": "MNG585279", "REGISTRY_ID": "110008811401", "CWP_FACILITY_TYPE_INDICATOR": "POTW", "CWP_MAJOR_MINOR_STATUS": "Minor", "CWP_PERMIT_STATUS_DESC": "Effective", "STATE_WATER_BODY_NAME": "COUNTY DITCH 53", "CWP_CSO_FLAG": "N"}}, {"type": "Feature", "geometry": {"type": "Point", "coordinates": [-95.4418086116648, 44.6143475670102]}, "properties": {"CWP_NAME": "ECHO WWTP", "CWP_STREET": "150TH AVE & 600TH ST", "CWP_CITY": "ECHO", "CWP_STATE": "MN", "CWP_ZIP": "56237", "CWP_COUNTY": "Yellow Medicine", "NPDES_ID": "MNG585059", "REGISTRY_ID": "110068180444", "CWP_FACILITY_TYPE_INDICATOR": "POTW", "CWP_MAJOR_MINOR_STATUS": "Minor", "CWP_PERMIT_STATUS_DESC": "Effective", "STATE_WATER_BODY_NAME": "UNNAMED LATERAL DITCH (COUNTY DITCH 1)", "CWP_CSO_FLAG": "N"}}, {"type": "Feature", "geometry": {"type": "Point", "coordinates": [-92.724797529056, 43.5654781889115]}, "properties": {"CWP_NAME": "ADAMS WWTP", "CWP_STREET": "703 MAIN ST W", "CWP_CITY": "ADAMS", "CWP_STATE": "MN", "CWP_ZIP": "55909", "CWP_COUNTY": "Mower", "NPDES_ID": "MN0021261", "REGISTRY_ID": "110006739388", "CWP_FACILITY_TYPE_INDICATOR": "POTW", "CWP_MAJOR_MINOR_STATUS": "Minor", "CWP_PERMIT_STATUS_DESC": "Effective", "STATE_WATER_BODY_NAME": "UNNAMED CREEK", "CWP_CSO_FLAG": "N"}}, {"type": "Feature", "geometry": {"type": "Point", "coordinates": [-94.2273982070528, 46.3398780061814]}, "properties": {"CWP_NAME": "BRAINERD WWTP", "CWP_STREET": "7933 HIGHLAND SCENIC DR", "CWP_CITY": "BAXTER", "CWP_STATE": "MN", "CWP_ZIP": "564258345", "CWP_COUNTY": "Crow Wing", "NPDES_ID": "MN0049328", "REGISTRY_ID": "110039737522", "CWP_FACILITY_TYPE_INDICATOR": "POTW", "CWP_MAJOR_MINOR_STATUS": "Major", "CWP_PERMIT_STATUS_DESC": "Effective", "STATE_WATER_BODY_NAME": "MISSISSIPPI RIVER", "CWP_CSO_FLAG": "N"}}, {"type": "Feature", "geometry": {"type": "Point", "coordinates": [-94.720316459527, 44.2647145386284]}, "properties": {"CWP_NAME": "SLEEPY EYE WWTP", "CWP_STREET": "HIGHWAY 4 S", "CWP_CITY": "SLEEPY EYE", "CWP_STATE": "MN", "CWP_ZIP": "56085", "CWP_COUNTY": "Brown", "NPDES_ID": "MNG585041", "REGISTRY_ID": "110069015274", "CWP_FACILITY_TYPE_INDICATOR": "POTW", "CWP_MAJOR_MINOR_STATUS": "Minor", "CWP_PERMIT_STATUS_DESC": "Effective", "STATE_WATER_BODY_NAME": "JUDICIAL DITCH 30", "CWP_CSO_FLAG": "N"}}, {"type": "Feature", "geometry": {"type": "Point", "coordinates": [-96.8233425742787, 47.4583414001007]}, "properties": {"CWP_NAME": "SHELLY", "CWP_STREET": "T146N R48W SECT 18 NORMAN CTY", "CWP_CITY": "SHELLY", "CWP_STATE": "MN", "CWP_ZIP": "56581", "CWP_COUNTY": "Norman", "NPDES_ID": "MN0024864", "REGISTRY_ID": "110006650506", "CWP_FACILITY_TYPE_INDICATOR": "POTW", "CWP_MAJOR_MINOR_STATUS": "Minor", "CWP_PERMIT_STATUS_DESC": "Terminated", "STATE_WATER_BODY_NAME": "MARSH R", "CWP_CSO_FLAG": "N"}}, {"type": "Feature", "geometry": {"type": "Point", "coordinates": [-92.9190279225207, 44.7863476071191]}, "properties": {"CWP_NAME": "MET COUNCIL - EAGLES POINT WWTP", "CWP_STREET": "9211 110TH ST S", "CWP_CITY": "COTTAGE GROVE", "CWP_STATE": "MN", "CWP_ZIP": "55016", "CWP_COUNTY": "Washington", "NPDES_ID": "MN0029904", "REGISTRY_ID": "110000559798", "CWP_FACILITY_TYPE_INDICATOR": "POTW", "CWP_MAJOR_MINOR_STATUS": "Major", "CWP_PERMIT_STATUS_DESC": "Effective", "STATE_WATER_BODY_NAME": "MISSISSIPPI RIVER", "CWP_CSO_FLAG": "N"}}, {"type": "Feature", "geometry": {"type": "Point", "coordinates": [-93.3386372923643, 44.5837581704178]}, "properties": {"CWP_NAME": "ELKO/NEW MARKET", "CWP_STREET": "SEC 22, T113N, R21W", "CWP_CITY": "NEW MARKET", "CWP_STATE": "MN", "CWP_ZIP": "55054", "CWP_COUNTY": "Scott", "NPDES_ID": "MN0056219", "REGISTRY_ID": "110008819083", "CWP_FACILITY_TYPE_INDICATOR": "POTW", "CWP_MAJOR_MINOR_STATUS": "Minor", "CWP_PERMIT_STATUS_DESC": "Terminated", "STATE_WATER_BODY_NAME": "VERMILLION R", "CWP_CSO_FLAG": "N"}}, {"type": "Feature", "geometry": {"type": "Point", "coordinates": [-91.8710624880631, 47.9064767128754]}, "properties": {"CWP_NAME": "ELY WWTP", "CWP_STREET": "47 CHANDLER RD N", "CWP_CITY": "ELY", "CWP_STATE": "MN", "CWP_ZIP": "55731", "CWP_COUNTY": "St. Louis", "NPDES_ID": "MN0020508", "REGISTRY_ID": "110039751550", "CWP_FACILITY_TYPE_INDICATOR": "POTW", "CWP_MAJOR_MINOR_STATUS": "Major", "CWP_PERMIT_STATUS_DESC": "Effective", "STATE_WATER_BODY_NAME": "SHAGAWA LAKE", "CWP_CSO_FLAG": "N"}}, {"type": "Feature", "geometry": {"type": "Point", "coordinates": [-95.4966457066738, 44.7467628606347]}, "properties": {"CWP_NAME": "UPPER SIOUX COMMUNITY", "CWP_STREET": "5722 TRAVERS LN", "CWP_CITY": "GRANITE FALLS", "CWP_STATE": "MN", "CWP_ZIP": "56241", "CWP_COUNTY": "Yellow Medicine", "NPDES_ID": "MN0075001", "REGISTRY_ID": "110043182631", "CWP_FACILITY_TYPE_INDICATOR": "POTW", "CWP_MAJOR_MINOR_STATUS": "Minor", "CWP_PERMIT_STATUS_DESC": "Effective", "STATE_WATER_BODY_NAME": null, "CWP_CSO_FLAG": "N"}}, {"type": "Feature", "geometry": {"type": "Point", "coordinates": [-94.5247302146229, 45.4519879967322]}, "properties": {"CWP_NAME": "RICHMOND", "CWP_STREET": "447 SECOND ST SW", "CWP_CITY": "RICHMOND", "CWP_STATE": "MN", "CWP_ZIP": "56368", "CWP_COUNTY": "Stearns", "NPDES_ID": "MN0024597", "REGISTRY_ID": "110008805436", "CWP_FACILITY_TYPE_INDICATOR": "POTW", "CWP_MAJOR_MINOR_STATUS": "Minor", "CWP_PERMIT_STATUS_DESC": "Admin Continued", "STATE_WATER_BODY_NAME": "SAUK R", "CWP_CSO_FLAG": "N"}}, {"type": "Feature", "geometry": {"type": "Point", "coordinates": [-91.8192300483598, 47.9185366269407]}, "properties": {"CWP_NAME": "WINTON WWTF", "CWP_STREET": "SEC 25, T63N, R12W", "CWP_CITY": "WINTON", "CWP_STATE": "MN", "CWP_ZIP": "55796", "CWP_COUNTY": "St. Louis", "NPDES_ID": "MN0056715", "REGISTRY_ID": "110006650711", "CWP_FACILITY_TYPE_INDICATOR": "POTW", "CWP_MAJOR_MINOR_STATUS": "Minor", "CWP_PERMIT_STATUS_DESC": "Terminated", "STATE_WATER_BODY_NAME": "SHAGAWA R", "CWP_CSO_FLAG": "N"}}, {"type": "Feature", "geometry": {"type": "Point", "coordinates": [-92.4082276348546, 47.4631486162964]}, "properties": {"CWP_NAME": "GILBERT WWTP", "CWP_STREET": "202 DAKOTA AVE E", "CWP_CITY": "GILBERT", "CWP_STATE": "MN", "CWP_ZIP": "55741", "CWP_COUNTY": "St. Louis", "NPDES_ID": "MN0020125", "REGISTRY_ID": "110008799229", "CWP_FACILITY_TYPE_INDICATOR": "POTW", "CWP_MAJOR_MINOR_STATUS": "Minor", "CWP_PERMIT_STATUS_DESC": "Effective", "STATE_WATER_BODY_NAME": "UNASSESSED", "CWP_CSO_FLAG": "N"}}, {"type": "Feature", "geometry": {"type": "Point", "coordinates": [-94.2218081635925, 47.2471780612329]}, "properties": {"CWP_NAME": "USCOE LEECH LAKE REC AREA WWTP", "CWP_STREET": "1217 FEDERAL DAM DR NE", "CWP_CITY": "FEDERAL DAM", "CWP_STATE": "MN", "CWP_ZIP": "56641", "CWP_COUNTY": "Cass", "NPDES_ID": "MN0110027", "REGISTRY_ID": "110008799014", "CWP_FACILITY_TYPE_INDICATOR": "NON-POTW", "CWP_MAJOR_MINOR_STATUS": "Minor", "CWP_PERMIT_STATUS_DESC": "Effective", "STATE_WATER_BODY_NAME": "LEECH LAKE", "CWP_CSO_FLAG": "N"}}, {"type": "Feature", "geometry": {"type": "Point", "coordinates": [-96.2756769519888, 47.8822495344464]}, "properties": {"CWP_NAME": "RED LAKE FALLS WWTP", "CWP_STREET": "108 2ND ST SW", "CWP_CITY": "RED LAKE FALLS", "CWP_STATE": "MN", "CWP_ZIP": "56750", "CWP_COUNTY": "Red Lake", "NPDES_ID": "MNG585161", "REGISTRY_ID": "110068902619", "CWP_FACILITY_TYPE_INDICATOR": "POTW", "CWP_MAJOR_MINOR_STATUS": "Minor", "CWP_PERMIT_STATUS_DESC": "Effective", "STATE_WATER_BODY_NAME": "RED LAKE RIVER", "CWP_CSO_FLAG": "N"}}, {"type": "Feature", "geometry": {"type": "Point", "coordinates": [-96.4366759298692, 45.4600080108297]}, "properties": {"CWP_NAME": "CLINTON", "CWP_STREET": "SEC 22 T123N R46W", "CWP_CITY": "CLINTON", "CWP_STATE": "MN", "CWP_ZIP": "56225", "CWP_COUNTY": "Big Stone", "NPDES_ID": "MN0023078", "REGISTRY_ID": "110008804026", "CWP_FACILITY_TYPE_INDICATOR": "POTW", "CWP_MAJOR_MINOR_STATUS": "Minor", "CWP_PERMIT_STATUS_DESC": "Terminated", "STATE_WATER_BODY_NAME": "MINN R VIA DRY RUN", "CWP_CSO_FLAG": "N"}}, {"type": "Feature", "geometry": {"type": "Point", "coordinates": [-92.8588775509485, 44.039157468991]}, "properties": {"CWP_NAME": "DODGE CENTER WWTP", "CWP_STREET": "62888 190TH AVENUE PO BOX 293", "CWP_CITY": "DODGE CENTER", "CWP_STATE": "MN", "CWP_ZIP": "55927", "CWP_COUNTY": "Dodge", "NPDES_ID": "MN0021016", "REGISTRY_ID": "110006739324", "CWP_FACILITY_TYPE_INDICATOR": "POTW", "CWP_MAJOR_MINOR_STATUS": "Minor", "CWP_PERMIT_STATUS_DESC": "Admin Continued", "STATE_WATER_BODY_NAME": "DODGE CENTER CR", "CWP_CSO_FLAG": "N"}}, {"type": "Feature", "geometry": {"type": "Point", "coordinates": [-95.6183920333415, 48.3021089289641]}, "properties": {"CWP_NAME": "GRYGLA WWTP", "CWP_STREET": "219 W BELTRAMI ST", "CWP_CITY": "GRYGLA", "CWP_STATE": "MN", "CWP_ZIP": "56727", "CWP_COUNTY": "Marshall", "NPDES_ID": "MNG585139", "REGISTRY_ID": "110068411427", "CWP_FACILITY_TYPE_INDICATOR": "POTW", "CWP_MAJOR_MINOR_STATUS": "Minor", "CWP_PERMIT_STATUS_DESC": "Effective", "STATE_WATER_BODY_NAME": "UNNAMED DITCH", "CWP_CSO_FLAG": "N"}}, {"type": "Feature", "geometry": {"type": "Point", "coordinates": [-93.7845483335429, 45.0519578553162]}, "properties": {"CWP_NAME": "DELANO WWTP", "CWP_STREET": "1002 RIVER ST N", "CWP_CITY": "DELANO", "CWP_STATE": "MN", "CWP_ZIP": "55328", "CWP_COUNTY": "Wright", "NPDES_ID": "MN0051250", "REGISTRY_ID": "110041043652", "CWP_FACILITY_TYPE_INDICATOR": "POTW", "CWP_MAJOR_MINOR_STATUS": "Major", "CWP_PERMIT_STATUS_DESC": "Effective", "STATE_WATER_BODY_NAME": "CROW RIVER, SOUTH FORK", "CWP_CSO_FLAG": "N"}}, {"type": "Feature", "geometry": {"type": "Point", "coordinates": [-92.5495376881336, 44.2678677110217]}, "properties": {"CWP_NAME": "MAZEPPA WWTF", "CWP_STREET": "269 CEDAR ST SW", "CWP_CITY": "MAZEPPA", "CWP_STATE": "MN", "CWP_ZIP": "55956", "CWP_COUNTY": "Wabasha", "NPDES_ID": "MN0046752", "REGISTRY_ID": "110032946098", "CWP_FACILITY_TYPE_INDICATOR": "POTW", "CWP_MAJOR_MINOR_STATUS": "Minor", "CWP_PERMIT_STATUS_DESC": "Admin Continued", "STATE_WATER_BODY_NAME": null, "CWP_CSO_FLAG": "N"}}, {"type": "Feature", "geometry": {"type": "Point", "coordinates": [-94.349037855184, 46.4131781499053]}, "properties": {"CWP_NAME": "EAST GULL LAKE WWTP", "CWP_STREET": "10790 SQUAW POINT RD", "CWP_CITY": "EAST GULL LAKE", "CWP_STATE": "MN", "CWP_ZIP": "564013088", "CWP_COUNTY": "Cass", "NPDES_ID": "MN0059871", "REGISTRY_ID": "110021318304", "CWP_FACILITY_TYPE_INDICATOR": "POTW", "CWP_MAJOR_MINOR_STATUS": "Minor", "CWP_PERMIT_STATUS_DESC": "Effective", "STATE_WATER_BODY_NAME": "GULL RIVER", "CWP_CSO_FLAG": "N"}}, {"type": "Feature", "geometry": {"type": "Point", "coordinates": [-96.2850630724699, 47.2707635246161]}, "properties": {"CWP_NAME": "TWIN VALLEY WWTP", "CWP_STREET": "COUNTY ROAD 27", "CWP_CITY": "TWIN VALLEY", "CWP_STATE": "MN", "CWP_ZIP": "56584", "CWP_COUNTY": "Norman", "NPDES_ID": "MNG585137", "REGISTRY_ID": "110008796687", "CWP_FACILITY_TYPE_INDICATOR": "POTW", "CWP_MAJOR_MINOR_STATUS": "Minor", "CWP_PERMIT_STATUS_DESC": "Effective", "STATE_WATER_BODY_NAME": "WILD RICE RIVER", "CWP_CSO_FLAG": "N"}}, {"type": "Feature", "geometry": {"type": "Point", "coordinates": [-96.996225726685, 48.1937027256291]}, "properties": {"CWP_NAME": "ALVARADO WWTP", "CWP_STREET": "155 MARSHALL ST", "CWP_CITY": "ALVARADO", "CWP_STATE": "MN", "CWP_ZIP": "56710", "CWP_COUNTY": "Marshall", "NPDES_ID": "MNG585171", "REGISTRY_ID": "110070503320", "CWP_FACILITY_TYPE_INDICATOR": "POTW", "CWP_MAJOR_MINOR_STATUS": "Minor", "CWP_PERMIT_STATUS_DESC": "Effective", "STATE_WATER_BODY_NAME": "SNAKE RIVER", "CWP_CSO_FLAG": "N"}}, {"type": "Feature", "geometry": {"type": "Point", "coordinates": [-96.8196932812904, 48.3324951285128]}, "properties": {"CWP_NAME": "ARGYLE WWTP", "CWP_STREET": "106 2ND ST E", "CWP_CITY": "ARGYLE", "CWP_STATE": "MN", "CWP_ZIP": "56713", "CWP_COUNTY": "Marshall", "NPDES_ID": "MNG585140", "REGISTRY_ID": "110068861155", "CWP_FACILITY_TYPE_INDICATOR": "POTW", "CWP_MAJOR_MINOR_STATUS": "Minor", "CWP_PERMIT_STATUS_DESC": "Effective", "STATE_WATER_BODY_NAME": "MIDDLE RIVER", "CWP_CSO_FLAG": "N"}}, {"type": "Feature", "geometry": {"type": "Point", "coordinates": [-97.0000091752282, 48.1916747538558]}, "properties": {"CWP_NAME": "ALVARDO", "CWP_STREET": "SEC 6, T154N, R49W", "CWP_CITY": "ALVARDO", "CWP_STATE": "MN", "CWP_ZIP": "56710", "CWP_COUNTY": "Marshall", "NPDES_ID": "MN0021989", "REGISTRY_ID": "110008795312", "CWP_FACILITY_TYPE_INDICATOR": "POTW", "CWP_MAJOR_MINOR_STATUS": "Minor", "CWP_PERMIT_STATUS_DESC": "Terminated", "STATE_WATER_BODY_NAME": "SNAKE R", "CWP_CSO_FLAG": "N"}}, {"type": "Feature", "geometry": {"type": "Point", "coordinates": [-92.7033406178079, 43.721675165158]}, "properties": {"CWP_NAME": "DEXTER", "CWP_STREET": "107 SOUTH MAIN ST T103N R16W", "CWP_CITY": "DEXTER", "CWP_STATE": "MN", "CWP_ZIP": "55926", "CWP_COUNTY": "Mower", "NPDES_ID": "MN0023183", "REGISTRY_ID": "110006650579", "CWP_FACILITY_TYPE_INDICATOR": "POTW", "CWP_MAJOR_MINOR_STATUS": "Minor", "CWP_PERMIT_STATUS_DESC": "Terminated", "STATE_WATER_BODY_NAME": "ROOT R N BR VIA UNN STREAM", "CWP_CSO_FLAG": "N"}}, {"type": "Feature", "geometry": {"type": "Point", "coordinates": [-93.2973466151053, 43.8815260461905]}, "properties": {"CWP_NAME": "ELLENDALE WWTP", "CWP_STREET": "LAGOON RD N", "CWP_CITY": "ELLENDALE", "CWP_STATE": "MN", "CWP_ZIP": "56026", "CWP_COUNTY": "Steele", "NPDES_ID": "MNG585014", "REGISTRY_ID": "110068223149", "CWP_FACILITY_TYPE_INDICATOR": "POTW", "CWP_MAJOR_MINOR_STATUS": "Minor", "CWP_PERMIT_STATUS_DESC": "Effective", "STATE_WATER_BODY_NAME": "UNNAMED DITCH", "CWP_CSO_FLAG": "N"}}, {"type": "Feature", "geometry": {"type": "Point", "coordinates": [-92.8440890402795, 43.6078830206558]}, "properties": {"CWP_NAME": "ROSE CREEK WWTP", "CWP_STREET": "105 MAPLE ST SW", "CWP_CITY": "ROSE CREEK", "CWP_STATE": "MN", "CWP_ZIP": "55970", "CWP_COUNTY": "Mower", "NPDES_ID": "MN0024651", "REGISTRY_ID": "110012667783", "CWP_FACILITY_TYPE_INDICATOR": "POTW", "CWP_MAJOR_MINOR_STATUS": "Minor", "CWP_PERMIT_STATUS_DESC": "Effective", "STATE_WATER_BODY_NAME": "ROSE CREEK", "CWP_CSO_FLAG": "N"}}, {"type": "Feature", "geometry": {"type": "Point", "coordinates": [-94.7551582264881, 45.821407944321]}, "properties": {"CWP_NAME": "GREY EAGLE WWTP", "CWP_STREET": "202 S WOODMAN ST", "CWP_CITY": "GREY EAGLE", "CWP_STATE": "MN", "CWP_ZIP": "56336", "CWP_COUNTY": "Todd", "NPDES_ID": "MN0023566", "REGISTRY_ID": "110008802849", "CWP_FACILITY_TYPE_INDICATOR": "POTW", "CWP_MAJOR_MINOR_STATUS": "Minor", "CWP_PERMIT_STATUS_DESC": "Admin Continued", "STATE_WATER_BODY_NAME": "TRACE", "CWP_CSO_FLAG": "N"}}, {"type": "Feature", "geometry": {"type": "Point", "coordinates": [-94.4757081967914, 45.728607809265]}, "properties": {"CWP_NAME": "HOLDINGFORD", "CWP_STREET": "CITY HALL", "CWP_CITY": "HOLDINGFORD", "CWP_STATE": "MN", "CWP_ZIP": "56340", "CWP_COUNTY": "Stearns", "NPDES_ID": "MN0023710", "REGISTRY_ID": "110039759213", "CWP_FACILITY_TYPE_INDICATOR": "POTW", "CWP_MAJOR_MINOR_STATUS": "Minor", "CWP_PERMIT_STATUS_DESC": "Admin Continued", "STATE_WATER_BODY_NAME": "TWO RIVERS R S BR", "CWP_CSO_FLAG": "N"}}, {"type": "Feature", "geometry": {"type": "Point", "coordinates": [-93.7633080799479, 44.6217077383111]}, "properties": {"CWP_NAME": "BELLE PLAINE WWTP", "CWP_STREET": "22360 UNION TRL", "CWP_CITY": "BELLE PLAINE", "CWP_STATE": "MN", "CWP_ZIP": "56011", "CWP_COUNTY": "Scott", "NPDES_ID": "MN0022772", "REGISTRY_ID": "110009898085", "CWP_FACILITY_TYPE_INDICATOR": "POTW", "CWP_MAJOR_MINOR_STATUS": "Minor", "CWP_PERMIT_STATUS_DESC": "Effective", "STATE_WATER_BODY_NAME": "ROBERT CREEK", "CWP_CSO_FLAG": "N"}}, {"type": "Feature", "geometry": {"type": "Point", "coordinates": [-95.600008294743, 43.8750076006056]}, "properties": {"CWP_NAME": "FULDA", "CWP_STREET": "SEC 26 T105N R40W", "CWP_CITY": "FULDA", "CWP_STATE": "MN", "CWP_ZIP": "56131", "CWP_COUNTY": "Murray", "NPDES_ID": "MN0023507", "REGISTRY_ID": "110008811321", "CWP_FACILITY_TYPE_INDICATOR": "POTW", "CWP_MAJOR_MINOR_STATUS": "Minor", "CWP_PERMIT_STATUS_DESC": "Terminated", "STATE_WATER_BODY_NAME": "DES MOINES R VIA LIME CR", "CWP_CSO_FLAG": "N"}}]}